{
  "data": {
    "x_0": [
      0, 
      0, 
      0, 
      0, 
      0, 
      0, 
      0, 
      0, 
      0, 
      0
    ], 
    "x_0p": [
      0.0, 
      0.0, 
      0.0, 
      0.0, 
      0.0, 
      0.0, 
      0.0, 
      0.0, 
      0.0, 
      0.0
    ], 
    "x_1": [
      3, 
      0, 
      0, 
      0, 
      2, 
      0, 
      0, 
      1, 
      0, 
      0
    ], 
    "x_1p": [
      0.02, 
      0.0, 
      0.0, 
      0.0, 
      0.09999999999999999, 
      0.0, 
      0.0, 
      0.09000000000000001, 
      0.0, 
      0.0
    ], 
    "x_2": [
      56, 
      1, 
      8, 
      5, 
      14, 
      7, 
      12, 
      7, 
      2, 
      0
    ], 
    "x_2p": [
      0.46, 
      0.12, 
      0.73, 
      0.17, 
      0.74, 
      1.0, 
      0.44, 
      0.58, 
      0.33, 
      0.0
    ], 
    "x_3": [
      60, 
      7, 
      3, 
      24, 
      2, 
      0, 
      15, 
      4, 
      4, 
      1
    ], 
    "x_3p": [
      0.5, 
      0.88, 
      0.27, 
      0.8, 
      0.11, 
      0.0, 
      0.56, 
      0.33, 
      0.67, 
      1.0
    ], 
    "x_ges": [
      112, 
      7, 
      10, 
      28, 
      18, 
      7, 
      26, 
      11, 
      4, 
      1
    ], 
    "x_ges_frei": [
      9, 
      1, 
      1, 
      2, 
      1, 
      0, 
      1, 
      1, 
      2, 
      0
    ], 
    "x_no": [
      2, 
      0, 
      0, 
      1, 
      1, 
      0, 
      0, 
      0, 
      0, 
      0
    ], 
    "x_nop": [
      0.02, 
      0.0, 
      0.0, 
      0.03, 
      0.05, 
      0.0, 
      0.0, 
      0.0, 
      0.0, 
      0.0
    ], 
    "y": [
      "<b>\u00d6sterreich</b>", 
      "Burgenland", 
      "K\u00e4rnten", 
      "Nieder\u00f6sterreich", 
      "Ober\u00f6sterreich", 
      "Salzburg", 
      "Steiermark", 
      "Tirol", 
      "Vorarlberg", 
      "Wien"
    ]
  }, 
  "datetime": "01.07.2022"
}
