{
  "data": {
    "x_0": [
      0, 
      0, 
      0, 
      0, 
      0, 
      0, 
      0, 
      0, 
      0, 
      0
    ], 
    "x_0p": [
      0.0, 
      0.0, 
      0.0, 
      0.0, 
      0.0, 
      0.0, 
      0.0, 
      0.0, 
      0.0, 
      0.0
    ], 
    "x_1": [
      10, 
      2, 
      0, 
      1, 
      3, 
      3, 
      1, 
      0, 
      0, 
      0
    ], 
    "x_1p": [
      0.09000000000000001, 
      0.26, 
      0.0, 
      0.04000000000000001, 
      0.16, 
      0.43, 
      0.04, 
      0.0, 
      0.0, 
      0.0
    ], 
    "x_2": [
      98, 
      5, 
      8, 
      26, 
      13, 
      4, 
      23, 
      12, 
      6, 
      1
    ], 
    "x_2p": [
      0.8, 
      0.62, 
      0.73, 
      0.84, 
      0.68, 
      0.57, 
      0.85, 
      1.0, 
      1.0, 
      1.0
    ], 
    "x_3": [
      11, 
      0, 
      3, 
      2, 
      3, 
      0, 
      3, 
      0, 
      0, 
      0
    ], 
    "x_3p": [
      0.09, 
      0.0, 
      0.27, 
      0.06, 
      0.16, 
      0.0, 
      0.11, 
      0.0, 
      0.0, 
      0.0
    ], 
    "x_ges": [
      113, 
      7, 
      10, 
      29, 
      18, 
      7, 
      26, 
      11, 
      4, 
      1
    ], 
    "x_ges_frei": [
      9, 
      1, 
      1, 
      2, 
      1, 
      0, 
      1, 
      1, 
      2, 
      0
    ], 
    "x_no": [
      3, 
      1, 
      0, 
      2, 
      0, 
      0, 
      0, 
      0, 
      0, 
      0
    ], 
    "x_nop": [
      0.02, 
      0.12, 
      0.0, 
      0.06, 
      0.0, 
      0.0, 
      0.0, 
      0.0, 
      0.0, 
      0.0
    ], 
    "y": [
      "<b>\u00d6sterreich</b>", 
      "Burgenland", 
      "K\u00e4rnten", 
      "Nieder\u00f6sterreich", 
      "Ober\u00f6sterreich", 
      "Salzburg", 
      "Steiermark", 
      "Tirol", 
      "Vorarlberg", 
      "Wien"
    ]
  }, 
  "datetime": "31.08.2022"
}
