{
  "data": {
    "x_0": [
      0, 
      0, 
      0, 
      0, 
      0, 
      0, 
      0, 
      0, 
      0, 
      0
    ], 
    "x_0p": [
      0.0, 
      0.0, 
      0.0, 
      0.0, 
      0.0, 
      0.0, 
      0.0, 
      0.0, 
      0.0, 
      0.0
    ], 
    "x_1": [
      2, 
      0, 
      0, 
      0, 
      1, 
      0, 
      1, 
      0, 
      0, 
      0
    ], 
    "x_1p": [
      0.009999999999999992, 
      0.0, 
      0.0, 
      0.0, 
      0.0599999999999999, 
      0.0, 
      0.04, 
      0.0, 
      0.0, 
      0.0
    ], 
    "x_2": [
      69, 
      5, 
      5, 
      11, 
      17, 
      6, 
      13, 
      6, 
      6, 
      0
    ], 
    "x_2p": [
      0.57, 
      0.62, 
      0.45, 
      0.35, 
      0.89, 
      0.86, 
      0.48, 
      0.5, 
      1.0, 
      0.0
    ], 
    "x_3": [
      51, 
      3, 
      6, 
      20, 
      1, 
      1, 
      13, 
      6, 
      0, 
      1
    ], 
    "x_3p": [
      0.42, 
      0.38, 
      0.55, 
      0.65, 
      0.05, 
      0.14, 
      0.48, 
      0.5, 
      0.0, 
      1.0
    ], 
    "x_ges": [
      113, 
      7, 
      10, 
      29, 
      18, 
      7, 
      26, 
      11, 
      4, 
      1
    ], 
    "x_ges_frei": [
      9, 
      1, 
      1, 
      2, 
      1, 
      0, 
      1, 
      1, 
      2, 
      0
    ], 
    "x_no": [
      0, 
      0, 
      0, 
      0, 
      0, 
      0, 
      0, 
      0, 
      0, 
      0
    ], 
    "x_nop": [
      0.0, 
      0.0, 
      0.0, 
      0.0, 
      0.0, 
      0.0, 
      0.0, 
      0.0, 
      0.0, 
      0.0
    ], 
    "y": [
      "<b>\u00d6sterreich</b>", 
      "Burgenland", 
      "K\u00e4rnten", 
      "Nieder\u00f6sterreich", 
      "Ober\u00f6sterreich", 
      "Salzburg", 
      "Steiermark", 
      "Tirol", 
      "Vorarlberg", 
      "Wien"
    ]
  }, 
  "datetime": "02.08.2022"
}
