{
  "data": {
    "x_0": [
      0, 
      0, 
      0, 
      0, 
      0, 
      0, 
      0, 
      0, 
      0, 
      0
    ], 
    "x_0p": [
      0.0, 
      0.0, 
      0.0, 
      0.0, 
      0.0, 
      0.0, 
      0.0, 
      0.0, 
      0.0, 
      0.0
    ], 
    "x_1": [
      2, 
      0, 
      0, 
      0, 
      1, 
      0, 
      1, 
      0, 
      0, 
      0
    ], 
    "x_1p": [
      0.009999999999999992, 
      0.0, 
      0.0, 
      0.0, 
      0.06, 
      0.0, 
      0.04, 
      0.0, 
      0.0, 
      0.0
    ], 
    "x_2": [
      46, 
      6, 
      1, 
      7, 
      13, 
      5, 
      10, 
      1, 
      3, 
      0
    ], 
    "x_2p": [
      0.38, 
      0.75, 
      0.09, 
      0.23, 
      0.72, 
      0.71, 
      0.37, 
      0.09000000000000012, 
      0.5, 
      0.0
    ], 
    "x_3": [
      72, 
      2, 
      10, 
      24, 
      4, 
      2, 
      16, 
      10, 
      3, 
      1
    ], 
    "x_3p": [
      0.6, 
      0.25, 
      0.91, 
      0.77, 
      0.22, 
      0.29, 
      0.59, 
      0.83, 
      0.5, 
      1.0
    ], 
    "x_ges": [
      112, 
      7, 
      10, 
      29, 
      17, 
      7, 
      26, 
      11, 
      4, 
      1
    ], 
    "x_ges_frei": [
      9, 
      1, 
      1, 
      2, 
      1, 
      0, 
      1, 
      1, 
      2, 
      0
    ], 
    "x_no": [
      1, 
      0, 
      0, 
      0, 
      0, 
      0, 
      0, 
      1, 
      0, 
      0
    ], 
    "x_nop": [
      0.01, 
      0.0, 
      0.0, 
      0.0, 
      0.0, 
      0.0, 
      0.0, 
      0.08, 
      0.0, 
      0.0
    ], 
    "y": [
      "<b>\u00d6sterreich</b>", 
      "Burgenland", 
      "K\u00e4rnten", 
      "Nieder\u00f6sterreich", 
      "Ober\u00f6sterreich", 
      "Salzburg", 
      "Steiermark", 
      "Tirol", 
      "Vorarlberg", 
      "Wien"
    ]
  }, 
  "datetime": "25.07.2022"
}
