{
  "data": {
    "x_0": [
      0, 
      0, 
      0, 
      0, 
      0, 
      0, 
      0, 
      0, 
      0, 
      0
    ], 
    "x_0p": [
      0.0, 
      0.0, 
      0.0, 
      0.0, 
      0.0, 
      0.0, 
      0.0, 
      0.0, 
      0.0, 
      0.0
    ], 
    "x_1": [
      3, 
      0, 
      3, 
      0, 
      0, 
      0, 
      0, 
      0, 
      0, 
      0
    ], 
    "x_1p": [
      0.0299999999999999, 
      0.0, 
      0.27, 
      0.0, 
      0.0, 
      0.0, 
      0.0, 
      0.0, 
      0.0, 
      0.0
    ], 
    "x_2": [
      49, 
      0, 
      6, 
      4, 
      12, 
      6, 
      14, 
      7, 
      0, 
      0
    ], 
    "x_2p": [
      0.4, 
      0.0, 
      0.55, 
      0.14, 
      0.63, 
      0.86, 
      0.52, 
      0.5900000000000001, 
      0.0, 
      0.0
    ], 
    "x_3": [
      66, 
      8, 
      2, 
      25, 
      6, 
      1, 
      13, 
      4, 
      6, 
      1
    ], 
    "x_3p": [
      0.55, 
      1.0, 
      0.18, 
      0.83, 
      0.32, 
      0.14, 
      0.48, 
      0.33, 
      1.0, 
      1.0
    ], 
    "x_ges": [
      112, 
      7, 
      10, 
      28, 
      18, 
      7, 
      26, 
      11, 
      4, 
      1
    ], 
    "x_ges_frei": [
      9, 
      1, 
      1, 
      2, 
      1, 
      0, 
      1, 
      1, 
      2, 
      0
    ], 
    "x_no": [
      3, 
      0, 
      0, 
      1, 
      1, 
      0, 
      0, 
      1, 
      0, 
      0
    ], 
    "x_nop": [
      0.02, 
      0.0, 
      0.0, 
      0.03, 
      0.05, 
      0.0, 
      0.0, 
      0.08, 
      0.0, 
      0.0
    ], 
    "y": [
      "<b>\u00d6sterreich</b>", 
      "Burgenland", 
      "K\u00e4rnten", 
      "Nieder\u00f6sterreich", 
      "Ober\u00f6sterreich", 
      "Salzburg", 
      "Steiermark", 
      "Tirol", 
      "Vorarlberg", 
      "Wien"
    ]
  }, 
  "datetime": "28.06.2022"
}
