{
  "data": {
    "x_0": [
      0, 
      0, 
      0, 
      0, 
      0, 
      0, 
      0, 
      0, 
      0, 
      0
    ], 
    "x_0p": [
      0.0, 
      0.0, 
      0.0, 
      0.0, 
      0.0, 
      0.0, 
      0.0, 
      0.0, 
      0.0, 
      0.0
    ], 
    "x_1": [
      1, 
      0, 
      0, 
      0, 
      1, 
      0, 
      0, 
      0, 
      0, 
      0
    ], 
    "x_1p": [
      -8.673617379884035e-18, 
      0.0, 
      0.0, 
      0.0, 
      0.06, 
      0.0, 
      0.0, 
      0.0, 
      0.0, 
      0.0
    ], 
    "x_2": [
      37, 
      2, 
      4, 
      6, 
      13, 
      3, 
      8, 
      1, 
      0, 
      0
    ], 
    "x_2p": [
      0.31, 
      0.25, 
      0.36, 
      0.2, 
      0.72, 
      0.43, 
      0.3, 
      0.09000000000000012, 
      0.0, 
      0.0
    ], 
    "x_3": [
      81, 
      6, 
      7, 
      24, 
      4, 
      4, 
      19, 
      10, 
      6, 
      1
    ], 
    "x_3p": [
      0.67, 
      0.75, 
      0.64, 
      0.77, 
      0.22, 
      0.57, 
      0.7, 
      0.83, 
      1.0, 
      1.0
    ], 
    "x_ges": [
      112, 
      7, 
      10, 
      29, 
      17, 
      7, 
      26, 
      11, 
      4, 
      1
    ], 
    "x_ges_frei": [
      9, 
      1, 
      1, 
      2, 
      1, 
      0, 
      1, 
      1, 
      2, 
      0
    ], 
    "x_no": [
      2, 
      0, 
      0, 
      1, 
      0, 
      0, 
      0, 
      1, 
      0, 
      0
    ], 
    "x_nop": [
      0.02, 
      0.0, 
      0.0, 
      0.03, 
      0.0, 
      0.0, 
      0.0, 
      0.08, 
      0.0, 
      0.0
    ], 
    "y": [
      "<b>\u00d6sterreich</b>", 
      "Burgenland", 
      "K\u00e4rnten", 
      "Nieder\u00f6sterreich", 
      "Ober\u00f6sterreich", 
      "Salzburg", 
      "Steiermark", 
      "Tirol", 
      "Vorarlberg", 
      "Wien"
    ]
  }, 
  "datetime": "15.07.2022"
}
