{
  "data": {
    "x_0": [
      0, 
      0, 
      0, 
      0, 
      0, 
      0, 
      0, 
      0, 
      0, 
      0
    ], 
    "x_0p": [
      0.0, 
      0.0, 
      0.0, 
      0.0, 
      0.0, 
      0.0, 
      0.0, 
      0.0, 
      0.0, 
      0.0
    ], 
    "x_1": [
      3, 
      0, 
      3, 
      0, 
      0, 
      0, 
      0, 
      0, 
      0, 
      0
    ], 
    "x_1p": [
      0.03000000000000001, 
      0.0, 
      0.27, 
      0.0, 
      0.0, 
      0.0, 
      0.0, 
      0.0, 
      0.0, 
      0.0
    ], 
    "x_2": [
      53, 
      4, 
      6, 
      7, 
      12, 
      6, 
      11, 
      7, 
      0, 
      0
    ], 
    "x_2p": [
      0.44, 
      0.5, 
      0.55, 
      0.24000000000000002, 
      0.63, 
      0.86, 
      0.41, 
      0.5900000000000001, 
      0.0, 
      0.0
    ], 
    "x_3": [
      62, 
      4, 
      2, 
      22, 
      6, 
      1, 
      16, 
      4, 
      6, 
      1
    ], 
    "x_3p": [
      0.51, 
      0.5, 
      0.18, 
      0.73, 
      0.32, 
      0.14, 
      0.59, 
      0.33, 
      1.0, 
      1.0
    ], 
    "x_ges": [
      112, 
      7, 
      10, 
      28, 
      18, 
      7, 
      26, 
      11, 
      4, 
      1
    ], 
    "x_ges_frei": [
      9, 
      1, 
      1, 
      2, 
      1, 
      0, 
      1, 
      1, 
      2, 
      0
    ], 
    "x_no": [
      3, 
      0, 
      0, 
      1, 
      1, 
      0, 
      0, 
      1, 
      0, 
      0
    ], 
    "x_nop": [
      0.02, 
      0.0, 
      0.0, 
      0.03, 
      0.05, 
      0.0, 
      0.0, 
      0.08, 
      0.0, 
      0.0
    ], 
    "y": [
      "<b>\u00d6sterreich</b>", 
      "Burgenland", 
      "K\u00e4rnten", 
      "Nieder\u00f6sterreich", 
      "Ober\u00f6sterreich", 
      "Salzburg", 
      "Steiermark", 
      "Tirol", 
      "Vorarlberg", 
      "Wien"
    ]
  }, 
  "datetime": "27.06.2022 20:18"
}
