{
  "data": {
    "x_0": [
      0, 
      0, 
      0, 
      0, 
      0, 
      0, 
      0, 
      0, 
      0, 
      0
    ], 
    "x_0p": [
      0.0, 
      0.0, 
      0.0, 
      0.0, 
      0.0, 
      0.0, 
      0.0, 
      0.0, 
      0.0, 
      0.0
    ], 
    "x_1": [
      2, 
      0, 
      0, 
      0, 
      2, 
      0, 
      0, 
      0, 
      0, 
      0
    ], 
    "x_1p": [
      0.009999999999999992, 
      0.0, 
      0.0, 
      0.0, 
      0.12000000000000001, 
      0.0, 
      0.0, 
      0.0, 
      0.0, 
      0.0
    ], 
    "x_2": [
      29, 
      2, 
      0, 
      7, 
      8, 
      2, 
      8, 
      1, 
      1, 
      0
    ], 
    "x_2p": [
      0.24, 
      0.25, 
      0.0, 
      0.23, 
      0.44, 
      0.29, 
      0.3, 
      0.08, 
      0.17, 
      0.0
    ], 
    "x_3": [
      89, 
      6, 
      11, 
      23, 
      8, 
      5, 
      19, 
      11, 
      5, 
      1
    ], 
    "x_3p": [
      0.74, 
      0.75, 
      1.0, 
      0.74, 
      0.44, 
      0.71, 
      0.7, 
      0.92, 
      0.83, 
      1.0
    ], 
    "x_ges": [
      112, 
      7, 
      10, 
      29, 
      17, 
      7, 
      26, 
      11, 
      4, 
      1
    ], 
    "x_ges_frei": [
      9, 
      1, 
      1, 
      2, 
      1, 
      0, 
      1, 
      1, 
      2, 
      0
    ], 
    "x_no": [
      1, 
      0, 
      0, 
      1, 
      0, 
      0, 
      0, 
      0, 
      0, 
      0
    ], 
    "x_nop": [
      0.01, 
      0.0, 
      0.0, 
      0.03, 
      0.0, 
      0.0, 
      0.0, 
      0.0, 
      0.0, 
      0.0
    ], 
    "y": [
      "<b>\u00d6sterreich</b>", 
      "Burgenland", 
      "K\u00e4rnten", 
      "Nieder\u00f6sterreich", 
      "Ober\u00f6sterreich", 
      "Salzburg", 
      "Steiermark", 
      "Tirol", 
      "Vorarlberg", 
      "Wien"
    ]
  }, 
  "datetime": "15.07.2022 17:36"
}
