{
  "data": {
    "x_0": [
      0, 
      0, 
      0, 
      0, 
      0, 
      0, 
      0, 
      0, 
      0, 
      0
    ], 
    "x_0p": [
      0.0, 
      0.0, 
      0.0, 
      0.0, 
      0.0, 
      0.0, 
      0.0, 
      0.0, 
      0.0, 
      0.0
    ], 
    "x_1": [
      2, 
      0, 
      0, 
      0, 
      1, 
      0, 
      1, 
      0, 
      0, 
      0
    ], 
    "x_1p": [
      0.009999999999999992, 
      0.0, 
      0.0, 
      0.0, 
      0.0599999999999999, 
      0.0, 
      0.029999999999999992, 
      0.0, 
      0.0, 
      0.0
    ], 
    "x_2": [
      73, 
      5, 
      5, 
      11, 
      16, 
      6, 
      18, 
      6, 
      6, 
      0
    ], 
    "x_2p": [
      0.6, 
      0.62, 
      0.45, 
      0.36, 
      0.84, 
      0.86, 
      0.67, 
      0.5, 
      1.0, 
      0.0
    ], 
    "x_3": [
      45, 
      3, 
      6, 
      19, 
      1, 
      1, 
      8, 
      6, 
      0, 
      1
    ], 
    "x_3p": [
      0.37, 
      0.38, 
      0.55, 
      0.61, 
      0.05, 
      0.14, 
      0.3, 
      0.5, 
      0.0, 
      1.0
    ], 
    "x_ges": [
      113, 
      7, 
      10, 
      29, 
      18, 
      7, 
      26, 
      11, 
      4, 
      1
    ], 
    "x_ges_frei": [
      9, 
      1, 
      1, 
      2, 
      1, 
      0, 
      1, 
      1, 
      2, 
      0
    ], 
    "x_no": [
      2, 
      0, 
      0, 
      1, 
      1, 
      0, 
      0, 
      0, 
      0, 
      0
    ], 
    "x_nop": [
      0.02, 
      0.0, 
      0.0, 
      0.03, 
      0.05, 
      0.0, 
      0.0, 
      0.0, 
      0.0, 
      0.0
    ], 
    "y": [
      "<b>\u00d6sterreich</b>", 
      "Burgenland", 
      "K\u00e4rnten", 
      "Nieder\u00f6sterreich", 
      "Ober\u00f6sterreich", 
      "Salzburg", 
      "Steiermark", 
      "Tirol", 
      "Vorarlberg", 
      "Wien"
    ]
  }, 
  "datetime": "04.08.2022"
}
