{
  "data": {
    "x_0": [
      0, 
      0, 
      0, 
      0, 
      0, 
      0, 
      0, 
      0, 
      0, 
      0
    ], 
    "x_0p": [
      0.0, 
      0.0, 
      0.0, 
      0.0, 
      0.0, 
      0.0, 
      0.0, 
      0.0, 
      0.0, 
      0.0
    ], 
    "x_1": [
      2, 
      0, 
      0, 
      0, 
      1, 
      0, 
      0, 
      1, 
      0, 
      0
    ], 
    "x_1p": [
      0.02, 
      0.0, 
      0.0, 
      0.0, 
      0.04999999999999999, 
      0.0, 
      0.0, 
      0.09000000000000001, 
      0.0, 
      0.0
    ], 
    "x_2": [
      41, 
      1, 
      7, 
      4, 
      12, 
      4, 
      9, 
      4, 
      0, 
      0
    ], 
    "x_2p": [
      0.34, 
      0.12, 
      0.64, 
      0.13, 
      0.67, 
      0.57, 
      0.33, 
      0.33, 
      0.0, 
      0.0
    ], 
    "x_3": [
      75, 
      7, 
      4, 
      24, 
      5, 
      3, 
      18, 
      7, 
      6, 
      1
    ], 
    "x_3p": [
      0.62, 
      0.88, 
      0.36, 
      0.8, 
      0.28, 
      0.43, 
      0.67, 
      0.58, 
      1.0, 
      1.0
    ], 
    "x_ges": [
      111, 
      7, 
      10, 
      28, 
      17, 
      7, 
      26, 
      11, 
      4, 
      1
    ], 
    "x_ges_frei": [
      9, 
      1, 
      1, 
      2, 
      1, 
      0, 
      1, 
      1, 
      2, 
      0
    ], 
    "x_no": [
      2, 
      0, 
      0, 
      2, 
      0, 
      0, 
      0, 
      0, 
      0, 
      0
    ], 
    "x_nop": [
      0.02, 
      0.0, 
      0.0, 
      0.07, 
      0.0, 
      0.0, 
      0.0, 
      0.0, 
      0.0, 
      0.0
    ], 
    "y": [
      "<b>\u00d6sterreich</b>", 
      "Burgenland", 
      "K\u00e4rnten", 
      "Nieder\u00f6sterreich", 
      "Ober\u00f6sterreich", 
      "Salzburg", 
      "Steiermark", 
      "Tirol", 
      "Vorarlberg", 
      "Wien"
    ]
  }, 
  "datetime": "08.07.2022"
}
