{
  "data": {
    "x_0": [
      0, 
      0, 
      0, 
      0, 
      0, 
      0, 
      0, 
      0, 
      0, 
      0
    ], 
    "x_0p": [
      0.0, 
      0.0, 
      0.0, 
      0.0, 
      0.0, 
      0.0, 
      0.0, 
      0.0, 
      0.0, 
      0.0
    ], 
    "x_1": [
      10, 
      0, 
      0, 
      2, 
      3, 
      2, 
      2, 
      0, 
      1, 
      0
    ], 
    "x_1p": [
      0.08, 
      0.0, 
      0.0, 
      0.06999999999999978, 
      0.15, 
      0.2900000000000001, 
      0.07, 
      0.0, 
      0.17, 
      0.0
    ], 
    "x_2": [
      83, 
      6, 
      8, 
      17, 
      6, 
      4, 
      24, 
      12, 
      5, 
      1
    ], 
    "x_2p": [
      0.68, 
      0.75, 
      0.73, 
      0.55, 
      0.32, 
      0.57, 
      0.89, 
      1.0, 
      0.83, 
      1.0
    ], 
    "x_3": [
      27, 
      2, 
      3, 
      10, 
      10, 
      1, 
      1, 
      0, 
      0, 
      0
    ], 
    "x_3p": [
      0.22, 
      0.25, 
      0.27, 
      0.32, 
      0.53, 
      0.14, 
      0.04, 
      0.0, 
      0.0, 
      0.0
    ], 
    "x_ges": [
      113, 
      7, 
      10, 
      29, 
      18, 
      7, 
      26, 
      11, 
      4, 
      1
    ], 
    "x_ges_frei": [
      9, 
      1, 
      1, 
      2, 
      1, 
      0, 
      1, 
      1, 
      2, 
      0
    ], 
    "x_no": [
      2, 
      0, 
      0, 
      2, 
      0, 
      0, 
      0, 
      0, 
      0, 
      0
    ], 
    "x_nop": [
      0.02, 
      0.0, 
      0.0, 
      0.06, 
      0.0, 
      0.0, 
      0.0, 
      0.0, 
      0.0, 
      0.0
    ], 
    "y": [
      "<b>\u00d6sterreich</b>", 
      "Burgenland", 
      "K\u00e4rnten", 
      "Nieder\u00f6sterreich", 
      "Ober\u00f6sterreich", 
      "Salzburg", 
      "Steiermark", 
      "Tirol", 
      "Vorarlberg", 
      "Wien"
    ]
  }, 
  "datetime": "25.08.2022"
}
