{
  "data": {
    "x_0": [
      0, 
      0, 
      0, 
      0, 
      0, 
      0, 
      0, 
      0, 
      0, 
      0
    ], 
    "x_0p": [
      0.0, 
      0.0, 
      0.0, 
      0.0, 
      0.0, 
      0.0, 
      0.0, 
      0.0, 
      0.0, 
      0.0
    ], 
    "x_1": [
      2, 
      0, 
      0, 
      0, 
      1, 
      0, 
      1, 
      0, 
      0, 
      0
    ], 
    "x_1p": [
      0.009999999999999992, 
      0.0, 
      0.0, 
      0.0, 
      0.04999999999999999, 
      0.0, 
      0.029999999999999992, 
      0.0, 
      0.0, 
      0.0
    ], 
    "x_2": [
      43, 
      6, 
      1, 
      8, 
      12, 
      4, 
      8, 
      1, 
      3, 
      0
    ], 
    "x_2p": [
      0.36, 
      0.75, 
      0.09, 
      0.26, 
      0.67, 
      0.57, 
      0.3, 
      0.08, 
      0.5, 
      0.0
    ], 
    "x_3": [
      75, 
      2, 
      10, 
      22, 
      5, 
      3, 
      18, 
      11, 
      3, 
      1
    ], 
    "x_3p": [
      0.62, 
      0.25, 
      0.91, 
      0.71, 
      0.28, 
      0.43, 
      0.67, 
      0.92, 
      0.5, 
      1.0
    ], 
    "x_ges": [
      112, 
      7, 
      10, 
      29, 
      17, 
      7, 
      26, 
      11, 
      4, 
      1
    ], 
    "x_ges_frei": [
      9, 
      1, 
      1, 
      2, 
      1, 
      0, 
      1, 
      1, 
      2, 
      0
    ], 
    "x_no": [
      1, 
      0, 
      0, 
      1, 
      0, 
      0, 
      0, 
      0, 
      0, 
      0
    ], 
    "x_nop": [
      0.01, 
      0.0, 
      0.0, 
      0.03, 
      0.0, 
      0.0, 
      0.0, 
      0.0, 
      0.0, 
      0.0
    ], 
    "y": [
      "<b>\u00d6sterreich</b>", 
      "Burgenland", 
      "K\u00e4rnten", 
      "Nieder\u00f6sterreich", 
      "Ober\u00f6sterreich", 
      "Salzburg", 
      "Steiermark", 
      "Tirol", 
      "Vorarlberg", 
      "Wien"
    ]
  }, 
  "datetime": "21.07.2022"
}
