{
  "data": {
    "x_0": [
      0, 
      0, 
      0, 
      0, 
      0, 
      0, 
      0, 
      0, 
      0, 
      0
    ], 
    "x_0p": [
      0.0, 
      0.0, 
      0.0, 
      0.0, 
      0.0, 
      0.0, 
      0.0, 
      0.0, 
      0.0, 
      0.0
    ], 
    "x_1": [
      8, 
      0, 
      0, 
      2, 
      2, 
      2, 
      2, 
      0, 
      0, 
      0
    ], 
    "x_1p": [
      0.06, 
      0.0, 
      0.0, 
      0.07000000000000012, 
      0.11, 
      0.29, 
      0.08000000000000002, 
      0.0, 
      0.0, 
      0.0
    ], 
    "x_2": [
      78, 
      6, 
      8, 
      18, 
      5, 
      5, 
      19, 
      10, 
      6, 
      1
    ], 
    "x_2p": [
      0.64, 
      0.75, 
      0.73, 
      0.58, 
      0.26, 
      0.71, 
      0.7, 
      0.8400000000000001, 
      1.0, 
      1.0
    ], 
    "x_3": [
      35, 
      2, 
      3, 
      11, 
      12, 
      0, 
      6, 
      1, 
      0, 
      0
    ], 
    "x_3p": [
      0.29, 
      0.25, 
      0.27, 
      0.35, 
      0.63, 
      0.0, 
      0.22, 
      0.08, 
      0.0, 
      0.0
    ], 
    "x_ges": [
      113, 
      7, 
      10, 
      29, 
      18, 
      7, 
      26, 
      11, 
      4, 
      1
    ], 
    "x_ges_frei": [
      9, 
      1, 
      1, 
      2, 
      1, 
      0, 
      1, 
      1, 
      2, 
      0
    ], 
    "x_no": [
      1, 
      0, 
      0, 
      0, 
      0, 
      0, 
      0, 
      1, 
      0, 
      0
    ], 
    "x_nop": [
      0.01, 
      0.0, 
      0.0, 
      0.0, 
      0.0, 
      0.0, 
      0.0, 
      0.08, 
      0.0, 
      0.0
    ], 
    "y": [
      "<b>\u00d6sterreich</b>", 
      "Burgenland", 
      "K\u00e4rnten", 
      "Nieder\u00f6sterreich", 
      "Ober\u00f6sterreich", 
      "Salzburg", 
      "Steiermark", 
      "Tirol", 
      "Vorarlberg", 
      "Wien"
    ]
  }, 
  "datetime": "23.08.2022"
}
