{
  "data": {
    "x_0": [
      0, 
      0, 
      0, 
      0, 
      0, 
      0, 
      0, 
      0, 
      0, 
      0
    ], 
    "x_0p": [
      0.0, 
      0.0, 
      0.0, 
      0.0, 
      0.0, 
      0.0, 
      0.0, 
      0.0, 
      0.0, 
      0.0
    ], 
    "x_1": [
      19, 
      2, 
      9, 
      0, 
      3, 
      1, 
      2, 
      2, 
      0, 
      0
    ], 
    "x_1p": [
      0.17, 
      0.25, 
      0.82, 
      0.0, 
      0.16, 
      0.14, 
      0.08000000000000002, 
      0.16, 
      0.0, 
      0.0
    ], 
    "x_2": [
      73, 
      4, 
      2, 
      14, 
      14, 
      6, 
      19, 
      8, 
      5, 
      1
    ], 
    "x_2p": [
      0.6, 
      0.5, 
      0.18, 
      0.45999999999999996, 
      0.74, 
      0.86, 
      0.7, 
      0.67, 
      0.83, 
      1.0
    ], 
    "x_3": [
      26, 
      2, 
      0, 
      14, 
      1, 
      0, 
      6, 
      2, 
      1, 
      0
    ], 
    "x_3p": [
      0.21, 
      0.25, 
      0.0, 
      0.47, 
      0.05, 
      0.0, 
      0.22, 
      0.17, 
      0.17, 
      0.0
    ], 
    "x_ges": [
      112, 
      7, 
      10, 
      28, 
      18, 
      7, 
      26, 
      11, 
      4, 
      1
    ], 
    "x_ges_frei": [
      9, 
      1, 
      1, 
      2, 
      1, 
      0, 
      1, 
      1, 
      2, 
      0
    ], 
    "x_no": [
      3, 
      0, 
      0, 
      2, 
      1, 
      0, 
      0, 
      0, 
      0, 
      0
    ], 
    "x_nop": [
      0.02, 
      0.0, 
      0.0, 
      0.07, 
      0.05, 
      0.0, 
      0.0, 
      0.0, 
      0.0, 
      0.0
    ], 
    "y": [
      "<b>\u00d6sterreich</b>", 
      "Burgenland", 
      "K\u00e4rnten", 
      "Nieder\u00f6sterreich", 
      "Ober\u00f6sterreich", 
      "Salzburg", 
      "Steiermark", 
      "Tirol", 
      "Vorarlberg", 
      "Wien"
    ]
  }, 
  "datetime": "20.06.2022 18:07"
}
