{
  "data": {
    "x_0": [
      0, 
      0, 
      0, 
      0, 
      0, 
      0, 
      0, 
      0, 
      0, 
      0
    ], 
    "x_0p": [
      0.0, 
      0.0, 
      0.0, 
      0.0, 
      0.0, 
      0.0, 
      0.0, 
      0.0, 
      0.0, 
      0.0
    ], 
    "x_1": [
      2, 
      0, 
      0, 
      0, 
      1, 
      0, 
      1, 
      0, 
      0, 
      0
    ], 
    "x_1p": [
      0.009999999999999992, 
      0.0, 
      0.0, 
      0.0, 
      0.0599999999999999, 
      0.0, 
      0.04, 
      0.0, 
      0.0, 
      0.0
    ], 
    "x_2": [
      49, 
      6, 
      1, 
      7, 
      13, 
      5, 
      13, 
      1, 
      3, 
      0
    ], 
    "x_2p": [
      0.4, 
      0.75, 
      0.09, 
      0.23, 
      0.68, 
      0.71, 
      0.48, 
      0.09000000000000012, 
      0.5, 
      0.0
    ], 
    "x_3": [
      69, 
      2, 
      10, 
      24, 
      4, 
      2, 
      13, 
      10, 
      3, 
      1
    ], 
    "x_3p": [
      0.57, 
      0.25, 
      0.91, 
      0.77, 
      0.21, 
      0.29, 
      0.48, 
      0.83, 
      0.5, 
      1.0
    ], 
    "x_ges": [
      113, 
      7, 
      10, 
      29, 
      18, 
      7, 
      26, 
      11, 
      4, 
      1
    ], 
    "x_ges_frei": [
      9, 
      1, 
      1, 
      2, 
      1, 
      0, 
      1, 
      1, 
      2, 
      0
    ], 
    "x_no": [
      2, 
      0, 
      0, 
      0, 
      1, 
      0, 
      0, 
      1, 
      0, 
      0
    ], 
    "x_nop": [
      0.02, 
      0.0, 
      0.0, 
      0.0, 
      0.05, 
      0.0, 
      0.0, 
      0.08, 
      0.0, 
      0.0
    ], 
    "y": [
      "<b>\u00d6sterreich</b>", 
      "Burgenland", 
      "K\u00e4rnten", 
      "Nieder\u00f6sterreich", 
      "Ober\u00f6sterreich", 
      "Salzburg", 
      "Steiermark", 
      "Tirol", 
      "Vorarlberg", 
      "Wien"
    ]
  }, 
  "datetime": "26.07.2022"
}
