{
  "data": {
    "x_0": [
      0, 
      0, 
      0, 
      0, 
      0, 
      0, 
      0, 
      0, 
      0, 
      0
    ], 
    "x_0p": [
      0.0, 
      0.0, 
      0.0, 
      0.0, 
      0.0, 
      0.0, 
      0.0, 
      0.0, 
      0.0, 
      0.0
    ], 
    "x_1": [
      27, 
      2, 
      9, 
      0, 
      9, 
      2, 
      2, 
      3, 
      0, 
      0
    ], 
    "x_1p": [
      0.22, 
      0.25, 
      0.82, 
      0.0, 
      0.48, 
      0.2900000000000001, 
      0.07, 
      0.25, 
      0.0, 
      0.0
    ], 
    "x_2": [
      72, 
      4, 
      2, 
      17, 
      9, 
      4, 
      21, 
      9, 
      5, 
      1
    ], 
    "x_2p": [
      0.6, 
      0.5, 
      0.18, 
      0.5599999999999999, 
      0.47, 
      0.57, 
      0.78, 
      0.75, 
      0.83, 
      1.0
    ], 
    "x_3": [
      19, 
      2, 
      0, 
      11, 
      0, 
      1, 
      4, 
      0, 
      1, 
      0
    ], 
    "x_3p": [
      0.16, 
      0.25, 
      0.0, 
      0.37, 
      0.0, 
      0.14, 
      0.15, 
      0.0, 
      0.17, 
      0.0
    ], 
    "x_ges": [
      112, 
      7, 
      10, 
      28, 
      18, 
      7, 
      26, 
      11, 
      4, 
      1
    ], 
    "x_ges_frei": [
      9, 
      1, 
      1, 
      2, 
      1, 
      0, 
      1, 
      1, 
      2, 
      0
    ], 
    "x_no": [
      3, 
      0, 
      0, 
      2, 
      1, 
      0, 
      0, 
      0, 
      0, 
      0
    ], 
    "x_nop": [
      0.02, 
      0.0, 
      0.0, 
      0.07, 
      0.05, 
      0.0, 
      0.0, 
      0.0, 
      0.0, 
      0.0
    ], 
    "y": [
      "<b>\u00d6sterreich</b>", 
      "Burgenland", 
      "K\u00e4rnten", 
      "Nieder\u00f6sterreich", 
      "Ober\u00f6sterreich", 
      "Salzburg", 
      "Steiermark", 
      "Tirol", 
      "Vorarlberg", 
      "Wien"
    ]
  }, 
  "datetime": "15.06.2022 23:06"
}
