{
  "data": {
    "x_0": [
      0, 
      0, 
      0, 
      0, 
      0, 
      0, 
      0, 
      0, 
      0, 
      0
    ], 
    "x_0p": [
      0.0, 
      0.0, 
      0.0, 
      0.0, 
      0.0, 
      0.0, 
      0.0, 
      0.0, 
      0.0, 
      0.0
    ], 
    "x_1": [
      28, 
      2, 
      7, 
      0, 
      10, 
      1, 
      1, 
      6, 
      1, 
      0
    ], 
    "x_1p": [
      0.23, 
      0.26, 
      0.64, 
      0.0, 
      0.53, 
      0.15000000000000002, 
      0.04, 
      0.5000000000000001, 
      0.17, 
      0.0
    ], 
    "x_2": [
      61, 
      5, 
      3, 
      17, 
      8, 
      5, 
      12, 
      5, 
      5, 
      1
    ], 
    "x_2p": [
      0.5, 
      0.62, 
      0.27, 
      0.57, 
      0.42, 
      0.71, 
      0.44, 
      0.42, 
      0.83, 
      1.0
    ], 
    "x_3": [
      30, 
      1, 
      1, 
      13, 
      0, 
      1, 
      14, 
      0, 
      0, 
      0
    ], 
    "x_3p": [
      0.25, 
      0.12, 
      0.09, 
      0.43, 
      0.0, 
      0.14, 
      0.52, 
      0.0, 
      0.0, 
      0.0
    ], 
    "x_ges": [
      112, 
      7, 
      10, 
      28, 
      18, 
      7, 
      26, 
      11, 
      4, 
      1
    ], 
    "x_ges_frei": [
      9, 
      1, 
      1, 
      2, 
      1, 
      0, 
      1, 
      1, 
      2, 
      0
    ], 
    "x_no": [
      2, 
      0, 
      0, 
      0, 
      1, 
      0, 
      0, 
      1, 
      0, 
      0
    ], 
    "x_nop": [
      0.02, 
      0.0, 
      0.0, 
      0.0, 
      0.05, 
      0.0, 
      0.0, 
      0.08, 
      0.0, 
      0.0
    ], 
    "y": [
      "<b>\u00d6sterreich</b>", 
      "Burgenland", 
      "K\u00e4rnten", 
      "Nieder\u00f6sterreich", 
      "Ober\u00f6sterreich", 
      "Salzburg", 
      "Steiermark", 
      "Tirol", 
      "Vorarlberg", 
      "Wien"
    ]
  }, 
  "datetime": "11.06.2022 00:04"
}
