Gruppe;Datum;Genkopien pro EW / Tag * 10^6
Vorarlberg;2022-09-01;83.36
Vorarlberg;2022-09-02;84.34
Vorarlberg;2022-09-03;85.19
Vorarlberg;2022-09-04;82.31
Vorarlberg;2022-09-05;83.12
Vorarlberg;2022-09-06;84.14
Vorarlberg;2022-09-07;85.41
Vorarlberg;2022-09-08;86.9
Vorarlberg;2022-09-09;88.67
Vorarlberg;2022-09-10;90.68
Vorarlberg;2022-09-11;93.06
Vorarlberg;2022-09-12;96.0
Vorarlberg;2022-09-13;99.46
Vorarlberg;2022-09-14;103.63
Vorarlberg;2022-09-15;108.33
Vorarlberg;2022-09-16;113.37
Vorarlberg;2022-09-17;118.63
Vorarlberg;2022-09-18;123.84
Vorarlberg;2022-09-19;129.03
Vorarlberg;2022-09-20;134.12
Vorarlberg;2022-09-21;139.26
Vorarlberg;2022-09-22;144.47
Vorarlberg;2022-09-23;149.89
Vorarlberg;2022-09-24;155.54
Vorarlberg;2022-09-25;161.69
Vorarlberg;2022-09-26;168.43
Vorarlberg;2022-09-27;175.74
Vorarlberg;2022-09-28;183.58
Vorarlberg;2022-09-29;191.69
Vorarlberg;2022-09-30;199.74
Vorarlberg;2022-10-01;207.23
Vorarlberg;2022-10-02;213.87
Vorarlberg;2022-10-03;219.4
Vorarlberg;2022-10-04;223.72
Vorarlberg;2022-10-05;226.86
Vorarlberg;2022-10-06;228.79
Vorarlberg;2022-10-07;229.41
Vorarlberg;2022-10-08;228.6
Vorarlberg;2022-10-09;226.18
Vorarlberg;2022-10-10;222.15
Vorarlberg;2022-10-11;216.64
Vorarlberg;2022-10-12;210.06
Vorarlberg;2022-10-13;202.72
Vorarlberg;2022-10-14;194.82
Vorarlberg;2022-10-15;186.59
Vorarlberg;2022-10-16;178.21
Vorarlberg;2022-10-17;169.79
Vorarlberg;2022-10-18;161.52
Vorarlberg;2022-10-19;153.56
Vorarlberg;2022-10-20;145.81
Vorarlberg;2022-10-21;138.34
Vorarlberg;2022-10-22;131.22
Vorarlberg;2022-10-23;124.44
Vorarlberg;2022-10-24;118.14
Vorarlberg;2022-10-25;112.37
Vorarlberg;2022-10-26;107.04
Vorarlberg;2022-10-27;102.14
Vorarlberg;2022-10-28;97.62
Vorarlberg;2022-10-29;93.39
Vorarlberg;2022-10-30;89.52
Vorarlberg;2022-10-31;85.93
Vorarlberg;2022-11-01;82.72
Vorarlberg;2022-11-02;79.9
Vorarlberg;2022-11-03;77.49
Vorarlberg;2022-11-04;75.51
Vorarlberg;2022-11-05;73.99
Vorarlberg;2022-11-06;73.1
Vorarlberg;2022-11-07;72.88
Vorarlberg;2022-11-08;73.46
Vorarlberg;2022-11-09;74.81
Vorarlberg;2022-11-10;76.81
Vorarlberg;2022-11-11;79.39
Vorarlberg;2022-11-12;82.38
Vorarlberg;2022-11-13;85.77
Vorarlberg;2022-11-14;89.5
Vorarlberg;2022-11-15;93.54
Vorarlberg;2022-11-16;97.83
Vorarlberg;2022-11-17;102.3
Vorarlberg;2022-11-18;106.79
Vorarlberg;2022-11-19;111.28
Vorarlberg;2022-11-20;115.66
Vorarlberg;2022-11-21;120.0
Vorarlberg;2022-11-22;124.29
Vorarlberg;2022-11-23;128.6
Vorarlberg;2022-11-24;132.89
Vorarlberg;2022-11-25;137.2
Vorarlberg;2022-11-26;141.52
Vorarlberg;2022-11-27;145.79
Vorarlberg;2022-11-28;149.94
Vorarlberg;2022-11-29;153.83
Vorarlberg;2022-11-30;157.35
Vorarlberg;2022-12-01;160.43
Vorarlberg;2022-12-02;163.18
Vorarlberg;2022-12-03;165.71
Vorarlberg;2022-12-04;168.19
Vorarlberg;2022-12-05;170.67
Vorarlberg;2022-12-06;173.32
Vorarlberg;2022-12-07;176.11
Vorarlberg;2022-12-08;178.95
Vorarlberg;2022-12-09;181.73
Vorarlberg;2022-12-10;184.24
Vorarlberg;2022-12-11;186.33
Vorarlberg;2022-12-12;188.04
Vorarlberg;2022-12-13;189.53
Vorarlberg;2022-12-14;191.05
Vorarlberg;2022-12-15;192.67
Vorarlberg;2022-12-16;194.4
Vorarlberg;2022-12-17;196.14
Vorarlberg;2022-12-18;197.64
Vorarlberg;2022-12-19;198.74
Vorarlberg;2022-12-20;199.25
Vorarlberg;2022-12-21;198.9
Vorarlberg;2022-12-22;197.71
Vorarlberg;2022-12-23;195.71
Vorarlberg;2022-12-24;193.01
Vorarlberg;2022-12-25;189.69
Vorarlberg;2022-12-26;185.8
Vorarlberg;2022-12-27;181.29
Vorarlberg;2022-12-28;176.21
Vorarlberg;2022-12-29;170.64
Vorarlberg;2022-12-30;164.71
Vorarlberg;2022-12-31;158.5
Vorarlberg;2023-01-01;152.01
Vorarlberg;2023-01-02;145.44
Vorarlberg;2023-01-03;138.82
Vorarlberg;2023-01-04;132.43
Vorarlberg;2023-01-05;126.29
Vorarlberg;2023-01-06;120.53
Vorarlberg;2023-01-07;115.2
Vorarlberg;2023-01-08;110.4
Vorarlberg;2023-01-09;106.16
Vorarlberg;2023-01-10;102.53
Vorarlberg;2023-01-11;99.38
Vorarlberg;2023-01-12;96.64
Vorarlberg;2023-01-13;94.29
Vorarlberg;2023-01-14;92.34
Vorarlberg;2023-01-15;91.01
Vorarlberg;2023-01-16;90.3
Vorarlberg;2023-01-17;90.26
Vorarlberg;2023-01-18;90.87
Vorarlberg;2023-01-19;92.1
Vorarlberg;2023-01-20;93.84
Vorarlberg;2023-01-21;96.09
Vorarlberg;2023-01-22;98.85
Vorarlberg;2023-01-23;102.25
Vorarlberg;2023-01-24;106.31
Vorarlberg;2023-01-25;111.13
Vorarlberg;2023-01-26;116.56
Vorarlberg;2023-01-27;122.59
Vorarlberg;2023-01-28;129.24
Vorarlberg;2023-01-29;136.52
Vorarlberg;2023-01-30;144.53
Vorarlberg;2023-01-31;153.26
Vorarlberg;2023-02-01;162.76
Vorarlberg;2023-02-02;172.72
Vorarlberg;2023-02-03;182.92
Vorarlberg;2023-02-04;193.11
Vorarlberg;2023-02-05;203.02
Vorarlberg;2023-02-06;212.48
Vorarlberg;2023-02-07;221.24
Vorarlberg;2023-02-08;229.2
Vorarlberg;2023-02-09;236.31
Vorarlberg;2023-02-10;242.74
Vorarlberg;2023-02-11;248.61
Vorarlberg;2023-02-12;254.0
Vorarlberg;2023-02-13;258.85
Vorarlberg;2023-02-14;263.07
Vorarlberg;2023-02-15;266.37
Vorarlberg;2023-02-16;268.66
Vorarlberg;2023-02-17;270.09
Vorarlberg;2023-02-18;270.97
Vorarlberg;2023-02-19;271.7
Vorarlberg;2023-02-20;272.51
Vorarlberg;2023-02-21;273.71
Vorarlberg;2023-02-22;275.26
Vorarlberg;2023-02-23;276.91
Vorarlberg;2023-02-24;278.3
Vorarlberg;2023-02-25;278.98
Vorarlberg;2023-02-26;278.65
Vorarlberg;2023-02-27;277.05
Vorarlberg;2023-02-28;274.18
Vorarlberg;2023-03-01;270.2
Vorarlberg;2023-03-02;265.34
Vorarlberg;2023-03-03;259.9
Vorarlberg;2023-03-04;254.27
Vorarlberg;2023-03-05;248.8
Vorarlberg;2023-03-06;243.78
Vorarlberg;2023-03-07;239.37
Vorarlberg;2023-03-08;235.55
Vorarlberg;2023-03-09;232.04
Vorarlberg;2023-03-10;228.67
Vorarlberg;2023-03-11;225.01
Vorarlberg;2023-03-12;220.89
Vorarlberg;2023-03-13;216.04
Vorarlberg;2023-03-14;210.31
Vorarlberg;2023-03-15;203.86
Vorarlberg;2023-03-16;196.86
Vorarlberg;2023-03-17;189.67
Vorarlberg;2023-03-18;182.4
Vorarlberg;2023-03-19;175.2
Vorarlberg;2023-03-20;168.16
Vorarlberg;2023-03-21;161.13
Vorarlberg;2023-03-22;153.99
Vorarlberg;2023-03-23;146.61
Vorarlberg;2023-03-24;138.98
Vorarlberg;2023-03-25;131.35
Vorarlberg;2023-03-26;123.92
Vorarlberg;2023-03-27;116.99
Vorarlberg;2023-03-28;110.74
Vorarlberg;2023-03-29;105.13
Vorarlberg;2023-03-30;100.16
Vorarlberg;2023-03-31;95.74
Vorarlberg;2023-04-01;91.76
Vorarlberg;2023-04-02;88.27
Vorarlberg;2023-04-03;85.26
Vorarlberg;2023-04-04;82.61
Vorarlberg;2023-04-05;80.29
Vorarlberg;2023-04-06;78.07
Vorarlberg;2023-04-07;75.89
Vorarlberg;2023-04-08;73.7
Vorarlberg;2023-04-09;71.44
Vorarlberg;2023-04-10;69.11
Vorarlberg;2023-04-11;66.59
Vorarlberg;2023-04-12;63.82
Vorarlberg;2023-04-13;60.89
Vorarlberg;2023-04-14;57.83
Vorarlberg;2023-04-15;54.84
Vorarlberg;2023-04-16;52.02
Vorarlberg;2023-04-17;49.46
Vorarlberg;2023-04-18;47.19
Vorarlberg;2023-04-19;45.2
Vorarlberg;2023-04-20;43.43
Vorarlberg;2023-04-21;41.77
Vorarlberg;2023-04-22;40.22
Vorarlberg;2023-04-23;38.73
Vorarlberg;2023-04-24;37.33
Vorarlberg;2023-04-25;35.93
Vorarlberg;2023-04-26;34.56
Vorarlberg;2023-04-27;33.18
Vorarlberg;2023-04-28;31.72
Vorarlberg;2023-04-29;30.28
Vorarlberg;2023-04-30;28.87
Vorarlberg;2023-05-01;27.55
Vorarlberg;2023-05-02;26.38
Vorarlberg;2023-05-03;25.36
Vorarlberg;2023-05-04;24.46
Vorarlberg;2023-05-05;23.78
Vorarlberg;2023-05-06;23.23
Vorarlberg;2023-05-07;22.83
Vorarlberg;2023-05-08;22.62
Vorarlberg;2023-05-09;22.55
Vorarlberg;2023-05-10;22.59
Vorarlberg;2023-05-11;22.77
Vorarlberg;2023-05-12;23.0
Vorarlberg;2023-05-13;23.36
Vorarlberg;2023-05-14;23.77
Vorarlberg;2023-05-15;24.27
Vorarlberg;2023-05-16;24.83
Vorarlberg;2023-05-17;25.33
Vorarlberg;2023-05-18;25.83
Vorarlberg;2023-05-19;26.18
Vorarlberg;2023-05-20;26.41
Vorarlberg;2023-05-21;26.41
Vorarlberg;2023-05-22;26.11
Vorarlberg;2023-05-23;25.54
Vorarlberg;2023-05-24;24.77
Vorarlberg;2023-05-25;23.85
Vorarlberg;2023-05-26;22.86
Vorarlberg;2023-05-27;21.79
Vorarlberg;2023-05-28;20.66
Vorarlberg;2023-05-29;19.53
Vorarlberg;2023-05-30;18.41
Vorarlberg;2023-05-31;17.3
Vorarlberg;2023-06-01;16.2
Vorarlberg;2023-06-02;15.18
Vorarlberg;2023-06-03;14.18
Vorarlberg;2023-06-04;13.25
Vorarlberg;2023-06-05;12.33
Vorarlberg;2023-06-06;11.56
Vorarlberg;2023-06-07;10.83
Vorarlberg;2023-06-08;10.14
Vorarlberg;2023-06-09;9.5
Vorarlberg;2023-06-10;8.89
Vorarlberg;2023-06-11;8.34
Vorarlberg;2023-06-12;7.89
Vorarlberg;2023-06-13;7.46
Vorarlberg;2023-06-14;7.12
Vorarlberg;2023-06-15;6.76
Vorarlberg;2023-06-16;6.49
Vorarlberg;2023-06-17;6.21
Vorarlberg;2023-06-18;5.93
Vorarlberg;2023-06-19;5.67
Vorarlberg;2023-06-20;5.4
Vorarlberg;2023-06-21;5.12
Vorarlberg;2023-06-22;4.83
Vorarlberg;2023-06-23;4.61
Vorarlberg;2023-06-24;4.41
Vorarlberg;2023-06-25;4.22
Vorarlberg;2023-06-26;4.11
Vorarlberg;2023-06-27;4.05
Vorarlberg;2023-06-28;4.06
Vorarlberg;2023-06-29;4.1
Vorarlberg;2023-06-30;4.22
Vorarlberg;2023-07-01;4.37
Vorarlberg;2023-07-02;4.59
Vorarlberg;2023-07-03;4.83
Vorarlberg;2023-07-04;5.1
Vorarlberg;2023-07-05;5.41
Vorarlberg;2023-07-06;5.74
Vorarlberg;2023-07-07;6.11
Vorarlberg;2023-07-08;6.47
Vorarlberg;2023-07-09;6.84
Vorarlberg;2023-07-10;7.21
Vorarlberg;2023-07-11;7.5
Vorarlberg;2023-07-12;7.75
Vorarlberg;2023-07-13;7.94
Vorarlberg;2023-07-14;8.1
Vorarlberg;2023-07-15;8.24
Vorarlberg;2023-07-16;8.42
Vorarlberg;2023-07-17;8.69
Vorarlberg;2023-07-18;9.07
Vorarlberg;2023-07-19;9.55
Vorarlberg;2023-07-20;10.16
Vorarlberg;2023-07-21;10.85
Vorarlberg;2023-07-22;11.69
Vorarlberg;2023-07-23;12.65
Vorarlberg;2023-07-24;13.77
Vorarlberg;2023-07-25;15.09
Vorarlberg;2023-07-26;16.52
Vorarlberg;2023-07-27;18.06
Vorarlberg;2023-07-28;19.73
Vorarlberg;2023-07-29;21.55
Vorarlberg;2023-07-30;23.46
Vorarlberg;2023-07-31;25.54
Vorarlberg;2023-08-01;27.72
Vorarlberg;2023-08-02;29.96
Vorarlberg;2023-08-03;32.26
Vorarlberg;2023-08-04;34.56
Vorarlberg;2023-08-05;36.84
Vorarlberg;2023-08-06;39.11
Vorarlberg;2023-08-07;41.41
Vorarlberg;2023-08-08;43.56
Vorarlberg;2023-08-09;45.58
Vorarlberg;2023-08-10;47.34
Vorarlberg;2023-08-11;48.8
Vorarlberg;2023-08-12;49.95
Vorarlberg;2023-08-13;50.76
Vorarlberg;2023-08-14;51.16
Vorarlberg;2023-08-15;51.14
Vorarlberg;2023-08-16;50.76
Vorarlberg;2023-08-17;50.04
Vorarlberg;2023-08-18;49.04
Vorarlberg;2023-08-19;47.95
Vorarlberg;2023-08-20;46.84
Vorarlberg;2023-08-21;45.74
Vorarlberg;2023-08-22;44.75
Vorarlberg;2023-08-23;43.82
Vorarlberg;2023-08-24;43.08
Vorarlberg;2023-08-25;42.47
Vorarlberg;2023-08-26;42.18
Vorarlberg;2023-08-27;42.22
Vorarlberg;2023-08-28;42.83
Vorarlberg;2023-08-29;43.97
Vorarlberg;2023-08-30;45.68
Vorarlberg;2023-08-31;47.89
Vorarlberg;2023-09-01;50.44
Vorarlberg;2023-09-02;53.26
Vorarlberg;2023-09-03;56.24
Vorarlberg;2023-09-04;59.31
Vorarlberg;2023-09-05;62.42
Vorarlberg;2023-09-06;65.53
Vorarlberg;2023-09-07;68.57
Vorarlberg;2023-09-08;71.43
Vorarlberg;2023-09-09;74.04
Vorarlberg;2023-09-10;76.22
Vorarlberg;2023-09-11;77.86
Vorarlberg;2023-09-12;78.91
Vorarlberg;2023-09-13;79.51
Vorarlberg;2023-09-14;79.7
Vorarlberg;2023-09-15;79.75
Vorarlberg;2023-09-16;79.87
Vorarlberg;2023-09-17;80.15
Vorarlberg;2023-09-18;80.81
Vorarlberg;2023-09-19;81.91
Vorarlberg;2023-09-20;83.49
Vorarlberg;2023-09-21;85.53
Vorarlberg;2023-09-22;87.97
Vorarlberg;2023-09-23;90.66
Vorarlberg;2023-09-24;93.54
Vorarlberg;2023-09-25;96.5
Vorarlberg;2023-09-26;99.22
Vorarlberg;2023-09-27;101.56
Vorarlberg;2023-09-28;103.34
Vorarlberg;2023-09-29;104.71
Vorarlberg;2023-09-30;105.94
Vorarlberg;2023-10-01;107.21
Vorarlberg;2023-10-02;108.8
Vorarlberg;2023-10-03;110.76
Vorarlberg;2023-10-04;112.97
Vorarlberg;2023-10-05;115.41
Vorarlberg;2023-10-06;117.98
Vorarlberg;2023-10-07;120.56
Vorarlberg;2023-10-08;123.19
Vorarlberg;2023-10-09;125.78
Vorarlberg;2023-10-10;128.33
Vorarlberg;2023-10-11;131.02
Vorarlberg;2023-10-12;133.85
Vorarlberg;2023-10-13;136.9
Vorarlberg;2023-10-14;140.18
Vorarlberg;2023-10-15;143.76
Vorarlberg;2023-10-16;147.55
Vorarlberg;2023-10-17;151.67
Vorarlberg;2023-10-18;155.94
Vorarlberg;2023-10-19;160.42
Vorarlberg;2023-10-20;165.07
Vorarlberg;2023-10-21;169.86
Vorarlberg;2023-10-22;174.98
Vorarlberg;2023-10-23;180.47
Vorarlberg;2023-10-24;186.44
Vorarlberg;2023-10-25;192.88
Vorarlberg;2023-10-26;199.67
Vorarlberg;2023-10-27;206.88
Vorarlberg;2023-10-28;214.61
Vorarlberg;2023-10-29;223.15
Vorarlberg;2023-10-30;232.73
Vorarlberg;2023-10-31;243.39
Vorarlberg;2023-11-01;255.0
Vorarlberg;2023-11-02;267.35
Vorarlberg;2023-11-03;280.15
Vorarlberg;2023-11-04;293.23
Vorarlberg;2023-11-05;306.32
Vorarlberg;2023-11-06;319.34
Vorarlberg;2023-11-07;332.27
Vorarlberg;2023-11-08;345.03
Vorarlberg;2023-11-09;357.63
Vorarlberg;2023-11-10;370.12
Vorarlberg;2023-11-11;382.5
Vorarlberg;2023-11-12;394.81
Vorarlberg;2023-11-13;407.02
Vorarlberg;2023-11-14;419.1
Vorarlberg;2023-11-15;431.22
Vorarlberg;2023-11-16;443.43
Vorarlberg;2023-11-17;455.74
Vorarlberg;2023-11-18;467.92
Vorarlberg;2023-11-19;479.87
Vorarlberg;2023-11-20;491.27
Vorarlberg;2023-11-21;502.04
Vorarlberg;2023-11-22;512.0
Vorarlberg;2023-11-23;521.21
Vorarlberg;2023-11-24;529.66
Vorarlberg;2023-11-25;537.51
Vorarlberg;2023-11-26;544.73
Vorarlberg;2023-11-27;551.2
Vorarlberg;2023-11-28;556.68
Vorarlberg;2023-11-29;561.15
Vorarlberg;2023-11-30;564.94
Vorarlberg;2023-12-01;568.55
Vorarlberg;2023-12-02;572.64
Vorarlberg;2023-12-03;577.77
Vorarlberg;2023-12-04;584.27
Vorarlberg;2023-12-05;592.24
Vorarlberg;2023-12-06;601.3
Vorarlberg;2023-12-07;611.04
Vorarlberg;2023-12-08;621.11
Vorarlberg;2023-12-09;631.2
Vorarlberg;2023-12-10;641.28
Vorarlberg;2023-12-11;651.47
Vorarlberg;2023-12-12;662.09
Vorarlberg;2023-12-13;673.06
Vorarlberg;2023-12-14;683.72
Vorarlberg;2023-12-15;692.8
Vorarlberg;2023-12-16;698.74
Vorarlberg;2023-12-17;699.91
Vorarlberg;2023-12-18;695.34
Vorarlberg;2023-12-19;685.05
Vorarlberg;2023-12-20;669.42
Vorarlberg;2023-12-21;648.95
Vorarlberg;2023-12-22;624.52
Vorarlberg;2023-12-23;597.25
Vorarlberg;2023-12-24;568.2
Vorarlberg;2023-12-25;538.35
Vorarlberg;2023-12-26;508.42
Vorarlberg;2023-12-27;478.98
Vorarlberg;2023-12-28;450.24
Vorarlberg;2023-12-29;422.39
Vorarlberg;2023-12-30;395.51
Vorarlberg;2023-12-31;369.84
Vorarlberg;2024-01-01;345.78
Vorarlberg;2024-01-02;323.62
Vorarlberg;2024-01-03;303.58
Vorarlberg;2024-01-04;285.42
Vorarlberg;2024-01-05;268.82
Vorarlberg;2024-01-06;253.59
Vorarlberg;2024-01-07;239.57
Vorarlberg;2024-01-08;226.65
Vorarlberg;2024-01-09;214.53
Vorarlberg;2024-01-10;203.07
Vorarlberg;2024-01-11;192.1
Vorarlberg;2024-01-12;181.61
Vorarlberg;2024-01-13;171.6
Vorarlberg;2024-01-14;162.17
Vorarlberg;2024-01-15;153.41
Vorarlberg;2024-01-16;145.36
Vorarlberg;2024-01-17;138.0
Vorarlberg;2024-01-18;131.2
Vorarlberg;2024-01-19;124.92
Vorarlberg;2024-01-20;118.95
Vorarlberg;2024-01-21;113.23
Vorarlberg;2024-01-22;107.67
Vorarlberg;2024-01-23;102.27
Vorarlberg;2024-01-24;97.11
Vorarlberg;2024-01-25;92.12
Vorarlberg;2024-01-26;87.41
Vorarlberg;2024-01-27;83.0
Vorarlberg;2024-01-28;79.03
Vorarlberg;2024-01-29;75.62
Vorarlberg;2024-01-30;72.79
Vorarlberg;2024-01-31;70.55
Vorarlberg;2024-02-01;68.76
Vorarlberg;2024-02-02;67.21
Vorarlberg;2024-02-03;65.77
Vorarlberg;2024-02-04;64.17
Vorarlberg;2024-02-05;62.35
Vorarlberg;2024-02-06;60.28
Vorarlberg;2024-02-07;58.02
Vorarlberg;2024-02-08;55.57
Vorarlberg;2024-02-09;53.02
Vorarlberg;2024-02-10;50.44
Vorarlberg;2024-02-11;47.91
Vorarlberg;2024-02-12;45.5
Vorarlberg;2024-02-13;43.29
Vorarlberg;2024-02-14;41.19
Vorarlberg;2024-02-15;39.26
Vorarlberg;2024-02-16;37.44
Vorarlberg;2024-02-17;35.73
Vorarlberg;2024-02-18;34.06
Vorarlberg;2024-02-19;32.43
Vorarlberg;2024-02-20;30.83
Vorarlberg;2024-02-21;29.27
Vorarlberg;2024-02-22;27.76
Vorarlberg;2024-02-23;26.31
Vorarlberg;2024-02-24;24.86
Vorarlberg;2024-02-25;23.45
Vorarlberg;2024-02-26;22.09
Vorarlberg;2024-02-27;20.77
Vorarlberg;2024-02-28;19.46
Vorarlberg;2024-02-29;18.18
Vorarlberg;2024-03-01;16.97
Vorarlberg;2024-03-02;15.8
Vorarlberg;2024-03-03;14.72
Vorarlberg;2024-03-04;13.74
Vorarlberg;2024-03-05;12.9
Vorarlberg;2024-03-06;12.22
Vorarlberg;2024-03-07;11.7
Vorarlberg;2024-03-08;11.29
Vorarlberg;2024-03-09;10.96
Vorarlberg;2024-03-10;10.76
Vorarlberg;2024-03-11;10.63
Vorarlberg;2024-03-12;10.64
Vorarlberg;2024-03-13;10.65
Vorarlberg;2024-03-14;10.73
Vorarlberg;2024-03-15;10.77
Vorarlberg;2024-03-16;10.72
Vorarlberg;2024-03-17;10.55
Vorarlberg;2024-03-18;10.29
Vorarlberg;2024-03-19;9.86
Vorarlberg;2024-03-20;9.32
Vorarlberg;2024-03-21;8.78
Vorarlberg;2024-03-22;8.25
Vorarlberg;2024-03-23;7.72
Vorarlberg;2024-03-24;7.25
Vorarlberg;2024-03-25;6.85
Vorarlberg;2024-03-26;6.56
Vorarlberg;2024-03-27;6.36
Vorarlberg;2024-03-28;6.25
Vorarlberg;2024-03-29;6.18
Vorarlberg;2024-03-30;6.22
Vorarlberg;2024-03-31;6.25
Vorarlberg;2024-04-01;6.31
Vorarlberg;2024-04-02;6.42
Vorarlberg;2024-04-03;6.59
Vorarlberg;2024-04-04;6.81
Vorarlberg;2024-04-05;7.03
Vorarlberg;2024-04-06;7.32
Vorarlberg;2024-04-07;7.55
Vorarlberg;2024-04-08;7.83
Vorarlberg;2024-04-09;8.07
Vorarlberg;2024-04-10;8.27
Vorarlberg;2024-04-11;8.54
Vorarlberg;2024-04-12;8.78
Vorarlberg;2024-04-13;8.99
Vorarlberg;2024-04-14;9.22
Vorarlberg;2024-04-15;9.45
Vorarlberg;2024-04-16;9.69
Vorarlberg;2024-04-17;9.94
Vorarlberg;2024-04-18;10.22
Vorarlberg;2024-04-19;10.47
Vorarlberg;2024-04-20;10.8
Vorarlberg;2024-04-21;11.13
Vorarlberg;2024-04-22;11.52
Vorarlberg;2024-04-23;11.96
Vorarlberg;2024-04-24;12.49
Vorarlberg;2024-04-25;13.1
Vorarlberg;2024-04-26;13.79
Vorarlberg;2024-04-27;14.49
Vorarlberg;2024-04-28;15.2
Vorarlberg;2024-04-29;15.99
Vorarlberg;2024-04-30;16.79
Vorarlberg;2024-05-01;17.54
Vorarlberg;2024-05-02;18.23
Vorarlberg;2024-05-03;18.84
Vorarlberg;2024-05-04;19.3
Vorarlberg;2024-05-05;19.53
Vorarlberg;2024-05-06;19.63
Vorarlberg;2024-05-07;19.47
Vorarlberg;2024-05-08;19.26
Vorarlberg;2024-05-09;18.95
Vorarlberg;2024-05-10;18.64
Vorarlberg;2024-05-11;18.33
Vorarlberg;2024-05-12;18.08
Vorarlberg;2024-05-13;17.82
Vorarlberg;2024-05-14;17.64
Vorarlberg;2024-05-15;17.45
Vorarlberg;2024-05-16;17.26
Vorarlberg;2024-05-17;17.07
Vorarlberg;2024-05-18;16.95
Vorarlberg;2024-05-19;16.89
Vorarlberg;2024-05-20;16.87
Vorarlberg;2024-05-21;16.93
Vorarlberg;2024-05-22;17.1
Vorarlberg;2024-05-23;17.32
Vorarlberg;2024-05-24;17.58
Vorarlberg;2024-05-25;17.85
Vorarlberg;2024-05-26;18.1
Vorarlberg;2024-05-27;18.29
Vorarlberg;2024-05-28;18.55
Vorarlberg;2024-05-29;18.82
Vorarlberg;2024-05-30;19.18
Vorarlberg;2024-05-31;19.63
Vorarlberg;2024-06-01;20.2
Vorarlberg;2024-06-02;20.87
Vorarlberg;2024-06-03;21.63
Vorarlberg;2024-06-04;22.55
Vorarlberg;2024-06-05;23.55
Vorarlberg;2024-06-06;24.67
Vorarlberg;2024-06-07;25.89
Vorarlberg;2024-06-08;27.23
Vorarlberg;2024-06-09;28.73
Vorarlberg;2024-06-10;30.39
Vorarlberg;2024-06-11;32.28
Vorarlberg;2024-06-12;34.36
Vorarlberg;2024-06-13;36.62
Vorarlberg;2024-06-14;39.0
Vorarlberg;2024-06-15;41.57
Vorarlberg;2024-06-16;44.22
Vorarlberg;2024-06-17;47.05
Vorarlberg;2024-06-18;49.95
Vorarlberg;2024-06-19;52.96
Vorarlberg;2024-06-20;56.0
Vorarlberg;2024-06-21;59.05
Vorarlberg;2024-06-22;62.02
Vorarlberg;2024-06-23;64.87
Vorarlberg;2024-06-24;67.56
Vorarlberg;2024-06-25;70.09
Vorarlberg;2024-06-26;72.42
Vorarlberg;2024-06-27;74.54
Vorarlberg;2024-06-28;76.48
Vorarlberg;2024-06-29;78.24
Vorarlberg;2024-06-30;79.8
Vorarlberg;2024-07-01;81.21
Vorarlberg;2024-07-02;82.46
Vorarlberg;2024-07-03;83.7
Vorarlberg;2024-07-04;85.02
Vorarlberg;2024-07-05;86.37
Vorarlberg;2024-07-06;87.78
Vorarlberg;2024-07-07;89.2
Vorarlberg;2024-07-08;90.63
Vorarlberg;2024-07-09;92.1
Vorarlberg;2024-07-10;93.55
Vorarlberg;2024-07-11;94.98
Vorarlberg;2024-07-12;96.37
Vorarlberg;2024-07-13;97.68
Vorarlberg;2024-07-14;98.83
Vorarlberg;2024-07-15;99.87
Vorarlberg;2024-07-16;100.73
Vorarlberg;2024-07-17;101.32
Vorarlberg;2024-07-18;101.63
Vorarlberg;2024-07-19;101.61
Vorarlberg;2024-07-20;101.24
Vorarlberg;2024-07-21;100.44
Vorarlberg;2024-07-22;99.28
Vorarlberg;2024-07-23;97.96
Vorarlberg;2024-07-24;96.7
Vorarlberg;2024-07-25;95.59
Vorarlberg;2024-07-26;94.72
Vorarlberg;2024-07-27;94.16
Vorarlberg;2024-07-28;93.91
Vorarlberg;2024-07-29;94.11
Vorarlberg;2024-07-30;94.93
Vorarlberg;2024-07-31;96.4
Vorarlberg;2024-08-01;98.46
Vorarlberg;2024-08-02;100.97
Vorarlberg;2024-08-03;103.79
Vorarlberg;2024-08-04;106.83
Vorarlberg;2024-08-05;110.02
Vorarlberg;2024-08-06;113.17
Vorarlberg;2024-08-07;116.26
Vorarlberg;2024-08-08;119.15
Vorarlberg;2024-08-09;121.76
Vorarlberg;2024-08-10;124.04
Vorarlberg;2024-08-11;125.99
Vorarlberg;2024-08-12;127.51
Vorarlberg;2024-08-13;128.8
Vorarlberg;2024-08-14;129.89
Vorarlberg;2024-08-15;130.88
Vorarlberg;2024-08-16;131.71
Vorarlberg;2024-08-17;132.33
Vorarlberg;2024-08-18;132.72
Vorarlberg;2024-08-19;132.84
Vorarlberg;2024-08-20;132.74
Vorarlberg;2024-08-21;132.44
Vorarlberg;2024-08-22;132.04
Vorarlberg;2024-08-23;131.57
Vorarlberg;2024-08-24;130.99
Vorarlberg;2024-08-25;130.26
Vorarlberg;2024-08-26;129.4
Vorarlberg;2024-08-27;128.39
Vorarlberg;2024-08-28;127.39
Vorarlberg;2024-08-29;126.59
Vorarlberg;2024-08-30;126.07
Vorarlberg;2024-08-31;126.07
Vorarlberg;2024-09-01;126.66
Vorarlberg;2024-09-02;128.04
Vorarlberg;2024-09-03;130.35
Vorarlberg;2024-09-04;133.69
Vorarlberg;2024-09-05;137.99
Vorarlberg;2024-09-06;143.24
Vorarlberg;2024-09-07;149.44
Vorarlberg;2024-09-08;156.66
Vorarlberg;2024-09-09;164.95
Vorarlberg;2024-09-10;174.36
Vorarlberg;2024-09-11;184.82
Vorarlberg;2024-09-12;196.26
Vorarlberg;2024-09-13;208.39
Vorarlberg;2024-09-14;220.96
Vorarlberg;2024-09-15;233.66
Vorarlberg;2024-09-16;246.22
Vorarlberg;2024-09-17;258.36
Vorarlberg;2024-09-18;270.07
Vorarlberg;2024-09-19;281.2
Vorarlberg;2024-09-20;291.75
Vorarlberg;2024-09-21;301.73
Vorarlberg;2024-09-22;311.03
Vorarlberg;2024-09-23;319.49
Vorarlberg;2024-09-24;326.98
Vorarlberg;2024-09-25;333.44
Vorarlberg;2024-09-26;339.07
Vorarlberg;2024-09-27;343.84
Vorarlberg;2024-09-28;347.64
Vorarlberg;2024-09-29;350.23
Vorarlberg;2024-09-30;351.26
Vorarlberg;2024-10-01;350.65
Vorarlberg;2024-10-02;348.26
Vorarlberg;2024-10-03;344.41
Vorarlberg;2024-10-04;339.43
Vorarlberg;2024-10-05;333.68
Vorarlberg;2024-10-06;327.5
Vorarlberg;2024-10-07;321.09
Vorarlberg;2024-10-08;314.64
Vorarlberg;2024-10-09;308.17
Vorarlberg;2024-10-10;301.73
Vorarlberg;2024-10-11;295.36
Vorarlberg;2024-10-12;289.13
Vorarlberg;2024-10-13;283.16
Vorarlberg;2024-10-14;277.5
Vorarlberg;2024-10-15;272.22
Vorarlberg;2024-10-16;267.28
Vorarlberg;2024-10-17;262.68
Vorarlberg;2024-10-18;258.23
Vorarlberg;2024-10-19;253.9
Vorarlberg;2024-10-20;249.74
Vorarlberg;2024-10-21;245.74
Vorarlberg;2024-10-22;242.16
Vorarlberg;2024-10-23;239.1
Tirol;2022-09-01;78.67
Tirol;2022-09-02;78.4
Tirol;2022-09-03;78.44
Tirol;2022-09-04;78.96
Tirol;2022-09-05;80.05
Tirol;2022-09-06;81.79
Tirol;2022-09-07;84.11
Tirol;2022-09-08;86.92
Tirol;2022-09-09;90.02
Tirol;2022-09-10;93.33
Tirol;2022-09-11;96.78
Tirol;2022-09-12;100.24
Tirol;2022-09-13;103.83
Tirol;2022-09-14;107.68
Tirol;2022-09-15;111.76
Tirol;2022-09-16;116.19
Tirol;2022-09-17;121.1
Tirol;2022-09-18;126.59
Tirol;2022-09-19;132.79
Tirol;2022-09-20;139.69
Tirol;2022-09-21;147.18
Tirol;2022-09-22;155.23
Tirol;2022-09-23;163.39
Tirol;2022-09-24;171.52
Tirol;2022-09-25;179.4
Tirol;2022-09-26;186.89
Tirol;2022-09-27;193.92
Tirol;2022-09-28;200.5
Tirol;2022-09-29;206.64
Tirol;2022-09-30;212.07
Tirol;2022-10-01;216.69
Tirol;2022-10-02;220.19
Tirol;2022-10-03;222.45
Tirol;2022-10-04;223.49
Tirol;2022-10-05;223.46
Tirol;2022-10-06;222.6
Tirol;2022-10-07;221.11
Tirol;2022-10-08;219.09
Tirol;2022-10-09;216.55
Tirol;2022-10-10;213.46
Tirol;2022-10-11;209.84
Tirol;2022-10-12;205.66
Tirol;2022-10-13;200.88
Tirol;2022-10-14;195.52
Tirol;2022-10-15;189.29
Tirol;2022-10-16;182.14
Tirol;2022-10-17;173.98
Tirol;2022-10-18;165.1
Tirol;2022-10-19;155.65
Tirol;2022-10-20;146.02
Tirol;2022-10-21;136.51
Tirol;2022-10-22;127.22
Tirol;2022-10-23;118.57
Tirol;2022-10-24;110.63
Tirol;2022-10-25;103.42
Tirol;2022-10-26;96.96
Tirol;2022-10-27;91.22
Tirol;2022-10-28;85.98
Tirol;2022-10-29;81.34
Tirol;2022-10-30;77.34
Tirol;2022-10-31;74.0
Tirol;2022-11-01;71.29
Tirol;2022-11-02;69.21
Tirol;2022-11-03;67.72
Tirol;2022-11-04;66.68
Tirol;2022-11-05;66.15
Tirol;2022-11-06;66.09
Tirol;2022-11-07;66.52
Tirol;2022-11-08;67.5
Tirol;2022-11-09;68.93
Tirol;2022-11-10;70.67
Tirol;2022-11-11;72.78
Tirol;2022-11-12;75.12
Tirol;2022-11-13;77.64
Tirol;2022-11-14;80.4
Tirol;2022-11-15;83.29
Tirol;2022-11-16;86.29
Tirol;2022-11-17;89.3
Tirol;2022-11-18;92.4
Tirol;2022-11-19;95.47
Tirol;2022-11-20;98.66
Tirol;2022-11-21;101.93
Tirol;2022-11-22;105.29
Tirol;2022-11-23;108.8
Tirol;2022-11-24;112.48
Tirol;2022-11-25;116.18
Tirol;2022-11-26;119.85
Tirol;2022-11-27;123.45
Tirol;2022-11-28;126.97
Tirol;2022-11-29;130.59
Tirol;2022-11-30;134.33
Tirol;2022-12-01;138.13
Tirol;2022-12-02;141.76
Tirol;2022-12-03;144.98
Tirol;2022-12-04;149.34
Tirol;2022-12-05;150.42
Tirol;2022-12-06;151.33
Tirol;2022-12-07;151.62
Tirol;2022-12-08;151.54
Tirol;2022-12-09;151.24
Tirol;2022-12-10;150.93
Tirol;2022-12-11;150.71
Tirol;2022-12-12;150.75
Tirol;2022-12-13;150.97
Tirol;2022-12-14;151.27
Tirol;2022-12-15;151.58
Tirol;2022-12-16;151.87
Tirol;2022-12-17;152.1
Tirol;2022-12-18;152.2
Tirol;2022-12-19;152.26
Tirol;2022-12-20;152.19
Tirol;2022-12-21;152.15
Tirol;2022-12-22;152.07
Tirol;2022-12-23;151.96
Tirol;2022-12-24;151.69
Tirol;2022-12-25;151.25
Tirol;2022-12-26;150.44
Tirol;2022-12-27;149.15
Tirol;2022-12-28;147.39
Tirol;2022-12-29;145.16
Tirol;2022-12-30;142.43
Tirol;2022-12-31;139.3
Tirol;2023-01-01;135.7
Tirol;2023-01-02;131.8
Tirol;2023-01-03;127.67
Tirol;2023-01-04;123.49
Tirol;2023-01-05;119.44
Tirol;2023-01-06;115.6
Tirol;2023-01-07;112.16
Tirol;2023-01-08;109.16
Tirol;2023-01-09;106.76
Tirol;2023-01-10;104.98
Tirol;2023-01-11;103.83
Tirol;2023-01-12;103.18
Tirol;2023-01-13;103.06
Tirol;2023-01-14;103.27
Tirol;2023-01-15;103.86
Tirol;2023-01-16;104.93
Tirol;2023-01-17;106.55
Tirol;2023-01-18;108.75
Tirol;2023-01-19;111.48
Tirol;2023-01-20;114.8
Tirol;2023-01-21;118.75
Tirol;2023-01-22;123.4
Tirol;2023-01-23;128.81
Tirol;2023-01-24;135.06
Tirol;2023-01-25;141.97
Tirol;2023-01-26;149.38
Tirol;2023-01-27;157.13
Tirol;2023-01-28;164.9
Tirol;2023-01-29;172.67
Tirol;2023-01-30;180.28
Tirol;2023-01-31;187.76
Tirol;2023-02-01;195.13
Tirol;2023-02-02;202.48
Tirol;2023-02-03;209.78
Tirol;2023-02-04;217.18
Tirol;2023-02-05;224.56
Tirol;2023-02-06;232.01
Tirol;2023-02-07;239.56
Tirol;2023-02-08;247.19
Tirol;2023-02-09;254.86
Tirol;2023-02-10;262.41
Tirol;2023-02-11;269.56
Tirol;2023-02-12;276.22
Tirol;2023-02-13;281.92
Tirol;2023-02-14;286.51
Tirol;2023-02-15;289.73
Tirol;2023-02-16;291.46
Tirol;2023-02-17;292.0
Tirol;2023-02-18;291.71
Tirol;2023-02-19;290.98
Tirol;2023-02-20;290.13
Tirol;2023-02-21;289.35
Tirol;2023-02-22;288.66
Tirol;2023-02-23;288.01
Tirol;2023-02-24;287.18
Tirol;2023-02-25;285.89
Tirol;2023-02-26;284.03
Tirol;2023-02-27;281.34
Tirol;2023-02-28;277.92
Tirol;2023-03-01;273.85
Tirol;2023-03-02;269.3
Tirol;2023-03-03;264.23
Tirol;2023-03-04;258.59
Tirol;2023-03-05;252.31
Tirol;2023-03-06;245.33
Tirol;2023-03-07;237.79
Tirol;2023-03-08;229.79
Tirol;2023-03-09;221.5
Tirol;2023-03-10;213.02
Tirol;2023-03-11;204.49
Tirol;2023-03-12;195.93
Tirol;2023-03-13;187.67
Tirol;2023-03-14;179.75
Tirol;2023-03-15;172.38
Tirol;2023-03-16;165.53
Tirol;2023-03-17;159.11
Tirol;2023-03-18;152.94
Tirol;2023-03-19;147.14
Tirol;2023-03-20;141.61
Tirol;2023-03-21;136.53
Tirol;2023-03-22;132.02
Tirol;2023-03-23;127.9
Tirol;2023-03-24;124.03
Tirol;2023-03-25;120.18
Tirol;2023-03-26;116.19
Tirol;2023-03-27;112.05
Tirol;2023-03-28;107.88
Tirol;2023-03-29;103.78
Tirol;2023-03-30;99.82
Tirol;2023-03-31;96.08
Tirol;2023-04-01;92.53
Tirol;2023-04-02;89.27
Tirol;2023-04-03;86.27
Tirol;2023-04-04;83.49
Tirol;2023-04-05;80.86
Tirol;2023-04-06;78.29
Tirol;2023-04-07;75.78
Tirol;2023-04-08;73.32
Tirol;2023-04-09;70.96
Tirol;2023-04-10;68.75
Tirol;2023-04-11;66.65
Tirol;2023-04-12;64.83
Tirol;2023-04-13;63.14
Tirol;2023-04-14;61.59
Tirol;2023-04-15;60.21
Tirol;2023-04-16;58.89
Tirol;2023-04-17;57.64
Tirol;2023-04-18;56.51
Tirol;2023-04-19;55.33
Tirol;2023-04-20;54.22
Tirol;2023-04-21;53.1
Tirol;2023-04-22;52.01
Tirol;2023-04-23;50.83
Tirol;2023-04-24;49.65
Tirol;2023-04-25;48.34
Tirol;2023-04-26;46.93
Tirol;2023-04-27;45.43
Tirol;2023-04-28;43.76
Tirol;2023-04-29;41.99
Tirol;2023-04-30;40.15
Tirol;2023-05-01;38.29
Tirol;2023-05-02;36.38
Tirol;2023-05-03;34.5
Tirol;2023-05-04;32.72
Tirol;2023-05-05;31.04
Tirol;2023-05-06;29.54
Tirol;2023-05-07;28.21
Tirol;2023-05-08;27.18
Tirol;2023-05-09;26.47
Tirol;2023-05-10;26.15
Tirol;2023-05-11;26.18
Tirol;2023-05-12;26.48
Tirol;2023-05-13;26.97
Tirol;2023-05-14;27.62
Tirol;2023-05-15;28.28
Tirol;2023-05-16;28.93
Tirol;2023-05-17;29.45
Tirol;2023-05-18;29.93
Tirol;2023-05-19;30.2
Tirol;2023-05-20;30.36
Tirol;2023-05-21;30.28
Tirol;2023-05-22;29.98
Tirol;2023-05-23;29.4
Tirol;2023-05-24;28.57
Tirol;2023-05-25;27.56
Tirol;2023-05-26;26.37
Tirol;2023-05-27;25.09
Tirol;2023-05-28;23.78
Tirol;2023-05-29;22.51
Tirol;2023-05-30;21.27
Tirol;2023-05-31;20.11
Tirol;2023-06-01;19.03
Tirol;2023-06-02;18.06
Tirol;2023-06-03;17.19
Tirol;2023-06-04;16.4
Tirol;2023-06-05;15.75
Tirol;2023-06-06;15.17
Tirol;2023-06-07;14.7
Tirol;2023-06-08;14.32
Tirol;2023-06-09;14.02
Tirol;2023-06-10;13.73
Tirol;2023-06-11;13.52
Tirol;2023-06-12;13.29
Tirol;2023-06-13;13.19
Tirol;2023-06-14;13.08
Tirol;2023-06-15;13.04
Tirol;2023-06-16;13.0
Tirol;2023-06-17;12.87
Tirol;2023-06-18;12.75
Tirol;2023-06-19;12.51
Tirol;2023-06-20;12.26
Tirol;2023-06-21;11.96
Tirol;2023-06-22;11.67
Tirol;2023-06-23;11.35
Tirol;2023-06-24;11.11
Tirol;2023-06-25;10.89
Tirol;2023-06-26;10.7
Tirol;2023-06-27;10.62
Tirol;2023-06-28;10.58
Tirol;2023-06-29;10.61
Tirol;2023-06-30;10.66
Tirol;2023-07-01;10.71
Tirol;2023-07-02;10.74
Tirol;2023-07-03;10.76
Tirol;2023-07-04;10.79
Tirol;2023-07-05;10.77
Tirol;2023-07-06;10.8
Tirol;2023-07-07;10.78
Tirol;2023-07-08;10.78
Tirol;2023-07-09;10.77
Tirol;2023-07-10;10.85
Tirol;2023-07-11;10.97
Tirol;2023-07-12;11.22
Tirol;2023-07-13;11.56
Tirol;2023-07-14;11.99
Tirol;2023-07-15;12.5
Tirol;2023-07-16;13.04
Tirol;2023-07-17;13.6
Tirol;2023-07-18;14.19
Tirol;2023-07-19;14.88
Tirol;2023-07-20;15.53
Tirol;2023-07-21;16.3
Tirol;2023-07-22;17.12
Tirol;2023-07-23;17.97
Tirol;2023-07-24;18.95
Tirol;2023-07-25;20.01
Tirol;2023-07-26;21.19
Tirol;2023-07-27;22.44
Tirol;2023-07-28;23.68
Tirol;2023-07-29;24.92
Tirol;2023-07-30;26.03
Tirol;2023-07-31;26.95
Tirol;2023-08-01;27.81
Tirol;2023-08-02;28.6
Tirol;2023-08-03;29.36
Tirol;2023-08-04;30.19
Tirol;2023-08-05;31.08
Tirol;2023-08-06;32.07
Tirol;2023-08-07;33.13
Tirol;2023-08-08;34.25
Tirol;2023-08-09;35.38
Tirol;2023-08-10;36.52
Tirol;2023-08-11;37.65
Tirol;2023-08-12;38.66
Tirol;2023-08-13;39.65
Tirol;2023-08-14;40.49
Tirol;2023-08-15;41.27
Tirol;2023-08-16;41.84
Tirol;2023-08-17;42.31
Tirol;2023-08-18;42.67
Tirol;2023-08-19;42.93
Tirol;2023-08-20;43.15
Tirol;2023-08-21;43.4
Tirol;2023-08-22;43.73
Tirol;2023-08-23;44.17
Tirol;2023-08-24;44.71
Tirol;2023-08-25;45.37
Tirol;2023-08-26;46.31
Tirol;2023-08-27;47.63
Tirol;2023-08-28;49.36
Tirol;2023-08-29;51.64
Tirol;2023-08-30;54.34
Tirol;2023-08-31;57.3
Tirol;2023-09-01;60.49
Tirol;2023-09-02;63.67
Tirol;2023-09-03;66.82
Tirol;2023-09-04;69.8
Tirol;2023-09-05;72.53
Tirol;2023-09-06;74.97
Tirol;2023-09-07;77.05
Tirol;2023-09-08;78.98
Tirol;2023-09-09;80.72
Tirol;2023-09-10;82.41
Tirol;2023-09-11;84.11
Tirol;2023-09-12;85.78
Tirol;2023-09-13;87.31
Tirol;2023-09-14;88.66
Tirol;2023-09-15;89.9
Tirol;2023-09-16;91.2
Tirol;2023-09-17;92.77
Tirol;2023-09-18;94.77
Tirol;2023-09-19;97.17
Tirol;2023-09-20;99.95
Tirol;2023-09-21;102.82
Tirol;2023-09-22;105.74
Tirol;2023-09-23;108.75
Tirol;2023-09-24;111.89
Tirol;2023-09-25;115.28
Tirol;2023-09-26;119.06
Tirol;2023-09-27;123.35
Tirol;2023-09-28;128.08
Tirol;2023-09-29;133.13
Tirol;2023-09-30;138.34
Tirol;2023-10-01;143.39
Tirol;2023-10-02;148.08
Tirol;2023-10-03;151.88
Tirol;2023-10-04;154.41
Tirol;2023-10-05;155.37
Tirol;2023-10-06;155.08
Tirol;2023-10-07;154.07
Tirol;2023-10-08;152.92
Tirol;2023-10-09;152.18
Tirol;2023-10-10;152.11
Tirol;2023-10-11;152.69
Tirol;2023-10-12;153.69
Tirol;2023-10-13;155.0
Tirol;2023-10-14;156.46
Tirol;2023-10-15;158.11
Tirol;2023-10-16;159.85
Tirol;2023-10-17;161.68
Tirol;2023-10-18;163.42
Tirol;2023-10-19;165.08
Tirol;2023-10-20;166.59
Tirol;2023-10-21;168.07
Tirol;2023-10-22;169.52
Tirol;2023-10-23;171.01
Tirol;2023-10-24;172.66
Tirol;2023-10-25;174.45
Tirol;2023-10-26;176.44
Tirol;2023-10-27;178.64
Tirol;2023-10-28;181.17
Tirol;2023-10-29;184.11
Tirol;2023-10-30;187.58
Tirol;2023-10-31;191.67
Tirol;2023-11-01;196.22
Tirol;2023-11-02;201.12
Tirol;2023-11-03;206.37
Tirol;2023-11-04;211.83
Tirol;2023-11-05;217.62
Tirol;2023-11-06;223.69
Tirol;2023-11-07;230.18
Tirol;2023-11-08;237.08
Tirol;2023-11-09;244.41
Tirol;2023-11-10;252.34
Tirol;2023-11-11;260.92
Tirol;2023-11-12;270.49
Tirol;2023-11-13;281.3
Tirol;2023-11-14;293.58
Tirol;2023-11-15;307.31
Tirol;2023-11-16;322.27
Tirol;2023-11-17;338.18
Tirol;2023-11-18;354.46
Tirol;2023-11-19;370.77
Tirol;2023-11-20;386.56
Tirol;2023-11-21;401.29
Tirol;2023-11-22;414.43
Tirol;2023-11-23;425.64
Tirol;2023-11-24;435.2
Tirol;2023-11-25;443.65
Tirol;2023-11-26;451.62
Tirol;2023-11-27;459.63
Tirol;2023-11-28;467.42
Tirol;2023-11-29;474.72
Tirol;2023-11-30;480.81
Tirol;2023-12-01;485.68
Tirol;2023-12-02;489.48
Tirol;2023-12-03;492.54
Tirol;2023-12-04;495.16
Tirol;2023-12-05;497.56
Tirol;2023-12-06;500.07
Tirol;2023-12-07;502.9
Tirol;2023-12-08;506.05
Tirol;2023-12-09;509.36
Tirol;2023-12-10;512.77
Tirol;2023-12-11;516.05
Tirol;2023-12-12;518.76
Tirol;2023-12-13;520.29
Tirol;2023-12-14;520.23
Tirol;2023-12-15;518.42
Tirol;2023-12-16;515.04
Tirol;2023-12-17;510.21
Tirol;2023-12-18;504.01
Tirol;2023-12-19;496.54
Tirol;2023-12-20;487.9
Tirol;2023-12-21;478.38
Tirol;2023-12-22;468.16
Tirol;2023-12-23;457.32
Tirol;2023-12-24;445.93
Tirol;2023-12-25;433.89
Tirol;2023-12-26;421.09
Tirol;2023-12-27;407.41
Tirol;2023-12-28;392.76
Tirol;2023-12-29;377.43
Tirol;2023-12-30;361.57
Tirol;2023-12-31;345.59
Tirol;2024-01-01;329.68
Tirol;2024-01-02;313.99
Tirol;2024-01-03;298.62
Tirol;2024-01-04;283.65
Tirol;2024-01-05;269.03
Tirol;2024-01-06;254.83
Tirol;2024-01-07;241.1
Tirol;2024-01-08;227.9
Tirol;2024-01-09;215.34
Tirol;2024-01-10;203.49
Tirol;2024-01-11;192.42
Tirol;2024-01-12;181.93
Tirol;2024-01-13;172.01
Tirol;2024-01-14;162.72
Tirol;2024-01-15;154.01
Tirol;2024-01-16;145.91
Tirol;2024-01-17;138.29
Tirol;2024-01-18;131.12
Tirol;2024-01-19;124.31
Tirol;2024-01-20;117.78
Tirol;2024-01-21;111.68
Tirol;2024-01-22;106.02
Tirol;2024-01-23;100.94
Tirol;2024-01-24;96.43
Tirol;2024-01-25;92.45
Tirol;2024-01-26;88.75
Tirol;2024-01-27;85.22
Tirol;2024-01-28;81.77
Tirol;2024-01-29;78.22
Tirol;2024-01-30;74.59
Tirol;2024-01-31;70.87
Tirol;2024-02-01;67.15
Tirol;2024-02-02;63.47
Tirol;2024-02-03;59.89
Tirol;2024-02-04;56.38
Tirol;2024-02-05;53.05
Tirol;2024-02-06;49.89
Tirol;2024-02-07;46.93
Tirol;2024-02-08;44.17
Tirol;2024-02-09;41.68
Tirol;2024-02-10;39.37
Tirol;2024-02-11;37.29
Tirol;2024-02-12;35.4
Tirol;2024-02-13;33.74
Tirol;2024-02-14;32.27
Tirol;2024-02-15;30.97
Tirol;2024-02-16;29.8
Tirol;2024-02-17;28.71
Tirol;2024-02-18;27.8
Tirol;2024-02-19;27.0
Tirol;2024-02-20;26.36
Tirol;2024-02-21;25.9
Tirol;2024-02-22;25.59
Tirol;2024-02-23;25.41
Tirol;2024-02-24;25.3
Tirol;2024-02-25;25.17
Tirol;2024-02-26;25.07
Tirol;2024-02-27;24.86
Tirol;2024-02-28;24.59
Tirol;2024-02-29;24.18
Tirol;2024-03-01;23.68
Tirol;2024-03-02;23.12
Tirol;2024-03-03;22.49
Tirol;2024-03-04;21.83
Tirol;2024-03-05;21.07
Tirol;2024-03-06;20.25
Tirol;2024-03-07;19.28
Tirol;2024-03-08;18.29
Tirol;2024-03-09;17.21
Tirol;2024-03-10;16.22
Tirol;2024-03-11;15.22
Tirol;2024-03-12;14.28
Tirol;2024-03-13;13.5
Tirol;2024-03-14;12.73
Tirol;2024-03-15;12.08
Tirol;2024-03-16;11.43
Tirol;2024-03-17;10.82
Tirol;2024-03-18;10.33
Tirol;2024-03-19;9.88
Tirol;2024-03-20;9.56
Tirol;2024-03-21;9.32
Tirol;2024-03-22;9.1
Tirol;2024-03-23;8.97
Tirol;2024-03-24;8.85
Tirol;2024-03-25;8.82
Tirol;2024-03-26;8.83
Tirol;2024-03-27;8.85
Tirol;2024-03-28;8.89
Tirol;2024-03-29;8.91
Tirol;2024-03-30;8.93
Tirol;2024-03-31;8.96
Tirol;2024-04-01;8.97
Tirol;2024-04-02;8.97
Tirol;2024-04-03;8.93
Tirol;2024-04-04;8.85
Tirol;2024-04-05;8.82
Tirol;2024-04-06;8.73
Tirol;2024-04-07;8.65
Tirol;2024-04-08;8.67
Tirol;2024-04-09;8.69
Tirol;2024-04-10;8.82
Tirol;2024-04-11;9.0
Tirol;2024-04-12;9.23
Tirol;2024-04-13;9.51
Tirol;2024-04-14;9.83
Tirol;2024-04-15;10.25
Tirol;2024-04-16;10.73
Tirol;2024-04-17;11.27
Tirol;2024-04-18;11.84
Tirol;2024-04-19;12.47
Tirol;2024-04-20;13.15
Tirol;2024-04-21;13.87
Tirol;2024-04-22;14.71
Tirol;2024-04-23;15.62
Tirol;2024-04-24;16.65
Tirol;2024-04-25;17.71
Tirol;2024-04-26;18.84
Tirol;2024-04-27;19.9
Tirol;2024-04-28;20.88
Tirol;2024-04-29;21.73
Tirol;2024-04-30;22.37
Tirol;2024-05-01;22.88
Tirol;2024-05-02;23.19
Tirol;2024-05-03;23.43
Tirol;2024-05-04;23.59
Tirol;2024-05-05;23.79
Tirol;2024-05-06;24.15
Tirol;2024-05-07;24.62
Tirol;2024-05-08;25.16
Tirol;2024-05-09;25.84
Tirol;2024-05-10;26.51
Tirol;2024-05-11;27.16
Tirol;2024-05-12;27.76
Tirol;2024-05-13;28.21
Tirol;2024-05-14;28.52
Tirol;2024-05-15;28.63
Tirol;2024-05-16;28.52
Tirol;2024-05-17;28.29
Tirol;2024-05-18;27.98
Tirol;2024-05-19;27.73
Tirol;2024-05-20;27.51
Tirol;2024-05-21;27.48
Tirol;2024-05-22;27.61
Tirol;2024-05-23;27.95
Tirol;2024-05-24;28.45
Tirol;2024-05-25;29.07
Tirol;2024-05-26;29.89
Tirol;2024-05-27;30.83
Tirol;2024-05-28;31.88
Tirol;2024-05-29;33.09
Tirol;2024-05-30;34.39
Tirol;2024-05-31;35.76
Tirol;2024-06-01;37.25
Tirol;2024-06-02;38.8
Tirol;2024-06-03;40.39
Tirol;2024-06-04;42.1
Tirol;2024-06-05;43.81
Tirol;2024-06-06;45.57
Tirol;2024-06-07;47.31
Tirol;2024-06-08;49.14
Tirol;2024-06-09;51.14
Tirol;2024-06-10;53.31
Tirol;2024-06-11;55.79
Tirol;2024-06-12;58.51
Tirol;2024-06-13;61.47
Tirol;2024-06-14;64.64
Tirol;2024-06-15;67.79
Tirol;2024-06-16;70.91
Tirol;2024-06-17;73.87
Tirol;2024-06-18;76.6
Tirol;2024-06-19;79.01
Tirol;2024-06-20;81.16
Tirol;2024-06-21;83.09
Tirol;2024-06-22;84.82
Tirol;2024-06-23;86.49
Tirol;2024-06-24;88.15
Tirol;2024-06-25;89.76
Tirol;2024-06-26;91.48
Tirol;2024-06-27;93.21
Tirol;2024-06-28;95.11
Tirol;2024-06-29;97.08
Tirol;2024-06-30;99.14
Tirol;2024-07-01;101.19
Tirol;2024-07-02;103.17
Tirol;2024-07-03;104.93
Tirol;2024-07-04;106.25
Tirol;2024-07-05;107.25
Tirol;2024-07-06;108.04
Tirol;2024-07-07;108.83
Tirol;2024-07-08;109.78
Tirol;2024-07-09;110.98
Tirol;2024-07-10;112.35
Tirol;2024-07-11;113.85
Tirol;2024-07-12;115.3
Tirol;2024-07-13;116.7
Tirol;2024-07-14;117.94
Tirol;2024-07-15;118.97
Tirol;2024-07-16;119.52
Tirol;2024-07-17;119.31
Tirol;2024-07-18;118.21
Tirol;2024-07-19;116.31
Tirol;2024-07-20;113.87
Tirol;2024-07-21;111.2
Tirol;2024-07-22;108.53
Tirol;2024-07-23;106.14
Tirol;2024-07-24;104.08
Tirol;2024-07-25;102.36
Tirol;2024-07-26;100.92
Tirol;2024-07-27;99.71
Tirol;2024-07-28;98.7
Tirol;2024-07-29;97.78
Tirol;2024-07-30;96.98
Tirol;2024-07-31;96.34
Tirol;2024-08-01;95.84
Tirol;2024-08-02;95.41
Tirol;2024-08-03;95.1
Tirol;2024-08-04;94.87
Tirol;2024-08-05;94.65
Tirol;2024-08-06;94.53
Tirol;2024-08-07;94.49
Tirol;2024-08-08;94.45
Tirol;2024-08-09;94.58
Tirol;2024-08-10;94.82
Tirol;2024-08-11;95.31
Tirol;2024-08-12;96.1
Tirol;2024-08-13;97.28
Tirol;2024-08-14;98.79
Tirol;2024-08-15;100.6
Tirol;2024-08-16;102.53
Tirol;2024-08-17;104.61
Tirol;2024-08-18;106.75
Tirol;2024-08-19;109.03
Tirol;2024-08-20;111.4
Tirol;2024-08-21;113.9
Tirol;2024-08-22;116.65
Tirol;2024-08-23;119.52
Tirol;2024-08-24;122.46
Tirol;2024-08-25;125.29
Tirol;2024-08-26;127.96
Tirol;2024-08-27;130.4
Tirol;2024-08-28;132.43
Tirol;2024-08-29;134.11
Tirol;2024-08-30;135.49
Tirol;2024-08-31;136.79
Tirol;2024-09-01;138.09
Tirol;2024-09-02;139.57
Tirol;2024-09-03;141.32
Tirol;2024-09-04;143.41
Tirol;2024-09-05;145.89
Tirol;2024-09-06;148.84
Tirol;2024-09-07;152.41
Tirol;2024-09-08;156.91
Tirol;2024-09-09;162.57
Tirol;2024-09-10;169.57
Tirol;2024-09-11;177.93
Tirol;2024-09-12;187.43
Tirol;2024-09-13;197.75
Tirol;2024-09-14;208.65
Tirol;2024-09-15;219.84
Tirol;2024-09-16;231.16
Tirol;2024-09-17;242.26
Tirol;2024-09-18;252.81
Tirol;2024-09-19;262.51
Tirol;2024-09-20;271.37
Tirol;2024-09-21;279.44
Tirol;2024-09-22;286.72
Tirol;2024-09-23;293.21
Tirol;2024-09-24;298.71
Tirol;2024-09-25;302.86
Tirol;2024-09-26;305.5
Tirol;2024-09-27;306.95
Tirol;2024-09-28;307.5
Tirol;2024-09-29;307.79
Tirol;2024-09-30;308.06
Tirol;2024-10-01;308.6
Tirol;2024-10-02;309.51
Tirol;2024-10-03;310.58
Tirol;2024-10-04;311.71
Tirol;2024-10-05;312.48
Tirol;2024-10-06;312.72
Tirol;2024-10-07;312.11
Tirol;2024-10-08;310.34
Tirol;2024-10-09;307.29
Tirol;2024-10-10;302.91
Tirol;2024-10-11;297.43
Tirol;2024-10-12;291.14
Tirol;2024-10-13;284.29
Tirol;2024-10-14;277.0
Tirol;2024-10-15;269.43
Tirol;2024-10-16;261.53
Tirol;2024-10-17;253.29
Tirol;2024-10-18;244.8
Tirol;2024-10-19;236.26
Tirol;2024-10-20;227.72
Tirol;2024-10-21;219.39
Tirol;2024-10-22;211.32
Tirol;2024-10-23;203.31
Salzburg;2022-09-01;82.53
Salzburg;2022-09-02;82.3
Salzburg;2022-09-03;82.42
Salzburg;2022-09-04;82.84
Salzburg;2022-09-05;83.49
Salzburg;2022-09-06;84.56
Salzburg;2022-09-07;85.95
Salzburg;2022-09-08;87.76
Salzburg;2022-09-09;90.05
Salzburg;2022-09-10;92.81
Salzburg;2022-09-11;96.27
Salzburg;2022-09-12;100.44
Salzburg;2022-09-13;105.44
Salzburg;2022-09-14;111.23
Salzburg;2022-09-15;117.73
Salzburg;2022-09-16;124.87
Salzburg;2022-09-17;132.67
Salzburg;2022-09-18;141.12
Salzburg;2022-09-19;150.27
Salzburg;2022-09-20;160.1
Salzburg;2022-09-21;170.57
Salzburg;2022-09-22;181.35
Salzburg;2022-09-23;192.31
Salzburg;2022-09-24;203.25
Salzburg;2022-09-25;213.85
Salzburg;2022-09-26;224.03
Salzburg;2022-09-27;233.74
Salzburg;2022-09-28;242.86
Salzburg;2022-09-29;251.19
Salzburg;2022-09-30;258.86
Salzburg;2022-10-01;265.44
Salzburg;2022-10-02;270.86
Salzburg;2022-10-03;274.73
Salzburg;2022-10-04;277.01
Salzburg;2022-10-05;277.74
Salzburg;2022-10-06;276.91
Salzburg;2022-10-07;274.58
Salzburg;2022-10-08;270.59
Salzburg;2022-10-09;264.61
Salzburg;2022-10-10;256.69
Salzburg;2022-10-11;247.01
Salzburg;2022-10-12;236.08
Salzburg;2022-10-13;224.35
Salzburg;2022-10-14;212.29
Salzburg;2022-10-15;200.31
Salzburg;2022-10-16;188.61
Salzburg;2022-10-17;177.57
Salzburg;2022-10-18;167.45
Salzburg;2022-10-19;158.2
Salzburg;2022-10-20;149.89
Salzburg;2022-10-21;142.24
Salzburg;2022-10-22;135.22
Salzburg;2022-10-23;128.62
Salzburg;2022-10-24;122.54
Salzburg;2022-10-25;116.87
Salzburg;2022-10-26;111.47
Salzburg;2022-10-27;106.53
Salzburg;2022-10-28;101.87
Salzburg;2022-10-29;97.78
Salzburg;2022-10-30;94.28
Salzburg;2022-10-31;91.49
Salzburg;2022-11-01;89.24
Salzburg;2022-11-02;87.63
Salzburg;2022-11-03;86.48
Salzburg;2022-11-04;85.66
Salzburg;2022-11-05;85.0
Salzburg;2022-11-06;84.58
Salzburg;2022-11-07;84.33
Salzburg;2022-11-08;84.15
Salzburg;2022-11-09;83.96
Salzburg;2022-11-10;83.85
Salzburg;2022-11-11;83.69
Salzburg;2022-11-12;83.47
Salzburg;2022-11-13;83.26
Salzburg;2022-11-14;82.96
Salzburg;2022-11-15;82.74
Salzburg;2022-11-16;82.77
Salzburg;2022-11-17;83.06
Salzburg;2022-11-18;83.54
Salzburg;2022-11-19;84.2
Salzburg;2022-11-20;85.04
Salzburg;2022-11-21;86.17
Salzburg;2022-11-22;87.44
Salzburg;2022-11-23;88.92
Salzburg;2022-11-24;90.64
Salzburg;2022-11-25;92.4
Salzburg;2022-11-26;94.3
Salzburg;2022-11-27;96.08
Salzburg;2022-11-28;97.85
Salzburg;2022-11-29;99.67
Salzburg;2022-11-30;101.44
Salzburg;2022-12-01;103.23
Salzburg;2022-12-02;105.03
Salzburg;2022-12-03;106.88
Salzburg;2022-12-04;109.11
Salzburg;2022-12-05;110.15
Salzburg;2022-12-06;112.35
Salzburg;2022-12-07;114.97
Salzburg;2022-12-08;117.85
Salzburg;2022-12-09;120.87
Salzburg;2022-12-10;123.86
Salzburg;2022-12-11;126.6
Salzburg;2022-12-12;129.09
Salzburg;2022-12-13;131.29
Salzburg;2022-12-14;133.46
Salzburg;2022-12-15;135.55
Salzburg;2022-12-16;137.54
Salzburg;2022-12-17;139.52
Salzburg;2022-12-18;141.26
Salzburg;2022-12-19;142.77
Salzburg;2022-12-20;144.01
Salzburg;2022-12-21;144.85
Salzburg;2022-12-22;145.37
Salzburg;2022-12-23;145.51
Salzburg;2022-12-24;145.52
Salzburg;2022-12-25;145.19
Salzburg;2022-12-26;144.63
Salzburg;2022-12-27;143.83
Salzburg;2022-12-28;142.65
Salzburg;2022-12-29;141.14
Salzburg;2022-12-30;139.33
Salzburg;2022-12-31;137.27
Salzburg;2023-01-01;135.06
Salzburg;2023-01-02;132.96
Salzburg;2023-01-03;131.11
Salzburg;2023-01-04;129.88
Salzburg;2023-01-05;129.14
Salzburg;2023-01-06;128.8
Salzburg;2023-01-07;128.46
Salzburg;2023-01-08;128.07
Salzburg;2023-01-09;127.44
Salzburg;2023-01-10;126.42
Salzburg;2023-01-11;125.18
Salzburg;2023-01-12;123.83
Salzburg;2023-01-13;122.45
Salzburg;2023-01-14;121.24
Salzburg;2023-01-15;120.39
Salzburg;2023-01-16;120.14
Salzburg;2023-01-17;120.59
Salzburg;2023-01-18;121.79
Salzburg;2023-01-19;123.83
Salzburg;2023-01-20;126.49
Salzburg;2023-01-21;129.84
Salzburg;2023-01-22;133.93
Salzburg;2023-01-23;138.8
Salzburg;2023-01-24;144.47
Salzburg;2023-01-25;150.79
Salzburg;2023-01-26;157.83
Salzburg;2023-01-27;165.32
Salzburg;2023-01-28;173.2
Salzburg;2023-01-29;181.44
Salzburg;2023-01-30;190.15
Salzburg;2023-01-31;199.41
Salzburg;2023-02-01;209.17
Salzburg;2023-02-02;219.3
Salzburg;2023-02-03;229.47
Salzburg;2023-02-04;239.23
Salzburg;2023-02-05;248.24
Salzburg;2023-02-06;256.11
Salzburg;2023-02-07;262.76
Salzburg;2023-02-08;268.34
Salzburg;2023-02-09;272.86
Salzburg;2023-02-10;276.48
Salzburg;2023-02-11;279.41
Salzburg;2023-02-12;281.7
Salzburg;2023-02-13;283.34
Salzburg;2023-02-14;284.54
Salzburg;2023-02-15;285.4
Salzburg;2023-02-16;286.0
Salzburg;2023-02-17;286.34
Salzburg;2023-02-18;286.52
Salzburg;2023-02-19;286.55
Salzburg;2023-02-20;286.53
Salzburg;2023-02-21;286.54
Salzburg;2023-02-22;286.65
Salzburg;2023-02-23;286.82
Salzburg;2023-02-24;286.84
Salzburg;2023-02-25;286.44
Salzburg;2023-02-26;285.49
Salzburg;2023-02-27;283.66
Salzburg;2023-02-28;280.93
Salzburg;2023-03-01;277.26
Salzburg;2023-03-02;272.68
Salzburg;2023-03-03;267.11
Salzburg;2023-03-04;260.32
Salzburg;2023-03-05;252.22
Salzburg;2023-03-06;242.81
Salzburg;2023-03-07;232.52
Salzburg;2023-03-08;221.86
Salzburg;2023-03-09;211.23
Salzburg;2023-03-10;200.84
Salzburg;2023-03-11;190.84
Salzburg;2023-03-12;181.54
Salzburg;2023-03-13;173.07
Salzburg;2023-03-14;165.87
Salzburg;2023-03-15;159.73
Salzburg;2023-03-16;154.66
Salzburg;2023-03-17;150.27
Salzburg;2023-03-18;146.08
Salzburg;2023-03-19;141.87
Salzburg;2023-03-20;137.48
Salzburg;2023-03-21;132.95
Salzburg;2023-03-22;128.26
Salzburg;2023-03-23;123.62
Salzburg;2023-03-24;118.98
Salzburg;2023-03-25;114.35
Salzburg;2023-03-26;109.85
Salzburg;2023-03-27;105.44
Salzburg;2023-03-28;101.3
Salzburg;2023-03-29;97.54
Salzburg;2023-03-30;93.98
Salzburg;2023-03-31;90.78
Salzburg;2023-04-01;87.69
Salzburg;2023-04-02;84.78
Salzburg;2023-04-03;82.14
Salzburg;2023-04-04;79.82
Salzburg;2023-04-05;77.9
Salzburg;2023-04-06;76.31
Salzburg;2023-04-07;74.93
Salzburg;2023-04-08;73.79
Salzburg;2023-04-09;72.62
Salzburg;2023-04-10;71.53
Salzburg;2023-04-11;70.41
Salzburg;2023-04-12;69.44
Salzburg;2023-04-13;68.51
Salzburg;2023-04-14;67.65
Salzburg;2023-04-15;66.72
Salzburg;2023-04-16;65.85
Salzburg;2023-04-17;64.92
Salzburg;2023-04-18;64.2
Salzburg;2023-04-19;63.66
Salzburg;2023-04-20;63.31
Salzburg;2023-04-21;63.03
Salzburg;2023-04-22;62.7
Salzburg;2023-04-23;62.17
Salzburg;2023-04-24;61.36
Salzburg;2023-04-25;60.42
Salzburg;2023-04-26;59.46
Salzburg;2023-04-27;58.45
Salzburg;2023-04-28;57.54
Salzburg;2023-04-29;56.57
Salzburg;2023-04-30;55.64
Salzburg;2023-05-01;54.56
Salzburg;2023-05-02;53.44
Salzburg;2023-05-03;52.26
Salzburg;2023-05-04;50.86
Salzburg;2023-05-05;49.39
Salzburg;2023-05-06;47.75
Salzburg;2023-05-07;46.02
Salzburg;2023-05-08;44.18
Salzburg;2023-05-09;42.22
Salzburg;2023-05-10;40.32
Salzburg;2023-05-11;38.41
Salzburg;2023-05-12;36.58
Salzburg;2023-05-13;34.84
Salzburg;2023-05-14;33.21
Salzburg;2023-05-15;31.76
Salzburg;2023-05-16;30.42
Salzburg;2023-05-17;29.22
Salzburg;2023-05-18;28.27
Salzburg;2023-05-19;27.37
Salzburg;2023-05-20;26.49
Salzburg;2023-05-21;25.65
Salzburg;2023-05-22;24.72
Salzburg;2023-05-23;23.92
Salzburg;2023-05-24;23.18
Salzburg;2023-05-25;22.45
Salzburg;2023-05-26;21.89
Salzburg;2023-05-27;21.43
Salzburg;2023-05-28;20.95
Salzburg;2023-05-29;20.57
Salzburg;2023-05-30;20.19
Salzburg;2023-05-31;19.87
Salzburg;2023-06-01;19.56
Salzburg;2023-06-02;19.29
Salzburg;2023-06-03;19.07
Salzburg;2023-06-04;18.73
Salzburg;2023-06-05;18.49
Salzburg;2023-06-06;18.2
Salzburg;2023-06-07;17.87
Salzburg;2023-06-08;17.68
Salzburg;2023-06-09;17.48
Salzburg;2023-06-10;17.36
Salzburg;2023-06-11;17.25
Salzburg;2023-06-12;17.19
Salzburg;2023-06-13;17.16
Salzburg;2023-06-14;17.14
Salzburg;2023-06-15;17.14
Salzburg;2023-06-16;17.06
Salzburg;2023-06-17;17.05
Salzburg;2023-06-18;16.95
Salzburg;2023-06-19;16.8
Salzburg;2023-06-20;16.57
Salzburg;2023-06-21;16.36
Salzburg;2023-06-22;16.16
Salzburg;2023-06-23;15.91
Salzburg;2023-06-24;15.74
Salzburg;2023-06-25;15.57
Salzburg;2023-06-26;15.48
Salzburg;2023-06-27;15.48
Salzburg;2023-06-28;15.63
Salzburg;2023-06-29;15.87
Salzburg;2023-06-30;16.09
Salzburg;2023-07-01;16.47
Salzburg;2023-07-02;16.91
Salzburg;2023-07-03;17.34
Salzburg;2023-07-04;17.85
Salzburg;2023-07-05;18.43
Salzburg;2023-07-06;18.92
Salzburg;2023-07-07;19.51
Salzburg;2023-07-08;20.01
Salzburg;2023-07-09;20.5
Salzburg;2023-07-10;20.93
Salzburg;2023-07-11;21.27
Salzburg;2023-07-12;21.54
Salzburg;2023-07-13;21.72
Salzburg;2023-07-14;21.91
Salzburg;2023-07-15;21.98
Salzburg;2023-07-16;22.04
Salzburg;2023-07-17;22.2
Salzburg;2023-07-18;22.3
Salzburg;2023-07-19;22.59
Salzburg;2023-07-20;22.91
Salzburg;2023-07-21;23.23
Salzburg;2023-07-22;23.58
Salzburg;2023-07-23;23.85
Salzburg;2023-07-24;24.21
Salzburg;2023-07-25;24.57
Salzburg;2023-07-26;25.04
Salzburg;2023-07-27;25.59
Salzburg;2023-07-28;26.18
Salzburg;2023-07-29;26.84
Salzburg;2023-07-30;27.53
Salzburg;2023-07-31;28.24
Salzburg;2023-08-01;29.03
Salzburg;2023-08-02;29.92
Salzburg;2023-08-03;30.98
Salzburg;2023-08-04;32.12
Salzburg;2023-08-05;33.41
Salzburg;2023-08-06;34.79
Salzburg;2023-08-07;36.27
Salzburg;2023-08-08;37.93
Salzburg;2023-08-09;39.54
Salzburg;2023-08-10;41.18
Salzburg;2023-08-11;42.85
Salzburg;2023-08-12;44.37
Salzburg;2023-08-13;45.69
Salzburg;2023-08-14;46.93
Salzburg;2023-08-15;47.87
Salzburg;2023-08-16;48.73
Salzburg;2023-08-17;49.34
Salzburg;2023-08-18;49.93
Salzburg;2023-08-19;50.32
Salzburg;2023-08-20;50.5
Salzburg;2023-08-21;50.72
Salzburg;2023-08-22;50.72
Salzburg;2023-08-23;50.78
Salzburg;2023-08-24;50.8
Salzburg;2023-08-25;50.9
Salzburg;2023-08-26;51.17
Salzburg;2023-08-27;51.7
Salzburg;2023-08-28;52.51
Salzburg;2023-08-29;53.66
Salzburg;2023-08-30;55.1
Salzburg;2023-08-31;56.76
Salzburg;2023-09-01;58.53
Salzburg;2023-09-02;60.35
Salzburg;2023-09-03;62.17
Salzburg;2023-09-04;63.97
Salzburg;2023-09-05;65.98
Salzburg;2023-09-06;68.11
Salzburg;2023-09-07;70.58
Salzburg;2023-09-08;73.29
Salzburg;2023-09-09;76.1
Salzburg;2023-09-10;79.16
Salzburg;2023-09-11;82.41
Salzburg;2023-09-12;85.79
Salzburg;2023-09-13;89.32
Salzburg;2023-09-14;92.99
Salzburg;2023-09-15;96.83
Salzburg;2023-09-16;100.86
Salzburg;2023-09-17;105.11
Salzburg;2023-09-18;109.63
Salzburg;2023-09-19;114.43
Salzburg;2023-09-20;119.43
Salzburg;2023-09-21;124.54
Salzburg;2023-09-22;129.64
Salzburg;2023-09-23;134.6
Salzburg;2023-09-24;139.37
Salzburg;2023-09-25;143.8
Salzburg;2023-09-26;147.78
Salzburg;2023-09-27;151.34
Salzburg;2023-09-28;154.57
Salzburg;2023-09-29;157.34
Salzburg;2023-09-30;159.76
Salzburg;2023-10-01;161.7
Salzburg;2023-10-02;163.1
Salzburg;2023-10-03;164.1
Salzburg;2023-10-04;164.77
Salzburg;2023-10-05;165.25
Salzburg;2023-10-06;165.48
Salzburg;2023-10-07;165.53
Salzburg;2023-10-08;165.44
Salzburg;2023-10-09;165.09
Salzburg;2023-10-10;164.29
Salzburg;2023-10-11;163.01
Salzburg;2023-10-12;161.48
Salzburg;2023-10-13;159.68
Salzburg;2023-10-14;158.09
Salzburg;2023-10-15;156.88
Salzburg;2023-10-16;156.24
Salzburg;2023-10-17;156.25
Salzburg;2023-10-18;156.91
Salzburg;2023-10-19;158.11
Salzburg;2023-10-20;159.83
Salzburg;2023-10-21;161.93
Salzburg;2023-10-22;164.27
Salzburg;2023-10-23;166.81
Salzburg;2023-10-24;169.33
Salzburg;2023-10-25;171.63
Salzburg;2023-10-26;173.74
Salzburg;2023-10-27;175.77
Salzburg;2023-10-28;177.72
Salzburg;2023-10-29;179.69
Salzburg;2023-10-30;181.78
Salzburg;2023-10-31;183.94
Salzburg;2023-11-01;186.25
Salzburg;2023-11-02;188.79
Salzburg;2023-11-03;191.68
Salzburg;2023-11-04;195.07
Salzburg;2023-11-05;199.27
Salzburg;2023-11-06;204.64
Salzburg;2023-11-07;211.33
Salzburg;2023-11-08;219.27
Salzburg;2023-11-09;228.28
Salzburg;2023-11-10;237.8
Salzburg;2023-11-11;247.33
Salzburg;2023-11-12;256.5
Salzburg;2023-11-13;265.13
Salzburg;2023-11-14;273.49
Salzburg;2023-11-15;281.91
Salzburg;2023-11-16;290.52
Salzburg;2023-11-17;299.43
Salzburg;2023-11-18;308.73
Salzburg;2023-11-19;318.6
Salzburg;2023-11-20;329.04
Salzburg;2023-11-21;340.16
Salzburg;2023-11-22;351.74
Salzburg;2023-11-23;363.82
Salzburg;2023-11-24;375.96
Salzburg;2023-11-25;388.2
Salzburg;2023-11-26;400.22
Salzburg;2023-11-27;412.01
Salzburg;2023-11-28;423.6
Salzburg;2023-11-29;434.99
Salzburg;2023-11-30;446.27
Salzburg;2023-12-01;457.22
Salzburg;2023-12-02;467.64
Salzburg;2023-12-03;477.32
Salzburg;2023-12-04;485.93
Salzburg;2023-12-05;493.42
Salzburg;2023-12-06;499.72
Salzburg;2023-12-07;504.59
Salzburg;2023-12-08;507.8
Salzburg;2023-12-09;508.99
Salzburg;2023-12-10;507.66
Salzburg;2023-12-11;503.66
Salzburg;2023-12-12;497.45
Salzburg;2023-12-13;489.73
Salzburg;2023-12-14;480.98
Salzburg;2023-12-15;471.56
Salzburg;2023-12-16;461.78
Salzburg;2023-12-17;451.8
Salzburg;2023-12-18;441.85
Salzburg;2023-12-19;432.1
Salzburg;2023-12-20;422.94
Salzburg;2023-12-21;414.21
Salzburg;2023-12-22;405.85
Salzburg;2023-12-23;397.49
Salzburg;2023-12-24;389.12
Salzburg;2023-12-25;380.35
Salzburg;2023-12-26;371.0
Salzburg;2023-12-27;361.0
Salzburg;2023-12-28;350.3
Salzburg;2023-12-29;339.22
Salzburg;2023-12-30;327.86
Salzburg;2023-12-31;316.38
Salzburg;2024-01-01;304.95
Salzburg;2024-01-02;293.74
Salzburg;2024-01-03;282.67
Salzburg;2024-01-04;271.76
Salzburg;2024-01-05;260.94
Salzburg;2024-01-06;249.94
Salzburg;2024-01-07;238.79
Salzburg;2024-01-08;227.51
Salzburg;2024-01-09;216.19
Salzburg;2024-01-10;205.17
Salzburg;2024-01-11;194.48
Salzburg;2024-01-12;183.92
Salzburg;2024-01-13;173.56
Salzburg;2024-01-14;163.22
Salzburg;2024-01-15;153.0
Salzburg;2024-01-16;143.04
Salzburg;2024-01-17;133.28
Salzburg;2024-01-18;124.0
Salzburg;2024-01-19;115.06
Salzburg;2024-01-20;106.72
Salzburg;2024-01-21;98.92
Salzburg;2024-01-22;92.02
Salzburg;2024-01-23;85.78
Salzburg;2024-01-24;80.36
Salzburg;2024-01-25;75.53
Salzburg;2024-01-26;71.13
Salzburg;2024-01-27;67.09
Salzburg;2024-01-28;63.18
Salzburg;2024-01-29;59.38
Salzburg;2024-01-30;55.89
Salzburg;2024-01-31;52.64
Salzburg;2024-02-01;49.68
Salzburg;2024-02-02;46.9
Salzburg;2024-02-03;44.46
Salzburg;2024-02-04;42.09
Salzburg;2024-02-05;40.04
Salzburg;2024-02-06;38.24
Salzburg;2024-02-07;36.62
Salzburg;2024-02-08;35.31
Salzburg;2024-02-09;34.12
Salzburg;2024-02-10;33.03
Salzburg;2024-02-11;32.06
Salzburg;2024-02-12;31.14
Salzburg;2024-02-13;30.35
Salzburg;2024-02-14;29.67
Salzburg;2024-02-15;29.12
Salzburg;2024-02-16;28.51
Salzburg;2024-02-17;27.93
Salzburg;2024-02-18;27.32
Salzburg;2024-02-19;26.65
Salzburg;2024-02-20;25.95
Salzburg;2024-02-21;25.19
Salzburg;2024-02-22;24.45
Salzburg;2024-02-23;23.61
Salzburg;2024-02-24;22.71
Salzburg;2024-02-25;21.67
Salzburg;2024-02-26;20.61
Salzburg;2024-02-27;19.46
Salzburg;2024-02-28;18.25
Salzburg;2024-02-29;17.06
Salzburg;2024-03-01;15.96
Salzburg;2024-03-02;14.93
Salzburg;2024-03-03;13.99
Salzburg;2024-03-04;13.19
Salzburg;2024-03-05;12.5
Salzburg;2024-03-06;11.93
Salzburg;2024-03-07;11.46
Salzburg;2024-03-08;11.01
Salzburg;2024-03-09;10.65
Salzburg;2024-03-10;10.31
Salzburg;2024-03-11;9.98
Salzburg;2024-03-12;9.65
Salzburg;2024-03-13;9.29
Salzburg;2024-03-14;9.02
Salzburg;2024-03-15;8.75
Salzburg;2024-03-16;8.57
Salzburg;2024-03-17;8.4
Salzburg;2024-03-18;8.27
Salzburg;2024-03-19;8.31
Salzburg;2024-03-20;8.31
Salzburg;2024-03-21;8.5
Salzburg;2024-03-22;8.68
Salzburg;2024-03-23;8.81
Salzburg;2024-03-24;8.93
Salzburg;2024-03-25;9.04
Salzburg;2024-03-26;8.98
Salzburg;2024-03-27;8.91
Salzburg;2024-03-28;8.84
Salzburg;2024-03-29;8.67
Salzburg;2024-03-30;8.44
Salzburg;2024-03-31;8.25
Salzburg;2024-04-01;8.0
Salzburg;2024-04-02;7.74
Salzburg;2024-04-03;7.4
Salzburg;2024-04-04;7.13
Salzburg;2024-04-05;6.87
Salzburg;2024-04-06;6.62
Salzburg;2024-04-07;6.38
Salzburg;2024-04-08;6.25
Salzburg;2024-04-09;6.2
Salzburg;2024-04-10;6.23
Salzburg;2024-04-11;6.29
Salzburg;2024-04-12;6.44
Salzburg;2024-04-13;6.59
Salzburg;2024-04-14;6.74
Salzburg;2024-04-15;6.9
Salzburg;2024-04-16;7.12
Salzburg;2024-04-17;7.45
Salzburg;2024-04-18;7.77
Salzburg;2024-04-19;8.17
Salzburg;2024-04-20;8.57
Salzburg;2024-04-21;9.05
Salzburg;2024-04-22;9.55
Salzburg;2024-04-23;10.13
Salzburg;2024-04-24;10.8
Salzburg;2024-04-25;11.49
Salzburg;2024-04-26;12.27
Salzburg;2024-04-27;12.98
Salzburg;2024-04-28;13.73
Salzburg;2024-04-29;14.39
Salzburg;2024-04-30;14.93
Salzburg;2024-05-01;15.57
Salzburg;2024-05-02;16.05
Salzburg;2024-05-03;16.56
Salzburg;2024-05-04;17.01
Salzburg;2024-05-05;17.48
Salzburg;2024-05-06;17.9
Salzburg;2024-05-07;18.35
Salzburg;2024-05-08;18.91
Salzburg;2024-05-09;19.54
Salzburg;2024-05-10;20.29
Salzburg;2024-05-11;21.1
Salzburg;2024-05-12;21.93
Salzburg;2024-05-13;22.88
Salzburg;2024-05-14;23.85
Salzburg;2024-05-15;24.96
Salzburg;2024-05-16;26.08
Salzburg;2024-05-17;27.29
Salzburg;2024-05-18;28.49
Salzburg;2024-05-19;29.85
Salzburg;2024-05-20;31.21
Salzburg;2024-05-21;32.58
Salzburg;2024-05-22;34.07
Salzburg;2024-05-23;35.51
Salzburg;2024-05-24;36.98
Salzburg;2024-05-25;38.35
Salzburg;2024-05-26;39.5
Salzburg;2024-05-27;40.52
Salzburg;2024-05-28;41.36
Salzburg;2024-05-29;42.05
Salzburg;2024-05-30;42.69
Salzburg;2024-05-31;43.19
Salzburg;2024-06-01;43.71
Salzburg;2024-06-02;44.15
Salzburg;2024-06-03;44.63
Salzburg;2024-06-04;45.29
Salzburg;2024-06-05;46.15
Salzburg;2024-06-06;47.19
Salzburg;2024-06-07;48.5
Salzburg;2024-06-08;49.98
Salzburg;2024-06-09;51.56
Salzburg;2024-06-10;53.27
Salzburg;2024-06-11;55.15
Salzburg;2024-06-12;57.11
Salzburg;2024-06-13;59.14
Salzburg;2024-06-14;61.14
Salzburg;2024-06-15;63.13
Salzburg;2024-06-16;65.06
Salzburg;2024-06-17;66.76
Salzburg;2024-06-18;68.39
Salzburg;2024-06-19;69.88
Salzburg;2024-06-20;71.22
Salzburg;2024-06-21;72.51
Salzburg;2024-06-22;73.77
Salzburg;2024-06-23;75.07
Salzburg;2024-06-24;76.45
Salzburg;2024-06-25;78.01
Salzburg;2024-06-26;79.63
Salzburg;2024-06-27;81.43
Salzburg;2024-06-28;83.15
Salzburg;2024-06-29;84.74
Salzburg;2024-06-30;86.17
Salzburg;2024-07-01;87.4
Salzburg;2024-07-02;88.61
Salzburg;2024-07-03;89.96
Salzburg;2024-07-04;91.64
Salzburg;2024-07-05;93.47
Salzburg;2024-07-06;95.36
Salzburg;2024-07-07;97.41
Salzburg;2024-07-08;99.44
Salzburg;2024-07-09;101.44
Salzburg;2024-07-10;103.49
Salzburg;2024-07-11;105.41
Salzburg;2024-07-12;106.96
Salzburg;2024-07-13;108.03
Salzburg;2024-07-14;108.26
Salzburg;2024-07-15;107.65
Salzburg;2024-07-16;106.41
Salzburg;2024-07-17;104.86
Salzburg;2024-07-18;103.15
Salzburg;2024-07-19;101.38
Salzburg;2024-07-20;99.74
Salzburg;2024-07-21;98.23
Salzburg;2024-07-22;96.98
Salzburg;2024-07-23;96.19
Salzburg;2024-07-24;95.94
Salzburg;2024-07-25;96.3
Salzburg;2024-07-26;96.96
Salzburg;2024-07-27;97.91
Salzburg;2024-07-28;99.0
Salzburg;2024-07-29;100.18
Salzburg;2024-07-30;101.18
Salzburg;2024-07-31;102.1
Salzburg;2024-08-01;102.82
Salzburg;2024-08-02;103.24
Salzburg;2024-08-03;103.5
Salzburg;2024-08-04;103.52
Salzburg;2024-08-05;103.23
Salzburg;2024-08-06;102.63
Salzburg;2024-08-07;101.81
Salzburg;2024-08-08;100.89
Salzburg;2024-08-09;99.98
Salzburg;2024-08-10;99.12
Salzburg;2024-08-11;98.53
Salzburg;2024-08-12;98.32
Salzburg;2024-08-13;98.55
Salzburg;2024-08-14;99.27
Salzburg;2024-08-15;100.27
Salzburg;2024-08-16;101.6
Salzburg;2024-08-17;103.1
Salzburg;2024-08-18;104.72
Salzburg;2024-08-19;106.46
Salzburg;2024-08-20;108.25
Salzburg;2024-08-21;110.05
Salzburg;2024-08-22;111.82
Salzburg;2024-08-23;113.56
Salzburg;2024-08-24;115.22
Salzburg;2024-08-25;116.86
Salzburg;2024-08-26;118.42
Salzburg;2024-08-27;120.03
Salzburg;2024-08-28;121.66
Salzburg;2024-08-29;123.26
Salzburg;2024-08-30;124.9
Salzburg;2024-08-31;126.47
Salzburg;2024-09-01;127.92
Salzburg;2024-09-02;129.36
Salzburg;2024-09-03;130.9
Salzburg;2024-09-04;132.52
Salzburg;2024-09-05;134.34
Salzburg;2024-09-06;136.51
Salzburg;2024-09-07;139.09
Salzburg;2024-09-08;142.33
Salzburg;2024-09-09;146.41
Salzburg;2024-09-10;151.69
Salzburg;2024-09-11;158.26
Salzburg;2024-09-12;166.01
Salzburg;2024-09-13;174.72
Salzburg;2024-09-14;184.29
Salzburg;2024-09-15;194.58
Salzburg;2024-09-16;205.64
Salzburg;2024-09-17;217.58
Salzburg;2024-09-18;230.34
Salzburg;2024-09-19;243.54
Salzburg;2024-09-20;256.88
Salzburg;2024-09-21;269.71
Salzburg;2024-09-22;281.62
Salzburg;2024-09-23;292.21
Salzburg;2024-09-24;301.3
Salzburg;2024-09-25;308.94
Salzburg;2024-09-26;315.06
Salzburg;2024-09-27;319.8
Salzburg;2024-09-28;323.01
Salzburg;2024-09-29;324.43
Salzburg;2024-09-30;324.29
Salzburg;2024-10-01;322.87
Salzburg;2024-10-02;320.7
Salzburg;2024-10-03;318.05
Salzburg;2024-10-04;314.91
Salzburg;2024-10-05;311.24
Salzburg;2024-10-06;306.89
Salzburg;2024-10-07;301.88
Salzburg;2024-10-08;296.53
Salzburg;2024-10-09;291.07
Salzburg;2024-10-10;285.76
Salzburg;2024-10-11;280.51
Salzburg;2024-10-12;275.25
Salzburg;2024-10-13;269.98
Salzburg;2024-10-14;264.85
Salzburg;2024-10-15;260.04
Salzburg;2024-10-16;255.88
Salzburg;2024-10-17;252.17
Salzburg;2024-10-18;248.74
Salzburg;2024-10-19;245.41
Salzburg;2024-10-20;241.9
Salzburg;2024-10-21;238.1
Salzburg;2024-10-22;234.2
Salzburg;2024-10-23;226.03
Salzburg;2024-10-24;228.08
Salzburg;2024-10-25;224.65
Salzburg;2024-10-26;221.69
Salzburg;2024-10-27;219.35
Kärnten;2022-09-01;91.93
Kärnten;2022-09-02;92.6
Kärnten;2022-09-03;93.42
Kärnten;2022-09-04;94.26
Kärnten;2022-09-05;95.26
Kärnten;2022-09-06;96.49
Kärnten;2022-09-07;98.06
Kärnten;2022-09-08;100.1
Kärnten;2022-09-09;102.63
Kärnten;2022-09-10;105.79
Kärnten;2022-09-11;109.59
Kärnten;2022-09-12;114.13
Kärnten;2022-09-13;119.53
Kärnten;2022-09-14;125.61
Kärnten;2022-09-15;132.44
Kärnten;2022-09-16;139.83
Kärnten;2022-09-17;147.76
Kärnten;2022-09-18;156.35
Kärnten;2022-09-19;165.65
Kärnten;2022-09-20;175.51
Kärnten;2022-09-21;185.95
Kärnten;2022-09-22;196.86
Kärnten;2022-09-23;208.04
Kärnten;2022-09-24;219.28
Kärnten;2022-09-25;230.43
Kärnten;2022-09-26;241.09
Kärnten;2022-09-27;250.96
Kärnten;2022-09-28;259.82
Kärnten;2022-09-29;267.53
Kärnten;2022-09-30;274.11
Kärnten;2022-10-01;279.59
Kärnten;2022-10-02;283.96
Kärnten;2022-10-03;287.14
Kärnten;2022-10-04;289.35
Kärnten;2022-10-05;290.7
Kärnten;2022-10-06;291.32
Kärnten;2022-10-07;291.07
Kärnten;2022-10-08;289.69
Kärnten;2022-10-09;286.82
Kärnten;2022-10-10;282.26
Kärnten;2022-10-11;276.07
Kärnten;2022-10-12;268.42
Kärnten;2022-10-13;259.63
Kärnten;2022-10-14;250.03
Kärnten;2022-10-15;239.98
Kärnten;2022-10-16;229.65
Kärnten;2022-10-17;219.34
Kärnten;2022-10-18;209.14
Kärnten;2022-10-19;199.23
Kärnten;2022-10-20;189.79
Kärnten;2022-10-21;180.74
Kärnten;2022-10-22;172.12
Kärnten;2022-10-23;164.07
Kärnten;2022-10-24;156.55
Kärnten;2022-10-25;149.5
Kärnten;2022-10-26;142.89
Kärnten;2022-10-27;136.59
Kärnten;2022-10-28;130.6
Kärnten;2022-10-29;125.01
Kärnten;2022-10-30;119.77
Kärnten;2022-10-31;115.07
Kärnten;2022-11-01;110.83
Kärnten;2022-11-02;107.12
Kärnten;2022-11-03;103.89
Kärnten;2022-11-04;101.06
Kärnten;2022-11-05;98.66
Kärnten;2022-11-06;96.79
Kärnten;2022-11-07;95.39
Kärnten;2022-11-08;94.66
Kärnten;2022-11-09;94.59
Kärnten;2022-11-10;95.09
Kärnten;2022-11-11;95.98
Kärnten;2022-11-12;97.09
Kärnten;2022-11-13;98.37
Kärnten;2022-11-14;99.78
Kärnten;2022-11-15;101.31
Kärnten;2022-11-16;103.1
Kärnten;2022-11-17;105.0
Kärnten;2022-11-18;107.05
Kärnten;2022-11-19;109.14
Kärnten;2022-11-20;111.18
Kärnten;2022-11-21;113.19
Kärnten;2022-11-22;115.32
Kärnten;2022-11-23;117.58
Kärnten;2022-11-24;120.02
Kärnten;2022-11-25;122.47
Kärnten;2022-11-26;124.88
Kärnten;2022-11-27;127.11
Kärnten;2022-11-28;128.99
Kärnten;2022-11-29;130.56
Kärnten;2022-11-30;131.7
Kärnten;2022-12-01;132.48
Kärnten;2022-12-02;133.17
Kärnten;2022-12-03;133.71
Kärnten;2022-12-04;134.32
Kärnten;2022-12-05;135.11
Kärnten;2022-12-06;136.23
Kärnten;2022-12-07;137.72
Kärnten;2022-12-08;139.56
Kärnten;2022-12-09;141.62
Kärnten;2022-12-10;143.85
Kärnten;2022-12-11;146.27
Kärnten;2022-12-12;148.85
Kärnten;2022-12-13;151.57
Kärnten;2022-12-14;154.49
Kärnten;2022-12-15;157.47
Kärnten;2022-12-16;160.43
Kärnten;2022-12-17;163.13
Kärnten;2022-12-18;165.4
Kärnten;2022-12-19;167.09
Kärnten;2022-12-20;168.07
Kärnten;2022-12-21;168.31
Kärnten;2022-12-22;168.04
Kärnten;2022-12-23;167.3
Kärnten;2022-12-24;166.27
Kärnten;2022-12-25;164.99
Kärnten;2022-12-26;163.43
Kärnten;2022-12-27;161.68
Kärnten;2022-12-28;159.74
Kärnten;2022-12-29;157.57
Kärnten;2022-12-30;155.3
Kärnten;2022-12-31;152.88
Kärnten;2023-01-01;150.35
Kärnten;2023-01-02;147.7
Kärnten;2023-01-03;144.87
Kärnten;2023-01-04;141.86
Kärnten;2023-01-05;138.75
Kärnten;2023-01-06;135.6
Kärnten;2023-01-07;132.39
Kärnten;2023-01-08;129.22
Kärnten;2023-01-09;126.23
Kärnten;2023-01-10;123.45
Kärnten;2023-01-11;120.92
Kärnten;2023-01-12;118.66
Kärnten;2023-01-13;116.6
Kärnten;2023-01-14;114.67
Kärnten;2023-01-15;108.13
Kärnten;2023-01-16;106.52
Kärnten;2023-01-17;104.97
Kärnten;2023-01-18;103.59
Kärnten;2023-01-19;102.43
Kärnten;2023-01-20;101.53
Kärnten;2023-01-21;101.07
Kärnten;2023-01-22;101.05
Kärnten;2023-01-23;101.7
Kärnten;2023-01-24;103.02
Kärnten;2023-01-25;105.03
Kärnten;2023-01-26;107.6
Kärnten;2023-01-27;110.67
Kärnten;2023-01-28;114.05
Kärnten;2023-01-29;117.72
Kärnten;2023-01-30;121.79
Kärnten;2023-01-31;126.19
Kärnten;2023-02-01;130.91
Kärnten;2023-02-02;135.93
Kärnten;2023-02-03;141.12
Kärnten;2023-02-04;146.36
Kärnten;2023-02-05;151.52
Kärnten;2023-02-06;156.66
Kärnten;2023-02-07;161.8
Kärnten;2023-02-08;167.05
Kärnten;2023-02-09;172.4
Kärnten;2023-02-10;177.82
Kärnten;2023-02-11;183.22
Kärnten;2023-02-12;188.63
Kärnten;2023-02-13;193.94
Kärnten;2023-02-14;199.34
Kärnten;2023-02-15;204.78
Kärnten;2023-02-16;210.25
Kärnten;2023-02-17;215.53
Kärnten;2023-02-18;220.35
Kärnten;2023-02-19;224.48
Kärnten;2023-02-20;227.72
Kärnten;2023-02-21;230.23
Kärnten;2023-02-22;232.15
Kärnten;2023-02-23;233.59
Kärnten;2023-02-24;234.66
Kärnten;2023-02-25;235.42
Kärnten;2023-02-26;235.87
Kärnten;2023-02-27;235.87
Kärnten;2023-02-28;235.44
Kärnten;2023-03-01;234.43
Kärnten;2023-03-02;232.9
Kärnten;2023-03-03;230.83
Kärnten;2023-03-04;228.27
Kärnten;2023-03-05;225.31
Kärnten;2023-03-06;221.92
Kärnten;2023-03-07;218.17
Kärnten;2023-03-08;214.23
Kärnten;2023-03-09;210.08
Kärnten;2023-03-10;205.82
Kärnten;2023-03-11;201.32
Kärnten;2023-03-12;196.61
Kärnten;2023-03-13;191.72
Kärnten;2023-03-14;186.62
Kärnten;2023-03-15;181.44
Kärnten;2023-03-16;176.21
Kärnten;2023-03-17;170.93
Kärnten;2023-03-18;165.61
Kärnten;2023-03-19;160.28
Kärnten;2023-03-20;154.94
Kärnten;2023-03-21;149.7
Kärnten;2023-03-22;144.51
Kärnten;2023-03-23;139.45
Kärnten;2023-03-24;134.43
Kärnten;2023-03-25;129.46
Kärnten;2023-03-26;124.4
Kärnten;2023-03-27;119.36
Kärnten;2023-03-28;114.4
Kärnten;2023-03-29;109.63
Kärnten;2023-03-30;105.11
Kärnten;2023-03-31;100.84
Kärnten;2023-04-01;96.81
Kärnten;2023-04-02;93.04
Kärnten;2023-04-03;89.59
Kärnten;2023-04-04;86.43
Kärnten;2023-04-05;83.61
Kärnten;2023-04-06;81.11
Kärnten;2023-04-07;78.76
Kärnten;2023-04-08;76.6
Kärnten;2023-04-09;74.55
Kärnten;2023-04-10;72.67
Kärnten;2023-04-11;70.93
Kärnten;2023-04-12;69.23
Kärnten;2023-04-13;67.59
Kärnten;2023-04-14;65.97
Kärnten;2023-04-15;64.33
Kärnten;2023-04-16;62.67
Kärnten;2023-04-17;61.01
Kärnten;2023-04-18;59.44
Kärnten;2023-04-19;57.98
Kärnten;2023-04-20;56.62
Kärnten;2023-04-21;55.28
Kärnten;2023-04-22;54.02
Kärnten;2023-04-23;52.71
Kärnten;2023-04-24;51.42
Kärnten;2023-04-25;50.01
Kärnten;2023-04-26;48.51
Kärnten;2023-04-27;46.98
Kärnten;2023-04-28;45.39
Kärnten;2023-04-29;43.84
Kärnten;2023-04-30;42.24
Kärnten;2023-05-01;40.76
Kärnten;2023-05-02;39.4
Kärnten;2023-05-03;38.1
Kärnten;2023-05-04;36.88
Kärnten;2023-05-05;35.71
Kärnten;2023-05-06;34.57
Kärnten;2023-05-07;33.4
Kärnten;2023-05-08;32.24
Kärnten;2023-05-09;31.02
Kärnten;2023-05-10;29.81
Kärnten;2023-05-11;28.62
Kärnten;2023-05-12;27.43
Kärnten;2023-05-13;26.28
Kärnten;2023-05-14;25.21
Kärnten;2023-05-15;24.18
Kärnten;2023-05-16;23.27
Kärnten;2023-05-17;22.42
Kärnten;2023-05-18;21.68
Kärnten;2023-05-19;20.97
Kärnten;2023-05-20;20.34
Kärnten;2023-05-21;19.71
Kärnten;2023-05-22;19.07
Kärnten;2023-05-23;18.43
Kärnten;2023-05-24;17.81
Kärnten;2023-05-25;17.22
Kärnten;2023-05-26;16.64
Kärnten;2023-05-27;16.05
Kärnten;2023-05-28;15.54
Kärnten;2023-05-29;15.06
Kärnten;2023-05-30;14.64
Kärnten;2023-05-31;14.24
Kärnten;2023-06-01;13.89
Kärnten;2023-06-02;13.52
Kärnten;2023-06-03;13.21
Kärnten;2023-06-04;12.81
Kärnten;2023-06-05;12.42
Kärnten;2023-06-06;12.02
Kärnten;2023-06-07;11.59
Kärnten;2023-06-08;11.15
Kärnten;2023-06-09;10.7
Kärnten;2023-06-10;10.27
Kärnten;2023-06-11;9.86
Kärnten;2023-06-12;9.45
Kärnten;2023-06-13;9.03
Kärnten;2023-06-14;8.64
Kärnten;2023-06-15;8.25
Kärnten;2023-06-16;7.84
Kärnten;2023-06-17;7.49
Kärnten;2023-06-18;7.22
Kärnten;2023-06-19;6.99
Kärnten;2023-06-20;6.79
Kärnten;2023-06-21;6.63
Kärnten;2023-06-22;6.6
Kärnten;2023-06-23;6.56
Kärnten;2023-06-24;6.5
Kärnten;2023-06-25;6.52
Kärnten;2023-06-26;6.49
Kärnten;2023-06-27;6.51
Kärnten;2023-06-28;6.51
Kärnten;2023-06-29;6.52
Kärnten;2023-06-30;6.53
Kärnten;2023-07-01;6.62
Kärnten;2023-07-02;6.73
Kärnten;2023-07-03;6.94
Kärnten;2023-07-04;7.2
Kärnten;2023-07-05;7.5
Kärnten;2023-07-06;7.89
Kärnten;2023-07-07;8.25
Kärnten;2023-07-08;8.57
Kärnten;2023-07-09;8.92
Kärnten;2023-07-10;9.19
Kärnten;2023-07-11;9.38
Kärnten;2023-07-12;9.62
Kärnten;2023-07-13;9.82
Kärnten;2023-07-14;10.02
Kärnten;2023-07-15;10.27
Kärnten;2023-07-16;10.57
Kärnten;2023-07-17;10.87
Kärnten;2023-07-18;11.25
Kärnten;2023-07-19;11.73
Kärnten;2023-07-20;12.28
Kärnten;2023-07-21;12.89
Kärnten;2023-07-22;13.6
Kärnten;2023-07-23;14.36
Kärnten;2023-07-24;15.18
Kärnten;2023-07-25;16.13
Kärnten;2023-07-26;17.16
Kärnten;2023-07-27;18.2
Kärnten;2023-07-28;19.23
Kärnten;2023-07-29;20.21
Kärnten;2023-07-30;21.09
Kärnten;2023-07-31;21.84
Kärnten;2023-08-01;22.46
Kärnten;2023-08-02;22.96
Kärnten;2023-08-03;23.52
Kärnten;2023-08-04;24.06
Kärnten;2023-08-05;24.66
Kärnten;2023-08-06;25.36
Kärnten;2023-08-07;26.15
Kärnten;2023-08-08;27.09
Kärnten;2023-08-09;28.11
Kärnten;2023-08-10;29.23
Kärnten;2023-08-11;30.41
Kärnten;2023-08-12;31.66
Kärnten;2023-08-13;32.94
Kärnten;2023-08-14;34.32
Kärnten;2023-08-15;35.8
Kärnten;2023-08-16;37.35
Kärnten;2023-08-17;38.93
Kärnten;2023-08-18;40.63
Kärnten;2023-08-19;42.4
Kärnten;2023-08-20;44.18
Kärnten;2023-08-21;46.02
Kärnten;2023-08-22;47.93
Kärnten;2023-08-23;49.87
Kärnten;2023-08-24;51.78
Kärnten;2023-08-25;53.59
Kärnten;2023-08-26;55.11
Kärnten;2023-08-27;56.33
Kärnten;2023-08-28;57.17
Kärnten;2023-08-29;57.79
Kärnten;2023-08-30;58.25
Kärnten;2023-08-31;58.76
Kärnten;2023-09-01;59.29
Kärnten;2023-09-02;59.9
Kärnten;2023-09-03;60.57
Kärnten;2023-09-04;61.32
Kärnten;2023-09-05;62.22
Kärnten;2023-09-06;63.18
Kärnten;2023-09-07;64.27
Kärnten;2023-09-08;65.4
Kärnten;2023-09-09;66.63
Kärnten;2023-09-10;67.92
Kärnten;2023-09-11;69.26
Kärnten;2023-09-12;70.65
Kärnten;2023-09-13;72.14
Kärnten;2023-09-14;73.65
Kärnten;2023-09-15;75.19
Kärnten;2023-09-16;76.66
Kärnten;2023-09-17;78.28
Kärnten;2023-09-18;79.88
Kärnten;2023-09-19;81.56
Kärnten;2023-09-20;83.4
Kärnten;2023-09-21;85.41
Kärnten;2023-09-22;87.64
Kärnten;2023-09-23;90.1
Kärnten;2023-09-24;92.83
Kärnten;2023-09-25;95.95
Kärnten;2023-09-26;99.37
Kärnten;2023-09-27;103.07
Kärnten;2023-09-28;106.99
Kärnten;2023-09-29;110.91
Kärnten;2023-09-30;114.75
Kärnten;2023-10-01;118.34
Kärnten;2023-10-02;121.53
Kärnten;2023-10-03;124.37
Kärnten;2023-10-04;126.79
Kärnten;2023-10-05;128.92
Kärnten;2023-10-06;130.91
Kärnten;2023-10-07;132.95
Kärnten;2023-10-08;135.1
Kärnten;2023-10-09;137.58
Kärnten;2023-10-10;140.34
Kärnten;2023-10-11;143.4
Kärnten;2023-10-12;146.61
Kärnten;2023-10-13;149.88
Kärnten;2023-10-14;153.12
Kärnten;2023-10-15;156.15
Kärnten;2023-10-16;158.93
Kärnten;2023-10-17;161.37
Kärnten;2023-10-18;163.43
Kärnten;2023-10-19;165.16
Kärnten;2023-10-20;166.53
Kärnten;2023-10-21;167.64
Kärnten;2023-10-22;168.33
Kärnten;2023-10-23;168.71
Kärnten;2023-10-24;168.92
Kärnten;2023-10-25;169.07
Kärnten;2023-10-26;169.3
Kärnten;2023-10-27;169.73
Kärnten;2023-10-28;170.52
Kärnten;2023-10-29;171.82
Kärnten;2023-10-30;173.75
Kärnten;2023-10-31;176.45
Kärnten;2023-11-01;179.96
Kärnten;2023-11-02;184.3
Kärnten;2023-11-03;189.49
Kärnten;2023-11-04;195.75
Kärnten;2023-11-05;203.26
Kärnten;2023-11-06;212.31
Kärnten;2023-11-07;222.89
Kärnten;2023-11-08;235.02
Kärnten;2023-11-09;248.42
Kärnten;2023-11-10;262.73
Kärnten;2023-11-11;277.82
Kärnten;2023-11-12;293.5
Kärnten;2023-11-13;309.78
Kärnten;2023-11-14;326.49
Kärnten;2023-11-15;343.77
Kärnten;2023-11-16;361.49
Kärnten;2023-11-17;379.55
Kärnten;2023-11-18;397.98
Kärnten;2023-11-19;416.8
Kärnten;2023-11-20;435.97
Kärnten;2023-11-21;455.45
Kärnten;2023-11-22;475.08
Kärnten;2023-11-23;494.25
Kärnten;2023-11-24;512.2
Kärnten;2023-11-25;527.9
Kärnten;2023-11-26;540.47
Kärnten;2023-11-27;549.5
Kärnten;2023-11-28;555.4
Kärnten;2023-11-29;559.02
Kärnten;2023-11-30;561.22
Kärnten;2023-12-01;562.52
Kärnten;2023-12-02;563.14
Kärnten;2023-12-03;563.43
Kärnten;2023-12-04;563.53
Kärnten;2023-12-05;563.43
Kärnten;2023-12-06;563.33
Kärnten;2023-12-07;563.1
Kärnten;2023-12-08;562.73
Kärnten;2023-12-09;562.01
Kärnten;2023-12-10;560.81
Kärnten;2023-12-11;558.93
Kärnten;2023-12-12;556.19
Kärnten;2023-12-13;552.26
Kärnten;2023-12-14;547.27
Kärnten;2023-12-15;541.05
Kärnten;2023-12-16;533.43
Kärnten;2023-12-17;524.28
Kärnten;2023-12-18;513.45
Kärnten;2023-12-19;501.11
Kärnten;2023-12-20;487.53
Kärnten;2023-12-21;473.1
Kärnten;2023-12-22;458.07
Kärnten;2023-12-23;442.66
Kärnten;2023-12-24;427.07
Kärnten;2023-12-25;411.41
Kärnten;2023-12-26;395.8
Kärnten;2023-12-27;380.29
Kärnten;2023-12-28;364.93
Kärnten;2023-12-29;349.7
Kärnten;2023-12-30;334.52
Kärnten;2023-12-31;319.52
Kärnten;2024-01-01;304.65
Kärnten;2024-01-02;289.89
Kärnten;2024-01-03;275.24
Kärnten;2024-01-04;260.78
Kärnten;2024-01-05;246.56
Kärnten;2024-01-06;232.79
Kärnten;2024-01-07;219.53
Kärnten;2024-01-08;206.97
Kärnten;2024-01-09;195.25
Kärnten;2024-01-10;184.39
Kärnten;2024-01-11;174.26
Kärnten;2024-01-12;164.86
Kärnten;2024-01-13;156.05
Kärnten;2024-01-14;147.83
Kärnten;2024-01-15;140.27
Kärnten;2024-01-16;133.34
Kärnten;2024-01-17;126.92
Kärnten;2024-01-18;120.89
Kärnten;2024-01-19;115.18
Kärnten;2024-01-20;109.51
Kärnten;2024-01-21;103.89
Kärnten;2024-01-22;98.34
Kärnten;2024-01-23;92.92
Kärnten;2024-01-24;87.8
Kärnten;2024-01-25;82.97
Kärnten;2024-01-26;78.44
Kärnten;2024-01-27;74.21
Kärnten;2024-01-28;70.35
Kärnten;2024-01-29;66.88
Kärnten;2024-01-30;63.81
Kärnten;2024-01-31;61.2
Kärnten;2024-02-01;58.93
Kärnten;2024-02-02;56.91
Kärnten;2024-02-03;55.08
Kärnten;2024-02-04;53.3
Kärnten;2024-02-05;51.46
Kärnten;2024-02-06;49.48
Kärnten;2024-02-07;47.38
Kärnten;2024-02-08;45.06
Kärnten;2024-02-09;42.57
Kärnten;2024-02-10;40.16
Kärnten;2024-02-11;37.78
Kärnten;2024-02-12;35.48
Kärnten;2024-02-13;33.32
Kärnten;2024-02-14;31.28
Kärnten;2024-02-15;29.37
Kärnten;2024-02-16;27.58
Kärnten;2024-02-17;25.83
Kärnten;2024-02-18;24.14
Kärnten;2024-02-19;22.51
Kärnten;2024-02-20;21.01
Kärnten;2024-02-21;19.56
Kärnten;2024-02-22;18.21
Kärnten;2024-02-23;16.85
Kärnten;2024-02-24;15.63
Kärnten;2024-02-25;14.47
Kärnten;2024-02-26;13.37
Kärnten;2024-02-27;12.4
Kärnten;2024-02-28;11.56
Kärnten;2024-02-29;10.83
Kärnten;2024-03-01;10.22
Kärnten;2024-03-02;9.7
Kärnten;2024-03-03;9.27
Kärnten;2024-03-04;8.95
Kärnten;2024-03-05;8.64
Kärnten;2024-03-06;8.43
Kärnten;2024-03-07;8.23
Kärnten;2024-03-08;8.04
Kärnten;2024-03-09;7.91
Kärnten;2024-03-10;7.72
Kärnten;2024-03-11;7.56
Kärnten;2024-03-12;7.4
Kärnten;2024-03-13;7.18
Kärnten;2024-03-14;6.98
Kärnten;2024-03-15;6.74
Kärnten;2024-03-16;6.53
Kärnten;2024-03-17;6.28
Kärnten;2024-03-18;6.05
Kärnten;2024-03-19;5.82
Kärnten;2024-03-20;5.57
Kärnten;2024-03-21;5.37
Kärnten;2024-03-22;5.2
Kärnten;2024-03-23;5.02
Kärnten;2024-03-24;4.87
Kärnten;2024-03-25;4.75
Kärnten;2024-03-26;4.69
Kärnten;2024-03-27;4.63
Kärnten;2024-03-28;4.59
Kärnten;2024-03-29;4.62
Kärnten;2024-03-30;4.68
Kärnten;2024-03-31;4.73
Kärnten;2024-04-01;4.81
Kärnten;2024-04-02;4.91
Kärnten;2024-04-03;5.09
Kärnten;2024-04-04;5.25
Kärnten;2024-04-05;5.43
Kärnten;2024-04-06;5.59
Kärnten;2024-04-07;5.78
Kärnten;2024-04-08;5.98
Kärnten;2024-04-09;6.2
Kärnten;2024-04-10;6.42
Kärnten;2024-04-11;6.66
Kärnten;2024-04-12;6.89
Kärnten;2024-04-13;7.12
Kärnten;2024-04-14;7.32
Kärnten;2024-04-15;7.42
Kärnten;2024-04-16;7.52
Kärnten;2024-04-17;7.62
Kärnten;2024-04-18;7.67
Kärnten;2024-04-19;7.72
Kärnten;2024-04-20;7.75
Kärnten;2024-04-21;7.79
Kärnten;2024-04-22;7.89
Kärnten;2024-04-23;7.97
Kärnten;2024-04-24;8.09
Kärnten;2024-04-25;8.28
Kärnten;2024-04-26;8.45
Kärnten;2024-04-27;8.65
Kärnten;2024-04-28;8.82
Kärnten;2024-04-29;8.98
Kärnten;2024-04-30;9.13
Kärnten;2024-05-01;9.32
Kärnten;2024-05-02;9.47
Kärnten;2024-05-03;9.65
Kärnten;2024-05-04;9.84
Kärnten;2024-05-05;10.05
Kärnten;2024-05-06;10.34
Kärnten;2024-05-07;10.61
Kärnten;2024-05-08;10.97
Kärnten;2024-05-09;11.39
Kärnten;2024-05-10;11.87
Kärnten;2024-05-11;12.38
Kärnten;2024-05-12;12.98
Kärnten;2024-05-13;13.6
Kärnten;2024-05-14;14.29
Kärnten;2024-05-15;15.05
Kärnten;2024-05-16;15.83
Kärnten;2024-05-17;16.7
Kärnten;2024-05-18;17.52
Kärnten;2024-05-19;18.35
Kärnten;2024-05-20;19.13
Kärnten;2024-05-21;19.97
Kärnten;2024-05-22;20.79
Kärnten;2024-05-23;21.51
Kärnten;2024-05-24;22.25
Kärnten;2024-05-25;22.82
Kärnten;2024-05-26;23.25
Kärnten;2024-05-27;23.67
Kärnten;2024-05-28;23.9
Kärnten;2024-05-29;24.19
Kärnten;2024-05-30;24.49
Kärnten;2024-05-31;24.83
Kärnten;2024-06-01;25.2
Kärnten;2024-06-02;25.55
Kärnten;2024-06-03;26.0
Kärnten;2024-06-04;26.46
Kärnten;2024-06-05;26.99
Kärnten;2024-06-06;27.56
Kärnten;2024-06-07;28.21
Kärnten;2024-06-08;28.88
Kärnten;2024-06-09;29.59
Kärnten;2024-06-10;30.32
Kärnten;2024-06-11;31.1
Kärnten;2024-06-12;32.04
Kärnten;2024-06-13;33.12
Kärnten;2024-06-14;34.31
Kärnten;2024-06-15;35.69
Kärnten;2024-06-16;37.24
Kärnten;2024-06-17;38.96
Kärnten;2024-06-18;40.78
Kärnten;2024-06-19;42.67
Kärnten;2024-06-20;44.62
Kärnten;2024-06-21;46.53
Kärnten;2024-06-22;48.36
Kärnten;2024-06-23;50.07
Kärnten;2024-06-24;51.67
Kärnten;2024-06-25;53.22
Kärnten;2024-06-26;54.83
Kärnten;2024-06-27;56.4
Kärnten;2024-06-28;58.02
Kärnten;2024-06-29;59.64
Kärnten;2024-06-30;61.2
Kärnten;2024-07-01;62.7
Kärnten;2024-07-02;64.2
Kärnten;2024-07-03;65.7
Kärnten;2024-07-04;67.17
Kärnten;2024-07-05;68.63
Kärnten;2024-07-06;69.94
Kärnten;2024-07-07;71.15
Kärnten;2024-07-08;72.16
Kärnten;2024-07-09;72.99
Kärnten;2024-07-10;73.71
Kärnten;2024-07-11;74.31
Kärnten;2024-07-12;74.83
Kärnten;2024-07-13;75.19
Kärnten;2024-07-14;75.44
Kärnten;2024-07-15;75.52
Kärnten;2024-07-16;75.56
Kärnten;2024-07-17;75.75
Kärnten;2024-07-18;75.94
Kärnten;2024-07-19;76.29
Kärnten;2024-07-20;76.72
Kärnten;2024-07-21;77.29
Kärnten;2024-07-22;77.98
Kärnten;2024-07-23;78.83
Kärnten;2024-07-24;79.85
Kärnten;2024-07-25;81.1
Kärnten;2024-07-26;82.61
Kärnten;2024-07-27;84.4
Kärnten;2024-07-28;86.61
Kärnten;2024-07-29;89.24
Kärnten;2024-07-30;92.28
Kärnten;2024-07-31;95.57
Kärnten;2024-08-01;99.04
Kärnten;2024-08-02;102.52
Kärnten;2024-08-03;105.74
Kärnten;2024-08-04;108.54
Kärnten;2024-08-05;110.9
Kärnten;2024-08-06;112.85
Kärnten;2024-08-07;114.5
Kärnten;2024-08-08;115.97
Kärnten;2024-08-09;117.39
Kärnten;2024-08-10;118.82
Kärnten;2024-08-11;120.24
Kärnten;2024-08-12;121.79
Kärnten;2024-08-13;123.41
Kärnten;2024-08-14;125.1
Kärnten;2024-08-15;126.81
Kärnten;2024-08-16;128.48
Kärnten;2024-08-17;129.97
Kärnten;2024-08-18;131.2
Kärnten;2024-08-19;132.13
Kärnten;2024-08-20;132.86
Kärnten;2024-08-21;133.63
Kärnten;2024-08-22;134.48
Kärnten;2024-08-23;135.46
Kärnten;2024-08-24;136.71
Kärnten;2024-08-25;138.11
Kärnten;2024-08-26;139.71
Kärnten;2024-08-27;141.53
Kärnten;2024-08-28;143.51
Kärnten;2024-08-29;145.56
Kärnten;2024-08-30;147.55
Kärnten;2024-08-31;149.51
Kärnten;2024-09-01;151.22
Kärnten;2024-09-02;152.87
Kärnten;2024-09-03;154.62
Kärnten;2024-09-04;156.62
Kärnten;2024-09-05;159.07
Kärnten;2024-09-06;161.77
Kärnten;2024-09-07;164.82
Kärnten;2024-09-08;168.26
Kärnten;2024-09-09;172.1
Kärnten;2024-09-10;176.63
Kärnten;2024-09-11;182.0
Kärnten;2024-09-12;188.28
Kärnten;2024-09-13;195.4
Kärnten;2024-09-14;203.42
Kärnten;2024-09-15;212.46
Kärnten;2024-09-16;222.43
Kärnten;2024-09-17;233.26
Kärnten;2024-09-18;244.69
Kärnten;2024-09-19;256.41
Kärnten;2024-09-20;268.21
Kärnten;2024-09-21;279.61
Kärnten;2024-09-22;290.35
Kärnten;2024-09-23;300.18
Kärnten;2024-09-24;309.18
Kärnten;2024-09-25;317.33
Kärnten;2024-09-26;324.85
Kärnten;2024-09-27;331.65
Kärnten;2024-09-28;337.57
Kärnten;2024-09-29;342.66
Kärnten;2024-09-30;346.76
Kärnten;2024-10-01;350.03
Kärnten;2024-10-02;352.65
Kärnten;2024-10-03;354.58
Kärnten;2024-10-04;355.72
Kärnten;2024-10-05;355.68
Kärnten;2024-10-06;354.24
Kärnten;2024-10-07;351.24
Kärnten;2024-10-08;347.03
Kärnten;2024-10-09;342.03
Kärnten;2024-10-10;336.51
Kärnten;2024-10-11;330.79
Kärnten;2024-10-12;324.87
Kärnten;2024-10-13;318.98
Kärnten;2024-10-14;312.99
Kärnten;2024-10-15;306.9
Kärnten;2024-10-16;300.73
Kärnten;2024-10-17;294.5
Kärnten;2024-10-18;288.29
Kärnten;2024-10-19;282.18
Kärnten;2024-10-20;276.38
Kärnten;2024-10-21;271.06
Kärnten;2024-10-22;266.32
Oberösterreich;2022-09-01;76.4
Oberösterreich;2022-09-02;77.18
Oberösterreich;2022-09-03;78.02
Oberösterreich;2022-09-04;78.93
Oberösterreich;2022-09-05;79.98
Oberösterreich;2022-09-06;81.21
Oberösterreich;2022-09-07;82.66
Oberösterreich;2022-09-08;84.32
Oberösterreich;2022-09-09;86.34
Oberösterreich;2022-09-10;88.74
Oberösterreich;2022-09-11;91.52
Oberösterreich;2022-09-12;94.85
Oberösterreich;2022-09-13;98.7
Oberösterreich;2022-09-14;103.06
Oberösterreich;2022-09-15;107.84
Oberösterreich;2022-09-16;113.03
Oberösterreich;2022-09-17;118.79
Oberösterreich;2022-09-18;125.31
Oberösterreich;2022-09-19;132.59
Oberösterreich;2022-09-20;140.82
Oberösterreich;2022-09-21;149.97
Oberösterreich;2022-09-22;160.04
Oberösterreich;2022-09-23;170.85
Oberösterreich;2022-09-24;182.27
Oberösterreich;2022-09-25;194.33
Oberösterreich;2022-09-26;206.89
Oberösterreich;2022-09-27;219.44
Oberösterreich;2022-09-28;231.72
Oberösterreich;2022-09-29;243.41
Oberösterreich;2022-09-30;254.25
Oberösterreich;2022-10-01;263.98
Oberösterreich;2022-10-02;272.22
Oberösterreich;2022-10-03;278.58
Oberösterreich;2022-10-04;282.88
Oberösterreich;2022-10-05;285.1
Oberösterreich;2022-10-06;285.43
Oberösterreich;2022-10-07;284.15
Oberösterreich;2022-10-08;281.28
Oberösterreich;2022-10-09;276.8
Oberösterreich;2022-10-10;270.62
Oberösterreich;2022-10-11;262.83
Oberösterreich;2022-10-12;253.76
Oberösterreich;2022-10-13;243.61
Oberösterreich;2022-10-14;232.76
Oberösterreich;2022-10-15;221.49
Oberösterreich;2022-10-16;210.14
Oberösterreich;2022-10-17;198.87
Oberösterreich;2022-10-18;188.23
Oberösterreich;2022-10-19;178.33
Oberösterreich;2022-10-20;169.3
Oberösterreich;2022-10-21;161.0
Oberösterreich;2022-10-22;153.16
Oberösterreich;2022-10-23;145.83
Oberösterreich;2022-10-24;138.91
Oberösterreich;2022-10-25;132.26
Oberösterreich;2022-10-26;125.96
Oberösterreich;2022-10-27;119.93
Oberösterreich;2022-10-28;114.31
Oberösterreich;2022-10-29;109.14
Oberösterreich;2022-10-30;104.57
Oberösterreich;2022-10-31;100.68
Oberösterreich;2022-11-01;97.54
Oberösterreich;2022-11-02;95.01
Oberösterreich;2022-11-03;92.93
Oberösterreich;2022-11-04;91.27
Oberösterreich;2022-11-05;90.0
Oberösterreich;2022-11-06;88.98
Oberösterreich;2022-11-07;88.28
Oberösterreich;2022-11-08;88.02
Oberösterreich;2022-11-09;88.27
Oberösterreich;2022-11-10;88.89
Oberösterreich;2022-11-11;89.78
Oberösterreich;2022-11-12;90.77
Oberösterreich;2022-11-13;91.87
Oberösterreich;2022-11-14;93.06
Oberösterreich;2022-11-15;94.31
Oberösterreich;2022-11-16;95.7
Oberösterreich;2022-11-17;97.12
Oberösterreich;2022-11-18;98.53
Oberösterreich;2022-11-19;99.98
Oberösterreich;2022-11-20;101.33
Oberösterreich;2022-11-21;102.67
Oberösterreich;2022-11-22;103.89
Oberösterreich;2022-11-23;105.09
Oberösterreich;2022-11-24;106.29
Oberösterreich;2022-11-25;107.5
Oberösterreich;2022-11-26;108.63
Oberösterreich;2022-11-27;109.69
Oberösterreich;2022-11-28;110.67
Oberösterreich;2022-11-29;111.67
Oberösterreich;2022-11-30;112.72
Oberösterreich;2022-12-01;113.8
Oberösterreich;2022-12-02;114.96
Oberösterreich;2022-12-03;116.18
Oberösterreich;2022-12-04;117.43
Oberösterreich;2022-12-05;118.81
Oberösterreich;2022-12-06;120.43
Oberösterreich;2022-12-07;122.34
Oberösterreich;2022-12-08;124.54
Oberösterreich;2022-12-09;126.93
Oberösterreich;2022-12-10;129.29
Oberösterreich;2022-12-11;131.44
Oberösterreich;2022-12-12;133.45
Oberösterreich;2022-12-13;135.35
Oberösterreich;2022-12-14;137.29
Oberösterreich;2022-12-15;139.19
Oberösterreich;2022-12-16;141.09
Oberösterreich;2022-12-17;142.8
Oberösterreich;2022-12-18;144.13
Oberösterreich;2022-12-19;145.16
Oberösterreich;2022-12-20;145.77
Oberösterreich;2022-12-21;146.04
Oberösterreich;2022-12-22;146.1
Oberösterreich;2022-12-23;146.03
Oberösterreich;2022-12-24;145.77
Oberösterreich;2022-12-25;145.5
Oberösterreich;2022-12-26;145.02
Oberösterreich;2022-12-27;144.25
Oberösterreich;2022-12-28;143.09
Oberösterreich;2022-12-29;141.59
Oberösterreich;2022-12-30;139.73
Oberösterreich;2022-12-31;137.63
Oberösterreich;2023-01-01;135.33
Oberösterreich;2023-01-02;132.81
Oberösterreich;2023-01-03;130.17
Oberösterreich;2023-01-04;127.36
Oberösterreich;2023-01-05;124.58
Oberösterreich;2023-01-06;121.91
Oberösterreich;2023-01-07;119.55
Oberösterreich;2023-01-08;117.57
Oberösterreich;2023-01-09;116.2
Oberösterreich;2023-01-10;115.56
Oberösterreich;2023-01-11;115.44
Oberösterreich;2023-01-12;115.96
Oberösterreich;2023-01-13;116.94
Oberösterreich;2023-01-14;118.29
Oberösterreich;2023-01-15;118.55
Oberösterreich;2023-01-16;120.55
Oberösterreich;2023-01-17;122.98
Oberösterreich;2023-01-18;125.93
Oberösterreich;2023-01-19;129.28
Oberösterreich;2023-01-20;132.97
Oberösterreich;2023-01-21;136.83
Oberösterreich;2023-01-22;140.93
Oberösterreich;2023-01-23;145.16
Oberösterreich;2023-01-24;149.85
Oberösterreich;2023-01-25;155.05
Oberösterreich;2023-01-26;160.91
Oberösterreich;2023-01-27;167.27
Oberösterreich;2023-01-28;174.06
Oberösterreich;2023-01-29;181.31
Oberösterreich;2023-01-30;189.05
Oberösterreich;2023-01-31;197.3
Oberösterreich;2023-02-01;206.24
Oberösterreich;2023-02-02;215.78
Oberösterreich;2023-02-03;225.83
Oberösterreich;2023-02-04;236.32
Oberösterreich;2023-02-05;247.15
Oberösterreich;2023-02-06;258.45
Oberösterreich;2023-02-07;270.01
Oberösterreich;2023-02-08;281.72
Oberösterreich;2023-02-09;293.58
Oberösterreich;2023-02-10;305.33
Oberösterreich;2023-02-11;317.02
Oberösterreich;2023-02-12;328.49
Oberösterreich;2023-02-13;339.59
Oberösterreich;2023-02-14;350.32
Oberösterreich;2023-02-15;360.49
Oberösterreich;2023-02-16;369.97
Oberösterreich;2023-02-17;378.44
Oberösterreich;2023-02-18;385.33
Oberösterreich;2023-02-19;390.11
Oberösterreich;2023-02-20;392.27
Oberösterreich;2023-02-21;391.89
Oberösterreich;2023-02-22;389.08
Oberösterreich;2023-02-23;384.48
Oberösterreich;2023-02-24;378.74
Oberösterreich;2023-02-25;372.34
Oberösterreich;2023-02-26;365.82
Oberösterreich;2023-02-27;359.43
Oberösterreich;2023-02-28;353.24
Oberösterreich;2023-03-01;347.19
Oberösterreich;2023-03-02;341.4
Oberösterreich;2023-03-03;335.64
Oberösterreich;2023-03-04;329.99
Oberösterreich;2023-03-05;324.34
Oberösterreich;2023-03-06;318.82
Oberösterreich;2023-03-07;313.6
Oberösterreich;2023-03-08;308.65
Oberösterreich;2023-03-09;303.92
Oberösterreich;2023-03-10;299.2
Oberösterreich;2023-03-11;294.23
Oberösterreich;2023-03-12;288.84
Oberösterreich;2023-03-13;282.66
Oberösterreich;2023-03-14;275.4
Oberösterreich;2023-03-15;266.81
Oberösterreich;2023-03-16;257.2
Oberösterreich;2023-03-17;246.84
Oberösterreich;2023-03-18;236.16
Oberösterreich;2023-03-19;225.5
Oberösterreich;2023-03-20;215.08
Oberösterreich;2023-03-21;205.1
Oberösterreich;2023-03-22;195.58
Oberösterreich;2023-03-23;186.61
Oberösterreich;2023-03-24;177.98
Oberösterreich;2023-03-25;169.81
Oberösterreich;2023-03-26;162.16
Oberösterreich;2023-03-27;155.08
Oberösterreich;2023-03-28;148.74
Oberösterreich;2023-03-29;143.33
Oberösterreich;2023-03-30;138.61
Oberösterreich;2023-03-31;134.53
Oberösterreich;2023-04-01;130.85
Oberösterreich;2023-04-02;127.36
Oberösterreich;2023-04-03;124.06
Oberösterreich;2023-04-04;120.68
Oberösterreich;2023-04-05;116.96
Oberösterreich;2023-04-06;113.14
Oberösterreich;2023-04-07;108.99
Oberösterreich;2023-04-08;104.84
Oberösterreich;2023-04-09;100.55
Oberösterreich;2023-04-10;96.29
Oberösterreich;2023-04-11;92.1
Oberösterreich;2023-04-12;87.96
Oberösterreich;2023-04-13;83.99
Oberösterreich;2023-04-14;79.98
Oberösterreich;2023-04-15;76.16
Oberösterreich;2023-04-16;72.53
Oberösterreich;2023-04-17;69.05
Oberösterreich;2023-04-18;65.86
Oberösterreich;2023-04-19;62.9
Oberösterreich;2023-04-20;60.19
Oberösterreich;2023-04-21;57.74
Oberösterreich;2023-04-22;55.46
Oberösterreich;2023-04-23;53.28
Oberösterreich;2023-04-24;51.23
Oberösterreich;2023-04-25;49.23
Oberösterreich;2023-04-26;47.41
Oberösterreich;2023-04-27;45.61
Oberösterreich;2023-04-28;43.94
Oberösterreich;2023-04-29;42.28
Oberösterreich;2023-04-30;40.66
Oberösterreich;2023-05-01;39.14
Oberösterreich;2023-05-02;37.7
Oberösterreich;2023-05-03;36.3
Oberösterreich;2023-05-04;34.99
Oberösterreich;2023-05-05;33.78
Oberösterreich;2023-05-06;32.54
Oberösterreich;2023-05-07;31.44
Oberösterreich;2023-05-08;30.31
Oberösterreich;2023-05-09;29.36
Oberösterreich;2023-05-10;28.55
Oberösterreich;2023-05-11;27.79
Oberösterreich;2023-05-12;27.17
Oberösterreich;2023-05-13;26.63
Oberösterreich;2023-05-14;26.12
Oberösterreich;2023-05-15;25.7
Oberösterreich;2023-05-16;25.37
Oberösterreich;2023-05-17;25.02
Oberösterreich;2023-05-18;24.71
Oberösterreich;2023-05-19;24.34
Oberösterreich;2023-05-20;24.0
Oberösterreich;2023-05-21;23.53
Oberösterreich;2023-05-22;22.99
Oberösterreich;2023-05-23;22.41
Oberösterreich;2023-05-24;21.75
Oberösterreich;2023-05-25;21.04
Oberösterreich;2023-05-26;20.28
Oberösterreich;2023-05-27;19.51
Oberösterreich;2023-05-28;18.63
Oberösterreich;2023-05-29;17.76
Oberösterreich;2023-05-30;16.9
Oberösterreich;2023-05-31;16.0
Oberösterreich;2023-06-01;15.19
Oberösterreich;2023-06-02;14.3
Oberösterreich;2023-06-03;13.54
Oberösterreich;2023-06-04;12.81
Oberösterreich;2023-06-05;12.13
Oberösterreich;2023-06-06;11.57
Oberösterreich;2023-06-07;11.1
Oberösterreich;2023-06-08;10.78
Oberösterreich;2023-06-09;10.44
Oberösterreich;2023-06-10;10.23
Oberösterreich;2023-06-11;10.14
Oberösterreich;2023-06-12;10.08
Oberösterreich;2023-06-13;10.19
Oberösterreich;2023-06-14;10.33
Oberösterreich;2023-06-15;10.59
Oberösterreich;2023-06-16;10.93
Oberösterreich;2023-06-17;11.19
Oberösterreich;2023-06-18;11.44
Oberösterreich;2023-06-19;11.65
Oberösterreich;2023-06-20;11.67
Oberösterreich;2023-06-21;11.56
Oberösterreich;2023-06-22;11.2
Oberösterreich;2023-06-23;10.75
Oberösterreich;2023-06-24;10.2
Oberösterreich;2023-06-25;9.65
Oberösterreich;2023-06-26;9.14
Oberösterreich;2023-06-27;8.64
Oberösterreich;2023-06-28;8.23
Oberösterreich;2023-06-29;7.86
Oberösterreich;2023-06-30;7.59
Oberösterreich;2023-07-01;7.32
Oberösterreich;2023-07-02;7.17
Oberösterreich;2023-07-03;7.05
Oberösterreich;2023-07-04;6.91
Oberösterreich;2023-07-05;6.84
Oberösterreich;2023-07-06;6.82
Oberösterreich;2023-07-07;6.8
Oberösterreich;2023-07-08;6.79
Oberösterreich;2023-07-09;6.84
Oberösterreich;2023-07-10;6.91
Oberösterreich;2023-07-11;7.02
Oberösterreich;2023-07-12;7.16
Oberösterreich;2023-07-13;7.29
Oberösterreich;2023-07-14;7.43
Oberösterreich;2023-07-15;7.64
Oberösterreich;2023-07-16;7.89
Oberösterreich;2023-07-17;8.09
Oberösterreich;2023-07-18;8.46
Oberösterreich;2023-07-19;8.78
Oberösterreich;2023-07-20;9.18
Oberösterreich;2023-07-21;9.7
Oberösterreich;2023-07-22;10.14
Oberösterreich;2023-07-23;10.65
Oberösterreich;2023-07-24;11.03
Oberösterreich;2023-07-25;11.5
Oberösterreich;2023-07-26;11.9
Oberösterreich;2023-07-27;12.25
Oberösterreich;2023-07-28;12.68
Oberösterreich;2023-07-29;13.19
Oberösterreich;2023-07-30;13.68
Oberösterreich;2023-07-31;14.32
Oberösterreich;2023-08-01;15.08
Oberösterreich;2023-08-02;15.95
Oberösterreich;2023-08-03;16.89
Oberösterreich;2023-08-04;17.91
Oberösterreich;2023-08-05;19.02
Oberösterreich;2023-08-06;20.22
Oberösterreich;2023-08-07;21.49
Oberösterreich;2023-08-08;22.78
Oberösterreich;2023-08-09;24.14
Oberösterreich;2023-08-10;25.43
Oberösterreich;2023-08-11;26.76
Oberösterreich;2023-08-12;27.98
Oberösterreich;2023-08-13;29.09
Oberösterreich;2023-08-14;30.03
Oberösterreich;2023-08-15;30.87
Oberösterreich;2023-08-16;31.53
Oberösterreich;2023-08-17;31.97
Oberösterreich;2023-08-18;32.38
Oberösterreich;2023-08-19;32.6
Oberösterreich;2023-08-20;32.82
Oberösterreich;2023-08-21;32.98
Oberösterreich;2023-08-22;33.17
Oberösterreich;2023-08-23;33.43
Oberösterreich;2023-08-24;33.82
Oberösterreich;2023-08-25;34.3
Oberösterreich;2023-08-26;35.08
Oberösterreich;2023-08-27;36.01
Oberösterreich;2023-08-28;37.24
Oberösterreich;2023-08-29;38.8
Oberösterreich;2023-08-30;40.59
Oberösterreich;2023-08-31;42.57
Oberösterreich;2023-09-01;44.56
Oberösterreich;2023-09-02;46.67
Oberösterreich;2023-09-03;48.69
Oberösterreich;2023-09-04;50.6
Oberösterreich;2023-09-05;52.33
Oberösterreich;2023-09-06;53.9
Oberösterreich;2023-09-07;55.34
Oberösterreich;2023-09-08;56.54
Oberösterreich;2023-09-09;57.69
Oberösterreich;2023-09-10;58.79
Oberösterreich;2023-09-11;59.88
Oberösterreich;2023-09-12;61.08
Oberösterreich;2023-09-13;62.5
Oberösterreich;2023-09-14;64.14
Oberösterreich;2023-09-15;65.98
Oberösterreich;2023-09-16;67.89
Oberösterreich;2023-09-17;69.87
Oberösterreich;2023-09-18;71.94
Oberösterreich;2023-09-19;74.05
Oberösterreich;2023-09-20;76.18
Oberösterreich;2023-09-21;78.39
Oberösterreich;2023-09-22;80.63
Oberösterreich;2023-09-23;82.75
Oberösterreich;2023-09-24;84.6
Oberösterreich;2023-09-25;86.3
Oberösterreich;2023-09-26;87.7
Oberösterreich;2023-09-27;88.76
Oberösterreich;2023-09-28;89.59
Oberösterreich;2023-09-29;90.2
Oberösterreich;2023-09-30;90.4
Oberösterreich;2023-10-01;90.28
Oberösterreich;2023-10-02;89.82
Oberösterreich;2023-10-03;89.15
Oberösterreich;2023-10-04;88.5
Oberösterreich;2023-10-05;87.91
Oberösterreich;2023-10-06;87.38
Oberösterreich;2023-10-07;87.03
Oberösterreich;2023-10-08;86.81
Oberösterreich;2023-10-09;86.88
Oberösterreich;2023-10-10;87.31
Oberösterreich;2023-10-11;88.25
Oberösterreich;2023-10-12;89.63
Oberösterreich;2023-10-13;91.46
Oberösterreich;2023-10-14;93.8
Oberösterreich;2023-10-15;96.68
Oberösterreich;2023-10-16;100.08
Oberösterreich;2023-10-17;104.01
Oberösterreich;2023-10-18;108.36
Oberösterreich;2023-10-19;113.06
Oberösterreich;2023-10-20;117.85
Oberösterreich;2023-10-21;122.68
Oberösterreich;2023-10-22;127.48
Oberösterreich;2023-10-23;132.19
Oberösterreich;2023-10-24;136.75
Oberösterreich;2023-10-25;141.23
Oberösterreich;2023-10-26;145.63
Oberösterreich;2023-10-27;149.87
Oberösterreich;2023-10-28;153.8
Oberösterreich;2023-10-29;157.25
Oberösterreich;2023-10-30;160.31
Oberösterreich;2023-10-31;162.93
Oberösterreich;2023-11-01;165.35
Oberösterreich;2023-11-02;167.75
Oberösterreich;2023-11-03;170.45
Oberösterreich;2023-11-04;173.69
Oberösterreich;2023-11-05;177.63
Oberösterreich;2023-11-06;182.61
Oberösterreich;2023-11-07;188.48
Oberösterreich;2023-11-08;195.18
Oberösterreich;2023-11-09;202.51
Oberösterreich;2023-11-10;210.49
Oberösterreich;2023-11-11;219.11
Oberösterreich;2023-11-12;228.4
Oberösterreich;2023-11-13;238.49
Oberösterreich;2023-11-14;249.41
Oberösterreich;2023-11-15;261.18
Oberösterreich;2023-11-16;273.81
Oberösterreich;2023-11-17;287.29
Oberösterreich;2023-11-18;301.72
Oberösterreich;2023-11-19;317.3
Oberösterreich;2023-11-20;333.81
Oberösterreich;2023-11-21;351.13
Oberösterreich;2023-11-22;368.68
Oberösterreich;2023-11-23;386.0
Oberösterreich;2023-11-24;402.65
Oberösterreich;2023-11-25;418.05
Oberösterreich;2023-11-26;431.6
Oberösterreich;2023-11-27;442.74
Oberösterreich;2023-11-28;451.04
Oberösterreich;2023-11-29;456.64
Oberösterreich;2023-11-30;459.78
Oberösterreich;2023-12-01;461.15
Oberösterreich;2023-12-02;461.24
Oberösterreich;2023-12-03;460.38
Oberösterreich;2023-12-04;458.94
Oberösterreich;2023-12-05;457.39
Oberösterreich;2023-12-06;455.96
Oberösterreich;2023-12-07;454.67
Oberösterreich;2023-12-08;453.38
Oberösterreich;2023-12-09;451.76
Oberösterreich;2023-12-10;449.59
Oberösterreich;2023-12-11;446.99
Oberösterreich;2023-12-12;444.26
Oberösterreich;2023-12-13;441.59
Oberösterreich;2023-12-14;439.08
Oberösterreich;2023-12-15;436.3
Oberösterreich;2023-12-16;432.78
Oberösterreich;2023-12-17;428.12
Oberösterreich;2023-12-18;421.86
Oberösterreich;2023-12-19;413.94
Oberösterreich;2023-12-20;404.57
Oberösterreich;2023-12-21;394.12
Oberösterreich;2023-12-22;382.92
Oberösterreich;2023-12-23;371.43
Oberösterreich;2023-12-24;359.79
Oberösterreich;2023-12-25;347.92
Oberösterreich;2023-12-26;335.46
Oberösterreich;2023-12-27;322.08
Oberösterreich;2023-12-28;307.73
Oberösterreich;2023-12-29;292.68
Oberösterreich;2023-12-30;277.35
Oberösterreich;2023-12-31;261.84
Oberösterreich;2024-01-01;246.52
Oberösterreich;2024-01-02;231.4
Oberösterreich;2024-01-03;216.47
Oberösterreich;2024-01-04;201.84
Oberösterreich;2024-01-05;187.71
Oberösterreich;2024-01-06;174.22
Oberösterreich;2024-01-07;161.61
Oberösterreich;2024-01-08;150.09
Oberösterreich;2024-01-09;139.65
Oberösterreich;2024-01-10;130.3
Oberösterreich;2024-01-11;121.87
Oberösterreich;2024-01-12;114.14
Oberösterreich;2024-01-13;107.08
Oberösterreich;2024-01-14;100.66
Oberösterreich;2024-01-15;94.88
Oberösterreich;2024-01-16;89.7
Oberösterreich;2024-01-17;85.06
Oberösterreich;2024-01-18;80.83
Oberösterreich;2024-01-19;76.94
Oberösterreich;2024-01-20;73.36
Oberösterreich;2024-01-21;70.04
Oberösterreich;2024-01-22;67.03
Oberösterreich;2024-01-23;64.19
Oberösterreich;2024-01-24;61.5
Oberösterreich;2024-01-25;58.98
Oberösterreich;2024-01-26;56.4
Oberösterreich;2024-01-27;53.99
Oberösterreich;2024-01-28;51.54
Oberösterreich;2024-01-29;49.17
Oberösterreich;2024-01-30;46.87
Oberösterreich;2024-01-31;44.75
Oberösterreich;2024-02-01;42.7
Oberösterreich;2024-02-02;40.9
Oberösterreich;2024-02-03;39.12
Oberösterreich;2024-02-04;37.45
Oberösterreich;2024-02-05;35.93
Oberösterreich;2024-02-06;34.49
Oberösterreich;2024-02-07;33.07
Oberösterreich;2024-02-08;31.76
Oberösterreich;2024-02-09;30.52
Oberösterreich;2024-02-10;29.35
Oberösterreich;2024-02-11;28.32
Oberösterreich;2024-02-12;27.51
Oberösterreich;2024-02-13;26.86
Oberösterreich;2024-02-14;26.4
Oberösterreich;2024-02-15;26.05
Oberösterreich;2024-02-16;25.67
Oberösterreich;2024-02-17;25.11
Oberösterreich;2024-02-18;24.32
Oberösterreich;2024-02-19;23.32
Oberösterreich;2024-02-20;22.1
Oberösterreich;2024-02-21;20.71
Oberösterreich;2024-02-22;19.32
Oberösterreich;2024-02-23;17.95
Oberösterreich;2024-02-24;16.61
Oberösterreich;2024-02-25;15.32
Oberösterreich;2024-02-26;14.08
Oberösterreich;2024-02-27;13.02
Oberösterreich;2024-02-28;12.04
Oberösterreich;2024-02-29;11.14
Oberösterreich;2024-03-01;10.39
Oberösterreich;2024-03-02;9.68
Oberösterreich;2024-03-03;9.06
Oberösterreich;2024-03-04;8.5
Oberösterreich;2024-03-05;8.01
Oberösterreich;2024-03-06;7.52
Oberösterreich;2024-03-07;7.16
Oberösterreich;2024-03-08;6.82
Oberösterreich;2024-03-09;6.47
Oberösterreich;2024-03-10;6.23
Oberösterreich;2024-03-11;5.97
Oberösterreich;2024-03-12;5.74
Oberösterreich;2024-03-13;5.6
Oberösterreich;2024-03-14;5.44
Oberösterreich;2024-03-15;5.27
Oberösterreich;2024-03-16;5.12
Oberösterreich;2024-03-17;4.97
Oberösterreich;2024-03-18;4.81
Oberösterreich;2024-03-19;4.65
Oberösterreich;2024-03-20;4.45
Oberösterreich;2024-03-21;4.31
Oberösterreich;2024-03-22;4.22
Oberösterreich;2024-03-23;4.06
Oberösterreich;2024-03-24;3.95
Oberösterreich;2024-03-25;3.84
Oberösterreich;2024-03-26;3.72
Oberösterreich;2024-03-27;3.65
Oberösterreich;2024-03-28;3.58
Oberösterreich;2024-03-29;3.52
Oberösterreich;2024-03-30;3.45
Oberösterreich;2024-03-31;3.39
Oberösterreich;2024-04-01;3.4
Oberösterreich;2024-04-02;3.28
Oberösterreich;2024-04-03;3.24
Oberösterreich;2024-04-04;3.2
Oberösterreich;2024-04-05;3.17
Oberösterreich;2024-04-06;3.07
Oberösterreich;2024-04-07;3.03
Oberösterreich;2024-04-08;3.0
Oberösterreich;2024-04-09;2.94
Oberösterreich;2024-04-10;2.91
Oberösterreich;2024-04-11;2.92
Oberösterreich;2024-04-12;2.87
Oberösterreich;2024-04-13;2.89
Oberösterreich;2024-04-14;3.0
Oberösterreich;2024-04-15;3.06
Oberösterreich;2024-04-16;3.2
Oberösterreich;2024-04-17;3.42
Oberösterreich;2024-04-18;3.61
Oberösterreich;2024-04-19;3.84
Oberösterreich;2024-04-20;4.1
Oberösterreich;2024-04-21;4.37
Oberösterreich;2024-04-22;4.62
Oberösterreich;2024-04-23;4.94
Oberösterreich;2024-04-24;5.2
Oberösterreich;2024-04-25;5.47
Oberösterreich;2024-04-26;5.73
Oberösterreich;2024-04-27;6.01
Oberösterreich;2024-04-28;6.27
Oberösterreich;2024-04-29;6.54
Oberösterreich;2024-04-30;6.88
Oberösterreich;2024-05-01;7.22
Oberösterreich;2024-05-02;7.58
Oberösterreich;2024-05-03;7.98
Oberösterreich;2024-05-04;8.43
Oberösterreich;2024-05-05;8.89
Oberösterreich;2024-05-06;9.36
Oberösterreich;2024-05-07;9.86
Oberösterreich;2024-05-08;10.46
Oberösterreich;2024-05-09;11.06
Oberösterreich;2024-05-10;11.67
Oberösterreich;2024-05-11;12.34
Oberösterreich;2024-05-12;12.99
Oberösterreich;2024-05-13;13.56
Oberösterreich;2024-05-14;14.09
Oberösterreich;2024-05-15;14.52
Oberösterreich;2024-05-16;14.88
Oberösterreich;2024-05-17;15.22
Oberösterreich;2024-05-18;15.41
Oberösterreich;2024-05-19;15.62
Oberösterreich;2024-05-20;15.79
Oberösterreich;2024-05-21;15.9
Oberösterreich;2024-05-22;15.98
Oberösterreich;2024-05-23;16.13
Oberösterreich;2024-05-24;16.33
Oberösterreich;2024-05-25;16.47
Oberösterreich;2024-05-26;16.72
Oberösterreich;2024-05-27;16.98
Oberösterreich;2024-05-28;17.36
Oberösterreich;2024-05-29;17.68
Oberösterreich;2024-05-30;18.03
Oberösterreich;2024-05-31;18.45
Oberösterreich;2024-06-01;18.83
Oberösterreich;2024-06-02;19.32
Oberösterreich;2024-06-03;19.83
Oberösterreich;2024-06-04;20.39
Oberösterreich;2024-06-05;21.08
Oberösterreich;2024-06-06;21.93
Oberösterreich;2024-06-07;22.82
Oberösterreich;2024-06-08;23.86
Oberösterreich;2024-06-09;25.05
Oberösterreich;2024-06-10;26.28
Oberösterreich;2024-06-11;27.64
Oberösterreich;2024-06-12;29.03
Oberösterreich;2024-06-13;30.41
Oberösterreich;2024-06-14;31.74
Oberösterreich;2024-06-15;32.96
Oberösterreich;2024-06-16;34.06
Oberösterreich;2024-06-17;35.09
Oberösterreich;2024-06-18;36.01
Oberösterreich;2024-06-19;36.87
Oberösterreich;2024-06-20;37.75
Oberösterreich;2024-06-21;38.62
Oberösterreich;2024-06-22;39.49
Oberösterreich;2024-06-23;40.22
Oberösterreich;2024-06-24;40.89
Oberösterreich;2024-06-25;41.56
Oberösterreich;2024-06-26;42.08
Oberösterreich;2024-06-27;42.62
Oberösterreich;2024-06-28;43.14
Oberösterreich;2024-06-29;43.73
Oberösterreich;2024-06-30;44.3
Oberösterreich;2024-07-01;44.93
Oberösterreich;2024-07-02;45.64
Oberösterreich;2024-07-03;46.38
Oberösterreich;2024-07-04;47.18
Oberösterreich;2024-07-05;47.92
Oberösterreich;2024-07-06;48.67
Oberösterreich;2024-07-07;49.33
Oberösterreich;2024-07-08;49.9
Oberösterreich;2024-07-09;50.32
Oberösterreich;2024-07-10;50.67
Oberösterreich;2024-07-11;50.85
Oberösterreich;2024-07-12;50.94
Oberösterreich;2024-07-13;51.03
Oberösterreich;2024-07-14;51.07
Oberösterreich;2024-07-15;51.07
Oberösterreich;2024-07-16;51.16
Oberösterreich;2024-07-17;51.29
Oberösterreich;2024-07-18;51.47
Oberösterreich;2024-07-19;51.7
Oberösterreich;2024-07-20;51.97
Oberösterreich;2024-07-21;52.36
Oberösterreich;2024-07-22;52.77
Oberösterreich;2024-07-23;53.3
Oberösterreich;2024-07-24;53.85
Oberösterreich;2024-07-25;54.41
Oberösterreich;2024-07-26;55.04
Oberösterreich;2024-07-27;55.67
Oberösterreich;2024-07-28;56.41
Oberösterreich;2024-07-29;57.2
Oberösterreich;2024-07-30;58.08
Oberösterreich;2024-07-31;59.08
Oberösterreich;2024-08-01;60.27
Oberösterreich;2024-08-02;61.6
Oberösterreich;2024-08-03;63.1
Oberösterreich;2024-08-04;64.76
Oberösterreich;2024-08-05;66.52
Oberösterreich;2024-08-06;68.28
Oberösterreich;2024-08-07;70.04
Oberösterreich;2024-08-08;71.64
Oberösterreich;2024-08-09;73.16
Oberösterreich;2024-08-10;74.52
Oberösterreich;2024-08-11;75.82
Oberösterreich;2024-08-12;77.03
Oberösterreich;2024-08-13;78.28
Oberösterreich;2024-08-14;79.56
Oberösterreich;2024-08-15;81.09
Oberösterreich;2024-08-16;82.73
Oberösterreich;2024-08-17;84.62
Oberösterreich;2024-08-18;86.83
Oberösterreich;2024-08-19;89.3
Oberösterreich;2024-08-20;91.81
Oberösterreich;2024-08-21;94.25
Oberösterreich;2024-08-22;96.61
Oberösterreich;2024-08-23;98.78
Oberösterreich;2024-08-24;100.85
Oberösterreich;2024-08-25;102.77
Oberösterreich;2024-08-26;104.61
Oberösterreich;2024-08-27;106.3
Oberösterreich;2024-08-28;107.78
Oberösterreich;2024-08-29;109.23
Oberösterreich;2024-08-30;110.55
Oberösterreich;2024-08-31;111.88
Oberösterreich;2024-09-01;113.2
Oberösterreich;2024-09-02;114.57
Oberösterreich;2024-09-03;116.12
Oberösterreich;2024-09-04;117.89
Oberösterreich;2024-09-05;119.92
Oberösterreich;2024-09-06;122.21
Oberösterreich;2024-09-07;124.9
Oberösterreich;2024-09-08;127.94
Oberösterreich;2024-09-09;131.49
Oberösterreich;2024-09-10;135.74
Oberösterreich;2024-09-11;140.74
Oberösterreich;2024-09-12;146.51
Oberösterreich;2024-09-13;153.17
Oberösterreich;2024-09-14;160.73
Oberösterreich;2024-09-15;169.45
Oberösterreich;2024-09-16;179.38
Oberösterreich;2024-09-17;190.45
Oberösterreich;2024-09-18;202.46
Oberösterreich;2024-09-19;215.04
Oberösterreich;2024-09-20;227.59
Oberösterreich;2024-09-21;239.64
Oberösterreich;2024-09-22;250.69
Oberösterreich;2024-09-23;260.46
Oberösterreich;2024-09-24;268.81
Oberösterreich;2024-09-25;275.87
Oberösterreich;2024-09-26;281.81
Oberösterreich;2024-09-27;286.71
Oberösterreich;2024-09-28;290.78
Oberösterreich;2024-09-29;293.9
Oberösterreich;2024-09-30;296.05
Oberösterreich;2024-10-01;297.25
Oberösterreich;2024-10-02;297.64
Oberösterreich;2024-10-03;297.19
Oberösterreich;2024-10-04;296.09
Oberösterreich;2024-10-05;294.18
Oberösterreich;2024-10-06;291.47
Oberösterreich;2024-10-07;288.04
Oberösterreich;2024-10-08;284.25
Oberösterreich;2024-10-09;280.5
Oberösterreich;2024-10-10;276.87
Oberösterreich;2024-10-11;273.14
Oberösterreich;2024-10-12;269.1
Oberösterreich;2024-10-13;264.57
Oberösterreich;2024-10-14;259.35
Oberösterreich;2024-10-15;253.74
Oberösterreich;2024-10-16;247.93
Oberösterreich;2024-10-17;242.17
Oberösterreich;2024-10-18;236.49
Oberösterreich;2024-10-19;230.99
Oberösterreich;2024-10-20;225.74
Oberösterreich;2024-10-21;220.97
Oberösterreich;2024-10-22;216.84
Oberösterreich;2024-10-23;213.84
Oberösterreich;2024-10-24;211.38
Oberösterreich;2024-10-25;209.49
Oberösterreich;2024-10-26;208.17
Oberösterreich;2024-10-27;207.28
Niederösterreich;2022-09-01;82.81
Niederösterreich;2022-09-02;82.46
Niederösterreich;2022-09-03;82.28
Niederösterreich;2022-09-04;82.31
Niederösterreich;2022-09-05;82.6
Niederösterreich;2022-09-06;83.24
Niederösterreich;2022-09-07;84.25
Niederösterreich;2022-09-08;85.62
Niederösterreich;2022-09-09;87.35
Niederösterreich;2022-09-10;89.45
Niederösterreich;2022-09-11;91.87
Niederösterreich;2022-09-12;94.69
Niederösterreich;2022-09-13;97.86
Niederösterreich;2022-09-14;101.49
Niederösterreich;2022-09-15;105.54
Niederösterreich;2022-09-16;110.05
Niederösterreich;2022-09-17;114.9
Niederösterreich;2022-09-18;120.23
Niederösterreich;2022-09-19;126.0
Niederösterreich;2022-09-20;132.14
Niederösterreich;2022-09-21;138.68
Niederösterreich;2022-09-22;145.52
Niederösterreich;2022-09-23;152.58
Niederösterreich;2022-09-24;159.75
Niederösterreich;2022-09-25;166.97
Niederösterreich;2022-09-26;174.08
Niederösterreich;2022-09-27;180.95
Niederösterreich;2022-09-28;187.48
Niederösterreich;2022-09-29;193.57
Niederösterreich;2022-09-30;199.15
Niederösterreich;2022-10-01;204.21
Niederösterreich;2022-10-02;208.72
Niederösterreich;2022-10-03;212.59
Niederösterreich;2022-10-04;215.69
Niederösterreich;2022-10-05;217.88
Niederösterreich;2022-10-06;219.08
Niederösterreich;2022-10-07;219.24
Niederösterreich;2022-10-08;218.33
Niederösterreich;2022-10-09;216.36
Niederösterreich;2022-10-10;213.39
Niederösterreich;2022-10-11;209.62
Niederösterreich;2022-10-12;205.37
Niederösterreich;2022-10-13;200.92
Niederösterreich;2022-10-14;196.36
Niederösterreich;2022-10-15;191.77
Niederösterreich;2022-10-16;187.11
Niederösterreich;2022-10-17;182.41
Niederösterreich;2022-10-18;177.59
Niederösterreich;2022-10-19;172.77
Niederösterreich;2022-10-20;167.92
Niederösterreich;2022-10-21;163.01
Niederösterreich;2022-10-22;158.16
Niederösterreich;2022-10-23;153.44
Niederösterreich;2022-10-24;148.82
Niederösterreich;2022-10-25;144.39
Niederösterreich;2022-10-26;140.19
Niederösterreich;2022-10-27;136.17
Niederösterreich;2022-10-28;132.4
Niederösterreich;2022-10-29;128.89
Niederösterreich;2022-10-30;125.67
Niederösterreich;2022-10-31;122.69
Niederösterreich;2022-11-01;120.09
Niederösterreich;2022-11-02;117.87
Niederösterreich;2022-11-03;116.03
Niederösterreich;2022-11-04;114.61
Niederösterreich;2022-11-05;113.48
Niederösterreich;2022-11-06;112.55
Niederösterreich;2022-11-07;111.86
Niederösterreich;2022-11-08;111.44
Niederösterreich;2022-11-09;111.27
Niederösterreich;2022-11-10;111.39
Niederösterreich;2022-11-11;111.81
Niederösterreich;2022-11-12;112.54
Niederösterreich;2022-11-13;113.64
Niederösterreich;2022-11-14;115.16
Niederösterreich;2022-11-15;117.04
Niederösterreich;2022-11-16;119.33
Niederösterreich;2022-11-17;121.96
Niederösterreich;2022-11-18;124.86
Niederösterreich;2022-11-19;127.99
Niederösterreich;2022-11-20;131.31
Niederösterreich;2022-11-21;134.78
Niederösterreich;2022-11-22;138.38
Niederösterreich;2022-11-23;142.18
Niederösterreich;2022-11-24;146.07
Niederösterreich;2022-11-25;150.13
Niederösterreich;2022-11-26;154.17
Niederösterreich;2022-11-27;158.11
Niederösterreich;2022-11-28;161.89
Niederösterreich;2022-11-29;165.58
Niederösterreich;2022-11-30;169.2
Niederösterreich;2022-12-01;172.76
Niederösterreich;2022-12-02;176.21
Niederösterreich;2022-12-03;179.52
Niederösterreich;2022-12-04;182.52
Niederösterreich;2022-12-05;185.19
Niederösterreich;2022-12-06;187.57
Niederösterreich;2022-12-07;189.66
Niederösterreich;2022-12-08;191.5
Niederösterreich;2022-12-09;193.02
Niederösterreich;2022-12-10;194.27
Niederösterreich;2022-12-11;195.15
Niederösterreich;2022-12-12;195.67
Niederösterreich;2022-12-13;195.95
Niederösterreich;2022-12-14;196.21
Niederösterreich;2022-12-15;196.53
Niederösterreich;2022-12-16;196.85
Niederösterreich;2022-12-17;197.03
Niederösterreich;2022-12-18;197.01
Niederösterreich;2022-12-19;196.67
Niederösterreich;2022-12-20;196.09
Niederösterreich;2022-12-21;195.25
Niederösterreich;2022-12-22;194.33
Niederösterreich;2022-12-23;193.29
Niederösterreich;2022-12-24;192.19
Niederösterreich;2022-12-25;190.95
Niederösterreich;2022-12-26;189.51
Niederösterreich;2022-12-27;187.74
Niederösterreich;2022-12-28;185.59
Niederösterreich;2022-12-29;182.99
Niederösterreich;2022-12-30;179.95
Niederösterreich;2022-12-31;176.49
Niederösterreich;2023-01-01;172.65
Niederösterreich;2023-01-02;168.48
Niederösterreich;2023-01-03;163.99
Niederösterreich;2023-01-04;159.19
Niederösterreich;2023-01-05;154.21
Niederösterreich;2023-01-06;149.12
Niederösterreich;2023-01-07;144.07
Niederösterreich;2023-01-08;139.18
Niederösterreich;2023-01-09;134.5
Niederösterreich;2023-01-10;130.06
Niederösterreich;2023-01-11;125.77
Niederösterreich;2023-01-12;121.68
Niederösterreich;2023-01-13;117.78
Niederösterreich;2023-01-14;114.28
Niederösterreich;2023-01-15;111.32
Niederösterreich;2023-01-16;109.04
Niederösterreich;2023-01-17;107.47
Niederösterreich;2023-01-18;106.24
Niederösterreich;2023-01-19;106.1
Niederösterreich;2023-01-20;106.7
Niederösterreich;2023-01-21;108.05
Niederösterreich;2023-01-22;115.75
Niederösterreich;2023-01-23;120.91
Niederösterreich;2023-01-24;124.73
Niederösterreich;2023-01-25;129.25
Niederösterreich;2023-01-26;134.36
Niederösterreich;2023-01-27;139.87
Niederösterreich;2023-01-28;145.61
Niederösterreich;2023-01-29;150.72
Niederösterreich;2023-01-30;156.23
Niederösterreich;2023-01-31;161.81
Niederösterreich;2023-02-01;167.53
Niederösterreich;2023-02-02;173.35
Niederösterreich;2023-02-03;179.3
Niederösterreich;2023-02-04;185.36
Niederösterreich;2023-02-05;191.46
Niederösterreich;2023-02-06;197.61
Niederösterreich;2023-02-07;202.81
Niederösterreich;2023-02-08;208.45
Niederösterreich;2023-02-09;213.98
Niederösterreich;2023-02-10;219.37
Niederösterreich;2023-02-11;224.55
Niederösterreich;2023-02-12;229.39
Niederösterreich;2023-02-13;233.74
Niederösterreich;2023-02-14;237.43
Niederösterreich;2023-02-15;240.31
Niederösterreich;2023-02-16;242.44
Niederösterreich;2023-02-17;244.0
Niederösterreich;2023-02-18;245.29
Niederösterreich;2023-02-19;246.56
Niederösterreich;2023-02-20;248.01
Niederösterreich;2023-02-21;249.62
Niederösterreich;2023-02-22;251.29
Niederösterreich;2023-02-23;252.9
Niederösterreich;2023-02-24;254.31
Niederösterreich;2023-02-25;255.44
Niederösterreich;2023-02-26;256.29
Niederösterreich;2023-02-27;256.93
Niederösterreich;2023-02-28;257.49
Niederösterreich;2023-03-01;258.07
Niederösterreich;2023-03-02;258.76
Niederösterreich;2023-03-03;259.48
Niederösterreich;2023-03-04;260.09
Niederösterreich;2023-03-05;260.39
Niederösterreich;2023-03-06;260.25
Niederösterreich;2023-03-07;259.49
Niederösterreich;2023-03-08;258.0
Niederösterreich;2023-03-09;255.74
Niederösterreich;2023-03-10;252.71
Niederösterreich;2023-03-11;249.0
Niederösterreich;2023-03-12;244.7
Niederösterreich;2023-03-13;239.88
Niederösterreich;2023-03-14;234.82
Niederösterreich;2023-03-15;229.63
Niederösterreich;2023-03-16;224.43
Niederösterreich;2023-03-17;219.18
Niederösterreich;2023-03-18;213.78
Niederösterreich;2023-03-19;208.12
Niederösterreich;2023-03-20;202.08
Niederösterreich;2023-03-21;195.65
Niederösterreich;2023-03-22;188.85
Niederösterreich;2023-03-23;181.72
Niederösterreich;2023-03-24;174.44
Niederösterreich;2023-03-25;167.05
Niederösterreich;2023-03-26;159.7
Niederösterreich;2023-03-27;152.53
Niederösterreich;2023-03-28;145.71
Niederösterreich;2023-03-29;139.36
Niederösterreich;2023-03-30;133.49
Niederösterreich;2023-03-31;128.13
Niederösterreich;2023-04-01;123.15
Niederösterreich;2023-04-02;118.5
Niederösterreich;2023-04-03;114.12
Niederösterreich;2023-04-04;109.92
Niederösterreich;2023-04-05;105.89
Niederösterreich;2023-04-06;101.93
Niederösterreich;2023-04-07;98.07
Niederösterreich;2023-04-08;94.31
Niederösterreich;2023-04-09;90.61
Niederösterreich;2023-04-10;87.03
Niederösterreich;2023-04-11;83.62
Niederösterreich;2023-04-12;80.4
Niederösterreich;2023-04-13;77.41
Niederösterreich;2023-04-14;74.68
Niederösterreich;2023-04-15;72.2
Niederösterreich;2023-04-16;69.99
Niederösterreich;2023-04-17;68.07
Niederösterreich;2023-04-18;66.41
Niederösterreich;2023-04-19;64.99
Niederösterreich;2023-04-20;63.74
Niederösterreich;2023-04-21;62.57
Niederösterreich;2023-04-22;61.45
Niederösterreich;2023-04-23;60.27
Niederösterreich;2023-04-24;59.08
Niederösterreich;2023-04-25;57.77
Niederösterreich;2023-04-26;56.45
Niederösterreich;2023-04-27;55.11
Niederösterreich;2023-04-28;53.78
Niederösterreich;2023-04-29;52.47
Niederösterreich;2023-04-30;51.13
Niederösterreich;2023-05-01;49.85
Niederösterreich;2023-05-02;48.57
Niederösterreich;2023-05-03;47.32
Niederösterreich;2023-05-04;46.06
Niederösterreich;2023-05-05;44.83
Niederösterreich;2023-05-06;43.57
Niederösterreich;2023-05-07;42.3
Niederösterreich;2023-05-08;41.05
Niederösterreich;2023-05-09;39.79
Niederösterreich;2023-05-10;38.58
Niederösterreich;2023-05-11;37.36
Niederösterreich;2023-05-12;36.19
Niederösterreich;2023-05-13;35.04
Niederösterreich;2023-05-14;33.89
Niederösterreich;2023-05-15;32.8
Niederösterreich;2023-05-16;31.78
Niederösterreich;2023-05-17;30.83
Niederösterreich;2023-05-18;29.96
Niederösterreich;2023-05-19;29.09
Niederösterreich;2023-05-20;28.24
Niederösterreich;2023-05-21;27.44
Niederösterreich;2023-05-22;26.55
Niederösterreich;2023-05-23;25.69
Niederösterreich;2023-05-24;24.82
Niederösterreich;2023-05-25;23.95
Niederösterreich;2023-05-26;23.07
Niederösterreich;2023-05-27;22.25
Niederösterreich;2023-05-28;21.44
Niederösterreich;2023-05-29;20.67
Niederösterreich;2023-05-30;19.92
Niederösterreich;2023-05-31;19.24
Niederösterreich;2023-06-01;18.6
Niederösterreich;2023-06-02;18.03
Niederösterreich;2023-06-03;17.53
Niederösterreich;2023-06-04;17.09
Niederösterreich;2023-06-05;16.71
Niederösterreich;2023-06-06;16.39
Niederösterreich;2023-06-07;16.13
Niederösterreich;2023-06-08;15.91
Niederösterreich;2023-06-09;15.73
Niederösterreich;2023-06-10;15.57
Niederösterreich;2023-06-11;15.41
Niederösterreich;2023-06-12;15.21
Niederösterreich;2023-06-13;15.0
Niederösterreich;2023-06-14;14.79
Niederösterreich;2023-06-15;14.56
Niederösterreich;2023-06-16;14.33
Niederösterreich;2023-06-17;14.09
Niederösterreich;2023-06-18;13.86
Niederösterreich;2023-06-19;13.58
Niederösterreich;2023-06-20;13.35
Niederösterreich;2023-06-21;13.05
Niederösterreich;2023-06-22;12.71
Niederösterreich;2023-06-23;12.36
Niederösterreich;2023-06-24;12.03
Niederösterreich;2023-06-25;11.73
Niederösterreich;2023-06-26;11.48
Niederösterreich;2023-06-27;11.27
Niederösterreich;2023-06-28;11.12
Niederösterreich;2023-06-29;11.0
Niederösterreich;2023-06-30;10.99
Niederösterreich;2023-07-01;10.92
Niederösterreich;2023-07-02;10.86
Niederösterreich;2023-07-03;10.79
Niederösterreich;2023-07-04;10.67
Niederösterreich;2023-07-05;10.56
Niederösterreich;2023-07-06;10.42
Niederösterreich;2023-07-07;10.34
Niederösterreich;2023-07-08;10.27
Niederösterreich;2023-07-09;10.29
Niederösterreich;2023-07-10;10.34
Niederösterreich;2023-07-11;10.45
Niederösterreich;2023-07-12;10.64
Niederösterreich;2023-07-13;10.9
Niederösterreich;2023-07-14;11.21
Niederösterreich;2023-07-15;11.52
Niederösterreich;2023-07-16;11.89
Niederösterreich;2023-07-17;12.26
Niederösterreich;2023-07-18;12.61
Niederösterreich;2023-07-19;12.97
Niederösterreich;2023-07-20;13.37
Niederösterreich;2023-07-21;13.77
Niederösterreich;2023-07-22;14.2
Niederösterreich;2023-07-23;14.69
Niederösterreich;2023-07-24;15.19
Niederösterreich;2023-07-25;15.79
Niederösterreich;2023-07-26;16.52
Niederösterreich;2023-07-27;17.34
Niederösterreich;2023-07-28;18.27
Niederösterreich;2023-07-29;19.32
Niederösterreich;2023-07-30;20.53
Niederösterreich;2023-07-31;21.86
Niederösterreich;2023-08-01;23.32
Niederösterreich;2023-08-02;24.94
Niederösterreich;2023-08-03;26.68
Niederösterreich;2023-08-04;28.51
Niederösterreich;2023-08-05;30.42
Niederösterreich;2023-08-06;32.37
Niederösterreich;2023-08-07;34.34
Niederösterreich;2023-08-08;36.25
Niederösterreich;2023-08-09;38.08
Niederösterreich;2023-08-10;39.81
Niederösterreich;2023-08-11;41.33
Niederösterreich;2023-08-12;42.78
Niederösterreich;2023-08-13;44.07
Niederösterreich;2023-08-14;45.27
Niederösterreich;2023-08-15;46.39
Niederösterreich;2023-08-16;47.48
Niederösterreich;2023-08-17;48.54
Niederösterreich;2023-08-18;49.66
Niederösterreich;2023-08-19;50.84
Niederösterreich;2023-08-20;52.08
Niederösterreich;2023-08-21;53.47
Niederösterreich;2023-08-22;55.01
Niederösterreich;2023-08-23;56.64
Niederösterreich;2023-08-24;58.42
Niederösterreich;2023-08-25;60.28
Niederösterreich;2023-08-26;62.2
Niederösterreich;2023-08-27;64.13
Niederösterreich;2023-08-28;66.05
Niederösterreich;2023-08-29;67.92
Niederösterreich;2023-08-30;69.76
Niederösterreich;2023-08-31;71.54
Niederösterreich;2023-09-01;73.24
Niederösterreich;2023-09-02;74.89
Niederösterreich;2023-09-03;76.44
Niederösterreich;2023-09-04;77.89
Niederösterreich;2023-09-05;79.22
Niederösterreich;2023-09-06;80.43
Niederösterreich;2023-09-07;81.51
Niederösterreich;2023-09-08;82.48
Niederösterreich;2023-09-09;83.4
Niederösterreich;2023-09-10;84.18
Niederösterreich;2023-09-11;84.87
Niederösterreich;2023-09-12;85.48
Niederösterreich;2023-09-13;86.1
Niederösterreich;2023-09-14;86.68
Niederösterreich;2023-09-15;87.29
Niederösterreich;2023-09-16;87.88
Niederösterreich;2023-09-17;88.37
Niederösterreich;2023-09-18;88.78
Niederösterreich;2023-09-19;89.06
Niederösterreich;2023-09-20;89.3
Niederösterreich;2023-09-21;89.57
Niederösterreich;2023-09-22;89.92
Niederösterreich;2023-09-23;90.43
Niederösterreich;2023-09-24;91.13
Niederösterreich;2023-09-25;92.07
Niederösterreich;2023-09-26;93.21
Niederösterreich;2023-09-27;94.55
Niederösterreich;2023-09-28;96.06
Niederösterreich;2023-09-29;97.71
Niederösterreich;2023-09-30;99.48
Niederösterreich;2023-10-01;101.28
Niederösterreich;2023-10-02;103.13
Niederösterreich;2023-10-03;104.97
Niederösterreich;2023-10-04;106.84
Niederösterreich;2023-10-05;108.83
Niederösterreich;2023-10-06;110.96
Niederösterreich;2023-10-07;113.3
Niederösterreich;2023-10-08;115.91
Niederösterreich;2023-10-09;118.71
Niederösterreich;2023-10-10;121.74
Niederösterreich;2023-10-11;124.84
Niederösterreich;2023-10-12;127.97
Niederösterreich;2023-10-13;131.13
Niederösterreich;2023-10-14;134.39
Niederösterreich;2023-10-15;137.81
Niederösterreich;2023-10-16;141.45
Niederösterreich;2023-10-17;145.26
Niederösterreich;2023-10-18;149.25
Niederösterreich;2023-10-19;153.37
Niederösterreich;2023-10-20;157.53
Niederösterreich;2023-10-21;161.67
Niederösterreich;2023-10-22;165.69
Niederösterreich;2023-10-23;169.59
Niederösterreich;2023-10-24;173.42
Niederösterreich;2023-10-25;177.26
Niederösterreich;2023-10-26;181.21
Niederösterreich;2023-10-27;185.33
Niederösterreich;2023-10-28;189.58
Niederösterreich;2023-10-29;194.02
Niederösterreich;2023-10-30;198.68
Niederösterreich;2023-10-31;203.6
Niederösterreich;2023-11-01;208.77
Niederösterreich;2023-11-02;214.27
Niederösterreich;2023-11-03;220.07
Niederösterreich;2023-11-04;226.3
Niederösterreich;2023-11-05;232.97
Niederösterreich;2023-11-06;240.23
Niederösterreich;2023-11-07;248.22
Niederösterreich;2023-11-08;257.06
Niederösterreich;2023-11-09;266.79
Niederösterreich;2023-11-10;277.23
Niederösterreich;2023-11-11;288.12
Niederösterreich;2023-11-12;299.3
Niederösterreich;2023-11-13;321.11
Niederösterreich;2023-11-14;332.87
Niederösterreich;2023-11-15;344.58
Niederösterreich;2023-11-16;356.4
Niederösterreich;2023-11-17;368.44
Niederösterreich;2023-11-18;380.93
Niederösterreich;2023-11-19;394.03
Niederösterreich;2023-11-20;407.84
Niederösterreich;2023-11-21;422.22
Niederösterreich;2023-11-22;436.91
Niederösterreich;2023-11-23;451.72
Niederösterreich;2023-11-24;466.4
Niederösterreich;2023-11-25;480.89
Niederösterreich;2023-11-26;495.07
Niederösterreich;2023-11-27;508.98
Niederösterreich;2023-11-28;522.56
Niederösterreich;2023-11-29;535.81
Niederösterreich;2023-11-30;548.71
Niederösterreich;2023-12-01;561.0
Niederösterreich;2023-12-02;572.33
Niederösterreich;2023-12-03;582.38
Niederösterreich;2023-12-04;590.87
Niederösterreich;2023-12-05;597.85
Niederösterreich;2023-12-06;606.45
Niederösterreich;2023-12-07;609.93
Niederösterreich;2023-12-08;612.1
Niederösterreich;2023-12-09;612.74
Niederösterreich;2023-12-10;611.54
Niederösterreich;2023-12-11;608.31
Niederösterreich;2023-12-12;603.08
Niederösterreich;2023-12-13;596.05
Niederösterreich;2023-12-14;587.49
Niederösterreich;2023-12-15;577.71
Niederösterreich;2023-12-16;566.86
Niederösterreich;2023-12-17;555.0
Niederösterreich;2023-12-18;542.03
Niederösterreich;2023-12-19;527.76
Niederösterreich;2023-12-20;512.07
Niederösterreich;2023-12-21;494.96
Niederösterreich;2023-12-22;476.79
Niederösterreich;2023-12-23;457.79
Niederösterreich;2023-12-24;438.34
Niederösterreich;2023-12-25;418.64
Niederösterreich;2023-12-26;398.92
Niederösterreich;2023-12-27;379.23
Niederösterreich;2023-12-28;359.68
Niederösterreich;2023-12-29;340.35
Niederösterreich;2023-12-30;321.31
Niederösterreich;2023-12-31;302.7
Niederösterreich;2024-01-01;284.62
Niederösterreich;2024-01-02;267.25
Niederösterreich;2024-01-03;250.69
Niederösterreich;2024-01-04;235.1
Niederösterreich;2024-01-05;220.46
Niederösterreich;2024-01-06;206.81
Niederösterreich;2024-01-07;194.19
Niederösterreich;2024-01-08;182.62
Niederösterreich;2024-01-09;172.04
Niederösterreich;2024-01-10;162.33
Niederösterreich;2024-01-11;153.39
Niederösterreich;2024-01-12;145.03
Niederösterreich;2024-01-13;137.33
Niederösterreich;2024-01-14;130.18
Niederösterreich;2024-01-15;123.69
Niederösterreich;2024-01-16;117.76
Niederösterreich;2024-01-17;112.35
Niederösterreich;2024-01-18;107.4
Niederösterreich;2024-01-19;102.81
Niederösterreich;2024-01-20;98.57
Niederösterreich;2024-01-21;94.53
Niederösterreich;2024-01-22;90.75
Niederösterreich;2024-01-23;87.2
Niederösterreich;2024-01-24;83.84
Niederösterreich;2024-01-25;80.67
Niederösterreich;2024-01-26;77.63
Niederösterreich;2024-01-27;74.65
Niederösterreich;2024-01-28;71.8
Niederösterreich;2024-01-29;69.06
Niederösterreich;2024-01-30;66.44
Niederösterreich;2024-01-31;64.02
Niederösterreich;2024-02-01;61.66
Niederösterreich;2024-02-02;59.44
Niederösterreich;2024-02-03;57.23
Niederösterreich;2024-02-04;54.96
Niederösterreich;2024-02-05;52.65
Niederösterreich;2024-02-06;50.32
Niederösterreich;2024-02-07;48.01
Niederösterreich;2024-02-08;45.72
Niederösterreich;2024-02-09;43.49
Niederösterreich;2024-02-10;41.38
Niederösterreich;2024-02-11;39.33
Niederösterreich;2024-02-12;37.4
Niederösterreich;2024-02-13;35.54
Niederösterreich;2024-02-14;33.81
Niederösterreich;2024-02-15;32.14
Niederösterreich;2024-02-16;30.56
Niederösterreich;2024-02-17;29.06
Niederösterreich;2024-02-18;27.63
Niederösterreich;2024-02-19;26.32
Niederösterreich;2024-02-20;25.09
Niederösterreich;2024-02-21;23.96
Niederösterreich;2024-02-22;22.93
Niederösterreich;2024-02-23;21.91
Niederösterreich;2024-02-24;20.94
Niederösterreich;2024-02-25;19.97
Niederösterreich;2024-02-26;19.05
Niederösterreich;2024-02-27;18.11
Niederösterreich;2024-02-28;17.22
Niederösterreich;2024-02-29;16.37
Niederösterreich;2024-03-01;15.59
Niederösterreich;2024-03-02;14.83
Niederösterreich;2024-03-03;14.16
Niederösterreich;2024-03-04;13.58
Niederösterreich;2024-03-05;13.07
Niederösterreich;2024-03-06;12.64
Niederösterreich;2024-03-07;12.3
Niederösterreich;2024-03-08;12.03
Niederösterreich;2024-03-09;11.83
Niederösterreich;2024-03-10;11.61
Niederösterreich;2024-03-11;11.41
Niederösterreich;2024-03-12;11.22
Niederösterreich;2024-03-13;11.06
Niederösterreich;2024-03-14;10.93
Niederösterreich;2024-03-15;10.82
Niederösterreich;2024-03-16;10.74
Niederösterreich;2024-03-17;10.69
Niederösterreich;2024-03-18;10.66
Niederösterreich;2024-03-19;10.68
Niederösterreich;2024-03-20;10.69
Niederösterreich;2024-03-21;10.71
Niederösterreich;2024-03-22;10.73
Niederösterreich;2024-03-23;10.72
Niederösterreich;2024-03-24;10.72
Niederösterreich;2024-03-25;10.63
Niederösterreich;2024-03-26;10.55
Niederösterreich;2024-03-27;10.44
Niederösterreich;2024-03-28;10.28
Niederösterreich;2024-03-29;10.11
Niederösterreich;2024-03-30;9.97
Niederösterreich;2024-03-31;9.81
Niederösterreich;2024-04-01;9.67
Niederösterreich;2024-04-02;9.48
Niederösterreich;2024-04-03;9.29
Niederösterreich;2024-04-04;9.1
Niederösterreich;2024-04-05;8.86
Niederösterreich;2024-04-06;8.68
Niederösterreich;2024-04-07;8.51
Niederösterreich;2024-04-08;8.4
Niederösterreich;2024-04-09;8.35
Niederösterreich;2024-04-10;8.39
Niederösterreich;2024-04-11;8.47
Niederösterreich;2024-04-12;8.63
Niederösterreich;2024-04-13;8.87
Niederösterreich;2024-04-14;9.14
Niederösterreich;2024-04-15;9.48
Niederösterreich;2024-04-16;9.88
Niederösterreich;2024-04-17;10.37
Niederösterreich;2024-04-18;10.89
Niederösterreich;2024-04-19;11.44
Niederösterreich;2024-04-20;12.06
Niederösterreich;2024-04-21;12.65
Niederösterreich;2024-04-22;13.26
Niederösterreich;2024-04-23;13.88
Niederösterreich;2024-04-24;14.48
Niederösterreich;2024-04-25;15.11
Niederösterreich;2024-04-26;15.73
Niederösterreich;2024-04-27;16.33
Niederösterreich;2024-04-28;16.86
Niederösterreich;2024-04-29;17.34
Niederösterreich;2024-04-30;17.73
Niederösterreich;2024-05-01;18.12
Niederösterreich;2024-05-02;18.41
Niederösterreich;2024-05-03;18.71
Niederösterreich;2024-05-04;18.95
Niederösterreich;2024-05-05;19.14
Niederösterreich;2024-05-06;19.28
Niederösterreich;2024-05-07;19.4
Niederösterreich;2024-05-08;19.47
Niederösterreich;2024-05-09;19.57
Niederösterreich;2024-05-10;19.64
Niederösterreich;2024-05-11;19.78
Niederösterreich;2024-05-12;19.91
Niederösterreich;2024-05-13;20.04
Niederösterreich;2024-05-14;20.19
Niederösterreich;2024-05-15;20.3
Niederösterreich;2024-05-16;20.39
Niederösterreich;2024-05-17;20.44
Niederösterreich;2024-05-18;20.47
Niederösterreich;2024-05-19;20.48
Niederösterreich;2024-05-20;20.54
Niederösterreich;2024-05-21;20.68
Niederösterreich;2024-05-22;20.89
Niederösterreich;2024-05-23;21.2
Niederösterreich;2024-05-24;21.56
Niederösterreich;2024-05-25;22.04
Niederösterreich;2024-05-26;22.57
Niederösterreich;2024-05-27;23.14
Niederösterreich;2024-05-28;23.78
Niederösterreich;2024-05-29;24.46
Niederösterreich;2024-05-30;25.21
Niederösterreich;2024-05-31;26.0
Niederösterreich;2024-06-01;26.87
Niederösterreich;2024-06-02;27.8
Niederösterreich;2024-06-03;28.83
Niederösterreich;2024-06-04;29.96
Niederösterreich;2024-06-05;31.2
Niederösterreich;2024-06-06;32.47
Niederösterreich;2024-06-07;33.81
Niederösterreich;2024-06-08;35.16
Niederösterreich;2024-06-09;36.54
Niederösterreich;2024-06-10;37.93
Niederösterreich;2024-06-11;39.38
Niederösterreich;2024-06-12;40.85
Niederösterreich;2024-06-13;42.4
Niederösterreich;2024-06-14;43.94
Niederösterreich;2024-06-15;45.55
Niederösterreich;2024-06-16;47.16
Niederösterreich;2024-06-17;48.8
Niederösterreich;2024-06-18;50.43
Niederösterreich;2024-06-19;51.99
Niederösterreich;2024-06-20;53.49
Niederösterreich;2024-06-21;54.94
Niederösterreich;2024-06-22;56.29
Niederösterreich;2024-06-23;57.54
Niederösterreich;2024-06-24;58.68
Niederösterreich;2024-06-25;59.68
Niederösterreich;2024-06-26;60.55
Niederösterreich;2024-06-27;61.31
Niederösterreich;2024-06-28;61.95
Niederösterreich;2024-06-29;62.54
Niederösterreich;2024-06-30;63.18
Niederösterreich;2024-07-01;63.85
Niederösterreich;2024-07-02;64.61
Niederösterreich;2024-07-03;65.5
Niederösterreich;2024-07-04;66.47
Niederösterreich;2024-07-05;67.48
Niederösterreich;2024-07-06;68.51
Niederösterreich;2024-07-07;69.49
Niederösterreich;2024-07-08;70.37
Niederösterreich;2024-07-09;71.22
Niederösterreich;2024-07-10;71.99
Niederösterreich;2024-07-11;72.74
Niederösterreich;2024-07-12;73.45
Niederösterreich;2024-07-13;74.06
Niederösterreich;2024-07-14;74.61
Niederösterreich;2024-07-15;75.01
Niederösterreich;2024-07-16;75.34
Niederösterreich;2024-07-17;75.66
Niederösterreich;2024-07-18;75.97
Niederösterreich;2024-07-19;76.34
Niederösterreich;2024-07-20;76.77
Niederösterreich;2024-07-21;77.3
Niederösterreich;2024-07-22;78.0
Niederösterreich;2024-07-23;78.96
Niederösterreich;2024-07-24;80.18
Niederösterreich;2024-07-25;81.63
Niederösterreich;2024-07-26;83.27
Niederösterreich;2024-07-27;85.01
Niederösterreich;2024-07-28;86.73
Niederösterreich;2024-07-29;88.41
Niederösterreich;2024-07-30;90.08
Niederösterreich;2024-07-31;91.71
Niederösterreich;2024-08-01;93.32
Niederösterreich;2024-08-02;94.87
Niederösterreich;2024-08-03;96.41
Niederösterreich;2024-08-04;97.9
Niederösterreich;2024-08-05;99.35
Niederösterreich;2024-08-06;100.76
Niederösterreich;2024-08-07;102.15
Niederösterreich;2024-08-08;103.53
Niederösterreich;2024-08-09;104.92
Niederösterreich;2024-08-10;106.36
Niederösterreich;2024-08-11;107.82
Niederösterreich;2024-08-12;109.36
Niederösterreich;2024-08-13;110.93
Niederösterreich;2024-08-14;112.5
Niederösterreich;2024-08-15;114.08
Niederösterreich;2024-08-16;115.66
Niederösterreich;2024-08-17;117.3
Niederösterreich;2024-08-18;118.99
Niederösterreich;2024-08-19;120.68
Niederösterreich;2024-08-20;122.31
Niederösterreich;2024-08-21;123.81
Niederösterreich;2024-08-22;125.09
Niederösterreich;2024-08-23;126.19
Niederösterreich;2024-08-24;126.99
Niederösterreich;2024-08-25;127.52
Niederösterreich;2024-08-26;127.74
Niederösterreich;2024-08-27;127.73
Niederösterreich;2024-08-28;127.59
Niederösterreich;2024-08-29;127.41
Niederösterreich;2024-08-30;127.23
Niederösterreich;2024-08-31;127.08
Niederösterreich;2024-09-01;127.06
Niederösterreich;2024-09-02;127.3
Niederösterreich;2024-09-03;127.82
Niederösterreich;2024-09-04;128.75
Niederösterreich;2024-09-05;130.03
Niederösterreich;2024-09-06;131.65
Niederösterreich;2024-09-07;133.6
Niederösterreich;2024-09-08;135.81
Niederösterreich;2024-09-09;138.32
Niederösterreich;2024-09-10;141.17
Niederösterreich;2024-09-11;144.35
Niederösterreich;2024-09-12;147.92
Niederösterreich;2024-09-13;151.92
Niederösterreich;2024-09-14;156.44
Niederösterreich;2024-09-15;161.54
Niederösterreich;2024-09-16;167.26
Niederösterreich;2024-09-17;173.45
Niederösterreich;2024-09-18;179.95
Niederösterreich;2024-09-19;186.51
Niederösterreich;2024-09-20;192.84
Niederösterreich;2024-09-21;198.69
Niederösterreich;2024-09-22;203.84
Niederösterreich;2024-09-23;208.08
Niederösterreich;2024-09-24;211.44
Niederösterreich;2024-09-25;213.96
Niederösterreich;2024-09-26;215.89
Niederösterreich;2024-09-27;217.44
Niederösterreich;2024-09-28;218.8
Niederösterreich;2024-09-29;220.16
Niederösterreich;2024-09-30;221.65
Niederösterreich;2024-10-01;223.27
Niederösterreich;2024-10-02;225.1
Niederösterreich;2024-10-03;227.0
Niederösterreich;2024-10-04;228.88
Niederösterreich;2024-10-05;230.57
Niederösterreich;2024-10-06;231.94
Niederösterreich;2024-10-07;232.79
Niederösterreich;2024-10-08;233.07
Niederösterreich;2024-10-09;232.7
Niederösterreich;2024-10-10;231.75
Niederösterreich;2024-10-11;230.34
Niederösterreich;2024-10-12;228.6
Niederösterreich;2024-10-13;226.67
Niederösterreich;2024-10-14;224.63
Niederösterreich;2024-10-15;222.61
Niederösterreich;2024-10-16;220.63
Niederösterreich;2024-10-17;218.72
Niederösterreich;2024-10-18;216.78
Niederösterreich;2024-10-19;214.81
Niederösterreich;2024-10-20;212.75
Niederösterreich;2024-10-21;206.99
Niederösterreich;2024-10-22;204.44
Niederösterreich;2024-10-23;202.3
Niederösterreich;2024-10-24;199.79
Niederösterreich;2024-10-25;191.46
Niederösterreich;2024-10-26;189.11
Niederösterreich;2024-10-27;187.27
Steiermark;2022-09-01;93.59
Steiermark;2022-09-02;94.86
Steiermark;2022-09-03;96.36
Steiermark;2022-09-04;98.1
Steiermark;2022-09-05;100.13
Steiermark;2022-09-06;102.65
Steiermark;2022-09-07;105.7
Steiermark;2022-09-08;109.53
Steiermark;2022-09-09;113.92
Steiermark;2022-09-10;118.96
Steiermark;2022-09-11;124.55
Steiermark;2022-09-12;130.75
Steiermark;2022-09-13;137.52
Steiermark;2022-09-14;145.02
Steiermark;2022-09-15;153.02
Steiermark;2022-09-16;161.2
Steiermark;2022-09-17;169.28
Steiermark;2022-09-18;176.77
Steiermark;2022-09-19;183.56
Steiermark;2022-09-20;189.83
Steiermark;2022-09-21;195.76
Steiermark;2022-09-22;201.8
Steiermark;2022-09-23;208.17
Steiermark;2022-09-24;214.91
Steiermark;2022-09-25;222.08
Steiermark;2022-09-26;229.55
Steiermark;2022-09-27;236.99
Steiermark;2022-09-28;243.98
Steiermark;2022-09-29;250.19
Steiermark;2022-09-30;255.35
Steiermark;2022-10-01;259.48
Steiermark;2022-10-02;262.46
Steiermark;2022-10-03;264.42
Steiermark;2022-10-04;265.45
Steiermark;2022-10-05;265.77
Steiermark;2022-10-06;265.42
Steiermark;2022-10-07;264.34
Steiermark;2022-10-08;262.16
Steiermark;2022-10-09;258.65
Steiermark;2022-10-10;253.76
Steiermark;2022-10-11;247.54
Steiermark;2022-10-12;240.37
Steiermark;2022-10-13;232.54
Steiermark;2022-10-14;224.17
Steiermark;2022-10-15;215.23
Steiermark;2022-10-16;205.74
Steiermark;2022-10-17;195.71
Steiermark;2022-10-18;185.23
Steiermark;2022-10-19;174.63
Steiermark;2022-10-20;164.01
Steiermark;2022-10-21;153.75
Steiermark;2022-10-22;143.79
Steiermark;2022-10-23;134.36
Steiermark;2022-10-24;125.58
Steiermark;2022-10-25;117.48
Steiermark;2022-10-26;110.04
Steiermark;2022-10-27;103.42
Steiermark;2022-10-28;97.51
Steiermark;2022-10-29;92.39
Steiermark;2022-10-30;87.89
Steiermark;2022-10-31;84.2
Steiermark;2022-11-01;81.18
Steiermark;2022-11-02;78.81
Steiermark;2022-11-03;76.96
Steiermark;2022-11-04;75.59
Steiermark;2022-11-05;74.55
Steiermark;2022-11-06;73.81
Steiermark;2022-11-07;73.39
Steiermark;2022-11-08;73.27
Steiermark;2022-11-09;73.57
Steiermark;2022-11-10;74.38
Steiermark;2022-11-11;75.66
Steiermark;2022-11-12;77.37
Steiermark;2022-11-13;79.56
Steiermark;2022-11-14;82.0
Steiermark;2022-11-15;84.94
Steiermark;2022-11-16;88.28
Steiermark;2022-11-17;92.0
Steiermark;2022-11-18;96.1
Steiermark;2022-11-19;100.53
Steiermark;2022-11-20;105.15
Steiermark;2022-11-21;110.05
Steiermark;2022-11-22;115.16
Steiermark;2022-11-23;120.5
Steiermark;2022-11-24;125.86
Steiermark;2022-11-25;131.27
Steiermark;2022-11-26;136.59
Steiermark;2022-11-27;141.53
Steiermark;2022-11-28;146.15
Steiermark;2022-11-29;150.35
Steiermark;2022-11-30;154.17
Steiermark;2022-12-01;157.74
Steiermark;2022-12-02;160.99
Steiermark;2022-12-03;163.97
Steiermark;2022-12-04;166.67
Steiermark;2022-12-05;169.22
Steiermark;2022-12-06;171.46
Steiermark;2022-12-07;173.57
Steiermark;2022-12-08;175.4
Steiermark;2022-12-09;177.01
Steiermark;2022-12-10;178.46
Steiermark;2022-12-11;179.69
Steiermark;2022-12-12;180.72
Steiermark;2022-12-13;181.66
Steiermark;2022-12-14;182.66
Steiermark;2022-12-15;183.68
Steiermark;2022-12-16;184.7
Steiermark;2022-12-17;185.37
Steiermark;2022-12-18;185.43
Steiermark;2022-12-19;184.85
Steiermark;2022-12-20;183.64
Steiermark;2022-12-21;181.86
Steiermark;2022-12-22;179.87
Steiermark;2022-12-23;177.65
Steiermark;2022-12-24;175.38
Steiermark;2022-12-25;173.0
Steiermark;2022-12-26;170.52
Steiermark;2022-12-27;167.77
Steiermark;2022-12-28;164.8
Steiermark;2022-12-29;161.48
Steiermark;2022-12-30;157.85
Steiermark;2022-12-31;153.87
Steiermark;2023-01-01;149.8
Steiermark;2023-01-02;145.64
Steiermark;2023-01-03;141.61
Steiermark;2023-01-04;137.88
Steiermark;2023-01-05;134.63
Steiermark;2023-01-06;131.89
Steiermark;2023-01-07;129.49
Steiermark;2023-01-08;127.5
Steiermark;2023-01-09;125.73
Steiermark;2023-01-10;124.25
Steiermark;2023-01-11;122.97
Steiermark;2023-01-12;121.88
Steiermark;2023-01-13;121.01
Steiermark;2023-01-14;120.39
Steiermark;2023-01-15;119.59
Steiermark;2023-01-16;119.54
Steiermark;2023-01-17;116.59
Steiermark;2023-01-18;117.16
Steiermark;2023-01-19;118.04
Steiermark;2023-01-20;119.27
Steiermark;2023-01-21;120.8
Steiermark;2023-01-22;122.59
Steiermark;2023-01-23;124.82
Steiermark;2023-01-24;127.47
Steiermark;2023-01-25;130.7
Steiermark;2023-01-26;134.41
Steiermark;2023-01-27;138.53
Steiermark;2023-01-28;142.94
Steiermark;2023-01-29;147.5
Steiermark;2023-01-30;152.2
Steiermark;2023-01-31;157.01
Steiermark;2023-02-01;161.97
Steiermark;2023-02-02;167.14
Steiermark;2023-02-03;172.35
Steiermark;2023-02-04;177.63
Steiermark;2023-02-05;182.71
Steiermark;2023-02-06;187.61
Steiermark;2023-02-07;192.29
Steiermark;2023-02-08;196.89
Steiermark;2023-02-09;201.47
Steiermark;2023-02-10;205.96
Steiermark;2023-02-11;210.33
Steiermark;2023-02-12;214.46
Steiermark;2023-02-13;218.47
Steiermark;2023-02-14;222.28
Steiermark;2023-02-15;225.92
Steiermark;2023-02-16;229.63
Steiermark;2023-02-17;233.26
Steiermark;2023-02-18;236.93
Steiermark;2023-02-19;240.7
Steiermark;2023-02-20;244.54
Steiermark;2023-02-21;248.42
Steiermark;2023-02-22;252.31
Steiermark;2023-02-23;256.09
Steiermark;2023-02-24;259.45
Steiermark;2023-02-25;262.14
Steiermark;2023-02-26;263.84
Steiermark;2023-02-27;264.23
Steiermark;2023-02-28;263.34
Steiermark;2023-03-01;261.28
Steiermark;2023-03-02;258.36
Steiermark;2023-03-03;254.81
Steiermark;2023-03-04;250.84
Steiermark;2023-03-05;246.33
Steiermark;2023-03-06;241.45
Steiermark;2023-03-07;236.16
Steiermark;2023-03-08;230.47
Steiermark;2023-03-09;224.37
Steiermark;2023-03-10;217.89
Steiermark;2023-03-11;210.94
Steiermark;2023-03-12;203.75
Steiermark;2023-03-13;196.22
Steiermark;2023-03-14;188.49
Steiermark;2023-03-15;180.66
Steiermark;2023-03-16;172.85
Steiermark;2023-03-17;165.15
Steiermark;2023-03-18;157.57
Steiermark;2023-03-19;150.21
Steiermark;2023-03-20;143.16
Steiermark;2023-03-21;136.39
Steiermark;2023-03-22;129.99
Steiermark;2023-03-23;123.96
Steiermark;2023-03-24;118.25
Steiermark;2023-03-25;112.89
Steiermark;2023-03-26;107.9
Steiermark;2023-03-27;103.18
Steiermark;2023-03-28;98.79
Steiermark;2023-03-29;94.54
Steiermark;2023-03-30;90.57
Steiermark;2023-03-31;86.75
Steiermark;2023-04-01;83.15
Steiermark;2023-04-02;79.96
Steiermark;2023-04-03;77.12
Steiermark;2023-04-04;74.69
Steiermark;2023-04-05;72.55
Steiermark;2023-04-06;70.74
Steiermark;2023-04-07;69.08
Steiermark;2023-04-08;67.59
Steiermark;2023-04-09;66.27
Steiermark;2023-04-10;64.98
Steiermark;2023-04-11;63.81
Steiermark;2023-04-12;62.7
Steiermark;2023-04-13;61.65
Steiermark;2023-04-14;60.5
Steiermark;2023-04-15;59.38
Steiermark;2023-04-16;58.08
Steiermark;2023-04-17;56.76
Steiermark;2023-04-18;55.36
Steiermark;2023-04-19;53.95
Steiermark;2023-04-20;52.6
Steiermark;2023-04-21;51.24
Steiermark;2023-04-22;49.82
Steiermark;2023-04-23;48.48
Steiermark;2023-04-24;47.11
Steiermark;2023-04-25;45.74
Steiermark;2023-04-26;44.29
Steiermark;2023-04-27;42.82
Steiermark;2023-04-28;41.32
Steiermark;2023-04-29;39.84
Steiermark;2023-04-30;38.43
Steiermark;2023-05-01;37.11
Steiermark;2023-05-02;35.95
Steiermark;2023-05-03;34.97
Steiermark;2023-05-04;34.1
Steiermark;2023-05-05;33.48
Steiermark;2023-05-06;32.8
Steiermark;2023-05-07;32.22
Steiermark;2023-05-08;31.66
Steiermark;2023-05-09;30.94
Steiermark;2023-05-10;30.25
Steiermark;2023-05-11;29.46
Steiermark;2023-05-12;28.68
Steiermark;2023-05-13;27.94
Steiermark;2023-05-14;27.22
Steiermark;2023-05-15;26.63
Steiermark;2023-05-16;26.17
Steiermark;2023-05-17;25.69
Steiermark;2023-05-18;25.31
Steiermark;2023-05-19;24.9
Steiermark;2023-05-20;24.44
Steiermark;2023-05-21;23.84
Steiermark;2023-05-22;23.12
Steiermark;2023-05-23;22.37
Steiermark;2023-05-24;21.57
Steiermark;2023-05-25;20.75
Steiermark;2023-05-26;19.94
Steiermark;2023-05-27;19.1
Steiermark;2023-05-28;18.33
Steiermark;2023-05-29;17.6
Steiermark;2023-05-30;16.84
Steiermark;2023-05-31;16.12
Steiermark;2023-06-01;15.44
Steiermark;2023-06-02;14.78
Steiermark;2023-06-03;14.15
Steiermark;2023-06-04;13.5
Steiermark;2023-06-05;12.95
Steiermark;2023-06-06;12.32
Steiermark;2023-06-07;11.78
Steiermark;2023-06-08;11.19
Steiermark;2023-06-09;10.68
Steiermark;2023-06-10;10.1
Steiermark;2023-06-11;9.59
Steiermark;2023-06-12;9.04
Steiermark;2023-06-13;8.57
Steiermark;2023-06-14;8.09
Steiermark;2023-06-15;7.71
Steiermark;2023-06-16;7.34
Steiermark;2023-06-17;7.05
Steiermark;2023-06-18;6.79
Steiermark;2023-06-19;6.58
Steiermark;2023-06-20;6.41
Steiermark;2023-06-21;6.32
Steiermark;2023-06-22;6.18
Steiermark;2023-06-23;6.21
Steiermark;2023-06-24;6.23
Steiermark;2023-06-25;6.26
Steiermark;2023-06-26;6.36
Steiermark;2023-06-27;6.49
Steiermark;2023-06-28;6.68
Steiermark;2023-06-29;6.87
Steiermark;2023-06-30;7.04
Steiermark;2023-07-01;7.28
Steiermark;2023-07-02;7.51
Steiermark;2023-07-03;7.72
Steiermark;2023-07-04;7.92
Steiermark;2023-07-05;8.13
Steiermark;2023-07-06;8.33
Steiermark;2023-07-07;8.6
Steiermark;2023-07-08;8.85
Steiermark;2023-07-09;9.04
Steiermark;2023-07-10;9.29
Steiermark;2023-07-11;9.51
Steiermark;2023-07-12;9.74
Steiermark;2023-07-13;9.96
Steiermark;2023-07-14;10.27
Steiermark;2023-07-15;10.51
Steiermark;2023-07-16;10.84
Steiermark;2023-07-17;11.24
Steiermark;2023-07-18;11.62
Steiermark;2023-07-19;12.1
Steiermark;2023-07-20;12.57
Steiermark;2023-07-21;13.16
Steiermark;2023-07-22;13.77
Steiermark;2023-07-23;14.38
Steiermark;2023-07-24;15.03
Steiermark;2023-07-25;15.76
Steiermark;2023-07-26;16.57
Steiermark;2023-07-27;17.33
Steiermark;2023-07-28;18.11
Steiermark;2023-07-29;18.96
Steiermark;2023-07-30;19.77
Steiermark;2023-07-31;20.74
Steiermark;2023-08-01;21.72
Steiermark;2023-08-02;22.92
Steiermark;2023-08-03;24.27
Steiermark;2023-08-04;25.86
Steiermark;2023-08-05;27.71
Steiermark;2023-08-06;29.8
Steiermark;2023-08-07;32.18
Steiermark;2023-08-08;34.7
Steiermark;2023-08-09;37.35
Steiermark;2023-08-10;39.91
Steiermark;2023-08-11;42.39
Steiermark;2023-08-12;44.54
Steiermark;2023-08-13;46.23
Steiermark;2023-08-14;47.59
Steiermark;2023-08-15;48.51
Steiermark;2023-08-16;49.22
Steiermark;2023-08-17;49.74
Steiermark;2023-08-18;50.28
Steiermark;2023-08-19;50.86
Steiermark;2023-08-20;51.51
Steiermark;2023-08-21;52.28
Steiermark;2023-08-22;53.13
Steiermark;2023-08-23;54.19
Steiermark;2023-08-24;55.33
Steiermark;2023-08-25;56.56
Steiermark;2023-08-26;57.77
Steiermark;2023-08-27;58.95
Steiermark;2023-08-28;60.04
Steiermark;2023-08-29;60.97
Steiermark;2023-08-30;61.82
Steiermark;2023-08-31;62.67
Steiermark;2023-09-01;63.42
Steiermark;2023-09-02;64.36
Steiermark;2023-09-03;65.32
Steiermark;2023-09-04;66.45
Steiermark;2023-09-05;67.79
Steiermark;2023-09-06;69.39
Steiermark;2023-09-07;71.22
Steiermark;2023-09-08;73.15
Steiermark;2023-09-09;75.02
Steiermark;2023-09-10;76.77
Steiermark;2023-09-11;78.29
Steiermark;2023-09-12;79.54
Steiermark;2023-09-13;80.57
Steiermark;2023-09-14;81.35
Steiermark;2023-09-15;82.01
Steiermark;2023-09-16;82.64
Steiermark;2023-09-17;83.23
Steiermark;2023-09-18;83.85
Steiermark;2023-09-19;84.59
Steiermark;2023-09-20;85.52
Steiermark;2023-09-21;86.61
Steiermark;2023-09-22;87.93
Steiermark;2023-09-23;89.53
Steiermark;2023-09-24;91.35
Steiermark;2023-09-25;93.38
Steiermark;2023-09-26;95.65
Steiermark;2023-09-27;98.21
Steiermark;2023-09-28;100.82
Steiermark;2023-09-29;103.47
Steiermark;2023-09-30;106.09
Steiermark;2023-10-01;108.45
Steiermark;2023-10-02;110.48
Steiermark;2023-10-03;112.26
Steiermark;2023-10-04;113.72
Steiermark;2023-10-05;115.06
Steiermark;2023-10-06;116.32
Steiermark;2023-10-07;117.6
Steiermark;2023-10-08;119.03
Steiermark;2023-10-09;120.71
Steiermark;2023-10-10;122.67
Steiermark;2023-10-11;124.93
Steiermark;2023-10-12;127.53
Steiermark;2023-10-13;130.54
Steiermark;2023-10-14;134.04
Steiermark;2023-10-15;138.03
Steiermark;2023-10-16;142.75
Steiermark;2023-10-17;148.13
Steiermark;2023-10-18;154.04
Steiermark;2023-10-19;160.46
Steiermark;2023-10-20;167.12
Steiermark;2023-10-21;173.72
Steiermark;2023-10-22;180.18
Steiermark;2023-10-23;186.3
Steiermark;2023-10-24;192.14
Steiermark;2023-10-25;197.81
Steiermark;2023-10-26;203.36
Steiermark;2023-10-27;208.61
Steiermark;2023-10-28;213.58
Steiermark;2023-10-29;218.12
Steiermark;2023-10-30;222.09
Steiermark;2023-10-31;225.47
Steiermark;2023-11-01;228.31
Steiermark;2023-11-02;230.68
Steiermark;2023-11-03;232.85
Steiermark;2023-11-04;235.25
Steiermark;2023-11-05;238.14
Steiermark;2023-11-06;241.87
Steiermark;2023-11-07;246.48
Steiermark;2023-11-08;252.13
Steiermark;2023-11-09;258.6
Steiermark;2023-11-10;265.74
Steiermark;2023-11-11;273.32
Steiermark;2023-11-12;281.21
Steiermark;2023-11-13;289.19
Steiermark;2023-11-14;297.23
Steiermark;2023-11-15;305.24
Steiermark;2023-11-16;313.39
Steiermark;2023-11-17;321.77
Steiermark;2023-11-18;330.65
Steiermark;2023-11-19;340.35
Steiermark;2023-11-20;351.1
Steiermark;2023-11-21;362.95
Steiermark;2023-11-22;375.82
Steiermark;2023-11-23;389.7
Steiermark;2023-11-24;404.28
Steiermark;2023-11-25;419.34
Steiermark;2023-11-26;434.61
Steiermark;2023-11-27;449.87
Steiermark;2023-11-28;464.89
Steiermark;2023-11-29;479.49
Steiermark;2023-11-30;493.35
Steiermark;2023-12-01;506.12
Steiermark;2023-12-02;517.46
Steiermark;2023-12-03;527.02
Steiermark;2023-12-04;534.75
Steiermark;2023-12-05;541.24
Steiermark;2023-12-06;547.08
Steiermark;2023-12-07;552.62
Steiermark;2023-12-08;557.93
Steiermark;2023-12-09;562.51
Steiermark;2023-12-10;565.9
Steiermark;2023-12-11;568.0
Steiermark;2023-12-12;568.83
Steiermark;2023-12-13;568.99
Steiermark;2023-12-14;568.68
Steiermark;2023-12-15;567.88
Steiermark;2023-12-16;566.14
Steiermark;2023-12-17;562.89
Steiermark;2023-12-18;557.71
Steiermark;2023-12-19;550.39
Steiermark;2023-12-20;540.89
Steiermark;2023-12-21;529.4
Steiermark;2023-12-22;516.23
Steiermark;2023-12-23;501.79
Steiermark;2023-12-24;486.45
Steiermark;2023-12-25;470.29
Steiermark;2023-12-26;453.5
Steiermark;2023-12-27;436.12
Steiermark;2023-12-28;418.03
Steiermark;2023-12-29;399.43
Steiermark;2023-12-30;380.41
Steiermark;2023-12-31;361.12
Steiermark;2024-01-01;341.67
Steiermark;2024-01-02;322.23
Steiermark;2024-01-03;303.06
Steiermark;2024-01-04;284.39
Steiermark;2024-01-05;266.54
Steiermark;2024-01-06;249.77
Steiermark;2024-01-07;234.27
Steiermark;2024-01-08;220.19
Steiermark;2024-01-09;207.61
Steiermark;2024-01-10;196.33
Steiermark;2024-01-11;186.22
Steiermark;2024-01-12;177.06
Steiermark;2024-01-13;168.44
Steiermark;2024-01-14;160.28
Steiermark;2024-01-15;152.46
Steiermark;2024-01-16;144.8
Steiermark;2024-01-17;137.35
Steiermark;2024-01-18;130.17
Steiermark;2024-01-19;123.27
Steiermark;2024-01-20;116.63
Steiermark;2024-01-21;110.23
Steiermark;2024-01-22;104.26
Steiermark;2024-01-23;98.65
Steiermark;2024-01-24;93.59
Steiermark;2024-01-25;89.02
Steiermark;2024-01-26;84.9
Steiermark;2024-01-27;81.13
Steiermark;2024-01-28;77.67
Steiermark;2024-01-29;74.44
Steiermark;2024-01-30;71.45
Steiermark;2024-01-31;68.46
Steiermark;2024-02-01;65.53
Steiermark;2024-02-02;62.54
Steiermark;2024-02-03;59.56
Steiermark;2024-02-04;56.5
Steiermark;2024-02-05;53.46
Steiermark;2024-02-06;50.49
Steiermark;2024-02-07;47.52
Steiermark;2024-02-08;44.56
Steiermark;2024-02-09;41.72
Steiermark;2024-02-10;39.02
Steiermark;2024-02-11;36.41
Steiermark;2024-02-12;33.93
Steiermark;2024-02-13;31.65
Steiermark;2024-02-14;29.52
Steiermark;2024-02-15;27.54
Steiermark;2024-02-16;25.66
Steiermark;2024-02-17;23.92
Steiermark;2024-02-18;22.21
Steiermark;2024-02-19;20.62
Steiermark;2024-02-20;19.06
Steiermark;2024-02-21;17.59
Steiermark;2024-02-22;16.3
Steiermark;2024-02-23;15.03
Steiermark;2024-02-24;13.84
Steiermark;2024-02-25;12.77
Steiermark;2024-02-26;11.86
Steiermark;2024-02-27;10.99
Steiermark;2024-02-28;10.22
Steiermark;2024-02-29;9.49
Steiermark;2024-03-01;8.87
Steiermark;2024-03-02;8.33
Steiermark;2024-03-03;7.88
Steiermark;2024-03-04;7.45
Steiermark;2024-03-05;7.1
Steiermark;2024-03-06;6.93
Steiermark;2024-03-07;6.74
Steiermark;2024-03-08;6.58
Steiermark;2024-03-09;6.55
Steiermark;2024-03-10;6.47
Steiermark;2024-03-11;6.44
Steiermark;2024-03-12;6.38
Steiermark;2024-03-13;6.34
Steiermark;2024-03-14;6.37
Steiermark;2024-03-15;6.36
Steiermark;2024-03-16;6.33
Steiermark;2024-03-17;6.39
Steiermark;2024-03-18;6.39
Steiermark;2024-03-19;6.47
Steiermark;2024-03-20;6.54
Steiermark;2024-03-21;6.69
Steiermark;2024-03-22;6.78
Steiermark;2024-03-23;6.93
Steiermark;2024-03-24;7.03
Steiermark;2024-03-25;7.07
Steiermark;2024-03-26;7.1
Steiermark;2024-03-27;7.03
Steiermark;2024-03-28;6.95
Steiermark;2024-03-29;6.85
Steiermark;2024-03-30;6.72
Steiermark;2024-03-31;6.53
Steiermark;2024-04-01;6.31
Steiermark;2024-04-02;6.12
Steiermark;2024-04-03;5.92
Steiermark;2024-04-04;5.71
Steiermark;2024-04-05;5.47
Steiermark;2024-04-06;5.28
Steiermark;2024-04-07;5.09
Steiermark;2024-04-08;4.94
Steiermark;2024-04-09;4.83
Steiermark;2024-04-10;4.7
Steiermark;2024-04-11;4.57
Steiermark;2024-04-12;4.47
Steiermark;2024-04-13;4.44
Steiermark;2024-04-14;4.37
Steiermark;2024-04-15;4.38
Steiermark;2024-04-16;4.41
Steiermark;2024-04-17;4.47
Steiermark;2024-04-18;4.53
Steiermark;2024-04-19;4.6
Steiermark;2024-04-20;4.69
Steiermark;2024-04-21;4.79
Steiermark;2024-04-22;4.89
Steiermark;2024-04-23;5.01
Steiermark;2024-04-24;5.14
Steiermark;2024-04-25;5.33
Steiermark;2024-04-26;5.45
Steiermark;2024-04-27;5.65
Steiermark;2024-04-28;5.83
Steiermark;2024-04-29;6.0
Steiermark;2024-04-30;6.16
Steiermark;2024-05-01;6.32
Steiermark;2024-05-02;6.48
Steiermark;2024-05-03;6.62
Steiermark;2024-05-04;6.79
Steiermark;2024-05-05;7.01
Steiermark;2024-05-06;7.19
Steiermark;2024-05-07;7.3
Steiermark;2024-05-08;7.51
Steiermark;2024-05-09;7.7
Steiermark;2024-05-10;7.91
Steiermark;2024-05-11;8.05
Steiermark;2024-05-12;8.27
Steiermark;2024-05-13;8.46
Steiermark;2024-05-14;8.71
Steiermark;2024-05-15;9.01
Steiermark;2024-05-16;9.36
Steiermark;2024-05-17;9.77
Steiermark;2024-05-18;10.16
Steiermark;2024-05-19;10.71
Steiermark;2024-05-20;11.2
Steiermark;2024-05-21;11.75
Steiermark;2024-05-22;12.38
Steiermark;2024-05-23;13.02
Steiermark;2024-05-24;13.74
Steiermark;2024-05-25;14.49
Steiermark;2024-05-26;15.3
Steiermark;2024-05-27;16.2
Steiermark;2024-05-28;17.12
Steiermark;2024-05-29;18.13
Steiermark;2024-05-30;19.19
Steiermark;2024-05-31;20.35
Steiermark;2024-06-01;21.53
Steiermark;2024-06-02;22.86
Steiermark;2024-06-03;24.34
Steiermark;2024-06-04;25.95
Steiermark;2024-06-05;27.56
Steiermark;2024-06-06;29.31
Steiermark;2024-06-07;31.06
Steiermark;2024-06-08;32.79
Steiermark;2024-06-09;34.38
Steiermark;2024-06-10;35.91
Steiermark;2024-06-11;37.32
Steiermark;2024-06-12;38.85
Steiermark;2024-06-13;40.35
Steiermark;2024-06-14;41.82
Steiermark;2024-06-15;43.39
Steiermark;2024-06-16;44.88
Steiermark;2024-06-17;46.24
Steiermark;2024-06-18;47.48
Steiermark;2024-06-19;48.48
Steiermark;2024-06-20;49.33
Steiermark;2024-06-21;50.08
Steiermark;2024-06-22;50.71
Steiermark;2024-06-23;51.36
Steiermark;2024-06-24;52.11
Steiermark;2024-06-25;52.92
Steiermark;2024-06-26;53.71
Steiermark;2024-06-27;54.44
Steiermark;2024-06-28;55.06
Steiermark;2024-06-29;55.7
Steiermark;2024-06-30;56.24
Steiermark;2024-07-01;56.83
Steiermark;2024-07-02;57.39
Steiermark;2024-07-03;58.05
Steiermark;2024-07-04;58.74
Steiermark;2024-07-05;59.45
Steiermark;2024-07-06;60.15
Steiermark;2024-07-07;60.8
Steiermark;2024-07-08;61.26
Steiermark;2024-07-09;61.65
Steiermark;2024-07-10;61.98
Steiermark;2024-07-11;62.19
Steiermark;2024-07-12;62.4
Steiermark;2024-07-13;62.63
Steiermark;2024-07-14;62.89
Steiermark;2024-07-15;63.22
Steiermark;2024-07-16;63.65
Steiermark;2024-07-17;64.13
Steiermark;2024-07-18;64.74
Steiermark;2024-07-19;65.39
Steiermark;2024-07-20;66.04
Steiermark;2024-07-21;66.68
Steiermark;2024-07-22;67.37
Steiermark;2024-07-23;67.91
Steiermark;2024-07-24;68.49
Steiermark;2024-07-25;69.05
Steiermark;2024-07-26;69.59
Steiermark;2024-07-27;70.11
Steiermark;2024-07-28;70.63
Steiermark;2024-07-29;71.27
Steiermark;2024-07-30;71.91
Steiermark;2024-07-31;72.71
Steiermark;2024-08-01;73.67
Steiermark;2024-08-02;74.69
Steiermark;2024-08-03;75.73
Steiermark;2024-08-04;76.84
Steiermark;2024-08-05;77.93
Steiermark;2024-08-06;79.03
Steiermark;2024-08-07;80.21
Steiermark;2024-08-08;81.63
Steiermark;2024-08-09;83.2
Steiermark;2024-08-10;85.14
Steiermark;2024-08-11;87.3
Steiermark;2024-08-12;89.81
Steiermark;2024-08-13;92.5
Steiermark;2024-08-14;95.4
Steiermark;2024-08-15;98.34
Steiermark;2024-08-16;101.35
Steiermark;2024-08-17;104.45
Steiermark;2024-08-18;107.59
Steiermark;2024-08-19;110.7
Steiermark;2024-08-20;113.81
Steiermark;2024-08-21;116.87
Steiermark;2024-08-22;119.85
Steiermark;2024-08-23;122.7
Steiermark;2024-08-24;125.33
Steiermark;2024-08-25;127.67
Steiermark;2024-08-26;129.77
Steiermark;2024-08-27;131.59
Steiermark;2024-08-28;133.12
Steiermark;2024-08-29;134.57
Steiermark;2024-08-30;135.85
Steiermark;2024-08-31;137.23
Steiermark;2024-09-01;138.63
Steiermark;2024-09-02;140.35
Steiermark;2024-09-03;142.37
Steiermark;2024-09-04;144.9
Steiermark;2024-09-05;147.87
Steiermark;2024-09-06;151.34
Steiermark;2024-09-07;155.26
Steiermark;2024-09-08;159.69
Steiermark;2024-09-09;164.68
Steiermark;2024-09-10;170.32
Steiermark;2024-09-11;176.74
Steiermark;2024-09-12;183.93
Steiermark;2024-09-13;191.9
Steiermark;2024-09-14;200.56
Steiermark;2024-09-15;209.97
Steiermark;2024-09-16;220.05
Steiermark;2024-09-17;230.62
Steiermark;2024-09-18;241.67
Steiermark;2024-09-19;252.84
Steiermark;2024-09-20;264.15
Steiermark;2024-09-21;275.44
Steiermark;2024-09-22;286.48
Steiermark;2024-09-23;297.08
Steiermark;2024-09-24;306.94
Steiermark;2024-09-25;315.79
Steiermark;2024-09-26;323.69
Steiermark;2024-09-27;330.78
Steiermark;2024-09-28;337.18
Steiermark;2024-09-29;343.08
Steiermark;2024-09-30;348.45
Steiermark;2024-10-01;353.5
Steiermark;2024-10-02;358.0
Steiermark;2024-10-03;361.97
Steiermark;2024-10-04;365.09
Steiermark;2024-10-05;366.89
Steiermark;2024-10-06;366.98
Steiermark;2024-10-07;365.34
Steiermark;2024-10-08;362.08
Steiermark;2024-10-09;357.76
Steiermark;2024-10-10;352.66
Steiermark;2024-10-11;347.25
Steiermark;2024-10-12;341.69
Steiermark;2024-10-13;336.09
Steiermark;2024-10-14;330.59
Steiermark;2024-10-15;325.36
Steiermark;2024-10-16;320.51
Steiermark;2024-10-17;316.07
Steiermark;2024-10-18;312.19
Steiermark;2024-10-19;308.83
Steiermark;2024-10-20;306.07
Wien;2022-09-01;118.9
Wien;2022-09-02;117.7
Wien;2022-09-03;116.4
Wien;2022-09-04;115.2
Wien;2022-09-05;113.9
Wien;2022-09-06;112.7
Wien;2022-09-07;111.5
Wien;2022-09-08;110.5
Wien;2022-09-09;109.9
Wien;2022-09-10;109.8
Wien;2022-09-11;110.4
Wien;2022-09-12;111.9
Wien;2022-09-13;114.2
Wien;2022-09-14;117.3
Wien;2022-09-15;120.9
Wien;2022-09-16;125.1
Wien;2022-09-17;129.7
Wien;2022-09-18;134.8
Wien;2022-09-19;140.5
Wien;2022-09-20;146.7
Wien;2022-09-21;153.4
Wien;2022-09-22;160.5
Wien;2022-09-23;167.9
Wien;2022-09-24;175.2
Wien;2022-09-25;182.5
Wien;2022-09-26;189.8
Wien;2022-09-27;197.1
Wien;2022-09-28;204.7
Wien;2022-09-29;212.3
Wien;2022-09-30;219.8
Wien;2022-10-01;226.7
Wien;2022-10-02;232.6
Wien;2022-10-03;237.4
Wien;2022-10-04;241.0
Wien;2022-10-05;243.6
Wien;2022-10-06;245.2
Wien;2022-10-07;245.9
Wien;2022-10-08;245.8
Wien;2022-10-09;244.5
Wien;2022-10-10;242.0
Wien;2022-10-11;238.2
Wien;2022-10-12;233.4
Wien;2022-10-13;227.7
Wien;2022-10-14;221.5
Wien;2022-10-15;215.3
Wien;2022-10-16;209.3
Wien;2022-10-17;203.9
Wien;2022-10-18;198.9
Wien;2022-10-19;194.5
Wien;2022-10-20;190.4
Wien;2022-10-21;186.4
Wien;2022-10-22;182.5
Wien;2022-10-23;178.3
Wien;2022-10-24;173.9
Wien;2022-10-25;169.2
Wien;2022-10-26;164.4
Wien;2022-10-27;159.5
Wien;2022-10-28;154.7
Wien;2022-10-29;149.9
Wien;2022-10-30;145.4
Wien;2022-10-31;141.2
Wien;2022-11-01;137.5
Wien;2022-11-02;134.5
Wien;2022-11-03;132.0
Wien;2022-11-04;130.3
Wien;2022-11-05;129.2
Wien;2022-11-06;128.9
Wien;2022-11-07;129.6
Wien;2022-11-08;131.4
Wien;2022-11-09;134.2
Wien;2022-11-10;137.7
Wien;2022-11-11;141.8
Wien;2022-11-12;146.2
Wien;2022-11-13;150.8
Wien;2022-11-14;155.3
Wien;2022-11-15;160.0
Wien;2022-11-16;164.9
Wien;2022-11-17;169.8
Wien;2022-11-18;174.8
Wien;2022-11-19;179.6
Wien;2022-11-20;184.1
Wien;2022-11-21;188.1
Wien;2022-11-22;191.6
Wien;2022-11-23;194.7
Wien;2022-11-24;197.5
Wien;2022-11-25;200.0
Wien;2022-11-26;202.2
Wien;2022-11-27;204.0
Wien;2022-11-28;205.4
Wien;2022-11-29;206.7
Wien;2022-11-30;207.9
Wien;2022-12-01;209.1
Wien;2022-12-02;210.4
Wien;2022-12-03;211.9
Wien;2022-12-04;213.7
Wien;2022-12-05;215.7
Wien;2022-12-06;218.2
Wien;2022-12-07;221.0
Wien;2022-12-08;224.1
Wien;2022-12-09;227.6
Wien;2022-12-10;231.3
Wien;2022-12-11;235.4
Wien;2022-12-12;239.9
Wien;2022-12-13;244.8
Wien;2022-12-14;250.1
Wien;2022-12-15;255.5
Wien;2022-12-16;260.7
Wien;2022-12-17;265.2
Wien;2022-12-18;268.7
Wien;2022-12-19;270.8
Wien;2022-12-20;271.5
Wien;2022-12-21;270.9
Wien;2022-12-22;269.3
Wien;2022-12-23;266.9
Wien;2022-12-24;264.0
Wien;2022-12-25;260.7
Wien;2022-12-26;257.1
Wien;2022-12-27;253.0
Wien;2022-12-28;248.7
Wien;2022-12-29;244.0
Wien;2022-12-30;238.9
Wien;2022-12-31;233.5
Wien;2023-01-01;227.8
Wien;2023-01-02;221.5
Wien;2023-01-03;214.8
Wien;2023-01-04;207.6
Wien;2023-01-05;200.2
Wien;2023-01-06;192.6
Wien;2023-01-07;185.1
Wien;2023-01-08;177.9
Wien;2023-01-09;171.1
Wien;2023-01-10;164.9
Wien;2023-01-11;159.2
Wien;2023-01-12;154.1
Wien;2023-01-13;149.6
Wien;2023-01-14;145.8
Wien;2023-01-15;142.8
Wien;2023-01-16;140.8
Wien;2023-01-17;139.9
Wien;2023-01-18;140.1
Wien;2023-01-19;141.2
Wien;2023-01-20;143.3
Wien;2023-01-21;146.3
Wien;2023-01-22;150.3
Wien;2023-01-23;155.3
Wien;2023-01-24;161.2
Wien;2023-01-25;167.8
Wien;2023-01-26;175.2
Wien;2023-01-27;183.1
Wien;2023-01-28;191.7
Wien;2023-01-29;201.0
Wien;2023-01-30;211.3
Wien;2023-01-31;222.5
Wien;2023-02-01;234.6
Wien;2023-02-02;247.2
Wien;2023-02-03;259.6
Wien;2023-02-04;271.3
Wien;2023-02-05;281.6
Wien;2023-02-06;290.2
Wien;2023-02-07;297.0
Wien;2023-02-08;302.4
Wien;2023-02-09;306.6
Wien;2023-02-10;310.1
Wien;2023-02-11;313.0
Wien;2023-02-12;315.4
Wien;2023-02-13;317.6
Wien;2023-02-14;319.5
Wien;2023-02-15;321.2
Wien;2023-02-16;322.8
Wien;2023-02-17;324.3
Wien;2023-02-18;325.7
Wien;2023-02-19;326.9
Wien;2023-02-20;328.2
Wien;2023-02-21;329.7
Wien;2023-02-22;331.6
Wien;2023-02-23;333.9
Wien;2023-02-24;336.6
Wien;2023-02-25;339.6
Wien;2023-02-26;342.8
Wien;2023-02-27;345.9
Wien;2023-02-28;348.8
Wien;2023-03-01;350.9
Wien;2023-03-02;352.2
Wien;2023-03-03;352.5
Wien;2023-03-04;351.8
Wien;2023-03-05;349.8
Wien;2023-03-06;346.5
Wien;2023-03-07;341.9
Wien;2023-03-08;336.2
Wien;2023-03-09;329.6
Wien;2023-03-10;322.5
Wien;2023-03-11;315.2
Wien;2023-03-12;307.8
Wien;2023-03-13;300.7
Wien;2023-03-14;294.0
Wien;2023-03-15;287.8
Wien;2023-03-16;282.0
Wien;2023-03-17;276.1
Wien;2023-03-18;270.0
Wien;2023-03-19;263.1
Wien;2023-03-20;255.6
Wien;2023-03-21;247.5
Wien;2023-03-22;239.3
Wien;2023-03-23;231.0
Wien;2023-03-24;222.7
Wien;2023-03-25;214.5
Wien;2023-03-26;206.3
Wien;2023-03-27;198.4
Wien;2023-03-28;190.9
Wien;2023-03-29;184.2
Wien;2023-03-30;178.1
Wien;2023-03-31;172.7
Wien;2023-04-01;167.9
Wien;2023-04-02;163.6
Wien;2023-04-03;159.8
Wien;2023-04-04;156.2
Wien;2023-04-05;152.9
Wien;2023-04-06;149.6
Wien;2023-04-07;146.3
Wien;2023-04-08;143.1
Wien;2023-04-09;139.7
Wien;2023-04-10;136.3
Wien;2023-04-11;132.7
Wien;2023-04-12;129.0
Wien;2023-04-13;125.1
Wien;2023-04-14;121.2
Wien;2023-04-15;117.2
Wien;2023-04-16;113.2
Wien;2023-04-17;109.3
Wien;2023-04-18;105.6
Wien;2023-04-19;102.0
Wien;2023-04-20;98.6
Wien;2023-04-21;95.4
Wien;2023-04-22;92.4
Wien;2023-04-23;89.5
Wien;2023-04-24;86.9
Wien;2023-04-25;84.4
Wien;2023-04-26;82.1
Wien;2023-04-27;79.9
Wien;2023-04-28;77.7
Wien;2023-04-29;75.6
Wien;2023-04-30;73.4
Wien;2023-05-01;71.3
Wien;2023-05-02;69.1
Wien;2023-05-03;66.9
Wien;2023-05-04;64.7
Wien;2023-05-05;62.4
Wien;2023-05-06;60.1
Wien;2023-05-07;57.9
Wien;2023-05-08;55.8
Wien;2023-05-09;53.7
Wien;2023-05-10;51.7
Wien;2023-05-11;49.9
Wien;2023-05-12;48.1
Wien;2023-05-13;46.6
Wien;2023-05-14;45.2
Wien;2023-05-15;44.0
Wien;2023-05-16;43.1
Wien;2023-05-17;42.5
Wien;2023-05-18;42.1
Wien;2023-05-19;41.8
Wien;2023-05-20;41.6
Wien;2023-05-21;41.5
Wien;2023-05-22;41.3
Wien;2023-05-23;41.1
Wien;2023-05-24;40.8
Wien;2023-05-25;40.4
Wien;2023-05-26;40.0
Wien;2023-05-27;39.5
Wien;2023-05-28;38.9
Wien;2023-05-29;38.2
Wien;2023-05-30;37.5
Wien;2023-05-31;36.6
Wien;2023-06-01;35.7
Wien;2023-06-02;34.7
Wien;2023-06-03;33.7
Wien;2023-06-04;32.8
Wien;2023-06-05;31.9
Wien;2023-06-06;31.1
Wien;2023-06-07;30.3
Wien;2023-06-08;29.7
Wien;2023-06-09;29.1
Wien;2023-06-10;28.6
Wien;2023-06-11;28.0
Wien;2023-06-12;27.3
Wien;2023-06-13;26.6
Wien;2023-06-14;25.8
Wien;2023-06-15;25.0
Wien;2023-06-16;24.2
Wien;2023-06-17;23.4
Wien;2023-06-18;22.6
Wien;2023-06-19;21.9
Wien;2023-06-20;21.4
Wien;2023-06-21;21.0
Wien;2023-06-22;20.7
Wien;2023-06-23;20.5
Wien;2023-06-24;20.3
Wien;2023-06-25;20.2
Wien;2023-06-26;20.1
Wien;2023-06-27;20.0
Wien;2023-06-28;20.1
Wien;2023-06-29;20.1
Wien;2023-06-30;20.3
Wien;2023-07-01;20.5
Wien;2023-07-02;20.8
Wien;2023-07-03;21.0
Wien;2023-07-04;21.3
Wien;2023-07-05;21.6
Wien;2023-07-06;21.8
Wien;2023-07-07;22.0
Wien;2023-07-08;22.2
Wien;2023-07-09;22.4
Wien;2023-07-10;22.6
Wien;2023-07-11;22.8
Wien;2023-07-12;23.1
Wien;2023-07-13;23.6
Wien;2023-07-14;24.1
Wien;2023-07-15;24.7
Wien;2023-07-16;25.5
Wien;2023-07-17;26.4
Wien;2023-07-18;27.4
Wien;2023-07-19;28.6
Wien;2023-07-20;29.8
Wien;2023-07-21;31.1
Wien;2023-07-22;32.5
Wien;2023-07-23;33.9
Wien;2023-07-24;35.3
Wien;2023-07-25;37.0
Wien;2023-07-26;38.9
Wien;2023-07-27;41.0
Wien;2023-07-28;43.2
Wien;2023-07-29;45.6
Wien;2023-07-30;48.2
Wien;2023-07-31;50.9
Wien;2023-08-01;53.8
Wien;2023-08-02;57.0
Wien;2023-08-03;60.3
Wien;2023-08-04;63.8
Wien;2023-08-05;67.4
Wien;2023-08-06;70.9
Wien;2023-08-07;74.4
Wien;2023-08-08;77.7
Wien;2023-08-09;80.9
Wien;2023-08-10;84.0
Wien;2023-08-11;87.0
Wien;2023-08-12;90.1
Wien;2023-08-13;93.1
Wien;2023-08-14;96.0
Wien;2023-08-15;98.7
Wien;2023-08-16;100.9
Wien;2023-08-17;102.7
Wien;2023-08-18;104.1
Wien;2023-08-19;105.4
Wien;2023-08-20;106.4
Wien;2023-08-21;107.5
Wien;2023-08-22;108.7
Wien;2023-08-23;110.0
Wien;2023-08-24;111.6
Wien;2023-08-25;113.4
Wien;2023-08-26;115.3
Wien;2023-08-27;117.4
Wien;2023-08-28;119.4
Wien;2023-08-29;121.6
Wien;2023-08-30;123.7
Wien;2023-08-31;125.8
Wien;2023-09-01;127.8
Wien;2023-09-02;129.5
Wien;2023-09-03;130.9
Wien;2023-09-04;132.0
Wien;2023-09-05;132.8
Wien;2023-09-06;133.5
Wien;2023-09-07;134.1
Wien;2023-09-08;134.7
Wien;2023-09-09;135.3
Wien;2023-09-10;136.0
Wien;2023-09-11;136.6
Wien;2023-09-12;137.2
Wien;2023-09-13;137.7
Wien;2023-09-14;137.9
Wien;2023-09-15;137.9
Wien;2023-09-16;137.7
Wien;2023-09-17;137.3
Wien;2023-09-18;136.8
Wien;2023-09-19;136.2
Wien;2023-09-20;135.6
Wien;2023-09-21;135.1
Wien;2023-09-22;134.9
Wien;2023-09-23;134.8
Wien;2023-09-24;135.0
Wien;2023-09-25;135.6
Wien;2023-09-26;136.5
Wien;2023-09-27;137.8
Wien;2023-09-28;139.5
Wien;2023-09-29;141.4
Wien;2023-09-30;143.6
Wien;2023-10-01;145.8
Wien;2023-10-02;148.2
Wien;2023-10-03;150.5
Wien;2023-10-04;152.9
Wien;2023-10-05;155.3
Wien;2023-10-06;157.7
Wien;2023-10-07;160.2
Wien;2023-10-08;162.9
Wien;2023-10-09;165.7
Wien;2023-10-10;168.9
Wien;2023-10-11;172.3
Wien;2023-10-12;175.9
Wien;2023-10-13;179.6
Wien;2023-10-14;183.3
Wien;2023-10-15;186.9
Wien;2023-10-16;190.3
Wien;2023-10-17;193.3
Wien;2023-10-18;195.8
Wien;2023-10-19;198.0
Wien;2023-10-20;199.9
Wien;2023-10-21;201.5
Wien;2023-10-22;203.0
Wien;2023-10-23;204.6
Wien;2023-10-24;206.5
Wien;2023-10-25;208.9
Wien;2023-10-26;211.6
Wien;2023-10-27;214.5
Wien;2023-10-28;217.5
Wien;2023-10-29;220.2
Wien;2023-10-30;222.7
Wien;2023-10-31;225.3
Wien;2023-11-01;228.4
Wien;2023-11-02;232.6
Wien;2023-11-03;238.3
Wien;2023-11-04;245.6
Wien;2023-11-05;254.6
Wien;2023-11-06;265.1
Wien;2023-11-07;277.1
Wien;2023-11-08;290.3
Wien;2023-11-09;304.2
Wien;2023-11-10;318.4
Wien;2023-11-11;332.4
Wien;2023-11-12;345.8
Wien;2023-11-13;358.5
Wien;2023-11-14;370.6
Wien;2023-11-15;382.2
Wien;2023-11-16;393.9
Wien;2023-11-17;406.0
Wien;2023-11-18;419.2
Wien;2023-11-19;433.9
Wien;2023-11-20;450.4
Wien;2023-11-21;468.5
Wien;2023-11-22;487.8
Wien;2023-11-23;508.0
Wien;2023-11-24;528.9
Wien;2023-11-25;550.5
Wien;2023-11-26;573.0
Wien;2023-11-27;596.5
Wien;2023-11-28;621.3
Wien;2023-11-29;647.3
Wien;2023-11-30;674.1
Wien;2023-12-01;700.8
Wien;2023-12-02;726.4
Wien;2023-12-03;749.8
Wien;2023-12-04;769.7
Wien;2023-12-05;785.2
Wien;2023-12-06;796.0
Wien;2023-12-07;802.6
Wien;2023-12-08;805.9
Wien;2023-12-09;806.5
Wien;2023-12-10;804.7
Wien;2023-12-11;799.8
Wien;2023-12-12;790.7
Wien;2023-12-13;776.8
Wien;2023-12-14;758.6
Wien;2023-12-15;737.3
Wien;2023-12-16;714.4
Wien;2023-12-17;690.8
Wien;2023-12-18;666.8
Wien;2023-12-19;642.2
Wien;2023-12-20;616.8
Wien;2023-12-21;590.4
Wien;2023-12-22;563.5
Wien;2023-12-23;536.6
Wien;2023-12-24;510.1
Wien;2023-12-25;484.5
Wien;2023-12-26;460.2
Wien;2023-12-27;437.1
Wien;2023-12-28;415.3
Wien;2023-12-29;394.7
Wien;2023-12-30;375.1
Wien;2023-12-31;356.6
Wien;2024-01-01;338.9
Wien;2024-01-02;321.8
Wien;2024-01-03;304.8
Wien;2024-01-04;288.0
Wien;2024-01-05;271.7
Wien;2024-01-06;256.2
Wien;2024-01-07;242.1
Wien;2024-01-08;229.5
Wien;2024-01-09;218.5
Wien;2024-01-10;208.7
Wien;2024-01-11;199.9
Wien;2024-01-12;191.6
Wien;2024-01-13;183.9
Wien;2024-01-14;176.5
Wien;2024-01-15;169.4
Wien;2024-01-16;162.5
Wien;2024-01-17;155.7
Wien;2024-01-18;149.0
Wien;2024-01-19;142.3
Wien;2024-01-20;135.8
Wien;2024-01-21;129.4
Wien;2024-01-22;123.3
Wien;2024-01-23;117.5
Wien;2024-01-24;111.9
Wien;2024-01-25;106.6
Wien;2024-01-26;101.6
Wien;2024-01-27;96.7
Wien;2024-01-28;92.1
Wien;2024-01-29;87.8
Wien;2024-01-30;83.7
Wien;2024-01-31;79.9
Wien;2024-02-01;76.2
Wien;2024-02-02;72.7
Wien;2024-02-03;69.4
Wien;2024-02-04;66.1
Wien;2024-02-05;63.0
Wien;2024-02-06;60.2
Wien;2024-02-07;57.6
Wien;2024-02-08;55.3
Wien;2024-02-09;53.1
Wien;2024-02-10;50.9
Wien;2024-02-11;48.7
Wien;2024-02-12;46.5
Wien;2024-02-13;44.2
Wien;2024-02-14;42.0
Wien;2024-02-15;39.8
Wien;2024-02-16;37.8
Wien;2024-02-17;35.8
Wien;2024-02-18;34.0
Wien;2024-02-19;32.4
Wien;2024-02-20;31.0
Wien;2024-02-21;29.8
Wien;2024-02-22;28.8
Wien;2024-02-23;27.8
Wien;2024-02-24;26.9
Wien;2024-02-25;26.1
Wien;2024-02-26;25.3
Wien;2024-02-27;24.5
Wien;2024-02-28;23.9
Wien;2024-02-29;23.3
Wien;2024-03-01;22.7
Wien;2024-03-02;22.2
Wien;2024-03-03;21.8
Wien;2024-03-04;21.4
Wien;2024-03-05;21.1
Wien;2024-03-06;20.8
Wien;2024-03-07;20.7
Wien;2024-03-08;20.7
Wien;2024-03-09;20.7
Wien;2024-03-10;20.9
Wien;2024-03-11;21.1
Wien;2024-03-12;21.5
Wien;2024-03-13;22.0
Wien;2024-03-14;22.7
Wien;2024-03-15;23.5
Wien;2024-03-16;24.3
Wien;2024-03-17;25.0
Wien;2024-03-18;25.6
Wien;2024-03-19;25.9
Wien;2024-03-20;25.8
Wien;2024-03-21;25.5
Wien;2024-03-22;24.9
Wien;2024-03-23;24.1
Wien;2024-03-24;23.4
Wien;2024-03-25;22.6
Wien;2024-03-26;21.9
Wien;2024-03-27;21.2
Wien;2024-03-28;20.7
Wien;2024-03-29;20.1
Wien;2024-03-30;19.6
Wien;2024-03-31;19.2
Wien;2024-04-01;18.8
Wien;2024-04-02;18.4
Wien;2024-04-03;18.1
Wien;2024-04-04;17.9
Wien;2024-04-05;17.7
Wien;2024-04-06;17.6
Wien;2024-04-07;17.6
Wien;2024-04-08;17.7
Wien;2024-04-09;18.0
Wien;2024-04-10;18.3
Wien;2024-04-11;18.6
Wien;2024-04-12;19.0
Wien;2024-04-13;19.5
Wien;2024-04-14;20.0
Wien;2024-04-15;20.6
Wien;2024-04-16;21.3
Wien;2024-04-17;22.2
Wien;2024-04-18;23.1
Wien;2024-04-19;24.1
Wien;2024-04-20;25.1
Wien;2024-04-21;26.2
Wien;2024-04-22;27.3
Wien;2024-04-23;28.4
Wien;2024-04-24;29.5
Wien;2024-04-25;30.6
Wien;2024-04-26;31.7
Wien;2024-04-27;32.7
Wien;2024-04-28;33.6
Wien;2024-04-29;34.3
Wien;2024-04-30;35.0
Wien;2024-05-01;35.5
Wien;2024-05-02;36.0
Wien;2024-05-03;36.5
Wien;2024-05-04;37.0
Wien;2024-05-05;37.4
Wien;2024-05-06;37.9
Wien;2024-05-07;38.3
Wien;2024-05-08;38.7
Wien;2024-05-09;39.1
Wien;2024-05-10;39.5
Wien;2024-05-11;39.9
Wien;2024-05-12;40.3
Wien;2024-05-13;40.7
Wien;2024-05-14;41.0
Wien;2024-05-15;41.3
Wien;2024-05-16;41.6
Wien;2024-05-17;41.9
Wien;2024-05-18;42.3
Wien;2024-05-19;42.7
Wien;2024-05-20;43.2
Wien;2024-05-21;43.9
Wien;2024-05-22;44.7
Wien;2024-05-23;45.7
Wien;2024-05-24;46.7
Wien;2024-05-25;47.8
Wien;2024-05-26;49.0
Wien;2024-05-27;50.2
Wien;2024-05-28;51.6
Wien;2024-05-29;53.1
Wien;2024-05-30;54.6
Wien;2024-05-31;56.2
Wien;2024-06-01;57.9
Wien;2024-06-02;59.7
Wien;2024-06-03;61.6
Wien;2024-06-04;63.8
Wien;2024-06-05;66.3
Wien;2024-06-06;69.0
Wien;2024-06-07;71.9
Wien;2024-06-08;74.9
Wien;2024-06-09;77.8
Wien;2024-06-10;80.6
Wien;2024-06-11;83.2
Wien;2024-06-12;85.8
Wien;2024-06-13;88.4
Wien;2024-06-14;91.0
Wien;2024-06-15;93.9
Wien;2024-06-16;97.1
Wien;2024-06-17;100.7
Wien;2024-06-18;104.6
Wien;2024-06-19;108.7
Wien;2024-06-20;113.0
Wien;2024-06-21;117.3
Wien;2024-06-22;121.7
Wien;2024-06-23;125.8
Wien;2024-06-24;129.8
Wien;2024-06-25;133.5
Wien;2024-06-26;136.8
Wien;2024-06-27;139.9
Wien;2024-06-28;142.8
Wien;2024-06-29;145.7
Wien;2024-06-30;148.9
Wien;2024-07-01;152.2
Wien;2024-07-02;155.5
Wien;2024-07-03;158.7
Wien;2024-07-04;161.5
Wien;2024-07-05;163.9
Wien;2024-07-06;165.8
Wien;2024-07-07;167.0
Wien;2024-07-08;167.5
Wien;2024-07-09;167.4
Wien;2024-07-10;166.7
Wien;2024-07-11;165.8
Wien;2024-07-12;164.5
Wien;2024-07-13;163.0
Wien;2024-07-14;161.3
Wien;2024-07-15;159.2
Wien;2024-07-16;156.7
Wien;2024-07-17;153.7
Wien;2024-07-18;150.4
Wien;2024-07-19;147.0
Wien;2024-07-20;143.7
Wien;2024-07-21;140.8
Wien;2024-07-22;138.5
Wien;2024-07-23;136.8
Wien;2024-07-24;135.8
Wien;2024-07-25;135.2
Wien;2024-07-26;134.8
Wien;2024-07-27;134.6
Wien;2024-07-28;134.4
Wien;2024-07-29;134.4
Wien;2024-07-30;134.9
Wien;2024-07-31;136.3
Wien;2024-08-01;138.5
Wien;2024-08-02;141.2
Wien;2024-08-03;143.9
Wien;2024-08-04;146.4
Wien;2024-08-05;148.4
Wien;2024-08-06;149.9
Wien;2024-08-07;150.9
Wien;2024-08-08;151.5
Wien;2024-08-09;152.2
Wien;2024-08-10;153.2
Wien;2024-08-11;154.6
Wien;2024-08-12;156.7
Wien;2024-08-13;159.4
Wien;2024-08-14;162.6
Wien;2024-08-15;166.1
Wien;2024-08-16;170.0
Wien;2024-08-17;174.3
Wien;2024-08-18;179.0
Wien;2024-08-19;184.0
Wien;2024-08-20;189.1
Wien;2024-08-21;193.9
Wien;2024-08-22;198.3
Wien;2024-08-23;202.3
Wien;2024-08-24;205.8
Wien;2024-08-25;208.7
Wien;2024-08-26;211.1
Wien;2024-08-27;213.0
Wien;2024-08-28;214.5
Wien;2024-08-29;215.8
Wien;2024-08-30;216.9
Wien;2024-08-31;217.7
Wien;2024-09-01;218.3
Wien;2024-09-02;218.7
Wien;2024-09-03;218.7
Wien;2024-09-04;218.6
Wien;2024-09-05;218.4
Wien;2024-09-06;218.4
Wien;2024-09-07;219.0
Wien;2024-09-08;220.2
Wien;2024-09-09;222.3
Wien;2024-09-10;225.3
Wien;2024-09-11;228.9
Wien;2024-09-12;233.2
Wien;2024-09-13;238.3
Wien;2024-09-14;244.5
Wien;2024-09-15;252.1
Wien;2024-09-16;261.1
Wien;2024-09-17;271.3
Wien;2024-09-18;282.1
Wien;2024-09-19;293.0
Wien;2024-09-20;303.4
Wien;2024-09-21;312.8
Wien;2024-09-22;320.6
Wien;2024-09-23;326.5
Wien;2024-09-24;330.3
Wien;2024-09-25;332.3
Wien;2024-09-26;332.9
Wien;2024-09-27;332.5
Wien;2024-09-28;331.6
Wien;2024-09-29;330.4
Wien;2024-09-30;329.0
Wien;2024-10-01;327.2
Wien;2024-10-02;325.0
Wien;2024-10-03;322.1
Wien;2024-10-04;318.5
Wien;2024-10-05;314.2
Wien;2024-10-06;309.1
Wien;2024-10-07;303.3
Wien;2024-10-08;297.2
Wien;2024-10-09;291.1
Wien;2024-10-10;285.1
Wien;2024-10-11;279.2
Wien;2024-10-12;273.2
Wien;2024-10-13;267.1
Wien;2024-10-14;260.9
Wien;2024-10-15;255.0
Wien;2024-10-16;249.6
Wien;2024-10-17;244.8
Wien;2024-10-18;240.2
Wien;2024-10-19;235.7
Wien;2024-10-20;231.2
Wien;2024-10-21;226.5
Wien;2024-10-22;222.1
Wien;2024-10-23;218.2
Wien;2024-10-24;214.9
Wien;2024-10-25;212.2
Wien;2024-10-26;210.0
Wien;2024-10-27;208.3
Burgenland;2022-09-01;46.15
Burgenland;2022-09-02;45.9
Burgenland;2022-09-03;45.66
Burgenland;2022-09-04;45.46
Burgenland;2022-09-05;45.39
Burgenland;2022-09-06;45.33
Burgenland;2022-09-07;45.4
Burgenland;2022-09-08;45.54
Burgenland;2022-09-09;45.8
Burgenland;2022-09-10;46.22
Burgenland;2022-09-11;46.73
Burgenland;2022-09-12;47.37
Burgenland;2022-09-13;48.24
Burgenland;2022-09-14;49.29
Burgenland;2022-09-15;50.53
Burgenland;2022-09-16;52.07
Burgenland;2022-09-17;53.83
Burgenland;2022-09-18;55.9
Burgenland;2022-09-19;58.3
Burgenland;2022-09-20;60.96
Burgenland;2022-09-21;63.9
Burgenland;2022-09-22;67.07
Burgenland;2022-09-23;70.51
Burgenland;2022-09-24;74.23
Burgenland;2022-09-25;78.31
Burgenland;2022-09-26;82.76
Burgenland;2022-09-27;87.47
Burgenland;2022-09-28;92.34
Burgenland;2022-09-29;97.26
Burgenland;2022-09-30;101.98
Burgenland;2022-10-01;106.47
Burgenland;2022-10-02;110.61
Burgenland;2022-10-03;114.23
Burgenland;2022-10-04;117.29
Burgenland;2022-10-05;119.68
Burgenland;2022-10-06;121.48
Burgenland;2022-10-07;122.75
Burgenland;2022-10-08;123.56
Burgenland;2022-10-09;123.98
Burgenland;2022-10-10;123.96
Burgenland;2022-10-11;123.72
Burgenland;2022-10-12;123.19
Burgenland;2022-10-13;122.5
Burgenland;2022-10-14;121.56
Burgenland;2022-10-15;120.23
Burgenland;2022-10-16;118.44
Burgenland;2022-10-17;116.14
Burgenland;2022-10-18;113.35
Burgenland;2022-10-19;110.27
Burgenland;2022-10-20;107.0
Burgenland;2022-10-21;103.69
Burgenland;2022-10-22;100.41
Burgenland;2022-10-23;97.23
Burgenland;2022-10-24;94.27
Burgenland;2022-10-25;91.5
Burgenland;2022-10-26;88.85
Burgenland;2022-10-27;86.34
Burgenland;2022-10-28;84.04
Burgenland;2022-10-29;81.85
Burgenland;2022-10-30;79.88
Burgenland;2022-10-31;78.11
Burgenland;2022-11-01;76.55
Burgenland;2022-11-02;75.24
Burgenland;2022-11-03;74.21
Burgenland;2022-11-04;73.55
Burgenland;2022-11-05;73.17
Burgenland;2022-11-06;73.26
Burgenland;2022-11-07;73.68
Burgenland;2022-11-08;74.48
Burgenland;2022-11-09;75.58
Burgenland;2022-11-10;76.8
Burgenland;2022-11-11;78.1
Burgenland;2022-11-12;79.46
Burgenland;2022-11-13;80.85
Burgenland;2022-11-14;82.17
Burgenland;2022-11-15;83.49
Burgenland;2022-11-16;84.67
Burgenland;2022-11-17;85.74
Burgenland;2022-11-18;86.85
Burgenland;2022-11-19;87.84
Burgenland;2022-11-20;88.85
Burgenland;2022-11-21;89.96
Burgenland;2022-11-22;91.08
Burgenland;2022-11-23;92.43
Burgenland;2022-11-24;93.89
Burgenland;2022-11-25;95.52
Burgenland;2022-11-26;97.31
Burgenland;2022-11-27;99.24
Burgenland;2022-11-28;101.3
Burgenland;2022-11-29;103.51
Burgenland;2022-11-30;105.87
Burgenland;2022-12-01;108.35
Burgenland;2022-12-02;110.91
Burgenland;2022-12-03;113.42
Burgenland;2022-12-04;115.83
Burgenland;2022-12-05;118.05
Burgenland;2022-12-06;120.19
Burgenland;2022-12-07;122.1
Burgenland;2022-12-08;123.92
Burgenland;2022-12-09;125.79
Burgenland;2022-12-10;127.56
Burgenland;2022-12-11;129.31
Burgenland;2022-12-12;130.98
Burgenland;2022-12-13;132.43
Burgenland;2022-12-14;133.71
Burgenland;2022-12-15;134.7
Burgenland;2022-12-16;135.41
Burgenland;2022-12-17;135.92
Burgenland;2022-12-18;136.23
Burgenland;2022-12-19;136.39
Burgenland;2022-12-20;136.49
Burgenland;2022-12-21;136.67
Burgenland;2022-12-22;136.89
Burgenland;2022-12-23;137.16
Burgenland;2022-12-24;137.33
Burgenland;2022-12-25;137.33
Burgenland;2022-12-26;136.93
Burgenland;2022-12-27;135.92
Burgenland;2022-12-28;134.29
Burgenland;2022-12-29;131.95
Burgenland;2022-12-30;129.05
Burgenland;2022-12-31;125.69
Burgenland;2023-01-01;121.95
Burgenland;2023-01-02;118.03
Burgenland;2023-01-03;114.02
Burgenland;2023-01-04;110.13
Burgenland;2023-01-05;106.34
Burgenland;2023-01-06;102.81
Burgenland;2023-01-07;99.48
Burgenland;2023-01-08;96.37
Burgenland;2023-01-09;93.56
Burgenland;2023-01-10;90.98
Burgenland;2023-01-11;88.81
Burgenland;2023-01-12;86.96
Burgenland;2023-01-13;85.46
Burgenland;2023-01-14;84.17
Burgenland;2023-01-15;83.19
Burgenland;2023-01-16;82.5
Burgenland;2023-01-17;81.91
Burgenland;2023-01-18;76.92
Burgenland;2023-01-19;76.63
Burgenland;2023-01-20;76.41
Burgenland;2023-01-21;76.36
Burgenland;2023-01-22;76.47
Burgenland;2023-01-23;76.91
Burgenland;2023-01-24;78.75
Burgenland;2023-01-25;79.88
Burgenland;2023-01-26;81.28
Burgenland;2023-01-27;82.95
Burgenland;2023-01-28;84.89
Burgenland;2023-01-29;87.2
Burgenland;2023-01-30;89.88
Burgenland;2023-01-31;92.85
Burgenland;2023-02-01;96.14
Burgenland;2023-02-02;99.57
Burgenland;2023-02-03;103.24
Burgenland;2023-02-04;107.06
Burgenland;2023-02-05;111.06
Burgenland;2023-02-06;115.2
Burgenland;2023-02-07;119.45
Burgenland;2023-02-08;123.66
Burgenland;2023-02-09;127.84
Burgenland;2023-02-10;131.95
Burgenland;2023-02-11;135.84
Burgenland;2023-02-12;139.47
Burgenland;2023-02-13;142.76
Burgenland;2023-02-14;145.57
Burgenland;2023-02-15;147.98
Burgenland;2023-02-16;150.1
Burgenland;2023-02-17;152.13
Burgenland;2023-02-18;154.37
Burgenland;2023-02-19;156.97
Burgenland;2023-02-20;160.05
Burgenland;2023-02-21;163.53
Burgenland;2023-02-22;167.23
Burgenland;2023-02-23;170.88
Burgenland;2023-02-24;174.31
Burgenland;2023-02-25;177.45
Burgenland;2023-02-26;180.08
Burgenland;2023-02-27;182.04
Burgenland;2023-02-28;183.34
Burgenland;2023-03-01;183.93
Burgenland;2023-03-02;183.87
Burgenland;2023-03-03;183.29
Burgenland;2023-03-04;182.21
Burgenland;2023-03-05;180.62
Burgenland;2023-03-06;178.41
Burgenland;2023-03-07;175.38
Burgenland;2023-03-08;171.6
Burgenland;2023-03-09;167.13
Burgenland;2023-03-10;162.23
Burgenland;2023-03-11;157.04
Burgenland;2023-03-12;151.81
Burgenland;2023-03-13;146.59
Burgenland;2023-03-14;141.36
Burgenland;2023-03-15;136.04
Burgenland;2023-03-16;130.72
Burgenland;2023-03-17;125.34
Burgenland;2023-03-18;120.11
Burgenland;2023-03-19;114.96
Burgenland;2023-03-20;110.01
Burgenland;2023-03-21;105.3
Burgenland;2023-03-22;100.78
Burgenland;2023-03-23;96.4
Burgenland;2023-03-24;92.14
Burgenland;2023-03-25;88.01
Burgenland;2023-03-26;84.04
Burgenland;2023-03-27;80.23
Burgenland;2023-03-28;76.54
Burgenland;2023-03-29;73.05
Burgenland;2023-03-30;69.73
Burgenland;2023-03-31;66.63
Burgenland;2023-04-01;63.67
Burgenland;2023-04-02;60.95
Burgenland;2023-04-03;58.41
Burgenland;2023-04-04;56.16
Burgenland;2023-04-05;54.06
Burgenland;2023-04-06;52.13
Burgenland;2023-04-07;50.24
Burgenland;2023-04-08;48.48
Burgenland;2023-04-09;46.74
Burgenland;2023-04-10;45.03
Burgenland;2023-04-11;43.32
Burgenland;2023-04-12;41.63
Burgenland;2023-04-13;39.99
Burgenland;2023-04-14;38.5
Burgenland;2023-04-15;37.14
Burgenland;2023-04-16;36.01
Burgenland;2023-04-17;35.18
Burgenland;2023-04-18;34.64
Burgenland;2023-04-19;34.37
Burgenland;2023-04-20;34.34
Burgenland;2023-04-21;34.41
Burgenland;2023-04-22;34.66
Burgenland;2023-04-23;35.0
Burgenland;2023-04-24;35.51
Burgenland;2023-04-25;36.05
Burgenland;2023-04-26;36.68
Burgenland;2023-04-27;37.32
Burgenland;2023-04-28;37.96
Burgenland;2023-04-29;38.46
Burgenland;2023-04-30;38.73
Burgenland;2023-05-01;38.74
Burgenland;2023-05-02;38.3
Burgenland;2023-05-03;37.45
Burgenland;2023-05-04;36.18
Burgenland;2023-05-05;34.64
Burgenland;2023-05-06;32.92
Burgenland;2023-05-07;31.14
Burgenland;2023-05-08;29.4
Burgenland;2023-05-09;27.69
Burgenland;2023-05-10;26.13
Burgenland;2023-05-11;24.67
Burgenland;2023-05-12;23.33
Burgenland;2023-05-13;22.07
Burgenland;2023-05-14;20.97
Burgenland;2023-05-15;19.98
Burgenland;2023-05-16;19.14
Burgenland;2023-05-17;18.37
Burgenland;2023-05-18;17.71
Burgenland;2023-05-19;17.08
Burgenland;2023-05-20;16.45
Burgenland;2023-05-21;15.89
Burgenland;2023-05-22;15.2
Burgenland;2023-05-23;14.6
Burgenland;2023-05-24;13.97
Burgenland;2023-05-25;13.46
Burgenland;2023-05-26;12.9
Burgenland;2023-05-27;12.38
Burgenland;2023-05-28;11.9
Burgenland;2023-05-29;11.45
Burgenland;2023-05-30;11.08
Burgenland;2023-05-31;10.67
Burgenland;2023-06-01;10.32
Burgenland;2023-06-02;10.06
Burgenland;2023-06-03;9.8
Burgenland;2023-06-04;9.55
Burgenland;2023-06-05;9.32
Burgenland;2023-06-06;9.11
Burgenland;2023-06-07;8.9
Burgenland;2023-06-08;8.71
Burgenland;2023-06-09;8.54
Burgenland;2023-06-10;8.34
Burgenland;2023-06-11;8.17
Burgenland;2023-06-12;8.0
Burgenland;2023-06-13;7.87
Burgenland;2023-06-14;7.71
Burgenland;2023-06-15;7.58
Burgenland;2023-06-16;7.46
Burgenland;2023-06-17;7.37
Burgenland;2023-06-18;7.25
Burgenland;2023-06-19;7.14
Burgenland;2023-06-20;7.04
Burgenland;2023-06-21;6.93
Burgenland;2023-06-22;6.77
Burgenland;2023-06-23;6.63
Burgenland;2023-06-24;6.51
Burgenland;2023-06-25;6.41
Burgenland;2023-06-26;6.36
Burgenland;2023-06-27;6.28
Burgenland;2023-06-28;6.26
Burgenland;2023-06-29;6.24
Burgenland;2023-06-30;6.29
Burgenland;2023-07-01;6.35
Burgenland;2023-07-02;6.41
Burgenland;2023-07-03;6.52
Burgenland;2023-07-04;6.67
Burgenland;2023-07-05;6.92
Burgenland;2023-07-06;7.17
Burgenland;2023-07-07;7.53
Burgenland;2023-07-08;7.98
Burgenland;2023-07-09;8.57
Burgenland;2023-07-10;9.29
Burgenland;2023-07-11;10.09
Burgenland;2023-07-12;11.06
Burgenland;2023-07-13;12.1
Burgenland;2023-07-14;13.22
Burgenland;2023-07-15;14.3
Burgenland;2023-07-16;15.28
Burgenland;2023-07-17;16.1
Burgenland;2023-07-18;16.61
Burgenland;2023-07-19;16.74
Burgenland;2023-07-20;16.47
Burgenland;2023-07-21;15.96
Burgenland;2023-07-22;15.31
Burgenland;2023-07-23;14.55
Burgenland;2023-07-24;13.86
Burgenland;2023-07-25;13.24
Burgenland;2023-07-26;12.75
Burgenland;2023-07-27;12.32
Burgenland;2023-07-28;12.02
Burgenland;2023-07-29;11.83
Burgenland;2023-07-30;11.88
Burgenland;2023-07-31;12.04
Burgenland;2023-08-01;12.41
Burgenland;2023-08-02;13.0
Burgenland;2023-08-03;13.65
Burgenland;2023-08-04;14.45
Burgenland;2023-08-05;15.41
Burgenland;2023-08-06;16.53
Burgenland;2023-08-07;17.71
Burgenland;2023-08-08;19.05
Burgenland;2023-08-09;20.4
Burgenland;2023-08-10;21.79
Burgenland;2023-08-11;23.12
Burgenland;2023-08-12;24.36
Burgenland;2023-08-13;25.54
Burgenland;2023-08-14;26.54
Burgenland;2023-08-15;27.33
Burgenland;2023-08-16;28.01
Burgenland;2023-08-17;28.56
Burgenland;2023-08-18;29.01
Burgenland;2023-08-19;29.52
Burgenland;2023-08-20;30.16
Burgenland;2023-08-21;30.89
Burgenland;2023-08-22;31.86
Burgenland;2023-08-23;32.92
Burgenland;2023-08-24;34.15
Burgenland;2023-08-25;35.43
Burgenland;2023-08-26;36.77
Burgenland;2023-08-27;38.03
Burgenland;2023-08-28;39.3
Burgenland;2023-08-29;40.38
Burgenland;2023-08-30;41.32
Burgenland;2023-08-31;42.1
Burgenland;2023-09-01;42.69
Burgenland;2023-09-02;43.18
Burgenland;2023-09-03;43.5
Burgenland;2023-09-04;43.8
Burgenland;2023-09-05;43.97
Burgenland;2023-09-06;44.08
Burgenland;2023-09-07;44.15
Burgenland;2023-09-08;44.24
Burgenland;2023-09-09;44.38
Burgenland;2023-09-10;44.48
Burgenland;2023-09-11;44.55
Burgenland;2023-09-12;44.59
Burgenland;2023-09-13;44.52
Burgenland;2023-09-14;44.33
Burgenland;2023-09-15;44.11
Burgenland;2023-09-16;43.91
Burgenland;2023-09-17;43.74
Burgenland;2023-09-18;43.6
Burgenland;2023-09-19;43.53
Burgenland;2023-09-20;43.54
Burgenland;2023-09-21;43.68
Burgenland;2023-09-22;43.88
Burgenland;2023-09-23;44.14
Burgenland;2023-09-24;44.56
Burgenland;2023-09-25;45.07
Burgenland;2023-09-26;45.78
Burgenland;2023-09-27;46.54
Burgenland;2023-09-28;47.45
Burgenland;2023-09-29;48.38
Burgenland;2023-09-30;49.44
Burgenland;2023-10-01;50.63
Burgenland;2023-10-02;51.94
Burgenland;2023-10-03;53.33
Burgenland;2023-10-04;54.85
Burgenland;2023-10-05;56.49
Burgenland;2023-10-06;58.25
Burgenland;2023-10-07;60.09
Burgenland;2023-10-08;62.07
Burgenland;2023-10-09;64.1
Burgenland;2023-10-10;66.11
Burgenland;2023-10-11;68.06
Burgenland;2023-10-12;69.8
Burgenland;2023-10-13;71.48
Burgenland;2023-10-14;73.04
Burgenland;2023-10-15;74.46
Burgenland;2023-10-16;75.9
Burgenland;2023-10-17;77.23
Burgenland;2023-10-18;78.5
Burgenland;2023-10-19;79.68
Burgenland;2023-10-20;80.74
Burgenland;2023-10-21;81.76
Burgenland;2023-10-22;82.78
Burgenland;2023-10-23;83.8
Burgenland;2023-10-24;84.88
Burgenland;2023-10-25;86.0
Burgenland;2023-10-26;87.16
Burgenland;2023-10-27;88.43
Burgenland;2023-10-28;89.76
Burgenland;2023-10-29;91.21
Burgenland;2023-10-30;92.7
Burgenland;2023-10-31;94.35
Burgenland;2023-11-01;96.15
Burgenland;2023-11-02;98.21
Burgenland;2023-11-03;100.58
Burgenland;2023-11-04;103.45
Burgenland;2023-11-05;106.98
Burgenland;2023-11-06;111.22
Burgenland;2023-11-07;116.14
Burgenland;2023-11-08;121.56
Burgenland;2023-11-09;127.34
Burgenland;2023-11-10;133.47
Burgenland;2023-11-11;139.82
Burgenland;2023-11-12;146.37
Burgenland;2023-11-13;169.8
Burgenland;2023-11-14;178.44
Burgenland;2023-11-15;187.55
Burgenland;2023-11-16;197.06
Burgenland;2023-11-17;206.79
Burgenland;2023-11-18;216.75
Burgenland;2023-11-19;226.8
Burgenland;2023-11-20;237.01
Burgenland;2023-11-21;247.29
Burgenland;2023-11-22;257.57
Burgenland;2023-11-23;267.88
Burgenland;2023-11-24;277.92
Burgenland;2023-11-25;287.6
Burgenland;2023-11-26;296.72
Burgenland;2023-11-27;305.3
Burgenland;2023-11-28;313.23
Burgenland;2023-11-29;320.73
Burgenland;2023-11-30;327.84
Burgenland;2023-12-01;334.68
Burgenland;2023-12-02;341.35
Burgenland;2023-12-03;347.68
Burgenland;2023-12-04;353.29
Burgenland;2023-12-05;357.66
Burgenland;2023-12-06;439.19
Burgenland;2023-12-07;436.21
Burgenland;2023-12-08;431.6
Burgenland;2023-12-09;426.0
Burgenland;2023-12-10;420.02
Burgenland;2023-12-11;414.05
Burgenland;2023-12-12;408.27
Burgenland;2023-12-13;402.61
Burgenland;2023-12-14;396.9
Burgenland;2023-12-15;390.94
Burgenland;2023-12-16;384.27
Burgenland;2023-12-17;376.62
Burgenland;2023-12-18;367.74
Burgenland;2023-12-19;357.69
Burgenland;2023-12-20;346.51
Burgenland;2023-12-21;334.43
Burgenland;2023-12-22;321.56
Burgenland;2023-12-23;308.04
Burgenland;2023-12-24;294.0
Burgenland;2023-12-25;279.35
Burgenland;2023-12-26;264.24
Burgenland;2023-12-27;248.68
Burgenland;2023-12-28;232.87
Burgenland;2023-12-29;217.03
Burgenland;2023-12-30;201.36
Burgenland;2023-12-31;186.12
Burgenland;2024-01-01;171.56
Burgenland;2024-01-02;157.83
Burgenland;2024-01-03;145.2
Burgenland;2024-01-04;133.71
Burgenland;2024-01-05;123.42
Burgenland;2024-01-06;114.27
Burgenland;2024-01-07;106.31
Burgenland;2024-01-08;99.59
Burgenland;2024-01-09;94.09
Burgenland;2024-01-10;89.67
Burgenland;2024-01-11;86.02
Burgenland;2024-01-12;82.98
Burgenland;2024-01-13;80.39
Burgenland;2024-01-14;78.02
Burgenland;2024-01-15;75.71
Burgenland;2024-01-16;73.37
Burgenland;2024-01-17;70.86
Burgenland;2024-01-18;68.18
Burgenland;2024-01-19;65.34
Burgenland;2024-01-20;62.42
Burgenland;2024-01-21;59.55
Burgenland;2024-01-22;56.79
Burgenland;2024-01-23;54.05
Burgenland;2024-01-24;51.41
Burgenland;2024-01-25;48.9
Burgenland;2024-01-26;46.45
Burgenland;2024-01-27;44.07
Burgenland;2024-01-28;41.83
Burgenland;2024-01-29;39.76
Burgenland;2024-01-30;37.83
Burgenland;2024-01-31;36.1
Burgenland;2024-02-01;34.42
Burgenland;2024-02-02;32.89
Burgenland;2024-02-03;31.42
Burgenland;2024-02-04;29.99
Burgenland;2024-02-05;28.68
Burgenland;2024-02-06;27.45
Burgenland;2024-02-07;26.35
Burgenland;2024-02-08;25.41
Burgenland;2024-02-09;24.56
Burgenland;2024-02-10;23.85
Burgenland;2024-02-11;23.26
Burgenland;2024-02-12;22.76
Burgenland;2024-02-13;22.39
Burgenland;2024-02-14;22.05
Burgenland;2024-02-15;21.71
Burgenland;2024-02-16;21.41
Burgenland;2024-02-17;21.08
Burgenland;2024-02-18;20.61
Burgenland;2024-02-19;19.99
Burgenland;2024-02-20;19.27
Burgenland;2024-02-21;18.29
Burgenland;2024-02-22;17.22
Burgenland;2024-02-23;16.09
Burgenland;2024-02-24;14.97
Burgenland;2024-02-25;13.88
Burgenland;2024-02-26;12.95
Burgenland;2024-02-27;12.12
Burgenland;2024-02-28;11.46
Burgenland;2024-02-29;10.84
Burgenland;2024-03-01;10.37
Burgenland;2024-03-02;9.93
Burgenland;2024-03-03;9.53
Burgenland;2024-03-04;9.12
Burgenland;2024-03-05;8.75
Burgenland;2024-03-06;8.41
Burgenland;2024-03-07;8.09
Burgenland;2024-03-08;7.76
Burgenland;2024-03-09;7.54
Burgenland;2024-03-10;7.27
Burgenland;2024-03-11;6.98
Burgenland;2024-03-12;6.7
Burgenland;2024-03-13;6.5
Burgenland;2024-03-14;6.3
Burgenland;2024-03-15;6.15
Burgenland;2024-03-16;5.98
Burgenland;2024-03-17;5.81
Burgenland;2024-03-18;5.71
Burgenland;2024-03-19;5.54
Burgenland;2024-03-20;5.35
Burgenland;2024-03-21;5.16
Burgenland;2024-03-22;4.92
Burgenland;2024-03-23;4.72
Burgenland;2024-03-24;4.51
Burgenland;2024-03-25;4.34
Burgenland;2024-03-26;4.23
Burgenland;2024-03-27;4.12
Burgenland;2024-03-28;4.03
Burgenland;2024-03-29;3.92
Burgenland;2024-03-30;3.9
Burgenland;2024-03-31;3.83
Burgenland;2024-04-01;3.83
Burgenland;2024-04-02;3.78
Burgenland;2024-04-03;3.7
Burgenland;2024-04-04;3.59
Burgenland;2024-04-05;3.48
Burgenland;2024-04-06;3.33
Burgenland;2024-04-07;3.2
Burgenland;2024-04-08;3.06
Burgenland;2024-04-09;2.94
Burgenland;2024-04-10;2.82
Burgenland;2024-04-11;2.76
Burgenland;2024-04-12;2.68
Burgenland;2024-04-13;2.61
Burgenland;2024-04-14;2.6
Burgenland;2024-04-15;2.6
Burgenland;2024-04-16;2.6
Burgenland;2024-04-17;2.62
Burgenland;2024-04-18;2.7
Burgenland;2024-04-19;2.73
Burgenland;2024-04-20;2.85
Burgenland;2024-04-21;2.89
Burgenland;2024-04-22;3.0
Burgenland;2024-04-23;3.06
Burgenland;2024-04-24;3.13
Burgenland;2024-04-25;3.28
Burgenland;2024-04-26;3.35
Burgenland;2024-04-27;3.46
Burgenland;2024-04-28;3.61
Burgenland;2024-04-29;3.75
Burgenland;2024-04-30;3.9
Burgenland;2024-05-01;4.05
Burgenland;2024-05-02;4.15
Burgenland;2024-05-03;4.28
Burgenland;2024-05-04;4.38
Burgenland;2024-05-05;4.47
Burgenland;2024-05-06;4.52
Burgenland;2024-05-07;4.61
Burgenland;2024-05-08;4.67
Burgenland;2024-05-09;4.74
Burgenland;2024-05-10;4.78
Burgenland;2024-05-11;4.88
Burgenland;2024-05-12;4.94
Burgenland;2024-05-13;5.0
Burgenland;2024-05-14;5.12
Burgenland;2024-05-15;5.2
Burgenland;2024-05-16;5.32
Burgenland;2024-05-17;5.38
Burgenland;2024-05-18;5.48
Burgenland;2024-05-19;5.58
Burgenland;2024-05-20;5.64
Burgenland;2024-05-21;5.66
Burgenland;2024-05-22;5.71
Burgenland;2024-05-23;5.79
Burgenland;2024-05-24;5.82
Burgenland;2024-05-25;5.9
Burgenland;2024-05-26;6.04
Burgenland;2024-05-27;6.23
Burgenland;2024-05-28;6.43
Burgenland;2024-05-29;6.7
Burgenland;2024-05-30;6.99
Burgenland;2024-05-31;7.34
Burgenland;2024-06-01;7.71
Burgenland;2024-06-02;8.1
Burgenland;2024-06-03;8.56
Burgenland;2024-06-04;8.99
Burgenland;2024-06-05;9.53
Burgenland;2024-06-06;10.07
Burgenland;2024-06-07;10.72
Burgenland;2024-06-08;11.39
Burgenland;2024-06-09;12.16
Burgenland;2024-06-10;13.05
Burgenland;2024-06-11;14.12
Burgenland;2024-06-12;15.3
Burgenland;2024-06-13;16.67
Burgenland;2024-06-14;18.11
Burgenland;2024-06-15;19.62
Burgenland;2024-06-16;21.16
Burgenland;2024-06-17;22.66
Burgenland;2024-06-18;24.1
Burgenland;2024-06-19;25.39
Burgenland;2024-06-20;26.65
Burgenland;2024-06-21;27.82
Burgenland;2024-06-22;28.89
Burgenland;2024-06-23;29.88
Burgenland;2024-06-24;30.88
Burgenland;2024-06-25;31.74
Burgenland;2024-06-26;32.56
Burgenland;2024-06-27;33.3
Burgenland;2024-06-28;33.89
Burgenland;2024-06-29;34.3
Burgenland;2024-06-30;34.57
Burgenland;2024-07-01;34.55
Burgenland;2024-07-02;34.42
Burgenland;2024-07-03;34.11
Burgenland;2024-07-04;33.72
Burgenland;2024-07-05;33.3
Burgenland;2024-07-06;32.85
Burgenland;2024-07-07;32.43
Burgenland;2024-07-08;32.08
Burgenland;2024-07-09;31.9
Burgenland;2024-07-10;31.8
Burgenland;2024-07-11;31.83
Burgenland;2024-07-12;32.03
Burgenland;2024-07-13;32.37
Burgenland;2024-07-14;32.87
Burgenland;2024-07-15;33.57
Burgenland;2024-07-16;34.36
Burgenland;2024-07-17;35.39
Burgenland;2024-07-18;36.46
Burgenland;2024-07-19;37.57
Burgenland;2024-07-20;38.73
Burgenland;2024-07-21;39.88
Burgenland;2024-07-22;40.98
Burgenland;2024-07-23;42.08
Burgenland;2024-07-24;43.14
Burgenland;2024-07-25;44.16
Burgenland;2024-07-26;45.19
Burgenland;2024-07-27;46.19
Burgenland;2024-07-28;47.08
Burgenland;2024-07-29;47.94
Burgenland;2024-07-30;48.72
Burgenland;2024-07-31;49.39
Burgenland;2024-08-01;50.0
Burgenland;2024-08-02;50.53
Burgenland;2024-08-03;51.11
Burgenland;2024-08-04;51.61
Burgenland;2024-08-05;52.21
Burgenland;2024-08-06;52.77
Burgenland;2024-08-07;53.36
Burgenland;2024-08-08;53.89
Burgenland;2024-08-09;54.39
Burgenland;2024-08-10;54.9
Burgenland;2024-08-11;55.34
Burgenland;2024-08-12;55.79
Burgenland;2024-08-13;56.26
Burgenland;2024-08-14;56.78
Burgenland;2024-08-15;57.4
Burgenland;2024-08-16;58.01
Burgenland;2024-08-17;58.7
Burgenland;2024-08-18;59.5
Burgenland;2024-08-19;60.31
Burgenland;2024-08-20;61.11
Burgenland;2024-08-21;61.92
Burgenland;2024-08-22;62.78
Burgenland;2024-08-23;63.66
Burgenland;2024-08-24;64.64
Burgenland;2024-08-25;65.75
Burgenland;2024-08-26;66.9
Burgenland;2024-08-27;68.13
Burgenland;2024-08-28;69.38
Burgenland;2024-08-29;70.5
Burgenland;2024-08-30;71.49
Burgenland;2024-08-31;72.43
Burgenland;2024-09-01;73.29
Burgenland;2024-09-02;74.05
Burgenland;2024-09-03;74.87
Burgenland;2024-09-04;75.78
Burgenland;2024-09-05;76.79
Burgenland;2024-09-06;78.0
Burgenland;2024-09-07;79.4
Burgenland;2024-09-08;80.98
Burgenland;2024-09-09;82.78
Burgenland;2024-09-10;84.67
Burgenland;2024-09-11;86.58
Burgenland;2024-09-12;88.5
Burgenland;2024-09-13;90.37
Burgenland;2024-09-14;92.22
Burgenland;2024-09-15;94.2
Burgenland;2024-09-16;96.23
Burgenland;2024-09-17;98.56
Burgenland;2024-09-18;100.95
Burgenland;2024-09-19;103.55
Burgenland;2024-09-20;106.31
Burgenland;2024-09-21;109.1
Burgenland;2024-09-22;111.9
Burgenland;2024-09-23;114.55
Burgenland;2024-09-24;116.89
Burgenland;2024-09-25;118.74
Burgenland;2024-09-26;120.05
Burgenland;2024-09-27;120.81
Burgenland;2024-09-28;121.32
Burgenland;2024-09-29;121.72
Burgenland;2024-09-30;122.26
Burgenland;2024-10-01;123.07
Burgenland;2024-10-02;124.36
Burgenland;2024-10-03;126.09
Burgenland;2024-10-04;128.28
Burgenland;2024-10-05;130.77
Burgenland;2024-10-06;133.3
Burgenland;2024-10-07;135.67
Burgenland;2024-10-08;137.57
Burgenland;2024-10-09;138.68
Burgenland;2024-10-10;138.85
Burgenland;2024-10-11;138.32
Burgenland;2024-10-12;137.26
Burgenland;2024-10-13;135.95
Burgenland;2024-10-14;134.5
Burgenland;2024-10-15;133.05
Burgenland;2024-10-16;131.67
Burgenland;2024-10-17;130.26
Burgenland;2024-10-18;128.9
Burgenland;2024-10-19;127.61
Burgenland;2024-10-20;126.46
Österreich;2022-09-01;98.88
Österreich;2022-09-02;98.5
Österreich;2022-09-03;98.17
Österreich;2022-09-04;97.35
Österreich;2022-09-05;97.27
Österreich;2022-09-06;97.4
Österreich;2022-09-07;97.73
Österreich;2022-09-08;98.35
Österreich;2022-09-09;99.35
Österreich;2022-09-10;100.8
Österreich;2022-09-11;102.79
Österreich;2022-09-12;105.45
Österreich;2022-09-13;108.75
Österreich;2022-09-14;112.71
Österreich;2022-09-15;117.16
Österreich;2022-09-16;122.11
Österreich;2022-09-17;127.46
Österreich;2022-09-18;133.26
Österreich;2022-09-19;139.57
Österreich;2022-09-20;146.35
Österreich;2022-09-21;153.62
Österreich;2022-09-22;161.31
Österreich;2022-09-23;169.33
Österreich;2022-09-24;177.45
Österreich;2022-09-25;185.68
Österreich;2022-09-26;193.95
Österreich;2022-09-27;202.15
Österreich;2022-09-28;210.32
Österreich;2022-09-29;218.21
Österreich;2022-09-30;225.69
Österreich;2022-10-01;232.41
Österreich;2022-10-02;238.1
Österreich;2022-10-03;242.6
Österreich;2022-10-04;245.83
Österreich;2022-10-05;247.89
Österreich;2022-10-06;248.83
Österreich;2022-10-07;248.74
Österreich;2022-10-08;247.6
Österreich;2022-10-09;245.19
Österreich;2022-10-10;241.47
Österreich;2022-10-11;236.47
Österreich;2022-10-12;230.48
Österreich;2022-10-13;223.68
Österreich;2022-10-14;216.37
Österreich;2022-10-15;208.87
Österreich;2022-10-16;201.33
Österreich;2022-10-17;194.0
Österreich;2022-10-18;186.91
Österreich;2022-10-19;180.24
Österreich;2022-10-20;173.89
Österreich;2022-10-21;167.79
Österreich;2022-10-22;161.93
Österreich;2022-10-23;156.16
Österreich;2022-10-24;150.54
Österreich;2022-10-25;145.02
Österreich;2022-10-26;139.68
Österreich;2022-10-27;134.53
Österreich;2022-10-28;129.63
Österreich;2022-10-29;124.97
Österreich;2022-10-30;120.72
Österreich;2022-10-31;116.91
Österreich;2022-11-01;113.62
Österreich;2022-11-02;110.95
Österreich;2022-11-03;108.75
Österreich;2022-11-04;107.14
Österreich;2022-11-05;106.01
Österreich;2022-11-06;105.43
Österreich;2022-11-07;105.51
Österreich;2022-11-08;106.32
Österreich;2022-11-09;107.82
Österreich;2022-11-10;109.84
Österreich;2022-11-11;112.31
Österreich;2022-11-12;115.04
Österreich;2022-11-13;117.97
Österreich;2022-11-14;120.97
Österreich;2022-11-15;124.17
Österreich;2022-11-16;127.58
Österreich;2022-11-17;131.08
Österreich;2022-11-18;134.7
Österreich;2022-11-19;138.28
Österreich;2022-11-20;141.75
Österreich;2022-11-21;145.04
Österreich;2022-11-22;148.13
Österreich;2022-11-23;151.1
Österreich;2022-11-24;153.98
Österreich;2022-11-25;156.75
Österreich;2022-11-26;159.37
Österreich;2022-11-27;161.75
Österreich;2022-11-28;163.88
Österreich;2022-11-29;165.91
Österreich;2022-11-30;167.84
Österreich;2022-12-01;169.71
Österreich;2022-12-02;171.57
Österreich;2022-12-03;173.46
Österreich;2022-12-04;174.9
Österreich;2022-12-05;176.3
Österreich;2022-12-06;178.43
Österreich;2022-12-07;180.7
Österreich;2022-12-08;183.11
Österreich;2022-12-09;185.68
Österreich;2022-12-10;188.28
Österreich;2022-12-11;190.95
Österreich;2022-12-12;193.73
Österreich;2022-12-13;196.63
Österreich;2022-12-14;199.73
Österreich;2022-12-15;202.87
Österreich;2022-12-16;205.92
Österreich;2022-12-17;208.58
Österreich;2022-12-18;210.63
Österreich;2022-12-19;211.89
Österreich;2022-12-20;212.32
Österreich;2022-12-21;211.97
Österreich;2022-12-22;211.03
Österreich;2022-12-23;209.59
Österreich;2022-12-24;207.81
Österreich;2022-12-25;205.74
Österreich;2022-12-26;203.38
Österreich;2022-12-27;200.61
Österreich;2022-12-28;197.52
Österreich;2022-12-29;194.03
Österreich;2022-12-30;190.17
Österreich;2022-12-31;185.99
Österreich;2023-01-01;181.54
Österreich;2023-01-02;176.73
Österreich;2023-01-03;171.69
Österreich;2023-01-04;166.45
Österreich;2023-01-05;161.18
Österreich;2023-01-06;155.94
Österreich;2023-01-07;150.87
Österreich;2023-01-08;146.1
Österreich;2023-01-09;141.7
Österreich;2023-01-10;137.79
Österreich;2023-01-11;134.28
Österreich;2023-01-12;131.23
Österreich;2023-01-13;128.62
Österreich;2023-01-14;126.5
Österreich;2023-01-15;124.26
Österreich;2023-01-16;123.44
Österreich;2023-01-17;123.16
Österreich;2023-01-18;123.62
Österreich;2023-01-19;125.0
Österreich;2023-01-20;127.07
Österreich;2023-01-21;129.78
Österreich;2023-01-22;133.36
Österreich;2023-01-23;137.61
Österreich;2023-01-24;142.33
Österreich;2023-01-25;147.85
Österreich;2023-01-26;154.06
Österreich;2023-01-27;160.73
Österreich;2023-01-28;167.88
Österreich;2023-01-29;175.18
Österreich;2023-01-30;183.31
Österreich;2023-01-31;191.98
Österreich;2023-02-01;201.24
Österreich;2023-02-02;210.89
Österreich;2023-02-03;220.56
Österreich;2023-02-04;230.02
Österreich;2023-02-05;238.88
Österreich;2023-02-06;247.01
Österreich;2023-02-07;253.69
Österreich;2023-02-08;260.28
Österreich;2023-02-09;266.27
Österreich;2023-02-10;271.84
Österreich;2023-02-11;277.01
Österreich;2023-02-12;281.78
Österreich;2023-02-13;286.19
Österreich;2023-02-14;290.17
Österreich;2023-02-15;293.68
Österreich;2023-02-16;296.76
Österreich;2023-02-17;299.41
Österreich;2023-02-18;301.64
Österreich;2023-02-19;303.41
Österreich;2023-02-20;304.84
Österreich;2023-02-21;306.02
Österreich;2023-02-22;307.05
Österreich;2023-02-23;307.95
Österreich;2023-02-24;308.75
Österreich;2023-02-25;309.38
Österreich;2023-02-26;309.81
Österreich;2023-02-27;309.89
Österreich;2023-02-28;309.59
Österreich;2023-03-01;308.71
Österreich;2023-03-02;307.31
Österreich;2023-03-03;305.3
Österreich;2023-03-04;302.69
Österreich;2023-03-05;299.34
Österreich;2023-03-06;295.26
Österreich;2023-03-07;290.5
Österreich;2023-03-08;285.17
Österreich;2023-03-09;279.37
Österreich;2023-03-10;273.24
Österreich;2023-03-11;266.87
Österreich;2023-03-12;260.31
Österreich;2023-03-13;253.71
Österreich;2023-03-14;247.11
Österreich;2023-03-15;240.57
Österreich;2023-03-16;234.12
Österreich;2023-03-17;227.59
Österreich;2023-03-18;220.95
Österreich;2023-03-19;214.0
Österreich;2023-03-20;206.84
Österreich;2023-03-21;199.51
Österreich;2023-03-22;192.21
Österreich;2023-03-23;184.96
Österreich;2023-03-24;177.76
Österreich;2023-03-25;170.69
Österreich;2023-03-26;163.72
Österreich;2023-03-27;157.02
Österreich;2023-03-28;150.7
Österreich;2023-03-29;144.99
Österreich;2023-03-30;139.78
Österreich;2023-03-31;135.09
Österreich;2023-04-01;130.83
Österreich;2023-04-02;126.95
Österreich;2023-04-03;123.43
Österreich;2023-04-04;120.11
Österreich;2023-04-05;116.98
Österreich;2023-04-06;113.91
Österreich;2023-04-07;110.85
Österreich;2023-04-08;107.88
Österreich;2023-04-09;104.83
Österreich;2023-04-10;101.83
Österreich;2023-04-11;98.78
Österreich;2023-04-12;95.75
Österreich;2023-04-13;92.69
Österreich;2023-04-14;89.68
Österreich;2023-04-15;86.69
Österreich;2023-04-16;83.78
Österreich;2023-04-17;80.98
Österreich;2023-04-18;78.39
Österreich;2023-04-19;75.93
Österreich;2023-04-20;73.66
Österreich;2023-04-21;71.52
Österreich;2023-04-22;69.51
Österreich;2023-04-23;67.53
Österreich;2023-04-24;65.68
Österreich;2023-04-25;63.84
Österreich;2023-04-26;62.09
Österreich;2023-04-27;60.37
Österreich;2023-04-28;58.65
Österreich;2023-04-29;56.97
Österreich;2023-04-30;55.24
Österreich;2023-05-01;53.57
Österreich;2023-05-02;51.88
Österreich;2023-05-03;50.21
Österreich;2023-05-04;48.56
Österreich;2023-05-05;46.91
Österreich;2023-05-06;45.27
Österreich;2023-05-07;43.7
Österreich;2023-05-08;42.2
Österreich;2023-05-09;40.74
Österreich;2023-05-10;39.4
Österreich;2023-05-11;38.18
Österreich;2023-05-12;37.01
Österreich;2023-05-13;36.02
Österreich;2023-05-14;35.1
Österreich;2023-05-15;34.32
Österreich;2023-05-16;33.7
Österreich;2023-05-17;33.2
Österreich;2023-05-18;32.83
Österreich;2023-05-19;32.47
Österreich;2023-05-20;32.14
Österreich;2023-05-21;31.8
Österreich;2023-05-22;31.35
Österreich;2023-05-23;30.86
Österreich;2023-05-24;30.29
Österreich;2023-05-25;29.65
Österreich;2023-05-26;29.0
Österreich;2023-05-27;28.3
Österreich;2023-05-28;27.55
Österreich;2023-05-29;26.78
Österreich;2023-05-30;26.01
Österreich;2023-05-31;25.19
Österreich;2023-06-01;24.39
Österreich;2023-06-02;23.57
Österreich;2023-06-03;22.8
Österreich;2023-06-04;22.07
Österreich;2023-06-05;21.39
Österreich;2023-06-06;20.77
Österreich;2023-06-07;20.19
Österreich;2023-06-08;19.73
Österreich;2023-06-09;19.29
Österreich;2023-06-10;18.91
Österreich;2023-06-11;18.52
Österreich;2023-06-12;18.1
Österreich;2023-06-13;17.72
Österreich;2023-06-14;17.31
Österreich;2023-06-15;16.92
Österreich;2023-06-16;16.55
Österreich;2023-06-17;16.17
Österreich;2023-06-18;15.79
Österreich;2023-06-19;15.43
Österreich;2023-06-20;15.12
Österreich;2023-06-21;14.84
Österreich;2023-06-22;14.56
Österreich;2023-06-23;14.32
Österreich;2023-06-24;14.07
Österreich;2023-06-25;13.88
Österreich;2023-06-26;13.71
Österreich;2023-06-27;13.57
Österreich;2023-06-28;13.55
Österreich;2023-06-29;13.52
Österreich;2023-06-30;13.6
Österreich;2023-07-01;13.69
Österreich;2023-07-02;13.84
Österreich;2023-07-03;13.97
Österreich;2023-07-04;14.13
Österreich;2023-07-05;14.32
Österreich;2023-07-06;14.47
Österreich;2023-07-07;14.63
Österreich;2023-07-08;14.8
Österreich;2023-07-09;14.98
Österreich;2023-07-10;15.18
Österreich;2023-07-11;15.37
Österreich;2023-07-12;15.64
Österreich;2023-07-13;15.99
Österreich;2023-07-14;16.35
Österreich;2023-07-15;16.77
Österreich;2023-07-16;17.28
Österreich;2023-07-17;17.85
Österreich;2023-07-18;18.48
Österreich;2023-07-19;19.21
Österreich;2023-07-20;19.96
Österreich;2023-07-21;20.79
Österreich;2023-07-22;21.66
Österreich;2023-07-23;22.57
Österreich;2023-07-24;23.48
Österreich;2023-07-25;24.58
Österreich;2023-07-26;25.79
Österreich;2023-07-27;27.11
Österreich;2023-07-28;28.5
Österreich;2023-07-29;30.02
Österreich;2023-07-30;31.63
Österreich;2023-07-31;33.32
Österreich;2023-08-01;35.13
Österreich;2023-08-02;37.11
Österreich;2023-08-03;39.17
Österreich;2023-08-04;41.37
Österreich;2023-08-05;43.66
Österreich;2023-08-06;45.97
Österreich;2023-08-07;48.32
Österreich;2023-08-08;50.62
Österreich;2023-08-09;52.87
Österreich;2023-08-10;55.05
Österreich;2023-08-11;57.15
Österreich;2023-08-12;59.21
Österreich;2023-08-13;61.14
Österreich;2023-08-14;62.92
Österreich;2023-08-15;64.54
Österreich;2023-08-16;65.86
Österreich;2023-08-17;66.93
Österreich;2023-08-18;67.82
Österreich;2023-08-19;68.63
Österreich;2023-08-20;69.32
Österreich;2023-08-21;70.07
Österreich;2023-08-22;70.9
Österreich;2023-08-23;71.82
Österreich;2023-08-24;72.93
Österreich;2023-08-25;74.16
Österreich;2023-08-26;75.52
Österreich;2023-08-27;77.03
Österreich;2023-08-28;78.61
Österreich;2023-08-29;80.38
Österreich;2023-08-30;82.21
Österreich;2023-08-31;84.13
Österreich;2023-09-01;86.03
Österreich;2023-09-02;87.86
Österreich;2023-09-03;89.54
Österreich;2023-09-04;91.09
Österreich;2023-09-05;92.48
Österreich;2023-09-06;93.8
Österreich;2023-09-07;95.04
Österreich;2023-09-08;96.24
Österreich;2023-09-09;97.41
Österreich;2023-09-10;98.56
Österreich;2023-09-11;99.64
Österreich;2023-09-12;100.67
Österreich;2023-09-13;101.66
Österreich;2023-09-14;102.51
Österreich;2023-09-15;103.29
Österreich;2023-09-16;104.01
Österreich;2023-09-17;104.7
Österreich;2023-09-18;105.43
Österreich;2023-09-19;106.2
Österreich;2023-09-20;107.07
Österreich;2023-09-21;108.05
Österreich;2023-09-22;109.22
Österreich;2023-09-23;110.47
Österreich;2023-09-24;111.88
Österreich;2023-09-25;113.49
Österreich;2023-09-26;115.23
Österreich;2023-09-27;117.13
Österreich;2023-09-28;119.17
Österreich;2023-09-29;121.27
Österreich;2023-09-30;123.42
Österreich;2023-10-01;125.46
Österreich;2023-10-02;127.47
Österreich;2023-10-03;129.3
Österreich;2023-10-04;131.03
Österreich;2023-10-05;132.64
Österreich;2023-10-06;134.15
Österreich;2023-10-07;135.7
Österreich;2023-10-08;137.37
Österreich;2023-10-09;139.2
Österreich;2023-10-10;141.32
Österreich;2023-10-11;143.67
Österreich;2023-10-12;146.21
Österreich;2023-10-13;148.9
Österreich;2023-10-14;151.74
Österreich;2023-10-15;154.71
Österreich;2023-10-16;157.79
Österreich;2023-10-17;160.87
Österreich;2023-10-18;163.89
Österreich;2023-10-19;166.9
Österreich;2023-10-20;169.84
Österreich;2023-10-21;172.66
Österreich;2023-10-22;175.43
Österreich;2023-10-23;178.22
Österreich;2023-10-24;181.11
Österreich;2023-10-25;184.22
Österreich;2023-10-26;187.47
Österreich;2023-10-27;190.84
Österreich;2023-10-28;194.27
Österreich;2023-10-29;197.64
Österreich;2023-10-30;201.01
Österreich;2023-10-31;204.52
Österreich;2023-11-01;208.35
Österreich;2023-11-02;212.78
Österreich;2023-11-03;218.01
Österreich;2023-11-04;224.16
Österreich;2023-11-05;231.33
Österreich;2023-11-06;239.56
Österreich;2023-11-07;248.85
Österreich;2023-11-08;259.1
Österreich;2023-11-09;270.04
Österreich;2023-11-10;281.44
Österreich;2023-11-11;293.02
Österreich;2023-11-12;304.59
Österreich;2023-11-13;318.56
Österreich;2023-11-14;330.18
Österreich;2023-11-15;341.87
Österreich;2023-11-16;353.9
Österreich;2023-11-17;366.37
Österreich;2023-11-18;379.58
Österreich;2023-11-19;393.73
Österreich;2023-11-20;408.87
Österreich;2023-11-21;424.84
Österreich;2023-11-22;441.28
Österreich;2023-11-23;457.92
Österreich;2023-11-24;474.54
Österreich;2023-11-25;491.03
Österreich;2023-11-26;507.34
Österreich;2023-11-27;523.43
Österreich;2023-11-28;539.35
Österreich;2023-11-29;555.06
Österreich;2023-11-30;570.45
Österreich;2023-12-01;585.23
Österreich;2023-12-02;599.05
Österreich;2023-12-03;611.53
Österreich;2023-12-04;622.16
Österreich;2023-12-05;630.71
Österreich;2023-12-06;637.44
Österreich;2023-12-07;641.73
Österreich;2023-12-08;644.41
Österreich;2023-12-09;645.58
Österreich;2023-12-10;645.24
Österreich;2023-12-11;643.05
Österreich;2023-12-12;638.64
Österreich;2023-12-13;631.81
Österreich;2023-12-14;622.79
Österreich;2023-12-15;611.94
Österreich;2023-12-16;599.73
Österreich;2023-12-17;586.35
Österreich;2023-12-18;571.75
Österreich;2023-12-19;555.85
Österreich;2023-12-20;538.65
Österreich;2023-12-21;520.19
Österreich;2023-12-22;500.88
Österreich;2023-12-23;481.09
Österreich;2023-12-24;461.17
Österreich;2023-12-25;441.35
Österreich;2023-12-26;421.82
Österreich;2023-12-27;402.55
Österreich;2023-12-28;383.56
Österreich;2023-12-29;364.94
Österreich;2023-12-30;346.7
Österreich;2023-12-31;328.99
Österreich;2024-01-01;311.82
Österreich;2024-01-02;295.19
Österreich;2024-01-03;278.93
Österreich;2024-01-04;263.13
Österreich;2024-01-05;247.94
Österreich;2024-01-06;233.49
Österreich;2024-01-07;220.09
Österreich;2024-01-08;207.83
Österreich;2024-01-09;196.73
Österreich;2024-01-10;186.63
Österreich;2024-01-11;177.4
Österreich;2024-01-12;168.73
Österreich;2024-01-13;160.63
Österreich;2024-01-14;152.96
Österreich;2024-01-15;145.73
Österreich;2024-01-16;138.88
Österreich;2024-01-17;132.35
Österreich;2024-01-18;126.1
Österreich;2024-01-19;120.05
Österreich;2024-01-20;114.26
Österreich;2024-01-21;108.67
Österreich;2024-01-22;103.41
Österreich;2024-01-23;98.45
Österreich;2024-01-24;93.78
Österreich;2024-01-25;89.4
Österreich;2024-01-26;85.27
Österreich;2024-01-27;81.3
Österreich;2024-01-28;77.54
Österreich;2024-01-29;74.0
Österreich;2024-01-30;70.65
Österreich;2024-01-31;67.54
Österreich;2024-02-01;64.55
Österreich;2024-02-02;61.74
Österreich;2024-02-03;59.06
Österreich;2024-02-04;56.39
Österreich;2024-02-05;53.84
Österreich;2024-02-06;51.43
Österreich;2024-02-07;49.12
Österreich;2024-02-08;46.96
Österreich;2024-02-09;44.89
Österreich;2024-02-10;42.87
Österreich;2024-02-11;40.92
Österreich;2024-02-12;39.05
Österreich;2024-02-13;37.24
Österreich;2024-02-14;35.55
Österreich;2024-02-15;33.93
Österreich;2024-02-16;32.42
Österreich;2024-02-17;30.93
Österreich;2024-02-18;29.51
Österreich;2024-02-19;28.17
Österreich;2024-02-20;26.91
Österreich;2024-02-21;25.73
Österreich;2024-02-22;24.68
Österreich;2024-02-23;23.64
Österreich;2024-02-24;22.66
Österreich;2024-02-25;21.73
Österreich;2024-02-26;20.84
Österreich;2024-02-27;19.97
Österreich;2024-02-28;19.2
Österreich;2024-02-29;18.45
Österreich;2024-03-01;17.75
Österreich;2024-03-02;17.11
Österreich;2024-03-03;16.55
Österreich;2024-03-04;16.02
Österreich;2024-03-05;15.57
Österreich;2024-03-06;15.15
Österreich;2024-03-07;14.86
Österreich;2024-03-08;14.61
Österreich;2024-03-09;14.4
Österreich;2024-03-10;14.28
Österreich;2024-03-11;14.18
Österreich;2024-03-12;14.17
Österreich;2024-03-13;14.23
Österreich;2024-03-14;14.39
Österreich;2024-03-15;14.59
Österreich;2024-03-16;14.8
Österreich;2024-03-17;14.97
Österreich;2024-03-18;15.11
Österreich;2024-03-19;15.14
Österreich;2024-03-20;15.0
Österreich;2024-03-21;14.82
Österreich;2024-03-22;14.51
Österreich;2024-03-23;14.13
Österreich;2024-03-24;13.79
Österreich;2024-03-25;13.41
Österreich;2024-03-26;13.08
Österreich;2024-03-27;12.75
Österreich;2024-03-28;12.5
Österreich;2024-03-29;12.21
Österreich;2024-03-30;11.96
Österreich;2024-03-31;11.76
Österreich;2024-04-01;11.56
Österreich;2024-04-02;11.34
Österreich;2024-04-03;11.18
Österreich;2024-04-04;11.05
Österreich;2024-04-05;10.92
Österreich;2024-04-06;10.84
Österreich;2024-04-07;10.8
Österreich;2024-04-08;10.83
Österreich;2024-04-09;10.95
Österreich;2024-04-10;11.1
Österreich;2024-04-11;11.27
Österreich;2024-04-12;11.5
Österreich;2024-04-13;11.78
Österreich;2024-04-14;12.09
Österreich;2024-04-15;12.45
Österreich;2024-04-16;12.87
Österreich;2024-04-17;13.42
Österreich;2024-04-18;13.96
Österreich;2024-04-19;14.56
Österreich;2024-04-20;15.19
Österreich;2024-04-21;15.86
Österreich;2024-04-22;16.55
Österreich;2024-04-23;17.27
Österreich;2024-04-24;18.0
Österreich;2024-04-25;18.75
Österreich;2024-04-26;19.5
Österreich;2024-04-27;20.22
Österreich;2024-04-28;20.88
Österreich;2024-04-29;21.44
Österreich;2024-04-30;21.97
Österreich;2024-05-01;22.42
Österreich;2024-05-02;22.82
Österreich;2024-05-03;23.22
Österreich;2024-05-04;23.61
Österreich;2024-05-05;23.94
Österreich;2024-05-06;24.31
Österreich;2024-05-07;24.64
Österreich;2024-05-08;24.99
Österreich;2024-05-09;25.36
Österreich;2024-05-10;25.73
Österreich;2024-05-11;26.12
Österreich;2024-05-12;26.52
Österreich;2024-05-13;26.9
Österreich;2024-05-14;27.24
Österreich;2024-05-15;27.55
Österreich;2024-05-16;27.85
Österreich;2024-05-17;28.13
Österreich;2024-05-18;28.43
Österreich;2024-05-19;28.76
Österreich;2024-05-20;29.12
Österreich;2024-05-21;29.6
Österreich;2024-05-22;30.15
Österreich;2024-05-23;30.82
Österreich;2024-05-24;31.52
Österreich;2024-05-25;32.27
Österreich;2024-05-26;33.08
Österreich;2024-05-27;33.9
Österreich;2024-05-28;34.81
Österreich;2024-05-29;35.78
Österreich;2024-05-30;36.78
Österreich;2024-05-31;37.84
Österreich;2024-06-01;38.97
Österreich;2024-06-02;40.18
Österreich;2024-06-03;41.47
Österreich;2024-06-04;42.94
Österreich;2024-06-05;44.58
Österreich;2024-06-06;46.36
Österreich;2024-06-07;48.27
Österreich;2024-06-08;50.26
Österreich;2024-06-09;52.27
Österreich;2024-06-10;54.27
Österreich;2024-06-11;56.27
Österreich;2024-06-12;58.32
Österreich;2024-06-13;60.43
Österreich;2024-06-14;62.56
Österreich;2024-06-15;64.83
Österreich;2024-06-16;67.21
Österreich;2024-06-17;69.73
Österreich;2024-06-18;72.33
Österreich;2024-06-19;74.96
Österreich;2024-06-20;77.63
Österreich;2024-06-21;80.26
Österreich;2024-06-22;82.88
Österreich;2024-06-23;85.33
Österreich;2024-06-24;87.72
Österreich;2024-06-25;89.95
Österreich;2024-06-26;92.0
Österreich;2024-06-27;93.94
Österreich;2024-06-28;95.78
Österreich;2024-06-29;97.6
Österreich;2024-06-30;99.52
Österreich;2024-07-01;101.47
Österreich;2024-07-02;103.41
Österreich;2024-07-03;105.33
Österreich;2024-07-04;107.09
Österreich;2024-07-05;108.67
Österreich;2024-07-06;110.03
Österreich;2024-07-07;111.1
Österreich;2024-07-08;111.85
Österreich;2024-07-09;112.34
Österreich;2024-07-10;112.58
Österreich;2024-07-11;112.71
Österreich;2024-07-12;112.62
Österreich;2024-07-13;112.4
Österreich;2024-07-14;112.01
Österreich;2024-07-15;111.36
Österreich;2024-07-16;110.47
Österreich;2024-07-17;109.29
Österreich;2024-07-18;107.91
Österreich;2024-07-19;106.43
Österreich;2024-07-20;104.94
Österreich;2024-07-21;103.62
Österreich;2024-07-22;102.56
Österreich;2024-07-23;101.83
Österreich;2024-07-24;101.49
Österreich;2024-07-25;101.44
Österreich;2024-07-26;101.56
Österreich;2024-07-27;101.84
Österreich;2024-07-28;102.2
Österreich;2024-07-29;102.71
Österreich;2024-07-30;103.49
Österreich;2024-07-31;104.72
Österreich;2024-08-01;106.35
Österreich;2024-08-02;108.21
Österreich;2024-08-03;110.09
Österreich;2024-08-04;111.9
Österreich;2024-08-05;113.49
Österreich;2024-08-06;114.84
Österreich;2024-08-07;115.96
Österreich;2024-08-08;116.88
Österreich;2024-08-09;117.84
Österreich;2024-08-10;118.91
Österreich;2024-08-11;120.16
Österreich;2024-08-12;121.75
Österreich;2024-08-13;123.64
Österreich;2024-08-14;125.8
Österreich;2024-08-15;128.16
Österreich;2024-08-16;130.72
Österreich;2024-08-17;133.49
Österreich;2024-08-18;136.46
Österreich;2024-08-19;139.57
Österreich;2024-08-20;142.71
Österreich;2024-08-21;145.71
Österreich;2024-08-22;148.51
Österreich;2024-08-23;151.11
Österreich;2024-08-24;153.45
Österreich;2024-08-25;155.47
Österreich;2024-08-26;157.21
Österreich;2024-08-27;158.67
Österreich;2024-08-28;159.89
Österreich;2024-08-29;160.99
Österreich;2024-08-30;161.97
Österreich;2024-08-31;162.86
Österreich;2024-09-01;163.7
Österreich;2024-09-02;164.58
Österreich;2024-09-03;165.46
Österreich;2024-09-04;166.52
Österreich;2024-09-05;167.77
Österreich;2024-09-06;169.35
Österreich;2024-09-07;171.45
Österreich;2024-09-08;174.1
Österreich;2024-09-09;177.5
Österreich;2024-09-10;181.73
Österreich;2024-09-11;186.68
Österreich;2024-09-12;192.39
Österreich;2024-09-13;198.86
Österreich;2024-09-14;206.17
Österreich;2024-09-15;214.46
Österreich;2024-09-16;223.69
Österreich;2024-09-17;233.71
Österreich;2024-09-18;244.18
Österreich;2024-09-19;254.72
Österreich;2024-09-20;264.94
Österreich;2024-09-21;274.48
Österreich;2024-09-22;282.94
Österreich;2024-09-23;290.07
Österreich;2024-09-24;295.72
Österreich;2024-09-25;299.98
Österreich;2024-09-26;303.09
Österreich;2024-09-27;305.27
Österreich;2024-09-28;306.79
Österreich;2024-09-29;307.77
Österreich;2024-09-30;308.29
Österreich;2024-10-01;308.31
Österreich;2024-10-02;307.9
Österreich;2024-10-03;306.94
Österreich;2024-10-04;305.43
Österreich;2024-10-05;303.26
Österreich;2024-10-06;300.34
Österreich;2024-10-07;296.67
Österreich;2024-10-08;292.47
Österreich;2024-10-09;287.97
Österreich;2024-10-10;283.27
Österreich;2024-10-11;278.42
Österreich;2024-10-12;273.35
Österreich;2024-10-13;268.12
Österreich;2024-10-14;262.72
Österreich;2024-10-15;257.43
Österreich;2024-10-16;252.37
Österreich;2024-10-17;247.6
Österreich;2024-10-18;242.96
Österreich;2024-10-19;238.44
Österreich;2024-10-20;233.98
Österreich;2024-10-21;226.03
Österreich;2024-10-22;221.72
Österreich;2024-10-23;217.64
Österreich;2024-10-24;215.78
Österreich;2024-10-25;212.26
Österreich;2024-10-26;209.76
Österreich;2024-10-27;207.79
