Gruppe;Datum;Genkopien pro EW / Tag * 10^6
Vorarlberg;2022-09-01;83.29
Vorarlberg;2022-09-02;84.3
Vorarlberg;2022-09-03;85.19
Vorarlberg;2022-09-04;82.15
Vorarlberg;2022-09-05;82.99
Vorarlberg;2022-09-06;84.05
Vorarlberg;2022-09-07;85.32
Vorarlberg;2022-09-08;86.86
Vorarlberg;2022-09-09;88.6
Vorarlberg;2022-09-10;90.66
Vorarlberg;2022-09-11;93.06
Vorarlberg;2022-09-12;96.0
Vorarlberg;2022-09-13;99.52
Vorarlberg;2022-09-14;103.65
Vorarlberg;2022-09-15;108.36
Vorarlberg;2022-09-16;113.42
Vorarlberg;2022-09-17;118.66
Vorarlberg;2022-09-18;123.87
Vorarlberg;2022-09-19;129.08
Vorarlberg;2022-09-20;134.19
Vorarlberg;2022-09-21;139.3
Vorarlberg;2022-09-22;144.51
Vorarlberg;2022-09-23;149.91
Vorarlberg;2022-09-24;155.56
Vorarlberg;2022-09-25;161.7
Vorarlberg;2022-09-26;168.41
Vorarlberg;2022-09-27;175.74
Vorarlberg;2022-09-28;183.58
Vorarlberg;2022-09-29;191.66
Vorarlberg;2022-09-30;199.67
Vorarlberg;2022-10-01;207.17
Vorarlberg;2022-10-02;213.77
Vorarlberg;2022-10-03;219.28
Vorarlberg;2022-10-04;223.61
Vorarlberg;2022-10-05;226.74
Vorarlberg;2022-10-06;228.66
Vorarlberg;2022-10-07;229.27
Vorarlberg;2022-10-08;228.49
Vorarlberg;2022-10-09;226.13
Vorarlberg;2022-10-10;222.07
Vorarlberg;2022-10-11;216.58
Vorarlberg;2022-10-12;210.01
Vorarlberg;2022-10-13;202.65
Vorarlberg;2022-10-14;194.78
Vorarlberg;2022-10-15;186.57
Vorarlberg;2022-10-16;178.21
Vorarlberg;2022-10-17;169.81
Vorarlberg;2022-10-18;161.54
Vorarlberg;2022-10-19;153.56
Vorarlberg;2022-10-20;145.83
Vorarlberg;2022-10-21;138.37
Vorarlberg;2022-10-22;131.26
Vorarlberg;2022-10-23;124.45
Vorarlberg;2022-10-24;118.19
Vorarlberg;2022-10-25;112.39
Vorarlberg;2022-10-26;107.08
Vorarlberg;2022-10-27;102.19
Vorarlberg;2022-10-28;97.63
Vorarlberg;2022-10-29;93.43
Vorarlberg;2022-10-30;89.54
Vorarlberg;2022-10-31;85.96
Vorarlberg;2022-11-01;82.74
Vorarlberg;2022-11-02;79.92
Vorarlberg;2022-11-03;77.49
Vorarlberg;2022-11-04;75.51
Vorarlberg;2022-11-05;74.05
Vorarlberg;2022-11-06;73.14
Vorarlberg;2022-11-07;72.95
Vorarlberg;2022-11-08;73.5
Vorarlberg;2022-11-09;74.85
Vorarlberg;2022-11-10;76.85
Vorarlberg;2022-11-11;79.42
Vorarlberg;2022-11-12;82.44
Vorarlberg;2022-11-13;85.79
Vorarlberg;2022-11-14;89.5
Vorarlberg;2022-11-15;93.54
Vorarlberg;2022-11-16;97.84
Vorarlberg;2022-11-17;102.31
Vorarlberg;2022-11-18;106.83
Vorarlberg;2022-11-19;111.27
Vorarlberg;2022-11-20;115.69
Vorarlberg;2022-11-21;120.02
Vorarlberg;2022-11-22;124.3
Vorarlberg;2022-11-23;128.6
Vorarlberg;2022-11-24;132.91
Vorarlberg;2022-11-25;137.21
Vorarlberg;2022-11-26;141.51
Vorarlberg;2022-11-27;145.77
Vorarlberg;2022-11-28;149.89
Vorarlberg;2022-11-29;153.78
Vorarlberg;2022-11-30;157.28
Vorarlberg;2022-12-01;160.38
Vorarlberg;2022-12-02;163.15
Vorarlberg;2022-12-03;165.69
Vorarlberg;2022-12-04;168.19
Vorarlberg;2022-12-05;170.68
Vorarlberg;2022-12-06;173.3
Vorarlberg;2022-12-07;176.09
Vorarlberg;2022-12-08;178.91
Vorarlberg;2022-12-09;181.7
Vorarlberg;2022-12-10;184.22
Vorarlberg;2022-12-11;186.3
Vorarlberg;2022-12-12;188.02
Vorarlberg;2022-12-13;189.51
Vorarlberg;2022-12-14;191.03
Vorarlberg;2022-12-15;192.65
Vorarlberg;2022-12-16;194.38
Vorarlberg;2022-12-17;196.11
Vorarlberg;2022-12-18;197.61
Vorarlberg;2022-12-19;198.74
Vorarlberg;2022-12-20;199.16
Vorarlberg;2022-12-21;198.84
Vorarlberg;2022-12-22;197.63
Vorarlberg;2022-12-23;195.64
Vorarlberg;2022-12-24;192.97
Vorarlberg;2022-12-25;189.67
Vorarlberg;2022-12-26;185.77
Vorarlberg;2022-12-27;181.26
Vorarlberg;2022-12-28;176.16
Vorarlberg;2022-12-29;170.61
Vorarlberg;2022-12-30;164.72
Vorarlberg;2022-12-31;158.49
Vorarlberg;2023-01-01;152.01
Vorarlberg;2023-01-02;145.44
Vorarlberg;2023-01-03;138.85
Vorarlberg;2023-01-04;132.45
Vorarlberg;2023-01-05;126.33
Vorarlberg;2023-01-06;120.57
Vorarlberg;2023-01-07;115.22
Vorarlberg;2023-01-08;110.44
Vorarlberg;2023-01-09;106.21
Vorarlberg;2023-01-10;102.57
Vorarlberg;2023-01-11;99.4
Vorarlberg;2023-01-12;96.67
Vorarlberg;2023-01-13;94.33
Vorarlberg;2023-01-14;92.42
Vorarlberg;2023-01-15;91.05
Vorarlberg;2023-01-16;90.33
Vorarlberg;2023-01-17;90.32
Vorarlberg;2023-01-18;90.93
Vorarlberg;2023-01-19;92.19
Vorarlberg;2023-01-20;93.92
Vorarlberg;2023-01-21;96.12
Vorarlberg;2023-01-22;98.91
Vorarlberg;2023-01-23;102.33
Vorarlberg;2023-01-24;106.37
Vorarlberg;2023-01-25;111.16
Vorarlberg;2023-01-26;116.62
Vorarlberg;2023-01-27;122.63
Vorarlberg;2023-01-28;129.31
Vorarlberg;2023-01-29;136.56
Vorarlberg;2023-01-30;144.57
Vorarlberg;2023-01-31;153.33
Vorarlberg;2023-02-01;162.78
Vorarlberg;2023-02-02;172.72
Vorarlberg;2023-02-03;182.92
Vorarlberg;2023-02-04;193.1
Vorarlberg;2023-02-05;202.99
Vorarlberg;2023-02-06;212.45
Vorarlberg;2023-02-07;221.19
Vorarlberg;2023-02-08;229.15
Vorarlberg;2023-02-09;236.26
Vorarlberg;2023-02-10;242.7
Vorarlberg;2023-02-11;248.55
Vorarlberg;2023-02-12;253.94
Vorarlberg;2023-02-13;258.78
Vorarlberg;2023-02-14;262.98
Vorarlberg;2023-02-15;266.27
Vorarlberg;2023-02-16;268.59
Vorarlberg;2023-02-17;270.05
Vorarlberg;2023-02-18;270.94
Vorarlberg;2023-02-19;271.66
Vorarlberg;2023-02-20;272.5
Vorarlberg;2023-02-21;273.68
Vorarlberg;2023-02-22;275.26
Vorarlberg;2023-02-23;276.88
Vorarlberg;2023-02-24;278.29
Vorarlberg;2023-02-25;278.95
Vorarlberg;2023-02-26;278.61
Vorarlberg;2023-02-27;277.01
Vorarlberg;2023-02-28;274.14
Vorarlberg;2023-03-01;270.16
Vorarlberg;2023-03-02;265.29
Vorarlberg;2023-03-03;259.87
Vorarlberg;2023-03-04;254.26
Vorarlberg;2023-03-05;248.78
Vorarlberg;2023-03-06;243.78
Vorarlberg;2023-03-07;239.35
Vorarlberg;2023-03-08;235.55
Vorarlberg;2023-03-09;232.05
Vorarlberg;2023-03-10;228.66
Vorarlberg;2023-03-11;224.98
Vorarlberg;2023-03-12;220.88
Vorarlberg;2023-03-13;215.99
Vorarlberg;2023-03-14;210.3
Vorarlberg;2023-03-15;203.84
Vorarlberg;2023-03-16;196.87
Vorarlberg;2023-03-17;189.68
Vorarlberg;2023-03-18;182.4
Vorarlberg;2023-03-19;175.2
Vorarlberg;2023-03-20;168.13
Vorarlberg;2023-03-21;161.12
Vorarlberg;2023-03-22;153.99
Vorarlberg;2023-03-23;146.58
Vorarlberg;2023-03-24;138.99
Vorarlberg;2023-03-25;131.35
Vorarlberg;2023-03-26;123.94
Vorarlberg;2023-03-27;117.03
Vorarlberg;2023-03-28;110.76
Vorarlberg;2023-03-29;105.17
Vorarlberg;2023-03-30;100.21
Vorarlberg;2023-03-31;95.77
Vorarlberg;2023-04-01;91.77
Vorarlberg;2023-04-02;88.31
Vorarlberg;2023-04-03;85.3
Vorarlberg;2023-04-04;82.67
Vorarlberg;2023-04-05;80.3
Vorarlberg;2023-04-06;78.07
Vorarlberg;2023-04-07;75.91
Vorarlberg;2023-04-08;73.71
Vorarlberg;2023-04-09;71.45
Vorarlberg;2023-04-10;69.11
Vorarlberg;2023-04-11;66.59
Vorarlberg;2023-04-12;63.82
Vorarlberg;2023-04-13;60.91
Vorarlberg;2023-04-14;57.85
Vorarlberg;2023-04-15;54.86
Vorarlberg;2023-04-16;52.04
Vorarlberg;2023-04-17;49.46
Vorarlberg;2023-04-18;47.21
Vorarlberg;2023-04-19;45.22
Vorarlberg;2023-04-20;43.45
Vorarlberg;2023-04-21;41.8
Vorarlberg;2023-04-22;40.22
Vorarlberg;2023-04-23;38.73
Vorarlberg;2023-04-24;37.33
Vorarlberg;2023-04-25;35.93
Vorarlberg;2023-04-26;34.56
Vorarlberg;2023-04-27;33.16
Vorarlberg;2023-04-28;31.72
Vorarlberg;2023-04-29;30.3
Vorarlberg;2023-04-30;28.89
Vorarlberg;2023-05-01;27.57
Vorarlberg;2023-05-02;26.4
Vorarlberg;2023-05-03;25.36
Vorarlberg;2023-05-04;24.47
Vorarlberg;2023-05-05;23.8
Vorarlberg;2023-05-06;23.26
Vorarlberg;2023-05-07;22.83
Vorarlberg;2023-05-08;22.62
Vorarlberg;2023-05-09;22.58
Vorarlberg;2023-05-10;22.63
Vorarlberg;2023-05-11;22.77
Vorarlberg;2023-05-12;23.0
Vorarlberg;2023-05-13;23.38
Vorarlberg;2023-05-14;23.77
Vorarlberg;2023-05-15;24.32
Vorarlberg;2023-05-16;24.83
Vorarlberg;2023-05-17;25.33
Vorarlberg;2023-05-18;25.83
Vorarlberg;2023-05-19;26.18
Vorarlberg;2023-05-20;26.41
Vorarlberg;2023-05-21;26.41
Vorarlberg;2023-05-22;26.09
Vorarlberg;2023-05-23;25.53
Vorarlberg;2023-05-24;24.77
Vorarlberg;2023-05-25;23.85
Vorarlberg;2023-05-26;22.85
Vorarlberg;2023-05-27;21.79
Vorarlberg;2023-05-28;20.66
Vorarlberg;2023-05-29;19.54
Vorarlberg;2023-05-30;18.41
Vorarlberg;2023-05-31;17.3
Vorarlberg;2023-06-01;16.23
Vorarlberg;2023-06-02;15.18
Vorarlberg;2023-06-03;14.18
Vorarlberg;2023-06-04;13.25
Vorarlberg;2023-06-05;12.34
Vorarlberg;2023-06-06;11.56
Vorarlberg;2023-06-07;10.83
Vorarlberg;2023-06-08;10.14
Vorarlberg;2023-06-09;9.46
Vorarlberg;2023-06-10;8.89
Vorarlberg;2023-06-11;8.34
Vorarlberg;2023-06-12;7.89
Vorarlberg;2023-06-13;7.46
Vorarlberg;2023-06-14;7.12
Vorarlberg;2023-06-15;6.78
Vorarlberg;2023-06-16;6.49
Vorarlberg;2023-06-17;6.21
Vorarlberg;2023-06-18;5.93
Vorarlberg;2023-06-19;5.66
Vorarlberg;2023-06-20;5.4
Vorarlberg;2023-06-21;5.12
Vorarlberg;2023-06-22;4.83
Vorarlberg;2023-06-23;4.61
Vorarlberg;2023-06-24;4.43
Vorarlberg;2023-06-25;4.22
Vorarlberg;2023-06-26;4.11
Vorarlberg;2023-06-27;4.05
Vorarlberg;2023-06-28;4.06
Vorarlberg;2023-06-29;4.1
Vorarlberg;2023-06-30;4.22
Vorarlberg;2023-07-01;4.39
Vorarlberg;2023-07-02;4.59
Vorarlberg;2023-07-03;4.83
Vorarlberg;2023-07-04;5.1
Vorarlberg;2023-07-05;5.41
Vorarlberg;2023-07-06;5.77
Vorarlberg;2023-07-07;6.11
Vorarlberg;2023-07-08;6.47
Vorarlberg;2023-07-09;6.82
Vorarlberg;2023-07-10;7.19
Vorarlberg;2023-07-11;7.48
Vorarlberg;2023-07-12;7.75
Vorarlberg;2023-07-13;7.95
Vorarlberg;2023-07-14;8.1
Vorarlberg;2023-07-15;8.24
Vorarlberg;2023-07-16;8.4
Vorarlberg;2023-07-17;8.69
Vorarlberg;2023-07-18;9.07
Vorarlberg;2023-07-19;9.55
Vorarlberg;2023-07-20;10.16
Vorarlberg;2023-07-21;10.85
Vorarlberg;2023-07-22;11.69
Vorarlberg;2023-07-23;12.68
Vorarlberg;2023-07-24;13.82
Vorarlberg;2023-07-25;15.09
Vorarlberg;2023-07-26;16.52
Vorarlberg;2023-07-27;18.07
Vorarlberg;2023-07-28;19.74
Vorarlberg;2023-07-29;21.55
Vorarlberg;2023-07-30;23.48
Vorarlberg;2023-07-31;25.54
Vorarlberg;2023-08-01;27.72
Vorarlberg;2023-08-02;29.98
Vorarlberg;2023-08-03;32.25
Vorarlberg;2023-08-04;34.56
Vorarlberg;2023-08-05;36.86
Vorarlberg;2023-08-06;39.12
Vorarlberg;2023-08-07;41.39
Vorarlberg;2023-08-08;43.52
Vorarlberg;2023-08-09;45.54
Vorarlberg;2023-08-10;47.31
Vorarlberg;2023-08-11;48.76
Vorarlberg;2023-08-12;49.93
Vorarlberg;2023-08-13;50.7
Vorarlberg;2023-08-14;51.1
Vorarlberg;2023-08-15;51.1
Vorarlberg;2023-08-16;50.68
Vorarlberg;2023-08-17;50.01
Vorarlberg;2023-08-18;49.02
Vorarlberg;2023-08-19;47.93
Vorarlberg;2023-08-20;46.84
Vorarlberg;2023-08-21;45.76
Vorarlberg;2023-08-22;44.75
Vorarlberg;2023-08-23;43.85
Vorarlberg;2023-08-24;43.12
Vorarlberg;2023-08-25;42.5
Vorarlberg;2023-08-26;42.2
Vorarlberg;2023-08-27;42.28
Vorarlberg;2023-08-28;42.87
Vorarlberg;2023-08-29;44.02
Vorarlberg;2023-08-30;45.75
Vorarlberg;2023-08-31;47.93
Vorarlberg;2023-09-01;50.46
Vorarlberg;2023-09-02;53.28
Vorarlberg;2023-09-03;56.26
Vorarlberg;2023-09-04;59.32
Vorarlberg;2023-09-05;62.43
Vorarlberg;2023-09-06;65.54
Vorarlberg;2023-09-07;68.55
Vorarlberg;2023-09-08;71.41
Vorarlberg;2023-09-09;73.99
Vorarlberg;2023-09-10;76.15
Vorarlberg;2023-09-11;77.77
Vorarlberg;2023-09-12;78.84
Vorarlberg;2023-09-13;79.44
Vorarlberg;2023-09-14;79.65
Vorarlberg;2023-09-15;79.72
Vorarlberg;2023-09-16;79.87
Vorarlberg;2023-09-17;80.16
Vorarlberg;2023-09-18;80.83
Vorarlberg;2023-09-19;81.95
Vorarlberg;2023-09-20;83.51
Vorarlberg;2023-09-21;85.55
Vorarlberg;2023-09-22;87.98
Vorarlberg;2023-09-23;90.66
Vorarlberg;2023-09-24;93.56
Vorarlberg;2023-09-25;96.47
Vorarlberg;2023-09-26;99.22
Vorarlberg;2023-09-27;101.5
Vorarlberg;2023-09-28;103.31
Vorarlberg;2023-09-29;104.67
Vorarlberg;2023-09-30;105.94
Vorarlberg;2023-10-01;107.24
Vorarlberg;2023-10-02;108.81
Vorarlberg;2023-10-03;110.76
Vorarlberg;2023-10-04;113.02
Vorarlberg;2023-10-05;115.46
Vorarlberg;2023-10-06;118.01
Vorarlberg;2023-10-07;120.58
Vorarlberg;2023-10-08;123.2
Vorarlberg;2023-10-09;125.77
Vorarlberg;2023-10-10;128.34
Vorarlberg;2023-10-11;131.0
Vorarlberg;2023-10-12;133.86
Vorarlberg;2023-10-13;136.95
Vorarlberg;2023-10-14;140.22
Vorarlberg;2023-10-15;143.79
Vorarlberg;2023-10-16;147.6
Vorarlberg;2023-10-17;151.69
Vorarlberg;2023-10-18;155.99
Vorarlberg;2023-10-19;160.44
Vorarlberg;2023-10-20;165.08
Vorarlberg;2023-10-21;169.9
Vorarlberg;2023-10-22;175.01
Vorarlberg;2023-10-23;180.5
Vorarlberg;2023-10-24;186.47
Vorarlberg;2023-10-25;192.89
Vorarlberg;2023-10-26;199.72
Vorarlberg;2023-10-27;206.93
Vorarlberg;2023-10-28;214.66
Vorarlberg;2023-10-29;223.21
Vorarlberg;2023-10-30;232.83
Vorarlberg;2023-10-31;243.5
Vorarlberg;2023-11-01;255.08
Vorarlberg;2023-11-02;267.4
Vorarlberg;2023-11-03;280.23
Vorarlberg;2023-11-04;293.27
Vorarlberg;2023-11-05;306.35
Vorarlberg;2023-11-06;319.37
Vorarlberg;2023-11-07;332.27
Vorarlberg;2023-11-08;345.0
Vorarlberg;2023-11-09;357.59
Vorarlberg;2023-11-10;370.1
Vorarlberg;2023-11-11;382.45
Vorarlberg;2023-11-12;394.74
Vorarlberg;2023-11-13;406.94
Vorarlberg;2023-11-14;419.04
Vorarlberg;2023-11-15;431.17
Vorarlberg;2023-11-16;443.39
Vorarlberg;2023-11-17;455.7
Vorarlberg;2023-11-18;467.89
Vorarlberg;2023-11-19;479.82
Vorarlberg;2023-11-20;491.22
Vorarlberg;2023-11-21;501.96
Vorarlberg;2023-11-22;511.96
Vorarlberg;2023-11-23;521.15
Vorarlberg;2023-11-24;529.62
Vorarlberg;2023-11-25;537.47
Vorarlberg;2023-11-26;544.71
Vorarlberg;2023-11-27;551.16
Vorarlberg;2023-11-28;556.64
Vorarlberg;2023-11-29;561.14
Vorarlberg;2023-11-30;564.92
Vorarlberg;2023-12-01;568.56
Vorarlberg;2023-12-02;572.65
Vorarlberg;2023-12-03;577.79
Vorarlberg;2023-12-04;584.31
Vorarlberg;2023-12-05;592.28
Vorarlberg;2023-12-06;601.36
Vorarlberg;2023-12-07;611.11
Vorarlberg;2023-12-08;621.19
Vorarlberg;2023-12-09;631.3
Vorarlberg;2023-12-10;641.38
Vorarlberg;2023-12-11;651.58
Vorarlberg;2023-12-12;662.2
Vorarlberg;2023-12-13;673.11
Vorarlberg;2023-12-14;683.72
Vorarlberg;2023-12-15;692.76
Vorarlberg;2023-12-16;698.64
Vorarlberg;2023-12-17;699.7
Vorarlberg;2023-12-18;695.07
Vorarlberg;2023-12-19;684.7
Vorarlberg;2023-12-20;669.0
Vorarlberg;2023-12-21;648.51
Vorarlberg;2023-12-22;624.09
Vorarlberg;2023-12-23;596.88
Vorarlberg;2023-12-24;567.92
Vorarlberg;2023-12-25;538.11
Vorarlberg;2023-12-26;508.23
Vorarlberg;2023-12-27;478.83
Vorarlberg;2023-12-28;450.17
Vorarlberg;2023-12-29;422.36
Vorarlberg;2023-12-30;395.5
Vorarlberg;2023-12-31;369.88
Vorarlberg;2024-01-01;345.85
Vorarlberg;2024-01-02;323.77
Vorarlberg;2024-01-03;303.67
Vorarlberg;2024-01-04;285.52
Vorarlberg;2024-01-05;268.94
Vorarlberg;2024-01-06;253.72
Vorarlberg;2024-01-07;239.67
Vorarlberg;2024-01-08;226.75
Vorarlberg;2024-01-09;214.68
Vorarlberg;2024-01-10;203.18
Vorarlberg;2024-01-11;192.2
Vorarlberg;2024-01-12;181.65
Vorarlberg;2024-01-13;171.63
Vorarlberg;2024-01-14;162.21
Vorarlberg;2024-01-15;153.46
Vorarlberg;2024-01-16;145.39
Vorarlberg;2024-01-17;138.02
Vorarlberg;2024-01-18;131.25
Vorarlberg;2024-01-19;124.94
Vorarlberg;2024-01-20;118.97
Vorarlberg;2024-01-21;113.23
Vorarlberg;2024-01-22;107.65
Vorarlberg;2024-01-23;102.31
Vorarlberg;2024-01-24;97.13
Vorarlberg;2024-01-25;92.15
Vorarlberg;2024-01-26;87.43
Vorarlberg;2024-01-27;83.03
Vorarlberg;2024-01-28;79.07
Vorarlberg;2024-01-29;75.66
Vorarlberg;2024-01-30;72.82
Vorarlberg;2024-01-31;70.58
Vorarlberg;2024-02-01;68.79
Vorarlberg;2024-02-02;67.23
Vorarlberg;2024-02-03;65.77
Vorarlberg;2024-02-04;64.17
Vorarlberg;2024-02-05;62.35
Vorarlberg;2024-02-06;60.28
Vorarlberg;2024-02-07;58.01
Vorarlberg;2024-02-08;55.55
Vorarlberg;2024-02-09;53.02
Vorarlberg;2024-02-10;50.42
Vorarlberg;2024-02-11;47.91
Vorarlberg;2024-02-12;45.5
Vorarlberg;2024-02-13;43.29
Vorarlberg;2024-02-14;41.19
Vorarlberg;2024-02-15;39.28
Vorarlberg;2024-02-16;37.47
Vorarlberg;2024-02-17;35.73
Vorarlberg;2024-02-18;34.05
Vorarlberg;2024-02-19;32.41
Vorarlberg;2024-02-20;30.83
Vorarlberg;2024-02-21;29.27
Vorarlberg;2024-02-22;27.74
Vorarlberg;2024-02-23;26.31
Vorarlberg;2024-02-24;24.86
Vorarlberg;2024-02-25;23.48
Vorarlberg;2024-02-26;22.09
Vorarlberg;2024-02-27;20.77
Vorarlberg;2024-02-28;19.47
Vorarlberg;2024-02-29;18.19
Vorarlberg;2024-03-01;16.97
Vorarlberg;2024-03-02;15.8
Vorarlberg;2024-03-03;14.74
Vorarlberg;2024-03-04;13.76
Vorarlberg;2024-03-05;12.9
Vorarlberg;2024-03-06;12.24
Vorarlberg;2024-03-07;11.7
Vorarlberg;2024-03-08;11.29
Vorarlberg;2024-03-09;10.96
Vorarlberg;2024-03-10;10.76
Vorarlberg;2024-03-11;10.63
Vorarlberg;2024-03-12;10.64
Vorarlberg;2024-03-13;10.65
Vorarlberg;2024-03-14;10.73
Vorarlberg;2024-03-15;10.77
Vorarlberg;2024-03-16;10.72
Vorarlberg;2024-03-17;10.57
Vorarlberg;2024-03-18;10.26
Vorarlberg;2024-03-19;9.86
Vorarlberg;2024-03-20;9.34
Vorarlberg;2024-03-21;8.8
Vorarlberg;2024-03-22;8.25
Vorarlberg;2024-03-23;7.72
Vorarlberg;2024-03-24;7.25
Vorarlberg;2024-03-25;6.87
Vorarlberg;2024-03-26;6.56
Vorarlberg;2024-03-27;6.36
Vorarlberg;2024-03-28;6.25
Vorarlberg;2024-03-29;6.18
Vorarlberg;2024-03-30;6.22
Vorarlberg;2024-03-31;6.25
Vorarlberg;2024-04-01;6.31
Vorarlberg;2024-04-02;6.42
Vorarlberg;2024-04-03;6.59
Vorarlberg;2024-04-04;6.81
Vorarlberg;2024-04-05;7.03
Vorarlberg;2024-04-06;7.32
Vorarlberg;2024-04-07;7.53
Vorarlberg;2024-04-08;7.82
Vorarlberg;2024-04-09;8.07
Vorarlberg;2024-04-10;8.27
Vorarlberg;2024-04-11;8.53
Vorarlberg;2024-04-12;8.76
Vorarlberg;2024-04-13;8.99
Vorarlberg;2024-04-14;9.22
Vorarlberg;2024-04-15;9.45
Vorarlberg;2024-04-16;9.69
Vorarlberg;2024-04-17;9.94
Vorarlberg;2024-04-18;10.22
Vorarlberg;2024-04-19;10.49
Vorarlberg;2024-04-20;10.8
Vorarlberg;2024-04-21;11.13
Vorarlberg;2024-04-22;11.54
Vorarlberg;2024-04-23;11.96
Vorarlberg;2024-04-24;12.49
Vorarlberg;2024-04-25;13.1
Vorarlberg;2024-04-26;13.79
Vorarlberg;2024-04-27;14.49
Vorarlberg;2024-04-28;15.22
Vorarlberg;2024-04-29;15.99
Vorarlberg;2024-04-30;16.79
Vorarlberg;2024-05-01;17.52
Vorarlberg;2024-05-02;18.23
Vorarlberg;2024-05-03;18.84
Vorarlberg;2024-05-04;19.3
Vorarlberg;2024-05-05;19.53
Vorarlberg;2024-05-06;19.63
Vorarlberg;2024-05-07;19.47
Vorarlberg;2024-05-08;19.26
Vorarlberg;2024-05-09;18.95
Vorarlberg;2024-05-10;18.64
Vorarlberg;2024-05-11;18.33
Vorarlberg;2024-05-12;18.07
Vorarlberg;2024-05-13;17.82
Vorarlberg;2024-05-14;17.64
Vorarlberg;2024-05-15;17.44
Vorarlberg;2024-05-16;17.26
Vorarlberg;2024-05-17;17.07
Vorarlberg;2024-05-18;16.95
Vorarlberg;2024-05-19;16.91
Vorarlberg;2024-05-20;16.87
Vorarlberg;2024-05-21;16.95
Vorarlberg;2024-05-22;17.1
Vorarlberg;2024-05-23;17.35
Vorarlberg;2024-05-24;17.6
Vorarlberg;2024-05-25;17.85
Vorarlberg;2024-05-26;18.1
Vorarlberg;2024-05-27;18.31
Vorarlberg;2024-05-28;18.55
Vorarlberg;2024-05-29;18.82
Vorarlberg;2024-05-30;19.18
Vorarlberg;2024-05-31;19.66
Vorarlberg;2024-06-01;20.23
Vorarlberg;2024-06-02;20.87
Vorarlberg;2024-06-03;21.63
Vorarlberg;2024-06-04;22.57
Vorarlberg;2024-06-05;23.58
Vorarlberg;2024-06-06;24.68
Vorarlberg;2024-06-07;25.91
Vorarlberg;2024-06-08;27.23
Vorarlberg;2024-06-09;28.72
Vorarlberg;2024-06-10;30.42
Vorarlberg;2024-06-11;32.28
Vorarlberg;2024-06-12;34.36
Vorarlberg;2024-06-13;36.62
Vorarlberg;2024-06-14;39.0
Vorarlberg;2024-06-15;41.57
Vorarlberg;2024-06-16;44.24
Vorarlberg;2024-06-17;47.05
Vorarlberg;2024-06-18;49.95
Vorarlberg;2024-06-19;52.96
Vorarlberg;2024-06-20;56.0
Vorarlberg;2024-06-21;59.05
Vorarlberg;2024-06-22;62.0
Vorarlberg;2024-06-23;64.87
Vorarlberg;2024-06-24;67.57
Vorarlberg;2024-06-25;70.08
Vorarlberg;2024-06-26;72.4
Vorarlberg;2024-06-27;74.53
Vorarlberg;2024-06-28;76.5
Vorarlberg;2024-06-29;78.26
Vorarlberg;2024-06-30;79.8
Vorarlberg;2024-07-01;81.18
Vorarlberg;2024-07-02;82.46
Vorarlberg;2024-07-03;83.7
Vorarlberg;2024-07-04;85.0
Vorarlberg;2024-07-05;86.37
Vorarlberg;2024-07-06;87.78
Vorarlberg;2024-07-07;89.2
Vorarlberg;2024-07-08;90.63
Vorarlberg;2024-07-09;92.1
Vorarlberg;2024-07-10;93.53
Vorarlberg;2024-07-11;94.98
Vorarlberg;2024-07-12;96.37
Vorarlberg;2024-07-13;97.66
Vorarlberg;2024-07-14;98.83
Vorarlberg;2024-07-15;99.9
Vorarlberg;2024-07-16;100.74
Vorarlberg;2024-07-17;101.32
Vorarlberg;2024-07-18;101.63
Vorarlberg;2024-07-19;101.61
Vorarlberg;2024-07-20;101.22
Vorarlberg;2024-07-21;100.43
Vorarlberg;2024-07-22;99.28
Vorarlberg;2024-07-23;97.97
Vorarlberg;2024-07-24;96.71
Vorarlberg;2024-07-25;95.61
Vorarlberg;2024-07-26;94.76
Vorarlberg;2024-07-27;94.17
Vorarlberg;2024-07-28;93.94
Vorarlberg;2024-07-29;94.15
Vorarlberg;2024-07-30;94.99
Vorarlberg;2024-07-31;96.41
Vorarlberg;2024-08-01;98.48
Vorarlberg;2024-08-02;100.98
Vorarlberg;2024-08-03;103.8
Vorarlberg;2024-08-04;106.86
Vorarlberg;2024-08-05;110.0
Vorarlberg;2024-08-06;113.15
Vorarlberg;2024-08-07;116.26
Vorarlberg;2024-08-08;119.13
Vorarlberg;2024-08-09;121.79
Vorarlberg;2024-08-10;124.04
Vorarlberg;2024-08-11;125.98
Vorarlberg;2024-08-12;127.5
Vorarlberg;2024-08-13;128.83
Vorarlberg;2024-08-14;129.89
Vorarlberg;2024-08-15;130.89
Vorarlberg;2024-08-16;131.71
Vorarlberg;2024-08-17;132.35
Vorarlberg;2024-08-18;132.74
Vorarlberg;2024-08-19;132.86
Vorarlberg;2024-08-20;132.71
Vorarlberg;2024-08-21;132.43
Vorarlberg;2024-08-22;132.03
Vorarlberg;2024-08-23;131.54
Vorarlberg;2024-08-24;130.95
Vorarlberg;2024-08-25;130.25
Vorarlberg;2024-08-26;129.4
Vorarlberg;2024-08-27;128.41
Vorarlberg;2024-08-28;127.39
Vorarlberg;2024-08-29;126.59
Vorarlberg;2024-08-30;126.15
Vorarlberg;2024-08-31;126.15
Vorarlberg;2024-09-01;126.72
Vorarlberg;2024-09-02;128.13
Vorarlberg;2024-09-03;130.44
Vorarlberg;2024-09-04;133.78
Vorarlberg;2024-09-05;138.06
Vorarlberg;2024-09-06;143.32
Vorarlberg;2024-09-07;149.52
Vorarlberg;2024-09-08;156.73
Vorarlberg;2024-09-09;164.99
Vorarlberg;2024-09-10;174.42
Vorarlberg;2024-09-11;184.9
Vorarlberg;2024-09-12;196.3
Vorarlberg;2024-09-13;208.41
Vorarlberg;2024-09-14;220.98
Vorarlberg;2024-09-15;233.65
Vorarlberg;2024-09-16;246.19
Vorarlberg;2024-09-17;258.36
Vorarlberg;2024-09-18;269.98
Vorarlberg;2024-09-19;281.11
Vorarlberg;2024-09-20;291.69
Vorarlberg;2024-09-21;301.68
Vorarlberg;2024-09-22;310.98
Vorarlberg;2024-09-23;319.4
Vorarlberg;2024-09-24;326.84
Vorarlberg;2024-09-25;333.27
Vorarlberg;2024-09-26;338.83
Vorarlberg;2024-09-27;343.52
Vorarlberg;2024-09-28;347.22
Vorarlberg;2024-09-29;349.71
Vorarlberg;2024-09-30;350.68
Vorarlberg;2024-10-01;349.86
Vorarlberg;2024-10-02;347.37
Vorarlberg;2024-10-03;343.33
Vorarlberg;2024-10-04;338.16
Vorarlberg;2024-10-05;332.16
Vorarlberg;2024-10-06;325.67
Vorarlberg;2024-10-07;318.9
Vorarlberg;2024-10-08;312.04
Vorarlberg;2024-10-09;305.02
Vorarlberg;2024-10-10;297.98
Vorarlberg;2024-10-11;290.95
Vorarlberg;2024-10-12;284.02
Vorarlberg;2024-10-13;277.28
Vorarlberg;2024-10-14;270.78
Vorarlberg;2024-10-15;264.48
Vorarlberg;2024-10-16;258.35
Vorarlberg;2024-10-17;252.27
Vorarlberg;2024-10-18;246.16
Vorarlberg;2024-10-19;239.83
Vorarlberg;2024-10-20;233.19
Vorarlberg;2024-10-21;226.22
Vorarlberg;2024-10-22;219.09
Vorarlberg;2024-10-23;211.83
Vorarlberg;2024-10-24;204.57
Vorarlberg;2024-10-25;197.29
Vorarlberg;2024-10-26;190.08
Vorarlberg;2024-10-27;182.97
Vorarlberg;2024-10-28;176.03
Vorarlberg;2024-10-29;169.45
Vorarlberg;2024-10-30;163.21
Vorarlberg;2024-10-31;157.44
Vorarlberg;2024-11-01;151.95
Vorarlberg;2024-11-02;146.69
Vorarlberg;2024-11-03;141.53
Vorarlberg;2024-11-04;136.37
Vorarlberg;2024-11-05;131.12
Vorarlberg;2024-11-06;125.72
Vorarlberg;2024-11-07;120.36
Vorarlberg;2024-11-08;115.15
Vorarlberg;2024-11-09;110.41
Vorarlberg;2024-11-10;106.3
Vorarlberg;2024-11-11;102.9
Vorarlberg;2024-11-12;100.4
Vorarlberg;2024-11-13;98.71
Vorarlberg;2024-11-14;97.71
Vorarlberg;2024-11-15;97.32
Vorarlberg;2024-11-16;97.42
Vorarlberg;2024-11-17;98.05
Vorarlberg;2024-11-18;99.08
Vorarlberg;2024-11-19;100.57
Vorarlberg;2024-11-20;102.38
Vorarlberg;2024-11-21;104.49
Vorarlberg;2024-11-22;106.9
Vorarlberg;2024-11-23;109.61
Vorarlberg;2024-11-24;112.78
Vorarlberg;2024-11-25;116.45
Vorarlberg;2024-11-26;120.66
Vorarlberg;2024-11-27;125.42
Vorarlberg;2024-11-28;130.46
Vorarlberg;2024-11-29;135.79
Vorarlberg;2024-11-30;141.19
Vorarlberg;2024-12-01;146.49
Vorarlberg;2024-12-02;151.61
Vorarlberg;2024-12-03;156.44
Vorarlberg;2024-12-04;160.77
Vorarlberg;2024-12-05;164.4
Vorarlberg;2024-12-06;167.28
Vorarlberg;2024-12-07;169.16
Vorarlberg;2024-12-08;169.96
Vorarlberg;2024-12-09;169.5
Vorarlberg;2024-12-10;167.73
Vorarlberg;2024-12-11;164.77
Vorarlberg;2024-12-12;160.88
Vorarlberg;2024-12-13;156.45
Vorarlberg;2024-12-14;151.73
Vorarlberg;2024-12-15;147.18
Vorarlberg;2024-12-16;143.02
Vorarlberg;2024-12-17;139.56
Vorarlberg;2024-12-18;136.92
Vorarlberg;2024-12-19;135.14
Vorarlberg;2024-12-20;134.08
Vorarlberg;2024-12-21;133.69
Vorarlberg;2024-12-22;133.98
Vorarlberg;2024-12-23;134.93
Vorarlberg;2024-12-24;136.38
Vorarlberg;2024-12-25;138.08
Vorarlberg;2024-12-26;139.9
Vorarlberg;2024-12-27;141.69
Tirol;2022-09-01;78.67
Tirol;2022-09-02;78.42
Tirol;2022-09-03;78.46
Tirol;2022-09-04;79.04
Tirol;2022-09-05;80.13
Tirol;2022-09-06;81.87
Tirol;2022-09-07;84.17
Tirol;2022-09-08;86.96
Tirol;2022-09-09;90.11
Tirol;2022-09-10;93.39
Tirol;2022-09-11;96.78
Tirol;2022-09-12;100.3
Tirol;2022-09-13;103.89
Tirol;2022-09-14;107.68
Tirol;2022-09-15;111.76
Tirol;2022-09-16;116.27
Tirol;2022-09-17;121.12
Tirol;2022-09-18;126.59
Tirol;2022-09-19;132.79
Tirol;2022-09-20;139.71
Tirol;2022-09-21;147.26
Tirol;2022-09-22;155.17
Tirol;2022-09-23;163.33
Tirol;2022-09-24;171.46
Tirol;2022-09-25;179.34
Tirol;2022-09-26;186.89
Tirol;2022-09-27;193.92
Tirol;2022-09-28;200.48
Tirol;2022-09-29;206.56
Tirol;2022-09-30;212.07
Tirol;2022-10-01;216.67
Tirol;2022-10-02;220.17
Tirol;2022-10-03;222.37
Tirol;2022-10-04;223.41
Tirol;2022-10-05;223.38
Tirol;2022-10-06;222.5
Tirol;2022-10-07;221.09
Tirol;2022-10-08;219.07
Tirol;2022-10-09;216.47
Tirol;2022-10-10;213.44
Tirol;2022-10-11;209.8
Tirol;2022-10-12;205.66
Tirol;2022-10-13;200.86
Tirol;2022-10-14;195.44
Tirol;2022-10-15;189.27
Tirol;2022-10-16;182.08
Tirol;2022-10-17;173.98
Tirol;2022-10-18;165.04
Tirol;2022-10-19;155.65
Tirol;2022-10-20;146.0
Tirol;2022-10-21;136.51
Tirol;2022-10-22;127.24
Tirol;2022-10-23;118.57
Tirol;2022-10-24;110.63
Tirol;2022-10-25;103.42
Tirol;2022-10-26;97.04
Tirol;2022-10-27;91.22
Tirol;2022-10-28;86.0
Tirol;2022-10-29;81.36
Tirol;2022-10-30;77.34
Tirol;2022-10-31;74.0
Tirol;2022-11-01;71.33
Tirol;2022-11-02;69.27
Tirol;2022-11-03;67.74
Tirol;2022-11-04;66.76
Tirol;2022-11-05;66.15
Tirol;2022-11-06;66.11
Tirol;2022-11-07;66.59
Tirol;2022-11-08;67.54
Tirol;2022-11-09;68.93
Tirol;2022-11-10;70.75
Tirol;2022-11-11;72.78
Tirol;2022-11-12;75.12
Tirol;2022-11-13;77.64
Tirol;2022-11-14;80.4
Tirol;2022-11-15;83.29
Tirol;2022-11-16;86.29
Tirol;2022-11-17;89.3
Tirol;2022-11-18;92.42
Tirol;2022-11-19;95.47
Tirol;2022-11-20;98.68
Tirol;2022-11-21;101.95
Tirol;2022-11-22;105.29
Tirol;2022-11-23;108.8
Tirol;2022-11-24;112.5
Tirol;2022-11-25;116.18
Tirol;2022-11-26;119.85
Tirol;2022-11-27;123.45
Tirol;2022-11-28;126.97
Tirol;2022-11-29;130.59
Tirol;2022-11-30;134.33
Tirol;2022-12-01;138.13
Tirol;2022-12-02;141.7
Tirol;2022-12-03;144.96
Tirol;2022-12-04;149.18
Tirol;2022-12-05;150.23
Tirol;2022-12-06;151.12
Tirol;2022-12-07;151.49
Tirol;2022-12-08;151.42
Tirol;2022-12-09;151.15
Tirol;2022-12-10;150.82
Tirol;2022-12-11;150.65
Tirol;2022-12-12;150.71
Tirol;2022-12-13;150.93
Tirol;2022-12-14;151.23
Tirol;2022-12-15;151.55
Tirol;2022-12-16;151.85
Tirol;2022-12-17;152.09
Tirol;2022-12-18;152.19
Tirol;2022-12-19;152.23
Tirol;2022-12-20;152.19
Tirol;2022-12-21;152.14
Tirol;2022-12-22;152.07
Tirol;2022-12-23;151.96
Tirol;2022-12-24;151.68
Tirol;2022-12-25;151.2
Tirol;2022-12-26;150.38
Tirol;2022-12-27;149.14
Tirol;2022-12-28;147.38
Tirol;2022-12-29;145.1
Tirol;2022-12-30;142.43
Tirol;2022-12-31;139.29
Tirol;2023-01-01;135.71
Tirol;2023-01-02;131.8
Tirol;2023-01-03;127.65
Tirol;2023-01-04;123.49
Tirol;2023-01-05;119.44
Tirol;2023-01-06;115.62
Tirol;2023-01-07;112.18
Tirol;2023-01-08;109.17
Tirol;2023-01-09;106.79
Tirol;2023-01-10;104.99
Tirol;2023-01-11;103.85
Tirol;2023-01-12;103.26
Tirol;2023-01-13;103.08
Tirol;2023-01-14;103.28
Tirol;2023-01-15;103.93
Tirol;2023-01-16;104.96
Tirol;2023-01-17;106.57
Tirol;2023-01-18;108.75
Tirol;2023-01-19;111.54
Tirol;2023-01-20;114.87
Tirol;2023-01-21;118.79
Tirol;2023-01-22;123.43
Tirol;2023-01-23;128.89
Tirol;2023-01-24;135.08
Tirol;2023-01-25;141.99
Tirol;2023-01-26;149.41
Tirol;2023-01-27;157.14
Tirol;2023-01-28;164.95
Tirol;2023-01-29;172.67
Tirol;2023-01-30;180.27
Tirol;2023-01-31;187.76
Tirol;2023-02-01;195.13
Tirol;2023-02-02;202.47
Tirol;2023-02-03;209.79
Tirol;2023-02-04;217.15
Tirol;2023-02-05;224.54
Tirol;2023-02-06;232.0
Tirol;2023-02-07;239.54
Tirol;2023-02-08;247.18
Tirol;2023-02-09;254.84
Tirol;2023-02-10;262.35
Tirol;2023-02-11;269.55
Tirol;2023-02-12;276.14
Tirol;2023-02-13;281.88
Tirol;2023-02-14;286.46
Tirol;2023-02-15;289.68
Tirol;2023-02-16;291.4
Tirol;2023-02-17;291.94
Tirol;2023-02-18;291.66
Tirol;2023-02-19;290.97
Tirol;2023-02-20;290.08
Tirol;2023-02-21;289.28
Tirol;2023-02-22;288.61
Tirol;2023-02-23;287.98
Tirol;2023-02-24;287.15
Tirol;2023-02-25;285.91
Tirol;2023-02-26;283.97
Tirol;2023-02-27;281.26
Tirol;2023-02-28;277.86
Tirol;2023-03-01;273.85
Tirol;2023-03-02;269.29
Tirol;2023-03-03;264.22
Tirol;2023-03-04;258.59
Tirol;2023-03-05;252.3
Tirol;2023-03-06;245.33
Tirol;2023-03-07;237.78
Tirol;2023-03-08;229.77
Tirol;2023-03-09;221.49
Tirol;2023-03-10;213.01
Tirol;2023-03-11;204.46
Tirol;2023-03-12;195.92
Tirol;2023-03-13;187.67
Tirol;2023-03-14;179.76
Tirol;2023-03-15;172.38
Tirol;2023-03-16;165.57
Tirol;2023-03-17;159.11
Tirol;2023-03-18;152.98
Tirol;2023-03-19;147.14
Tirol;2023-03-20;141.61
Tirol;2023-03-21;136.53
Tirol;2023-03-22;132.02
Tirol;2023-03-23;127.92
Tirol;2023-03-24;124.04
Tirol;2023-03-25;120.19
Tirol;2023-03-26;116.2
Tirol;2023-03-27;112.05
Tirol;2023-03-28;107.89
Tirol;2023-03-29;103.79
Tirol;2023-03-30;99.82
Tirol;2023-03-31;96.08
Tirol;2023-04-01;92.53
Tirol;2023-04-02;89.29
Tirol;2023-04-03;86.3
Tirol;2023-04-04;83.51
Tirol;2023-04-05;80.88
Tirol;2023-04-06;78.32
Tirol;2023-04-07;75.79
Tirol;2023-04-08;73.33
Tirol;2023-04-09;70.96
Tirol;2023-04-10;68.76
Tirol;2023-04-11;66.72
Tirol;2023-04-12;64.84
Tirol;2023-04-13;63.14
Tirol;2023-04-14;61.63
Tirol;2023-04-15;60.22
Tirol;2023-04-16;58.89
Tirol;2023-04-17;57.69
Tirol;2023-04-18;56.51
Tirol;2023-04-19;55.37
Tirol;2023-04-20;54.22
Tirol;2023-04-21;53.1
Tirol;2023-04-22;52.01
Tirol;2023-04-23;50.83
Tirol;2023-04-24;49.65
Tirol;2023-04-25;48.34
Tirol;2023-04-26;46.93
Tirol;2023-04-27;45.43
Tirol;2023-04-28;43.76
Tirol;2023-04-29;41.99
Tirol;2023-04-30;40.14
Tirol;2023-05-01;38.29
Tirol;2023-05-02;36.38
Tirol;2023-05-03;34.5
Tirol;2023-05-04;32.72
Tirol;2023-05-05;31.04
Tirol;2023-05-06;29.56
Tirol;2023-05-07;28.21
Tirol;2023-05-08;27.19
Tirol;2023-05-09;26.5
Tirol;2023-05-10;26.15
Tirol;2023-05-11;26.18
Tirol;2023-05-12;26.49
Tirol;2023-05-13;26.97
Tirol;2023-05-14;27.62
Tirol;2023-05-15;28.28
Tirol;2023-05-16;28.94
Tirol;2023-05-17;29.46
Tirol;2023-05-18;29.89
Tirol;2023-05-19;30.2
Tirol;2023-05-20;30.36
Tirol;2023-05-21;30.28
Tirol;2023-05-22;29.96
Tirol;2023-05-23;29.38
Tirol;2023-05-24;28.57
Tirol;2023-05-25;27.56
Tirol;2023-05-26;26.37
Tirol;2023-05-27;25.09
Tirol;2023-05-28;23.77
Tirol;2023-05-29;22.51
Tirol;2023-05-30;21.27
Tirol;2023-05-31;20.11
Tirol;2023-06-01;19.03
Tirol;2023-06-02;18.06
Tirol;2023-06-03;17.2
Tirol;2023-06-04;16.4
Tirol;2023-06-05;15.75
Tirol;2023-06-06;15.17
Tirol;2023-06-07;14.7
Tirol;2023-06-08;14.32
Tirol;2023-06-09;14.02
Tirol;2023-06-10;13.73
Tirol;2023-06-11;13.52
Tirol;2023-06-12;13.34
Tirol;2023-06-13;13.19
Tirol;2023-06-14;13.08
Tirol;2023-06-15;13.03
Tirol;2023-06-16;12.98
Tirol;2023-06-17;12.87
Tirol;2023-06-18;12.75
Tirol;2023-06-19;12.52
Tirol;2023-06-20;12.26
Tirol;2023-06-21;11.96
Tirol;2023-06-22;11.68
Tirol;2023-06-23;11.35
Tirol;2023-06-24;11.11
Tirol;2023-06-25;10.89
Tirol;2023-06-26;10.7
Tirol;2023-06-27;10.62
Tirol;2023-06-28;10.58
Tirol;2023-06-29;10.61
Tirol;2023-06-30;10.66
Tirol;2023-07-01;10.71
Tirol;2023-07-02;10.74
Tirol;2023-07-03;10.76
Tirol;2023-07-04;10.79
Tirol;2023-07-05;10.77
Tirol;2023-07-06;10.8
Tirol;2023-07-07;10.78
Tirol;2023-07-08;10.78
Tirol;2023-07-09;10.79
Tirol;2023-07-10;10.85
Tirol;2023-07-11;10.97
Tirol;2023-07-12;11.22
Tirol;2023-07-13;11.58
Tirol;2023-07-14;12.0
Tirol;2023-07-15;12.5
Tirol;2023-07-16;13.04
Tirol;2023-07-17;13.6
Tirol;2023-07-18;14.19
Tirol;2023-07-19;14.88
Tirol;2023-07-20;15.53
Tirol;2023-07-21;16.3
Tirol;2023-07-22;17.12
Tirol;2023-07-23;17.98
Tirol;2023-07-24;18.95
Tirol;2023-07-25;20.01
Tirol;2023-07-26;21.19
Tirol;2023-07-27;22.44
Tirol;2023-07-28;23.68
Tirol;2023-07-29;24.92
Tirol;2023-07-30;26.03
Tirol;2023-07-31;26.96
Tirol;2023-08-01;27.81
Tirol;2023-08-02;28.6
Tirol;2023-08-03;29.36
Tirol;2023-08-04;30.19
Tirol;2023-08-05;31.08
Tirol;2023-08-06;32.03
Tirol;2023-08-07;33.14
Tirol;2023-08-08;34.25
Tirol;2023-08-09;35.4
Tirol;2023-08-10;36.52
Tirol;2023-08-11;37.65
Tirol;2023-08-12;38.66
Tirol;2023-08-13;39.63
Tirol;2023-08-14;40.49
Tirol;2023-08-15;41.26
Tirol;2023-08-16;41.84
Tirol;2023-08-17;42.31
Tirol;2023-08-18;42.67
Tirol;2023-08-19;42.92
Tirol;2023-08-20;43.15
Tirol;2023-08-21;43.45
Tirol;2023-08-22;43.74
Tirol;2023-08-23;44.17
Tirol;2023-08-24;44.71
Tirol;2023-08-25;45.37
Tirol;2023-08-26;46.37
Tirol;2023-08-27;47.64
Tirol;2023-08-28;49.37
Tirol;2023-08-29;51.65
Tirol;2023-08-30;54.34
Tirol;2023-08-31;57.32
Tirol;2023-09-01;60.49
Tirol;2023-09-02;63.67
Tirol;2023-09-03;66.81
Tirol;2023-09-04;69.79
Tirol;2023-09-05;72.53
Tirol;2023-09-06;74.96
Tirol;2023-09-07;77.04
Tirol;2023-09-08;78.97
Tirol;2023-09-09;80.7
Tirol;2023-09-10;82.4
Tirol;2023-09-11;84.09
Tirol;2023-09-12;85.77
Tirol;2023-09-13;87.31
Tirol;2023-09-14;88.66
Tirol;2023-09-15;89.89
Tirol;2023-09-16;91.2
Tirol;2023-09-17;92.82
Tirol;2023-09-18;94.77
Tirol;2023-09-19;97.25
Tirol;2023-09-20;99.95
Tirol;2023-09-21;102.87
Tirol;2023-09-22;105.75
Tirol;2023-09-23;108.75
Tirol;2023-09-24;111.88
Tirol;2023-09-25;115.33
Tirol;2023-09-26;119.13
Tirol;2023-09-27;123.36
Tirol;2023-09-28;128.07
Tirol;2023-09-29;133.15
Tirol;2023-09-30;138.33
Tirol;2023-10-01;143.39
Tirol;2023-10-02;148.05
Tirol;2023-10-03;151.84
Tirol;2023-10-04;154.37
Tirol;2023-10-05;155.33
Tirol;2023-10-06;155.04
Tirol;2023-10-07;154.01
Tirol;2023-10-08;152.92
Tirol;2023-10-09;152.2
Tirol;2023-10-10;152.11
Tirol;2023-10-11;152.68
Tirol;2023-10-12;153.69
Tirol;2023-10-13;154.99
Tirol;2023-10-14;156.45
Tirol;2023-10-15;158.1
Tirol;2023-10-16;159.85
Tirol;2023-10-17;161.69
Tirol;2023-10-18;163.42
Tirol;2023-10-19;165.08
Tirol;2023-10-20;166.6
Tirol;2023-10-21;168.07
Tirol;2023-10-22;169.57
Tirol;2023-10-23;171.06
Tirol;2023-10-24;172.7
Tirol;2023-10-25;174.46
Tirol;2023-10-26;176.44
Tirol;2023-10-27;178.65
Tirol;2023-10-28;181.18
Tirol;2023-10-29;184.16
Tirol;2023-10-30;187.63
Tirol;2023-10-31;191.69
Tirol;2023-11-01;196.25
Tirol;2023-11-02;201.19
Tirol;2023-11-03;206.38
Tirol;2023-11-04;211.86
Tirol;2023-11-05;217.63
Tirol;2023-11-06;223.72
Tirol;2023-11-07;230.21
Tirol;2023-11-08;237.11
Tirol;2023-11-09;244.48
Tirol;2023-11-10;252.36
Tirol;2023-11-11;260.95
Tirol;2023-11-12;270.51
Tirol;2023-11-13;281.33
Tirol;2023-11-14;293.64
Tirol;2023-11-15;307.36
Tirol;2023-11-16;322.34
Tirol;2023-11-17;338.19
Tirol;2023-11-18;354.46
Tirol;2023-11-19;370.76
Tirol;2023-11-20;386.53
Tirol;2023-11-21;401.28
Tirol;2023-11-22;414.4
Tirol;2023-11-23;425.57
Tirol;2023-11-24;435.12
Tirol;2023-11-25;443.57
Tirol;2023-11-26;451.6
Tirol;2023-11-27;459.57
Tirol;2023-11-28;467.41
Tirol;2023-11-29;474.65
Tirol;2023-11-30;480.78
Tirol;2023-12-01;485.61
Tirol;2023-12-02;489.43
Tirol;2023-12-03;492.51
Tirol;2023-12-04;495.08
Tirol;2023-12-05;497.56
Tirol;2023-12-06;500.06
Tirol;2023-12-07;502.88
Tirol;2023-12-08;505.99
Tirol;2023-12-09;509.33
Tirol;2023-12-10;512.76
Tirol;2023-12-11;516.01
Tirol;2023-12-12;518.68
Tirol;2023-12-13;520.21
Tirol;2023-12-14;520.15
Tirol;2023-12-15;518.36
Tirol;2023-12-16;515.02
Tirol;2023-12-17;510.18
Tirol;2023-12-18;503.99
Tirol;2023-12-19;496.5
Tirol;2023-12-20;487.86
Tirol;2023-12-21;478.33
Tirol;2023-12-22;468.11
Tirol;2023-12-23;457.28
Tirol;2023-12-24;445.9
Tirol;2023-12-25;433.86
Tirol;2023-12-26;421.07
Tirol;2023-12-27;407.36
Tirol;2023-12-28;392.72
Tirol;2023-12-29;377.36
Tirol;2023-12-30;361.57
Tirol;2023-12-31;345.56
Tirol;2024-01-01;329.67
Tirol;2024-01-02;313.97
Tirol;2024-01-03;298.64
Tirol;2024-01-04;283.65
Tirol;2024-01-05;269.05
Tirol;2024-01-06;254.84
Tirol;2024-01-07;241.12
Tirol;2024-01-08;227.92
Tirol;2024-01-09;215.35
Tirol;2024-01-10;203.55
Tirol;2024-01-11;192.43
Tirol;2024-01-12;181.95
Tirol;2024-01-13;172.08
Tirol;2024-01-14;162.77
Tirol;2024-01-15;154.02
Tirol;2024-01-16;145.92
Tirol;2024-01-17;138.29
Tirol;2024-01-18;131.12
Tirol;2024-01-19;124.29
Tirol;2024-01-20;117.78
Tirol;2024-01-21;111.69
Tirol;2024-01-22;106.07
Tirol;2024-01-23;101.0
Tirol;2024-01-24;96.49
Tirol;2024-01-25;92.45
Tirol;2024-01-26;88.75
Tirol;2024-01-27;85.22
Tirol;2024-01-28;81.79
Tirol;2024-01-29;78.22
Tirol;2024-01-30;74.57
Tirol;2024-01-31;70.87
Tirol;2024-02-01;67.15
Tirol;2024-02-02;63.47
Tirol;2024-02-03;59.89
Tirol;2024-02-04;56.37
Tirol;2024-02-05;53.06
Tirol;2024-02-06;49.89
Tirol;2024-02-07;46.93
Tirol;2024-02-08;44.18
Tirol;2024-02-09;41.68
Tirol;2024-02-10;39.39
Tirol;2024-02-11;37.29
Tirol;2024-02-12;35.43
Tirol;2024-02-13;33.76
Tirol;2024-02-14;32.29
Tirol;2024-02-15;30.97
Tirol;2024-02-16;29.8
Tirol;2024-02-17;28.73
Tirol;2024-02-18;27.82
Tirol;2024-02-19;27.01
Tirol;2024-02-20;26.36
Tirol;2024-02-21;25.9
Tirol;2024-02-22;25.59
Tirol;2024-02-23;25.4
Tirol;2024-02-24;25.29
Tirol;2024-02-25;25.17
Tirol;2024-02-26;25.07
Tirol;2024-02-27;24.86
Tirol;2024-02-28;24.59
Tirol;2024-02-29;24.18
Tirol;2024-03-01;23.68
Tirol;2024-03-02;23.12
Tirol;2024-03-03;22.47
Tirol;2024-03-04;21.83
Tirol;2024-03-05;21.07
Tirol;2024-03-06;20.25
Tirol;2024-03-07;19.28
Tirol;2024-03-08;18.29
Tirol;2024-03-09;17.21
Tirol;2024-03-10;16.22
Tirol;2024-03-11;15.22
Tirol;2024-03-12;14.28
Tirol;2024-03-13;13.5
Tirol;2024-03-14;12.77
Tirol;2024-03-15;12.08
Tirol;2024-03-16;11.44
Tirol;2024-03-17;10.87
Tirol;2024-03-18;10.33
Tirol;2024-03-19;9.92
Tirol;2024-03-20;9.57
Tirol;2024-03-21;9.32
Tirol;2024-03-22;9.1
Tirol;2024-03-23;8.97
Tirol;2024-03-24;8.85
Tirol;2024-03-25;8.85
Tirol;2024-03-26;8.83
Tirol;2024-03-27;8.85
Tirol;2024-03-28;8.89
Tirol;2024-03-29;8.91
Tirol;2024-03-30;8.93
Tirol;2024-03-31;8.97
Tirol;2024-04-01;8.97
Tirol;2024-04-02;8.97
Tirol;2024-04-03;8.93
Tirol;2024-04-04;8.85
Tirol;2024-04-05;8.82
Tirol;2024-04-06;8.73
Tirol;2024-04-07;8.65
Tirol;2024-04-08;8.67
Tirol;2024-04-09;8.69
Tirol;2024-04-10;8.82
Tirol;2024-04-11;9.0
Tirol;2024-04-12;9.23
Tirol;2024-04-13;9.51
Tirol;2024-04-14;9.83
Tirol;2024-04-15;10.25
Tirol;2024-04-16;10.73
Tirol;2024-04-17;11.27
Tirol;2024-04-18;11.84
Tirol;2024-04-19;12.47
Tirol;2024-04-20;13.15
Tirol;2024-04-21;13.87
Tirol;2024-04-22;14.71
Tirol;2024-04-23;15.62
Tirol;2024-04-24;16.65
Tirol;2024-04-25;17.71
Tirol;2024-04-26;18.8
Tirol;2024-04-27;19.85
Tirol;2024-04-28;20.88
Tirol;2024-04-29;21.73
Tirol;2024-04-30;22.36
Tirol;2024-05-01;22.88
Tirol;2024-05-02;23.19
Tirol;2024-05-03;23.43
Tirol;2024-05-04;23.59
Tirol;2024-05-05;23.79
Tirol;2024-05-06;24.15
Tirol;2024-05-07;24.63
Tirol;2024-05-08;25.16
Tirol;2024-05-09;25.84
Tirol;2024-05-10;26.51
Tirol;2024-05-11;27.16
Tirol;2024-05-12;27.76
Tirol;2024-05-13;28.21
Tirol;2024-05-14;28.5
Tirol;2024-05-15;28.63
Tirol;2024-05-16;28.52
Tirol;2024-05-17;28.29
Tirol;2024-05-18;27.98
Tirol;2024-05-19;27.73
Tirol;2024-05-20;27.52
Tirol;2024-05-21;27.48
Tirol;2024-05-22;27.61
Tirol;2024-05-23;27.95
Tirol;2024-05-24;28.45
Tirol;2024-05-25;29.11
Tirol;2024-05-26;29.89
Tirol;2024-05-27;30.83
Tirol;2024-05-28;31.9
Tirol;2024-05-29;33.09
Tirol;2024-05-30;34.39
Tirol;2024-05-31;35.76
Tirol;2024-06-01;37.25
Tirol;2024-06-02;38.8
Tirol;2024-06-03;40.39
Tirol;2024-06-04;42.1
Tirol;2024-06-05;43.81
Tirol;2024-06-06;45.57
Tirol;2024-06-07;47.32
Tirol;2024-06-08;49.14
Tirol;2024-06-09;51.15
Tirol;2024-06-10;53.32
Tirol;2024-06-11;55.79
Tirol;2024-06-12;58.51
Tirol;2024-06-13;61.48
Tirol;2024-06-14;64.64
Tirol;2024-06-15;67.78
Tirol;2024-06-16;70.91
Tirol;2024-06-17;73.87
Tirol;2024-06-18;76.6
Tirol;2024-06-19;79.0
Tirol;2024-06-20;81.14
Tirol;2024-06-21;83.08
Tirol;2024-06-22;84.82
Tirol;2024-06-23;86.5
Tirol;2024-06-24;88.15
Tirol;2024-06-25;89.75
Tirol;2024-06-26;91.47
Tirol;2024-06-27;93.21
Tirol;2024-06-28;95.11
Tirol;2024-06-29;97.07
Tirol;2024-06-30;99.14
Tirol;2024-07-01;101.17
Tirol;2024-07-02;103.17
Tirol;2024-07-03;104.94
Tirol;2024-07-04;106.25
Tirol;2024-07-05;107.25
Tirol;2024-07-06;108.05
Tirol;2024-07-07;108.85
Tirol;2024-07-08;109.78
Tirol;2024-07-09;110.98
Tirol;2024-07-10;112.37
Tirol;2024-07-11;113.85
Tirol;2024-07-12;115.3
Tirol;2024-07-13;116.69
Tirol;2024-07-14;117.94
Tirol;2024-07-15;118.97
Tirol;2024-07-16;119.51
Tirol;2024-07-17;119.3
Tirol;2024-07-18;118.17
Tirol;2024-07-19;116.31
Tirol;2024-07-20;113.86
Tirol;2024-07-21;111.2
Tirol;2024-07-22;108.53
Tirol;2024-07-23;106.17
Tirol;2024-07-24;104.09
Tirol;2024-07-25;102.36
Tirol;2024-07-26;100.92
Tirol;2024-07-27;99.75
Tirol;2024-07-28;98.69
Tirol;2024-07-29;97.79
Tirol;2024-07-30;96.97
Tirol;2024-07-31;96.34
Tirol;2024-08-01;95.83
Tirol;2024-08-02;95.41
Tirol;2024-08-03;95.12
Tirol;2024-08-04;94.87
Tirol;2024-08-05;94.65
Tirol;2024-08-06;94.55
Tirol;2024-08-07;94.51
Tirol;2024-08-08;94.45
Tirol;2024-08-09;94.59
Tirol;2024-08-10;94.82
Tirol;2024-08-11;95.34
Tirol;2024-08-12;96.11
Tirol;2024-08-13;97.29
Tirol;2024-08-14;98.84
Tirol;2024-08-15;100.6
Tirol;2024-08-16;102.53
Tirol;2024-08-17;104.64
Tirol;2024-08-18;106.8
Tirol;2024-08-19;109.04
Tirol;2024-08-20;111.41
Tirol;2024-08-21;113.92
Tirol;2024-08-22;116.67
Tirol;2024-08-23;119.52
Tirol;2024-08-24;122.45
Tirol;2024-08-25;125.29
Tirol;2024-08-26;127.96
Tirol;2024-08-27;130.35
Tirol;2024-08-28;132.44
Tirol;2024-08-29;134.13
Tirol;2024-08-30;135.51
Tirol;2024-08-31;136.79
Tirol;2024-09-01;138.09
Tirol;2024-09-02;139.57
Tirol;2024-09-03;141.33
Tirol;2024-09-04;143.41
Tirol;2024-09-05;145.91
Tirol;2024-09-06;148.89
Tirol;2024-09-07;152.48
Tirol;2024-09-08;156.96
Tirol;2024-09-09;162.6
Tirol;2024-09-10;169.65
Tirol;2024-09-11;178.01
Tirol;2024-09-12;187.47
Tirol;2024-09-13;197.81
Tirol;2024-09-14;208.67
Tirol;2024-09-15;219.85
Tirol;2024-09-16;231.17
Tirol;2024-09-17;242.24
Tirol;2024-09-18;252.78
Tirol;2024-09-19;262.51
Tirol;2024-09-20;271.35
Tirol;2024-09-21;279.4
Tirol;2024-09-22;286.69
Tirol;2024-09-23;293.19
Tirol;2024-09-24;298.66
Tirol;2024-09-25;302.8
Tirol;2024-09-26;305.48
Tirol;2024-09-27;306.91
Tirol;2024-09-28;307.46
Tirol;2024-09-29;307.69
Tirol;2024-09-30;307.94
Tirol;2024-10-01;308.48
Tirol;2024-10-02;309.34
Tirol;2024-10-03;310.4
Tirol;2024-10-04;311.43
Tirol;2024-10-05;312.11
Tirol;2024-10-06;312.27
Tirol;2024-10-07;311.52
Tirol;2024-10-08;309.68
Tirol;2024-10-09;306.43
Tirol;2024-10-10;301.83
Tirol;2024-10-11;296.16
Tirol;2024-10-12;289.56
Tirol;2024-10-13;282.38
Tirol;2024-10-14;274.68
Tirol;2024-10-15;266.56
Tirol;2024-10-16;258.01
Tirol;2024-10-17;248.99
Tirol;2024-10-18;239.61
Tirol;2024-10-19;229.96
Tirol;2024-10-20;220.1
Tirol;2024-10-21;210.22
Tirol;2024-10-22;200.32
Tirol;2024-10-23;190.5
Tirol;2024-10-24;180.84
Tirol;2024-10-25;171.35
Tirol;2024-10-26;162.17
Tirol;2024-10-27;153.39
Tirol;2024-10-28;145.15
Tirol;2024-10-29;137.67
Tirol;2024-10-30;130.77
Tirol;2024-10-31;124.42
Tirol;2024-11-01;118.51
Tirol;2024-11-02;113.0
Tirol;2024-11-03;107.9
Tirol;2024-11-04;103.26
Tirol;2024-11-05;99.08
Tirol;2024-11-06;95.39
Tirol;2024-11-07;92.18
Tirol;2024-11-08;89.33
Tirol;2024-11-09;86.82
Tirol;2024-11-10;84.72
Tirol;2024-11-11;82.99
Tirol;2024-11-12;81.71
Tirol;2024-11-13;80.87
Tirol;2024-11-14;80.52
Tirol;2024-11-15;80.52
Tirol;2024-11-16;80.77
Tirol;2024-11-17;81.18
Tirol;2024-11-18;81.62
Tirol;2024-11-19;82.11
Tirol;2024-11-20;82.59
Tirol;2024-11-21;83.16
Tirol;2024-11-22;83.82
Tirol;2024-11-23;84.43
Tirol;2024-11-24;85.14
Tirol;2024-11-25;85.92
Tirol;2024-11-26;86.82
Tirol;2024-11-27;87.77
Tirol;2024-11-28;88.8
Tirol;2024-11-29;89.83
Tirol;2024-11-30;90.91
Tirol;2024-12-01;91.83
Tirol;2024-12-02;92.68
Tirol;2024-12-03;93.34
Tirol;2024-12-04;93.73
Tirol;2024-12-05;93.93
Tirol;2024-12-06;93.88
Tirol;2024-12-07;93.69
Tirol;2024-12-08;93.42
Tirol;2024-12-09;93.2
Tirol;2024-12-10;93.06
Tirol;2024-12-11;92.99
Tirol;2024-12-12;92.93
Tirol;2024-12-13;92.91
Tirol;2024-12-14;92.88
Tirol;2024-12-15;92.8
Tirol;2024-12-16;92.71
Tirol;2024-12-17;92.62
Tirol;2024-12-18;92.56
Tirol;2024-12-19;92.6
Tirol;2024-12-20;92.74
Tirol;2024-12-21;92.84
Tirol;2024-12-22;92.95
Tirol;2024-12-23;93.06
Tirol;2024-12-24;93.06
Tirol;2024-12-25;92.94
Tirol;2024-12-26;92.77
Tirol;2024-12-27;92.44
Tirol;2024-12-28;92.05
Tirol;2024-12-29;91.51
Tirol;2024-12-30;87.8
Tirol;2024-12-31;86.81
Tirol;2025-01-01;85.74
Tirol;2025-01-02;84.63
Tirol;2025-01-03;83.62
Tirol;2025-01-04;82.68
Tirol;2025-01-05;81.95
Tirol;2025-01-06;81.35
Salzburg;2022-09-01;82.53
Salzburg;2022-09-02;82.3
Salzburg;2022-09-03;82.42
Salzburg;2022-09-04;82.84
Salzburg;2022-09-05;83.49
Salzburg;2022-09-06;84.56
Salzburg;2022-09-07;85.95
Salzburg;2022-09-08;87.78
Salzburg;2022-09-09;90.05
Salzburg;2022-09-10;92.81
Salzburg;2022-09-11;96.27
Salzburg;2022-09-12;100.44
Salzburg;2022-09-13;105.44
Salzburg;2022-09-14;111.23
Salzburg;2022-09-15;117.73
Salzburg;2022-09-16;124.87
Salzburg;2022-09-17;132.67
Salzburg;2022-09-18;141.12
Salzburg;2022-09-19;150.27
Salzburg;2022-09-20;160.1
Salzburg;2022-09-21;170.57
Salzburg;2022-09-22;181.35
Salzburg;2022-09-23;192.31
Salzburg;2022-09-24;203.25
Salzburg;2022-09-25;213.85
Salzburg;2022-09-26;224.03
Salzburg;2022-09-27;233.74
Salzburg;2022-09-28;242.77
Salzburg;2022-09-29;251.19
Salzburg;2022-09-30;258.86
Salzburg;2022-10-01;265.43
Salzburg;2022-10-02;270.77
Salzburg;2022-10-03;274.65
Salzburg;2022-10-04;277.01
Salzburg;2022-10-05;277.66
Salzburg;2022-10-06;276.91
Salzburg;2022-10-07;274.58
Salzburg;2022-10-08;270.51
Salzburg;2022-10-09;264.61
Salzburg;2022-10-10;256.6
Salzburg;2022-10-11;247.01
Salzburg;2022-10-12;236.08
Salzburg;2022-10-13;224.35
Salzburg;2022-10-14;212.29
Salzburg;2022-10-15;200.31
Salzburg;2022-10-16;188.61
Salzburg;2022-10-17;177.57
Salzburg;2022-10-18;167.45
Salzburg;2022-10-19;158.29
Salzburg;2022-10-20;149.89
Salzburg;2022-10-21;142.24
Salzburg;2022-10-22;135.22
Salzburg;2022-10-23;128.62
Salzburg;2022-10-24;122.54
Salzburg;2022-10-25;116.87
Salzburg;2022-10-26;111.47
Salzburg;2022-10-27;106.53
Salzburg;2022-10-28;101.96
Salzburg;2022-10-29;97.78
Salzburg;2022-10-30;94.28
Salzburg;2022-10-31;91.49
Salzburg;2022-11-01;89.24
Salzburg;2022-11-02;87.63
Salzburg;2022-11-03;86.48
Salzburg;2022-11-04;85.66
Salzburg;2022-11-05;85.0
Salzburg;2022-11-06;84.58
Salzburg;2022-11-07;84.33
Salzburg;2022-11-08;84.15
Salzburg;2022-11-09;83.96
Salzburg;2022-11-10;83.85
Salzburg;2022-11-11;83.69
Salzburg;2022-11-12;83.47
Salzburg;2022-11-13;83.26
Salzburg;2022-11-14;82.96
Salzburg;2022-11-15;82.74
Salzburg;2022-11-16;82.77
Salzburg;2022-11-17;83.06
Salzburg;2022-11-18;83.54
Salzburg;2022-11-19;84.2
Salzburg;2022-11-20;85.12
Salzburg;2022-11-21;86.17
Salzburg;2022-11-22;87.44
Salzburg;2022-11-23;88.92
Salzburg;2022-11-24;90.64
Salzburg;2022-11-25;92.4
Salzburg;2022-11-26;94.3
Salzburg;2022-11-27;96.08
Salzburg;2022-11-28;97.85
Salzburg;2022-11-29;99.67
Salzburg;2022-11-30;101.44
Salzburg;2022-12-01;103.23
Salzburg;2022-12-02;105.03
Salzburg;2022-12-03;106.88
Salzburg;2022-12-04;109.0
Salzburg;2022-12-05;110.02
Salzburg;2022-12-06;112.25
Salzburg;2022-12-07;114.88
Salzburg;2022-12-08;117.78
Salzburg;2022-12-09;120.81
Salzburg;2022-12-10;123.81
Salzburg;2022-12-11;126.55
Salzburg;2022-12-12;129.04
Salzburg;2022-12-13;131.24
Salzburg;2022-12-14;133.44
Salzburg;2022-12-15;135.54
Salzburg;2022-12-16;137.52
Salzburg;2022-12-17;139.51
Salzburg;2022-12-18;141.25
Salzburg;2022-12-19;142.76
Salzburg;2022-12-20;144.01
Salzburg;2022-12-21;144.84
Salzburg;2022-12-22;145.36
Salzburg;2022-12-23;145.51
Salzburg;2022-12-24;145.44
Salzburg;2022-12-25;145.19
Salzburg;2022-12-26;144.63
Salzburg;2022-12-27;143.83
Salzburg;2022-12-28;142.57
Salzburg;2022-12-29;141.05
Salzburg;2022-12-30;139.32
Salzburg;2022-12-31;137.26
Salzburg;2023-01-01;135.04
Salzburg;2023-01-02;132.95
Salzburg;2023-01-03;131.09
Salzburg;2023-01-04;129.87
Salzburg;2023-01-05;129.13
Salzburg;2023-01-06;128.78
Salzburg;2023-01-07;128.45
Salzburg;2023-01-08;128.06
Salzburg;2023-01-09;127.42
Salzburg;2023-01-10;126.42
Salzburg;2023-01-11;125.17
Salzburg;2023-01-12;123.83
Salzburg;2023-01-13;122.45
Salzburg;2023-01-14;121.24
Salzburg;2023-01-15;120.41
Salzburg;2023-01-16;120.15
Salzburg;2023-01-17;120.6
Salzburg;2023-01-18;121.81
Salzburg;2023-01-19;123.84
Salzburg;2023-01-20;126.51
Salzburg;2023-01-21;129.93
Salzburg;2023-01-22;134.03
Salzburg;2023-01-23;138.83
Salzburg;2023-01-24;144.49
Salzburg;2023-01-25;150.89
Salzburg;2023-01-26;157.85
Salzburg;2023-01-27;165.34
Salzburg;2023-01-28;173.22
Salzburg;2023-01-29;181.46
Salzburg;2023-01-30;190.16
Salzburg;2023-01-31;199.41
Salzburg;2023-02-01;209.17
Salzburg;2023-02-02;219.29
Salzburg;2023-02-03;229.46
Salzburg;2023-02-04;239.23
Salzburg;2023-02-05;248.15
Salzburg;2023-02-06;256.09
Salzburg;2023-02-07;262.74
Salzburg;2023-02-08;268.24
Salzburg;2023-02-09;272.83
Salzburg;2023-02-10;276.47
Salzburg;2023-02-11;279.4
Salzburg;2023-02-12;281.69
Salzburg;2023-02-13;283.33
Salzburg;2023-02-14;284.53
Salzburg;2023-02-15;285.39
Salzburg;2023-02-16;285.93
Salzburg;2023-02-17;286.34
Salzburg;2023-02-18;286.51
Salzburg;2023-02-19;286.55
Salzburg;2023-02-20;286.52
Salzburg;2023-02-21;286.53
Salzburg;2023-02-22;286.64
Salzburg;2023-02-23;286.82
Salzburg;2023-02-24;286.83
Salzburg;2023-02-25;286.44
Salzburg;2023-02-26;285.49
Salzburg;2023-02-27;283.65
Salzburg;2023-02-28;280.92
Salzburg;2023-03-01;277.25
Salzburg;2023-03-02;272.68
Salzburg;2023-03-03;267.1
Salzburg;2023-03-04;260.31
Salzburg;2023-03-05;252.21
Salzburg;2023-03-06;242.81
Salzburg;2023-03-07;232.51
Salzburg;2023-03-08;221.85
Salzburg;2023-03-09;211.23
Salzburg;2023-03-10;200.84
Salzburg;2023-03-11;190.84
Salzburg;2023-03-12;181.54
Salzburg;2023-03-13;173.07
Salzburg;2023-03-14;165.88
Salzburg;2023-03-15;159.81
Salzburg;2023-03-16;154.66
Salzburg;2023-03-17;150.27
Salzburg;2023-03-18;146.09
Salzburg;2023-03-19;141.87
Salzburg;2023-03-20;137.48
Salzburg;2023-03-21;132.94
Salzburg;2023-03-22;128.32
Salzburg;2023-03-23;123.61
Salzburg;2023-03-24;118.96
Salzburg;2023-03-25;114.34
Salzburg;2023-03-26;109.85
Salzburg;2023-03-27;105.44
Salzburg;2023-03-28;101.31
Salzburg;2023-03-29;97.54
Salzburg;2023-03-30;93.99
Salzburg;2023-03-31;90.79
Salzburg;2023-04-01;87.69
Salzburg;2023-04-02;84.79
Salzburg;2023-04-03;82.15
Salzburg;2023-04-04;79.83
Salzburg;2023-04-05;77.9
Salzburg;2023-04-06;76.31
Salzburg;2023-04-07;74.93
Salzburg;2023-04-08;73.79
Salzburg;2023-04-09;72.61
Salzburg;2023-04-10;71.52
Salzburg;2023-04-11;70.4
Salzburg;2023-04-12;69.44
Salzburg;2023-04-13;68.51
Salzburg;2023-04-14;67.66
Salzburg;2023-04-15;66.73
Salzburg;2023-04-16;65.85
Salzburg;2023-04-17;64.93
Salzburg;2023-04-18;64.2
Salzburg;2023-04-19;63.67
Salzburg;2023-04-20;63.32
Salzburg;2023-04-21;63.04
Salzburg;2023-04-22;62.7
Salzburg;2023-04-23;62.17
Salzburg;2023-04-24;61.36
Salzburg;2023-04-25;60.43
Salzburg;2023-04-26;59.46
Salzburg;2023-04-27;58.45
Salzburg;2023-04-28;57.54
Salzburg;2023-04-29;56.58
Salzburg;2023-04-30;55.64
Salzburg;2023-05-01;54.56
Salzburg;2023-05-02;53.44
Salzburg;2023-05-03;52.26
Salzburg;2023-05-04;50.86
Salzburg;2023-05-05;49.39
Salzburg;2023-05-06;47.75
Salzburg;2023-05-07;46.02
Salzburg;2023-05-08;44.18
Salzburg;2023-05-09;42.22
Salzburg;2023-05-10;40.32
Salzburg;2023-05-11;38.41
Salzburg;2023-05-12;36.58
Salzburg;2023-05-13;34.84
Salzburg;2023-05-14;33.21
Salzburg;2023-05-15;31.76
Salzburg;2023-05-16;30.43
Salzburg;2023-05-17;29.22
Salzburg;2023-05-18;28.27
Salzburg;2023-05-19;27.37
Salzburg;2023-05-20;26.49
Salzburg;2023-05-21;25.64
Salzburg;2023-05-22;24.73
Salzburg;2023-05-23;23.91
Salzburg;2023-05-24;23.17
Salzburg;2023-05-25;22.45
Salzburg;2023-05-26;21.9
Salzburg;2023-05-27;21.43
Salzburg;2023-05-28;20.95
Salzburg;2023-05-29;20.57
Salzburg;2023-05-30;20.19
Salzburg;2023-05-31;19.87
Salzburg;2023-06-01;19.56
Salzburg;2023-06-02;19.29
Salzburg;2023-06-03;19.07
Salzburg;2023-06-04;18.73
Salzburg;2023-06-05;18.5
Salzburg;2023-06-06;18.2
Salzburg;2023-06-07;17.87
Salzburg;2023-06-08;17.68
Salzburg;2023-06-09;17.48
Salzburg;2023-06-10;17.36
Salzburg;2023-06-11;17.25
Salzburg;2023-06-12;17.19
Salzburg;2023-06-13;17.16
Salzburg;2023-06-14;17.14
Salzburg;2023-06-15;17.15
Salzburg;2023-06-16;17.06
Salzburg;2023-06-17;17.05
Salzburg;2023-06-18;16.96
Salzburg;2023-06-19;16.8
Salzburg;2023-06-20;16.57
Salzburg;2023-06-21;16.36
Salzburg;2023-06-22;16.16
Salzburg;2023-06-23;15.91
Salzburg;2023-06-24;15.74
Salzburg;2023-06-25;15.57
Salzburg;2023-06-26;15.48
Salzburg;2023-06-27;15.48
Salzburg;2023-06-28;15.63
Salzburg;2023-06-29;15.86
Salzburg;2023-06-30;16.09
Salzburg;2023-07-01;16.47
Salzburg;2023-07-02;16.91
Salzburg;2023-07-03;17.34
Salzburg;2023-07-04;17.85
Salzburg;2023-07-05;18.43
Salzburg;2023-07-06;18.92
Salzburg;2023-07-07;19.51
Salzburg;2023-07-08;20.01
Salzburg;2023-07-09;20.5
Salzburg;2023-07-10;20.93
Salzburg;2023-07-11;21.27
Salzburg;2023-07-12;21.54
Salzburg;2023-07-13;21.72
Salzburg;2023-07-14;21.92
Salzburg;2023-07-15;21.98
Salzburg;2023-07-16;22.04
Salzburg;2023-07-17;22.2
Salzburg;2023-07-18;22.3
Salzburg;2023-07-19;22.59
Salzburg;2023-07-20;22.91
Salzburg;2023-07-21;23.23
Salzburg;2023-07-22;23.58
Salzburg;2023-07-23;23.93
Salzburg;2023-07-24;24.21
Salzburg;2023-07-25;24.57
Salzburg;2023-07-26;25.04
Salzburg;2023-07-27;25.6
Salzburg;2023-07-28;26.18
Salzburg;2023-07-29;26.84
Salzburg;2023-07-30;27.53
Salzburg;2023-07-31;28.24
Salzburg;2023-08-01;29.03
Salzburg;2023-08-02;29.92
Salzburg;2023-08-03;30.98
Salzburg;2023-08-04;32.12
Salzburg;2023-08-05;33.41
Salzburg;2023-08-06;34.79
Salzburg;2023-08-07;36.28
Salzburg;2023-08-08;37.94
Salzburg;2023-08-09;39.54
Salzburg;2023-08-10;41.18
Salzburg;2023-08-11;42.85
Salzburg;2023-08-12;44.37
Salzburg;2023-08-13;45.68
Salzburg;2023-08-14;46.94
Salzburg;2023-08-15;47.87
Salzburg;2023-08-16;48.72
Salzburg;2023-08-17;49.34
Salzburg;2023-08-18;49.93
Salzburg;2023-08-19;50.32
Salzburg;2023-08-20;50.5
Salzburg;2023-08-21;50.72
Salzburg;2023-08-22;50.72
Salzburg;2023-08-23;50.78
Salzburg;2023-08-24;50.81
Salzburg;2023-08-25;50.91
Salzburg;2023-08-26;51.18
Salzburg;2023-08-27;51.71
Salzburg;2023-08-28;52.52
Salzburg;2023-08-29;53.67
Salzburg;2023-08-30;55.11
Salzburg;2023-08-31;56.77
Salzburg;2023-09-01;58.54
Salzburg;2023-09-02;60.36
Salzburg;2023-09-03;62.18
Salzburg;2023-09-04;63.98
Salzburg;2023-09-05;65.99
Salzburg;2023-09-06;68.11
Salzburg;2023-09-07;70.58
Salzburg;2023-09-08;73.3
Salzburg;2023-09-09;76.09
Salzburg;2023-09-10;79.23
Salzburg;2023-09-11;82.4
Salzburg;2023-09-12;85.78
Salzburg;2023-09-13;89.3
Salzburg;2023-09-14;92.97
Salzburg;2023-09-15;96.81
Salzburg;2023-09-16;100.85
Salzburg;2023-09-17;105.09
Salzburg;2023-09-18;109.63
Salzburg;2023-09-19;114.41
Salzburg;2023-09-20;119.42
Salzburg;2023-09-21;124.53
Salzburg;2023-09-22;129.63
Salzburg;2023-09-23;134.59
Salzburg;2023-09-24;139.37
Salzburg;2023-09-25;143.79
Salzburg;2023-09-26;147.77
Salzburg;2023-09-27;151.34
Salzburg;2023-09-28;154.56
Salzburg;2023-09-29;157.34
Salzburg;2023-09-30;159.76
Salzburg;2023-10-01;161.7
Salzburg;2023-10-02;163.1
Salzburg;2023-10-03;164.1
Salzburg;2023-10-04;164.77
Salzburg;2023-10-05;165.25
Salzburg;2023-10-06;165.48
Salzburg;2023-10-07;165.54
Salzburg;2023-10-08;165.45
Salzburg;2023-10-09;165.09
Salzburg;2023-10-10;164.3
Salzburg;2023-10-11;163.02
Salzburg;2023-10-12;161.5
Salzburg;2023-10-13;159.77
Salzburg;2023-10-14;158.11
Salzburg;2023-10-15;156.9
Salzburg;2023-10-16;156.26
Salzburg;2023-10-17;156.27
Salzburg;2023-10-18;156.94
Salzburg;2023-10-19;158.2
Salzburg;2023-10-20;159.86
Salzburg;2023-10-21;161.95
Salzburg;2023-10-22;164.29
Salzburg;2023-10-23;166.82
Salzburg;2023-10-24;169.34
Salzburg;2023-10-25;171.63
Salzburg;2023-10-26;173.82
Salzburg;2023-10-27;175.75
Salzburg;2023-10-28;177.7
Salzburg;2023-10-29;179.67
Salzburg;2023-10-30;181.75
Salzburg;2023-10-31;183.91
Salzburg;2023-11-01;186.3
Salzburg;2023-11-02;188.77
Salzburg;2023-11-03;191.68
Salzburg;2023-11-04;195.08
Salzburg;2023-11-05;199.28
Salzburg;2023-11-06;204.66
Salzburg;2023-11-07;211.36
Salzburg;2023-11-08;219.29
Salzburg;2023-11-09;228.31
Salzburg;2023-11-10;237.83
Salzburg;2023-11-11;247.35
Salzburg;2023-11-12;256.53
Salzburg;2023-11-13;265.16
Salzburg;2023-11-14;273.58
Salzburg;2023-11-15;281.93
Salzburg;2023-11-16;290.52
Salzburg;2023-11-17;299.45
Salzburg;2023-11-18;308.72
Salzburg;2023-11-19;318.59
Salzburg;2023-11-20;329.11
Salzburg;2023-11-21;340.15
Salzburg;2023-11-22;351.73
Salzburg;2023-11-23;363.81
Salzburg;2023-11-24;375.96
Salzburg;2023-11-25;388.21
Salzburg;2023-11-26;400.22
Salzburg;2023-11-27;412.03
Salzburg;2023-11-28;423.62
Salzburg;2023-11-29;435.02
Salzburg;2023-11-30;446.3
Salzburg;2023-12-01;457.23
Salzburg;2023-12-02;467.63
Salzburg;2023-12-03;477.31
Salzburg;2023-12-04;485.9
Salzburg;2023-12-05;493.38
Salzburg;2023-12-06;499.68
Salzburg;2023-12-07;504.53
Salzburg;2023-12-08;507.73
Salzburg;2023-12-09;508.9
Salzburg;2023-12-10;507.58
Salzburg;2023-12-11;503.58
Salzburg;2023-12-12;497.38
Salzburg;2023-12-13;489.65
Salzburg;2023-12-14;480.93
Salzburg;2023-12-15;471.51
Salzburg;2023-12-16;461.74
Salzburg;2023-12-17;451.77
Salzburg;2023-12-18;441.83
Salzburg;2023-12-19;432.08
Salzburg;2023-12-20;422.94
Salzburg;2023-12-21;414.21
Salzburg;2023-12-22;405.86
Salzburg;2023-12-23;397.52
Salzburg;2023-12-24;389.15
Salzburg;2023-12-25;380.38
Salzburg;2023-12-26;371.03
Salzburg;2023-12-27;361.04
Salzburg;2023-12-28;350.35
Salzburg;2023-12-29;339.25
Salzburg;2023-12-30;327.89
Salzburg;2023-12-31;316.4
Salzburg;2024-01-01;304.97
Salzburg;2024-01-02;293.76
Salzburg;2024-01-03;282.69
Salzburg;2024-01-04;271.79
Salzburg;2024-01-05;260.96
Salzburg;2024-01-06;249.96
Salzburg;2024-01-07;238.8
Salzburg;2024-01-08;227.54
Salzburg;2024-01-09;216.2
Salzburg;2024-01-10;205.18
Salzburg;2024-01-11;194.49
Salzburg;2024-01-12;183.93
Salzburg;2024-01-13;173.56
Salzburg;2024-01-14;163.22
Salzburg;2024-01-15;153.0
Salzburg;2024-01-16;143.04
Salzburg;2024-01-17;133.35
Salzburg;2024-01-18;124.0
Salzburg;2024-01-19;115.05
Salzburg;2024-01-20;106.71
Salzburg;2024-01-21;98.99
Salzburg;2024-01-22;92.02
Salzburg;2024-01-23;85.85
Salzburg;2024-01-24;80.36
Salzburg;2024-01-25;75.53
Salzburg;2024-01-26;71.14
Salzburg;2024-01-27;67.1
Salzburg;2024-01-28;63.19
Salzburg;2024-01-29;59.46
Salzburg;2024-01-30;55.89
Salzburg;2024-01-31;52.65
Salzburg;2024-02-01;49.69
Salzburg;2024-02-02;46.98
Salzburg;2024-02-03;44.46
Salzburg;2024-02-04;42.09
Salzburg;2024-02-05;40.05
Salzburg;2024-02-06;38.25
Salzburg;2024-02-07;36.62
Salzburg;2024-02-08;35.32
Salzburg;2024-02-09;34.12
Salzburg;2024-02-10;33.04
Salzburg;2024-02-11;32.07
Salzburg;2024-02-12;31.14
Salzburg;2024-02-13;30.43
Salzburg;2024-02-14;29.68
Salzburg;2024-02-15;29.13
Salzburg;2024-02-16;28.51
Salzburg;2024-02-17;27.94
Salzburg;2024-02-18;27.32
Salzburg;2024-02-19;26.66
Salzburg;2024-02-20;25.95
Salzburg;2024-02-21;25.19
Salzburg;2024-02-22;24.45
Salzburg;2024-02-23;23.61
Salzburg;2024-02-24;22.71
Salzburg;2024-02-25;21.67
Salzburg;2024-02-26;20.61
Salzburg;2024-02-27;19.46
Salzburg;2024-02-28;18.25
Salzburg;2024-02-29;17.06
Salzburg;2024-03-01;15.96
Salzburg;2024-03-02;14.93
Salzburg;2024-03-03;13.99
Salzburg;2024-03-04;13.19
Salzburg;2024-03-05;12.5
Salzburg;2024-03-06;11.94
Salzburg;2024-03-07;11.46
Salzburg;2024-03-08;11.01
Salzburg;2024-03-09;10.65
Salzburg;2024-03-10;10.31
Salzburg;2024-03-11;9.98
Salzburg;2024-03-12;9.65
Salzburg;2024-03-13;9.3
Salzburg;2024-03-14;9.02
Salzburg;2024-03-15;8.75
Salzburg;2024-03-16;8.57
Salzburg;2024-03-17;8.4
Salzburg;2024-03-18;8.27
Salzburg;2024-03-19;8.31
Salzburg;2024-03-20;8.31
Salzburg;2024-03-21;8.5
Salzburg;2024-03-22;8.68
Salzburg;2024-03-23;8.81
Salzburg;2024-03-24;8.93
Salzburg;2024-03-25;9.04
Salzburg;2024-03-26;8.98
Salzburg;2024-03-27;8.91
Salzburg;2024-03-28;8.84
Salzburg;2024-03-29;8.67
Salzburg;2024-03-30;8.44
Salzburg;2024-03-31;8.25
Salzburg;2024-04-01;8.0
Salzburg;2024-04-02;7.74
Salzburg;2024-04-03;7.4
Salzburg;2024-04-04;7.13
Salzburg;2024-04-05;6.87
Salzburg;2024-04-06;6.62
Salzburg;2024-04-07;6.38
Salzburg;2024-04-08;6.25
Salzburg;2024-04-09;6.2
Salzburg;2024-04-10;6.23
Salzburg;2024-04-11;6.29
Salzburg;2024-04-12;6.44
Salzburg;2024-04-13;6.59
Salzburg;2024-04-14;6.74
Salzburg;2024-04-15;6.9
Salzburg;2024-04-16;7.12
Salzburg;2024-04-17;7.45
Salzburg;2024-04-18;7.77
Salzburg;2024-04-19;8.17
Salzburg;2024-04-20;8.57
Salzburg;2024-04-21;9.05
Salzburg;2024-04-22;9.55
Salzburg;2024-04-23;10.13
Salzburg;2024-04-24;10.81
Salzburg;2024-04-25;11.49
Salzburg;2024-04-26;12.27
Salzburg;2024-04-27;12.98
Salzburg;2024-04-28;13.73
Salzburg;2024-04-29;14.39
Salzburg;2024-04-30;14.94
Salzburg;2024-05-01;15.57
Salzburg;2024-05-02;16.05
Salzburg;2024-05-03;16.56
Salzburg;2024-05-04;17.01
Salzburg;2024-05-05;17.48
Salzburg;2024-05-06;17.9
Salzburg;2024-05-07;18.35
Salzburg;2024-05-08;18.9
Salzburg;2024-05-09;19.54
Salzburg;2024-05-10;20.29
Salzburg;2024-05-11;21.1
Salzburg;2024-05-12;21.92
Salzburg;2024-05-13;22.88
Salzburg;2024-05-14;23.85
Salzburg;2024-05-15;24.96
Salzburg;2024-05-16;26.08
Salzburg;2024-05-17;27.29
Salzburg;2024-05-18;28.49
Salzburg;2024-05-19;29.85
Salzburg;2024-05-20;31.21
Salzburg;2024-05-21;32.58
Salzburg;2024-05-22;34.07
Salzburg;2024-05-23;35.51
Salzburg;2024-05-24;36.98
Salzburg;2024-05-25;38.35
Salzburg;2024-05-26;39.5
Salzburg;2024-05-27;40.52
Salzburg;2024-05-28;41.36
Salzburg;2024-05-29;42.06
Salzburg;2024-05-30;42.69
Salzburg;2024-05-31;43.19
Salzburg;2024-06-01;43.71
Salzburg;2024-06-02;44.13
Salzburg;2024-06-03;44.63
Salzburg;2024-06-04;45.29
Salzburg;2024-06-05;46.15
Salzburg;2024-06-06;47.19
Salzburg;2024-06-07;48.5
Salzburg;2024-06-08;49.98
Salzburg;2024-06-09;51.56
Salzburg;2024-06-10;53.28
Salzburg;2024-06-11;55.15
Salzburg;2024-06-12;57.11
Salzburg;2024-06-13;59.14
Salzburg;2024-06-14;61.14
Salzburg;2024-06-15;63.13
Salzburg;2024-06-16;65.06
Salzburg;2024-06-17;66.76
Salzburg;2024-06-18;68.39
Salzburg;2024-06-19;69.88
Salzburg;2024-06-20;71.23
Salzburg;2024-06-21;72.51
Salzburg;2024-06-22;73.77
Salzburg;2024-06-23;75.06
Salzburg;2024-06-24;76.44
Salzburg;2024-06-25;78.01
Salzburg;2024-06-26;79.62
Salzburg;2024-06-27;81.42
Salzburg;2024-06-28;83.15
Salzburg;2024-06-29;84.73
Salzburg;2024-06-30;86.17
Salzburg;2024-07-01;87.4
Salzburg;2024-07-02;88.61
Salzburg;2024-07-03;89.96
Salzburg;2024-07-04;91.64
Salzburg;2024-07-05;93.47
Salzburg;2024-07-06;95.36
Salzburg;2024-07-07;97.41
Salzburg;2024-07-08;99.44
Salzburg;2024-07-09;101.44
Salzburg;2024-07-10;103.49
Salzburg;2024-07-11;105.42
Salzburg;2024-07-12;106.96
Salzburg;2024-07-13;108.03
Salzburg;2024-07-14;108.26
Salzburg;2024-07-15;107.65
Salzburg;2024-07-16;106.41
Salzburg;2024-07-17;104.86
Salzburg;2024-07-18;103.15
Salzburg;2024-07-19;101.39
Salzburg;2024-07-20;99.75
Salzburg;2024-07-21;98.25
Salzburg;2024-07-22;96.99
Salzburg;2024-07-23;96.19
Salzburg;2024-07-24;96.02
Salzburg;2024-07-25;96.3
Salzburg;2024-07-26;96.96
Salzburg;2024-07-27;97.91
Salzburg;2024-07-28;99.0
Salzburg;2024-07-29;100.17
Salzburg;2024-07-30;101.17
Salzburg;2024-07-31;102.09
Salzburg;2024-08-01;102.82
Salzburg;2024-08-02;103.24
Salzburg;2024-08-03;103.5
Salzburg;2024-08-04;103.52
Salzburg;2024-08-05;103.23
Salzburg;2024-08-06;102.62
Salzburg;2024-08-07;101.81
Salzburg;2024-08-08;100.89
Salzburg;2024-08-09;99.99
Salzburg;2024-08-10;99.12
Salzburg;2024-08-11;98.53
Salzburg;2024-08-12;98.33
Salzburg;2024-08-13;98.64
Salzburg;2024-08-14;99.28
Salzburg;2024-08-15;100.28
Salzburg;2024-08-16;101.62
Salzburg;2024-08-17;103.12
Salzburg;2024-08-18;104.74
Salzburg;2024-08-19;106.48
Salzburg;2024-08-20;108.26
Salzburg;2024-08-21;110.08
Salzburg;2024-08-22;111.82
Salzburg;2024-08-23;113.57
Salzburg;2024-08-24;115.22
Salzburg;2024-08-25;116.85
Salzburg;2024-08-26;118.49
Salzburg;2024-08-27;120.03
Salzburg;2024-08-28;121.64
Salzburg;2024-08-29;123.25
Salzburg;2024-08-30;124.89
Salzburg;2024-08-31;126.45
Salzburg;2024-09-01;127.92
Salzburg;2024-09-02;129.35
Salzburg;2024-09-03;130.89
Salzburg;2024-09-04;132.52
Salzburg;2024-09-05;134.34
Salzburg;2024-09-06;136.51
Salzburg;2024-09-07;139.11
Salzburg;2024-09-08;142.35
Salzburg;2024-09-09;146.51
Salzburg;2024-09-10;151.74
Salzburg;2024-09-11;158.3
Salzburg;2024-09-12;166.05
Salzburg;2024-09-13;174.77
Salzburg;2024-09-14;184.34
Salzburg;2024-09-15;194.62
Salzburg;2024-09-16;205.74
Salzburg;2024-09-17;217.67
Salzburg;2024-09-18;230.36
Salzburg;2024-09-19;243.63
Salzburg;2024-09-20;256.87
Salzburg;2024-09-21;269.77
Salzburg;2024-09-22;281.61
Salzburg;2024-09-23;292.27
Salzburg;2024-09-24;301.35
Salzburg;2024-09-25;308.9
Salzburg;2024-09-26;315.1
Salzburg;2024-09-27;319.82
Salzburg;2024-09-28;322.94
Salzburg;2024-09-29;324.36
Salzburg;2024-09-30;324.21
Salzburg;2024-10-01;322.76
Salzburg;2024-10-02;320.56
Salzburg;2024-10-03;317.79
Salzburg;2024-10-04;314.72
Salzburg;2024-10-05;310.93
Salzburg;2024-10-06;306.45
Salzburg;2024-10-07;301.39
Salzburg;2024-10-08;295.87
Salzburg;2024-10-09;290.25
Salzburg;2024-10-10;284.67
Salzburg;2024-10-11;279.13
Salzburg;2024-10-12;273.56
Salzburg;2024-10-13;267.86
Salzburg;2024-10-14;262.25
Salzburg;2024-10-15;256.82
Salzburg;2024-10-16;251.84
Salzburg;2024-10-17;247.17
Salzburg;2024-10-18;242.71
Salzburg;2024-10-19;237.94
Salzburg;2024-10-20;232.74
Salzburg;2024-10-21;226.89
Salzburg;2024-10-22;220.5
Salzburg;2024-10-23;213.61
Salzburg;2024-10-24;206.47
Salzburg;2024-10-25;198.89
Salzburg;2024-10-26;190.85
Salzburg;2024-10-27;182.35
Salzburg;2024-10-28;173.44
Salzburg;2024-10-29;164.43
Salzburg;2024-10-30;155.63
Salzburg;2024-10-31;147.32
Salzburg;2024-11-01;139.46
Salzburg;2024-11-02;132.29
Salzburg;2024-11-03;125.88
Salzburg;2024-11-04;120.18
Salzburg;2024-11-05;115.27
Salzburg;2024-11-06;111.04
Salzburg;2024-11-07;107.34
Salzburg;2024-11-08;103.94
Salzburg;2024-11-09;100.81
Salzburg;2024-11-10;97.84
Salzburg;2024-11-11;94.83
Salzburg;2024-11-12;91.96
Salzburg;2024-11-13;89.15
Salzburg;2024-11-14;86.43
Salzburg;2024-11-15;83.89
Salzburg;2024-11-16;81.54
Salzburg;2024-11-17;79.4
Salzburg;2024-11-18;77.54
Salzburg;2024-11-19;75.96
Salzburg;2024-11-20;74.68
Salzburg;2024-11-21;73.61
Salzburg;2024-11-22;72.67
Salzburg;2024-11-23;71.72
Salzburg;2024-11-24;70.9
Salzburg;2024-11-25;70.11
Salzburg;2024-11-26;69.52
Salzburg;2024-11-27;69.22
Salzburg;2024-11-28;69.31
Salzburg;2024-11-29;69.65
Salzburg;2024-11-30;70.27
Salzburg;2024-12-01;71.37
Salzburg;2024-12-02;72.81
Salzburg;2024-12-03;74.63
Salzburg;2024-12-04;76.7
Salzburg;2024-12-05;78.99
Salzburg;2024-12-06;81.1
Salzburg;2024-12-07;82.81
Salzburg;2024-12-08;84.04
Salzburg;2024-12-09;84.53
Salzburg;2024-12-10;84.52
Salzburg;2024-12-11;84.11
Salzburg;2024-12-12;83.63
Salzburg;2024-12-13;83.02
Salzburg;2024-12-14;82.52
Salzburg;2024-12-15;82.01
Salzburg;2024-12-16;81.58
Salzburg;2024-12-17;81.13
Salzburg;2024-12-18;80.75
Salzburg;2024-12-19;80.31
Salzburg;2024-12-20;80.0
Salzburg;2024-12-21;79.87
Salzburg;2024-12-22;80.02
Salzburg;2024-12-23;80.51
Salzburg;2024-12-24;81.38
Salzburg;2024-12-25;82.48
Salzburg;2024-12-26;83.61
Salzburg;2024-12-27;84.82
Salzburg;2024-12-28;85.98
Salzburg;2024-12-29;87.0
Kärnten;2022-09-01;91.9
Kärnten;2022-09-02;92.65
Kärnten;2022-09-03;93.42
Kärnten;2022-09-04;94.31
Kärnten;2022-09-05;95.31
Kärnten;2022-09-06;96.51
Kärnten;2022-09-07;98.08
Kärnten;2022-09-08;100.15
Kärnten;2022-09-09;102.7
Kärnten;2022-09-10;105.84
Kärnten;2022-09-11;109.61
Kärnten;2022-09-12;114.2
Kärnten;2022-09-13;119.55
Kärnten;2022-09-14;125.68
Kärnten;2022-09-15;132.45
Kärnten;2022-09-16;139.85
Kärnten;2022-09-17;147.85
Kärnten;2022-09-18;156.4
Kärnten;2022-09-19;165.67
Kärnten;2022-09-20;175.51
Kärnten;2022-09-21;186.0
Kärnten;2022-09-22;196.91
Kärnten;2022-09-23;208.04
Kärnten;2022-09-24;219.28
Kärnten;2022-09-25;230.38
Kärnten;2022-09-26;241.02
Kärnten;2022-09-27;250.92
Kärnten;2022-09-28;259.75
Kärnten;2022-09-29;267.46
Kärnten;2022-09-30;274.07
Kärnten;2022-10-01;279.52
Kärnten;2022-10-02;283.87
Kärnten;2022-10-03;287.1
Kärnten;2022-10-04;289.26
Kärnten;2022-10-05;290.65
Kärnten;2022-10-06;291.26
Kärnten;2022-10-07;290.99
Kärnten;2022-10-08;289.6
Kärnten;2022-10-09;286.73
Kärnten;2022-10-10;282.2
Kärnten;2022-10-11;276.0
Kärnten;2022-10-12;268.35
Kärnten;2022-10-13;259.61
Kärnten;2022-10-14;250.01
Kärnten;2022-10-15;239.91
Kärnten;2022-10-16;229.65
Kärnten;2022-10-17;219.29
Kärnten;2022-10-18;209.09
Kärnten;2022-10-19;199.23
Kärnten;2022-10-20;189.81
Kärnten;2022-10-21;180.74
Kärnten;2022-10-22;172.16
Kärnten;2022-10-23;164.12
Kärnten;2022-10-24;156.56
Kärnten;2022-10-25;149.52
Kärnten;2022-10-26;142.91
Kärnten;2022-10-27;136.64
Kärnten;2022-10-28;130.64
Kärnten;2022-10-29;125.07
Kärnten;2022-10-30;119.84
Kärnten;2022-10-31;115.12
Kärnten;2022-11-01;110.9
Kärnten;2022-11-02;107.14
Kärnten;2022-11-03;103.91
Kärnten;2022-11-04;101.08
Kärnten;2022-11-05;98.73
Kärnten;2022-11-06;96.81
Kärnten;2022-11-07;95.46
Kärnten;2022-11-08;94.73
Kärnten;2022-11-09;94.64
Kärnten;2022-11-10;95.11
Kärnten;2022-11-11;95.96
Kärnten;2022-11-12;97.14
Kärnten;2022-11-13;98.37
Kärnten;2022-11-14;99.78
Kärnten;2022-11-15;101.31
Kärnten;2022-11-16;103.1
Kärnten;2022-11-17;105.0
Kärnten;2022-11-18;107.05
Kärnten;2022-11-19;109.11
Kärnten;2022-11-20;111.13
Kärnten;2022-11-21;113.19
Kärnten;2022-11-22;115.32
Kärnten;2022-11-23;117.58
Kärnten;2022-11-24;120.02
Kärnten;2022-11-25;122.47
Kärnten;2022-11-26;124.88
Kärnten;2022-11-27;127.06
Kärnten;2022-11-28;128.99
Kärnten;2022-11-29;130.56
Kärnten;2022-11-30;131.65
Kärnten;2022-12-01;132.48
Kärnten;2022-12-02;133.12
Kärnten;2022-12-03;133.71
Kärnten;2022-12-04;134.31
Kärnten;2022-12-05;135.11
Kärnten;2022-12-06;136.23
Kärnten;2022-12-07;137.72
Kärnten;2022-12-08;139.55
Kärnten;2022-12-09;141.62
Kärnten;2022-12-10;143.9
Kärnten;2022-12-11;146.35
Kärnten;2022-12-12;148.85
Kärnten;2022-12-13;151.62
Kärnten;2022-12-14;154.52
Kärnten;2022-12-15;157.5
Kärnten;2022-12-16;160.46
Kärnten;2022-12-17;163.16
Kärnten;2022-12-18;165.43
Kärnten;2022-12-19;167.12
Kärnten;2022-12-20;168.05
Kärnten;2022-12-21;168.34
Kärnten;2022-12-22;168.05
Kärnten;2022-12-23;167.31
Kärnten;2022-12-24;166.24
Kärnten;2022-12-25;164.94
Kärnten;2022-12-26;163.44
Kärnten;2022-12-27;161.68
Kärnten;2022-12-28;159.77
Kärnten;2022-12-29;157.57
Kärnten;2022-12-30;155.3
Kärnten;2022-12-31;152.86
Kärnten;2023-01-01;150.38
Kärnten;2023-01-02;147.7
Kärnten;2023-01-03;144.87
Kärnten;2023-01-04;141.88
Kärnten;2023-01-05;138.75
Kärnten;2023-01-06;135.58
Kärnten;2023-01-07;132.39
Kärnten;2023-01-08;129.22
Kärnten;2023-01-09;126.23
Kärnten;2023-01-10;123.45
Kärnten;2023-01-11;120.94
Kärnten;2023-01-12;118.64
Kärnten;2023-01-13;116.6
Kärnten;2023-01-14;114.64
Kärnten;2023-01-15;108.05
Kärnten;2023-01-16;106.43
Kärnten;2023-01-17;104.88
Kärnten;2023-01-18;103.52
Kärnten;2023-01-19;102.38
Kärnten;2023-01-20;101.54
Kärnten;2023-01-21;101.04
Kärnten;2023-01-22;101.07
Kärnten;2023-01-23;101.7
Kärnten;2023-01-24;103.04
Kärnten;2023-01-25;105.03
Kärnten;2023-01-26;107.6
Kärnten;2023-01-27;110.64
Kärnten;2023-01-28;114.05
Kärnten;2023-01-29;117.76
Kärnten;2023-01-30;121.78
Kärnten;2023-01-31;126.17
Kärnten;2023-02-01;130.91
Kärnten;2023-02-02;135.97
Kärnten;2023-02-03;141.12
Kärnten;2023-02-04;146.32
Kärnten;2023-02-05;151.52
Kärnten;2023-02-06;156.66
Kärnten;2023-02-07;161.77
Kärnten;2023-02-08;167.01
Kärnten;2023-02-09;172.38
Kärnten;2023-02-10;177.82
Kärnten;2023-02-11;183.26
Kärnten;2023-02-12;188.61
Kärnten;2023-02-13;193.97
Kärnten;2023-02-14;199.33
Kärnten;2023-02-15;204.78
Kärnten;2023-02-16;210.27
Kärnten;2023-02-17;215.52
Kärnten;2023-02-18;220.32
Kärnten;2023-02-19;224.47
Kärnten;2023-02-20;227.71
Kärnten;2023-02-21;230.21
Kärnten;2023-02-22;232.13
Kärnten;2023-02-23;233.57
Kärnten;2023-02-24;234.64
Kärnten;2023-02-25;235.41
Kärnten;2023-02-26;235.86
Kärnten;2023-02-27;235.86
Kärnten;2023-02-28;235.4
Kärnten;2023-03-01;234.4
Kärnten;2023-03-02;232.8
Kärnten;2023-03-03;230.73
Kärnten;2023-03-04;228.23
Kärnten;2023-03-05;225.21
Kärnten;2023-03-06;221.83
Kärnten;2023-03-07;218.13
Kärnten;2023-03-08;214.19
Kärnten;2023-03-09;210.03
Kärnten;2023-03-10;205.78
Kärnten;2023-03-11;201.28
Kärnten;2023-03-12;196.57
Kärnten;2023-03-13;191.67
Kärnten;2023-03-14;186.62
Kärnten;2023-03-15;181.43
Kärnten;2023-03-16;176.21
Kärnten;2023-03-17;170.9
Kärnten;2023-03-18;165.61
Kärnten;2023-03-19;160.28
Kärnten;2023-03-20;154.94
Kärnten;2023-03-21;149.67
Kärnten;2023-03-22;144.51
Kärnten;2023-03-23;139.45
Kärnten;2023-03-24;134.48
Kärnten;2023-03-25;129.46
Kärnten;2023-03-26;124.4
Kärnten;2023-03-27;119.4
Kärnten;2023-03-28;114.44
Kärnten;2023-03-29;109.67
Kärnten;2023-03-30;105.16
Kärnten;2023-03-31;100.89
Kärnten;2023-04-01;96.82
Kärnten;2023-04-02;93.07
Kärnten;2023-04-03;89.59
Kärnten;2023-04-04;86.47
Kärnten;2023-04-05;83.63
Kärnten;2023-04-06;81.08
Kärnten;2023-04-07;78.76
Kärnten;2023-04-08;76.6
Kärnten;2023-04-09;74.59
Kärnten;2023-04-10;72.73
Kärnten;2023-04-11;70.92
Kärnten;2023-04-12;69.23
Kärnten;2023-04-13;67.57
Kärnten;2023-04-14;65.96
Kärnten;2023-04-15;64.33
Kärnten;2023-04-16;62.69
Kärnten;2023-04-17;61.05
Kärnten;2023-04-18;59.48
Kärnten;2023-04-19;58.02
Kärnten;2023-04-20;56.62
Kärnten;2023-04-21;55.28
Kärnten;2023-04-22;54.04
Kärnten;2023-04-23;52.71
Kärnten;2023-04-24;51.4
Kärnten;2023-04-25;50.01
Kärnten;2023-04-26;48.51
Kärnten;2023-04-27;46.98
Kärnten;2023-04-28;45.43
Kärnten;2023-04-29;43.84
Kärnten;2023-04-30;42.24
Kärnten;2023-05-01;40.81
Kärnten;2023-05-02;39.42
Kärnten;2023-05-03;38.1
Kärnten;2023-05-04;36.88
Kärnten;2023-05-05;35.71
Kärnten;2023-05-06;34.57
Kärnten;2023-05-07;33.4
Kärnten;2023-05-08;32.23
Kärnten;2023-05-09;31.02
Kärnten;2023-05-10;29.81
Kärnten;2023-05-11;28.62
Kärnten;2023-05-12;27.43
Kärnten;2023-05-13;26.28
Kärnten;2023-05-14;25.21
Kärnten;2023-05-15;24.18
Kärnten;2023-05-16;23.28
Kärnten;2023-05-17;22.42
Kärnten;2023-05-18;21.68
Kärnten;2023-05-19;21.02
Kärnten;2023-05-20;20.38
Kärnten;2023-05-21;19.71
Kärnten;2023-05-22;19.07
Kärnten;2023-05-23;18.43
Kärnten;2023-05-24;17.81
Kärnten;2023-05-25;17.22
Kärnten;2023-05-26;16.64
Kärnten;2023-05-27;16.09
Kärnten;2023-05-28;15.54
Kärnten;2023-05-29;15.06
Kärnten;2023-05-30;14.64
Kärnten;2023-05-31;14.24
Kärnten;2023-06-01;13.89
Kärnten;2023-06-02;13.52
Kärnten;2023-06-03;13.21
Kärnten;2023-06-04;12.81
Kärnten;2023-06-05;12.42
Kärnten;2023-06-06;12.02
Kärnten;2023-06-07;11.59
Kärnten;2023-06-08;11.15
Kärnten;2023-06-09;10.7
Kärnten;2023-06-10;10.27
Kärnten;2023-06-11;9.86
Kärnten;2023-06-12;9.45
Kärnten;2023-06-13;9.03
Kärnten;2023-06-14;8.64
Kärnten;2023-06-15;8.25
Kärnten;2023-06-16;7.84
Kärnten;2023-06-17;7.49
Kärnten;2023-06-18;7.22
Kärnten;2023-06-19;6.97
Kärnten;2023-06-20;6.79
Kärnten;2023-06-21;6.63
Kärnten;2023-06-22;6.6
Kärnten;2023-06-23;6.56
Kärnten;2023-06-24;6.5
Kärnten;2023-06-25;6.52
Kärnten;2023-06-26;6.53
Kärnten;2023-06-27;6.51
Kärnten;2023-06-28;6.51
Kärnten;2023-06-29;6.52
Kärnten;2023-06-30;6.57
Kärnten;2023-07-01;6.62
Kärnten;2023-07-02;6.77
Kärnten;2023-07-03;6.94
Kärnten;2023-07-04;7.2
Kärnten;2023-07-05;7.5
Kärnten;2023-07-06;7.89
Kärnten;2023-07-07;8.25
Kärnten;2023-07-08;8.6
Kärnten;2023-07-09;8.92
Kärnten;2023-07-10;9.19
Kärnten;2023-07-11;9.38
Kärnten;2023-07-12;9.62
Kärnten;2023-07-13;9.82
Kärnten;2023-07-14;10.02
Kärnten;2023-07-15;10.27
Kärnten;2023-07-16;10.54
Kärnten;2023-07-17;10.87
Kärnten;2023-07-18;11.25
Kärnten;2023-07-19;11.7
Kärnten;2023-07-20;12.28
Kärnten;2023-07-21;12.89
Kärnten;2023-07-22;13.6
Kärnten;2023-07-23;14.36
Kärnten;2023-07-24;15.18
Kärnten;2023-07-25;16.15
Kärnten;2023-07-26;17.12
Kärnten;2023-07-27;18.2
Kärnten;2023-07-28;19.23
Kärnten;2023-07-29;20.21
Kärnten;2023-07-30;21.09
Kärnten;2023-07-31;21.84
Kärnten;2023-08-01;22.46
Kärnten;2023-08-02;22.96
Kärnten;2023-08-03;23.52
Kärnten;2023-08-04;24.06
Kärnten;2023-08-05;24.66
Kärnten;2023-08-06;25.36
Kärnten;2023-08-07;26.15
Kärnten;2023-08-08;27.09
Kärnten;2023-08-09;28.15
Kärnten;2023-08-10;29.28
Kärnten;2023-08-11;30.41
Kärnten;2023-08-12;31.66
Kärnten;2023-08-13;32.98
Kärnten;2023-08-14;34.37
Kärnten;2023-08-15;35.8
Kärnten;2023-08-16;37.35
Kärnten;2023-08-17;38.93
Kärnten;2023-08-18;40.63
Kärnten;2023-08-19;42.4
Kärnten;2023-08-20;44.18
Kärnten;2023-08-21;46.02
Kärnten;2023-08-22;47.93
Kärnten;2023-08-23;49.9
Kärnten;2023-08-24;51.74
Kärnten;2023-08-25;53.55
Kärnten;2023-08-26;55.07
Kärnten;2023-08-27;56.29
Kärnten;2023-08-28;57.12
Kärnten;2023-08-29;57.74
Kärnten;2023-08-30;58.25
Kärnten;2023-08-31;58.76
Kärnten;2023-09-01;59.29
Kärnten;2023-09-02;59.9
Kärnten;2023-09-03;60.57
Kärnten;2023-09-04;61.34
Kärnten;2023-09-05;62.22
Kärnten;2023-09-06;63.22
Kärnten;2023-09-07;64.27
Kärnten;2023-09-08;65.4
Kärnten;2023-09-09;66.63
Kärnten;2023-09-10;67.92
Kärnten;2023-09-11;69.26
Kärnten;2023-09-12;70.67
Kärnten;2023-09-13;72.14
Kärnten;2023-09-14;73.63
Kärnten;2023-09-15;75.17
Kärnten;2023-09-16;76.72
Kärnten;2023-09-17;78.25
Kärnten;2023-09-18;79.86
Kärnten;2023-09-19;81.6
Kärnten;2023-09-20;83.4
Kärnten;2023-09-21;85.47
Kärnten;2023-09-22;87.66
Kärnten;2023-09-23;90.11
Kärnten;2023-09-24;92.88
Kärnten;2023-09-25;95.92
Kärnten;2023-09-26;99.37
Kärnten;2023-09-27;103.07
Kärnten;2023-09-28;106.94
Kärnten;2023-09-29;110.87
Kärnten;2023-09-30;114.72
Kärnten;2023-10-01;118.3
Kärnten;2023-10-02;121.55
Kärnten;2023-10-03;124.32
Kärnten;2023-10-04;126.75
Kärnten;2023-10-05;128.88
Kärnten;2023-10-06;130.91
Kärnten;2023-10-07;132.98
Kärnten;2023-10-08;135.17
Kärnten;2023-10-09;137.61
Kärnten;2023-10-10;140.41
Kärnten;2023-10-11;143.4
Kärnten;2023-10-12;146.61
Kärnten;2023-10-13;149.91
Kärnten;2023-10-14;153.13
Kärnten;2023-10-15;156.15
Kärnten;2023-10-16;158.91
Kärnten;2023-10-17;161.32
Kärnten;2023-10-18;163.37
Kärnten;2023-10-19;165.12
Kärnten;2023-10-20;166.51
Kärnten;2023-10-21;167.6
Kärnten;2023-10-22;168.32
Kärnten;2023-10-23;168.75
Kärnten;2023-10-24;168.96
Kärnten;2023-10-25;169.13
Kärnten;2023-10-26;169.31
Kärnten;2023-10-27;169.75
Kärnten;2023-10-28;170.58
Kärnten;2023-10-29;171.88
Kärnten;2023-10-30;173.82
Kärnten;2023-10-31;176.56
Kärnten;2023-11-01;180.05
Kärnten;2023-11-02;184.35
Kärnten;2023-11-03;189.58
Kärnten;2023-11-04;195.87
Kärnten;2023-11-05;203.37
Kärnten;2023-11-06;212.34
Kärnten;2023-11-07;223.0
Kärnten;2023-11-08;235.12
Kärnten;2023-11-09;248.45
Kärnten;2023-11-10;262.79
Kärnten;2023-11-11;277.92
Kärnten;2023-11-12;293.6
Kärnten;2023-11-13;309.82
Kärnten;2023-11-14;326.59
Kärnten;2023-11-15;343.83
Kärnten;2023-11-16;361.53
Kärnten;2023-11-17;379.62
Kärnten;2023-11-18;398.02
Kärnten;2023-11-19;416.83
Kärnten;2023-11-20;435.98
Kärnten;2023-11-21;455.45
Kärnten;2023-11-22;475.02
Kärnten;2023-11-23;494.11
Kärnten;2023-11-24;512.04
Kärnten;2023-11-25;527.7
Kärnten;2023-11-26;540.24
Kärnten;2023-11-27;549.28
Kärnten;2023-11-28;555.23
Kärnten;2023-11-29;558.9
Kärnten;2023-11-30;561.14
Kärnten;2023-12-01;562.41
Kärnten;2023-12-02;563.08
Kärnten;2023-12-03;563.33
Kärnten;2023-12-04;563.35
Kärnten;2023-12-05;563.28
Kärnten;2023-12-06;563.18
Kärnten;2023-12-07;563.0
Kärnten;2023-12-08;562.61
Kärnten;2023-12-09;561.94
Kärnten;2023-12-10;560.75
Kärnten;2023-12-11;558.88
Kärnten;2023-12-12;556.1
Kärnten;2023-12-13;552.25
Kärnten;2023-12-14;547.26
Kärnten;2023-12-15;541.01
Kärnten;2023-12-16;533.47
Kärnten;2023-12-17;524.27
Kärnten;2023-12-18;513.49
Kärnten;2023-12-19;501.13
Kärnten;2023-12-20;487.55
Kärnten;2023-12-21;473.11
Kärnten;2023-12-22;458.05
Kärnten;2023-12-23;442.69
Kärnten;2023-12-24;427.09
Kärnten;2023-12-25;411.43
Kärnten;2023-12-26;395.82
Kärnten;2023-12-27;380.32
Kärnten;2023-12-28;364.93
Kärnten;2023-12-29;349.63
Kärnten;2023-12-30;334.52
Kärnten;2023-12-31;319.49
Kärnten;2024-01-01;304.61
Kärnten;2024-01-02;289.86
Kärnten;2024-01-03;275.2
Kärnten;2024-01-04;260.78
Kärnten;2024-01-05;246.58
Kärnten;2024-01-06;232.8
Kärnten;2024-01-07;219.59
Kärnten;2024-01-08;207.05
Kärnten;2024-01-09;195.35
Kärnten;2024-01-10;184.44
Kärnten;2024-01-11;174.32
Kärnten;2024-01-12;164.89
Kärnten;2024-01-13;156.08
Kärnten;2024-01-14;147.84
Kärnten;2024-01-15;140.29
Kärnten;2024-01-16;133.36
Kärnten;2024-01-17;126.96
Kärnten;2024-01-18;120.93
Kärnten;2024-01-19;115.18
Kärnten;2024-01-20;109.53
Kärnten;2024-01-21;103.93
Kärnten;2024-01-22;98.37
Kärnten;2024-01-23;92.96
Kärnten;2024-01-24;87.84
Kärnten;2024-01-25;82.98
Kärnten;2024-01-26;78.45
Kärnten;2024-01-27;74.27
Kärnten;2024-01-28;70.36
Kärnten;2024-01-29;66.9
Kärnten;2024-01-30;63.87
Kärnten;2024-01-31;61.2
Kärnten;2024-02-01;58.93
Kärnten;2024-02-02;56.91
Kärnten;2024-02-03;55.08
Kärnten;2024-02-04;53.3
Kärnten;2024-02-05;51.46
Kärnten;2024-02-06;49.48
Kärnten;2024-02-07;47.38
Kärnten;2024-02-08;45.0
Kärnten;2024-02-09;42.58
Kärnten;2024-02-10;40.16
Kärnten;2024-02-11;37.78
Kärnten;2024-02-12;35.48
Kärnten;2024-02-13;33.32
Kärnten;2024-02-14;31.32
Kärnten;2024-02-15;29.41
Kärnten;2024-02-16;27.58
Kärnten;2024-02-17;25.83
Kärnten;2024-02-18;24.14
Kärnten;2024-02-19;22.53
Kärnten;2024-02-20;21.01
Kärnten;2024-02-21;19.58
Kärnten;2024-02-22;18.18
Kärnten;2024-02-23;16.85
Kärnten;2024-02-24;15.63
Kärnten;2024-02-25;14.47
Kärnten;2024-02-26;13.37
Kärnten;2024-02-27;12.4
Kärnten;2024-02-28;11.56
Kärnten;2024-02-29;10.83
Kärnten;2024-03-01;10.19
Kärnten;2024-03-02;9.7
Kärnten;2024-03-03;9.24
Kärnten;2024-03-04;8.95
Kärnten;2024-03-05;8.64
Kärnten;2024-03-06;8.43
Kärnten;2024-03-07;8.23
Kärnten;2024-03-08;8.04
Kärnten;2024-03-09;7.91
Kärnten;2024-03-10;7.72
Kärnten;2024-03-11;7.56
Kärnten;2024-03-12;7.4
Kärnten;2024-03-13;7.18
Kärnten;2024-03-14;6.97
Kärnten;2024-03-15;6.74
Kärnten;2024-03-16;6.53
Kärnten;2024-03-17;6.28
Kärnten;2024-03-18;6.05
Kärnten;2024-03-19;5.82
Kärnten;2024-03-20;5.57
Kärnten;2024-03-21;5.37
Kärnten;2024-03-22;5.2
Kärnten;2024-03-23;5.02
Kärnten;2024-03-24;4.87
Kärnten;2024-03-25;4.75
Kärnten;2024-03-26;4.69
Kärnten;2024-03-27;4.63
Kärnten;2024-03-28;4.59
Kärnten;2024-03-29;4.62
Kärnten;2024-03-30;4.68
Kärnten;2024-03-31;4.73
Kärnten;2024-04-01;4.81
Kärnten;2024-04-02;4.91
Kärnten;2024-04-03;5.09
Kärnten;2024-04-04;5.25
Kärnten;2024-04-05;5.43
Kärnten;2024-04-06;5.59
Kärnten;2024-04-07;5.78
Kärnten;2024-04-08;5.98
Kärnten;2024-04-09;6.2
Kärnten;2024-04-10;6.42
Kärnten;2024-04-11;6.66
Kärnten;2024-04-12;6.89
Kärnten;2024-04-13;7.12
Kärnten;2024-04-14;7.32
Kärnten;2024-04-15;7.42
Kärnten;2024-04-16;7.52
Kärnten;2024-04-17;7.62
Kärnten;2024-04-18;7.67
Kärnten;2024-04-19;7.72
Kärnten;2024-04-20;7.75
Kärnten;2024-04-21;7.79
Kärnten;2024-04-22;7.89
Kärnten;2024-04-23;7.97
Kärnten;2024-04-24;8.08
Kärnten;2024-04-25;8.28
Kärnten;2024-04-26;8.45
Kärnten;2024-04-27;8.65
Kärnten;2024-04-28;8.82
Kärnten;2024-04-29;8.98
Kärnten;2024-04-30;9.17
Kärnten;2024-05-01;9.32
Kärnten;2024-05-02;9.47
Kärnten;2024-05-03;9.65
Kärnten;2024-05-04;9.84
Kärnten;2024-05-05;10.05
Kärnten;2024-05-06;10.34
Kärnten;2024-05-07;10.66
Kärnten;2024-05-08;11.01
Kärnten;2024-05-09;11.43
Kärnten;2024-05-10;11.87
Kärnten;2024-05-11;12.38
Kärnten;2024-05-12;12.98
Kärnten;2024-05-13;13.64
Kärnten;2024-05-14;14.29
Kärnten;2024-05-15;15.05
Kärnten;2024-05-16;15.83
Kärnten;2024-05-17;16.7
Kärnten;2024-05-18;17.52
Kärnten;2024-05-19;18.35
Kärnten;2024-05-20;19.13
Kärnten;2024-05-21;19.97
Kärnten;2024-05-22;20.79
Kärnten;2024-05-23;21.51
Kärnten;2024-05-24;22.21
Kärnten;2024-05-25;22.82
Kärnten;2024-05-26;23.25
Kärnten;2024-05-27;23.63
Kärnten;2024-05-28;23.9
Kärnten;2024-05-29;24.19
Kärnten;2024-05-30;24.53
Kärnten;2024-05-31;24.83
Kärnten;2024-06-01;25.2
Kärnten;2024-06-02;25.59
Kärnten;2024-06-03;26.0
Kärnten;2024-06-04;26.46
Kärnten;2024-06-05;26.99
Kärnten;2024-06-06;27.61
Kärnten;2024-06-07;28.21
Kärnten;2024-06-08;28.88
Kärnten;2024-06-09;29.59
Kärnten;2024-06-10;30.32
Kärnten;2024-06-11;31.1
Kärnten;2024-06-12;32.01
Kärnten;2024-06-13;33.12
Kärnten;2024-06-14;34.36
Kärnten;2024-06-15;35.69
Kärnten;2024-06-16;37.24
Kärnten;2024-06-17;38.96
Kärnten;2024-06-18;40.78
Kärnten;2024-06-19;42.67
Kärnten;2024-06-20;44.62
Kärnten;2024-06-21;46.49
Kärnten;2024-06-22;48.31
Kärnten;2024-06-23;50.03
Kärnten;2024-06-24;51.62
Kärnten;2024-06-25;53.22
Kärnten;2024-06-26;54.78
Kärnten;2024-06-27;56.4
Kärnten;2024-06-28;58.02
Kärnten;2024-06-29;59.64
Kärnten;2024-06-30;61.16
Kärnten;2024-07-01;62.68
Kärnten;2024-07-02;64.2
Kärnten;2024-07-03;65.7
Kärnten;2024-07-04;67.15
Kärnten;2024-07-05;68.59
Kärnten;2024-07-06;69.94
Kärnten;2024-07-07;71.15
Kärnten;2024-07-08;72.14
Kärnten;2024-07-09;72.99
Kärnten;2024-07-10;73.71
Kärnten;2024-07-11;74.31
Kärnten;2024-07-12;74.83
Kärnten;2024-07-13;75.19
Kärnten;2024-07-14;75.39
Kärnten;2024-07-15;75.52
Kärnten;2024-07-16;75.58
Kärnten;2024-07-17;75.73
Kärnten;2024-07-18;75.94
Kärnten;2024-07-19;76.29
Kärnten;2024-07-20;76.76
Kärnten;2024-07-21;77.33
Kärnten;2024-07-22;77.98
Kärnten;2024-07-23;78.85
Kärnten;2024-07-24;79.89
Kärnten;2024-07-25;81.12
Kärnten;2024-07-26;82.62
Kärnten;2024-07-27;84.44
Kärnten;2024-07-28;86.65
Kärnten;2024-07-29;89.26
Kärnten;2024-07-30;92.32
Kärnten;2024-07-31;95.64
Kärnten;2024-08-01;99.11
Kärnten;2024-08-02;102.52
Kärnten;2024-08-03;105.74
Kärnten;2024-08-04;108.56
Kärnten;2024-08-05;110.93
Kärnten;2024-08-06;112.85
Kärnten;2024-08-07;114.5
Kärnten;2024-08-08;116.0
Kärnten;2024-08-09;117.42
Kärnten;2024-08-10;118.8
Kärnten;2024-08-11;120.24
Kärnten;2024-08-12;121.79
Kärnten;2024-08-13;123.41
Kärnten;2024-08-14;125.1
Kärnten;2024-08-15;126.81
Kärnten;2024-08-16;128.48
Kärnten;2024-08-17;129.97
Kärnten;2024-08-18;131.2
Kärnten;2024-08-19;132.13
Kärnten;2024-08-20;132.91
Kärnten;2024-08-21;133.62
Kärnten;2024-08-22;134.48
Kärnten;2024-08-23;135.5
Kärnten;2024-08-24;136.68
Kärnten;2024-08-25;138.11
Kärnten;2024-08-26;139.73
Kärnten;2024-08-27;141.52
Kärnten;2024-08-28;143.48
Kärnten;2024-08-29;145.51
Kärnten;2024-08-30;147.52
Kärnten;2024-08-31;149.46
Kärnten;2024-09-01;151.19
Kärnten;2024-09-02;152.87
Kärnten;2024-09-03;154.61
Kärnten;2024-09-04;156.63
Kärnten;2024-09-05;159.06
Kärnten;2024-09-06;161.81
Kärnten;2024-09-07;164.92
Kärnten;2024-09-08;168.33
Kärnten;2024-09-09;172.22
Kärnten;2024-09-10;176.76
Kärnten;2024-09-11;182.13
Kärnten;2024-09-12;188.36
Kärnten;2024-09-13;195.46
Kärnten;2024-09-14;203.52
Kärnten;2024-09-15;212.5
Kärnten;2024-09-16;222.49
Kärnten;2024-09-17;233.31
Kärnten;2024-09-18;244.69
Kärnten;2024-09-19;256.43
Kärnten;2024-09-20;268.18
Kärnten;2024-09-21;279.53
Kärnten;2024-09-22;290.27
Kärnten;2024-09-23;300.12
Kärnten;2024-09-24;309.08
Kärnten;2024-09-25;317.23
Kärnten;2024-09-26;324.71
Kärnten;2024-09-27;331.46
Kärnten;2024-09-28;337.4
Kärnten;2024-09-29;342.41
Kärnten;2024-09-30;346.45
Kärnten;2024-10-01;349.65
Kärnten;2024-10-02;352.17
Kärnten;2024-10-03;353.97
Kärnten;2024-10-04;354.94
Kärnten;2024-10-05;354.68
Kärnten;2024-10-06;352.98
Kärnten;2024-10-07;349.69
Kärnten;2024-10-08;345.08
Kärnten;2024-10-09;339.54
Kärnten;2024-10-10;333.49
Kärnten;2024-10-11;327.03
Kärnten;2024-10-12;320.31
Kärnten;2024-10-13;313.34
Kärnten;2024-10-14;306.1
Kärnten;2024-10-15;298.5
Kärnten;2024-10-16;290.5
Kärnten;2024-10-17;282.12
Kärnten;2024-10-18;273.37
Kärnten;2024-10-19;264.36
Kärnten;2024-10-20;255.06
Kärnten;2024-10-21;245.53
Kärnten;2024-10-22;235.9
Kärnten;2024-10-23;226.14
Kärnten;2024-10-24;216.39
Kärnten;2024-10-25;206.66
Kärnten;2024-10-26;197.08
Kärnten;2024-10-27;187.7
Kärnten;2024-10-28;178.57
Kärnten;2024-10-29;169.94
Kärnten;2024-10-30;161.75
Kärnten;2024-10-31;154.16
Kärnten;2024-11-01;147.15
Kärnten;2024-11-02;140.68
Kärnten;2024-11-03;134.86
Kärnten;2024-11-04;129.83
Kärnten;2024-11-05;125.56
Kärnten;2024-11-06;121.97
Kärnten;2024-11-07;118.94
Kärnten;2024-11-08;116.28
Kärnten;2024-11-09;114.01
Kärnten;2024-11-10;112.08
Kärnten;2024-11-11;110.39
Kärnten;2024-11-12;109.03
Kärnten;2024-11-13;107.94
Kärnten;2024-11-14;107.14
Kärnten;2024-11-15;106.53
Kärnten;2024-11-16;106.14
Kärnten;2024-11-17;105.94
Kärnten;2024-11-18;106.03
Kärnten;2024-11-19;106.36
Kärnten;2024-11-20;107.04
Kärnten;2024-11-21;108.04
Kärnten;2024-11-22;109.31
Kärnten;2024-11-23;110.83
Kärnten;2024-11-24;112.54
Kärnten;2024-11-25;114.49
Kärnten;2024-11-26;116.57
Kärnten;2024-11-27;118.91
Kärnten;2024-11-28;121.43
Kärnten;2024-11-29;124.06
Kärnten;2024-11-30;126.77
Kärnten;2024-12-01;129.59
Kärnten;2024-12-02;132.37
Kärnten;2024-12-03;135.16
Kärnten;2024-12-04;137.89
Kärnten;2024-12-05;140.54
Kärnten;2024-12-06;142.95
Kärnten;2024-12-07;145.04
Kärnten;2024-12-08;146.58
Kärnten;2024-12-09;147.51
Kärnten;2024-12-10;147.76
Kärnten;2024-12-11;147.44
Kärnten;2024-12-12;146.64
Kärnten;2024-12-13;145.53
Kärnten;2024-12-14;144.14
Kärnten;2024-12-15;142.66
Kärnten;2024-12-16;141.1
Kärnten;2024-12-17;139.64
Kärnten;2024-12-18;138.35
Kärnten;2024-12-19;137.3
Kärnten;2024-12-20;136.53
Kärnten;2024-12-21;135.97
Kärnten;2024-12-22;135.66
Kärnten;2024-12-23;135.63
Kärnten;2024-12-24;135.73
Kärnten;2024-12-25;135.96
Kärnten;2024-12-26;136.18
Kärnten;2024-12-27;136.45
Kärnten;2024-12-28;136.69
Kärnten;2024-12-29;136.97
Oberösterreich;2022-09-01;76.4
Oberösterreich;2022-09-02;77.18
Oberösterreich;2022-09-03;77.99
Oberösterreich;2022-09-04;78.99
Oberösterreich;2022-09-05;80.05
Oberösterreich;2022-09-06;81.21
Oberösterreich;2022-09-07;82.66
Oberösterreich;2022-09-08;84.39
Oberösterreich;2022-09-09;86.41
Oberösterreich;2022-09-10;88.74
Oberösterreich;2022-09-11;91.6
Oberösterreich;2022-09-12;94.93
Oberösterreich;2022-09-13;98.8
Oberösterreich;2022-09-14;103.08
Oberösterreich;2022-09-15;107.86
Oberösterreich;2022-09-16;113.11
Oberösterreich;2022-09-17;118.87
Oberösterreich;2022-09-18;125.33
Oberösterreich;2022-09-19;132.67
Oberösterreich;2022-09-20;140.89
Oberösterreich;2022-09-21;150.04
Oberösterreich;2022-09-22;160.11
Oberösterreich;2022-09-23;170.86
Oberösterreich;2022-09-24;182.34
Oberösterreich;2022-09-25;194.33
Oberösterreich;2022-09-26;206.82
Oberösterreich;2022-09-27;219.37
Oberösterreich;2022-09-28;231.65
Oberösterreich;2022-09-29;243.34
Oberösterreich;2022-09-30;254.18
Oberösterreich;2022-10-01;263.84
Oberösterreich;2022-10-02;272.08
Oberösterreich;2022-10-03;278.45
Oberösterreich;2022-10-04;282.74
Oberösterreich;2022-10-05;285.02
Oberösterreich;2022-10-06;285.35
Oberösterreich;2022-10-07;284.08
Oberösterreich;2022-10-08;281.19
Oberösterreich;2022-10-09;276.72
Oberösterreich;2022-10-10;270.55
Oberösterreich;2022-10-11;262.81
Oberösterreich;2022-10-12;253.69
Oberösterreich;2022-10-13;243.61
Oberösterreich;2022-10-14;232.75
Oberösterreich;2022-10-15;221.49
Oberösterreich;2022-10-16;210.13
Oberösterreich;2022-10-17;198.87
Oberösterreich;2022-10-18;188.22
Oberösterreich;2022-10-19;178.33
Oberösterreich;2022-10-20;169.37
Oberösterreich;2022-10-21;161.0
Oberösterreich;2022-10-22;153.23
Oberösterreich;2022-10-23;145.88
Oberösterreich;2022-10-24;138.92
Oberösterreich;2022-10-25;132.35
Oberösterreich;2022-10-26;126.03
Oberösterreich;2022-10-27;120.01
Oberösterreich;2022-10-28;114.38
Oberösterreich;2022-10-29;109.21
Oberösterreich;2022-10-30;104.63
Oberösterreich;2022-10-31;100.75
Oberösterreich;2022-11-01;97.54
Oberösterreich;2022-11-02;95.01
Oberösterreich;2022-11-03;92.98
Oberösterreich;2022-11-04;91.35
Oberösterreich;2022-11-05;90.01
Oberösterreich;2022-11-06;88.97
Oberösterreich;2022-11-07;88.28
Oberösterreich;2022-11-08;88.1
Oberösterreich;2022-11-09;88.27
Oberösterreich;2022-11-10;88.9
Oberösterreich;2022-11-11;89.78
Oberösterreich;2022-11-12;90.77
Oberösterreich;2022-11-13;91.86
Oberösterreich;2022-11-14;93.07
Oberösterreich;2022-11-15;94.32
Oberösterreich;2022-11-16;95.7
Oberösterreich;2022-11-17;97.12
Oberösterreich;2022-11-18;98.53
Oberösterreich;2022-11-19;99.97
Oberösterreich;2022-11-20;101.33
Oberösterreich;2022-11-21;102.66
Oberösterreich;2022-11-22;103.89
Oberösterreich;2022-11-23;105.08
Oberösterreich;2022-11-24;106.29
Oberösterreich;2022-11-25;107.49
Oberösterreich;2022-11-26;108.63
Oberösterreich;2022-11-27;109.69
Oberösterreich;2022-11-28;110.66
Oberösterreich;2022-11-29;111.66
Oberösterreich;2022-11-30;112.72
Oberösterreich;2022-12-01;113.8
Oberösterreich;2022-12-02;114.96
Oberösterreich;2022-12-03;116.18
Oberösterreich;2022-12-04;117.43
Oberösterreich;2022-12-05;118.81
Oberösterreich;2022-12-06;120.44
Oberösterreich;2022-12-07;122.34
Oberösterreich;2022-12-08;124.63
Oberösterreich;2022-12-09;126.93
Oberösterreich;2022-12-10;129.29
Oberösterreich;2022-12-11;131.43
Oberösterreich;2022-12-12;133.44
Oberösterreich;2022-12-13;135.34
Oberösterreich;2022-12-14;137.29
Oberösterreich;2022-12-15;139.19
Oberösterreich;2022-12-16;141.09
Oberösterreich;2022-12-17;142.73
Oberösterreich;2022-12-18;144.13
Oberösterreich;2022-12-19;145.16
Oberösterreich;2022-12-20;145.7
Oberösterreich;2022-12-21;146.04
Oberösterreich;2022-12-22;146.1
Oberösterreich;2022-12-23;146.03
Oberösterreich;2022-12-24;145.78
Oberösterreich;2022-12-25;145.5
Oberösterreich;2022-12-26;144.95
Oberösterreich;2022-12-27;144.16
Oberösterreich;2022-12-28;143.09
Oberösterreich;2022-12-29;141.58
Oberösterreich;2022-12-30;139.73
Oberösterreich;2022-12-31;137.63
Oberösterreich;2023-01-01;135.33
Oberösterreich;2023-01-02;132.81
Oberösterreich;2023-01-03;130.18
Oberösterreich;2023-01-04;127.36
Oberösterreich;2023-01-05;124.58
Oberösterreich;2023-01-06;121.92
Oberösterreich;2023-01-07;119.55
Oberösterreich;2023-01-08;117.58
Oberösterreich;2023-01-09;116.29
Oberösterreich;2023-01-10;115.56
Oberösterreich;2023-01-11;115.53
Oberösterreich;2023-01-12;116.04
Oberösterreich;2023-01-13;116.95
Oberösterreich;2023-01-14;118.3
Oberösterreich;2023-01-15;118.47
Oberösterreich;2023-01-16;120.5
Oberösterreich;2023-01-17;122.93
Oberösterreich;2023-01-18;125.89
Oberösterreich;2023-01-19;129.26
Oberösterreich;2023-01-20;132.95
Oberösterreich;2023-01-21;136.88
Oberösterreich;2023-01-22;140.92
Oberösterreich;2023-01-23;145.22
Oberösterreich;2023-01-24;149.84
Oberösterreich;2023-01-25;155.12
Oberösterreich;2023-01-26;160.97
Oberösterreich;2023-01-27;167.33
Oberösterreich;2023-01-28;174.13
Oberösterreich;2023-01-29;181.35
Oberösterreich;2023-01-30;189.04
Oberösterreich;2023-01-31;197.37
Oberösterreich;2023-02-01;206.29
Oberösterreich;2023-02-02;215.83
Oberösterreich;2023-02-03;225.82
Oberösterreich;2023-02-04;236.31
Oberösterreich;2023-02-05;247.2
Oberösterreich;2023-02-06;258.44
Oberösterreich;2023-02-07;270.0
Oberösterreich;2023-02-08;281.71
Oberösterreich;2023-02-09;293.5
Oberösterreich;2023-02-10;305.3
Oberösterreich;2023-02-11;317.01
Oberösterreich;2023-02-12;328.41
Oberösterreich;2023-02-13;339.51
Oberösterreich;2023-02-14;350.22
Oberösterreich;2023-02-15;360.42
Oberösterreich;2023-02-16;369.9
Oberösterreich;2023-02-17;378.3
Oberösterreich;2023-02-18;385.18
Oberösterreich;2023-02-19;389.96
Oberösterreich;2023-02-20;392.2
Oberösterreich;2023-02-21;391.76
Oberösterreich;2023-02-22;388.94
Oberösterreich;2023-02-23;384.42
Oberösterreich;2023-02-24;378.67
Oberösterreich;2023-02-25;372.32
Oberösterreich;2023-02-26;365.81
Oberösterreich;2023-02-27;359.42
Oberösterreich;2023-02-28;353.22
Oberösterreich;2023-03-01;347.27
Oberösterreich;2023-03-02;341.39
Oberösterreich;2023-03-03;335.65
Oberösterreich;2023-03-04;329.99
Oberösterreich;2023-03-05;324.31
Oberösterreich;2023-03-06;318.86
Oberösterreich;2023-03-07;313.58
Oberösterreich;2023-03-08;308.64
Oberösterreich;2023-03-09;303.91
Oberösterreich;2023-03-10;299.14
Oberösterreich;2023-03-11;294.24
Oberösterreich;2023-03-12;288.87
Oberösterreich;2023-03-13;282.69
Oberösterreich;2023-03-14;275.35
Oberösterreich;2023-03-15;266.81
Oberösterreich;2023-03-16;257.19
Oberösterreich;2023-03-17;246.85
Oberösterreich;2023-03-18;236.17
Oberösterreich;2023-03-19;225.5
Oberösterreich;2023-03-20;215.08
Oberösterreich;2023-03-21;205.09
Oberösterreich;2023-03-22;195.59
Oberösterreich;2023-03-23;186.6
Oberösterreich;2023-03-24;177.98
Oberösterreich;2023-03-25;169.8
Oberösterreich;2023-03-26;162.16
Oberösterreich;2023-03-27;155.09
Oberösterreich;2023-03-28;148.81
Oberösterreich;2023-03-29;143.35
Oberösterreich;2023-03-30;138.62
Oberösterreich;2023-03-31;134.52
Oberösterreich;2023-04-01;130.85
Oberösterreich;2023-04-02;127.44
Oberösterreich;2023-04-03;124.06
Oberösterreich;2023-04-04;120.68
Oberösterreich;2023-04-05;117.04
Oberösterreich;2023-04-06;113.14
Oberösterreich;2023-04-07;109.01
Oberösterreich;2023-04-08;104.84
Oberösterreich;2023-04-09;100.57
Oberösterreich;2023-04-10;96.36
Oberösterreich;2023-04-11;92.12
Oberösterreich;2023-04-12;88.04
Oberösterreich;2023-04-13;83.99
Oberösterreich;2023-04-14;80.05
Oberösterreich;2023-04-15;76.22
Oberösterreich;2023-04-16;72.53
Oberösterreich;2023-04-17;69.05
Oberösterreich;2023-04-18;65.85
Oberösterreich;2023-04-19;62.9
Oberösterreich;2023-04-20;60.25
Oberösterreich;2023-04-21;57.74
Oberösterreich;2023-04-22;55.45
Oberösterreich;2023-04-23;53.28
Oberösterreich;2023-04-24;51.22
Oberösterreich;2023-04-25;49.29
Oberösterreich;2023-04-26;47.4
Oberösterreich;2023-04-27;45.62
Oberösterreich;2023-04-28;43.92
Oberösterreich;2023-04-29;42.28
Oberösterreich;2023-04-30;40.66
Oberösterreich;2023-05-01;39.14
Oberösterreich;2023-05-02;37.7
Oberösterreich;2023-05-03;36.3
Oberösterreich;2023-05-04;34.99
Oberösterreich;2023-05-05;33.78
Oberösterreich;2023-05-06;32.54
Oberösterreich;2023-05-07;31.44
Oberösterreich;2023-05-08;30.37
Oberösterreich;2023-05-09;29.36
Oberösterreich;2023-05-10;28.55
Oberösterreich;2023-05-11;27.8
Oberösterreich;2023-05-12;27.17
Oberösterreich;2023-05-13;26.63
Oberösterreich;2023-05-14;26.12
Oberösterreich;2023-05-15;25.7
Oberösterreich;2023-05-16;25.38
Oberösterreich;2023-05-17;25.02
Oberösterreich;2023-05-18;24.71
Oberösterreich;2023-05-19;24.35
Oberösterreich;2023-05-20;24.0
Oberösterreich;2023-05-21;23.53
Oberösterreich;2023-05-22;22.99
Oberösterreich;2023-05-23;22.41
Oberösterreich;2023-05-24;21.75
Oberösterreich;2023-05-25;21.04
Oberösterreich;2023-05-26;20.27
Oberösterreich;2023-05-27;19.44
Oberösterreich;2023-05-28;18.63
Oberösterreich;2023-05-29;17.76
Oberösterreich;2023-05-30;16.9
Oberösterreich;2023-05-31;16.0
Oberösterreich;2023-06-01;15.17
Oberösterreich;2023-06-02;14.36
Oberösterreich;2023-06-03;13.54
Oberösterreich;2023-06-04;12.8
Oberösterreich;2023-06-05;12.13
Oberösterreich;2023-06-06;11.57
Oberösterreich;2023-06-07;11.1
Oberösterreich;2023-06-08;10.78
Oberösterreich;2023-06-09;10.44
Oberösterreich;2023-06-10;10.23
Oberösterreich;2023-06-11;10.14
Oberösterreich;2023-06-12;10.14
Oberösterreich;2023-06-13;10.19
Oberösterreich;2023-06-14;10.33
Oberösterreich;2023-06-15;10.59
Oberösterreich;2023-06-16;10.86
Oberösterreich;2023-06-17;11.2
Oberösterreich;2023-06-18;11.44
Oberösterreich;2023-06-19;11.65
Oberösterreich;2023-06-20;11.67
Oberösterreich;2023-06-21;11.56
Oberösterreich;2023-06-22;11.2
Oberösterreich;2023-06-23;10.75
Oberösterreich;2023-06-24;10.2
Oberösterreich;2023-06-25;9.65
Oberösterreich;2023-06-26;9.14
Oberösterreich;2023-06-27;8.64
Oberösterreich;2023-06-28;8.23
Oberösterreich;2023-06-29;7.86
Oberösterreich;2023-06-30;7.59
Oberösterreich;2023-07-01;7.32
Oberösterreich;2023-07-02;7.17
Oberösterreich;2023-07-03;7.05
Oberösterreich;2023-07-04;6.91
Oberösterreich;2023-07-05;6.84
Oberösterreich;2023-07-06;6.82
Oberösterreich;2023-07-07;6.8
Oberösterreich;2023-07-08;6.79
Oberösterreich;2023-07-09;6.84
Oberösterreich;2023-07-10;6.91
Oberösterreich;2023-07-11;7.02
Oberösterreich;2023-07-12;7.16
Oberösterreich;2023-07-13;7.29
Oberösterreich;2023-07-14;7.43
Oberösterreich;2023-07-15;7.64
Oberösterreich;2023-07-16;7.89
Oberösterreich;2023-07-17;8.09
Oberösterreich;2023-07-18;8.46
Oberösterreich;2023-07-19;8.78
Oberösterreich;2023-07-20;9.18
Oberösterreich;2023-07-21;9.7
Oberösterreich;2023-07-22;10.14
Oberösterreich;2023-07-23;10.59
Oberösterreich;2023-07-24;11.03
Oberösterreich;2023-07-25;11.5
Oberösterreich;2023-07-26;11.9
Oberösterreich;2023-07-27;12.25
Oberösterreich;2023-07-28;12.68
Oberösterreich;2023-07-29;13.19
Oberösterreich;2023-07-30;13.74
Oberösterreich;2023-07-31;14.32
Oberösterreich;2023-08-01;15.08
Oberösterreich;2023-08-02;15.95
Oberösterreich;2023-08-03;16.9
Oberösterreich;2023-08-04;17.91
Oberösterreich;2023-08-05;19.02
Oberösterreich;2023-08-06;20.21
Oberösterreich;2023-08-07;21.49
Oberösterreich;2023-08-08;22.78
Oberösterreich;2023-08-09;24.14
Oberösterreich;2023-08-10;25.43
Oberösterreich;2023-08-11;26.75
Oberösterreich;2023-08-12;27.97
Oberösterreich;2023-08-13;29.09
Oberösterreich;2023-08-14;30.02
Oberösterreich;2023-08-15;30.87
Oberösterreich;2023-08-16;31.47
Oberösterreich;2023-08-17;31.97
Oberösterreich;2023-08-18;32.32
Oberösterreich;2023-08-19;32.6
Oberösterreich;2023-08-20;32.83
Oberösterreich;2023-08-21;32.99
Oberösterreich;2023-08-22;33.17
Oberösterreich;2023-08-23;33.43
Oberösterreich;2023-08-24;33.82
Oberösterreich;2023-08-25;34.3
Oberösterreich;2023-08-26;35.08
Oberösterreich;2023-08-27;36.01
Oberösterreich;2023-08-28;37.3
Oberösterreich;2023-08-29;38.8
Oberösterreich;2023-08-30;40.59
Oberösterreich;2023-08-31;42.57
Oberösterreich;2023-09-01;44.62
Oberösterreich;2023-09-02;46.67
Oberösterreich;2023-09-03;48.69
Oberösterreich;2023-09-04;50.61
Oberösterreich;2023-09-05;52.33
Oberösterreich;2023-09-06;53.9
Oberösterreich;2023-09-07;55.34
Oberösterreich;2023-09-08;56.55
Oberösterreich;2023-09-09;57.69
Oberösterreich;2023-09-10;58.79
Oberösterreich;2023-09-11;59.88
Oberösterreich;2023-09-12;61.08
Oberösterreich;2023-09-13;62.5
Oberösterreich;2023-09-14;64.15
Oberösterreich;2023-09-15;65.98
Oberösterreich;2023-09-16;67.89
Oberösterreich;2023-09-17;69.87
Oberösterreich;2023-09-18;71.94
Oberösterreich;2023-09-19;73.99
Oberösterreich;2023-09-20;76.18
Oberösterreich;2023-09-21;78.39
Oberösterreich;2023-09-22;80.64
Oberösterreich;2023-09-23;82.74
Oberösterreich;2023-09-24;84.61
Oberösterreich;2023-09-25;86.3
Oberösterreich;2023-09-26;87.64
Oberösterreich;2023-09-27;88.77
Oberösterreich;2023-09-28;89.59
Oberösterreich;2023-09-29;90.13
Oberösterreich;2023-09-30;90.4
Oberösterreich;2023-10-01;90.28
Oberösterreich;2023-10-02;89.82
Oberösterreich;2023-10-03;89.15
Oberösterreich;2023-10-04;88.5
Oberösterreich;2023-10-05;87.91
Oberösterreich;2023-10-06;87.44
Oberösterreich;2023-10-07;87.04
Oberösterreich;2023-10-08;86.87
Oberösterreich;2023-10-09;86.88
Oberösterreich;2023-10-10;87.37
Oberösterreich;2023-10-11;88.26
Oberösterreich;2023-10-12;89.63
Oberösterreich;2023-10-13;91.52
Oberösterreich;2023-10-14;93.86
Oberösterreich;2023-10-15;96.68
Oberösterreich;2023-10-16;100.08
Oberösterreich;2023-10-17;104.01
Oberösterreich;2023-10-18;108.41
Oberösterreich;2023-10-19;113.04
Oberösterreich;2023-10-20;117.85
Oberösterreich;2023-10-21;122.67
Oberösterreich;2023-10-22;127.49
Oberösterreich;2023-10-23;132.11
Oberösterreich;2023-10-24;136.74
Oberösterreich;2023-10-25;141.22
Oberösterreich;2023-10-26;145.63
Oberösterreich;2023-10-27;149.87
Oberösterreich;2023-10-28;153.78
Oberösterreich;2023-10-29;157.25
Oberösterreich;2023-10-30;160.24
Oberösterreich;2023-10-31;162.93
Oberösterreich;2023-11-01;165.36
Oberösterreich;2023-11-02;167.83
Oberösterreich;2023-11-03;170.53
Oberösterreich;2023-11-04;173.71
Oberösterreich;2023-11-05;177.7
Oberösterreich;2023-11-06;182.63
Oberösterreich;2023-11-07;188.5
Oberösterreich;2023-11-08;195.2
Oberösterreich;2023-11-09;202.61
Oberösterreich;2023-11-10;210.57
Oberösterreich;2023-11-11;219.13
Oberösterreich;2023-11-12;228.43
Oberösterreich;2023-11-13;238.52
Oberösterreich;2023-11-14;249.44
Oberösterreich;2023-11-15;261.27
Oberösterreich;2023-11-16;273.83
Oberösterreich;2023-11-17;287.31
Oberösterreich;2023-11-18;301.78
Oberösterreich;2023-11-19;317.31
Oberösterreich;2023-11-20;333.81
Oberösterreich;2023-11-21;351.13
Oberösterreich;2023-11-22;368.62
Oberösterreich;2023-11-23;385.98
Oberösterreich;2023-11-24;402.59
Oberösterreich;2023-11-25;417.98
Oberösterreich;2023-11-26;431.54
Oberösterreich;2023-11-27;442.61
Oberösterreich;2023-11-28;450.98
Oberösterreich;2023-11-29;456.51
Oberösterreich;2023-11-30;459.73
Oberösterreich;2023-12-01;461.09
Oberösterreich;2023-12-02;461.18
Oberösterreich;2023-12-03;460.33
Oberösterreich;2023-12-04;458.87
Oberösterreich;2023-12-05;457.32
Oberösterreich;2023-12-06;455.87
Oberösterreich;2023-12-07;454.65
Oberösterreich;2023-12-08;453.27
Oberösterreich;2023-12-09;451.65
Oberösterreich;2023-12-10;449.54
Oberösterreich;2023-12-11;446.93
Oberösterreich;2023-12-12;444.22
Oberösterreich;2023-12-13;441.56
Oberösterreich;2023-12-14;439.05
Oberösterreich;2023-12-15;436.27
Oberösterreich;2023-12-16;432.75
Oberösterreich;2023-12-17;428.06
Oberösterreich;2023-12-18;421.79
Oberösterreich;2023-12-19;413.93
Oberösterreich;2023-12-20;404.58
Oberösterreich;2023-12-21;394.04
Oberösterreich;2023-12-22;382.91
Oberösterreich;2023-12-23;371.36
Oberösterreich;2023-12-24;359.73
Oberösterreich;2023-12-25;347.85
Oberösterreich;2023-12-26;335.39
Oberösterreich;2023-12-27;322.01
Oberösterreich;2023-12-28;307.66
Oberösterreich;2023-12-29;292.69
Oberösterreich;2023-12-30;277.27
Oberösterreich;2023-12-31;261.86
Oberösterreich;2024-01-01;246.52
Oberösterreich;2024-01-02;231.41
Oberösterreich;2024-01-03;216.47
Oberösterreich;2024-01-04;201.9
Oberösterreich;2024-01-05;187.73
Oberösterreich;2024-01-06;174.24
Oberösterreich;2024-01-07;161.61
Oberösterreich;2024-01-08;150.1
Oberösterreich;2024-01-09;139.72
Oberösterreich;2024-01-10;130.38
Oberösterreich;2024-01-11;121.88
Oberösterreich;2024-01-12;114.21
Oberösterreich;2024-01-13;107.14
Oberösterreich;2024-01-14;100.72
Oberösterreich;2024-01-15;94.94
Oberösterreich;2024-01-16;89.78
Oberösterreich;2024-01-17;85.05
Oberösterreich;2024-01-18;80.82
Oberösterreich;2024-01-19;76.94
Oberösterreich;2024-01-20;73.36
Oberösterreich;2024-01-21;70.1
Oberösterreich;2024-01-22;67.03
Oberösterreich;2024-01-23;64.19
Oberösterreich;2024-01-24;61.57
Oberösterreich;2024-01-25;58.98
Oberösterreich;2024-01-26;56.48
Oberösterreich;2024-01-27;53.99
Oberösterreich;2024-01-28;51.54
Oberösterreich;2024-01-29;49.19
Oberösterreich;2024-01-30;46.86
Oberösterreich;2024-01-31;44.75
Oberösterreich;2024-02-01;42.77
Oberösterreich;2024-02-02;40.88
Oberösterreich;2024-02-03;39.12
Oberösterreich;2024-02-04;37.45
Oberösterreich;2024-02-05;35.93
Oberösterreich;2024-02-06;34.49
Oberösterreich;2024-02-07;33.05
Oberösterreich;2024-02-08;31.76
Oberösterreich;2024-02-09;30.52
Oberösterreich;2024-02-10;29.35
Oberösterreich;2024-02-11;28.32
Oberösterreich;2024-02-12;27.51
Oberösterreich;2024-02-13;26.86
Oberösterreich;2024-02-14;26.4
Oberösterreich;2024-02-15;26.05
Oberösterreich;2024-02-16;25.67
Oberösterreich;2024-02-17;25.11
Oberösterreich;2024-02-18;24.32
Oberösterreich;2024-02-19;23.33
Oberösterreich;2024-02-20;22.04
Oberösterreich;2024-02-21;20.71
Oberösterreich;2024-02-22;19.32
Oberösterreich;2024-02-23;17.95
Oberösterreich;2024-02-24;16.61
Oberösterreich;2024-02-25;15.33
Oberösterreich;2024-02-26;14.14
Oberösterreich;2024-02-27;13.02
Oberösterreich;2024-02-28;12.04
Oberösterreich;2024-02-29;11.14
Oberösterreich;2024-03-01;10.39
Oberösterreich;2024-03-02;9.68
Oberösterreich;2024-03-03;9.06
Oberösterreich;2024-03-04;8.5
Oberösterreich;2024-03-05;8.01
Oberösterreich;2024-03-06;7.52
Oberösterreich;2024-03-07;7.16
Oberösterreich;2024-03-08;6.82
Oberösterreich;2024-03-09;6.47
Oberösterreich;2024-03-10;6.23
Oberösterreich;2024-03-11;5.97
Oberösterreich;2024-03-12;5.75
Oberösterreich;2024-03-13;5.6
Oberösterreich;2024-03-14;5.44
Oberösterreich;2024-03-15;5.27
Oberösterreich;2024-03-16;5.12
Oberösterreich;2024-03-17;4.97
Oberösterreich;2024-03-18;4.8
Oberösterreich;2024-03-19;4.65
Oberösterreich;2024-03-20;4.45
Oberösterreich;2024-03-21;4.31
Oberösterreich;2024-03-22;4.22
Oberösterreich;2024-03-23;4.06
Oberösterreich;2024-03-24;3.95
Oberösterreich;2024-03-25;3.84
Oberösterreich;2024-03-26;3.72
Oberösterreich;2024-03-27;3.65
Oberösterreich;2024-03-28;3.58
Oberösterreich;2024-03-29;3.53
Oberösterreich;2024-03-30;3.45
Oberösterreich;2024-03-31;3.39
Oberösterreich;2024-04-01;3.4
Oberösterreich;2024-04-02;3.28
Oberösterreich;2024-04-03;3.24
Oberösterreich;2024-04-04;3.2
Oberösterreich;2024-04-05;3.17
Oberösterreich;2024-04-06;3.07
Oberösterreich;2024-04-07;3.03
Oberösterreich;2024-04-08;3.0
Oberösterreich;2024-04-09;2.94
Oberösterreich;2024-04-10;2.91
Oberösterreich;2024-04-11;2.92
Oberösterreich;2024-04-12;2.87
Oberösterreich;2024-04-13;2.89
Oberösterreich;2024-04-14;3.0
Oberösterreich;2024-04-15;3.06
Oberösterreich;2024-04-16;3.2
Oberösterreich;2024-04-17;3.42
Oberösterreich;2024-04-18;3.61
Oberösterreich;2024-04-19;3.84
Oberösterreich;2024-04-20;4.1
Oberösterreich;2024-04-21;4.37
Oberösterreich;2024-04-22;4.62
Oberösterreich;2024-04-23;4.94
Oberösterreich;2024-04-24;5.2
Oberösterreich;2024-04-25;5.47
Oberösterreich;2024-04-26;5.73
Oberösterreich;2024-04-27;6.01
Oberösterreich;2024-04-28;6.27
Oberösterreich;2024-04-29;6.54
Oberösterreich;2024-04-30;6.89
Oberösterreich;2024-05-01;7.22
Oberösterreich;2024-05-02;7.58
Oberösterreich;2024-05-03;7.98
Oberösterreich;2024-05-04;8.43
Oberösterreich;2024-05-05;8.89
Oberösterreich;2024-05-06;9.36
Oberösterreich;2024-05-07;9.87
Oberösterreich;2024-05-08;10.46
Oberösterreich;2024-05-09;11.06
Oberösterreich;2024-05-10;11.67
Oberösterreich;2024-05-11;12.34
Oberösterreich;2024-05-12;12.99
Oberösterreich;2024-05-13;13.56
Oberösterreich;2024-05-14;14.09
Oberösterreich;2024-05-15;14.51
Oberösterreich;2024-05-16;14.88
Oberösterreich;2024-05-17;15.22
Oberösterreich;2024-05-18;15.41
Oberösterreich;2024-05-19;15.62
Oberösterreich;2024-05-20;15.79
Oberösterreich;2024-05-21;15.91
Oberösterreich;2024-05-22;15.98
Oberösterreich;2024-05-23;16.13
Oberösterreich;2024-05-24;16.33
Oberösterreich;2024-05-25;16.47
Oberösterreich;2024-05-26;16.72
Oberösterreich;2024-05-27;16.98
Oberösterreich;2024-05-28;17.36
Oberösterreich;2024-05-29;17.69
Oberösterreich;2024-05-30;18.03
Oberösterreich;2024-05-31;18.45
Oberösterreich;2024-06-01;18.84
Oberösterreich;2024-06-02;19.32
Oberösterreich;2024-06-03;19.83
Oberösterreich;2024-06-04;20.39
Oberösterreich;2024-06-05;21.08
Oberösterreich;2024-06-06;21.93
Oberösterreich;2024-06-07;22.82
Oberösterreich;2024-06-08;23.86
Oberösterreich;2024-06-09;25.05
Oberösterreich;2024-06-10;26.28
Oberösterreich;2024-06-11;27.65
Oberösterreich;2024-06-12;29.03
Oberösterreich;2024-06-13;30.42
Oberösterreich;2024-06-14;31.74
Oberösterreich;2024-06-15;32.96
Oberösterreich;2024-06-16;34.06
Oberösterreich;2024-06-17;35.09
Oberösterreich;2024-06-18;35.95
Oberösterreich;2024-06-19;36.88
Oberösterreich;2024-06-20;37.76
Oberösterreich;2024-06-21;38.62
Oberösterreich;2024-06-22;39.43
Oberösterreich;2024-06-23;40.22
Oberösterreich;2024-06-24;40.9
Oberösterreich;2024-06-25;41.55
Oberösterreich;2024-06-26;42.08
Oberösterreich;2024-06-27;42.62
Oberösterreich;2024-06-28;43.14
Oberösterreich;2024-06-29;43.72
Oberösterreich;2024-06-30;44.3
Oberösterreich;2024-07-01;44.92
Oberösterreich;2024-07-02;45.64
Oberösterreich;2024-07-03;46.37
Oberösterreich;2024-07-04;47.17
Oberösterreich;2024-07-05;47.92
Oberösterreich;2024-07-06;48.65
Oberösterreich;2024-07-07;49.33
Oberösterreich;2024-07-08;49.89
Oberösterreich;2024-07-09;50.31
Oberösterreich;2024-07-10;50.66
Oberösterreich;2024-07-11;50.85
Oberösterreich;2024-07-12;50.94
Oberösterreich;2024-07-13;51.04
Oberösterreich;2024-07-14;51.07
Oberösterreich;2024-07-15;51.07
Oberösterreich;2024-07-16;51.17
Oberösterreich;2024-07-17;51.3
Oberösterreich;2024-07-18;51.47
Oberösterreich;2024-07-19;51.71
Oberösterreich;2024-07-20;51.97
Oberösterreich;2024-07-21;52.37
Oberösterreich;2024-07-22;52.78
Oberösterreich;2024-07-23;53.31
Oberösterreich;2024-07-24;53.85
Oberösterreich;2024-07-25;54.42
Oberösterreich;2024-07-26;55.04
Oberösterreich;2024-07-27;55.68
Oberösterreich;2024-07-28;56.39
Oberösterreich;2024-07-29;57.2
Oberösterreich;2024-07-30;58.09
Oberösterreich;2024-07-31;59.08
Oberösterreich;2024-08-01;60.27
Oberösterreich;2024-08-02;61.6
Oberösterreich;2024-08-03;63.11
Oberösterreich;2024-08-04;64.76
Oberösterreich;2024-08-05;66.54
Oberösterreich;2024-08-06;68.28
Oberösterreich;2024-08-07;70.05
Oberösterreich;2024-08-08;71.64
Oberösterreich;2024-08-09;73.16
Oberösterreich;2024-08-10;74.54
Oberösterreich;2024-08-11;75.82
Oberösterreich;2024-08-12;77.04
Oberösterreich;2024-08-13;78.29
Oberösterreich;2024-08-14;79.63
Oberösterreich;2024-08-15;81.09
Oberösterreich;2024-08-16;82.75
Oberösterreich;2024-08-17;84.68
Oberösterreich;2024-08-18;86.84
Oberösterreich;2024-08-19;89.3
Oberösterreich;2024-08-20;91.82
Oberösterreich;2024-08-21;94.25
Oberösterreich;2024-08-22;96.61
Oberösterreich;2024-08-23;98.78
Oberösterreich;2024-08-24;100.86
Oberösterreich;2024-08-25;102.77
Oberösterreich;2024-08-26;104.61
Oberösterreich;2024-08-27;106.3
Oberösterreich;2024-08-28;107.78
Oberösterreich;2024-08-29;109.23
Oberösterreich;2024-08-30;110.57
Oberösterreich;2024-08-31;111.91
Oberösterreich;2024-09-01;113.21
Oberösterreich;2024-09-02;114.58
Oberösterreich;2024-09-03;116.15
Oberösterreich;2024-09-04;117.89
Oberösterreich;2024-09-05;119.94
Oberösterreich;2024-09-06;122.29
Oberösterreich;2024-09-07;124.91
Oberösterreich;2024-09-08;127.95
Oberösterreich;2024-09-09;131.57
Oberösterreich;2024-09-10;135.81
Oberösterreich;2024-09-11;140.8
Oberösterreich;2024-09-12;146.59
Oberösterreich;2024-09-13;153.24
Oberösterreich;2024-09-14;160.81
Oberösterreich;2024-09-15;169.46
Oberösterreich;2024-09-16;179.39
Oberösterreich;2024-09-17;190.52
Oberösterreich;2024-09-18;202.52
Oberösterreich;2024-09-19;215.04
Oberösterreich;2024-09-20;227.59
Oberösterreich;2024-09-21;239.56
Oberösterreich;2024-09-22;250.66
Oberösterreich;2024-09-23;260.38
Oberösterreich;2024-09-24;268.76
Oberösterreich;2024-09-25;275.75
Oberösterreich;2024-09-26;281.66
Oberösterreich;2024-09-27;286.6
Oberösterreich;2024-09-28;290.63
Oberösterreich;2024-09-29;293.72
Oberösterreich;2024-09-30;295.8
Oberösterreich;2024-10-01;297.0
Oberösterreich;2024-10-02;297.3
Oberösterreich;2024-10-03;296.84
Oberösterreich;2024-10-04;295.61
Oberösterreich;2024-10-05;293.61
Oberösterreich;2024-10-06;290.71
Oberösterreich;2024-10-07;287.14
Oberösterreich;2024-10-08;283.19
Oberösterreich;2024-10-09;279.17
Oberösterreich;2024-10-10;275.15
Oberösterreich;2024-10-11;271.09
Oberösterreich;2024-10-12;266.61
Oberösterreich;2024-10-13;261.51
Oberösterreich;2024-10-14;255.69
Oberösterreich;2024-10-15;249.23
Oberösterreich;2024-10-16;242.53
Oberösterreich;2024-10-17;235.62
Oberösterreich;2024-10-18;228.73
Oberösterreich;2024-10-19;221.74
Oberösterreich;2024-10-20;214.8
Oberösterreich;2024-10-21;208.01
Oberösterreich;2024-10-22;201.62
Oberösterreich;2024-10-23;195.76
Oberösterreich;2024-10-24;190.43
Oberösterreich;2024-10-25;185.56
Oberösterreich;2024-10-26;180.87
Oberösterreich;2024-10-27;176.37
Oberösterreich;2024-10-28;171.68
Oberösterreich;2024-10-29;166.47
Oberösterreich;2024-10-30;160.57
Oberösterreich;2024-10-31;154.12
Oberösterreich;2024-11-01;147.27
Oberösterreich;2024-11-02;140.45
Oberösterreich;2024-11-03;133.87
Oberösterreich;2024-11-04;127.92
Oberösterreich;2024-11-05;122.63
Oberösterreich;2024-11-06;118.06
Oberösterreich;2024-11-07;114.11
Oberösterreich;2024-11-08;110.58
Oberösterreich;2024-11-09;107.43
Oberösterreich;2024-11-10;104.57
Oberösterreich;2024-11-11;101.86
Oberösterreich;2024-11-12;99.36
Oberösterreich;2024-11-13;97.12
Oberösterreich;2024-11-14;95.09
Oberösterreich;2024-11-15;93.24
Oberösterreich;2024-11-16;91.67
Oberösterreich;2024-11-17;90.31
Oberösterreich;2024-11-18;89.23
Oberösterreich;2024-11-19;88.4
Oberösterreich;2024-11-20;87.87
Oberösterreich;2024-11-21;87.62
Oberösterreich;2024-11-22;87.55
Oberösterreich;2024-11-23;87.87
Oberösterreich;2024-11-24;88.46
Oberösterreich;2024-11-25;89.49
Oberösterreich;2024-11-26;91.01
Oberösterreich;2024-11-27;92.84
Oberösterreich;2024-11-28;94.97
Oberösterreich;2024-11-29;97.26
Oberösterreich;2024-11-30;99.51
Oberösterreich;2024-12-01;101.63
Oberösterreich;2024-12-02;103.47
Oberösterreich;2024-12-03;104.96
Oberösterreich;2024-12-04;106.2
Oberösterreich;2024-12-05;107.22
Oberösterreich;2024-12-06;108.01
Oberösterreich;2024-12-07;108.69
Oberösterreich;2024-12-08;109.31
Oberösterreich;2024-12-09;109.87
Oberösterreich;2024-12-10;110.37
Oberösterreich;2024-12-11;110.84
Oberösterreich;2024-12-12;111.33
Oberösterreich;2024-12-13;111.65
Oberösterreich;2024-12-14;111.78
Oberösterreich;2024-12-15;111.74
Oberösterreich;2024-12-16;111.35
Oberösterreich;2024-12-17;110.88
Oberösterreich;2024-12-18;110.24
Oberösterreich;2024-12-19;109.61
Oberösterreich;2024-12-20;109.1
Oberösterreich;2024-12-21;108.66
Oberösterreich;2024-12-22;108.5
Oberösterreich;2024-12-23;108.54
Oberösterreich;2024-12-24;108.77
Oberösterreich;2024-12-25;109.18
Oberösterreich;2024-12-26;109.7
Oberösterreich;2024-12-27;110.19
Oberösterreich;2024-12-28;110.71
Oberösterreich;2024-12-29;111.22
Niederösterreich;2022-09-01;82.83
Niederösterreich;2022-09-02;82.46
Niederösterreich;2022-09-03;82.29
Niederösterreich;2022-09-04;82.34
Niederösterreich;2022-09-05;82.64
Niederösterreich;2022-09-06;83.26
Niederösterreich;2022-09-07;84.26
Niederösterreich;2022-09-08;85.65
Niederösterreich;2022-09-09;87.4
Niederösterreich;2022-09-10;89.5
Niederösterreich;2022-09-11;91.94
Niederösterreich;2022-09-12;94.75
Niederösterreich;2022-09-13;97.93
Niederösterreich;2022-09-14;101.52
Niederösterreich;2022-09-15;105.58
Niederösterreich;2022-09-16;110.04
Niederösterreich;2022-09-17;114.95
Niederösterreich;2022-09-18;120.26
Niederösterreich;2022-09-19;126.02
Niederösterreich;2022-09-20;132.14
Niederösterreich;2022-09-21;138.68
Niederösterreich;2022-09-22;145.52
Niederösterreich;2022-09-23;152.54
Niederösterreich;2022-09-24;159.71
Niederösterreich;2022-09-25;166.92
Niederösterreich;2022-09-26;174.02
Niederösterreich;2022-09-27;180.92
Niederösterreich;2022-09-28;187.47
Niederösterreich;2022-09-29;193.52
Niederösterreich;2022-09-30;199.12
Niederösterreich;2022-10-01;204.14
Niederösterreich;2022-10-02;208.63
Niederösterreich;2022-10-03;212.52
Niederösterreich;2022-10-04;215.61
Niederösterreich;2022-10-05;217.78
Niederösterreich;2022-10-06;219.0
Niederösterreich;2022-10-07;219.15
Niederösterreich;2022-10-08;218.27
Niederösterreich;2022-10-09;216.28
Niederösterreich;2022-10-10;213.34
Niederösterreich;2022-10-11;209.6
Niederösterreich;2022-10-12;205.35
Niederösterreich;2022-10-13;200.92
Niederösterreich;2022-10-14;196.36
Niederösterreich;2022-10-15;191.79
Niederösterreich;2022-10-16;187.15
Niederösterreich;2022-10-17;182.45
Niederösterreich;2022-10-18;177.62
Niederösterreich;2022-10-19;172.79
Niederösterreich;2022-10-20;167.93
Niederösterreich;2022-10-21;163.03
Niederösterreich;2022-10-22;158.21
Niederösterreich;2022-10-23;153.47
Niederösterreich;2022-10-24;148.85
Niederösterreich;2022-10-25;144.41
Niederösterreich;2022-10-26;140.21
Niederösterreich;2022-10-27;136.21
Niederösterreich;2022-10-28;132.44
Niederösterreich;2022-10-29;128.91
Niederösterreich;2022-10-30;125.65
Niederösterreich;2022-10-31;122.71
Niederösterreich;2022-11-01;120.09
Niederösterreich;2022-11-02;117.89
Niederösterreich;2022-11-03;116.07
Niederösterreich;2022-11-04;114.63
Niederösterreich;2022-11-05;113.48
Niederösterreich;2022-11-06;112.57
Niederösterreich;2022-11-07;111.9
Niederösterreich;2022-11-08;111.44
Niederösterreich;2022-11-09;111.27
Niederösterreich;2022-11-10;111.4
Niederösterreich;2022-11-11;111.83
Niederösterreich;2022-11-12;112.59
Niederösterreich;2022-11-13;113.71
Niederösterreich;2022-11-14;115.17
Niederösterreich;2022-11-15;117.11
Niederösterreich;2022-11-16;119.4
Niederösterreich;2022-11-17;122.02
Niederösterreich;2022-11-18;124.93
Niederösterreich;2022-11-19;128.02
Niederösterreich;2022-11-20;131.33
Niederösterreich;2022-11-21;134.75
Niederösterreich;2022-11-22;138.4
Niederösterreich;2022-11-23;142.17
Niederösterreich;2022-11-24;146.07
Niederösterreich;2022-11-25;150.13
Niederösterreich;2022-11-26;154.13
Niederösterreich;2022-11-27;158.09
Niederösterreich;2022-11-28;161.87
Niederösterreich;2022-11-29;165.55
Niederösterreich;2022-11-30;169.16
Niederösterreich;2022-12-01;172.73
Niederösterreich;2022-12-02;176.18
Niederösterreich;2022-12-03;179.45
Niederösterreich;2022-12-04;182.47
Niederösterreich;2022-12-05;185.15
Niederösterreich;2022-12-06;187.51
Niederösterreich;2022-12-07;189.59
Niederösterreich;2022-12-08;191.41
Niederösterreich;2022-12-09;192.98
Niederösterreich;2022-12-10;194.2
Niederösterreich;2022-12-11;195.07
Niederösterreich;2022-12-12;195.61
Niederösterreich;2022-12-13;195.93
Niederösterreich;2022-12-14;196.2
Niederösterreich;2022-12-15;196.51
Niederösterreich;2022-12-16;196.84
Niederösterreich;2022-12-17;197.03
Niederösterreich;2022-12-18;197.01
Niederösterreich;2022-12-19;196.69
Niederösterreich;2022-12-20;196.06
Niederösterreich;2022-12-21;195.24
Niederösterreich;2022-12-22;194.33
Niederösterreich;2022-12-23;193.31
Niederösterreich;2022-12-24;192.19
Niederösterreich;2022-12-25;190.97
Niederösterreich;2022-12-26;189.51
Niederösterreich;2022-12-27;187.74
Niederösterreich;2022-12-28;185.6
Niederösterreich;2022-12-29;182.98
Niederösterreich;2022-12-30;179.92
Niederösterreich;2022-12-31;176.49
Niederösterreich;2023-01-01;172.6
Niederösterreich;2023-01-02;168.46
Niederösterreich;2023-01-03;163.94
Niederösterreich;2023-01-04;159.14
Niederösterreich;2023-01-05;154.15
Niederösterreich;2023-01-06;149.1
Niederösterreich;2023-01-07;144.06
Niederösterreich;2023-01-08;139.17
Niederösterreich;2023-01-09;134.5
Niederösterreich;2023-01-10;130.06
Niederösterreich;2023-01-11;125.76
Niederösterreich;2023-01-12;121.68
Niederösterreich;2023-01-13;117.84
Niederösterreich;2023-01-14;114.35
Niederösterreich;2023-01-15;111.4
Niederösterreich;2023-01-16;109.15
Niederösterreich;2023-01-17;107.58
Niederösterreich;2023-01-18;106.31
Niederösterreich;2023-01-19;106.2
Niederösterreich;2023-01-20;106.78
Niederösterreich;2023-01-21;108.09
Niederösterreich;2023-01-22;115.73
Niederösterreich;2023-01-23;120.8
Niederösterreich;2023-01-24;124.61
Niederösterreich;2023-01-25;129.15
Niederösterreich;2023-01-26;134.29
Niederösterreich;2023-01-27;139.8
Niederösterreich;2023-01-28;145.54
Niederösterreich;2023-01-29;150.67
Niederösterreich;2023-01-30;156.2
Niederösterreich;2023-01-31;161.79
Niederösterreich;2023-02-01;167.49
Niederösterreich;2023-02-02;173.33
Niederösterreich;2023-02-03;179.28
Niederösterreich;2023-02-04;185.34
Niederösterreich;2023-02-05;191.45
Niederösterreich;2023-02-06;197.59
Niederösterreich;2023-02-07;202.69
Niederösterreich;2023-02-08;208.33
Niederösterreich;2023-02-09;213.88
Niederösterreich;2023-02-10;219.28
Niederösterreich;2023-02-11;224.48
Niederösterreich;2023-02-12;229.32
Niederösterreich;2023-02-13;233.69
Niederösterreich;2023-02-14;237.38
Niederösterreich;2023-02-15;240.32
Niederösterreich;2023-02-16;242.44
Niederösterreich;2023-02-17;243.99
Niederösterreich;2023-02-18;245.31
Niederösterreich;2023-02-19;246.57
Niederösterreich;2023-02-20;247.99
Niederösterreich;2023-02-21;249.56
Niederösterreich;2023-02-22;251.23
Niederösterreich;2023-02-23;252.83
Niederösterreich;2023-02-24;254.2
Niederösterreich;2023-02-25;255.35
Niederösterreich;2023-02-26;256.19
Niederösterreich;2023-02-27;256.85
Niederösterreich;2023-02-28;257.4
Niederösterreich;2023-03-01;258.0
Niederösterreich;2023-03-02;258.68
Niederösterreich;2023-03-03;259.44
Niederösterreich;2023-03-04;260.04
Niederösterreich;2023-03-05;260.37
Niederösterreich;2023-03-06;260.22
Niederösterreich;2023-03-07;259.44
Niederösterreich;2023-03-08;257.95
Niederösterreich;2023-03-09;255.72
Niederösterreich;2023-03-10;252.71
Niederösterreich;2023-03-11;248.98
Niederösterreich;2023-03-12;244.66
Niederösterreich;2023-03-13;239.87
Niederösterreich;2023-03-14;234.77
Niederösterreich;2023-03-15;229.58
Niederösterreich;2023-03-16;224.37
Niederösterreich;2023-03-17;219.12
Niederösterreich;2023-03-18;213.73
Niederösterreich;2023-03-19;208.07
Niederösterreich;2023-03-20;202.04
Niederösterreich;2023-03-21;195.62
Niederösterreich;2023-03-22;188.83
Niederösterreich;2023-03-23;181.73
Niederösterreich;2023-03-24;174.44
Niederösterreich;2023-03-25;167.07
Niederösterreich;2023-03-26;159.73
Niederösterreich;2023-03-27;152.57
Niederösterreich;2023-03-28;145.75
Niederösterreich;2023-03-29;139.42
Niederösterreich;2023-03-30;133.56
Niederösterreich;2023-03-31;128.21
Niederösterreich;2023-04-01;123.23
Niederösterreich;2023-04-02;118.56
Niederösterreich;2023-04-03;114.19
Niederösterreich;2023-04-04;109.98
Niederösterreich;2023-04-05;105.94
Niederösterreich;2023-04-06;102.01
Niederösterreich;2023-04-07;98.13
Niederösterreich;2023-04-08;94.35
Niederösterreich;2023-04-09;90.65
Niederösterreich;2023-04-10;87.07
Niederösterreich;2023-04-11;83.63
Niederösterreich;2023-04-12;80.42
Niederösterreich;2023-04-13;77.41
Niederösterreich;2023-04-14;74.69
Niederösterreich;2023-04-15;72.2
Niederösterreich;2023-04-16;70.0
Niederösterreich;2023-04-17;68.07
Niederösterreich;2023-04-18;66.42
Niederösterreich;2023-04-19;64.99
Niederösterreich;2023-04-20;63.73
Niederösterreich;2023-04-21;62.57
Niederösterreich;2023-04-22;61.46
Niederösterreich;2023-04-23;60.28
Niederösterreich;2023-04-24;59.07
Niederösterreich;2023-04-25;57.77
Niederösterreich;2023-04-26;56.45
Niederösterreich;2023-04-27;55.12
Niederösterreich;2023-04-28;53.79
Niederösterreich;2023-04-29;52.48
Niederösterreich;2023-04-30;51.14
Niederösterreich;2023-05-01;49.87
Niederösterreich;2023-05-02;48.57
Niederösterreich;2023-05-03;47.3
Niederösterreich;2023-05-04;46.07
Niederösterreich;2023-05-05;44.83
Niederösterreich;2023-05-06;43.55
Niederösterreich;2023-05-07;42.29
Niederösterreich;2023-05-08;41.05
Niederösterreich;2023-05-09;39.78
Niederösterreich;2023-05-10;38.56
Niederösterreich;2023-05-11;37.34
Niederösterreich;2023-05-12;36.2
Niederösterreich;2023-05-13;35.03
Niederösterreich;2023-05-14;33.9
Niederösterreich;2023-05-15;32.81
Niederösterreich;2023-05-16;31.79
Niederösterreich;2023-05-17;30.83
Niederösterreich;2023-05-18;29.96
Niederösterreich;2023-05-19;29.08
Niederösterreich;2023-05-20;28.24
Niederösterreich;2023-05-21;27.44
Niederösterreich;2023-05-22;26.55
Niederösterreich;2023-05-23;25.7
Niederösterreich;2023-05-24;24.82
Niederösterreich;2023-05-25;23.94
Niederösterreich;2023-05-26;23.07
Niederösterreich;2023-05-27;22.25
Niederösterreich;2023-05-28;21.45
Niederösterreich;2023-05-29;20.68
Niederösterreich;2023-05-30;19.93
Niederösterreich;2023-05-31;19.25
Niederösterreich;2023-06-01;18.61
Niederösterreich;2023-06-02;18.05
Niederösterreich;2023-06-03;17.55
Niederösterreich;2023-06-04;17.09
Niederösterreich;2023-06-05;16.72
Niederösterreich;2023-06-06;16.4
Niederösterreich;2023-06-07;16.14
Niederösterreich;2023-06-08;15.91
Niederösterreich;2023-06-09;15.74
Niederösterreich;2023-06-10;15.57
Niederösterreich;2023-06-11;15.4
Niederösterreich;2023-06-12;15.21
Niederösterreich;2023-06-13;15.0
Niederösterreich;2023-06-14;14.79
Niederösterreich;2023-06-15;14.57
Niederösterreich;2023-06-16;14.33
Niederösterreich;2023-06-17;14.09
Niederösterreich;2023-06-18;13.85
Niederösterreich;2023-06-19;13.58
Niederösterreich;2023-06-20;13.34
Niederösterreich;2023-06-21;13.03
Niederösterreich;2023-06-22;12.7
Niederösterreich;2023-06-23;12.36
Niederösterreich;2023-06-24;12.03
Niederösterreich;2023-06-25;11.73
Niederösterreich;2023-06-26;11.48
Niederösterreich;2023-06-27;11.27
Niederösterreich;2023-06-28;11.13
Niederösterreich;2023-06-29;11.01
Niederösterreich;2023-06-30;10.98
Niederösterreich;2023-07-01;10.92
Niederösterreich;2023-07-02;10.87
Niederösterreich;2023-07-03;10.79
Niederösterreich;2023-07-04;10.67
Niederösterreich;2023-07-05;10.57
Niederösterreich;2023-07-06;10.42
Niederösterreich;2023-07-07;10.34
Niederösterreich;2023-07-08;10.29
Niederösterreich;2023-07-09;10.29
Niederösterreich;2023-07-10;10.34
Niederösterreich;2023-07-11;10.46
Niederösterreich;2023-07-12;10.65
Niederösterreich;2023-07-13;10.91
Niederösterreich;2023-07-14;11.21
Niederösterreich;2023-07-15;11.52
Niederösterreich;2023-07-16;11.9
Niederösterreich;2023-07-17;12.26
Niederösterreich;2023-07-18;12.62
Niederösterreich;2023-07-19;12.98
Niederösterreich;2023-07-20;13.37
Niederösterreich;2023-07-21;13.78
Niederösterreich;2023-07-22;14.23
Niederösterreich;2023-07-23;14.67
Niederösterreich;2023-07-24;15.2
Niederösterreich;2023-07-25;15.81
Niederösterreich;2023-07-26;16.52
Niederösterreich;2023-07-27;17.35
Niederösterreich;2023-07-28;18.27
Niederösterreich;2023-07-29;19.33
Niederösterreich;2023-07-30;20.53
Niederösterreich;2023-07-31;21.87
Niederösterreich;2023-08-01;23.34
Niederösterreich;2023-08-02;24.96
Niederösterreich;2023-08-03;26.68
Niederösterreich;2023-08-04;28.5
Niederösterreich;2023-08-05;30.42
Niederösterreich;2023-08-06;32.37
Niederösterreich;2023-08-07;34.35
Niederösterreich;2023-08-08;36.24
Niederösterreich;2023-08-09;38.07
Niederösterreich;2023-08-10;39.78
Niederösterreich;2023-08-11;41.32
Niederösterreich;2023-08-12;42.76
Niederösterreich;2023-08-13;44.04
Niederösterreich;2023-08-14;45.26
Niederösterreich;2023-08-15;46.39
Niederösterreich;2023-08-16;47.47
Niederösterreich;2023-08-17;48.55
Niederösterreich;2023-08-18;49.66
Niederösterreich;2023-08-19;50.86
Niederösterreich;2023-08-20;52.1
Niederösterreich;2023-08-21;53.49
Niederösterreich;2023-08-22;55.03
Niederösterreich;2023-08-23;56.66
Niederösterreich;2023-08-24;58.44
Niederösterreich;2023-08-25;60.3
Niederösterreich;2023-08-26;62.23
Niederösterreich;2023-08-27;64.16
Niederösterreich;2023-08-28;66.09
Niederösterreich;2023-08-29;67.95
Niederösterreich;2023-08-30;69.82
Niederösterreich;2023-08-31;71.54
Niederösterreich;2023-09-01;73.26
Niederösterreich;2023-09-02;74.87
Niederösterreich;2023-09-03;76.42
Niederösterreich;2023-09-04;77.87
Niederösterreich;2023-09-05;79.17
Niederösterreich;2023-09-06;80.4
Niederösterreich;2023-09-07;81.48
Niederösterreich;2023-09-08;82.47
Niederösterreich;2023-09-09;83.36
Niederösterreich;2023-09-10;84.16
Niederösterreich;2023-09-11;84.85
Niederösterreich;2023-09-12;85.49
Niederösterreich;2023-09-13;86.09
Niederösterreich;2023-09-14;86.7
Niederösterreich;2023-09-15;87.29
Niederösterreich;2023-09-16;87.87
Niederösterreich;2023-09-17;88.36
Niederösterreich;2023-09-18;88.76
Niederösterreich;2023-09-19;89.06
Niederösterreich;2023-09-20;89.3
Niederösterreich;2023-09-21;89.59
Niederösterreich;2023-09-22;89.94
Niederösterreich;2023-09-23;90.46
Niederösterreich;2023-09-24;91.17
Niederösterreich;2023-09-25;92.1
Niederösterreich;2023-09-26;93.24
Niederösterreich;2023-09-27;94.56
Niederösterreich;2023-09-28;96.08
Niederösterreich;2023-09-29;97.69
Niederösterreich;2023-09-30;99.45
Niederösterreich;2023-10-01;101.26
Niederösterreich;2023-10-02;103.11
Niederösterreich;2023-10-03;104.96
Niederösterreich;2023-10-04;106.82
Niederösterreich;2023-10-05;108.81
Niederösterreich;2023-10-06;110.96
Niederösterreich;2023-10-07;113.32
Niederösterreich;2023-10-08;115.91
Niederösterreich;2023-10-09;118.74
Niederösterreich;2023-10-10;121.78
Niederösterreich;2023-10-11;124.88
Niederösterreich;2023-10-12;128.01
Niederösterreich;2023-10-13;131.18
Niederösterreich;2023-10-14;134.44
Niederösterreich;2023-10-15;137.84
Niederösterreich;2023-10-16;141.47
Niederösterreich;2023-10-17;145.28
Niederösterreich;2023-10-18;149.26
Niederösterreich;2023-10-19;153.36
Niederösterreich;2023-10-20;157.52
Niederösterreich;2023-10-21;161.64
Niederösterreich;2023-10-22;165.64
Niederösterreich;2023-10-23;169.54
Niederösterreich;2023-10-24;173.36
Niederösterreich;2023-10-25;177.22
Niederösterreich;2023-10-26;181.21
Niederösterreich;2023-10-27;185.34
Niederösterreich;2023-10-28;189.6
Niederösterreich;2023-10-29;194.05
Niederösterreich;2023-10-30;198.71
Niederösterreich;2023-10-31;203.64
Niederösterreich;2023-11-01;208.8
Niederösterreich;2023-11-02;214.31
Niederösterreich;2023-11-03;220.13
Niederösterreich;2023-11-04;226.35
Niederösterreich;2023-11-05;233.03
Niederösterreich;2023-11-06;240.29
Niederösterreich;2023-11-07;248.28
Niederösterreich;2023-11-08;257.15
Niederösterreich;2023-11-09;266.86
Niederösterreich;2023-11-10;277.29
Niederösterreich;2023-11-11;288.19
Niederösterreich;2023-11-12;299.36
Niederösterreich;2023-11-13;321.16
Niederösterreich;2023-11-14;332.89
Niederösterreich;2023-11-15;344.58
Niederösterreich;2023-11-16;356.38
Niederösterreich;2023-11-17;368.41
Niederösterreich;2023-11-18;380.89
Niederösterreich;2023-11-19;394.0
Niederösterreich;2023-11-20;407.78
Niederösterreich;2023-11-21;422.15
Niederösterreich;2023-11-22;436.83
Niederösterreich;2023-11-23;451.6
Niederösterreich;2023-11-24;466.3
Niederösterreich;2023-11-25;480.79
Niederösterreich;2023-11-26;494.99
Niederösterreich;2023-11-27;508.88
Niederösterreich;2023-11-28;522.47
Niederösterreich;2023-11-29;535.76
Niederösterreich;2023-11-30;548.68
Niederösterreich;2023-12-01;560.98
Niederösterreich;2023-12-02;572.32
Niederösterreich;2023-12-03;582.39
Niederösterreich;2023-12-04;590.9
Niederösterreich;2023-12-05;597.88
Niederösterreich;2023-12-06;606.4
Niederösterreich;2023-12-07;609.88
Niederösterreich;2023-12-08;612.04
Niederösterreich;2023-12-09;612.66
Niederösterreich;2023-12-10;611.43
Niederösterreich;2023-12-11;608.19
Niederösterreich;2023-12-12;602.9
Niederösterreich;2023-12-13;595.84
Niederösterreich;2023-12-14;587.27
Niederösterreich;2023-12-15;577.48
Niederösterreich;2023-12-16;566.63
Niederösterreich;2023-12-17;554.77
Niederösterreich;2023-12-18;541.82
Niederösterreich;2023-12-19;527.57
Niederösterreich;2023-12-20;511.88
Niederösterreich;2023-12-21;494.83
Niederösterreich;2023-12-22;476.65
Niederösterreich;2023-12-23;457.7
Niederösterreich;2023-12-24;438.25
Niederösterreich;2023-12-25;418.59
Niederösterreich;2023-12-26;398.87
Niederösterreich;2023-12-27;379.19
Niederösterreich;2023-12-28;359.66
Niederösterreich;2023-12-29;340.36
Niederösterreich;2023-12-30;321.35
Niederösterreich;2023-12-31;302.75
Niederösterreich;2024-01-01;284.67
Niederösterreich;2024-01-02;267.31
Niederösterreich;2024-01-03;250.77
Niederösterreich;2024-01-04;235.16
Niederösterreich;2024-01-05;220.52
Niederösterreich;2024-01-06;206.87
Niederösterreich;2024-01-07;194.24
Niederösterreich;2024-01-08;182.68
Niederösterreich;2024-01-09;172.11
Niederösterreich;2024-01-10;162.41
Niederösterreich;2024-01-11;153.41
Niederösterreich;2024-01-12;145.09
Niederösterreich;2024-01-13;137.36
Niederösterreich;2024-01-14;130.24
Niederösterreich;2024-01-15;123.74
Niederösterreich;2024-01-16;117.8
Niederösterreich;2024-01-17;112.41
Niederösterreich;2024-01-18;107.46
Niederösterreich;2024-01-19;102.88
Niederösterreich;2024-01-20;98.61
Niederösterreich;2024-01-21;94.58
Niederösterreich;2024-01-22;90.81
Niederösterreich;2024-01-23;87.23
Niederösterreich;2024-01-24;83.88
Niederösterreich;2024-01-25;80.69
Niederösterreich;2024-01-26;77.63
Niederösterreich;2024-01-27;74.66
Niederösterreich;2024-01-28;71.8
Niederösterreich;2024-01-29;69.06
Niederösterreich;2024-01-30;66.44
Niederösterreich;2024-01-31;64.0
Niederösterreich;2024-02-01;61.66
Niederösterreich;2024-02-02;59.44
Niederösterreich;2024-02-03;57.22
Niederösterreich;2024-02-04;54.96
Niederösterreich;2024-02-05;52.66
Niederösterreich;2024-02-06;50.32
Niederösterreich;2024-02-07;48.0
Niederösterreich;2024-02-08;45.72
Niederösterreich;2024-02-09;43.5
Niederösterreich;2024-02-10;41.38
Niederösterreich;2024-02-11;39.33
Niederösterreich;2024-02-12;37.39
Niederösterreich;2024-02-13;35.53
Niederösterreich;2024-02-14;33.8
Niederösterreich;2024-02-15;32.14
Niederösterreich;2024-02-16;30.58
Niederösterreich;2024-02-17;29.06
Niederösterreich;2024-02-18;27.65
Niederösterreich;2024-02-19;26.34
Niederösterreich;2024-02-20;25.1
Niederösterreich;2024-02-21;23.98
Niederösterreich;2024-02-22;22.94
Niederösterreich;2024-02-23;21.91
Niederösterreich;2024-02-24;20.96
Niederösterreich;2024-02-25;19.98
Niederösterreich;2024-02-26;19.05
Niederösterreich;2024-02-27;18.12
Niederösterreich;2024-02-28;17.22
Niederösterreich;2024-02-29;16.39
Niederösterreich;2024-03-01;15.58
Niederösterreich;2024-03-02;14.86
Niederösterreich;2024-03-03;14.18
Niederösterreich;2024-03-04;13.59
Niederösterreich;2024-03-05;13.09
Niederösterreich;2024-03-06;12.66
Niederösterreich;2024-03-07;12.32
Niederösterreich;2024-03-08;12.05
Niederösterreich;2024-03-09;11.83
Niederösterreich;2024-03-10;11.62
Niederösterreich;2024-03-11;11.41
Niederösterreich;2024-03-12;11.22
Niederösterreich;2024-03-13;11.07
Niederösterreich;2024-03-14;10.93
Niederösterreich;2024-03-15;10.82
Niederösterreich;2024-03-16;10.74
Niederösterreich;2024-03-17;10.68
Niederösterreich;2024-03-18;10.65
Niederösterreich;2024-03-19;10.69
Niederösterreich;2024-03-20;10.69
Niederösterreich;2024-03-21;10.71
Niederösterreich;2024-03-22;10.73
Niederösterreich;2024-03-23;10.72
Niederösterreich;2024-03-24;10.71
Niederösterreich;2024-03-25;10.62
Niederösterreich;2024-03-26;10.55
Niederösterreich;2024-03-27;10.42
Niederösterreich;2024-03-28;10.28
Niederösterreich;2024-03-29;10.11
Niederösterreich;2024-03-30;9.98
Niederösterreich;2024-03-31;9.81
Niederösterreich;2024-04-01;9.65
Niederösterreich;2024-04-02;9.46
Niederösterreich;2024-04-03;9.29
Niederösterreich;2024-04-04;9.09
Niederösterreich;2024-04-05;8.86
Niederösterreich;2024-04-06;8.68
Niederösterreich;2024-04-07;8.53
Niederösterreich;2024-04-08;8.4
Niederösterreich;2024-04-09;8.36
Niederösterreich;2024-04-10;8.39
Niederösterreich;2024-04-11;8.48
Niederösterreich;2024-04-12;8.64
Niederösterreich;2024-04-13;8.89
Niederösterreich;2024-04-14;9.15
Niederösterreich;2024-04-15;9.5
Niederösterreich;2024-04-16;9.9
Niederösterreich;2024-04-17;10.37
Niederösterreich;2024-04-18;10.89
Niederösterreich;2024-04-19;11.44
Niederösterreich;2024-04-20;12.06
Niederösterreich;2024-04-21;12.65
Niederösterreich;2024-04-22;13.24
Niederösterreich;2024-04-23;13.87
Niederösterreich;2024-04-24;14.48
Niederösterreich;2024-04-25;15.1
Niederösterreich;2024-04-26;15.73
Niederösterreich;2024-04-27;16.31
Niederösterreich;2024-04-28;16.85
Niederösterreich;2024-04-29;17.32
Niederösterreich;2024-04-30;17.72
Niederösterreich;2024-05-01;18.1
Niederösterreich;2024-05-02;18.42
Niederösterreich;2024-05-03;18.71
Niederösterreich;2024-05-04;18.95
Niederösterreich;2024-05-05;19.14
Niederösterreich;2024-05-06;19.28
Niederösterreich;2024-05-07;19.39
Niederösterreich;2024-05-08;19.48
Niederösterreich;2024-05-09;19.58
Niederösterreich;2024-05-10;19.64
Niederösterreich;2024-05-11;19.78
Niederösterreich;2024-05-12;19.91
Niederösterreich;2024-05-13;20.04
Niederösterreich;2024-05-14;20.19
Niederösterreich;2024-05-15;20.3
Niederösterreich;2024-05-16;20.39
Niederösterreich;2024-05-17;20.44
Niederösterreich;2024-05-18;20.47
Niederösterreich;2024-05-19;20.48
Niederösterreich;2024-05-20;20.55
Niederösterreich;2024-05-21;20.68
Niederösterreich;2024-05-22;20.89
Niederösterreich;2024-05-23;21.21
Niederösterreich;2024-05-24;21.58
Niederösterreich;2024-05-25;22.05
Niederösterreich;2024-05-26;22.58
Niederösterreich;2024-05-27;23.16
Niederösterreich;2024-05-28;23.79
Niederösterreich;2024-05-29;24.46
Niederösterreich;2024-05-30;25.22
Niederösterreich;2024-05-31;25.99
Niederösterreich;2024-06-01;26.88
Niederösterreich;2024-06-02;27.81
Niederösterreich;2024-06-03;28.85
Niederösterreich;2024-06-04;29.96
Niederösterreich;2024-06-05;31.2
Niederösterreich;2024-06-06;32.49
Niederösterreich;2024-06-07;33.82
Niederösterreich;2024-06-08;35.18
Niederösterreich;2024-06-09;36.55
Niederösterreich;2024-06-10;37.95
Niederösterreich;2024-06-11;39.39
Niederösterreich;2024-06-12;40.87
Niederösterreich;2024-06-13;42.4
Niederösterreich;2024-06-14;43.94
Niederösterreich;2024-06-15;45.55
Niederösterreich;2024-06-16;47.15
Niederösterreich;2024-06-17;48.78
Niederösterreich;2024-06-18;50.42
Niederösterreich;2024-06-19;51.98
Niederösterreich;2024-06-20;53.49
Niederösterreich;2024-06-21;54.93
Niederösterreich;2024-06-22;56.28
Niederösterreich;2024-06-23;57.53
Niederösterreich;2024-06-24;58.68
Niederösterreich;2024-06-25;59.67
Niederösterreich;2024-06-26;60.55
Niederösterreich;2024-06-27;61.29
Niederösterreich;2024-06-28;61.93
Niederösterreich;2024-06-29;62.55
Niederösterreich;2024-06-30;63.18
Niederösterreich;2024-07-01;63.86
Niederösterreich;2024-07-02;64.62
Niederösterreich;2024-07-03;65.5
Niederösterreich;2024-07-04;66.48
Niederösterreich;2024-07-05;67.49
Niederösterreich;2024-07-06;68.52
Niederösterreich;2024-07-07;69.48
Niederösterreich;2024-07-08;70.38
Niederösterreich;2024-07-09;71.22
Niederösterreich;2024-07-10;71.99
Niederösterreich;2024-07-11;72.74
Niederösterreich;2024-07-12;73.45
Niederösterreich;2024-07-13;74.05
Niederösterreich;2024-07-14;74.6
Niederösterreich;2024-07-15;74.99
Niederösterreich;2024-07-16;75.36
Niederösterreich;2024-07-17;75.65
Niederösterreich;2024-07-18;75.98
Niederösterreich;2024-07-19;76.34
Niederösterreich;2024-07-20;76.79
Niederösterreich;2024-07-21;77.33
Niederösterreich;2024-07-22;78.01
Niederösterreich;2024-07-23;78.96
Niederösterreich;2024-07-24;80.19
Niederösterreich;2024-07-25;81.65
Niederösterreich;2024-07-26;83.29
Niederösterreich;2024-07-27;85.02
Niederösterreich;2024-07-28;86.74
Niederösterreich;2024-07-29;88.42
Niederösterreich;2024-07-30;90.07
Niederösterreich;2024-07-31;91.7
Niederösterreich;2024-08-01;93.3
Niederösterreich;2024-08-02;94.84
Niederösterreich;2024-08-03;96.38
Niederösterreich;2024-08-04;97.87
Niederösterreich;2024-08-05;99.32
Niederösterreich;2024-08-06;100.75
Niederösterreich;2024-08-07;102.14
Niederösterreich;2024-08-08;103.53
Niederösterreich;2024-08-09;104.91
Niederösterreich;2024-08-10;106.36
Niederösterreich;2024-08-11;107.85
Niederösterreich;2024-08-12;109.38
Niederösterreich;2024-08-13;110.95
Niederösterreich;2024-08-14;112.5
Niederösterreich;2024-08-15;114.1
Niederösterreich;2024-08-16;115.67
Niederösterreich;2024-08-17;117.32
Niederösterreich;2024-08-18;119.0
Niederösterreich;2024-08-19;120.69
Niederösterreich;2024-08-20;122.33
Niederösterreich;2024-08-21;123.82
Niederösterreich;2024-08-22;125.12
Niederösterreich;2024-08-23;126.21
Niederösterreich;2024-08-24;127.01
Niederösterreich;2024-08-25;127.52
Niederösterreich;2024-08-26;127.74
Niederösterreich;2024-08-27;127.71
Niederösterreich;2024-08-28;127.59
Niederösterreich;2024-08-29;127.4
Niederösterreich;2024-08-30;127.2
Niederösterreich;2024-08-31;127.08
Niederösterreich;2024-09-01;127.08
Niederösterreich;2024-09-02;127.3
Niederösterreich;2024-09-03;127.85
Niederösterreich;2024-09-04;128.78
Niederösterreich;2024-09-05;130.06
Niederösterreich;2024-09-06;131.71
Niederösterreich;2024-09-07;133.67
Niederösterreich;2024-09-08;135.88
Niederösterreich;2024-09-09;138.41
Niederösterreich;2024-09-10;141.23
Niederösterreich;2024-09-11;144.44
Niederösterreich;2024-09-12;148.01
Niederösterreich;2024-09-13;152.01
Niederösterreich;2024-09-14;156.52
Niederösterreich;2024-09-15;161.6
Niederösterreich;2024-09-16;167.29
Niederösterreich;2024-09-17;173.48
Niederösterreich;2024-09-18;179.94
Niederösterreich;2024-09-19;186.47
Niederösterreich;2024-09-20;192.78
Niederösterreich;2024-09-21;198.65
Niederösterreich;2024-09-22;203.77
Niederösterreich;2024-09-23;208.01
Niederösterreich;2024-09-24;211.34
Niederösterreich;2024-09-25;213.88
Niederösterreich;2024-09-26;215.78
Niederösterreich;2024-09-27;217.3
Niederösterreich;2024-09-28;218.63
Niederösterreich;2024-09-29;219.92
Niederösterreich;2024-09-30;221.33
Niederösterreich;2024-10-01;222.88
Niederösterreich;2024-10-02;224.61
Niederösterreich;2024-10-03;226.4
Niederösterreich;2024-10-04;228.15
Niederösterreich;2024-10-05;229.68
Niederösterreich;2024-10-06;230.87
Niederösterreich;2024-10-07;231.49
Niederösterreich;2024-10-08;231.52
Niederösterreich;2024-10-09;230.84
Niederösterreich;2024-10-10;229.56
Niederösterreich;2024-10-11;227.7
Niederösterreich;2024-10-12;225.46
Niederösterreich;2024-10-13;222.9
Niederösterreich;2024-10-14;220.14
Niederösterreich;2024-10-15;217.21
Niederösterreich;2024-10-16;214.21
Niederösterreich;2024-10-17;211.09
Niederösterreich;2024-10-18;207.78
Niederösterreich;2024-10-19;204.16
Niederösterreich;2024-10-20;200.22
Niederösterreich;2024-10-21;195.88
Niederösterreich;2024-10-22;191.15
Niederösterreich;2024-10-23;186.1
Niederösterreich;2024-10-24;180.75
Niederösterreich;2024-10-25;175.22
Niederösterreich;2024-10-26;169.65
Niederösterreich;2024-10-27;164.15
Niederösterreich;2024-10-28;158.86
Niederösterreich;2024-10-29;153.91
Niederösterreich;2024-10-30;149.42
Niederösterreich;2024-10-31;145.37
Niederösterreich;2024-11-01;141.76
Niederösterreich;2024-11-02;138.54
Niederösterreich;2024-11-03;135.68
Niederösterreich;2024-11-04;133.09
Niederösterreich;2024-11-05;130.8
Niederösterreich;2024-11-06;128.65
Niederösterreich;2024-11-07;126.6
Niederösterreich;2024-11-08;124.66
Niederösterreich;2024-11-09;122.77
Niederösterreich;2024-11-10;120.95
Niederösterreich;2024-11-11;119.19
Niederösterreich;2024-11-12;117.42
Niederösterreich;2024-11-13;115.65
Niederösterreich;2024-11-14;113.84
Niederösterreich;2024-11-15;112.06
Niederösterreich;2024-11-16;110.32
Niederösterreich;2024-11-17;108.74
Niederösterreich;2024-11-18;107.39
Niederösterreich;2024-11-19;106.34
Niederösterreich;2024-11-20;105.62
Niederösterreich;2024-11-21;105.23
Niederösterreich;2024-11-22;105.17
Niederösterreich;2024-11-23;105.37
Niederösterreich;2024-11-24;105.88
Niederösterreich;2024-11-25;106.61
Niederösterreich;2024-11-26;107.62
Niederösterreich;2024-11-27;108.83
Niederösterreich;2024-11-28;110.16
Niederösterreich;2024-11-29;111.54
Niederösterreich;2024-11-30;112.85
Niederösterreich;2024-12-01;114.03
Niederösterreich;2024-12-02;115.05
Niederösterreich;2024-12-03;115.95
Niederösterreich;2024-12-04;116.81
Niederösterreich;2024-12-05;117.65
Niederösterreich;2024-12-06;118.42
Niederösterreich;2024-12-07;119.06
Niederösterreich;2024-12-08;119.51
Niederösterreich;2024-12-09;119.68
Niederösterreich;2024-12-10;119.57
Niederösterreich;2024-12-11;119.13
Niederösterreich;2024-12-12;118.37
Niederösterreich;2024-12-13;117.39
Niederösterreich;2024-12-14;116.23
Niederösterreich;2024-12-15;115.0
Niederösterreich;2024-12-16;113.74
Niederösterreich;2024-12-17;112.4
Niederösterreich;2024-12-18;111.06
Niederösterreich;2024-12-19;109.73
Niederösterreich;2024-12-20;108.41
Niederösterreich;2024-12-21;107.18
Niederösterreich;2024-12-22;106.08
Steiermark;2022-09-01;93.59
Steiermark;2022-09-02;94.93
Steiermark;2022-09-03;96.43
Steiermark;2022-09-04;98.17
Steiermark;2022-09-05;100.21
Steiermark;2022-09-06;102.72
Steiermark;2022-09-07;105.77
Steiermark;2022-09-08;109.6
Steiermark;2022-09-09;113.99
Steiermark;2022-09-10;119.04
Steiermark;2022-09-11;124.62
Steiermark;2022-09-12;130.83
Steiermark;2022-09-13;137.6
Steiermark;2022-09-14;145.02
Steiermark;2022-09-15;153.02
Steiermark;2022-09-16;161.2
Steiermark;2022-09-17;169.28
Steiermark;2022-09-18;176.77
Steiermark;2022-09-19;183.56
Steiermark;2022-09-20;189.76
Steiermark;2022-09-21;195.76
Steiermark;2022-09-22;201.8
Steiermark;2022-09-23;208.17
Steiermark;2022-09-24;214.91
Steiermark;2022-09-25;222.01
Steiermark;2022-09-26;229.48
Steiermark;2022-09-27;236.92
Steiermark;2022-09-28;243.91
Steiermark;2022-09-29;250.05
Steiermark;2022-09-30;255.2
Steiermark;2022-10-01;259.33
Steiermark;2022-10-02;262.33
Steiermark;2022-10-03;264.29
Steiermark;2022-10-04;265.3
Steiermark;2022-10-05;265.62
Steiermark;2022-10-06;265.28
Steiermark;2022-10-07;264.2
Steiermark;2022-10-08;262.02
Steiermark;2022-10-09;258.52
Steiermark;2022-10-10;253.61
Steiermark;2022-10-11;247.39
Steiermark;2022-10-12;240.23
Steiermark;2022-10-13;232.39
Steiermark;2022-10-14;224.02
Steiermark;2022-10-15;215.16
Steiermark;2022-10-16;205.67
Steiermark;2022-10-17;195.64
Steiermark;2022-10-18;185.17
Steiermark;2022-10-19;174.63
Steiermark;2022-10-20;164.08
Steiermark;2022-10-21;153.75
Steiermark;2022-10-22;143.86
Steiermark;2022-10-23;134.43
Steiermark;2022-10-24;125.66
Steiermark;2022-10-25;117.56
Steiermark;2022-10-26;110.19
Steiermark;2022-10-27;103.55
Steiermark;2022-10-28;97.66
Steiermark;2022-10-29;92.46
Steiermark;2022-10-30;88.04
Steiermark;2022-10-31;84.27
Steiermark;2022-11-01;81.25
Steiermark;2022-11-02;78.88
Steiermark;2022-11-03;77.03
Steiermark;2022-11-04;75.67
Steiermark;2022-11-05;74.63
Steiermark;2022-11-06;73.95
Steiermark;2022-11-07;73.46
Steiermark;2022-11-08;73.34
Steiermark;2022-11-09;73.64
Steiermark;2022-11-10;74.45
Steiermark;2022-11-11;75.74
Steiermark;2022-11-12;77.45
Steiermark;2022-11-13;79.56
Steiermark;2022-11-14;82.07
Steiermark;2022-11-15;85.01
Steiermark;2022-11-16;88.35
Steiermark;2022-11-17;92.07
Steiermark;2022-11-18;96.17
Steiermark;2022-11-19;100.53
Steiermark;2022-11-20;105.22
Steiermark;2022-11-21;110.05
Steiermark;2022-11-22;115.16
Steiermark;2022-11-23;120.48
Steiermark;2022-11-24;125.86
Steiermark;2022-11-25;131.26
Steiermark;2022-11-26;136.5
Steiermark;2022-11-27;141.45
Steiermark;2022-11-28;146.08
Steiermark;2022-11-29;150.28
Steiermark;2022-11-30;154.1
Steiermark;2022-12-01;157.67
Steiermark;2022-12-02;160.91
Steiermark;2022-12-03;163.9
Steiermark;2022-12-04;166.6
Steiermark;2022-12-05;169.15
Steiermark;2022-12-06;171.46
Steiermark;2022-12-07;173.49
Steiermark;2022-12-08;175.33
Steiermark;2022-12-09;177.01
Steiermark;2022-12-10;178.46
Steiermark;2022-12-11;179.61
Steiermark;2022-12-12;180.65
Steiermark;2022-12-13;181.58
Steiermark;2022-12-14;182.59
Steiermark;2022-12-15;183.68
Steiermark;2022-12-16;184.62
Steiermark;2022-12-17;185.3
Steiermark;2022-12-18;185.36
Steiermark;2022-12-19;184.78
Steiermark;2022-12-20;183.57
Steiermark;2022-12-21;181.81
Steiermark;2022-12-22;179.8
Steiermark;2022-12-23;177.65
Steiermark;2022-12-24;175.38
Steiermark;2022-12-25;172.94
Steiermark;2022-12-26;170.44
Steiermark;2022-12-27;167.7
Steiermark;2022-12-28;164.73
Steiermark;2022-12-29;161.41
Steiermark;2022-12-30;157.85
Steiermark;2022-12-31;153.94
Steiermark;2023-01-01;149.8
Steiermark;2023-01-02;145.64
Steiermark;2023-01-03;141.61
Steiermark;2023-01-04;137.95
Steiermark;2023-01-05;134.7
Steiermark;2023-01-06;131.97
Steiermark;2023-01-07;129.56
Steiermark;2023-01-08;127.5
Steiermark;2023-01-09;125.8
Steiermark;2023-01-10;124.33
Steiermark;2023-01-11;123.04
Steiermark;2023-01-12;121.95
Steiermark;2023-01-13;121.08
Steiermark;2023-01-14;120.47
Steiermark;2023-01-15;119.63
Steiermark;2023-01-16;119.59
Steiermark;2023-01-17;116.54
Steiermark;2023-01-18;117.12
Steiermark;2023-01-19;118.02
Steiermark;2023-01-20;119.26
Steiermark;2023-01-21;120.74
Steiermark;2023-01-22;122.6
Steiermark;2023-01-23;124.78
Steiermark;2023-01-24;127.49
Steiermark;2023-01-25;130.66
Steiermark;2023-01-26;134.38
Steiermark;2023-01-27;138.48
Steiermark;2023-01-28;142.92
Steiermark;2023-01-29;147.49
Steiermark;2023-01-30;152.19
Steiermark;2023-01-31;157.0
Steiermark;2023-02-01;161.96
Steiermark;2023-02-02;167.13
Steiermark;2023-02-03;172.36
Steiermark;2023-02-04;177.62
Steiermark;2023-02-05;182.71
Steiermark;2023-02-06;187.54
Steiermark;2023-02-07;192.29
Steiermark;2023-02-08;196.89
Steiermark;2023-02-09;201.4
Steiermark;2023-02-10;205.9
Steiermark;2023-02-11;210.26
Steiermark;2023-02-12;214.45
Steiermark;2023-02-13;218.41
Steiermark;2023-02-14;222.22
Steiermark;2023-02-15;225.92
Steiermark;2023-02-16;229.57
Steiermark;2023-02-17;233.26
Steiermark;2023-02-18;236.93
Steiermark;2023-02-19;240.7
Steiermark;2023-02-20;244.48
Steiermark;2023-02-21;248.42
Steiermark;2023-02-22;252.31
Steiermark;2023-02-23;256.02
Steiermark;2023-02-24;259.4
Steiermark;2023-02-25;262.08
Steiermark;2023-02-26;263.72
Steiermark;2023-02-27;264.17
Steiermark;2023-02-28;263.28
Steiermark;2023-03-01;261.22
Steiermark;2023-03-02;258.3
Steiermark;2023-03-03;254.75
Steiermark;2023-03-04;250.77
Steiermark;2023-03-05;246.26
Steiermark;2023-03-06;241.38
Steiermark;2023-03-07;236.1
Steiermark;2023-03-08;230.4
Steiermark;2023-03-09;224.3
Steiermark;2023-03-10;217.82
Steiermark;2023-03-11;210.94
Steiermark;2023-03-12;203.69
Steiermark;2023-03-13;196.16
Steiermark;2023-03-14;188.49
Steiermark;2023-03-15;180.66
Steiermark;2023-03-16;172.86
Steiermark;2023-03-17;165.15
Steiermark;2023-03-18;157.64
Steiermark;2023-03-19;150.28
Steiermark;2023-03-20;143.17
Steiermark;2023-03-21;136.45
Steiermark;2023-03-22;130.06
Steiermark;2023-03-23;123.96
Steiermark;2023-03-24;118.31
Steiermark;2023-03-25;112.95
Steiermark;2023-03-26;107.9
Steiermark;2023-03-27;103.24
Steiermark;2023-03-28;98.79
Steiermark;2023-03-29;94.6
Steiermark;2023-03-30;90.57
Steiermark;2023-03-31;86.75
Steiermark;2023-04-01;83.21
Steiermark;2023-04-02;80.03
Steiermark;2023-04-03;77.19
Steiermark;2023-04-04;74.75
Steiermark;2023-04-05;72.61
Steiermark;2023-04-06;70.74
Steiermark;2023-04-07;69.15
Steiermark;2023-04-08;67.66
Steiermark;2023-04-09;66.26
Steiermark;2023-04-10;65.04
Steiermark;2023-04-11;63.81
Steiermark;2023-04-12;62.7
Steiermark;2023-04-13;61.65
Steiermark;2023-04-14;60.5
Steiermark;2023-04-15;59.38
Steiermark;2023-04-16;58.08
Steiermark;2023-04-17;56.76
Steiermark;2023-04-18;55.36
Steiermark;2023-04-19;53.95
Steiermark;2023-04-20;52.6
Steiermark;2023-04-21;51.24
Steiermark;2023-04-22;49.82
Steiermark;2023-04-23;48.48
Steiermark;2023-04-24;47.17
Steiermark;2023-04-25;45.74
Steiermark;2023-04-26;44.29
Steiermark;2023-04-27;42.82
Steiermark;2023-04-28;41.32
Steiermark;2023-04-29;39.84
Steiermark;2023-04-30;38.43
Steiermark;2023-05-01;37.17
Steiermark;2023-05-02;36.01
Steiermark;2023-05-03;34.97
Steiermark;2023-05-04;34.17
Steiermark;2023-05-05;33.48
Steiermark;2023-05-06;32.87
Steiermark;2023-05-07;32.22
Steiermark;2023-05-08;31.66
Steiermark;2023-05-09;30.94
Steiermark;2023-05-10;30.25
Steiermark;2023-05-11;29.46
Steiermark;2023-05-12;28.68
Steiermark;2023-05-13;27.94
Steiermark;2023-05-14;27.22
Steiermark;2023-05-15;26.63
Steiermark;2023-05-16;26.17
Steiermark;2023-05-17;25.68
Steiermark;2023-05-18;25.31
Steiermark;2023-05-19;24.9
Steiermark;2023-05-20;24.37
Steiermark;2023-05-21;23.84
Steiermark;2023-05-22;23.12
Steiermark;2023-05-23;22.37
Steiermark;2023-05-24;21.57
Steiermark;2023-05-25;20.75
Steiermark;2023-05-26;19.94
Steiermark;2023-05-27;19.1
Steiermark;2023-05-28;18.33
Steiermark;2023-05-29;17.6
Steiermark;2023-05-30;16.84
Steiermark;2023-05-31;16.12
Steiermark;2023-06-01;15.44
Steiermark;2023-06-02;14.78
Steiermark;2023-06-03;14.15
Steiermark;2023-06-04;13.5
Steiermark;2023-06-05;12.95
Steiermark;2023-06-06;12.32
Steiermark;2023-06-07;11.78
Steiermark;2023-06-08;11.19
Steiermark;2023-06-09;10.68
Steiermark;2023-06-10;10.1
Steiermark;2023-06-11;9.59
Steiermark;2023-06-12;9.04
Steiermark;2023-06-13;8.57
Steiermark;2023-06-14;8.09
Steiermark;2023-06-15;7.71
Steiermark;2023-06-16;7.34
Steiermark;2023-06-17;7.05
Steiermark;2023-06-18;6.79
Steiermark;2023-06-19;6.58
Steiermark;2023-06-20;6.41
Steiermark;2023-06-21;6.32
Steiermark;2023-06-22;6.24
Steiermark;2023-06-23;6.21
Steiermark;2023-06-24;6.21
Steiermark;2023-06-25;6.26
Steiermark;2023-06-26;6.36
Steiermark;2023-06-27;6.49
Steiermark;2023-06-28;6.68
Steiermark;2023-06-29;6.87
Steiermark;2023-06-30;7.04
Steiermark;2023-07-01;7.28
Steiermark;2023-07-02;7.51
Steiermark;2023-07-03;7.72
Steiermark;2023-07-04;7.92
Steiermark;2023-07-05;8.13
Steiermark;2023-07-06;8.33
Steiermark;2023-07-07;8.6
Steiermark;2023-07-08;8.85
Steiermark;2023-07-09;9.04
Steiermark;2023-07-10;9.29
Steiermark;2023-07-11;9.52
Steiermark;2023-07-12;9.74
Steiermark;2023-07-13;9.98
Steiermark;2023-07-14;10.27
Steiermark;2023-07-15;10.51
Steiermark;2023-07-16;10.84
Steiermark;2023-07-17;11.24
Steiermark;2023-07-18;11.62
Steiermark;2023-07-19;12.1
Steiermark;2023-07-20;12.64
Steiermark;2023-07-21;13.16
Steiermark;2023-07-22;13.77
Steiermark;2023-07-23;14.38
Steiermark;2023-07-24;15.1
Steiermark;2023-07-25;15.83
Steiermark;2023-07-26;16.57
Steiermark;2023-07-27;17.33
Steiermark;2023-07-28;18.11
Steiermark;2023-07-29;18.96
Steiermark;2023-07-30;19.77
Steiermark;2023-07-31;20.74
Steiermark;2023-08-01;21.79
Steiermark;2023-08-02;22.92
Steiermark;2023-08-03;24.33
Steiermark;2023-08-04;25.92
Steiermark;2023-08-05;27.71
Steiermark;2023-08-06;29.78
Steiermark;2023-08-07;32.18
Steiermark;2023-08-08;34.7
Steiermark;2023-08-09;37.35
Steiermark;2023-08-10;39.91
Steiermark;2023-08-11;42.33
Steiermark;2023-08-12;44.47
Steiermark;2023-08-13;46.23
Steiermark;2023-08-14;47.52
Steiermark;2023-08-15;48.51
Steiermark;2023-08-16;49.15
Steiermark;2023-08-17;49.74
Steiermark;2023-08-18;50.28
Steiermark;2023-08-19;50.86
Steiermark;2023-08-20;51.51
Steiermark;2023-08-21;52.28
Steiermark;2023-08-22;53.13
Steiermark;2023-08-23;54.18
Steiermark;2023-08-24;55.32
Steiermark;2023-08-25;56.56
Steiermark;2023-08-26;57.77
Steiermark;2023-08-27;58.95
Steiermark;2023-08-28;60.04
Steiermark;2023-08-29;60.97
Steiermark;2023-08-30;61.82
Steiermark;2023-08-31;62.67
Steiermark;2023-09-01;63.49
Steiermark;2023-09-02;64.36
Steiermark;2023-09-03;65.32
Steiermark;2023-09-04;66.45
Steiermark;2023-09-05;67.79
Steiermark;2023-09-06;69.39
Steiermark;2023-09-07;71.22
Steiermark;2023-09-08;73.15
Steiermark;2023-09-09;75.02
Steiermark;2023-09-10;76.78
Steiermark;2023-09-11;78.29
Steiermark;2023-09-12;79.54
Steiermark;2023-09-13;80.51
Steiermark;2023-09-14;81.35
Steiermark;2023-09-15;82.01
Steiermark;2023-09-16;82.64
Steiermark;2023-09-17;83.23
Steiermark;2023-09-18;83.91
Steiermark;2023-09-19;84.59
Steiermark;2023-09-20;85.51
Steiermark;2023-09-21;86.68
Steiermark;2023-09-22;88.0
Steiermark;2023-09-23;89.52
Steiermark;2023-09-24;91.35
Steiermark;2023-09-25;93.38
Steiermark;2023-09-26;95.72
Steiermark;2023-09-27;98.21
Steiermark;2023-09-28;100.82
Steiermark;2023-09-29;103.53
Steiermark;2023-09-30;106.09
Steiermark;2023-10-01;108.45
Steiermark;2023-10-02;110.48
Steiermark;2023-10-03;112.26
Steiermark;2023-10-04;113.72
Steiermark;2023-10-05;115.07
Steiermark;2023-10-06;116.32
Steiermark;2023-10-07;117.67
Steiermark;2023-10-08;119.1
Steiermark;2023-10-09;120.78
Steiermark;2023-10-10;122.74
Steiermark;2023-10-11;125.0
Steiermark;2023-10-12;127.6
Steiermark;2023-10-13;130.61
Steiermark;2023-10-14;134.11
Steiermark;2023-10-15;138.16
Steiermark;2023-10-16;142.82
Steiermark;2023-10-17;148.2
Steiermark;2023-10-18;154.11
Steiermark;2023-10-19;160.46
Steiermark;2023-10-20;167.12
Steiermark;2023-10-21;173.72
Steiermark;2023-10-22;180.12
Steiermark;2023-10-23;186.3
Steiermark;2023-10-24;192.14
Steiermark;2023-10-25;197.8
Steiermark;2023-10-26;203.29
Steiermark;2023-10-27;208.61
Steiermark;2023-10-28;213.52
Steiermark;2023-10-29;218.04
Steiermark;2023-10-30;222.02
Steiermark;2023-10-31;225.47
Steiermark;2023-11-01;228.29
Steiermark;2023-11-02;230.68
Steiermark;2023-11-03;232.85
Steiermark;2023-11-04;235.25
Steiermark;2023-11-05;238.14
Steiermark;2023-11-06;241.86
Steiermark;2023-11-07;246.54
Steiermark;2023-11-08;252.19
Steiermark;2023-11-09;258.66
Steiermark;2023-11-10;265.81
Steiermark;2023-11-11;273.39
Steiermark;2023-11-12;281.27
Steiermark;2023-11-13;289.25
Steiermark;2023-11-14;297.23
Steiermark;2023-11-15;305.3
Steiermark;2023-11-16;313.45
Steiermark;2023-11-17;321.83
Steiermark;2023-11-18;330.72
Steiermark;2023-11-19;340.47
Steiermark;2023-11-20;351.16
Steiermark;2023-11-21;363.02
Steiermark;2023-11-22;375.88
Steiermark;2023-11-23;389.78
Steiermark;2023-11-24;404.36
Steiermark;2023-11-25;419.41
Steiermark;2023-11-26;434.62
Steiermark;2023-11-27;449.83
Steiermark;2023-11-28;464.85
Steiermark;2023-11-29;479.43
Steiermark;2023-11-30;493.23
Steiermark;2023-12-01;505.99
Steiermark;2023-12-02;517.33
Steiermark;2023-12-03;526.82
Steiermark;2023-12-04;534.62
Steiermark;2023-12-05;541.1
Steiermark;2023-12-06;546.95
Steiermark;2023-12-07;552.5
Steiermark;2023-12-08;557.8
Steiermark;2023-12-09;562.38
Steiermark;2023-12-10;565.79
Steiermark;2023-12-11;567.86
Steiermark;2023-12-12;568.77
Steiermark;2023-12-13;568.88
Steiermark;2023-12-14;568.56
Steiermark;2023-12-15;567.75
Steiermark;2023-12-16;565.95
Steiermark;2023-12-17;562.7
Steiermark;2023-12-18;557.52
Steiermark;2023-12-19;550.13
Steiermark;2023-12-20;540.63
Steiermark;2023-12-21;529.15
Steiermark;2023-12-22;516.03
Steiermark;2023-12-23;501.6
Steiermark;2023-12-24;486.25
Steiermark;2023-12-25;470.16
Steiermark;2023-12-26;453.37
Steiermark;2023-12-27;435.99
Steiermark;2023-12-28;417.96
Steiermark;2023-12-29;399.37
Steiermark;2023-12-30;380.41
Steiermark;2023-12-31;361.12
Steiermark;2024-01-01;341.68
Steiermark;2024-01-02;322.28
Steiermark;2024-01-03;303.13
Steiermark;2024-01-04;284.5
Steiermark;2024-01-05;266.67
Steiermark;2024-01-06;249.87
Steiermark;2024-01-07;234.4
Steiermark;2024-01-08;220.31
Steiermark;2024-01-09;207.72
Steiermark;2024-01-10;196.46
Steiermark;2024-01-11;186.35
Steiermark;2024-01-12;177.13
Steiermark;2024-01-13;168.51
Steiermark;2024-01-14;160.36
Steiermark;2024-01-15;152.54
Steiermark;2024-01-16;144.89
Steiermark;2024-01-17;137.43
Steiermark;2024-01-18;130.24
Steiermark;2024-01-19;123.29
Steiermark;2024-01-20;116.64
Steiermark;2024-01-21;110.3
Steiermark;2024-01-22;104.32
Steiermark;2024-01-23;98.71
Steiermark;2024-01-24;93.59
Steiermark;2024-01-25;89.02
Steiermark;2024-01-26;84.89
Steiermark;2024-01-27;81.12
Steiermark;2024-01-28;77.73
Steiermark;2024-01-29;74.5
Steiermark;2024-01-30;71.45
Steiermark;2024-01-31;68.45
Steiermark;2024-02-01;65.53
Steiermark;2024-02-02;62.53
Steiermark;2024-02-03;59.56
Steiermark;2024-02-04;56.5
Steiermark;2024-02-05;53.52
Steiermark;2024-02-06;50.48
Steiermark;2024-02-07;47.52
Steiermark;2024-02-08;44.56
Steiermark;2024-02-09;41.71
Steiermark;2024-02-10;39.02
Steiermark;2024-02-11;36.41
Steiermark;2024-02-12;33.93
Steiermark;2024-02-13;31.65
Steiermark;2024-02-14;29.52
Steiermark;2024-02-15;27.54
Steiermark;2024-02-16;25.66
Steiermark;2024-02-17;23.91
Steiermark;2024-02-18;22.21
Steiermark;2024-02-19;20.63
Steiermark;2024-02-20;19.12
Steiermark;2024-02-21;17.66
Steiermark;2024-02-22;16.3
Steiermark;2024-02-23;15.03
Steiermark;2024-02-24;13.84
Steiermark;2024-02-25;12.84
Steiermark;2024-02-26;11.86
Steiermark;2024-02-27;10.99
Steiermark;2024-02-28;10.22
Steiermark;2024-02-29;9.49
Steiermark;2024-03-01;8.87
Steiermark;2024-03-02;8.33
Steiermark;2024-03-03;7.88
Steiermark;2024-03-04;7.45
Steiermark;2024-03-05;7.16
Steiermark;2024-03-06;6.93
Steiermark;2024-03-07;6.74
Steiermark;2024-03-08;6.58
Steiermark;2024-03-09;6.55
Steiermark;2024-03-10;6.47
Steiermark;2024-03-11;6.44
Steiermark;2024-03-12;6.38
Steiermark;2024-03-13;6.34
Steiermark;2024-03-14;6.38
Steiermark;2024-03-15;6.36
Steiermark;2024-03-16;6.33
Steiermark;2024-03-17;6.39
Steiermark;2024-03-18;6.39
Steiermark;2024-03-19;6.46
Steiermark;2024-03-20;6.54
Steiermark;2024-03-21;6.69
Steiermark;2024-03-22;6.79
Steiermark;2024-03-23;6.93
Steiermark;2024-03-24;7.03
Steiermark;2024-03-25;7.07
Steiermark;2024-03-26;7.1
Steiermark;2024-03-27;7.03
Steiermark;2024-03-28;6.95
Steiermark;2024-03-29;6.85
Steiermark;2024-03-30;6.72
Steiermark;2024-03-31;6.53
Steiermark;2024-04-01;6.31
Steiermark;2024-04-02;6.12
Steiermark;2024-04-03;5.92
Steiermark;2024-04-04;5.71
Steiermark;2024-04-05;5.47
Steiermark;2024-04-06;5.28
Steiermark;2024-04-07;5.15
Steiermark;2024-04-08;4.94
Steiermark;2024-04-09;4.83
Steiermark;2024-04-10;4.7
Steiermark;2024-04-11;4.57
Steiermark;2024-04-12;4.47
Steiermark;2024-04-13;4.44
Steiermark;2024-04-14;4.37
Steiermark;2024-04-15;4.38
Steiermark;2024-04-16;4.41
Steiermark;2024-04-17;4.47
Steiermark;2024-04-18;4.53
Steiermark;2024-04-19;4.6
Steiermark;2024-04-20;4.69
Steiermark;2024-04-21;4.79
Steiermark;2024-04-22;4.89
Steiermark;2024-04-23;5.01
Steiermark;2024-04-24;5.14
Steiermark;2024-04-25;5.33
Steiermark;2024-04-26;5.45
Steiermark;2024-04-27;5.65
Steiermark;2024-04-28;5.83
Steiermark;2024-04-29;6.0
Steiermark;2024-04-30;6.16
Steiermark;2024-05-01;6.32
Steiermark;2024-05-02;6.48
Steiermark;2024-05-03;6.62
Steiermark;2024-05-04;6.79
Steiermark;2024-05-05;7.01
Steiermark;2024-05-06;7.19
Steiermark;2024-05-07;7.37
Steiermark;2024-05-08;7.51
Steiermark;2024-05-09;7.69
Steiermark;2024-05-10;7.91
Steiermark;2024-05-11;8.04
Steiermark;2024-05-12;8.27
Steiermark;2024-05-13;8.46
Steiermark;2024-05-14;8.71
Steiermark;2024-05-15;9.01
Steiermark;2024-05-16;9.36
Steiermark;2024-05-17;9.77
Steiermark;2024-05-18;10.23
Steiermark;2024-05-19;10.71
Steiermark;2024-05-20;11.19
Steiermark;2024-05-21;11.74
Steiermark;2024-05-22;12.38
Steiermark;2024-05-23;13.02
Steiermark;2024-05-24;13.74
Steiermark;2024-05-25;14.49
Steiermark;2024-05-26;15.3
Steiermark;2024-05-27;16.2
Steiermark;2024-05-28;17.12
Steiermark;2024-05-29;18.19
Steiermark;2024-05-30;19.19
Steiermark;2024-05-31;20.35
Steiermark;2024-06-01;21.59
Steiermark;2024-06-02;22.92
Steiermark;2024-06-03;24.34
Steiermark;2024-06-04;25.95
Steiermark;2024-06-05;27.62
Steiermark;2024-06-06;29.32
Steiermark;2024-06-07;31.06
Steiermark;2024-06-08;32.79
Steiermark;2024-06-09;34.38
Steiermark;2024-06-10;35.91
Steiermark;2024-06-11;37.32
Steiermark;2024-06-12;38.85
Steiermark;2024-06-13;40.35
Steiermark;2024-06-14;41.82
Steiermark;2024-06-15;43.41
Steiermark;2024-06-16;44.88
Steiermark;2024-06-17;46.24
Steiermark;2024-06-18;47.48
Steiermark;2024-06-19;48.48
Steiermark;2024-06-20;49.33
Steiermark;2024-06-21;50.01
Steiermark;2024-06-22;50.71
Steiermark;2024-06-23;51.36
Steiermark;2024-06-24;52.11
Steiermark;2024-06-25;52.92
Steiermark;2024-06-26;53.72
Steiermark;2024-06-27;54.44
Steiermark;2024-06-28;55.06
Steiermark;2024-06-29;55.7
Steiermark;2024-06-30;56.24
Steiermark;2024-07-01;56.83
Steiermark;2024-07-02;57.39
Steiermark;2024-07-03;58.05
Steiermark;2024-07-04;58.74
Steiermark;2024-07-05;59.45
Steiermark;2024-07-06;60.15
Steiermark;2024-07-07;60.8
Steiermark;2024-07-08;61.26
Steiermark;2024-07-09;61.65
Steiermark;2024-07-10;61.98
Steiermark;2024-07-11;62.19
Steiermark;2024-07-12;62.4
Steiermark;2024-07-13;62.62
Steiermark;2024-07-14;62.89
Steiermark;2024-07-15;63.22
Steiermark;2024-07-16;63.65
Steiermark;2024-07-17;64.12
Steiermark;2024-07-18;64.74
Steiermark;2024-07-19;65.39
Steiermark;2024-07-20;66.04
Steiermark;2024-07-21;66.68
Steiermark;2024-07-22;67.3
Steiermark;2024-07-23;67.92
Steiermark;2024-07-24;68.49
Steiermark;2024-07-25;69.05
Steiermark;2024-07-26;69.59
Steiermark;2024-07-27;70.11
Steiermark;2024-07-28;70.63
Steiermark;2024-07-29;71.28
Steiermark;2024-07-30;71.98
Steiermark;2024-07-31;72.77
Steiermark;2024-08-01;73.67
Steiermark;2024-08-02;74.7
Steiermark;2024-08-03;75.8
Steiermark;2024-08-04;76.84
Steiermark;2024-08-05;77.93
Steiermark;2024-08-06;79.03
Steiermark;2024-08-07;80.29
Steiermark;2024-08-08;81.63
Steiermark;2024-08-09;83.26
Steiermark;2024-08-10;85.14
Steiermark;2024-08-11;87.37
Steiermark;2024-08-12;89.88
Steiermark;2024-08-13;92.57
Steiermark;2024-08-14;95.4
Steiermark;2024-08-15;98.4
Steiermark;2024-08-16;101.43
Steiermark;2024-08-17;104.46
Steiermark;2024-08-18;107.59
Steiermark;2024-08-19;110.7
Steiermark;2024-08-20;113.81
Steiermark;2024-08-21;116.87
Steiermark;2024-08-22;119.85
Steiermark;2024-08-23;122.7
Steiermark;2024-08-24;125.33
Steiermark;2024-08-25;127.68
Steiermark;2024-08-26;129.78
Steiermark;2024-08-27;131.58
Steiermark;2024-08-28;133.12
Steiermark;2024-08-29;134.57
Steiermark;2024-08-30;135.92
Steiermark;2024-08-31;137.24
Steiermark;2024-09-01;138.7
Steiermark;2024-09-02;140.42
Steiermark;2024-09-03;142.43
Steiermark;2024-09-04;144.96
Steiermark;2024-09-05;147.94
Steiermark;2024-09-06;151.4
Steiermark;2024-09-07;155.32
Steiermark;2024-09-08;159.75
Steiermark;2024-09-09;164.74
Steiermark;2024-09-10;170.44
Steiermark;2024-09-11;176.87
Steiermark;2024-09-12;184.06
Steiermark;2024-09-13;191.95
Steiermark;2024-09-14;200.63
Steiermark;2024-09-15;210.03
Steiermark;2024-09-16;220.04
Steiermark;2024-09-17;230.62
Steiermark;2024-09-18;241.61
Steiermark;2024-09-19;252.77
Steiermark;2024-09-20;264.09
Steiermark;2024-09-21;275.26
Steiermark;2024-09-22;286.23
Steiermark;2024-09-23;296.76
Steiermark;2024-09-24;306.47
Steiermark;2024-09-25;315.25
Steiermark;2024-09-26;322.98
Steiermark;2024-09-27;329.84
Steiermark;2024-09-28;336.0
Steiermark;2024-09-29;341.58
Steiermark;2024-09-30;346.64
Steiermark;2024-10-01;351.21
Steiermark;2024-10-02;355.3
Steiermark;2024-10-03;358.65
Steiermark;2024-10-04;361.07
Steiermark;2024-10-05;362.06
Steiermark;2024-10-06;361.28
Steiermark;2024-10-07;358.57
Steiermark;2024-10-08;354.16
Steiermark;2024-10-09;348.45
Steiermark;2024-10-10;341.86
Steiermark;2024-10-11;334.67
Steiermark;2024-10-12;327.08
Steiermark;2024-10-13;319.07
Steiermark;2024-10-14;310.74
Steiermark;2024-10-15;302.04
Steiermark;2024-10-16;293.14
Steiermark;2024-10-17;283.99
Steiermark;2024-10-18;274.67
Steiermark;2024-10-19;265.08
Steiermark;2024-10-20;255.21
Steiermark;2024-10-21;244.99
Steiermark;2024-10-22;234.34
Steiermark;2024-10-23;223.49
Steiermark;2024-10-24;212.39
Steiermark;2024-10-25;201.37
Steiermark;2024-10-26;190.51
Steiermark;2024-10-27;180.12
Steiermark;2024-10-28;170.36
Steiermark;2024-10-29;161.53
Steiermark;2024-10-30;153.67
Steiermark;2024-10-31;146.78
Steiermark;2024-11-01;140.87
Steiermark;2024-11-02;135.72
Steiermark;2024-11-03;131.2
Steiermark;2024-11-04;127.27
Steiermark;2024-11-05;123.88
Steiermark;2024-11-06;120.93
Steiermark;2024-11-07;118.55
Steiermark;2024-11-08;116.51
Steiermark;2024-11-09;114.61
Steiermark;2024-11-10;112.86
Steiermark;2024-11-11;111.1
Steiermark;2024-11-12;109.46
Steiermark;2024-11-13;107.89
Steiermark;2024-11-14;106.55
Steiermark;2024-11-15;105.4
Steiermark;2024-11-16;104.62
Steiermark;2024-11-17;104.08
Steiermark;2024-11-18;103.96
Steiermark;2024-11-19;104.11
Steiermark;2024-11-20;104.64
Steiermark;2024-11-21;105.35
Steiermark;2024-11-22;106.38
Steiermark;2024-11-23;107.51
Steiermark;2024-11-24;108.86
Steiermark;2024-11-25;110.29
Steiermark;2024-11-26;111.82
Steiermark;2024-11-27;113.41
Steiermark;2024-11-28;114.98
Steiermark;2024-11-29;116.42
Steiermark;2024-11-30;117.65
Steiermark;2024-12-01;118.58
Steiermark;2024-12-02;119.1
Steiermark;2024-12-03;119.22
Steiermark;2024-12-04;118.86
Steiermark;2024-12-05;118.15
Steiermark;2024-12-06;117.07
Steiermark;2024-12-07;115.78
Steiermark;2024-12-08;114.31
Steiermark;2024-12-09;112.9
Steiermark;2024-12-10;111.58
Steiermark;2024-12-11;110.4
Steiermark;2024-12-12;109.43
Steiermark;2024-12-13;108.62
Steiermark;2024-12-14;107.93
Steiermark;2024-12-15;107.13
Steiermark;2024-12-16;106.29
Steiermark;2024-12-17;105.31
Steiermark;2024-12-18;104.98
Steiermark;2024-12-19;103.98
Steiermark;2024-12-20;103.07
Steiermark;2024-12-21;102.31
Steiermark;2024-12-22;101.67
Steiermark;2024-12-23;101.26
Steiermark;2024-12-24;100.96
Steiermark;2024-12-25;100.84
Steiermark;2024-12-26;100.78
Steiermark;2024-12-27;100.67
Steiermark;2024-12-28;100.61
Steiermark;2024-12-29;100.45
Wien;2022-09-01;118.9
Wien;2022-09-02;117.7
Wien;2022-09-03;116.4
Wien;2022-09-04;115.2
Wien;2022-09-05;113.9
Wien;2022-09-06;112.7
Wien;2022-09-07;111.5
Wien;2022-09-08;110.6
Wien;2022-09-09;109.9
Wien;2022-09-10;109.8
Wien;2022-09-11;110.5
Wien;2022-09-12;111.9
Wien;2022-09-13;114.3
Wien;2022-09-14;117.3
Wien;2022-09-15;121.0
Wien;2022-09-16;125.1
Wien;2022-09-17;129.8
Wien;2022-09-18;134.9
Wien;2022-09-19;140.5
Wien;2022-09-20;146.7
Wien;2022-09-21;153.5
Wien;2022-09-22;160.6
Wien;2022-09-23;167.9
Wien;2022-09-24;175.2
Wien;2022-09-25;182.5
Wien;2022-09-26;189.8
Wien;2022-09-27;197.1
Wien;2022-09-28;204.7
Wien;2022-09-29;212.3
Wien;2022-09-30;219.8
Wien;2022-10-01;226.6
Wien;2022-10-02;232.6
Wien;2022-10-03;237.4
Wien;2022-10-04;241.0
Wien;2022-10-05;243.5
Wien;2022-10-06;245.1
Wien;2022-10-07;245.9
Wien;2022-10-08;245.7
Wien;2022-10-09;244.4
Wien;2022-10-10;241.9
Wien;2022-10-11;238.2
Wien;2022-10-12;233.3
Wien;2022-10-13;227.6
Wien;2022-10-14;221.5
Wien;2022-10-15;215.3
Wien;2022-10-16;209.3
Wien;2022-10-17;203.9
Wien;2022-10-18;198.9
Wien;2022-10-19;194.5
Wien;2022-10-20;190.4
Wien;2022-10-21;186.4
Wien;2022-10-22;182.5
Wien;2022-10-23;178.3
Wien;2022-10-24;173.9
Wien;2022-10-25;169.2
Wien;2022-10-26;164.4
Wien;2022-10-27;159.5
Wien;2022-10-28;154.7
Wien;2022-10-29;149.9
Wien;2022-10-30;145.4
Wien;2022-10-31;141.2
Wien;2022-11-01;137.6
Wien;2022-11-02;134.5
Wien;2022-11-03;132.1
Wien;2022-11-04;130.3
Wien;2022-11-05;129.2
Wien;2022-11-06;129.0
Wien;2022-11-07;129.7
Wien;2022-11-08;131.4
Wien;2022-11-09;134.2
Wien;2022-11-10;137.8
Wien;2022-11-11;141.9
Wien;2022-11-12;146.3
Wien;2022-11-13;150.8
Wien;2022-11-14;155.3
Wien;2022-11-15;160.0
Wien;2022-11-16;164.9
Wien;2022-11-17;169.8
Wien;2022-11-18;174.8
Wien;2022-11-19;179.6
Wien;2022-11-20;184.0
Wien;2022-11-21;188.0
Wien;2022-11-22;191.6
Wien;2022-11-23;194.7
Wien;2022-11-24;197.5
Wien;2022-11-25;200.0
Wien;2022-11-26;202.1
Wien;2022-11-27;204.0
Wien;2022-11-28;205.4
Wien;2022-11-29;206.7
Wien;2022-11-30;207.9
Wien;2022-12-01;209.1
Wien;2022-12-02;210.4
Wien;2022-12-03;211.9
Wien;2022-12-04;213.7
Wien;2022-12-05;215.8
Wien;2022-12-06;218.2
Wien;2022-12-07;221.0
Wien;2022-12-08;224.1
Wien;2022-12-09;227.6
Wien;2022-12-10;231.3
Wien;2022-12-11;235.4
Wien;2022-12-12;239.9
Wien;2022-12-13;244.8
Wien;2022-12-14;250.1
Wien;2022-12-15;255.5
Wien;2022-12-16;260.7
Wien;2022-12-17;265.2
Wien;2022-12-18;268.7
Wien;2022-12-19;270.8
Wien;2022-12-20;271.4
Wien;2022-12-21;270.9
Wien;2022-12-22;269.2
Wien;2022-12-23;266.9
Wien;2022-12-24;264.0
Wien;2022-12-25;260.7
Wien;2022-12-26;257.0
Wien;2022-12-27;253.0
Wien;2022-12-28;248.6
Wien;2022-12-29;243.9
Wien;2022-12-30;238.9
Wien;2022-12-31;233.5
Wien;2023-01-01;227.7
Wien;2023-01-02;221.5
Wien;2023-01-03;214.8
Wien;2023-01-04;207.6
Wien;2023-01-05;200.1
Wien;2023-01-06;192.6
Wien;2023-01-07;185.1
Wien;2023-01-08;177.9
Wien;2023-01-09;171.1
Wien;2023-01-10;164.9
Wien;2023-01-11;159.3
Wien;2023-01-12;154.2
Wien;2023-01-13;149.7
Wien;2023-01-14;145.8
Wien;2023-01-15;142.9
Wien;2023-01-16;140.9
Wien;2023-01-17;140.0
Wien;2023-01-18;140.1
Wien;2023-01-19;141.3
Wien;2023-01-20;143.4
Wien;2023-01-21;146.4
Wien;2023-01-22;150.4
Wien;2023-01-23;155.3
Wien;2023-01-24;161.2
Wien;2023-01-25;167.9
Wien;2023-01-26;175.2
Wien;2023-01-27;183.1
Wien;2023-01-28;191.7
Wien;2023-01-29;201.0
Wien;2023-01-30;211.3
Wien;2023-01-31;222.6
Wien;2023-02-01;234.6
Wien;2023-02-02;247.2
Wien;2023-02-03;259.6
Wien;2023-02-04;271.3
Wien;2023-02-05;281.6
Wien;2023-02-06;290.1
Wien;2023-02-07;296.9
Wien;2023-02-08;302.3
Wien;2023-02-09;306.6
Wien;2023-02-10;310.0
Wien;2023-02-11;312.9
Wien;2023-02-12;315.4
Wien;2023-02-13;317.5
Wien;2023-02-14;319.5
Wien;2023-02-15;321.2
Wien;2023-02-16;322.8
Wien;2023-02-17;324.3
Wien;2023-02-18;325.7
Wien;2023-02-19;326.9
Wien;2023-02-20;328.2
Wien;2023-02-21;329.7
Wien;2023-02-22;331.6
Wien;2023-02-23;333.9
Wien;2023-02-24;336.6
Wien;2023-02-25;339.6
Wien;2023-02-26;342.7
Wien;2023-02-27;345.9
Wien;2023-02-28;348.7
Wien;2023-03-01;350.9
Wien;2023-03-02;352.1
Wien;2023-03-03;352.5
Wien;2023-03-04;351.7
Wien;2023-03-05;349.8
Wien;2023-03-06;346.5
Wien;2023-03-07;341.8
Wien;2023-03-08;336.1
Wien;2023-03-09;329.6
Wien;2023-03-10;322.5
Wien;2023-03-11;315.2
Wien;2023-03-12;307.8
Wien;2023-03-13;300.7
Wien;2023-03-14;294.0
Wien;2023-03-15;287.8
Wien;2023-03-16;282.0
Wien;2023-03-17;276.1
Wien;2023-03-18;270.0
Wien;2023-03-19;263.1
Wien;2023-03-20;255.6
Wien;2023-03-21;247.5
Wien;2023-03-22;239.3
Wien;2023-03-23;231.0
Wien;2023-03-24;222.7
Wien;2023-03-25;214.5
Wien;2023-03-26;206.3
Wien;2023-03-27;198.4
Wien;2023-03-28;190.9
Wien;2023-03-29;184.2
Wien;2023-03-30;178.1
Wien;2023-03-31;172.7
Wien;2023-04-01;167.9
Wien;2023-04-02;163.6
Wien;2023-04-03;159.8
Wien;2023-04-04;156.2
Wien;2023-04-05;152.9
Wien;2023-04-06;149.6
Wien;2023-04-07;146.4
Wien;2023-04-08;143.1
Wien;2023-04-09;139.7
Wien;2023-04-10;136.3
Wien;2023-04-11;132.7
Wien;2023-04-12;129.0
Wien;2023-04-13;125.1
Wien;2023-04-14;121.2
Wien;2023-04-15;117.2
Wien;2023-04-16;113.2
Wien;2023-04-17;109.3
Wien;2023-04-18;105.6
Wien;2023-04-19;102.0
Wien;2023-04-20;98.6
Wien;2023-04-21;95.4
Wien;2023-04-22;92.4
Wien;2023-04-23;89.5
Wien;2023-04-24;86.9
Wien;2023-04-25;84.4
Wien;2023-04-26;82.1
Wien;2023-04-27;79.9
Wien;2023-04-28;77.7
Wien;2023-04-29;75.6
Wien;2023-04-30;73.4
Wien;2023-05-01;71.3
Wien;2023-05-02;69.1
Wien;2023-05-03;66.9
Wien;2023-05-04;64.7
Wien;2023-05-05;62.4
Wien;2023-05-06;60.1
Wien;2023-05-07;57.9
Wien;2023-05-08;55.8
Wien;2023-05-09;53.7
Wien;2023-05-10;51.7
Wien;2023-05-11;49.9
Wien;2023-05-12;48.1
Wien;2023-05-13;46.6
Wien;2023-05-14;45.2
Wien;2023-05-15;44.0
Wien;2023-05-16;43.1
Wien;2023-05-17;42.5
Wien;2023-05-18;42.1
Wien;2023-05-19;41.8
Wien;2023-05-20;41.6
Wien;2023-05-21;41.5
Wien;2023-05-22;41.3
Wien;2023-05-23;41.1
Wien;2023-05-24;40.8
Wien;2023-05-25;40.4
Wien;2023-05-26;40.0
Wien;2023-05-27;39.5
Wien;2023-05-28;38.9
Wien;2023-05-29;38.2
Wien;2023-05-30;37.5
Wien;2023-05-31;36.6
Wien;2023-06-01;35.7
Wien;2023-06-02;34.7
Wien;2023-06-03;33.7
Wien;2023-06-04;32.8
Wien;2023-06-05;31.9
Wien;2023-06-06;31.1
Wien;2023-06-07;30.4
Wien;2023-06-08;29.7
Wien;2023-06-09;29.1
Wien;2023-06-10;28.6
Wien;2023-06-11;28.0
Wien;2023-06-12;27.3
Wien;2023-06-13;26.6
Wien;2023-06-14;25.8
Wien;2023-06-15;25.0
Wien;2023-06-16;24.2
Wien;2023-06-17;23.4
Wien;2023-06-18;22.6
Wien;2023-06-19;21.9
Wien;2023-06-20;21.4
Wien;2023-06-21;21.0
Wien;2023-06-22;20.7
Wien;2023-06-23;20.5
Wien;2023-06-24;20.3
Wien;2023-06-25;20.2
Wien;2023-06-26;20.1
Wien;2023-06-27;20.0
Wien;2023-06-28;20.1
Wien;2023-06-29;20.2
Wien;2023-06-30;20.3
Wien;2023-07-01;20.5
Wien;2023-07-02;20.8
Wien;2023-07-03;21.0
Wien;2023-07-04;21.3
Wien;2023-07-05;21.6
Wien;2023-07-06;21.8
Wien;2023-07-07;22.0
Wien;2023-07-08;22.2
Wien;2023-07-09;22.4
Wien;2023-07-10;22.6
Wien;2023-07-11;22.8
Wien;2023-07-12;23.2
Wien;2023-07-13;23.6
Wien;2023-07-14;24.1
Wien;2023-07-15;24.7
Wien;2023-07-16;25.5
Wien;2023-07-17;26.4
Wien;2023-07-18;27.5
Wien;2023-07-19;28.6
Wien;2023-07-20;29.8
Wien;2023-07-21;31.1
Wien;2023-07-22;32.5
Wien;2023-07-23;33.9
Wien;2023-07-24;35.4
Wien;2023-07-25;37.0
Wien;2023-07-26;38.9
Wien;2023-07-27;41.0
Wien;2023-07-28;43.2
Wien;2023-07-29;45.6
Wien;2023-07-30;48.2
Wien;2023-07-31;50.9
Wien;2023-08-01;53.8
Wien;2023-08-02;57.0
Wien;2023-08-03;60.3
Wien;2023-08-04;63.8
Wien;2023-08-05;67.4
Wien;2023-08-06;70.9
Wien;2023-08-07;74.4
Wien;2023-08-08;77.7
Wien;2023-08-09;80.9
Wien;2023-08-10;84.0
Wien;2023-08-11;87.0
Wien;2023-08-12;90.1
Wien;2023-08-13;93.1
Wien;2023-08-14;96.0
Wien;2023-08-15;98.6
Wien;2023-08-16;100.9
Wien;2023-08-17;102.7
Wien;2023-08-18;104.1
Wien;2023-08-19;105.4
Wien;2023-08-20;106.4
Wien;2023-08-21;107.5
Wien;2023-08-22;108.7
Wien;2023-08-23;110.0
Wien;2023-08-24;111.6
Wien;2023-08-25;113.4
Wien;2023-08-26;115.3
Wien;2023-08-27;117.4
Wien;2023-08-28;119.4
Wien;2023-08-29;121.6
Wien;2023-08-30;123.7
Wien;2023-08-31;125.8
Wien;2023-09-01;127.8
Wien;2023-09-02;129.5
Wien;2023-09-03;130.9
Wien;2023-09-04;132.0
Wien;2023-09-05;132.8
Wien;2023-09-06;133.5
Wien;2023-09-07;134.1
Wien;2023-09-08;134.7
Wien;2023-09-09;135.3
Wien;2023-09-10;136.0
Wien;2023-09-11;136.6
Wien;2023-09-12;137.2
Wien;2023-09-13;137.7
Wien;2023-09-14;137.9
Wien;2023-09-15;137.9
Wien;2023-09-16;137.7
Wien;2023-09-17;137.3
Wien;2023-09-18;136.8
Wien;2023-09-19;136.2
Wien;2023-09-20;135.6
Wien;2023-09-21;135.2
Wien;2023-09-22;134.9
Wien;2023-09-23;134.8
Wien;2023-09-24;135.0
Wien;2023-09-25;135.6
Wien;2023-09-26;136.5
Wien;2023-09-27;137.8
Wien;2023-09-28;139.5
Wien;2023-09-29;141.4
Wien;2023-09-30;143.6
Wien;2023-10-01;145.8
Wien;2023-10-02;148.2
Wien;2023-10-03;150.6
Wien;2023-10-04;152.9
Wien;2023-10-05;155.3
Wien;2023-10-06;157.7
Wien;2023-10-07;160.2
Wien;2023-10-08;162.9
Wien;2023-10-09;165.7
Wien;2023-10-10;168.9
Wien;2023-10-11;172.3
Wien;2023-10-12;175.9
Wien;2023-10-13;179.6
Wien;2023-10-14;183.3
Wien;2023-10-15;186.9
Wien;2023-10-16;190.3
Wien;2023-10-17;193.3
Wien;2023-10-18;195.8
Wien;2023-10-19;198.0
Wien;2023-10-20;199.9
Wien;2023-10-21;201.5
Wien;2023-10-22;203.0
Wien;2023-10-23;204.6
Wien;2023-10-24;206.5
Wien;2023-10-25;208.9
Wien;2023-10-26;211.6
Wien;2023-10-27;214.5
Wien;2023-10-28;217.5
Wien;2023-10-29;220.2
Wien;2023-10-30;222.7
Wien;2023-10-31;225.3
Wien;2023-11-01;228.5
Wien;2023-11-02;232.7
Wien;2023-11-03;238.4
Wien;2023-11-04;245.7
Wien;2023-11-05;254.6
Wien;2023-11-06;265.2
Wien;2023-11-07;277.1
Wien;2023-11-08;290.3
Wien;2023-11-09;304.2
Wien;2023-11-10;318.4
Wien;2023-11-11;332.4
Wien;2023-11-12;345.8
Wien;2023-11-13;358.5
Wien;2023-11-14;370.6
Wien;2023-11-15;382.2
Wien;2023-11-16;393.9
Wien;2023-11-17;406.1
Wien;2023-11-18;419.3
Wien;2023-11-19;434.0
Wien;2023-11-20;450.5
Wien;2023-11-21;468.5
Wien;2023-11-22;487.8
Wien;2023-11-23;508.0
Wien;2023-11-24;528.9
Wien;2023-11-25;550.6
Wien;2023-11-26;573.0
Wien;2023-11-27;596.5
Wien;2023-11-28;621.3
Wien;2023-11-29;647.3
Wien;2023-11-30;674.1
Wien;2023-12-01;700.7
Wien;2023-12-02;726.3
Wien;2023-12-03;749.6
Wien;2023-12-04;769.5
Wien;2023-12-05;785.0
Wien;2023-12-06;795.8
Wien;2023-12-07;802.5
Wien;2023-12-08;805.7
Wien;2023-12-09;806.4
Wien;2023-12-10;804.5
Wien;2023-12-11;799.6
Wien;2023-12-12;790.5
Wien;2023-12-13;776.6
Wien;2023-12-14;758.4
Wien;2023-12-15;737.2
Wien;2023-12-16;714.3
Wien;2023-12-17;690.7
Wien;2023-12-18;666.7
Wien;2023-12-19;642.2
Wien;2023-12-20;616.7
Wien;2023-12-21;590.4
Wien;2023-12-22;563.5
Wien;2023-12-23;536.6
Wien;2023-12-24;510.2
Wien;2023-12-25;484.6
Wien;2023-12-26;460.2
Wien;2023-12-27;437.2
Wien;2023-12-28;415.4
Wien;2023-12-29;394.7
Wien;2023-12-30;375.2
Wien;2023-12-31;356.7
Wien;2024-01-01;339.0
Wien;2024-01-02;321.8
Wien;2024-01-03;304.9
Wien;2024-01-04;288.1
Wien;2024-01-05;271.7
Wien;2024-01-06;256.2
Wien;2024-01-07;242.1
Wien;2024-01-08;229.6
Wien;2024-01-09;218.6
Wien;2024-01-10;208.8
Wien;2024-01-11;199.9
Wien;2024-01-12;191.7
Wien;2024-01-13;183.9
Wien;2024-01-14;176.5
Wien;2024-01-15;169.4
Wien;2024-01-16;162.5
Wien;2024-01-17;155.7
Wien;2024-01-18;149.0
Wien;2024-01-19;142.3
Wien;2024-01-20;135.8
Wien;2024-01-21;129.5
Wien;2024-01-22;123.4
Wien;2024-01-23;117.5
Wien;2024-01-24;112.0
Wien;2024-01-25;106.6
Wien;2024-01-26;101.6
Wien;2024-01-27;96.7
Wien;2024-01-28;92.1
Wien;2024-01-29;87.8
Wien;2024-01-30;83.7
Wien;2024-01-31;79.9
Wien;2024-02-01;76.2
Wien;2024-02-02;72.7
Wien;2024-02-03;69.4
Wien;2024-02-04;66.1
Wien;2024-02-05;63.1
Wien;2024-02-06;60.2
Wien;2024-02-07;57.6
Wien;2024-02-08;55.3
Wien;2024-02-09;53.1
Wien;2024-02-10;50.9
Wien;2024-02-11;48.7
Wien;2024-02-12;46.5
Wien;2024-02-13;44.2
Wien;2024-02-14;42.0
Wien;2024-02-15;39.8
Wien;2024-02-16;37.8
Wien;2024-02-17;35.8
Wien;2024-02-18;34.1
Wien;2024-02-19;32.5
Wien;2024-02-20;31.1
Wien;2024-02-21;29.8
Wien;2024-02-22;28.8
Wien;2024-02-23;27.8
Wien;2024-02-24;26.9
Wien;2024-02-25;26.1
Wien;2024-02-26;25.3
Wien;2024-02-27;24.5
Wien;2024-02-28;23.9
Wien;2024-02-29;23.3
Wien;2024-03-01;22.7
Wien;2024-03-02;22.2
Wien;2024-03-03;21.8
Wien;2024-03-04;21.4
Wien;2024-03-05;21.1
Wien;2024-03-06;20.9
Wien;2024-03-07;20.7
Wien;2024-03-08;20.7
Wien;2024-03-09;20.7
Wien;2024-03-10;20.9
Wien;2024-03-11;21.1
Wien;2024-03-12;21.5
Wien;2024-03-13;22.0
Wien;2024-03-14;22.7
Wien;2024-03-15;23.5
Wien;2024-03-16;24.3
Wien;2024-03-17;25.0
Wien;2024-03-18;25.6
Wien;2024-03-19;25.9
Wien;2024-03-20;25.8
Wien;2024-03-21;25.5
Wien;2024-03-22;24.9
Wien;2024-03-23;24.1
Wien;2024-03-24;23.4
Wien;2024-03-25;22.6
Wien;2024-03-26;21.9
Wien;2024-03-27;21.2
Wien;2024-03-28;20.7
Wien;2024-03-29;20.1
Wien;2024-03-30;19.6
Wien;2024-03-31;19.2
Wien;2024-04-01;18.8
Wien;2024-04-02;18.4
Wien;2024-04-03;18.1
Wien;2024-04-04;17.9
Wien;2024-04-05;17.7
Wien;2024-04-06;17.6
Wien;2024-04-07;17.6
Wien;2024-04-08;17.7
Wien;2024-04-09;18.0
Wien;2024-04-10;18.3
Wien;2024-04-11;18.6
Wien;2024-04-12;19.0
Wien;2024-04-13;19.5
Wien;2024-04-14;20.0
Wien;2024-04-15;20.6
Wien;2024-04-16;21.4
Wien;2024-04-17;22.2
Wien;2024-04-18;23.1
Wien;2024-04-19;24.1
Wien;2024-04-20;25.1
Wien;2024-04-21;26.2
Wien;2024-04-22;27.3
Wien;2024-04-23;28.4
Wien;2024-04-24;29.5
Wien;2024-04-25;30.6
Wien;2024-04-26;31.7
Wien;2024-04-27;32.7
Wien;2024-04-28;33.6
Wien;2024-04-29;34.3
Wien;2024-04-30;34.9
Wien;2024-05-01;35.5
Wien;2024-05-02;36.0
Wien;2024-05-03;36.5
Wien;2024-05-04;37.0
Wien;2024-05-05;37.4
Wien;2024-05-06;37.8
Wien;2024-05-07;38.3
Wien;2024-05-08;38.7
Wien;2024-05-09;39.1
Wien;2024-05-10;39.5
Wien;2024-05-11;39.9
Wien;2024-05-12;40.3
Wien;2024-05-13;40.7
Wien;2024-05-14;41.0
Wien;2024-05-15;41.3
Wien;2024-05-16;41.6
Wien;2024-05-17;41.9
Wien;2024-05-18;42.3
Wien;2024-05-19;42.7
Wien;2024-05-20;43.3
Wien;2024-05-21;43.9
Wien;2024-05-22;44.7
Wien;2024-05-23;45.7
Wien;2024-05-24;46.7
Wien;2024-05-25;47.8
Wien;2024-05-26;49.0
Wien;2024-05-27;50.2
Wien;2024-05-28;51.6
Wien;2024-05-29;53.1
Wien;2024-05-30;54.6
Wien;2024-05-31;56.2
Wien;2024-06-01;57.9
Wien;2024-06-02;59.7
Wien;2024-06-03;61.6
Wien;2024-06-04;63.8
Wien;2024-06-05;66.3
Wien;2024-06-06;69.0
Wien;2024-06-07;71.9
Wien;2024-06-08;74.9
Wien;2024-06-09;77.8
Wien;2024-06-10;80.6
Wien;2024-06-11;83.2
Wien;2024-06-12;85.8
Wien;2024-06-13;88.4
Wien;2024-06-14;91.0
Wien;2024-06-15;93.9
Wien;2024-06-16;97.1
Wien;2024-06-17;100.7
Wien;2024-06-18;104.6
Wien;2024-06-19;108.7
Wien;2024-06-20;113.0
Wien;2024-06-21;117.3
Wien;2024-06-22;121.6
Wien;2024-06-23;125.8
Wien;2024-06-24;129.8
Wien;2024-06-25;133.5
Wien;2024-06-26;136.8
Wien;2024-06-27;139.8
Wien;2024-06-28;142.8
Wien;2024-06-29;145.7
Wien;2024-06-30;148.9
Wien;2024-07-01;152.2
Wien;2024-07-02;155.5
Wien;2024-07-03;158.6
Wien;2024-07-04;161.5
Wien;2024-07-05;163.9
Wien;2024-07-06;165.8
Wien;2024-07-07;167.0
Wien;2024-07-08;167.5
Wien;2024-07-09;167.3
Wien;2024-07-10;166.7
Wien;2024-07-11;165.8
Wien;2024-07-12;164.5
Wien;2024-07-13;163.0
Wien;2024-07-14;161.3
Wien;2024-07-15;159.2
Wien;2024-07-16;156.7
Wien;2024-07-17;153.7
Wien;2024-07-18;150.4
Wien;2024-07-19;147.0
Wien;2024-07-20;143.8
Wien;2024-07-21;140.9
Wien;2024-07-22;138.5
Wien;2024-07-23;136.8
Wien;2024-07-24;135.8
Wien;2024-07-25;135.2
Wien;2024-07-26;134.9
Wien;2024-07-27;134.6
Wien;2024-07-28;134.4
Wien;2024-07-29;134.4
Wien;2024-07-30;134.9
Wien;2024-07-31;136.3
Wien;2024-08-01;138.5
Wien;2024-08-02;141.2
Wien;2024-08-03;143.9
Wien;2024-08-04;146.4
Wien;2024-08-05;148.4
Wien;2024-08-06;149.9
Wien;2024-08-07;150.9
Wien;2024-08-08;151.6
Wien;2024-08-09;152.2
Wien;2024-08-10;153.2
Wien;2024-08-11;154.7
Wien;2024-08-12;156.8
Wien;2024-08-13;159.5
Wien;2024-08-14;162.6
Wien;2024-08-15;166.2
Wien;2024-08-16;170.1
Wien;2024-08-17;174.3
Wien;2024-08-18;179.0
Wien;2024-08-19;184.0
Wien;2024-08-20;189.1
Wien;2024-08-21;193.9
Wien;2024-08-22;198.3
Wien;2024-08-23;202.3
Wien;2024-08-24;205.8
Wien;2024-08-25;208.7
Wien;2024-08-26;211.1
Wien;2024-08-27;212.9
Wien;2024-08-28;214.5
Wien;2024-08-29;215.8
Wien;2024-08-30;216.9
Wien;2024-08-31;217.7
Wien;2024-09-01;218.3
Wien;2024-09-02;218.7
Wien;2024-09-03;218.7
Wien;2024-09-04;218.6
Wien;2024-09-05;218.4
Wien;2024-09-06;218.5
Wien;2024-09-07;219.0
Wien;2024-09-08;220.3
Wien;2024-09-09;222.4
Wien;2024-09-10;225.3
Wien;2024-09-11;228.9
Wien;2024-09-12;233.2
Wien;2024-09-13;238.4
Wien;2024-09-14;244.6
Wien;2024-09-15;252.2
Wien;2024-09-16;261.2
Wien;2024-09-17;271.3
Wien;2024-09-18;282.1
Wien;2024-09-19;293.0
Wien;2024-09-20;303.4
Wien;2024-09-21;312.8
Wien;2024-09-22;320.6
Wien;2024-09-23;326.5
Wien;2024-09-24;330.3
Wien;2024-09-25;332.3
Wien;2024-09-26;332.8
Wien;2024-09-27;332.4
Wien;2024-09-28;331.5
Wien;2024-09-29;330.3
Wien;2024-09-30;328.9
Wien;2024-10-01;327.1
Wien;2024-10-02;324.8
Wien;2024-10-03;321.9
Wien;2024-10-04;318.2
Wien;2024-10-05;313.9
Wien;2024-10-06;308.7
Wien;2024-10-07;302.8
Wien;2024-10-08;296.6
Wien;2024-10-09;290.3
Wien;2024-10-10;284.2
Wien;2024-10-11;278.0
Wien;2024-10-12;271.8
Wien;2024-10-13;265.3
Wien;2024-10-14;258.7
Wien;2024-10-15;252.2
Wien;2024-10-16;246.2
Wien;2024-10-17;240.6
Wien;2024-10-18;235.1
Wien;2024-10-19;229.6
Wien;2024-10-20;223.8
Wien;2024-10-21;217.6
Wien;2024-10-22;211.3
Wien;2024-10-23;205.3
Wien;2024-10-24;199.5
Wien;2024-10-25;194.1
Wien;2024-10-26;188.9
Wien;2024-10-27;183.9
Wien;2024-10-28;179.2
Wien;2024-10-29;174.6
Wien;2024-10-30;170.3
Wien;2024-10-31;166.0
Wien;2024-11-01;161.5
Wien;2024-11-02;156.8
Wien;2024-11-03;151.6
Wien;2024-11-04;145.8
Wien;2024-11-05;139.9
Wien;2024-11-06;134.0
Wien;2024-11-07;128.4
Wien;2024-11-08;123.0
Wien;2024-11-09;118.1
Wien;2024-11-10;113.6
Wien;2024-11-11;109.6
Wien;2024-11-12;106.2
Wien;2024-11-13;103.3
Wien;2024-11-14;101.0
Wien;2024-11-15;99.0
Wien;2024-11-16;97.4
Wien;2024-11-17;96.2
Wien;2024-11-18;95.3
Wien;2024-11-19;94.7
Wien;2024-11-20;94.5
Wien;2024-11-21;94.5
Wien;2024-11-22;94.7
Wien;2024-11-23;95.0
Wien;2024-11-24;95.3
Wien;2024-11-25;95.7
Wien;2024-11-26;96.2
Wien;2024-11-27;97.0
Wien;2024-11-28;97.9
Wien;2024-11-29;99.0
Wien;2024-11-30;100.1
Wien;2024-12-01;101.3
Wien;2024-12-02;102.4
Wien;2024-12-03;103.6
Wien;2024-12-04;104.9
Wien;2024-12-05;106.5
Wien;2024-12-06;108.2
Wien;2024-12-07;110.2
Wien;2024-12-08;112.4
Wien;2024-12-09;114.8
Wien;2024-12-10;117.6
Wien;2024-12-11;120.8
Wien;2024-12-12;124.3
Wien;2024-12-13;127.9
Wien;2024-12-14;131.4
Wien;2024-12-15;134.6
Wien;2024-12-16;137.0
Wien;2024-12-17;138.3
Wien;2024-12-18;138.4
Wien;2024-12-19;137.5
Wien;2024-12-20;135.7
Wien;2024-12-21;133.6
Wien;2024-12-22;131.3
Wien;2024-12-23;129.0
Wien;2024-12-24;126.9
Wien;2024-12-25;124.9
Wien;2024-12-26;123.1
Wien;2024-12-27;121.4
Wien;2024-12-28;120.0
Wien;2024-12-29;118.8
Burgenland;2022-09-01;46.15
Burgenland;2022-09-02;45.9
Burgenland;2022-09-03;45.65
Burgenland;2022-09-04;45.46
Burgenland;2022-09-05;45.39
Burgenland;2022-09-06;45.33
Burgenland;2022-09-07;45.4
Burgenland;2022-09-08;45.59
Burgenland;2022-09-09;45.86
Burgenland;2022-09-10;46.21
Burgenland;2022-09-11;46.73
Burgenland;2022-09-12;47.37
Burgenland;2022-09-13;48.23
Burgenland;2022-09-14;49.28
Burgenland;2022-09-15;50.59
Burgenland;2022-09-16;52.12
Burgenland;2022-09-17;53.83
Burgenland;2022-09-18;55.9
Burgenland;2022-09-19;58.29
Burgenland;2022-09-20;60.96
Burgenland;2022-09-21;63.9
Burgenland;2022-09-22;67.07
Burgenland;2022-09-23;70.5
Burgenland;2022-09-24;74.29
Burgenland;2022-09-25;78.37
Burgenland;2022-09-26;82.76
Burgenland;2022-09-27;87.47
Burgenland;2022-09-28;92.34
Burgenland;2022-09-29;97.26
Burgenland;2022-09-30;101.98
Burgenland;2022-10-01;106.48
Burgenland;2022-10-02;110.55
Burgenland;2022-10-03;114.18
Burgenland;2022-10-04;117.24
Burgenland;2022-10-05;119.63
Burgenland;2022-10-06;121.48
Burgenland;2022-10-07;122.75
Burgenland;2022-10-08;123.56
Burgenland;2022-10-09;123.93
Burgenland;2022-10-10;123.91
Burgenland;2022-10-11;123.67
Burgenland;2022-10-12;123.14
Burgenland;2022-10-13;122.5
Burgenland;2022-10-14;121.5
Burgenland;2022-10-15;120.23
Burgenland;2022-10-16;118.44
Burgenland;2022-10-17;116.09
Burgenland;2022-10-18;113.36
Burgenland;2022-10-19;110.27
Burgenland;2022-10-20;107.0
Burgenland;2022-10-21;103.69
Burgenland;2022-10-22;100.41
Burgenland;2022-10-23;97.29
Burgenland;2022-10-24;94.27
Burgenland;2022-10-25;91.5
Burgenland;2022-10-26;88.85
Burgenland;2022-10-27;86.4
Burgenland;2022-10-28;84.04
Burgenland;2022-10-29;81.91
Burgenland;2022-10-30;79.94
Burgenland;2022-10-31;78.1
Burgenland;2022-11-01;76.54
Burgenland;2022-11-02;75.29
Burgenland;2022-11-03;74.21
Burgenland;2022-11-04;73.54
Burgenland;2022-11-05;73.16
Burgenland;2022-11-06;73.25
Burgenland;2022-11-07;73.68
Burgenland;2022-11-08;74.48
Burgenland;2022-11-09;75.57
Burgenland;2022-11-10;76.79
Burgenland;2022-11-11;78.09
Burgenland;2022-11-12;79.45
Burgenland;2022-11-13;80.85
Burgenland;2022-11-14;82.17
Burgenland;2022-11-15;83.49
Burgenland;2022-11-16;84.67
Burgenland;2022-11-17;85.74
Burgenland;2022-11-18;86.85
Burgenland;2022-11-19;87.84
Burgenland;2022-11-20;88.85
Burgenland;2022-11-21;89.96
Burgenland;2022-11-22;91.14
Burgenland;2022-11-23;92.43
Burgenland;2022-11-24;93.89
Burgenland;2022-11-25;95.58
Burgenland;2022-11-26;97.37
Burgenland;2022-11-27;99.24
Burgenland;2022-11-28;101.3
Burgenland;2022-11-29;103.51
Burgenland;2022-11-30;105.87
Burgenland;2022-12-01;108.35
Burgenland;2022-12-02;110.91
Burgenland;2022-12-03;113.42
Burgenland;2022-12-04;115.83
Burgenland;2022-12-05;118.05
Burgenland;2022-12-06;120.19
Burgenland;2022-12-07;122.1
Burgenland;2022-12-08;123.91
Burgenland;2022-12-09;125.73
Burgenland;2022-12-10;127.56
Burgenland;2022-12-11;129.31
Burgenland;2022-12-12;130.98
Burgenland;2022-12-13;132.44
Burgenland;2022-12-14;133.65
Burgenland;2022-12-15;134.64
Burgenland;2022-12-16;135.41
Burgenland;2022-12-17;135.92
Burgenland;2022-12-18;136.23
Burgenland;2022-12-19;136.4
Burgenland;2022-12-20;136.49
Burgenland;2022-12-21;136.67
Burgenland;2022-12-22;136.89
Burgenland;2022-12-23;137.16
Burgenland;2022-12-24;137.34
Burgenland;2022-12-25;137.33
Burgenland;2022-12-26;136.88
Burgenland;2022-12-27;135.87
Burgenland;2022-12-28;134.23
Burgenland;2022-12-29;131.9
Burgenland;2022-12-30;129.05
Burgenland;2022-12-31;125.7
Burgenland;2023-01-01;121.95
Burgenland;2023-01-02;117.98
Burgenland;2023-01-03;114.02
Burgenland;2023-01-04;110.08
Burgenland;2023-01-05;106.34
Burgenland;2023-01-06;102.87
Burgenland;2023-01-07;99.54
Burgenland;2023-01-08;96.37
Burgenland;2023-01-09;93.56
Burgenland;2023-01-10;91.03
Burgenland;2023-01-11;88.81
Burgenland;2023-01-12;87.01
Burgenland;2023-01-13;85.46
Burgenland;2023-01-14;84.22
Burgenland;2023-01-15;83.19
Burgenland;2023-01-16;82.5
Burgenland;2023-01-17;81.91
Burgenland;2023-01-18;76.82
Burgenland;2023-01-19;76.54
Burgenland;2023-01-20;76.34
Burgenland;2023-01-21;76.34
Burgenland;2023-01-22;76.48
Burgenland;2023-01-23;76.87
Burgenland;2023-01-24;78.69
Burgenland;2023-01-25;79.85
Burgenland;2023-01-26;81.25
Burgenland;2023-01-27;82.92
Burgenland;2023-01-28;84.89
Burgenland;2023-01-29;87.23
Burgenland;2023-01-30;89.91
Burgenland;2023-01-31;92.89
Burgenland;2023-02-01;96.13
Burgenland;2023-02-02;99.56
Burgenland;2023-02-03;103.22
Burgenland;2023-02-04;107.06
Burgenland;2023-02-05;111.03
Burgenland;2023-02-06;115.18
Burgenland;2023-02-07;119.42
Burgenland;2023-02-08;123.63
Burgenland;2023-02-09;127.82
Burgenland;2023-02-10;131.92
Burgenland;2023-02-11;135.83
Burgenland;2023-02-12;139.44
Burgenland;2023-02-13;142.77
Burgenland;2023-02-14;145.59
Burgenland;2023-02-15;148.0
Burgenland;2023-02-16;150.15
Burgenland;2023-02-17;152.16
Burgenland;2023-02-18;154.41
Burgenland;2023-02-19;157.01
Burgenland;2023-02-20;160.07
Burgenland;2023-02-21;163.53
Burgenland;2023-02-22;167.2
Burgenland;2023-02-23;170.78
Burgenland;2023-02-24;174.25
Burgenland;2023-02-25;177.35
Burgenland;2023-02-26;179.92
Burgenland;2023-02-27;181.92
Burgenland;2023-02-28;183.18
Burgenland;2023-03-01;183.76
Burgenland;2023-03-02;183.76
Burgenland;2023-03-03;183.2
Burgenland;2023-03-04;182.15
Burgenland;2023-03-05;180.56
Burgenland;2023-03-06;178.33
Burgenland;2023-03-07;175.33
Burgenland;2023-03-08;171.54
Burgenland;2023-03-09;167.12
Burgenland;2023-03-10;162.18
Burgenland;2023-03-11;157.04
Burgenland;2023-03-12;151.81
Burgenland;2023-03-13;146.59
Burgenland;2023-03-14;141.32
Burgenland;2023-03-15;136.05
Burgenland;2023-03-16;130.72
Burgenland;2023-03-17;125.37
Burgenland;2023-03-18;120.12
Burgenland;2023-03-19;114.98
Burgenland;2023-03-20;110.04
Burgenland;2023-03-21;105.32
Burgenland;2023-03-22;100.8
Burgenland;2023-03-23;96.43
Burgenland;2023-03-24;92.17
Burgenland;2023-03-25;88.04
Burgenland;2023-03-26;84.08
Burgenland;2023-03-27;80.26
Burgenland;2023-03-28;76.58
Burgenland;2023-03-29;73.09
Burgenland;2023-03-30;69.77
Burgenland;2023-03-31;66.68
Burgenland;2023-04-01;63.7
Burgenland;2023-04-02;60.99
Burgenland;2023-04-03;58.45
Burgenland;2023-04-04;56.18
Burgenland;2023-04-05;54.08
Burgenland;2023-04-06;52.16
Burgenland;2023-04-07;50.26
Burgenland;2023-04-08;48.49
Burgenland;2023-04-09;46.75
Burgenland;2023-04-10;45.05
Burgenland;2023-04-11;43.36
Burgenland;2023-04-12;41.63
Burgenland;2023-04-13;40.05
Burgenland;2023-04-14;38.51
Burgenland;2023-04-15;37.15
Burgenland;2023-04-16;36.05
Burgenland;2023-04-17;35.25
Burgenland;2023-04-18;34.65
Burgenland;2023-04-19;34.41
Burgenland;2023-04-20;34.34
Burgenland;2023-04-21;34.41
Burgenland;2023-04-22;34.66
Burgenland;2023-04-23;35.01
Burgenland;2023-04-24;35.48
Burgenland;2023-04-25;36.03
Burgenland;2023-04-26;36.67
Burgenland;2023-04-27;37.32
Burgenland;2023-04-28;37.9
Burgenland;2023-04-29;38.42
Burgenland;2023-04-30;38.73
Burgenland;2023-05-01;38.7
Burgenland;2023-05-02;38.3
Burgenland;2023-05-03;37.41
Burgenland;2023-05-04;36.14
Burgenland;2023-05-05;34.59
Burgenland;2023-05-06;32.88
Burgenland;2023-05-07;31.14
Burgenland;2023-05-08;29.4
Burgenland;2023-05-09;27.69
Burgenland;2023-05-10;26.14
Burgenland;2023-05-11;24.67
Burgenland;2023-05-12;23.34
Burgenland;2023-05-13;22.07
Burgenland;2023-05-14;20.98
Burgenland;2023-05-15;19.98
Burgenland;2023-05-16;19.14
Burgenland;2023-05-17;18.39
Burgenland;2023-05-18;17.73
Burgenland;2023-05-19;17.08
Burgenland;2023-05-20;16.44
Burgenland;2023-05-21;15.87
Burgenland;2023-05-22;15.25
Burgenland;2023-05-23;14.6
Burgenland;2023-05-24;14.02
Burgenland;2023-05-25;13.44
Burgenland;2023-05-26;12.9
Burgenland;2023-05-27;12.38
Burgenland;2023-05-28;11.9
Burgenland;2023-05-29;11.48
Burgenland;2023-05-30;11.08
Burgenland;2023-05-31;10.67
Burgenland;2023-06-01;10.33
Burgenland;2023-06-02;10.06
Burgenland;2023-06-03;9.8
Burgenland;2023-06-04;9.55
Burgenland;2023-06-05;9.32
Burgenland;2023-06-06;9.11
Burgenland;2023-06-07;8.9
Burgenland;2023-06-08;8.71
Burgenland;2023-06-09;8.54
Burgenland;2023-06-10;8.34
Burgenland;2023-06-11;8.17
Burgenland;2023-06-12;8.0
Burgenland;2023-06-13;7.87
Burgenland;2023-06-14;7.73
Burgenland;2023-06-15;7.58
Burgenland;2023-06-16;7.46
Burgenland;2023-06-17;7.37
Burgenland;2023-06-18;7.21
Burgenland;2023-06-19;7.14
Burgenland;2023-06-20;7.05
Burgenland;2023-06-21;6.93
Burgenland;2023-06-22;6.77
Burgenland;2023-06-23;6.63
Burgenland;2023-06-24;6.52
Burgenland;2023-06-25;6.41
Burgenland;2023-06-26;6.36
Burgenland;2023-06-27;6.28
Burgenland;2023-06-28;6.26
Burgenland;2023-06-29;6.24
Burgenland;2023-06-30;6.29
Burgenland;2023-07-01;6.35
Burgenland;2023-07-02;6.4
Burgenland;2023-07-03;6.52
Burgenland;2023-07-04;6.67
Burgenland;2023-07-05;6.92
Burgenland;2023-07-06;7.17
Burgenland;2023-07-07;7.53
Burgenland;2023-07-08;7.98
Burgenland;2023-07-09;8.57
Burgenland;2023-07-10;9.29
Burgenland;2023-07-11;10.09
Burgenland;2023-07-12;11.06
Burgenland;2023-07-13;12.1
Burgenland;2023-07-14;13.22
Burgenland;2023-07-15;14.3
Burgenland;2023-07-16;15.28
Burgenland;2023-07-17;16.09
Burgenland;2023-07-18;16.61
Burgenland;2023-07-19;16.7
Burgenland;2023-07-20;16.47
Burgenland;2023-07-21;15.96
Burgenland;2023-07-22;15.31
Burgenland;2023-07-23;14.55
Burgenland;2023-07-24;13.87
Burgenland;2023-07-25;13.24
Burgenland;2023-07-26;12.76
Burgenland;2023-07-27;12.33
Burgenland;2023-07-28;12.02
Burgenland;2023-07-29;11.89
Burgenland;2023-07-30;11.88
Burgenland;2023-07-31;12.08
Burgenland;2023-08-01;12.46
Burgenland;2023-08-02;13.0
Burgenland;2023-08-03;13.65
Burgenland;2023-08-04;14.45
Burgenland;2023-08-05;15.41
Burgenland;2023-08-06;16.54
Burgenland;2023-08-07;17.71
Burgenland;2023-08-08;19.05
Burgenland;2023-08-09;20.4
Burgenland;2023-08-10;21.78
Burgenland;2023-08-11;23.08
Burgenland;2023-08-12;24.37
Burgenland;2023-08-13;25.5
Burgenland;2023-08-14;26.54
Burgenland;2023-08-15;27.35
Burgenland;2023-08-16;28.02
Burgenland;2023-08-17;28.53
Burgenland;2023-08-18;29.04
Burgenland;2023-08-19;29.52
Burgenland;2023-08-20;30.16
Burgenland;2023-08-21;30.91
Burgenland;2023-08-22;31.88
Burgenland;2023-08-23;32.95
Burgenland;2023-08-24;34.15
Burgenland;2023-08-25;35.45
Burgenland;2023-08-26;36.78
Burgenland;2023-08-27;38.04
Burgenland;2023-08-28;39.3
Burgenland;2023-08-29;40.36
Burgenland;2023-08-30;41.29
Burgenland;2023-08-31;42.07
Burgenland;2023-09-01;42.67
Burgenland;2023-09-02;43.15
Burgenland;2023-09-03;43.49
Burgenland;2023-09-04;43.77
Burgenland;2023-09-05;43.94
Burgenland;2023-09-06;44.05
Burgenland;2023-09-07;44.15
Burgenland;2023-09-08;44.23
Burgenland;2023-09-09;44.38
Burgenland;2023-09-10;44.48
Burgenland;2023-09-11;44.55
Burgenland;2023-09-12;44.57
Burgenland;2023-09-13;44.52
Burgenland;2023-09-14;44.33
Burgenland;2023-09-15;44.13
Burgenland;2023-09-16;43.91
Burgenland;2023-09-17;43.76
Burgenland;2023-09-18;43.62
Burgenland;2023-09-19;43.55
Burgenland;2023-09-20;43.55
Burgenland;2023-09-21;43.71
Burgenland;2023-09-22;43.89
Burgenland;2023-09-23;44.15
Burgenland;2023-09-24;44.57
Burgenland;2023-09-25;45.1
Burgenland;2023-09-26;45.79
Burgenland;2023-09-27;46.55
Burgenland;2023-09-28;47.46
Burgenland;2023-09-29;48.4
Burgenland;2023-09-30;49.51
Burgenland;2023-10-01;50.64
Burgenland;2023-10-02;51.96
Burgenland;2023-10-03;53.36
Burgenland;2023-10-04;54.88
Burgenland;2023-10-05;56.53
Burgenland;2023-10-06;58.23
Burgenland;2023-10-07;60.09
Burgenland;2023-10-08;62.04
Burgenland;2023-10-09;64.08
Burgenland;2023-10-10;66.08
Burgenland;2023-10-11;68.04
Burgenland;2023-10-12;69.78
Burgenland;2023-10-13;71.48
Burgenland;2023-10-14;73.03
Burgenland;2023-10-15;74.45
Burgenland;2023-10-16;75.89
Burgenland;2023-10-17;77.21
Burgenland;2023-10-18;78.49
Burgenland;2023-10-19;79.66
Burgenland;2023-10-20;80.74
Burgenland;2023-10-21;81.76
Burgenland;2023-10-22;82.76
Burgenland;2023-10-23;83.8
Burgenland;2023-10-24;84.88
Burgenland;2023-10-25;86.0
Burgenland;2023-10-26;87.21
Burgenland;2023-10-27;88.49
Burgenland;2023-10-28;89.8
Burgenland;2023-10-29;91.23
Burgenland;2023-10-30;92.79
Burgenland;2023-10-31;94.38
Burgenland;2023-11-01;96.17
Burgenland;2023-11-02;98.29
Burgenland;2023-11-03;100.67
Burgenland;2023-11-04;103.56
Burgenland;2023-11-05;107.09
Burgenland;2023-11-06;111.29
Burgenland;2023-11-07;116.21
Burgenland;2023-11-08;121.63
Burgenland;2023-11-09;127.4
Burgenland;2023-11-10;133.53
Burgenland;2023-11-11;139.89
Burgenland;2023-11-12;146.48
Burgenland;2023-11-13;169.88
Burgenland;2023-11-14;178.52
Burgenland;2023-11-15;187.61
Burgenland;2023-11-16;197.11
Burgenland;2023-11-17;206.82
Burgenland;2023-11-18;216.76
Burgenland;2023-11-19;226.81
Burgenland;2023-11-20;237.02
Burgenland;2023-11-21;247.26
Burgenland;2023-11-22;257.53
Burgenland;2023-11-23;267.8
Burgenland;2023-11-24;277.85
Burgenland;2023-11-25;287.49
Burgenland;2023-11-26;296.62
Burgenland;2023-11-27;305.18
Burgenland;2023-11-28;313.09
Burgenland;2023-11-29;320.6
Burgenland;2023-11-30;327.72
Burgenland;2023-12-01;334.58
Burgenland;2023-12-02;341.22
Burgenland;2023-12-03;347.56
Burgenland;2023-12-04;353.15
Burgenland;2023-12-05;357.52
Burgenland;2023-12-06;438.53
Burgenland;2023-12-07;435.7
Burgenland;2023-12-08;431.19
Burgenland;2023-12-09;425.66
Burgenland;2023-12-10;419.76
Burgenland;2023-12-11;413.86
Burgenland;2023-12-12;408.11
Burgenland;2023-12-13;402.49
Burgenland;2023-12-14;396.82
Burgenland;2023-12-15;390.83
Burgenland;2023-12-16;384.13
Burgenland;2023-12-17;376.49
Burgenland;2023-12-18;367.64
Burgenland;2023-12-19;357.52
Burgenland;2023-12-20;346.33
Burgenland;2023-12-21;334.26
Burgenland;2023-12-22;321.39
Burgenland;2023-12-23;307.9
Burgenland;2023-12-24;293.83
Burgenland;2023-12-25;279.24
Burgenland;2023-12-26;264.13
Burgenland;2023-12-27;248.56
Burgenland;2023-12-28;232.74
Burgenland;2023-12-29;216.93
Burgenland;2023-12-30;201.33
Burgenland;2023-12-31;186.11
Burgenland;2024-01-01;171.53
Burgenland;2024-01-02;157.84
Burgenland;2024-01-03;145.25
Burgenland;2024-01-04;133.75
Burgenland;2024-01-05;123.46
Burgenland;2024-01-06;114.3
Burgenland;2024-01-07;106.33
Burgenland;2024-01-08;99.65
Burgenland;2024-01-09;94.11
Burgenland;2024-01-10;89.66
Burgenland;2024-01-11;86.07
Burgenland;2024-01-12;83.03
Burgenland;2024-01-13;80.41
Burgenland;2024-01-14;78.0
Burgenland;2024-01-15;75.71
Burgenland;2024-01-16;73.38
Burgenland;2024-01-17;70.86
Burgenland;2024-01-18;68.16
Burgenland;2024-01-19;65.36
Burgenland;2024-01-20;62.43
Burgenland;2024-01-21;59.56
Burgenland;2024-01-22;56.79
Burgenland;2024-01-23;54.1
Burgenland;2024-01-24;51.47
Burgenland;2024-01-25;48.91
Burgenland;2024-01-26;46.44
Burgenland;2024-01-27;44.08
Burgenland;2024-01-28;41.84
Burgenland;2024-01-29;39.78
Burgenland;2024-01-30;37.87
Burgenland;2024-01-31;36.1
Burgenland;2024-02-01;34.48
Burgenland;2024-02-02;32.89
Burgenland;2024-02-03;31.39
Burgenland;2024-02-04;30.0
Burgenland;2024-02-05;28.7
Burgenland;2024-02-06;27.46
Burgenland;2024-02-07;26.36
Burgenland;2024-02-08;25.42
Burgenland;2024-02-09;24.57
Burgenland;2024-02-10;23.87
Burgenland;2024-02-11;23.27
Burgenland;2024-02-12;22.76
Burgenland;2024-02-13;22.39
Burgenland;2024-02-14;22.04
Burgenland;2024-02-15;21.71
Burgenland;2024-02-16;21.42
Burgenland;2024-02-17;21.08
Burgenland;2024-02-18;20.6
Burgenland;2024-02-19;19.99
Burgenland;2024-02-20;19.25
Burgenland;2024-02-21;18.29
Burgenland;2024-02-22;17.23
Burgenland;2024-02-23;16.09
Burgenland;2024-02-24;14.97
Burgenland;2024-02-25;13.88
Burgenland;2024-02-26;12.92
Burgenland;2024-02-27;12.12
Burgenland;2024-02-28;11.43
Burgenland;2024-02-29;10.85
Burgenland;2024-03-01;10.38
Burgenland;2024-03-02;9.93
Burgenland;2024-03-03;9.53
Burgenland;2024-03-04;9.12
Burgenland;2024-03-05;8.75
Burgenland;2024-03-06;8.41
Burgenland;2024-03-07;8.09
Burgenland;2024-03-08;7.79
Burgenland;2024-03-09;7.54
Burgenland;2024-03-10;7.27
Burgenland;2024-03-11;6.98
Burgenland;2024-03-12;6.7
Burgenland;2024-03-13;6.5
Burgenland;2024-03-14;6.3
Burgenland;2024-03-15;6.15
Burgenland;2024-03-16;5.99
Burgenland;2024-03-17;5.81
Burgenland;2024-03-18;5.71
Burgenland;2024-03-19;5.56
Burgenland;2024-03-20;5.35
Burgenland;2024-03-21;5.16
Burgenland;2024-03-22;4.92
Burgenland;2024-03-23;4.72
Burgenland;2024-03-24;4.51
Burgenland;2024-03-25;4.34
Burgenland;2024-03-26;4.25
Burgenland;2024-03-27;4.12
Burgenland;2024-03-28;4.03
Burgenland;2024-03-29;3.94
Burgenland;2024-03-30;3.9
Burgenland;2024-03-31;3.85
Burgenland;2024-04-01;3.83
Burgenland;2024-04-02;3.78
Burgenland;2024-04-03;3.7
Burgenland;2024-04-04;3.58
Burgenland;2024-04-05;3.48
Burgenland;2024-04-06;3.33
Burgenland;2024-04-07;3.2
Burgenland;2024-04-08;3.06
Burgenland;2024-04-09;2.94
Burgenland;2024-04-10;2.82
Burgenland;2024-04-11;2.76
Burgenland;2024-04-12;2.7
Burgenland;2024-04-13;2.61
Burgenland;2024-04-14;2.6
Burgenland;2024-04-15;2.6
Burgenland;2024-04-16;2.6
Burgenland;2024-04-17;2.62
Burgenland;2024-04-18;2.7
Burgenland;2024-04-19;2.73
Burgenland;2024-04-20;2.85
Burgenland;2024-04-21;2.89
Burgenland;2024-04-22;3.0
Burgenland;2024-04-23;3.06
Burgenland;2024-04-24;3.13
Burgenland;2024-04-25;3.28
Burgenland;2024-04-26;3.35
Burgenland;2024-04-27;3.46
Burgenland;2024-04-28;3.61
Burgenland;2024-04-29;3.75
Burgenland;2024-04-30;3.9
Burgenland;2024-05-01;4.05
Burgenland;2024-05-02;4.15
Burgenland;2024-05-03;4.28
Burgenland;2024-05-04;4.4
Burgenland;2024-05-05;4.47
Burgenland;2024-05-06;4.53
Burgenland;2024-05-07;4.61
Burgenland;2024-05-08;4.68
Burgenland;2024-05-09;4.74
Burgenland;2024-05-10;4.78
Burgenland;2024-05-11;4.88
Burgenland;2024-05-12;4.94
Burgenland;2024-05-13;5.0
Burgenland;2024-05-14;5.12
Burgenland;2024-05-15;5.2
Burgenland;2024-05-16;5.32
Burgenland;2024-05-17;5.38
Burgenland;2024-05-18;5.48
Burgenland;2024-05-19;5.54
Burgenland;2024-05-20;5.64
Burgenland;2024-05-21;5.66
Burgenland;2024-05-22;5.71
Burgenland;2024-05-23;5.79
Burgenland;2024-05-24;5.82
Burgenland;2024-05-25;5.9
Burgenland;2024-05-26;6.05
Burgenland;2024-05-27;6.24
Burgenland;2024-05-28;6.43
Burgenland;2024-05-29;6.69
Burgenland;2024-05-30;6.99
Burgenland;2024-05-31;7.34
Burgenland;2024-06-01;7.71
Burgenland;2024-06-02;8.1
Burgenland;2024-06-03;8.56
Burgenland;2024-06-04;8.99
Burgenland;2024-06-05;9.54
Burgenland;2024-06-06;10.09
Burgenland;2024-06-07;10.72
Burgenland;2024-06-08;11.4
Burgenland;2024-06-09;12.16
Burgenland;2024-06-10;13.05
Burgenland;2024-06-11;14.12
Burgenland;2024-06-12;15.35
Burgenland;2024-06-13;16.67
Burgenland;2024-06-14;18.1
Burgenland;2024-06-15;19.63
Burgenland;2024-06-16;21.16
Burgenland;2024-06-17;22.66
Burgenland;2024-06-18;24.09
Burgenland;2024-06-19;25.38
Burgenland;2024-06-20;26.63
Burgenland;2024-06-21;27.82
Burgenland;2024-06-22;28.89
Burgenland;2024-06-23;29.88
Burgenland;2024-06-24;30.9
Burgenland;2024-06-25;31.73
Burgenland;2024-06-26;32.56
Burgenland;2024-06-27;33.28
Burgenland;2024-06-28;33.89
Burgenland;2024-06-29;34.3
Burgenland;2024-06-30;34.53
Burgenland;2024-07-01;34.54
Burgenland;2024-07-02;34.38
Burgenland;2024-07-03;34.11
Burgenland;2024-07-04;33.72
Burgenland;2024-07-05;33.29
Burgenland;2024-07-06;32.88
Burgenland;2024-07-07;32.44
Burgenland;2024-07-08;32.09
Burgenland;2024-07-09;31.9
Burgenland;2024-07-10;31.8
Burgenland;2024-07-11;31.85
Burgenland;2024-07-12;32.03
Burgenland;2024-07-13;32.38
Burgenland;2024-07-14;32.89
Burgenland;2024-07-15;33.58
Burgenland;2024-07-16;34.42
Burgenland;2024-07-17;35.4
Burgenland;2024-07-18;36.48
Burgenland;2024-07-19;37.62
Burgenland;2024-07-20;38.73
Burgenland;2024-07-21;39.86
Burgenland;2024-07-22;40.96
Burgenland;2024-07-23;42.07
Burgenland;2024-07-24;43.14
Burgenland;2024-07-25;44.16
Burgenland;2024-07-26;45.19
Burgenland;2024-07-27;46.18
Burgenland;2024-07-28;47.07
Burgenland;2024-07-29;47.93
Burgenland;2024-07-30;48.71
Burgenland;2024-07-31;49.38
Burgenland;2024-08-01;49.99
Burgenland;2024-08-02;50.52
Burgenland;2024-08-03;51.06
Burgenland;2024-08-04;51.6
Burgenland;2024-08-05;52.2
Burgenland;2024-08-06;52.75
Burgenland;2024-08-07;53.35
Burgenland;2024-08-08;53.89
Burgenland;2024-08-09;54.43
Burgenland;2024-08-10;54.9
Burgenland;2024-08-11;55.35
Burgenland;2024-08-12;55.82
Burgenland;2024-08-13;56.3
Burgenland;2024-08-14;56.8
Burgenland;2024-08-15;57.41
Burgenland;2024-08-16;58.02
Burgenland;2024-08-17;58.73
Burgenland;2024-08-18;59.48
Burgenland;2024-08-19;60.33
Burgenland;2024-08-20;61.12
Burgenland;2024-08-21;61.93
Burgenland;2024-08-22;62.78
Burgenland;2024-08-23;63.68
Burgenland;2024-08-24;64.63
Burgenland;2024-08-25;65.75
Burgenland;2024-08-26;66.94
Burgenland;2024-08-27;68.14
Burgenland;2024-08-28;69.38
Burgenland;2024-08-29;70.49
Burgenland;2024-08-30;71.48
Burgenland;2024-08-31;72.41
Burgenland;2024-09-01;73.24
Burgenland;2024-09-02;74.06
Burgenland;2024-09-03;74.87
Burgenland;2024-09-04;75.77
Burgenland;2024-09-05;76.8
Burgenland;2024-09-06;77.98
Burgenland;2024-09-07;79.41
Burgenland;2024-09-08;80.99
Burgenland;2024-09-09;82.8
Burgenland;2024-09-10;84.68
Burgenland;2024-09-11;86.64
Burgenland;2024-09-12;88.52
Burgenland;2024-09-13;90.4
Burgenland;2024-09-14;92.29
Burgenland;2024-09-15;94.24
Burgenland;2024-09-16;96.31
Burgenland;2024-09-17;98.59
Burgenland;2024-09-18;101.03
Burgenland;2024-09-19;103.63
Burgenland;2024-09-20;106.36
Burgenland;2024-09-21;109.2
Burgenland;2024-09-22;111.96
Burgenland;2024-09-23;114.6
Burgenland;2024-09-24;116.93
Burgenland;2024-09-25;118.82
Burgenland;2024-09-26;120.11
Burgenland;2024-09-27;120.85
Burgenland;2024-09-28;121.28
Burgenland;2024-09-29;121.66
Burgenland;2024-09-30;122.17
Burgenland;2024-10-01;122.98
Burgenland;2024-10-02;124.21
Burgenland;2024-10-03;125.89
Burgenland;2024-10-04;128.01
Burgenland;2024-10-05;130.37
Burgenland;2024-10-06;132.79
Burgenland;2024-10-07;135.07
Burgenland;2024-10-08;136.76
Burgenland;2024-10-09;137.68
Burgenland;2024-10-10;137.67
Burgenland;2024-10-11;136.91
Burgenland;2024-10-12;135.56
Burgenland;2024-10-13;133.89
Burgenland;2024-10-14;132.02
Burgenland;2024-10-15;130.09
Burgenland;2024-10-16;128.07
Burgenland;2024-10-17;125.97
Burgenland;2024-10-18;123.77
Burgenland;2024-10-19;121.46
Burgenland;2024-10-20;119.11
Burgenland;2024-10-21;116.8
Burgenland;2024-10-22;114.5
Burgenland;2024-10-23;112.24
Burgenland;2024-10-24;110.03
Burgenland;2024-10-25;107.84
Burgenland;2024-10-26;105.55
Burgenland;2024-10-27;103.11
Burgenland;2024-10-28;100.5
Burgenland;2024-10-29;97.69
Burgenland;2024-10-30;94.7
Burgenland;2024-10-31;91.58
Burgenland;2024-11-01;88.45
Burgenland;2024-11-02;85.45
Burgenland;2024-11-03;82.69
Burgenland;2024-11-04;80.27
Burgenland;2024-11-05;78.23
Burgenland;2024-11-06;76.6
Burgenland;2024-11-07;75.37
Burgenland;2024-11-08;74.48
Burgenland;2024-11-09;73.82
Burgenland;2024-11-10;73.42
Burgenland;2024-11-11;73.15
Burgenland;2024-11-12;73.01
Burgenland;2024-11-13;73.05
Burgenland;2024-11-14;73.17
Burgenland;2024-11-15;73.46
Burgenland;2024-11-16;73.93
Burgenland;2024-11-17;74.61
Burgenland;2024-11-18;75.55
Burgenland;2024-11-19;76.76
Burgenland;2024-11-20;78.16
Burgenland;2024-11-21;79.8
Burgenland;2024-11-22;81.61
Burgenland;2024-11-23;83.53
Burgenland;2024-11-24;85.47
Burgenland;2024-11-25;87.34
Burgenland;2024-11-26;89.05
Burgenland;2024-11-27;90.52
Burgenland;2024-11-28;91.72
Burgenland;2024-11-29;92.8
Burgenland;2024-11-30;93.71
Burgenland;2024-12-01;94.62
Burgenland;2024-12-02;95.47
Burgenland;2024-12-03;96.28
Burgenland;2024-12-04;97.05
Burgenland;2024-12-05;97.63
Burgenland;2024-12-06;98.12
Burgenland;2024-12-07;98.55
Burgenland;2024-12-08;98.9
Burgenland;2024-12-09;99.32
Burgenland;2024-12-10;99.8
Burgenland;2024-12-11;100.43
Burgenland;2024-12-12;101.2
Burgenland;2024-12-13;101.94
Burgenland;2024-12-14;102.58
Burgenland;2024-12-15;103.1
Burgenland;2024-12-16;103.33
Burgenland;2024-12-17;103.17
Burgenland;2024-12-18;102.69
Burgenland;2024-12-19;101.87
Burgenland;2024-12-20;100.86
Burgenland;2024-12-21;99.78
Burgenland;2024-12-22;98.65
Burgenland;2024-12-23;98.45
Burgenland;2024-12-24;97.44
Burgenland;2024-12-25;96.58
Burgenland;2024-12-26;95.82
Burgenland;2024-12-27;95.19
Burgenland;2024-12-28;94.7
Burgenland;2024-12-29;94.39
Österreich;2022-09-01;98.87
Österreich;2022-09-02;98.51
Österreich;2022-09-03;98.17
Österreich;2022-09-04;97.36
Österreich;2022-09-05;97.28
Österreich;2022-09-06;97.41
Österreich;2022-09-07;97.73
Österreich;2022-09-08;98.41
Österreich;2022-09-09;99.38
Österreich;2022-09-10;100.82
Österreich;2022-09-11;102.86
Österreich;2022-09-12;105.48
Österreich;2022-09-13;108.83
Österreich;2022-09-14;112.72
Österreich;2022-09-15;117.22
Österreich;2022-09-16;122.13
Österreich;2022-09-17;127.53
Österreich;2022-09-18;133.32
Österreich;2022-09-19;139.59
Österreich;2022-09-20;146.36
Österreich;2022-09-21;153.68
Österreich;2022-09-22;161.37
Österreich;2022-09-23;169.33
Österreich;2022-09-24;177.45
Österreich;2022-09-25;185.66
Österreich;2022-09-26;193.93
Österreich;2022-09-27;202.14
Österreich;2022-09-28;210.3
Österreich;2022-09-29;218.18
Österreich;2022-09-30;225.66
Österreich;2022-10-01;232.33
Österreich;2022-10-02;238.05
Österreich;2022-10-03;242.55
Österreich;2022-10-04;245.77
Österreich;2022-10-05;247.79
Österreich;2022-10-06;248.74
Österreich;2022-10-07;248.7
Österreich;2022-10-08;247.51
Österreich;2022-10-09;245.1
Österreich;2022-10-10;241.39
Österreich;2022-10-11;236.45
Österreich;2022-10-12;230.41
Österreich;2022-10-13;223.62
Österreich;2022-10-14;216.35
Österreich;2022-10-15;208.86
Österreich;2022-10-16;201.32
Österreich;2022-10-17;193.99
Österreich;2022-10-18;186.9
Österreich;2022-10-19;180.24
Österreich;2022-10-20;173.91
Österreich;2022-10-21;167.8
Österreich;2022-10-22;161.95
Österreich;2022-10-23;156.18
Österreich;2022-10-24;150.56
Österreich;2022-10-25;145.04
Österreich;2022-10-26;139.71
Österreich;2022-10-27;134.55
Österreich;2022-10-28;129.66
Österreich;2022-10-29;125.0
Österreich;2022-10-30;120.74
Österreich;2022-10-31;116.93
Österreich;2022-11-01;113.68
Österreich;2022-11-02;110.96
Österreich;2022-11-03;108.81
Österreich;2022-11-04;107.17
Österreich;2022-11-05;106.02
Österreich;2022-11-06;105.49
Österreich;2022-11-07;105.57
Österreich;2022-11-08;106.34
Österreich;2022-11-09;107.83
Österreich;2022-11-10;109.9
Österreich;2022-11-11;112.36
Österreich;2022-11-12;115.1
Österreich;2022-11-13;117.98
Österreich;2022-11-14;120.98
Österreich;2022-11-15;124.18
Österreich;2022-11-16;127.59
Österreich;2022-11-17;131.09
Österreich;2022-11-18;134.72
Österreich;2022-11-19;138.28
Österreich;2022-11-20;141.72
Österreich;2022-11-21;144.99
Österreich;2022-11-22;148.13
Österreich;2022-11-23;151.09
Österreich;2022-11-24;153.98
Österreich;2022-11-25;156.74
Österreich;2022-11-26;159.31
Österreich;2022-11-27;161.74
Österreich;2022-11-28;163.87
Österreich;2022-11-29;165.9
Österreich;2022-11-30;167.82
Österreich;2022-12-01;169.7
Österreich;2022-12-02;171.56
Österreich;2022-12-03;173.45
Österreich;2022-12-04;174.87
Österreich;2022-12-05;176.31
Österreich;2022-12-06;178.4
Österreich;2022-12-07;180.67
Österreich;2022-12-08;183.09
Österreich;2022-12-09;185.66
Österreich;2022-12-10;188.26
Österreich;2022-12-11;190.93
Österreich;2022-12-12;193.72
Österreich;2022-12-13;196.62
Österreich;2022-12-14;199.72
Österreich;2022-12-15;202.86
Österreich;2022-12-16;205.91
Österreich;2022-12-17;208.56
Österreich;2022-12-18;210.63
Österreich;2022-12-19;211.89
Österreich;2022-12-20;212.26
Österreich;2022-12-21;211.96
Österreich;2022-12-22;210.97
Österreich;2022-12-23;209.58
Österreich;2022-12-24;207.8
Österreich;2022-12-25;205.73
Österreich;2022-12-26;203.32
Österreich;2022-12-27;200.59
Österreich;2022-12-28;197.46
Österreich;2022-12-29;193.97
Österreich;2022-12-30;190.16
Österreich;2022-12-31;185.99
Österreich;2023-01-01;181.5
Österreich;2023-01-02;176.73
Österreich;2023-01-03;171.69
Österreich;2023-01-04;166.45
Österreich;2023-01-05;161.14
Österreich;2023-01-06;155.95
Österreich;2023-01-07;150.88
Österreich;2023-01-08;146.1
Österreich;2023-01-09;141.72
Österreich;2023-01-10;137.8
Österreich;2023-01-11;134.34
Österreich;2023-01-12;131.3
Österreich;2023-01-13;128.68
Österreich;2023-01-14;126.51
Österreich;2023-01-15;124.3
Österreich;2023-01-16;123.49
Österreich;2023-01-17;123.2
Österreich;2023-01-18;123.62
Österreich;2023-01-19;125.05
Österreich;2023-01-20;127.12
Österreich;2023-01-21;129.84
Österreich;2023-01-22;133.41
Österreich;2023-01-23;137.62
Österreich;2023-01-24;142.32
Österreich;2023-01-25;147.9
Österreich;2023-01-26;154.06
Österreich;2023-01-27;160.73
Österreich;2023-01-28;167.89
Österreich;2023-01-29;175.18
Österreich;2023-01-30;183.3
Österreich;2023-01-31;192.04
Österreich;2023-02-01;201.25
Österreich;2023-02-02;210.89
Österreich;2023-02-03;220.56
Österreich;2023-02-04;230.01
Österreich;2023-02-05;238.88
Österreich;2023-02-06;246.96
Österreich;2023-02-07;253.63
Österreich;2023-02-08;260.21
Österreich;2023-02-09;266.24
Österreich;2023-02-10;271.78
Österreich;2023-02-11;276.96
Österreich;2023-02-12;281.75
Österreich;2023-02-13;286.12
Österreich;2023-02-14;290.13
Österreich;2023-02-15;293.66
Österreich;2023-02-16;296.74
Österreich;2023-02-17;299.38
Österreich;2023-02-18;301.61
Österreich;2023-02-19;303.39
Österreich;2023-02-20;304.82
Österreich;2023-02-21;305.99
Österreich;2023-02-22;307.01
Österreich;2023-02-23;307.93
Österreich;2023-02-24;308.72
Österreich;2023-02-25;309.36
Österreich;2023-02-26;309.74
Österreich;2023-02-27;309.86
Österreich;2023-02-28;309.52
Österreich;2023-03-01;308.7
Österreich;2023-03-02;307.24
Österreich;2023-03-03;305.28
Österreich;2023-03-04;302.64
Österreich;2023-03-05;299.32
Österreich;2023-03-06;295.25
Österreich;2023-03-07;290.44
Österreich;2023-03-08;285.12
Österreich;2023-03-09;279.36
Österreich;2023-03-10;273.22
Österreich;2023-03-11;266.86
Österreich;2023-03-12;260.31
Österreich;2023-03-13;253.7
Österreich;2023-03-14;247.1
Österreich;2023-03-15;240.57
Österreich;2023-03-16;234.12
Österreich;2023-03-17;227.58
Österreich;2023-03-18;220.95
Österreich;2023-03-19;214.0
Österreich;2023-03-20;206.83
Österreich;2023-03-21;199.5
Österreich;2023-03-22;192.22
Österreich;2023-03-23;184.96
Österreich;2023-03-24;177.77
Österreich;2023-03-25;170.69
Österreich;2023-03-26;163.72
Österreich;2023-03-27;157.03
Österreich;2023-03-28;150.72
Österreich;2023-03-29;145.01
Österreich;2023-03-30;139.79
Österreich;2023-03-31;135.1
Österreich;2023-04-01;130.84
Österreich;2023-04-02;126.97
Österreich;2023-04-03;123.45
Österreich;2023-04-04;120.13
Österreich;2023-04-05;117.0
Österreich;2023-04-06;113.92
Österreich;2023-04-07;110.9
Österreich;2023-04-08;107.89
Österreich;2023-04-09;104.84
Österreich;2023-04-10;101.85
Österreich;2023-04-11;98.79
Österreich;2023-04-12;95.76
Österreich;2023-04-13;92.7
Österreich;2023-04-14;89.69
Österreich;2023-04-15;86.7
Österreich;2023-04-16;83.78
Österreich;2023-04-17;80.99
Österreich;2023-04-18;78.39
Österreich;2023-04-19;75.94
Österreich;2023-04-20;73.67
Österreich;2023-04-21;71.53
Österreich;2023-04-22;69.51
Österreich;2023-04-23;67.53
Österreich;2023-04-24;65.68
Österreich;2023-04-25;63.85
Österreich;2023-04-26;62.09
Österreich;2023-04-27;60.37
Österreich;2023-04-28;58.65
Österreich;2023-04-29;56.97
Österreich;2023-04-30;55.24
Österreich;2023-05-01;53.58
Österreich;2023-05-02;51.88
Österreich;2023-05-03;50.21
Österreich;2023-05-04;48.56
Österreich;2023-05-05;46.91
Österreich;2023-05-06;45.27
Österreich;2023-05-07;43.7
Österreich;2023-05-08;42.21
Österreich;2023-05-09;40.75
Österreich;2023-05-10;39.4
Österreich;2023-05-11;38.17
Österreich;2023-05-12;37.02
Österreich;2023-05-13;36.02
Österreich;2023-05-14;35.1
Österreich;2023-05-15;34.32
Österreich;2023-05-16;33.7
Österreich;2023-05-17;33.21
Österreich;2023-05-18;32.83
Österreich;2023-05-19;32.47
Österreich;2023-05-20;32.14
Österreich;2023-05-21;31.8
Österreich;2023-05-22;31.35
Österreich;2023-05-23;30.86
Österreich;2023-05-24;30.29
Österreich;2023-05-25;29.65
Österreich;2023-05-26;29.0
Österreich;2023-05-27;28.29
Österreich;2023-05-28;27.55
Österreich;2023-05-29;26.78
Österreich;2023-05-30;26.02
Österreich;2023-05-31;25.19
Österreich;2023-06-01;24.39
Österreich;2023-06-02;23.59
Österreich;2023-06-03;22.8
Österreich;2023-06-04;22.07
Österreich;2023-06-05;21.39
Österreich;2023-06-06;20.77
Österreich;2023-06-07;20.23
Österreich;2023-06-08;19.73
Österreich;2023-06-09;19.28
Österreich;2023-06-10;18.91
Österreich;2023-06-11;18.52
Österreich;2023-06-12;18.11
Österreich;2023-06-13;17.72
Österreich;2023-06-14;17.31
Österreich;2023-06-15;16.92
Österreich;2023-06-16;16.54
Österreich;2023-06-17;16.17
Österreich;2023-06-18;15.78
Österreich;2023-06-19;15.43
Österreich;2023-06-20;15.12
Österreich;2023-06-21;14.84
Österreich;2023-06-22;14.57
Österreich;2023-06-23;14.32
Österreich;2023-06-24;14.07
Österreich;2023-06-25;13.88
Österreich;2023-06-26;13.71
Österreich;2023-06-27;13.57
Österreich;2023-06-28;13.56
Österreich;2023-06-29;13.56
Österreich;2023-06-30;13.6
Österreich;2023-07-01;13.69
Österreich;2023-07-02;13.85
Österreich;2023-07-03;13.97
Österreich;2023-07-04;14.13
Österreich;2023-07-05;14.32
Österreich;2023-07-06;14.47
Österreich;2023-07-07;14.63
Österreich;2023-07-08;14.8
Österreich;2023-07-09;14.98
Österreich;2023-07-10;15.18
Österreich;2023-07-11;15.38
Österreich;2023-07-12;15.68
Österreich;2023-07-13;15.99
Österreich;2023-07-14;16.36
Österreich;2023-07-15;16.77
Österreich;2023-07-16;17.28
Österreich;2023-07-17;17.85
Österreich;2023-07-18;18.52
Österreich;2023-07-19;19.21
Österreich;2023-07-20;19.97
Österreich;2023-07-21;20.79
Österreich;2023-07-22;21.67
Österreich;2023-07-23;22.56
Österreich;2023-07-24;23.53
Österreich;2023-07-25;24.58
Österreich;2023-07-26;25.79
Österreich;2023-07-27;27.11
Österreich;2023-07-28;28.5
Österreich;2023-07-29;30.03
Österreich;2023-07-30;31.64
Österreich;2023-07-31;33.32
Österreich;2023-08-01;35.14
Österreich;2023-08-02;37.11
Österreich;2023-08-03;39.18
Österreich;2023-08-04;41.37
Österreich;2023-08-05;43.67
Österreich;2023-08-06;45.97
Österreich;2023-08-07;48.33
Österreich;2023-08-08;50.62
Österreich;2023-08-09;52.87
Österreich;2023-08-10;55.05
Österreich;2023-08-11;57.14
Österreich;2023-08-12;59.2
Österreich;2023-08-13;61.13
Österreich;2023-08-14;62.92
Österreich;2023-08-15;64.49
Österreich;2023-08-16;65.84
Österreich;2023-08-17;66.93
Österreich;2023-08-18;67.81
Österreich;2023-08-19;68.63
Österreich;2023-08-20;69.32
Österreich;2023-08-21;70.08
Österreich;2023-08-22;70.9
Österreich;2023-08-23;71.83
Österreich;2023-08-24;72.93
Österreich;2023-08-25;74.16
Österreich;2023-08-26;75.53
Österreich;2023-08-27;77.04
Österreich;2023-08-28;78.62
Österreich;2023-08-29;80.39
Österreich;2023-08-30;82.22
Österreich;2023-08-31;84.13
Österreich;2023-09-01;86.05
Österreich;2023-09-02;87.86
Österreich;2023-09-03;89.54
Österreich;2023-09-04;91.09
Österreich;2023-09-05;92.48
Österreich;2023-09-06;93.79
Österreich;2023-09-07;95.04
Österreich;2023-09-08;96.24
Österreich;2023-09-09;97.39
Österreich;2023-09-10;98.56
Österreich;2023-09-11;99.63
Österreich;2023-09-12;100.67
Österreich;2023-09-13;101.65
Österreich;2023-09-14;102.5
Österreich;2023-09-15;103.28
Österreich;2023-09-16;104.01
Österreich;2023-09-17;104.7
Österreich;2023-09-18;105.43
Österreich;2023-09-19;106.21
Österreich;2023-09-20;107.07
Österreich;2023-09-21;108.1
Österreich;2023-09-22;109.23
Österreich;2023-09-23;110.48
Österreich;2023-09-24;111.89
Österreich;2023-09-25;113.49
Österreich;2023-09-26;115.23
Österreich;2023-09-27;117.13
Österreich;2023-09-28;119.17
Österreich;2023-09-29;121.26
Österreich;2023-09-30;123.41
Österreich;2023-10-01;125.46
Österreich;2023-10-02;127.46
Österreich;2023-10-03;129.33
Österreich;2023-10-04;131.02
Österreich;2023-10-05;132.64
Österreich;2023-10-06;134.16
Österreich;2023-10-07;135.7
Österreich;2023-10-08;137.39
Österreich;2023-10-09;139.21
Österreich;2023-10-10;141.34
Österreich;2023-10-11;143.67
Österreich;2023-10-12;146.22
Österreich;2023-10-13;148.93
Österreich;2023-10-14;151.77
Österreich;2023-10-15;154.73
Österreich;2023-10-16;157.8
Österreich;2023-10-17;160.88
Österreich;2023-10-18;163.91
Österreich;2023-10-19;166.91
Österreich;2023-10-20;169.84
Österreich;2023-10-21;172.66
Österreich;2023-10-22;175.43
Österreich;2023-10-23;178.21
Österreich;2023-10-24;181.11
Österreich;2023-10-25;184.22
Österreich;2023-10-26;187.48
Österreich;2023-10-27;190.84
Österreich;2023-10-28;194.28
Österreich;2023-10-29;197.65
Österreich;2023-10-30;201.01
Österreich;2023-10-31;204.53
Österreich;2023-11-01;208.41
Österreich;2023-11-02;212.85
Österreich;2023-11-03;218.08
Österreich;2023-11-04;224.22
Österreich;2023-11-05;231.36
Österreich;2023-11-06;239.62
Österreich;2023-11-07;248.88
Österreich;2023-11-08;259.13
Österreich;2023-11-09;270.07
Österreich;2023-11-10;281.47
Österreich;2023-11-11;293.04
Österreich;2023-11-12;304.61
Österreich;2023-11-13;318.57
Österreich;2023-11-14;330.2
Österreich;2023-11-15;341.9
Österreich;2023-11-16;353.91
Österreich;2023-11-17;366.42
Österreich;2023-11-18;379.63
Österreich;2023-11-19;393.77
Österreich;2023-11-20;408.91
Österreich;2023-11-21;424.82
Österreich;2023-11-22;441.25
Österreich;2023-11-23;457.89
Österreich;2023-11-24;474.51
Österreich;2023-11-25;491.03
Österreich;2023-11-26;507.3
Österreich;2023-11-27;523.38
Österreich;2023-11-28;539.31
Österreich;2023-11-29;555.02
Österreich;2023-11-30;570.42
Österreich;2023-12-01;585.16
Österreich;2023-12-02;598.99
Österreich;2023-12-03;611.42
Österreich;2023-12-04;622.05
Österreich;2023-12-05;630.6
Österreich;2023-12-06;637.31
Österreich;2023-12-07;641.66
Österreich;2023-12-08;644.28
Österreich;2023-12-09;645.5
Österreich;2023-12-10;645.12
Österreich;2023-12-11;642.93
Österreich;2023-12-12;638.52
Österreich;2023-12-13;631.68
Österreich;2023-12-14;622.66
Österreich;2023-12-15;611.85
Österreich;2023-12-16;599.64
Österreich;2023-12-17;586.24
Österreich;2023-12-18;571.64
Österreich;2023-12-19;555.78
Österreich;2023-12-20;538.54
Österreich;2023-12-21;520.12
Österreich;2023-12-22;500.82
Österreich;2023-12-23;481.04
Österreich;2023-12-24;461.15
Österreich;2023-12-25;441.35
Österreich;2023-12-26;421.79
Österreich;2023-12-27;402.55
Österreich;2023-12-28;383.57
Österreich;2023-12-29;364.92
Österreich;2023-12-30;346.73
Österreich;2023-12-31;329.04
Österreich;2024-01-01;311.87
Österreich;2024-01-02;295.21
Österreich;2024-01-03;278.99
Österreich;2024-01-04;263.2
Österreich;2024-01-05;247.97
Österreich;2024-01-06;233.52
Österreich;2024-01-07;220.12
Österreich;2024-01-08;207.89
Österreich;2024-01-09;196.81
Österreich;2024-01-10;186.72
Österreich;2024-01-11;177.43
Österreich;2024-01-12;168.8
Österreich;2024-01-13;160.66
Österreich;2024-01-14;152.99
Österreich;2024-01-15;145.76
Österreich;2024-01-16;138.91
Österreich;2024-01-17;132.37
Österreich;2024-01-18;126.11
Österreich;2024-01-19;120.05
Österreich;2024-01-20;114.26
Österreich;2024-01-21;108.74
Österreich;2024-01-22;103.47
Österreich;2024-01-23;98.47
Österreich;2024-01-24;93.84
Österreich;2024-01-25;89.41
Österreich;2024-01-26;85.28
Österreich;2024-01-27;81.31
Österreich;2024-01-28;77.55
Österreich;2024-01-29;74.01
Österreich;2024-01-30;70.65
Österreich;2024-01-31;67.54
Österreich;2024-02-01;64.56
Österreich;2024-02-02;61.74
Österreich;2024-02-03;59.06
Österreich;2024-02-04;56.39
Österreich;2024-02-05;53.89
Österreich;2024-02-06;51.43
Österreich;2024-02-07;49.11
Österreich;2024-02-08;46.96
Österreich;2024-02-09;44.89
Österreich;2024-02-10;42.87
Österreich;2024-02-11;40.92
Österreich;2024-02-12;39.05
Österreich;2024-02-13;37.24
Österreich;2024-02-14;35.55
Österreich;2024-02-15;33.93
Österreich;2024-02-16;32.43
Österreich;2024-02-17;30.93
Österreich;2024-02-18;29.55
Österreich;2024-02-19;28.21
Österreich;2024-02-20;26.94
Österreich;2024-02-21;25.74
Österreich;2024-02-22;24.68
Österreich;2024-02-23;23.64
Österreich;2024-02-24;22.66
Österreich;2024-02-25;21.74
Österreich;2024-02-26;20.85
Österreich;2024-02-27;19.97
Österreich;2024-02-28;19.2
Österreich;2024-02-29;18.46
Österreich;2024-03-01;17.75
Österreich;2024-03-02;17.11
Österreich;2024-03-03;16.55
Österreich;2024-03-04;16.02
Österreich;2024-03-05;15.58
Österreich;2024-03-06;15.2
Österreich;2024-03-07;14.86
Österreich;2024-03-08;14.62
Österreich;2024-03-09;14.4
Österreich;2024-03-10;14.28
Österreich;2024-03-11;14.18
Österreich;2024-03-12;14.17
Österreich;2024-03-13;14.23
Österreich;2024-03-14;14.39
Österreich;2024-03-15;14.59
Österreich;2024-03-16;14.8
Österreich;2024-03-17;14.98
Österreich;2024-03-18;15.11
Österreich;2024-03-19;15.15
Österreich;2024-03-20;15.0
Österreich;2024-03-21;14.82
Österreich;2024-03-22;14.51
Österreich;2024-03-23;14.13
Österreich;2024-03-24;13.79
Österreich;2024-03-25;13.42
Österreich;2024-03-26;13.08
Österreich;2024-03-27;12.74
Österreich;2024-03-28;12.5
Österreich;2024-03-29;12.21
Österreich;2024-03-30;11.96
Österreich;2024-03-31;11.76
Österreich;2024-04-01;11.56
Österreich;2024-04-02;11.34
Österreich;2024-04-03;11.18
Österreich;2024-04-04;11.05
Österreich;2024-04-05;10.92
Österreich;2024-04-06;10.84
Österreich;2024-04-07;10.81
Österreich;2024-04-08;10.83
Österreich;2024-04-09;10.96
Österreich;2024-04-10;11.1
Österreich;2024-04-11;11.27
Österreich;2024-04-12;11.5
Österreich;2024-04-13;11.79
Österreich;2024-04-14;12.09
Österreich;2024-04-15;12.45
Österreich;2024-04-16;12.92
Österreich;2024-04-17;13.42
Österreich;2024-04-18;13.96
Österreich;2024-04-19;14.57
Österreich;2024-04-20;15.19
Österreich;2024-04-21;15.86
Österreich;2024-04-22;16.55
Österreich;2024-04-23;17.27
Österreich;2024-04-24;18.0
Österreich;2024-04-25;18.75
Österreich;2024-04-26;19.5
Österreich;2024-04-27;20.21
Österreich;2024-04-28;20.88
Österreich;2024-04-29;21.43
Österreich;2024-04-30;21.93
Österreich;2024-05-01;22.41
Österreich;2024-05-02;22.82
Österreich;2024-05-03;23.22
Österreich;2024-05-04;23.61
Österreich;2024-05-05;23.94
Österreich;2024-05-06;24.27
Österreich;2024-05-07;24.65
Österreich;2024-05-08;24.99
Österreich;2024-05-09;25.36
Österreich;2024-05-10;25.73
Österreich;2024-05-11;26.12
Österreich;2024-05-12;26.52
Österreich;2024-05-13;26.9
Österreich;2024-05-14;27.24
Österreich;2024-05-15;27.55
Österreich;2024-05-16;27.85
Österreich;2024-05-17;28.13
Österreich;2024-05-18;28.44
Österreich;2024-05-19;28.76
Österreich;2024-05-20;29.17
Österreich;2024-05-21;29.6
Österreich;2024-05-22;30.15
Österreich;2024-05-23;30.82
Österreich;2024-05-24;31.52
Österreich;2024-05-25;32.27
Österreich;2024-05-26;33.08
Österreich;2024-05-27;33.9
Österreich;2024-05-28;34.82
Österreich;2024-05-29;35.79
Österreich;2024-05-30;36.78
Österreich;2024-05-31;37.84
Österreich;2024-06-01;38.98
Österreich;2024-06-02;40.19
Österreich;2024-06-03;41.47
Österreich;2024-06-04;42.94
Österreich;2024-06-05;44.59
Österreich;2024-06-06;46.37
Österreich;2024-06-07;48.27
Österreich;2024-06-08;50.26
Österreich;2024-06-09;52.27
Österreich;2024-06-10;54.27
Österreich;2024-06-11;56.27
Österreich;2024-06-12;58.32
Österreich;2024-06-13;60.43
Österreich;2024-06-14;62.56
Österreich;2024-06-15;64.83
Österreich;2024-06-16;67.21
Österreich;2024-06-17;69.73
Österreich;2024-06-18;72.32
Österreich;2024-06-19;74.96
Österreich;2024-06-20;77.63
Österreich;2024-06-21;80.25
Österreich;2024-06-22;82.82
Österreich;2024-06-23;85.33
Österreich;2024-06-24;87.71
Österreich;2024-06-25;89.95
Österreich;2024-06-26;91.99
Österreich;2024-06-27;93.9
Österreich;2024-06-28;95.77
Österreich;2024-06-29;97.6
Österreich;2024-06-30;99.52
Österreich;2024-07-01;101.46
Österreich;2024-07-02;103.41
Österreich;2024-07-03;105.29
Österreich;2024-07-04;107.09
Österreich;2024-07-05;108.67
Österreich;2024-07-06;110.03
Österreich;2024-07-07;111.1
Österreich;2024-07-08;111.85
Österreich;2024-07-09;112.3
Österreich;2024-07-10;112.58
Österreich;2024-07-11;112.71
Österreich;2024-07-12;112.62
Österreich;2024-07-13;112.4
Österreich;2024-07-14;112.01
Österreich;2024-07-15;111.36
Österreich;2024-07-16;110.47
Österreich;2024-07-17;109.29
Österreich;2024-07-18;107.91
Österreich;2024-07-19;106.43
Österreich;2024-07-20;104.99
Österreich;2024-07-21;103.66
Österreich;2024-07-22;102.56
Österreich;2024-07-23;101.84
Österreich;2024-07-24;101.5
Österreich;2024-07-25;101.44
Österreich;2024-07-26;101.6
Österreich;2024-07-27;101.85
Österreich;2024-07-28;102.2
Österreich;2024-07-29;102.72
Österreich;2024-07-30;103.5
Österreich;2024-07-31;104.73
Österreich;2024-08-01;106.35
Österreich;2024-08-02;108.2
Österreich;2024-08-03;110.1
Österreich;2024-08-04;111.9
Österreich;2024-08-05;113.49
Österreich;2024-08-06;114.84
Österreich;2024-08-07;115.97
Österreich;2024-08-08;116.92
Österreich;2024-08-09;117.84
Österreich;2024-08-10;118.91
Österreich;2024-08-11;120.21
Österreich;2024-08-12;121.8
Österreich;2024-08-13;123.7
Österreich;2024-08-14;125.81
Österreich;2024-08-15;128.21
Österreich;2024-08-16;130.77
Österreich;2024-08-17;133.5
Österreich;2024-08-18;136.47
Österreich;2024-08-19;139.58
Österreich;2024-08-20;142.72
Österreich;2024-08-21;145.71
Österreich;2024-08-22;148.51
Österreich;2024-08-23;151.11
Österreich;2024-08-24;153.45
Österreich;2024-08-25;155.47
Österreich;2024-08-26;157.22
Österreich;2024-08-27;158.62
Österreich;2024-08-28;159.88
Österreich;2024-08-29;160.98
Österreich;2024-08-30;161.98
Österreich;2024-08-31;162.87
Österreich;2024-09-01;163.71
Österreich;2024-09-02;164.59
Österreich;2024-09-03;165.47
Österreich;2024-09-04;166.53
Österreich;2024-09-05;167.79
Österreich;2024-09-06;169.42
Österreich;2024-09-07;171.48
Österreich;2024-09-08;174.17
Österreich;2024-09-09;177.58
Österreich;2024-09-10;181.77
Österreich;2024-09-11;186.73
Österreich;2024-09-12;192.44
Österreich;2024-09-13;198.94
Österreich;2024-09-14;206.25
Österreich;2024-09-15;214.51
Österreich;2024-09-16;223.74
Österreich;2024-09-17;233.73
Österreich;2024-09-18;244.17
Österreich;2024-09-19;254.71
Österreich;2024-09-20;264.93
Österreich;2024-09-21;274.45
Österreich;2024-09-22;282.91
Österreich;2024-09-23;290.03
Österreich;2024-09-24;295.66
Österreich;2024-09-25;299.91
Österreich;2024-09-26;302.95
Österreich;2024-09-27;305.11
Österreich;2024-09-28;306.59
Österreich;2024-09-29;307.53
Österreich;2024-09-30;308.0
Österreich;2024-10-01;307.97
Österreich;2024-10-02;307.46
Österreich;2024-10-03;306.42
Österreich;2024-10-04;304.77
Österreich;2024-10-05;302.48
Österreich;2024-10-06;299.37
Österreich;2024-10-07;295.49
Österreich;2024-10-08;291.07
Österreich;2024-10-09;286.25
Österreich;2024-10-10;281.23
Österreich;2024-10-11;275.93
Österreich;2024-10-12;270.42
Österreich;2024-10-13;264.56
Österreich;2024-10-14;258.49
Österreich;2024-10-15;252.29
Österreich;2024-10-16;246.22
Österreich;2024-10-17;240.22
Österreich;2024-10-18;234.19
Österreich;2024-10-19;228.03
Österreich;2024-10-20;221.61
Österreich;2024-10-21;214.91
Österreich;2024-10-22;208.11
Österreich;2024-10-23;201.42
Österreich;2024-10-24;194.83
Österreich;2024-10-25;188.43
Österreich;2024-10-26;182.15
Österreich;2024-10-27;176.04
Österreich;2024-10-28;170.11
Österreich;2024-10-29;164.35
Österreich;2024-10-30;158.83
Österreich;2024-10-31;153.46
Österreich;2024-11-01;148.18
Österreich;2024-11-02;143.04
Österreich;2024-11-03;137.92
Österreich;2024-11-04;132.85
Österreich;2024-11-05;128.02
Österreich;2024-11-06;123.46
Österreich;2024-11-07;119.25
Österreich;2024-11-08;115.3
Österreich;2024-11-09;111.72
Österreich;2024-11-10;108.46
Österreich;2024-11-11;105.52
Österreich;2024-11-12;102.98
Österreich;2024-11-13;100.79
Österreich;2024-11-14;98.98
Österreich;2024-11-15;97.43
Österreich;2024-11-16;96.18
Österreich;2024-11-17;95.23
Österreich;2024-11-18;94.56
Österreich;2024-11-19;94.16
Österreich;2024-11-20;94.08
Österreich;2024-11-21;94.24
Österreich;2024-11-22;94.61
Österreich;2024-11-23;95.14
Österreich;2024-11-24;95.82
Österreich;2024-11-25;96.68
Österreich;2024-11-26;97.74
Österreich;2024-11-27;99.07
Österreich;2024-11-28;100.54
Österreich;2024-11-29;102.14
Österreich;2024-11-30;103.75
Österreich;2024-12-01;105.36
Österreich;2024-12-02;106.86
Österreich;2024-12-03;108.29
Österreich;2024-12-04;109.66
Österreich;2024-12-05;111.04
Österreich;2024-12-06;112.31
Österreich;2024-12-07;113.54
Österreich;2024-12-08;114.68
Österreich;2024-12-09;115.71
Österreich;2024-12-10;116.72
Österreich;2024-12-11;117.74
Österreich;2024-12-12;118.78
Österreich;2024-12-13;119.76
Österreich;2024-12-14;120.63
Österreich;2024-12-15;121.34
Österreich;2024-12-16;121.69
Österreich;2024-12-17;121.61
Österreich;2024-12-18;121.12
Österreich;2024-12-19;120.25
Österreich;2024-12-20;119.1
Österreich;2024-12-21;117.92
Österreich;2024-12-22;116.79
Österreich;2024-12-23;116.36
Österreich;2024-12-24;115.55
Österreich;2024-12-25;114.86
Österreich;2024-12-26;114.29
Österreich;2024-12-27;113.76
Österreich;2024-12-28;112.64
Österreich;2024-12-29;112.27
