Gruppe;Datum;Genkopien pro EW / Tag * 10^6
Vorarlberg;2022-09-01;83.29
Vorarlberg;2022-09-02;84.3
Vorarlberg;2022-09-03;85.21
Vorarlberg;2022-09-04;81.9
Vorarlberg;2022-09-05;82.78
Vorarlberg;2022-09-06;83.87
Vorarlberg;2022-09-07;85.2
Vorarlberg;2022-09-08;86.73
Vorarlberg;2022-09-09;88.54
Vorarlberg;2022-09-10;90.6
Vorarlberg;2022-09-11;93.02
Vorarlberg;2022-09-12;95.96
Vorarlberg;2022-09-13;99.48
Vorarlberg;2022-09-14;103.64
Vorarlberg;2022-09-15;108.33
Vorarlberg;2022-09-16;113.42
Vorarlberg;2022-09-17;118.65
Vorarlberg;2022-09-18;123.9
Vorarlberg;2022-09-19;129.08
Vorarlberg;2022-09-20;134.21
Vorarlberg;2022-09-21;139.33
Vorarlberg;2022-09-22;144.52
Vorarlberg;2022-09-23;149.92
Vorarlberg;2022-09-24;155.61
Vorarlberg;2022-09-25;161.75
Vorarlberg;2022-09-26;168.45
Vorarlberg;2022-09-27;175.74
Vorarlberg;2022-09-28;183.58
Vorarlberg;2022-09-29;191.64
Vorarlberg;2022-09-30;199.62
Vorarlberg;2022-10-01;207.11
Vorarlberg;2022-10-02;213.69
Vorarlberg;2022-10-03;219.18
Vorarlberg;2022-10-04;223.47
Vorarlberg;2022-10-05;226.63
Vorarlberg;2022-10-06;228.54
Vorarlberg;2022-10-07;229.18
Vorarlberg;2022-10-08;228.37
Vorarlberg;2022-10-09;226.01
Vorarlberg;2022-10-10;221.98
Vorarlberg;2022-10-11;216.5
Vorarlberg;2022-10-12;209.95
Vorarlberg;2022-10-13;202.58
Vorarlberg;2022-10-14;194.73
Vorarlberg;2022-10-15;186.56
Vorarlberg;2022-10-16;178.18
Vorarlberg;2022-10-17;169.78
Vorarlberg;2022-10-18;161.56
Vorarlberg;2022-10-19;153.55
Vorarlberg;2022-10-20;145.86
Vorarlberg;2022-10-21;138.44
Vorarlberg;2022-10-22;131.27
Vorarlberg;2022-10-23;124.53
Vorarlberg;2022-10-24;118.21
Vorarlberg;2022-10-25;112.43
Vorarlberg;2022-10-26;107.14
Vorarlberg;2022-10-27;102.24
Vorarlberg;2022-10-28;97.68
Vorarlberg;2022-10-29;93.47
Vorarlberg;2022-10-30;89.57
Vorarlberg;2022-10-31;86.01
Vorarlberg;2022-11-01;82.8
Vorarlberg;2022-11-02;79.98
Vorarlberg;2022-11-03;77.54
Vorarlberg;2022-11-04;75.63
Vorarlberg;2022-11-05;74.14
Vorarlberg;2022-11-06;73.21
Vorarlberg;2022-11-07;73.02
Vorarlberg;2022-11-08;73.56
Vorarlberg;2022-11-09;74.9
Vorarlberg;2022-11-10;76.93
Vorarlberg;2022-11-11;79.45
Vorarlberg;2022-11-12;82.48
Vorarlberg;2022-11-13;85.82
Vorarlberg;2022-11-14;89.54
Vorarlberg;2022-11-15;93.58
Vorarlberg;2022-11-16;97.85
Vorarlberg;2022-11-17;102.3
Vorarlberg;2022-11-18;106.8
Vorarlberg;2022-11-19;111.24
Vorarlberg;2022-11-20;115.67
Vorarlberg;2022-11-21;120.0
Vorarlberg;2022-11-22;124.28
Vorarlberg;2022-11-23;128.57
Vorarlberg;2022-11-24;132.9
Vorarlberg;2022-11-25;137.2
Vorarlberg;2022-11-26;141.5
Vorarlberg;2022-11-27;145.78
Vorarlberg;2022-11-28;149.91
Vorarlberg;2022-11-29;153.79
Vorarlberg;2022-11-30;157.31
Vorarlberg;2022-12-01;160.4
Vorarlberg;2022-12-02;163.14
Vorarlberg;2022-12-03;165.71
Vorarlberg;2022-12-04;168.19
Vorarlberg;2022-12-05;170.7
Vorarlberg;2022-12-06;173.32
Vorarlberg;2022-12-07;176.08
Vorarlberg;2022-12-08;178.92
Vorarlberg;2022-12-09;181.69
Vorarlberg;2022-12-10;184.18
Vorarlberg;2022-12-11;186.29
Vorarlberg;2022-12-12;187.99
Vorarlberg;2022-12-13;189.48
Vorarlberg;2022-12-14;190.99
Vorarlberg;2022-12-15;192.62
Vorarlberg;2022-12-16;194.34
Vorarlberg;2022-12-17;196.05
Vorarlberg;2022-12-18;197.57
Vorarlberg;2022-12-19;198.64
Vorarlberg;2022-12-20;199.13
Vorarlberg;2022-12-21;198.79
Vorarlberg;2022-12-22;197.56
Vorarlberg;2022-12-23;195.57
Vorarlberg;2022-12-24;192.87
Vorarlberg;2022-12-25;189.59
Vorarlberg;2022-12-26;185.69
Vorarlberg;2022-12-27;181.16
Vorarlberg;2022-12-28;176.11
Vorarlberg;2022-12-29;170.55
Vorarlberg;2022-12-30;164.65
Vorarlberg;2022-12-31;158.47
Vorarlberg;2023-01-01;152.0
Vorarlberg;2023-01-02;145.45
Vorarlberg;2023-01-03;138.84
Vorarlberg;2023-01-04;132.45
Vorarlberg;2023-01-05;126.34
Vorarlberg;2023-01-06;120.58
Vorarlberg;2023-01-07;115.26
Vorarlberg;2023-01-08;110.46
Vorarlberg;2023-01-09;106.25
Vorarlberg;2023-01-10;102.63
Vorarlberg;2023-01-11;99.47
Vorarlberg;2023-01-12;96.73
Vorarlberg;2023-01-13;94.36
Vorarlberg;2023-01-14;92.45
Vorarlberg;2023-01-15;91.13
Vorarlberg;2023-01-16;90.4
Vorarlberg;2023-01-17;90.4
Vorarlberg;2023-01-18;91.01
Vorarlberg;2023-01-19;92.22
Vorarlberg;2023-01-20;94.0
Vorarlberg;2023-01-21;96.23
Vorarlberg;2023-01-22;99.0
Vorarlberg;2023-01-23;102.36
Vorarlberg;2023-01-24;106.43
Vorarlberg;2023-01-25;111.23
Vorarlberg;2023-01-26;116.66
Vorarlberg;2023-01-27;122.73
Vorarlberg;2023-01-28;129.37
Vorarlberg;2023-01-29;136.63
Vorarlberg;2023-01-30;144.62
Vorarlberg;2023-01-31;153.35
Vorarlberg;2023-02-01;162.79
Vorarlberg;2023-02-02;172.71
Vorarlberg;2023-02-03;182.91
Vorarlberg;2023-02-04;193.07
Vorarlberg;2023-02-05;202.95
Vorarlberg;2023-02-06;212.39
Vorarlberg;2023-02-07;221.13
Vorarlberg;2023-02-08;229.1
Vorarlberg;2023-02-09;236.21
Vorarlberg;2023-02-10;242.6
Vorarlberg;2023-02-11;248.48
Vorarlberg;2023-02-12;253.9
Vorarlberg;2023-02-13;258.79
Vorarlberg;2023-02-14;262.97
Vorarlberg;2023-02-15;266.25
Vorarlberg;2023-02-16;268.53
Vorarlberg;2023-02-17;270.01
Vorarlberg;2023-02-18;270.92
Vorarlberg;2023-02-19;271.64
Vorarlberg;2023-02-20;272.47
Vorarlberg;2023-02-21;273.69
Vorarlberg;2023-02-22;275.22
Vorarlberg;2023-02-23;276.83
Vorarlberg;2023-02-24;278.18
Vorarlberg;2023-02-25;278.86
Vorarlberg;2023-02-26;278.52
Vorarlberg;2023-02-27;276.91
Vorarlberg;2023-02-28;274.03
Vorarlberg;2023-03-01;270.06
Vorarlberg;2023-03-02;265.26
Vorarlberg;2023-03-03;259.84
Vorarlberg;2023-03-04;254.22
Vorarlberg;2023-03-05;248.79
Vorarlberg;2023-03-06;243.77
Vorarlberg;2023-03-07;239.37
Vorarlberg;2023-03-08;235.55
Vorarlberg;2023-03-09;232.06
Vorarlberg;2023-03-10;228.65
Vorarlberg;2023-03-11;224.99
Vorarlberg;2023-03-12;220.85
Vorarlberg;2023-03-13;215.98
Vorarlberg;2023-03-14;210.26
Vorarlberg;2023-03-15;203.81
Vorarlberg;2023-03-16;196.88
Vorarlberg;2023-03-17;189.66
Vorarlberg;2023-03-18;182.4
Vorarlberg;2023-03-19;175.22
Vorarlberg;2023-03-20;168.16
Vorarlberg;2023-03-21;161.14
Vorarlberg;2023-03-22;154.0
Vorarlberg;2023-03-23;146.6
Vorarlberg;2023-03-24;139.01
Vorarlberg;2023-03-25;131.4
Vorarlberg;2023-03-26;124.0
Vorarlberg;2023-03-27;117.09
Vorarlberg;2023-03-28;110.82
Vorarlberg;2023-03-29;105.2
Vorarlberg;2023-03-30;100.26
Vorarlberg;2023-03-31;95.78
Vorarlberg;2023-04-01;91.83
Vorarlberg;2023-04-02;88.36
Vorarlberg;2023-04-03;85.31
Vorarlberg;2023-04-04;82.67
Vorarlberg;2023-04-05;80.31
Vorarlberg;2023-04-06;78.05
Vorarlberg;2023-04-07;75.87
Vorarlberg;2023-04-08;73.68
Vorarlberg;2023-04-09;71.4
Vorarlberg;2023-04-10;69.04
Vorarlberg;2023-04-11;66.51
Vorarlberg;2023-04-12;63.78
Vorarlberg;2023-04-13;60.85
Vorarlberg;2023-04-14;57.83
Vorarlberg;2023-04-15;54.84
Vorarlberg;2023-04-16;52.03
Vorarlberg;2023-04-17;49.46
Vorarlberg;2023-04-18;47.22
Vorarlberg;2023-04-19;45.23
Vorarlberg;2023-04-20;43.46
Vorarlberg;2023-04-21;41.81
Vorarlberg;2023-04-22;40.24
Vorarlberg;2023-04-23;38.75
Vorarlberg;2023-04-24;37.35
Vorarlberg;2023-04-25;35.95
Vorarlberg;2023-04-26;34.57
Vorarlberg;2023-04-27;33.18
Vorarlberg;2023-04-28;31.74
Vorarlberg;2023-04-29;30.31
Vorarlberg;2023-04-30;28.9
Vorarlberg;2023-05-01;27.59
Vorarlberg;2023-05-02;26.42
Vorarlberg;2023-05-03;25.37
Vorarlberg;2023-05-04;24.52
Vorarlberg;2023-05-05;23.81
Vorarlberg;2023-05-06;23.27
Vorarlberg;2023-05-07;22.86
Vorarlberg;2023-05-08;22.65
Vorarlberg;2023-05-09;22.58
Vorarlberg;2023-05-10;22.63
Vorarlberg;2023-05-11;22.78
Vorarlberg;2023-05-12;23.0
Vorarlberg;2023-05-13;23.38
Vorarlberg;2023-05-14;23.8
Vorarlberg;2023-05-15;24.32
Vorarlberg;2023-05-16;24.83
Vorarlberg;2023-05-17;25.33
Vorarlberg;2023-05-18;25.81
Vorarlberg;2023-05-19;26.16
Vorarlberg;2023-05-20;26.4
Vorarlberg;2023-05-21;26.39
Vorarlberg;2023-05-22;26.08
Vorarlberg;2023-05-23;25.53
Vorarlberg;2023-05-24;24.76
Vorarlberg;2023-05-25;23.84
Vorarlberg;2023-05-26;22.83
Vorarlberg;2023-05-27;21.76
Vorarlberg;2023-05-28;20.66
Vorarlberg;2023-05-29;19.54
Vorarlberg;2023-05-30;18.39
Vorarlberg;2023-05-31;17.3
Vorarlberg;2023-06-01;16.21
Vorarlberg;2023-06-02;15.18
Vorarlberg;2023-06-03;14.19
Vorarlberg;2023-06-04;13.25
Vorarlberg;2023-06-05;12.37
Vorarlberg;2023-06-06;11.56
Vorarlberg;2023-06-07;10.83
Vorarlberg;2023-06-08;10.13
Vorarlberg;2023-06-09;9.49
Vorarlberg;2023-06-10;8.91
Vorarlberg;2023-06-11;8.37
Vorarlberg;2023-06-12;7.89
Vorarlberg;2023-06-13;7.46
Vorarlberg;2023-06-14;7.12
Vorarlberg;2023-06-15;6.8
Vorarlberg;2023-06-16;6.49
Vorarlberg;2023-06-17;6.21
Vorarlberg;2023-06-18;5.95
Vorarlberg;2023-06-19;5.67
Vorarlberg;2023-06-20;5.38
Vorarlberg;2023-06-21;5.12
Vorarlberg;2023-06-22;4.83
Vorarlberg;2023-06-23;4.61
Vorarlberg;2023-06-24;4.43
Vorarlberg;2023-06-25;4.22
Vorarlberg;2023-06-26;4.11
Vorarlberg;2023-06-27;4.05
Vorarlberg;2023-06-28;4.05
Vorarlberg;2023-06-29;4.1
Vorarlberg;2023-06-30;4.22
Vorarlberg;2023-07-01;4.4
Vorarlberg;2023-07-02;4.59
Vorarlberg;2023-07-03;4.83
Vorarlberg;2023-07-04;5.1
Vorarlberg;2023-07-05;5.41
Vorarlberg;2023-07-06;5.77
Vorarlberg;2023-07-07;6.11
Vorarlberg;2023-07-08;6.47
Vorarlberg;2023-07-09;6.82
Vorarlberg;2023-07-10;7.2
Vorarlberg;2023-07-11;7.48
Vorarlberg;2023-07-12;7.76
Vorarlberg;2023-07-13;7.95
Vorarlberg;2023-07-14;8.1
Vorarlberg;2023-07-15;8.24
Vorarlberg;2023-07-16;8.42
Vorarlberg;2023-07-17;8.69
Vorarlberg;2023-07-18;9.07
Vorarlberg;2023-07-19;9.55
Vorarlberg;2023-07-20;10.17
Vorarlberg;2023-07-21;10.85
Vorarlberg;2023-07-22;11.69
Vorarlberg;2023-07-23;12.68
Vorarlberg;2023-07-24;13.83
Vorarlberg;2023-07-25;15.1
Vorarlberg;2023-07-26;16.52
Vorarlberg;2023-07-27;18.07
Vorarlberg;2023-07-28;19.74
Vorarlberg;2023-07-29;21.55
Vorarlberg;2023-07-30;23.48
Vorarlberg;2023-07-31;25.53
Vorarlberg;2023-08-01;27.71
Vorarlberg;2023-08-02;29.97
Vorarlberg;2023-08-03;32.25
Vorarlberg;2023-08-04;34.55
Vorarlberg;2023-08-05;36.85
Vorarlberg;2023-08-06;39.11
Vorarlberg;2023-08-07;41.38
Vorarlberg;2023-08-08;43.51
Vorarlberg;2023-08-09;45.52
Vorarlberg;2023-08-10;47.3
Vorarlberg;2023-08-11;48.75
Vorarlberg;2023-08-12;49.88
Vorarlberg;2023-08-13;50.69
Vorarlberg;2023-08-14;51.1
Vorarlberg;2023-08-15;51.09
Vorarlberg;2023-08-16;50.71
Vorarlberg;2023-08-17;50.01
Vorarlberg;2023-08-18;49.02
Vorarlberg;2023-08-19;47.93
Vorarlberg;2023-08-20;46.84
Vorarlberg;2023-08-21;45.75
Vorarlberg;2023-08-22;44.74
Vorarlberg;2023-08-23;43.85
Vorarlberg;2023-08-24;43.13
Vorarlberg;2023-08-25;42.53
Vorarlberg;2023-08-26;42.24
Vorarlberg;2023-08-27;42.33
Vorarlberg;2023-08-28;42.89
Vorarlberg;2023-08-29;44.05
Vorarlberg;2023-08-30;45.77
Vorarlberg;2023-08-31;47.95
Vorarlberg;2023-09-01;50.51
Vorarlberg;2023-09-02;53.3
Vorarlberg;2023-09-03;56.26
Vorarlberg;2023-09-04;59.32
Vorarlberg;2023-09-05;62.45
Vorarlberg;2023-09-06;65.55
Vorarlberg;2023-09-07;68.54
Vorarlberg;2023-09-08;71.39
Vorarlberg;2023-09-09;73.99
Vorarlberg;2023-09-10;76.15
Vorarlberg;2023-09-11;77.78
Vorarlberg;2023-09-12;78.85
Vorarlberg;2023-09-13;79.43
Vorarlberg;2023-09-14;79.66
Vorarlberg;2023-09-15;79.75
Vorarlberg;2023-09-16;79.85
Vorarlberg;2023-09-17;80.19
Vorarlberg;2023-09-18;80.85
Vorarlberg;2023-09-19;81.97
Vorarlberg;2023-09-20;83.53
Vorarlberg;2023-09-21;85.56
Vorarlberg;2023-09-22;87.98
Vorarlberg;2023-09-23;90.65
Vorarlberg;2023-09-24;93.55
Vorarlberg;2023-09-25;96.47
Vorarlberg;2023-09-26;99.2
Vorarlberg;2023-09-27;101.49
Vorarlberg;2023-09-28;103.31
Vorarlberg;2023-09-29;104.68
Vorarlberg;2023-09-30;105.93
Vorarlberg;2023-10-01;107.25
Vorarlberg;2023-10-02;108.82
Vorarlberg;2023-10-03;110.77
Vorarlberg;2023-10-04;113.03
Vorarlberg;2023-10-05;115.46
Vorarlberg;2023-10-06;118.02
Vorarlberg;2023-10-07;120.61
Vorarlberg;2023-10-08;123.21
Vorarlberg;2023-10-09;125.79
Vorarlberg;2023-10-10;128.39
Vorarlberg;2023-10-11;131.04
Vorarlberg;2023-10-12;133.87
Vorarlberg;2023-10-13;136.95
Vorarlberg;2023-10-14;140.26
Vorarlberg;2023-10-15;143.82
Vorarlberg;2023-10-16;147.64
Vorarlberg;2023-10-17;151.72
Vorarlberg;2023-10-18;156.02
Vorarlberg;2023-10-19;160.49
Vorarlberg;2023-10-20;165.1
Vorarlberg;2023-10-21;169.97
Vorarlberg;2023-10-22;175.08
Vorarlberg;2023-10-23;180.58
Vorarlberg;2023-10-24;186.54
Vorarlberg;2023-10-25;192.94
Vorarlberg;2023-10-26;199.8
Vorarlberg;2023-10-27;206.99
Vorarlberg;2023-10-28;214.72
Vorarlberg;2023-10-29;223.3
Vorarlberg;2023-10-30;232.87
Vorarlberg;2023-10-31;243.54
Vorarlberg;2023-11-01;255.14
Vorarlberg;2023-11-02;267.44
Vorarlberg;2023-11-03;280.26
Vorarlberg;2023-11-04;293.31
Vorarlberg;2023-11-05;306.4
Vorarlberg;2023-11-06;319.42
Vorarlberg;2023-11-07;332.34
Vorarlberg;2023-11-08;345.09
Vorarlberg;2023-11-09;357.7
Vorarlberg;2023-11-10;370.19
Vorarlberg;2023-11-11;382.59
Vorarlberg;2023-11-12;394.87
Vorarlberg;2023-11-13;407.07
Vorarlberg;2023-11-14;419.16
Vorarlberg;2023-11-15;431.26
Vorarlberg;2023-11-16;443.48
Vorarlberg;2023-11-17;455.75
Vorarlberg;2023-11-18;467.95
Vorarlberg;2023-11-19;479.85
Vorarlberg;2023-11-20;491.2
Vorarlberg;2023-11-21;501.92
Vorarlberg;2023-11-22;511.9
Vorarlberg;2023-11-23;521.04
Vorarlberg;2023-11-24;529.47
Vorarlberg;2023-11-25;537.29
Vorarlberg;2023-11-26;544.48
Vorarlberg;2023-11-27;550.92
Vorarlberg;2023-11-28;556.4
Vorarlberg;2023-11-29;560.94
Vorarlberg;2023-11-30;564.78
Vorarlberg;2023-12-01;568.45
Vorarlberg;2023-12-02;572.61
Vorarlberg;2023-12-03;577.81
Vorarlberg;2023-12-04;584.35
Vorarlberg;2023-12-05;592.3
Vorarlberg;2023-12-06;601.34
Vorarlberg;2023-12-07;611.06
Vorarlberg;2023-12-08;621.09
Vorarlberg;2023-12-09;631.19
Vorarlberg;2023-12-10;641.25
Vorarlberg;2023-12-11;651.38
Vorarlberg;2023-12-12;661.97
Vorarlberg;2023-12-13;672.9
Vorarlberg;2023-12-14;683.46
Vorarlberg;2023-12-15;692.48
Vorarlberg;2023-12-16;698.33
Vorarlberg;2023-12-17;699.45
Vorarlberg;2023-12-18;694.81
Vorarlberg;2023-12-19;684.45
Vorarlberg;2023-12-20;668.77
Vorarlberg;2023-12-21;648.31
Vorarlberg;2023-12-22;623.96
Vorarlberg;2023-12-23;596.76
Vorarlberg;2023-12-24;567.83
Vorarlberg;2023-12-25;538.06
Vorarlberg;2023-12-26;508.23
Vorarlberg;2023-12-27;478.83
Vorarlberg;2023-12-28;450.21
Vorarlberg;2023-12-29;422.43
Vorarlberg;2023-12-30;395.62
Vorarlberg;2023-12-31;370.0
Vorarlberg;2024-01-01;346.0
Vorarlberg;2024-01-02;323.9
Vorarlberg;2024-01-03;303.85
Vorarlberg;2024-01-04;285.67
Vorarlberg;2024-01-05;269.09
Vorarlberg;2024-01-06;253.86
Vorarlberg;2024-01-07;239.83
Vorarlberg;2024-01-08;226.84
Vorarlberg;2024-01-09;214.73
Vorarlberg;2024-01-10;203.27
Vorarlberg;2024-01-11;192.25
Vorarlberg;2024-01-12;181.73
Vorarlberg;2024-01-13;171.71
Vorarlberg;2024-01-14;162.29
Vorarlberg;2024-01-15;153.53
Vorarlberg;2024-01-16;145.48
Vorarlberg;2024-01-17;138.1
Vorarlberg;2024-01-18;131.31
Vorarlberg;2024-01-19;125.0
Vorarlberg;2024-01-20;119.02
Vorarlberg;2024-01-21;113.28
Vorarlberg;2024-01-22;107.76
Vorarlberg;2024-01-23;102.36
Vorarlberg;2024-01-24;97.18
Vorarlberg;2024-01-25;92.19
Vorarlberg;2024-01-26;87.5
Vorarlberg;2024-01-27;83.05
Vorarlberg;2024-01-28;79.12
Vorarlberg;2024-01-29;75.7
Vorarlberg;2024-01-30;72.89
Vorarlberg;2024-01-31;70.59
Vorarlberg;2024-02-01;68.8
Vorarlberg;2024-02-02;67.25
Vorarlberg;2024-02-03;65.76
Vorarlberg;2024-02-04;64.16
Vorarlberg;2024-02-05;62.35
Vorarlberg;2024-02-06;60.29
Vorarlberg;2024-02-07;57.99
Vorarlberg;2024-02-08;55.56
Vorarlberg;2024-02-09;52.99
Vorarlberg;2024-02-10;50.45
Vorarlberg;2024-02-11;47.9
Vorarlberg;2024-02-12;45.5
Vorarlberg;2024-02-13;43.29
Vorarlberg;2024-02-14;41.19
Vorarlberg;2024-02-15;39.28
Vorarlberg;2024-02-16;37.47
Vorarlberg;2024-02-17;35.75
Vorarlberg;2024-02-18;34.04
Vorarlberg;2024-02-19;32.41
Vorarlberg;2024-02-20;30.82
Vorarlberg;2024-02-21;29.26
Vorarlberg;2024-02-22;27.76
Vorarlberg;2024-02-23;26.31
Vorarlberg;2024-02-24;24.87
Vorarlberg;2024-02-25;23.49
Vorarlberg;2024-02-26;22.11
Vorarlberg;2024-02-27;20.79
Vorarlberg;2024-02-28;19.47
Vorarlberg;2024-02-29;18.2
Vorarlberg;2024-03-01;16.97
Vorarlberg;2024-03-02;15.81
Vorarlberg;2024-03-03;14.75
Vorarlberg;2024-03-04;13.77
Vorarlberg;2024-03-05;12.91
Vorarlberg;2024-03-06;12.26
Vorarlberg;2024-03-07;11.7
Vorarlberg;2024-03-08;11.29
Vorarlberg;2024-03-09;10.96
Vorarlberg;2024-03-10;10.76
Vorarlberg;2024-03-11;10.64
Vorarlberg;2024-03-12;10.64
Vorarlberg;2024-03-13;10.66
Vorarlberg;2024-03-14;10.73
Vorarlberg;2024-03-15;10.77
Vorarlberg;2024-03-16;10.72
Vorarlberg;2024-03-17;10.56
Vorarlberg;2024-03-18;10.25
Vorarlberg;2024-03-19;9.86
Vorarlberg;2024-03-20;9.34
Vorarlberg;2024-03-21;8.8
Vorarlberg;2024-03-22;8.25
Vorarlberg;2024-03-23;7.73
Vorarlberg;2024-03-24;7.26
Vorarlberg;2024-03-25;6.87
Vorarlberg;2024-03-26;6.56
Vorarlberg;2024-03-27;6.36
Vorarlberg;2024-03-28;6.25
Vorarlberg;2024-03-29;6.2
Vorarlberg;2024-03-30;6.22
Vorarlberg;2024-03-31;6.25
Vorarlberg;2024-04-01;6.31
Vorarlberg;2024-04-02;6.42
Vorarlberg;2024-04-03;6.58
Vorarlberg;2024-04-04;6.82
Vorarlberg;2024-04-05;7.03
Vorarlberg;2024-04-06;7.32
Vorarlberg;2024-04-07;7.55
Vorarlberg;2024-04-08;7.82
Vorarlberg;2024-04-09;8.07
Vorarlberg;2024-04-10;8.27
Vorarlberg;2024-04-11;8.53
Vorarlberg;2024-04-12;8.76
Vorarlberg;2024-04-13;8.99
Vorarlberg;2024-04-14;9.23
Vorarlberg;2024-04-15;9.45
Vorarlberg;2024-04-16;9.69
Vorarlberg;2024-04-17;9.94
Vorarlberg;2024-04-18;10.23
Vorarlberg;2024-04-19;10.5
Vorarlberg;2024-04-20;10.8
Vorarlberg;2024-04-21;11.13
Vorarlberg;2024-04-22;11.54
Vorarlberg;2024-04-23;11.96
Vorarlberg;2024-04-24;12.5
Vorarlberg;2024-04-25;13.1
Vorarlberg;2024-04-26;13.8
Vorarlberg;2024-04-27;14.49
Vorarlberg;2024-04-28;15.22
Vorarlberg;2024-04-29;15.99
Vorarlberg;2024-04-30;16.79
Vorarlberg;2024-05-01;17.52
Vorarlberg;2024-05-02;18.23
Vorarlberg;2024-05-03;18.84
Vorarlberg;2024-05-04;19.29
Vorarlberg;2024-05-05;19.53
Vorarlberg;2024-05-06;19.61
Vorarlberg;2024-05-07;19.47
Vorarlberg;2024-05-08;19.27
Vorarlberg;2024-05-09;18.95
Vorarlberg;2024-05-10;18.64
Vorarlberg;2024-05-11;18.34
Vorarlberg;2024-05-12;18.05
Vorarlberg;2024-05-13;17.82
Vorarlberg;2024-05-14;17.62
Vorarlberg;2024-05-15;17.44
Vorarlberg;2024-05-16;17.26
Vorarlberg;2024-05-17;17.07
Vorarlberg;2024-05-18;16.95
Vorarlberg;2024-05-19;16.91
Vorarlberg;2024-05-20;16.86
Vorarlberg;2024-05-21;16.95
Vorarlberg;2024-05-22;17.09
Vorarlberg;2024-05-23;17.32
Vorarlberg;2024-05-24;17.59
Vorarlberg;2024-05-25;17.83
Vorarlberg;2024-05-26;18.09
Vorarlberg;2024-05-27;18.3
Vorarlberg;2024-05-28;18.54
Vorarlberg;2024-05-29;18.84
Vorarlberg;2024-05-30;19.2
Vorarlberg;2024-05-31;19.66
Vorarlberg;2024-06-01;20.24
Vorarlberg;2024-06-02;20.9
Vorarlberg;2024-06-03;21.67
Vorarlberg;2024-06-04;22.58
Vorarlberg;2024-06-05;23.61
Vorarlberg;2024-06-06;24.7
Vorarlberg;2024-06-07;25.92
Vorarlberg;2024-06-08;27.25
Vorarlberg;2024-06-09;28.76
Vorarlberg;2024-06-10;30.44
Vorarlberg;2024-06-11;32.29
Vorarlberg;2024-06-12;34.37
Vorarlberg;2024-06-13;36.64
Vorarlberg;2024-06-14;39.01
Vorarlberg;2024-06-15;41.59
Vorarlberg;2024-06-16;44.25
Vorarlberg;2024-06-17;47.04
Vorarlberg;2024-06-18;49.95
Vorarlberg;2024-06-19;52.97
Vorarlberg;2024-06-20;55.99
Vorarlberg;2024-06-21;59.04
Vorarlberg;2024-06-22;61.99
Vorarlberg;2024-06-23;64.82
Vorarlberg;2024-06-24;67.53
Vorarlberg;2024-06-25;70.05
Vorarlberg;2024-06-26;72.34
Vorarlberg;2024-06-27;74.49
Vorarlberg;2024-06-28;76.45
Vorarlberg;2024-06-29;78.21
Vorarlberg;2024-06-30;79.77
Vorarlberg;2024-07-01;81.17
Vorarlberg;2024-07-02;82.44
Vorarlberg;2024-07-03;83.7
Vorarlberg;2024-07-04;84.97
Vorarlberg;2024-07-05;86.37
Vorarlberg;2024-07-06;87.78
Vorarlberg;2024-07-07;89.21
Vorarlberg;2024-07-08;90.63
Vorarlberg;2024-07-09;92.1
Vorarlberg;2024-07-10;93.54
Vorarlberg;2024-07-11;95.0
Vorarlberg;2024-07-12;96.38
Vorarlberg;2024-07-13;97.68
Vorarlberg;2024-07-14;98.87
Vorarlberg;2024-07-15;99.93
Vorarlberg;2024-07-16;100.75
Vorarlberg;2024-07-17;101.34
Vorarlberg;2024-07-18;101.62
Vorarlberg;2024-07-19;101.59
Vorarlberg;2024-07-20;101.19
Vorarlberg;2024-07-21;100.41
Vorarlberg;2024-07-22;99.26
Vorarlberg;2024-07-23;97.95
Vorarlberg;2024-07-24;96.69
Vorarlberg;2024-07-25;95.62
Vorarlberg;2024-07-26;94.75
Vorarlberg;2024-07-27;94.2
Vorarlberg;2024-07-28;93.96
Vorarlberg;2024-07-29;94.16
Vorarlberg;2024-07-30;95.0
Vorarlberg;2024-07-31;96.44
Vorarlberg;2024-08-01;98.49
Vorarlberg;2024-08-02;100.96
Vorarlberg;2024-08-03;103.83
Vorarlberg;2024-08-04;106.87
Vorarlberg;2024-08-05;109.98
Vorarlberg;2024-08-06;113.18
Vorarlberg;2024-08-07;116.24
Vorarlberg;2024-08-08;119.13
Vorarlberg;2024-08-09;121.76
Vorarlberg;2024-08-10;124.03
Vorarlberg;2024-08-11;125.95
Vorarlberg;2024-08-12;127.49
Vorarlberg;2024-08-13;128.79
Vorarlberg;2024-08-14;129.86
Vorarlberg;2024-08-15;130.87
Vorarlberg;2024-08-16;131.71
Vorarlberg;2024-08-17;132.34
Vorarlberg;2024-08-18;132.7
Vorarlberg;2024-08-19;132.83
Vorarlberg;2024-08-20;132.72
Vorarlberg;2024-08-21;132.44
Vorarlberg;2024-08-22;132.04
Vorarlberg;2024-08-23;131.56
Vorarlberg;2024-08-24;130.99
Vorarlberg;2024-08-25;130.28
Vorarlberg;2024-08-26;129.42
Vorarlberg;2024-08-27;128.44
Vorarlberg;2024-08-28;127.46
Vorarlberg;2024-08-29;126.68
Vorarlberg;2024-08-30;126.21
Vorarlberg;2024-08-31;126.19
Vorarlberg;2024-09-01;126.81
Vorarlberg;2024-09-02;128.2
Vorarlberg;2024-09-03;130.53
Vorarlberg;2024-09-04;133.86
Vorarlberg;2024-09-05;138.17
Vorarlberg;2024-09-06;143.42
Vorarlberg;2024-09-07;149.6
Vorarlberg;2024-09-08;156.82
Vorarlberg;2024-09-09;165.11
Vorarlberg;2024-09-10;174.47
Vorarlberg;2024-09-11;184.95
Vorarlberg;2024-09-12;196.35
Vorarlberg;2024-09-13;208.45
Vorarlberg;2024-09-14;220.99
Vorarlberg;2024-09-15;233.66
Vorarlberg;2024-09-16;246.21
Vorarlberg;2024-09-17;258.33
Vorarlberg;2024-09-18;269.98
Vorarlberg;2024-09-19;281.09
Vorarlberg;2024-09-20;291.64
Vorarlberg;2024-09-21;301.63
Vorarlberg;2024-09-22;310.9
Vorarlberg;2024-09-23;319.33
Vorarlberg;2024-09-24;326.77
Vorarlberg;2024-09-25;333.18
Vorarlberg;2024-09-26;338.74
Vorarlberg;2024-09-27;343.4
Vorarlberg;2024-09-28;347.14
Vorarlberg;2024-09-29;349.61
Vorarlberg;2024-09-30;350.53
Vorarlberg;2024-10-01;349.75
Vorarlberg;2024-10-02;347.24
Vorarlberg;2024-10-03;343.25
Vorarlberg;2024-10-04;338.07
Vorarlberg;2024-10-05;332.05
Vorarlberg;2024-10-06;325.62
Vorarlberg;2024-10-07;318.85
Vorarlberg;2024-10-08;311.96
Vorarlberg;2024-10-09;304.97
Vorarlberg;2024-10-10;297.93
Vorarlberg;2024-10-11;290.92
Vorarlberg;2024-10-12;284.01
Vorarlberg;2024-10-13;277.27
Vorarlberg;2024-10-14;270.76
Vorarlberg;2024-10-15;264.48
Vorarlberg;2024-10-16;258.36
Vorarlberg;2024-10-17;252.29
Vorarlberg;2024-10-18;246.16
Vorarlberg;2024-10-19;239.83
Vorarlberg;2024-10-20;233.2
Vorarlberg;2024-10-21;226.23
Vorarlberg;2024-10-22;219.08
Vorarlberg;2024-10-23;211.85
Vorarlberg;2024-10-24;204.59
Vorarlberg;2024-10-25;197.34
Vorarlberg;2024-10-26;190.11
Vorarlberg;2024-10-27;183.01
Vorarlberg;2024-10-28;176.06
Vorarlberg;2024-10-29;169.45
Vorarlberg;2024-10-30;163.28
Vorarlberg;2024-10-31;157.45
Vorarlberg;2024-11-01;151.97
Vorarlberg;2024-11-02;146.7
Vorarlberg;2024-11-03;141.55
Vorarlberg;2024-11-04;136.38
Vorarlberg;2024-11-05;131.12
Vorarlberg;2024-11-06;125.73
Vorarlberg;2024-11-07;120.37
Vorarlberg;2024-11-08;115.22
Vorarlberg;2024-11-09;110.45
Vorarlberg;2024-11-10;106.33
Vorarlberg;2024-11-11;103.01
Vorarlberg;2024-11-12;100.48
Vorarlberg;2024-11-13;98.81
Vorarlberg;2024-11-14;97.77
Vorarlberg;2024-11-15;97.41
Vorarlberg;2024-11-16;97.53
Vorarlberg;2024-11-17;98.11
Vorarlberg;2024-11-18;99.2
Vorarlberg;2024-11-19;100.64
Vorarlberg;2024-11-20;102.43
Vorarlberg;2024-11-21;104.59
Vorarlberg;2024-11-22;106.98
Vorarlberg;2024-11-23;109.69
Vorarlberg;2024-11-24;112.86
Vorarlberg;2024-11-25;116.53
Vorarlberg;2024-11-26;120.72
Vorarlberg;2024-11-27;125.44
Vorarlberg;2024-11-28;130.47
Vorarlberg;2024-11-29;135.77
Vorarlberg;2024-11-30;141.15
Vorarlberg;2024-12-01;146.38
Vorarlberg;2024-12-02;151.46
Vorarlberg;2024-12-03;156.25
Vorarlberg;2024-12-04;160.51
Vorarlberg;2024-12-05;164.08
Vorarlberg;2024-12-06;166.82
Vorarlberg;2024-12-07;168.63
Vorarlberg;2024-12-08;169.29
Vorarlberg;2024-12-09;168.65
Vorarlberg;2024-12-10;166.71
Vorarlberg;2024-12-11;163.58
Vorarlberg;2024-12-12;159.49
Vorarlberg;2024-12-13;154.81
Vorarlberg;2024-12-14;149.87
Vorarlberg;2024-12-15;144.95
Vorarlberg;2024-12-16;140.34
Vorarlberg;2024-12-17;136.29
Vorarlberg;2024-12-18;132.97
Vorarlberg;2024-12-19;130.38
Vorarlberg;2024-12-20;128.38
Vorarlberg;2024-12-21;126.96
Vorarlberg;2024-12-22;126.05
Vorarlberg;2024-12-23;125.62
Vorarlberg;2024-12-24;125.46
Vorarlberg;2024-12-25;125.46
Vorarlberg;2024-12-26;125.33
Vorarlberg;2024-12-27;124.99
Vorarlberg;2024-12-28;124.24
Vorarlberg;2024-12-29;122.91
Vorarlberg;2024-12-30;121.02
Vorarlberg;2024-12-31;118.52
Vorarlberg;2025-01-01;115.43
Vorarlberg;2025-01-02;111.67
Vorarlberg;2025-01-03;107.43
Vorarlberg;2025-01-04;102.86
Vorarlberg;2025-01-05;98.08
Vorarlberg;2025-01-06;93.32
Vorarlberg;2025-01-07;88.63
Vorarlberg;2025-01-08;84.12
Vorarlberg;2025-01-09;79.87
Vorarlberg;2025-01-10;75.83
Vorarlberg;2025-01-11;72.08
Vorarlberg;2025-01-12;68.54
Vorarlberg;2025-01-13;65.36
Vorarlberg;2025-01-14;62.48
Vorarlberg;2025-01-15;59.92
Vorarlberg;2025-01-16;57.59
Vorarlberg;2025-01-17;55.52
Vorarlberg;2025-01-18;53.66
Vorarlberg;2025-01-19;51.97
Vorarlberg;2025-01-20;50.5
Vorarlberg;2025-01-21;49.21
Vorarlberg;2025-01-22;48.13
Vorarlberg;2025-01-23;47.23
Vorarlberg;2025-01-24;46.44
Vorarlberg;2025-01-25;45.72
Vorarlberg;2025-01-26;44.98
Vorarlberg;2025-01-27;44.22
Vorarlberg;2025-01-28;43.34
Vorarlberg;2025-01-29;42.35
Vorarlberg;2025-01-30;41.27
Vorarlberg;2025-01-31;40.18
Vorarlberg;2025-02-01;39.1
Vorarlberg;2025-02-02;38.11
Vorarlberg;2025-02-03;37.24
Vorarlberg;2025-02-04;36.45
Vorarlberg;2025-02-05;35.67
Vorarlberg;2025-02-06;34.88
Vorarlberg;2025-02-07;34.01
Vorarlberg;2025-02-08;33.12
Vorarlberg;2025-02-09;32.21
Vorarlberg;2025-02-10;31.36
Vorarlberg;2025-02-11;30.57
Vorarlberg;2025-02-12;29.86
Vorarlberg;2025-02-13;29.27
Vorarlberg;2025-02-14;28.72
Vorarlberg;2025-02-15;28.23
Vorarlberg;2025-02-16;27.76
Vorarlberg;2025-02-17;27.18
Vorarlberg;2025-02-18;26.66
Vorarlberg;2025-02-19;26.16
Vorarlberg;2025-02-20;25.71
Vorarlberg;2025-02-21;25.24
Vorarlberg;2025-02-22;24.75
Vorarlberg;2025-02-23;24.12
Vorarlberg;2025-02-24;23.37
Vorarlberg;2025-02-25;22.55
Vorarlberg;2025-02-26;21.73
Vorarlberg;2025-02-27;20.95
Vorarlberg;2025-02-28;20.19
Vorarlberg;2025-03-01;19.48
Vorarlberg;2025-03-02;18.84
Vorarlberg;2025-03-03;18.27
Vorarlberg;2025-03-04;17.78
Vorarlberg;2025-03-05;17.46
Vorarlberg;2025-03-06;17.22
Vorarlberg;2025-03-07;17.05
Vorarlberg;2025-03-08;16.88
Vorarlberg;2025-03-09;16.67
Vorarlberg;2025-03-10;16.46
Vorarlberg;2025-03-11;16.12
Vorarlberg;2025-03-12;15.76
Vorarlberg;2025-03-13;15.33
Vorarlberg;2025-03-14;14.87
Vorarlberg;2025-03-15;14.35
Vorarlberg;2025-03-16;13.8
Vorarlberg;2025-03-17;13.24
Vorarlberg;2025-03-18;12.65
Vorarlberg;2025-03-19;12.13
Vorarlberg;2025-03-20;11.62
Vorarlberg;2025-03-21;11.15
Vorarlberg;2025-03-22;10.69
Vorarlberg;2025-03-23;10.18
Vorarlberg;2025-03-24;9.65
Vorarlberg;2025-03-25;9.13
Vorarlberg;2025-03-26;8.56
Vorarlberg;2025-03-27;8.01
Vorarlberg;2025-03-28;7.52
Vorarlberg;2025-03-29;7.08
Vorarlberg;2025-03-30;6.65
Vorarlberg;2025-03-31;6.34
Vorarlberg;2025-04-01;6.11
Vorarlberg;2025-04-02;5.95
Vorarlberg;2025-04-03;5.83
Vorarlberg;2025-04-04;5.74
Vorarlberg;2025-04-05;5.72
Vorarlberg;2025-04-06;5.72
Vorarlberg;2025-04-07;5.74
Vorarlberg;2025-04-08;5.84
Vorarlberg;2025-04-09;5.94
Vorarlberg;2025-04-10;6.1
Vorarlberg;2025-04-11;6.3
Vorarlberg;2025-04-12;6.56
Vorarlberg;2025-04-13;6.81
Vorarlberg;2025-04-14;7.21
Vorarlberg;2025-04-15;7.66
Vorarlberg;2025-04-16;8.23
Vorarlberg;2025-04-17;8.82
Vorarlberg;2025-04-18;9.45
Vorarlberg;2025-04-19;10.07
Vorarlberg;2025-04-20;10.67
Vorarlberg;2025-04-21;11.23
Vorarlberg;2025-04-22;11.67
Vorarlberg;2025-04-23;12.06
Vorarlberg;2025-04-24;12.38
Vorarlberg;2025-04-25;12.64
Vorarlberg;2025-04-26;12.82
Vorarlberg;2025-04-27;12.96
Vorarlberg;2025-04-28;12.96
Vorarlberg;2025-04-29;12.9
Vorarlberg;2025-04-30;12.73
Vorarlberg;2025-05-01;12.57
Vorarlberg;2025-05-02;12.42
Vorarlberg;2025-05-03;12.3
Vorarlberg;2025-05-04;12.26
Vorarlberg;2025-05-05;12.26
Vorarlberg;2025-05-06;12.33
Vorarlberg;2025-05-07;12.46
Vorarlberg;2025-05-08;12.63
Vorarlberg;2025-05-09;12.86
Vorarlberg;2025-05-10;13.12
Vorarlberg;2025-05-11;13.45
Vorarlberg;2025-05-12;13.85
Vorarlberg;2025-05-13;14.32
Vorarlberg;2025-05-14;14.91
Vorarlberg;2025-05-15;15.52
Vorarlberg;2025-05-16;16.16
Vorarlberg;2025-05-17;16.78
Vorarlberg;2025-05-18;17.38
Vorarlberg;2025-05-19;17.93
Vorarlberg;2025-05-20;18.46
Vorarlberg;2025-05-21;19.01
Vorarlberg;2025-05-22;19.56
Vorarlberg;2025-05-23;20.12
Vorarlberg;2025-05-24;20.66
Vorarlberg;2025-05-25;21.17
Vorarlberg;2025-05-26;21.72
Vorarlberg;2025-05-27;22.25
Vorarlberg;2025-05-28;22.75
Vorarlberg;2025-05-29;23.29
Vorarlberg;2025-05-30;23.83
Vorarlberg;2025-05-31;24.35
Vorarlberg;2025-06-01;24.81
Vorarlberg;2025-06-02;25.21
Vorarlberg;2025-06-03;25.56
Vorarlberg;2025-06-04;25.9
Vorarlberg;2025-06-05;26.17
Vorarlberg;2025-06-06;26.39
Vorarlberg;2025-06-07;26.65
Vorarlberg;2025-06-08;26.94
Vorarlberg;2025-06-09;27.31
Vorarlberg;2025-06-10;27.78
Vorarlberg;2025-06-11;28.35
Vorarlberg;2025-06-12;29.01
Vorarlberg;2025-06-13;29.69
Vorarlberg;2025-06-14;30.31
Vorarlberg;2025-06-15;30.79
Vorarlberg;2025-06-16;31.07
Vorarlberg;2025-06-17;31.15
Vorarlberg;2025-06-18;31.01
Vorarlberg;2025-06-19;30.71
Vorarlberg;2025-06-20;30.31
Vorarlberg;2025-06-21;29.89
Vorarlberg;2025-06-22;29.47
Vorarlberg;2025-06-23;29.13
Vorarlberg;2025-06-24;28.85
Vorarlberg;2025-06-25;28.6
Vorarlberg;2025-06-26;28.52
Vorarlberg;2025-06-27;28.46
Vorarlberg;2025-06-28;28.46
Vorarlberg;2025-06-29;28.58
Vorarlberg;2025-06-30;28.81
Vorarlberg;2025-07-01;29.15
Vorarlberg;2025-07-02;29.62
Vorarlberg;2025-07-03;30.14
Vorarlberg;2025-07-04;30.73
Vorarlberg;2025-07-05;31.33
Vorarlberg;2025-07-06;31.9
Vorarlberg;2025-07-07;32.5
Vorarlberg;2025-07-08;33.16
Vorarlberg;2025-07-09;33.87
Vorarlberg;2025-07-10;34.69
Vorarlberg;2025-07-11;35.54
Vorarlberg;2025-07-12;36.3
Vorarlberg;2025-07-13;36.89
Vorarlberg;2025-07-14;37.22
Vorarlberg;2025-07-15;37.32
Vorarlberg;2025-07-16;37.18
Vorarlberg;2025-07-17;37.08
Vorarlberg;2025-07-18;36.98
Vorarlberg;2025-07-19;37.01
Vorarlberg;2025-07-20;37.24
Vorarlberg;2025-07-21;37.78
Vorarlberg;2025-07-22;38.54
Vorarlberg;2025-07-23;39.58
Vorarlberg;2025-07-24;40.82
Vorarlberg;2025-07-25;42.19
Vorarlberg;2025-07-26;43.67
Vorarlberg;2025-07-27;45.23
Vorarlberg;2025-07-28;46.92
Vorarlberg;2025-07-29;48.71
Vorarlberg;2025-07-30;50.55
Tirol;2022-09-01;78.69
Tirol;2022-09-02;78.44
Tirol;2022-09-03;78.54
Tirol;2022-09-04;79.05
Tirol;2022-09-05;80.17
Tirol;2022-09-06;81.9
Tirol;2022-09-07;84.19
Tirol;2022-09-08;86.96
Tirol;2022-09-09;90.11
Tirol;2022-09-10;93.41
Tirol;2022-09-11;96.78
Tirol;2022-09-12;100.3
Tirol;2022-09-13;103.89
Tirol;2022-09-14;107.7
Tirol;2022-09-15;111.82
Tirol;2022-09-16;116.27
Tirol;2022-09-17;121.14
Tirol;2022-09-18;126.63
Tirol;2022-09-19;132.83
Tirol;2022-09-20;139.75
Tirol;2022-09-21;147.28
Tirol;2022-09-22;155.21
Tirol;2022-09-23;163.37
Tirol;2022-09-24;171.5
Tirol;2022-09-25;179.36
Tirol;2022-09-26;186.81
Tirol;2022-09-27;193.84
Tirol;2022-09-28;200.46
Tirol;2022-09-29;206.52
Tirol;2022-09-30;211.95
Tirol;2022-10-01;216.57
Tirol;2022-10-02;220.05
Tirol;2022-10-03;222.31
Tirol;2022-10-04;223.27
Tirol;2022-10-05;223.32
Tirol;2022-10-06;222.46
Tirol;2022-10-07;220.97
Tirol;2022-10-08;218.95
Tirol;2022-10-09;216.41
Tirol;2022-10-10;213.34
Tirol;2022-10-11;209.76
Tirol;2022-10-12;205.56
Tirol;2022-10-13;200.84
Tirol;2022-10-14;195.4
Tirol;2022-10-15;189.17
Tirol;2022-10-16;182.06
Tirol;2022-10-17;173.96
Tirol;2022-10-18;165.02
Tirol;2022-10-19;155.63
Tirol;2022-10-20;146.02
Tirol;2022-10-21;136.51
Tirol;2022-10-22;127.32
Tirol;2022-10-23;118.65
Tirol;2022-10-24;110.67
Tirol;2022-10-25;103.52
Tirol;2022-10-26;97.08
Tirol;2022-10-27;91.26
Tirol;2022-10-28;86.1
Tirol;2022-10-29;81.44
Tirol;2022-10-30;77.44
Tirol;2022-10-31;74.04
Tirol;2022-11-01;71.35
Tirol;2022-11-02;69.31
Tirol;2022-11-03;67.82
Tirol;2022-11-04;66.78
Tirol;2022-11-05;66.23
Tirol;2022-11-06;66.19
Tirol;2022-11-07;66.62
Tirol;2022-11-08;67.54
Tirol;2022-11-09;68.95
Tirol;2022-11-10;70.77
Tirol;2022-11-11;72.8
Tirol;2022-11-12;75.14
Tirol;2022-11-13;77.7
Tirol;2022-11-14;80.4
Tirol;2022-11-15;83.31
Tirol;2022-11-16;86.29
Tirol;2022-11-17;89.3
Tirol;2022-11-18;92.42
Tirol;2022-11-19;95.49
Tirol;2022-11-20;98.68
Tirol;2022-11-21;101.95
Tirol;2022-11-22;105.31
Tirol;2022-11-23;108.8
Tirol;2022-11-24;112.5
Tirol;2022-11-25;116.2
Tirol;2022-11-26;119.87
Tirol;2022-11-27;123.47
Tirol;2022-11-28;126.97
Tirol;2022-11-29;130.59
Tirol;2022-11-30;134.33
Tirol;2022-12-01;138.13
Tirol;2022-12-02;141.68
Tirol;2022-12-03;144.88
Tirol;2022-12-04;149.14
Tirol;2022-12-05;150.13
Tirol;2022-12-06;151.03
Tirol;2022-12-07;151.4
Tirol;2022-12-08;151.35
Tirol;2022-12-09;151.1
Tirol;2022-12-10;150.76
Tirol;2022-12-11;150.62
Tirol;2022-12-12;150.65
Tirol;2022-12-13;150.88
Tirol;2022-12-14;151.17
Tirol;2022-12-15;151.52
Tirol;2022-12-16;151.79
Tirol;2022-12-17;152.07
Tirol;2022-12-18;152.16
Tirol;2022-12-19;152.22
Tirol;2022-12-20;152.16
Tirol;2022-12-21;152.13
Tirol;2022-12-22;152.04
Tirol;2022-12-23;151.96
Tirol;2022-12-24;151.69
Tirol;2022-12-25;151.19
Tirol;2022-12-26;150.36
Tirol;2022-12-27;149.08
Tirol;2022-12-28;147.33
Tirol;2022-12-29;145.09
Tirol;2022-12-30;142.4
Tirol;2022-12-31;139.27
Tirol;2023-01-01;135.72
Tirol;2023-01-02;131.8
Tirol;2023-01-03;127.67
Tirol;2023-01-04;123.49
Tirol;2023-01-05;119.46
Tirol;2023-01-06;115.68
Tirol;2023-01-07;112.19
Tirol;2023-01-08;109.2
Tirol;2023-01-09;106.81
Tirol;2023-01-10;105.08
Tirol;2023-01-11;103.91
Tirol;2023-01-12;103.28
Tirol;2023-01-13;103.1
Tirol;2023-01-14;103.32
Tirol;2023-01-15;103.97
Tirol;2023-01-16;105.06
Tirol;2023-01-17;106.67
Tirol;2023-01-18;108.81
Tirol;2023-01-19;111.59
Tirol;2023-01-20;114.92
Tirol;2023-01-21;118.85
Tirol;2023-01-22;123.49
Tirol;2023-01-23;128.93
Tirol;2023-01-24;135.14
Tirol;2023-01-25;142.02
Tirol;2023-01-26;149.46
Tirol;2023-01-27;157.16
Tirol;2023-01-28;164.96
Tirol;2023-01-29;172.71
Tirol;2023-01-30;180.29
Tirol;2023-01-31;187.73
Tirol;2023-02-01;195.11
Tirol;2023-02-02;202.44
Tirol;2023-02-03;209.81
Tirol;2023-02-04;217.14
Tirol;2023-02-05;224.52
Tirol;2023-02-06;231.97
Tirol;2023-02-07;239.53
Tirol;2023-02-08;247.16
Tirol;2023-02-09;254.81
Tirol;2023-02-10;262.31
Tirol;2023-02-11;269.5
Tirol;2023-02-12;276.09
Tirol;2023-02-13;281.8
Tirol;2023-02-14;286.4
Tirol;2023-02-15;289.57
Tirol;2023-02-16;291.35
Tirol;2023-02-17;291.91
Tirol;2023-02-18;291.63
Tirol;2023-02-19;290.88
Tirol;2023-02-20;290.04
Tirol;2023-02-21;289.26
Tirol;2023-02-22;288.59
Tirol;2023-02-23;287.95
Tirol;2023-02-24;287.09
Tirol;2023-02-25;285.88
Tirol;2023-02-26;283.93
Tirol;2023-02-27;281.24
Tirol;2023-02-28;277.82
Tirol;2023-03-01;273.76
Tirol;2023-03-02;269.21
Tirol;2023-03-03;264.18
Tirol;2023-03-04;258.57
Tirol;2023-03-05;252.23
Tirol;2023-03-06;245.25
Tirol;2023-03-07;237.68
Tirol;2023-03-08;229.74
Tirol;2023-03-09;221.45
Tirol;2023-03-10;212.97
Tirol;2023-03-11;204.42
Tirol;2023-03-12;195.95
Tirol;2023-03-13;187.64
Tirol;2023-03-14;179.76
Tirol;2023-03-15;172.4
Tirol;2023-03-16;165.57
Tirol;2023-03-17;159.11
Tirol;2023-03-18;153.02
Tirol;2023-03-19;147.14
Tirol;2023-03-20;141.68
Tirol;2023-03-21;136.61
Tirol;2023-03-22;132.06
Tirol;2023-03-23;127.94
Tirol;2023-03-24;124.04
Tirol;2023-03-25;120.22
Tirol;2023-03-26;116.21
Tirol;2023-03-27;112.08
Tirol;2023-03-28;107.92
Tirol;2023-03-29;103.81
Tirol;2023-03-30;99.86
Tirol;2023-03-31;96.1
Tirol;2023-04-01;92.56
Tirol;2023-04-02;89.31
Tirol;2023-04-03;86.32
Tirol;2023-04-04;83.53
Tirol;2023-04-05;80.9
Tirol;2023-04-06;78.32
Tirol;2023-04-07;75.83
Tirol;2023-04-08;73.35
Tirol;2023-04-09;71.04
Tirol;2023-04-10;68.8
Tirol;2023-04-11;66.73
Tirol;2023-04-12;64.85
Tirol;2023-04-13;63.14
Tirol;2023-04-14;61.65
Tirol;2023-04-15;60.23
Tirol;2023-04-16;58.9
Tirol;2023-04-17;57.69
Tirol;2023-04-18;56.51
Tirol;2023-04-19;55.37
Tirol;2023-04-20;54.22
Tirol;2023-04-21;53.11
Tirol;2023-04-22;52.01
Tirol;2023-04-23;50.83
Tirol;2023-04-24;49.65
Tirol;2023-04-25;48.34
Tirol;2023-04-26;46.93
Tirol;2023-04-27;45.42
Tirol;2023-04-28;43.75
Tirol;2023-04-29;41.98
Tirol;2023-04-30;40.14
Tirol;2023-05-01;38.28
Tirol;2023-05-02;36.37
Tirol;2023-05-03;34.48
Tirol;2023-05-04;32.72
Tirol;2023-05-05;31.04
Tirol;2023-05-06;29.55
Tirol;2023-05-07;28.21
Tirol;2023-05-08;27.24
Tirol;2023-05-09;26.5
Tirol;2023-05-10;26.16
Tirol;2023-05-11;26.19
Tirol;2023-05-12;26.5
Tirol;2023-05-13;26.98
Tirol;2023-05-14;27.62
Tirol;2023-05-15;28.28
Tirol;2023-05-16;28.9
Tirol;2023-05-17;29.46
Tirol;2023-05-18;29.89
Tirol;2023-05-19;30.2
Tirol;2023-05-20;30.36
Tirol;2023-05-21;30.29
Tirol;2023-05-22;29.96
Tirol;2023-05-23;29.37
Tirol;2023-05-24;28.56
Tirol;2023-05-25;27.56
Tirol;2023-05-26;26.37
Tirol;2023-05-27;25.07
Tirol;2023-05-28;23.78
Tirol;2023-05-29;22.52
Tirol;2023-05-30;21.27
Tirol;2023-05-31;20.11
Tirol;2023-06-01;19.04
Tirol;2023-06-02;18.07
Tirol;2023-06-03;17.2
Tirol;2023-06-04;16.4
Tirol;2023-06-05;15.75
Tirol;2023-06-06;15.17
Tirol;2023-06-07;14.72
Tirol;2023-06-08;14.32
Tirol;2023-06-09;14.02
Tirol;2023-06-10;13.74
Tirol;2023-06-11;13.52
Tirol;2023-06-12;13.34
Tirol;2023-06-13;13.19
Tirol;2023-06-14;13.08
Tirol;2023-06-15;13.03
Tirol;2023-06-16;12.98
Tirol;2023-06-17;12.87
Tirol;2023-06-18;12.74
Tirol;2023-06-19;12.52
Tirol;2023-06-20;12.26
Tirol;2023-06-21;11.96
Tirol;2023-06-22;11.66
Tirol;2023-06-23;11.35
Tirol;2023-06-24;11.12
Tirol;2023-06-25;10.89
Tirol;2023-06-26;10.7
Tirol;2023-06-27;10.62
Tirol;2023-06-28;10.58
Tirol;2023-06-29;10.62
Tirol;2023-06-30;10.67
Tirol;2023-07-01;10.72
Tirol;2023-07-02;10.73
Tirol;2023-07-03;10.75
Tirol;2023-07-04;10.78
Tirol;2023-07-05;10.77
Tirol;2023-07-06;10.79
Tirol;2023-07-07;10.77
Tirol;2023-07-08;10.77
Tirol;2023-07-09;10.79
Tirol;2023-07-10;10.85
Tirol;2023-07-11;10.99
Tirol;2023-07-12;11.22
Tirol;2023-07-13;11.58
Tirol;2023-07-14;12.0
Tirol;2023-07-15;12.5
Tirol;2023-07-16;13.04
Tirol;2023-07-17;13.62
Tirol;2023-07-18;14.2
Tirol;2023-07-19;14.89
Tirol;2023-07-20;15.56
Tirol;2023-07-21;16.33
Tirol;2023-07-22;17.12
Tirol;2023-07-23;17.97
Tirol;2023-07-24;18.95
Tirol;2023-07-25;20.0
Tirol;2023-07-26;21.19
Tirol;2023-07-27;22.43
Tirol;2023-07-28;23.68
Tirol;2023-07-29;24.91
Tirol;2023-07-30;26.01
Tirol;2023-07-31;26.94
Tirol;2023-08-01;27.8
Tirol;2023-08-02;28.6
Tirol;2023-08-03;29.36
Tirol;2023-08-04;30.19
Tirol;2023-08-05;31.1
Tirol;2023-08-06;32.03
Tirol;2023-08-07;33.1
Tirol;2023-08-08;34.26
Tirol;2023-08-09;35.4
Tirol;2023-08-10;36.53
Tirol;2023-08-11;37.65
Tirol;2023-08-12;38.65
Tirol;2023-08-13;39.57
Tirol;2023-08-14;40.49
Tirol;2023-08-15;41.25
Tirol;2023-08-16;41.83
Tirol;2023-08-17;42.29
Tirol;2023-08-18;42.65
Tirol;2023-08-19;42.92
Tirol;2023-08-20;43.16
Tirol;2023-08-21;43.45
Tirol;2023-08-22;43.78
Tirol;2023-08-23;44.19
Tirol;2023-08-24;44.71
Tirol;2023-08-25;45.39
Tirol;2023-08-26;46.38
Tirol;2023-08-27;47.67
Tirol;2023-08-28;49.43
Tirol;2023-08-29;51.67
Tirol;2023-08-30;54.34
Tirol;2023-08-31;57.38
Tirol;2023-09-01;60.49
Tirol;2023-09-02;63.67
Tirol;2023-09-03;66.82
Tirol;2023-09-04;69.79
Tirol;2023-09-05;72.47
Tirol;2023-09-06;74.95
Tirol;2023-09-07;77.04
Tirol;2023-09-08;78.92
Tirol;2023-09-09;80.68
Tirol;2023-09-10;82.39
Tirol;2023-09-11;84.08
Tirol;2023-09-12;85.74
Tirol;2023-09-13;87.27
Tirol;2023-09-14;88.65
Tirol;2023-09-15;89.91
Tirol;2023-09-16;91.21
Tirol;2023-09-17;92.81
Tirol;2023-09-18;94.78
Tirol;2023-09-19;97.26
Tirol;2023-09-20;99.98
Tirol;2023-09-21;102.89
Tirol;2023-09-22;105.76
Tirol;2023-09-23;108.76
Tirol;2023-09-24;111.93
Tirol;2023-09-25;115.35
Tirol;2023-09-26;119.13
Tirol;2023-09-27;123.37
Tirol;2023-09-28;128.08
Tirol;2023-09-29;133.15
Tirol;2023-09-30;138.32
Tirol;2023-10-01;143.36
Tirol;2023-10-02;148.05
Tirol;2023-10-03;151.8
Tirol;2023-10-04;154.32
Tirol;2023-10-05;155.33
Tirol;2023-10-06;155.04
Tirol;2023-10-07;154.02
Tirol;2023-10-08;152.9
Tirol;2023-10-09;152.18
Tirol;2023-10-10;152.14
Tirol;2023-10-11;152.67
Tirol;2023-10-12;153.69
Tirol;2023-10-13;154.98
Tirol;2023-10-14;156.51
Tirol;2023-10-15;158.16
Tirol;2023-10-16;159.87
Tirol;2023-10-17;161.68
Tirol;2023-10-18;163.4
Tirol;2023-10-19;165.08
Tirol;2023-10-20;166.6
Tirol;2023-10-21;168.07
Tirol;2023-10-22;169.57
Tirol;2023-10-23;171.06
Tirol;2023-10-24;172.71
Tirol;2023-10-25;174.52
Tirol;2023-10-26;176.46
Tirol;2023-10-27;178.7
Tirol;2023-10-28;181.24
Tirol;2023-10-29;184.18
Tirol;2023-10-30;187.67
Tirol;2023-10-31;191.72
Tirol;2023-11-01;196.28
Tirol;2023-11-02;201.23
Tirol;2023-11-03;206.42
Tirol;2023-11-04;211.91
Tirol;2023-11-05;217.68
Tirol;2023-11-06;223.79
Tirol;2023-11-07;230.29
Tirol;2023-11-08;237.17
Tirol;2023-11-09;244.54
Tirol;2023-11-10;252.48
Tirol;2023-11-11;261.07
Tirol;2023-11-12;270.61
Tirol;2023-11-13;281.43
Tirol;2023-11-14;293.7
Tirol;2023-11-15;307.41
Tirol;2023-11-16;322.38
Tirol;2023-11-17;338.24
Tirol;2023-11-18;354.48
Tirol;2023-11-19;370.72
Tirol;2023-11-20;386.48
Tirol;2023-11-21;401.19
Tirol;2023-11-22;414.28
Tirol;2023-11-23;425.51
Tirol;2023-11-24;435.08
Tirol;2023-11-25;443.53
Tirol;2023-11-26;451.53
Tirol;2023-11-27;459.51
Tirol;2023-11-28;467.35
Tirol;2023-11-29;474.58
Tirol;2023-11-30;480.69
Tirol;2023-12-01;485.53
Tirol;2023-12-02;489.33
Tirol;2023-12-03;492.45
Tirol;2023-12-04;495.05
Tirol;2023-12-05;497.48
Tirol;2023-12-06;500.0
Tirol;2023-12-07;502.81
Tirol;2023-12-08;505.96
Tirol;2023-12-09;509.29
Tirol;2023-12-10;512.66
Tirol;2023-12-11;515.9
Tirol;2023-12-12;518.57
Tirol;2023-12-13;520.08
Tirol;2023-12-14;520.01
Tirol;2023-12-15;518.25
Tirol;2023-12-16;514.87
Tirol;2023-12-17;510.04
Tirol;2023-12-18;503.88
Tirol;2023-12-19;496.35
Tirol;2023-12-20;487.76
Tirol;2023-12-21;478.22
Tirol;2023-12-22;468.0
Tirol;2023-12-23;457.18
Tirol;2023-12-24;445.77
Tirol;2023-12-25;433.76
Tirol;2023-12-26;420.95
Tirol;2023-12-27;407.24
Tirol;2023-12-28;392.65
Tirol;2023-12-29;377.3
Tirol;2023-12-30;361.52
Tirol;2023-12-31;345.53
Tirol;2024-01-01;329.65
Tirol;2024-01-02;313.98
Tirol;2024-01-03;298.63
Tirol;2024-01-04;283.69
Tirol;2024-01-05;269.11
Tirol;2024-01-06;254.88
Tirol;2024-01-07;241.16
Tirol;2024-01-08;227.97
Tirol;2024-01-09;215.46
Tirol;2024-01-10;203.61
Tirol;2024-01-11;192.48
Tirol;2024-01-12;182.03
Tirol;2024-01-13;172.13
Tirol;2024-01-14;162.81
Tirol;2024-01-15;154.11
Tirol;2024-01-16;145.98
Tirol;2024-01-17;138.37
Tirol;2024-01-18;131.19
Tirol;2024-01-19;124.33
Tirol;2024-01-20;117.84
Tirol;2024-01-21;111.72
Tirol;2024-01-22;106.1
Tirol;2024-01-23;101.03
Tirol;2024-01-24;96.51
Tirol;2024-01-25;92.49
Tirol;2024-01-26;88.77
Tirol;2024-01-27;85.26
Tirol;2024-01-28;81.79
Tirol;2024-01-29;78.24
Tirol;2024-01-30;74.58
Tirol;2024-01-31;70.88
Tirol;2024-02-01;67.18
Tirol;2024-02-02;63.47
Tirol;2024-02-03;59.89
Tirol;2024-02-04;56.43
Tirol;2024-02-05;53.06
Tirol;2024-02-06;49.91
Tirol;2024-02-07;46.94
Tirol;2024-02-08;44.25
Tirol;2024-02-09;41.7
Tirol;2024-02-10;39.4
Tirol;2024-02-11;37.33
Tirol;2024-02-12;35.43
Tirol;2024-02-13;33.8
Tirol;2024-02-14;32.32
Tirol;2024-02-15;31.0
Tirol;2024-02-16;29.82
Tirol;2024-02-17;28.74
Tirol;2024-02-18;27.82
Tirol;2024-02-19;27.01
Tirol;2024-02-20;26.39
Tirol;2024-02-21;25.91
Tirol;2024-02-22;25.63
Tirol;2024-02-23;25.42
Tirol;2024-02-24;25.31
Tirol;2024-02-25;25.17
Tirol;2024-02-26;25.07
Tirol;2024-02-27;24.85
Tirol;2024-02-28;24.58
Tirol;2024-02-29;24.17
Tirol;2024-03-01;23.67
Tirol;2024-03-02;23.09
Tirol;2024-03-03;22.47
Tirol;2024-03-04;21.83
Tirol;2024-03-05;21.07
Tirol;2024-03-06;20.26
Tirol;2024-03-07;19.28
Tirol;2024-03-08;18.29
Tirol;2024-03-09;17.21
Tirol;2024-03-10;16.22
Tirol;2024-03-11;15.22
Tirol;2024-03-12;14.33
Tirol;2024-03-13;13.52
Tirol;2024-03-14;12.77
Tirol;2024-03-15;12.08
Tirol;2024-03-16;11.44
Tirol;2024-03-17;10.87
Tirol;2024-03-18;10.33
Tirol;2024-03-19;9.92
Tirol;2024-03-20;9.57
Tirol;2024-03-21;9.34
Tirol;2024-03-22;9.12
Tirol;2024-03-23;8.97
Tirol;2024-03-24;8.87
Tirol;2024-03-25;8.85
Tirol;2024-03-26;8.83
Tirol;2024-03-27;8.87
Tirol;2024-03-28;8.89
Tirol;2024-03-29;8.91
Tirol;2024-03-30;8.94
Tirol;2024-03-31;8.97
Tirol;2024-04-01;8.98
Tirol;2024-04-02;8.97
Tirol;2024-04-03;8.93
Tirol;2024-04-04;8.85
Tirol;2024-04-05;8.82
Tirol;2024-04-06;8.73
Tirol;2024-04-07;8.65
Tirol;2024-04-08;8.67
Tirol;2024-04-09;8.69
Tirol;2024-04-10;8.83
Tirol;2024-04-11;9.0
Tirol;2024-04-12;9.24
Tirol;2024-04-13;9.51
Tirol;2024-04-14;9.83
Tirol;2024-04-15;10.25
Tirol;2024-04-16;10.74
Tirol;2024-04-17;11.26
Tirol;2024-04-18;11.84
Tirol;2024-04-19;12.47
Tirol;2024-04-20;13.15
Tirol;2024-04-21;13.87
Tirol;2024-04-22;14.7
Tirol;2024-04-23;15.67
Tirol;2024-04-24;16.65
Tirol;2024-04-25;17.71
Tirol;2024-04-26;18.8
Tirol;2024-04-27;19.85
Tirol;2024-04-28;20.88
Tirol;2024-04-29;21.69
Tirol;2024-04-30;22.36
Tirol;2024-05-01;22.88
Tirol;2024-05-02;23.21
Tirol;2024-05-03;23.44
Tirol;2024-05-04;23.61
Tirol;2024-05-05;23.8
Tirol;2024-05-06;24.15
Tirol;2024-05-07;24.63
Tirol;2024-05-08;25.14
Tirol;2024-05-09;25.84
Tirol;2024-05-10;26.5
Tirol;2024-05-11;27.17
Tirol;2024-05-12;27.73
Tirol;2024-05-13;28.2
Tirol;2024-05-14;28.51
Tirol;2024-05-15;28.62
Tirol;2024-05-16;28.52
Tirol;2024-05-17;28.28
Tirol;2024-05-18;27.98
Tirol;2024-05-19;27.71
Tirol;2024-05-20;27.52
Tirol;2024-05-21;27.48
Tirol;2024-05-22;27.61
Tirol;2024-05-23;27.95
Tirol;2024-05-24;28.48
Tirol;2024-05-25;29.12
Tirol;2024-05-26;29.89
Tirol;2024-05-27;30.83
Tirol;2024-05-28;31.9
Tirol;2024-05-29;33.1
Tirol;2024-05-30;34.39
Tirol;2024-05-31;35.77
Tirol;2024-06-01;37.26
Tirol;2024-06-02;38.8
Tirol;2024-06-03;40.39
Tirol;2024-06-04;42.12
Tirol;2024-06-05;43.85
Tirol;2024-06-06;45.58
Tirol;2024-06-07;47.33
Tirol;2024-06-08;49.22
Tirol;2024-06-09;51.15
Tirol;2024-06-10;53.32
Tirol;2024-06-11;55.79
Tirol;2024-06-12;58.54
Tirol;2024-06-13;61.49
Tirol;2024-06-14;64.64
Tirol;2024-06-15;67.78
Tirol;2024-06-16;70.91
Tirol;2024-06-17;73.86
Tirol;2024-06-18;76.56
Tirol;2024-06-19;79.0
Tirol;2024-06-20;81.14
Tirol;2024-06-21;83.06
Tirol;2024-06-22;84.8
Tirol;2024-06-23;86.52
Tirol;2024-06-24;88.13
Tirol;2024-06-25;89.73
Tirol;2024-06-26;91.46
Tirol;2024-06-27;93.24
Tirol;2024-06-28;95.1
Tirol;2024-06-29;97.08
Tirol;2024-06-30;99.13
Tirol;2024-07-01;101.17
Tirol;2024-07-02;103.17
Tirol;2024-07-03;104.9
Tirol;2024-07-04;106.25
Tirol;2024-07-05;107.25
Tirol;2024-07-06;108.06
Tirol;2024-07-07;108.84
Tirol;2024-07-08;109.79
Tirol;2024-07-09;110.99
Tirol;2024-07-10;112.36
Tirol;2024-07-11;113.84
Tirol;2024-07-12;115.29
Tirol;2024-07-13;116.7
Tirol;2024-07-14;117.94
Tirol;2024-07-15;118.92
Tirol;2024-07-16;119.45
Tirol;2024-07-17;119.26
Tirol;2024-07-18;118.18
Tirol;2024-07-19;116.27
Tirol;2024-07-20;113.86
Tirol;2024-07-21;111.2
Tirol;2024-07-22;108.54
Tirol;2024-07-23;106.17
Tirol;2024-07-24;104.09
Tirol;2024-07-25;102.37
Tirol;2024-07-26;100.95
Tirol;2024-07-27;99.74
Tirol;2024-07-28;98.68
Tirol;2024-07-29;97.77
Tirol;2024-07-30;96.96
Tirol;2024-07-31;96.33
Tirol;2024-08-01;95.83
Tirol;2024-08-02;95.42
Tirol;2024-08-03;95.12
Tirol;2024-08-04;94.87
Tirol;2024-08-05;94.7
Tirol;2024-08-06;94.56
Tirol;2024-08-07;94.51
Tirol;2024-08-08;94.53
Tirol;2024-08-09;94.6
Tirol;2024-08-10;94.85
Tirol;2024-08-11;95.34
Tirol;2024-08-12;96.17
Tirol;2024-08-13;97.36
Tirol;2024-08-14;98.87
Tirol;2024-08-15;100.61
Tirol;2024-08-16;102.58
Tirol;2024-08-17;104.64
Tirol;2024-08-18;106.82
Tirol;2024-08-19;109.05
Tirol;2024-08-20;111.43
Tirol;2024-08-21;113.92
Tirol;2024-08-22;116.68
Tirol;2024-08-23;119.52
Tirol;2024-08-24;122.45
Tirol;2024-08-25;125.3
Tirol;2024-08-26;127.96
Tirol;2024-08-27;130.36
Tirol;2024-08-28;132.45
Tirol;2024-08-29;134.11
Tirol;2024-08-30;135.5
Tirol;2024-08-31;136.82
Tirol;2024-09-01;138.13
Tirol;2024-09-02;139.61
Tirol;2024-09-03;141.38
Tirol;2024-09-04;143.51
Tirol;2024-09-05;145.99
Tirol;2024-09-06;148.94
Tirol;2024-09-07;152.56
Tirol;2024-09-08;157.03
Tirol;2024-09-09;162.73
Tirol;2024-09-10;169.72
Tirol;2024-09-11;178.07
Tirol;2024-09-12;187.57
Tirol;2024-09-13;197.83
Tirol;2024-09-14;208.68
Tirol;2024-09-15;219.84
Tirol;2024-09-16;231.14
Tirol;2024-09-17;242.2
Tirol;2024-09-18;252.71
Tirol;2024-09-19;262.43
Tirol;2024-09-20;271.25
Tirol;2024-09-21;279.3
Tirol;2024-09-22;286.6
Tirol;2024-09-23;293.1
Tirol;2024-09-24;298.61
Tirol;2024-09-25;302.74
Tirol;2024-09-26;305.42
Tirol;2024-09-27;306.8
Tirol;2024-09-28;307.41
Tirol;2024-09-29;307.64
Tirol;2024-09-30;307.9
Tirol;2024-10-01;308.46
Tirol;2024-10-02;309.35
Tirol;2024-10-03;310.38
Tirol;2024-10-04;311.36
Tirol;2024-10-05;312.09
Tirol;2024-10-06;312.18
Tirol;2024-10-07;311.44
Tirol;2024-10-08;309.53
Tirol;2024-10-09;306.32
Tirol;2024-10-10;301.78
Tirol;2024-10-11;296.09
Tirol;2024-10-12;289.53
Tirol;2024-10-13;282.31
Tirol;2024-10-14;274.6
Tirol;2024-10-15;266.51
Tirol;2024-10-16;257.96
Tirol;2024-10-17;249.01
Tirol;2024-10-18;239.66
Tirol;2024-10-19;229.98
Tirol;2024-10-20;220.14
Tirol;2024-10-21;210.26
Tirol;2024-10-22;200.36
Tirol;2024-10-23;190.5
Tirol;2024-10-24;180.85
Tirol;2024-10-25;171.36
Tirol;2024-10-26;162.2
Tirol;2024-10-27;153.41
Tirol;2024-10-28;145.25
Tirol;2024-10-29;137.68
Tirol;2024-10-30;130.8
Tirol;2024-10-31;124.44
Tirol;2024-11-01;118.57
Tirol;2024-11-02;113.05
Tirol;2024-11-03;107.94
Tirol;2024-11-04;103.3
Tirol;2024-11-05;99.11
Tirol;2024-11-06;95.43
Tirol;2024-11-07;92.22
Tirol;2024-11-08;89.37
Tirol;2024-11-09;86.9
Tirol;2024-11-10;84.74
Tirol;2024-11-11;83.02
Tirol;2024-11-12;81.74
Tirol;2024-11-13;80.89
Tirol;2024-11-14;80.52
Tirol;2024-11-15;80.52
Tirol;2024-11-16;80.77
Tirol;2024-11-17;81.21
Tirol;2024-11-18;81.63
Tirol;2024-11-19;82.11
Tirol;2024-11-20;82.64
Tirol;2024-11-21;83.21
Tirol;2024-11-22;83.81
Tirol;2024-11-23;84.45
Tirol;2024-11-24;85.18
Tirol;2024-11-25;85.92
Tirol;2024-11-26;86.82
Tirol;2024-11-27;87.76
Tirol;2024-11-28;88.78
Tirol;2024-11-29;89.83
Tirol;2024-11-30;90.85
Tirol;2024-12-01;91.83
Tirol;2024-12-02;92.66
Tirol;2024-12-03;93.35
Tirol;2024-12-04;93.73
Tirol;2024-12-05;93.92
Tirol;2024-12-06;93.86
Tirol;2024-12-07;93.62
Tirol;2024-12-08;93.39
Tirol;2024-12-09;93.13
Tirol;2024-12-10;92.97
Tirol;2024-12-11;92.85
Tirol;2024-12-12;92.82
Tirol;2024-12-13;92.74
Tirol;2024-12-14;92.61
Tirol;2024-12-15;92.53
Tirol;2024-12-16;92.35
Tirol;2024-12-17;92.19
Tirol;2024-12-18;92.03
Tirol;2024-12-19;91.92
Tirol;2024-12-20;91.9
Tirol;2024-12-21;91.91
Tirol;2024-12-22;91.85
Tirol;2024-12-23;91.7
Tirol;2024-12-24;91.45
Tirol;2024-12-25;91.07
Tirol;2024-12-26;90.56
Tirol;2024-12-27;89.85
Tirol;2024-12-28;89.02
Tirol;2024-12-29;87.9
Tirol;2024-12-30;86.46
Tirol;2024-12-31;84.7
Tirol;2025-01-01;82.68
Tirol;2025-01-02;80.48
Tirol;2025-01-03;78.16
Tirol;2025-01-04;75.84
Tirol;2025-01-05;73.43
Tirol;2025-01-06;71.03
Tirol;2025-01-07;68.65
Tirol;2025-01-08;66.28
Tirol;2025-01-09;63.97
Tirol;2025-01-10;61.74
Tirol;2025-01-11;59.59
Tirol;2025-01-12;57.54
Tirol;2025-01-13;55.64
Tirol;2025-01-14;53.95
Tirol;2025-01-15;52.52
Tirol;2025-01-16;51.35
Tirol;2025-01-17;50.38
Tirol;2025-01-18;49.61
Tirol;2025-01-19;48.96
Tirol;2025-01-20;48.41
Tirol;2025-01-21;48.13
Tirol;2025-01-22;47.99
Tirol;2025-01-23;47.99
Tirol;2025-01-24;48.24
Tirol;2025-01-25;48.59
Tirol;2025-01-26;49.04
Tirol;2025-01-27;49.6
Tirol;2025-01-28;50.13
Tirol;2025-01-29;50.61
Tirol;2025-01-30;50.82
Tirol;2025-01-31;50.82
Tirol;2025-02-01;50.6
Tirol;2025-02-02;50.21
Tirol;2025-02-03;49.7
Tirol;2025-02-04;49.02
Tirol;2025-02-05;48.21
Tirol;2025-02-06;47.2
Tirol;2025-02-07;46.03
Tirol;2025-02-08;44.81
Tirol;2025-02-09;43.54
Tirol;2025-02-10;42.43
Tirol;2025-02-11;41.43
Tirol;2025-02-12;40.7
Tirol;2025-02-13;40.13
Tirol;2025-02-14;39.73
Tirol;2025-02-15;39.52
Tirol;2025-02-16;39.41
Tirol;2025-02-17;39.27
Tirol;2025-02-18;39.02
Tirol;2025-02-19;38.46
Tirol;2025-02-20;37.43
Tirol;2025-02-21;35.96
Tirol;2025-02-22;34.21
Tirol;2025-02-23;32.27
Tirol;2025-02-24;30.33
Tirol;2025-02-25;28.48
Tirol;2025-02-26;26.75
Tirol;2025-02-27;25.18
Tirol;2025-02-28;23.66
Tirol;2025-03-01;22.33
Tirol;2025-03-02;21.05
Tirol;2025-03-03;19.82
Tirol;2025-03-04;18.68
Tirol;2025-03-05;17.62
Tirol;2025-03-06;16.62
Tirol;2025-03-07;15.71
Tirol;2025-03-08;14.79
Tirol;2025-03-09;13.96
Tirol;2025-03-10;13.19
Tirol;2025-03-11;12.54
Tirol;2025-03-12;11.95
Tirol;2025-03-13;11.44
Tirol;2025-03-14;10.97
Tirol;2025-03-15;10.52
Tirol;2025-03-16;10.09
Tirol;2025-03-17;9.67
Tirol;2025-03-18;9.25
Tirol;2025-03-19;8.89
Tirol;2025-03-20;8.51
Tirol;2025-03-21;8.17
Tirol;2025-03-22;7.86
Tirol;2025-03-23;7.63
Tirol;2025-03-24;7.46
Tirol;2025-03-25;7.38
Tirol;2025-03-26;7.44
Tirol;2025-03-27;7.58
Tirol;2025-03-28;7.79
Tirol;2025-03-29;8.1
Tirol;2025-03-30;8.48
Tirol;2025-03-31;8.85
Tirol;2025-04-01;9.25
Tirol;2025-04-02;9.67
Tirol;2025-04-03;10.08
Tirol;2025-04-04;10.53
Tirol;2025-04-05;10.93
Tirol;2025-04-06;11.37
Tirol;2025-04-07;11.77
Tirol;2025-04-08;12.23
Tirol;2025-04-09;12.66
Tirol;2025-04-10;13.15
Tirol;2025-04-11;13.58
Tirol;2025-04-12;14.03
Tirol;2025-04-13;14.43
Tirol;2025-04-14;14.8
Tirol;2025-04-15;15.12
Tirol;2025-04-16;15.32
Tirol;2025-04-17;15.44
Tirol;2025-04-18;15.45
Tirol;2025-04-19;15.36
Tirol;2025-04-20;15.24
Tirol;2025-04-21;15.11
Tirol;2025-04-22;14.94
Tirol;2025-04-23;14.77
Tirol;2025-04-24;14.65
Tirol;2025-04-25;14.54
Tirol;2025-04-26;14.52
Tirol;2025-04-27;14.49
Tirol;2025-04-28;14.56
Tirol;2025-04-29;14.67
Tirol;2025-04-30;14.83
Tirol;2025-05-01;15.14
Tirol;2025-05-02;15.56
Tirol;2025-05-03;16.08
Tirol;2025-05-04;16.73
Tirol;2025-05-05;17.44
Tirol;2025-05-06;18.32
Tirol;2025-05-07;19.24
Tirol;2025-05-08;20.22
Tirol;2025-05-09;21.32
Tirol;2025-05-10;22.42
Tirol;2025-05-11;23.66
Tirol;2025-05-12;24.95
Tirol;2025-05-13;26.41
Tirol;2025-05-14;27.9
Tirol;2025-05-15;29.43
Tirol;2025-05-16;30.93
Tirol;2025-05-17;32.37
Tirol;2025-05-18;33.69
Tirol;2025-05-19;34.97
Tirol;2025-05-20;36.07
Tirol;2025-05-21;36.94
Tirol;2025-05-22;37.64
Tirol;2025-05-23;38.18
Tirol;2025-05-24;38.56
Tirol;2025-05-25;38.87
Tirol;2025-05-26;39.13
Tirol;2025-05-27;39.44
Tirol;2025-05-28;39.75
Tirol;2025-05-29;40.06
Tirol;2025-05-30;40.38
Tirol;2025-05-31;40.78
Tirol;2025-06-01;41.22
Tirol;2025-06-02;41.7
Tirol;2025-06-03;42.29
Tirol;2025-06-04;42.95
Tirol;2025-06-05;43.63
Tirol;2025-06-06;44.27
Tirol;2025-06-07;44.82
Tirol;2025-06-08;45.18
Tirol;2025-06-09;45.28
Tirol;2025-06-10;45.04
Tirol;2025-06-11;44.53
Tirol;2025-06-12;43.81
Tirol;2025-06-13;42.91
Tirol;2025-06-14;41.91
Tirol;2025-06-15;40.84
Tirol;2025-06-16;39.78
Tirol;2025-06-17;38.7
Tirol;2025-06-18;37.65
Tirol;2025-06-19;36.57
Tirol;2025-06-20;35.55
Tirol;2025-06-21;34.6
Tirol;2025-06-22;33.71
Tirol;2025-06-23;33.0
Tirol;2025-06-24;32.43
Tirol;2025-06-25;31.95
Tirol;2025-06-26;31.58
Tirol;2025-06-27;31.28
Tirol;2025-06-28;31.01
Tirol;2025-06-29;30.82
Tirol;2025-06-30;30.72
Tirol;2025-07-01;30.74
Tirol;2025-07-02;30.79
Tirol;2025-07-03;31.01
Tirol;2025-07-04;31.32
Tirol;2025-07-05;31.73
Tirol;2025-07-06;32.25
Tirol;2025-07-07;32.87
Tirol;2025-07-08;33.6
Tirol;2025-07-09;34.53
Tirol;2025-07-10;35.52
Tirol;2025-07-11;36.64
Tirol;2025-07-12;37.78
Tirol;2025-07-13;38.93
Tirol;2025-07-14;40.09
Tirol;2025-07-15;41.1
Tirol;2025-07-16;42.02
Tirol;2025-07-17;42.72
Tirol;2025-07-18;43.27
Tirol;2025-07-19;43.72
Tirol;2025-07-20;44.11
Tirol;2025-07-21;44.48
Tirol;2025-07-22;44.9
Tirol;2025-07-23;45.44
Tirol;2025-07-24;46.06
Tirol;2025-07-25;46.86
Tirol;2025-07-26;47.69
Tirol;2025-07-27;48.58
Tirol;2025-07-28;49.38
Tirol;2025-07-29;50.1
Tirol;2025-07-30;50.68
Tirol;2025-07-31;51.06
Tirol;2025-08-01;51.34
Tirol;2025-08-02;51.51
Tirol;2025-08-03;51.58
Tirol;2025-08-04;53.73
Salzburg;2022-09-01;82.53
Salzburg;2022-09-02;82.4
Salzburg;2022-09-03;82.51
Salzburg;2022-09-04;82.86
Salzburg;2022-09-05;83.59
Salzburg;2022-09-06;84.64
Salzburg;2022-09-07;86.04
Salzburg;2022-09-08;87.86
Salzburg;2022-09-09;90.06
Salzburg;2022-09-10;92.81
Salzburg;2022-09-11;96.28
Salzburg;2022-09-12;100.54
Salzburg;2022-09-13;105.54
Salzburg;2022-09-14;111.33
Salzburg;2022-09-15;117.83
Salzburg;2022-09-16;124.97
Salzburg;2022-09-17;132.68
Salzburg;2022-09-18;141.2
Salzburg;2022-09-19;150.37
Salzburg;2022-09-20;160.18
Salzburg;2022-09-21;170.56
Salzburg;2022-09-22;181.34
Salzburg;2022-09-23;192.31
Salzburg;2022-09-24;203.16
Salzburg;2022-09-25;213.83
Salzburg;2022-09-26;224.02
Salzburg;2022-09-27;233.72
Salzburg;2022-09-28;242.76
Salzburg;2022-09-29;251.09
Salzburg;2022-09-30;258.76
Salzburg;2022-10-01;265.34
Salzburg;2022-10-02;270.67
Salzburg;2022-10-03;274.55
Salzburg;2022-10-04;276.83
Salzburg;2022-10-05;277.56
Salzburg;2022-10-06;276.72
Salzburg;2022-10-07;274.39
Salzburg;2022-10-08;270.41
Salzburg;2022-10-09;264.45
Salzburg;2022-10-10;256.52
Salzburg;2022-10-11;246.85
Salzburg;2022-10-12;235.99
Salzburg;2022-10-13;224.35
Salzburg;2022-10-14;212.29
Salzburg;2022-10-15;200.31
Salzburg;2022-10-16;188.63
Salzburg;2022-10-17;177.67
Salzburg;2022-10-18;167.53
Salzburg;2022-10-19;158.29
Salzburg;2022-10-20;149.99
Salzburg;2022-10-21;142.32
Salzburg;2022-10-22;135.3
Salzburg;2022-10-23;128.72
Salzburg;2022-10-24;122.62
Salzburg;2022-10-25;116.89
Salzburg;2022-10-26;111.57
Salzburg;2022-10-27;106.61
Salzburg;2022-10-28;101.96
Salzburg;2022-10-29;97.87
Salzburg;2022-10-30;94.38
Salzburg;2022-10-31;91.5
Salzburg;2022-11-01;89.34
Salzburg;2022-11-02;87.73
Salzburg;2022-11-03;86.56
Salzburg;2022-11-04;85.66
Salzburg;2022-11-05;85.1
Salzburg;2022-11-06;84.58
Salzburg;2022-11-07;84.33
Salzburg;2022-11-08;84.15
Salzburg;2022-11-09;83.98
Salzburg;2022-11-10;83.85
Salzburg;2022-11-11;83.7
Salzburg;2022-11-12;83.48
Salzburg;2022-11-13;83.26
Salzburg;2022-11-14;82.96
Salzburg;2022-11-15;82.82
Salzburg;2022-11-16;82.86
Salzburg;2022-11-17;83.06
Salzburg;2022-11-18;83.54
Salzburg;2022-11-19;84.28
Salzburg;2022-11-20;85.12
Salzburg;2022-11-21;86.17
Salzburg;2022-11-22;87.44
Salzburg;2022-11-23;88.93
Salzburg;2022-11-24;90.64
Salzburg;2022-11-25;92.4
Salzburg;2022-11-26;94.3
Salzburg;2022-11-27;96.1
Salzburg;2022-11-28;97.85
Salzburg;2022-11-29;99.67
Salzburg;2022-11-30;101.44
Salzburg;2022-12-01;103.23
Salzburg;2022-12-02;105.01
Salzburg;2022-12-03;106.88
Salzburg;2022-12-04;108.97
Salzburg;2022-12-05;109.98
Salzburg;2022-12-06;112.19
Salzburg;2022-12-07;114.84
Salzburg;2022-12-08;117.74
Salzburg;2022-12-09;120.76
Salzburg;2022-12-10;123.77
Salzburg;2022-12-11;126.53
Salzburg;2022-12-12;128.94
Salzburg;2022-12-13;131.23
Salzburg;2022-12-14;133.35
Salzburg;2022-12-15;135.44
Salzburg;2022-12-16;137.52
Salzburg;2022-12-17;139.42
Salzburg;2022-12-18;141.24
Salzburg;2022-12-19;142.75
Salzburg;2022-12-20;143.92
Salzburg;2022-12-21;144.84
Salzburg;2022-12-22;145.29
Salzburg;2022-12-23;145.5
Salzburg;2022-12-24;145.44
Salzburg;2022-12-25;145.12
Salzburg;2022-12-26;144.64
Salzburg;2022-12-27;143.76
Salzburg;2022-12-28;142.58
Salzburg;2022-12-29;141.06
Salzburg;2022-12-30;139.26
Salzburg;2022-12-31;137.22
Salzburg;2023-01-01;135.06
Salzburg;2023-01-02;132.97
Salzburg;2023-01-03;131.18
Salzburg;2023-01-04;129.88
Salzburg;2023-01-05;129.15
Salzburg;2023-01-06;128.81
Salzburg;2023-01-07;128.54
Salzburg;2023-01-08;128.09
Salzburg;2023-01-09;127.45
Salzburg;2023-01-10;126.44
Salzburg;2023-01-11;125.19
Salzburg;2023-01-12;123.84
Salzburg;2023-01-13;122.46
Salzburg;2023-01-14;121.25
Salzburg;2023-01-15;120.41
Salzburg;2023-01-16;120.14
Salzburg;2023-01-17;120.6
Salzburg;2023-01-18;121.87
Salzburg;2023-01-19;123.82
Salzburg;2023-01-20;126.56
Salzburg;2023-01-21;129.93
Salzburg;2023-01-22;134.01
Salzburg;2023-01-23;138.88
Salzburg;2023-01-24;144.48
Salzburg;2023-01-25;150.89
Salzburg;2023-01-26;157.91
Salzburg;2023-01-27;165.4
Salzburg;2023-01-28;173.29
Salzburg;2023-01-29;181.53
Salzburg;2023-01-30;190.15
Salzburg;2023-01-31;199.41
Salzburg;2023-02-01;209.16
Salzburg;2023-02-02;219.3
Salzburg;2023-02-03;229.38
Salzburg;2023-02-04;239.14
Salzburg;2023-02-05;248.14
Salzburg;2023-02-06;256.0
Salzburg;2023-02-07;262.65
Salzburg;2023-02-08;268.25
Salzburg;2023-02-09;272.75
Salzburg;2023-02-10;276.46
Salzburg;2023-02-11;279.4
Salzburg;2023-02-12;281.61
Salzburg;2023-02-13;283.34
Salzburg;2023-02-14;284.46
Salzburg;2023-02-15;285.32
Salzburg;2023-02-16;285.93
Salzburg;2023-02-17;286.34
Salzburg;2023-02-18;286.52
Salzburg;2023-02-19;286.54
Salzburg;2023-02-20;286.53
Salzburg;2023-02-21;286.54
Salzburg;2023-02-22;286.66
Salzburg;2023-02-23;286.83
Salzburg;2023-02-24;286.77
Salzburg;2023-02-25;286.44
Salzburg;2023-02-26;285.42
Salzburg;2023-02-27;283.59
Salzburg;2023-02-28;280.84
Salzburg;2023-03-01;277.19
Salzburg;2023-03-02;272.6
Salzburg;2023-03-03;266.97
Salzburg;2023-03-04;260.24
Salzburg;2023-03-05;252.15
Salzburg;2023-03-06;242.74
Salzburg;2023-03-07;232.53
Salzburg;2023-03-08;221.88
Salzburg;2023-03-09;211.23
Salzburg;2023-03-10;200.85
Salzburg;2023-03-11;190.92
Salzburg;2023-03-12;181.55
Salzburg;2023-03-13;173.15
Salzburg;2023-03-14;165.95
Salzburg;2023-03-15;159.8
Salzburg;2023-03-16;154.73
Salzburg;2023-03-17;150.26
Salzburg;2023-03-18;146.08
Salzburg;2023-03-19;141.85
Salzburg;2023-03-20;137.47
Salzburg;2023-03-21;132.93
Salzburg;2023-03-22;128.31
Salzburg;2023-03-23;123.61
Salzburg;2023-03-24;118.97
Salzburg;2023-03-25;114.34
Salzburg;2023-03-26;109.84
Salzburg;2023-03-27;105.43
Salzburg;2023-03-28;101.38
Salzburg;2023-03-29;97.53
Salzburg;2023-03-30;94.06
Salzburg;2023-03-31;90.78
Salzburg;2023-04-01;87.68
Salzburg;2023-04-02;84.79
Salzburg;2023-04-03;82.14
Salzburg;2023-04-04;79.84
Salzburg;2023-04-05;77.9
Salzburg;2023-04-06;76.31
Salzburg;2023-04-07;75.01
Salzburg;2023-04-08;73.79
Salzburg;2023-04-09;72.68
Salzburg;2023-04-10;71.52
Salzburg;2023-04-11;70.48
Salzburg;2023-04-12;69.44
Salzburg;2023-04-13;68.51
Salzburg;2023-04-14;67.66
Salzburg;2023-04-15;66.72
Salzburg;2023-04-16;65.85
Salzburg;2023-04-17;65.0
Salzburg;2023-04-18;64.2
Salzburg;2023-04-19;63.66
Salzburg;2023-04-20;63.31
Salzburg;2023-04-21;63.03
Salzburg;2023-04-22;62.7
Salzburg;2023-04-23;62.17
Salzburg;2023-04-24;61.36
Salzburg;2023-04-25;60.43
Salzburg;2023-04-26;59.46
Salzburg;2023-04-27;58.45
Salzburg;2023-04-28;57.54
Salzburg;2023-04-29;56.57
Salzburg;2023-04-30;55.64
Salzburg;2023-05-01;54.56
Salzburg;2023-05-02;53.44
Salzburg;2023-05-03;52.26
Salzburg;2023-05-04;50.86
Salzburg;2023-05-05;49.39
Salzburg;2023-05-06;47.75
Salzburg;2023-05-07;46.01
Salzburg;2023-05-08;44.18
Salzburg;2023-05-09;42.22
Salzburg;2023-05-10;40.32
Salzburg;2023-05-11;38.41
Salzburg;2023-05-12;36.58
Salzburg;2023-05-13;34.84
Salzburg;2023-05-14;33.28
Salzburg;2023-05-15;31.76
Salzburg;2023-05-16;30.42
Salzburg;2023-05-17;29.29
Salzburg;2023-05-18;28.28
Salzburg;2023-05-19;27.37
Salzburg;2023-05-20;26.49
Salzburg;2023-05-21;25.65
Salzburg;2023-05-22;24.72
Salzburg;2023-05-23;23.91
Salzburg;2023-05-24;23.17
Salzburg;2023-05-25;22.53
Salzburg;2023-05-26;21.89
Salzburg;2023-05-27;21.43
Salzburg;2023-05-28;20.95
Salzburg;2023-05-29;20.57
Salzburg;2023-05-30;20.19
Salzburg;2023-05-31;19.87
Salzburg;2023-06-01;19.63
Salzburg;2023-06-02;19.29
Salzburg;2023-06-03;19.06
Salzburg;2023-06-04;18.73
Salzburg;2023-06-05;18.49
Salzburg;2023-06-06;18.2
Salzburg;2023-06-07;17.87
Salzburg;2023-06-08;17.67
Salzburg;2023-06-09;17.55
Salzburg;2023-06-10;17.36
Salzburg;2023-06-11;17.25
Salzburg;2023-06-12;17.19
Salzburg;2023-06-13;17.16
Salzburg;2023-06-14;17.14
Salzburg;2023-06-15;17.15
Salzburg;2023-06-16;17.06
Salzburg;2023-06-17;17.06
Salzburg;2023-06-18;16.9
Salzburg;2023-06-19;16.8
Salzburg;2023-06-20;16.57
Salzburg;2023-06-21;16.36
Salzburg;2023-06-22;16.16
Salzburg;2023-06-23;15.91
Salzburg;2023-06-24;15.74
Salzburg;2023-06-25;15.57
Salzburg;2023-06-26;15.48
Salzburg;2023-06-27;15.56
Salzburg;2023-06-28;15.63
Salzburg;2023-06-29;15.86
Salzburg;2023-06-30;16.09
Salzburg;2023-07-01;16.47
Salzburg;2023-07-02;16.91
Salzburg;2023-07-03;17.34
Salzburg;2023-07-04;17.85
Salzburg;2023-07-05;18.43
Salzburg;2023-07-06;18.92
Salzburg;2023-07-07;19.5
Salzburg;2023-07-08;20.01
Salzburg;2023-07-09;20.5
Salzburg;2023-07-10;20.93
Salzburg;2023-07-11;21.27
Salzburg;2023-07-12;21.53
Salzburg;2023-07-13;21.72
Salzburg;2023-07-14;21.92
Salzburg;2023-07-15;21.97
Salzburg;2023-07-16;22.03
Salzburg;2023-07-17;22.2
Salzburg;2023-07-18;22.32
Salzburg;2023-07-19;22.59
Salzburg;2023-07-20;22.91
Salzburg;2023-07-21;23.23
Salzburg;2023-07-22;23.58
Salzburg;2023-07-23;23.93
Salzburg;2023-07-24;24.21
Salzburg;2023-07-25;24.58
Salzburg;2023-07-26;25.04
Salzburg;2023-07-27;25.59
Salzburg;2023-07-28;26.18
Salzburg;2023-07-29;26.86
Salzburg;2023-07-30;27.53
Salzburg;2023-07-31;28.24
Salzburg;2023-08-01;29.03
Salzburg;2023-08-02;30.0
Salzburg;2023-08-03;30.98
Salzburg;2023-08-04;32.11
Salzburg;2023-08-05;33.41
Salzburg;2023-08-06;34.79
Salzburg;2023-08-07;36.27
Salzburg;2023-08-08;37.94
Salzburg;2023-08-09;39.54
Salzburg;2023-08-10;41.18
Salzburg;2023-08-11;42.85
Salzburg;2023-08-12;44.37
Salzburg;2023-08-13;45.69
Salzburg;2023-08-14;46.86
Salzburg;2023-08-15;47.87
Salzburg;2023-08-16;48.73
Salzburg;2023-08-17;49.34
Salzburg;2023-08-18;49.85
Salzburg;2023-08-19;50.23
Salzburg;2023-08-20;50.5
Salzburg;2023-08-21;50.72
Salzburg;2023-08-22;50.72
Salzburg;2023-08-23;50.77
Salzburg;2023-08-24;50.81
Salzburg;2023-08-25;50.91
Salzburg;2023-08-26;51.17
Salzburg;2023-08-27;51.71
Salzburg;2023-08-28;52.51
Salzburg;2023-08-29;53.67
Salzburg;2023-08-30;55.11
Salzburg;2023-08-31;56.75
Salzburg;2023-09-01;58.53
Salzburg;2023-09-02;60.35
Salzburg;2023-09-03;62.18
Salzburg;2023-09-04;64.05
Salzburg;2023-09-05;65.99
Salzburg;2023-09-06;68.18
Salzburg;2023-09-07;70.58
Salzburg;2023-09-08;73.29
Salzburg;2023-09-09;76.17
Salzburg;2023-09-10;79.22
Salzburg;2023-09-11;82.4
Salzburg;2023-09-12;85.78
Salzburg;2023-09-13;89.31
Salzburg;2023-09-14;92.98
Salzburg;2023-09-15;96.82
Salzburg;2023-09-16;100.85
Salzburg;2023-09-17;105.11
Salzburg;2023-09-18;109.63
Salzburg;2023-09-19;114.42
Salzburg;2023-09-20;119.42
Salzburg;2023-09-21;124.56
Salzburg;2023-09-22;129.64
Salzburg;2023-09-23;134.62
Salzburg;2023-09-24;139.3
Salzburg;2023-09-25;143.73
Salzburg;2023-09-26;147.71
Salzburg;2023-09-27;151.36
Salzburg;2023-09-28;154.49
Salzburg;2023-09-29;157.34
Salzburg;2023-09-30;159.76
Salzburg;2023-10-01;161.62
Salzburg;2023-10-02;163.1
Salzburg;2023-10-03;164.1
Salzburg;2023-10-04;164.77
Salzburg;2023-10-05;165.18
Salzburg;2023-10-06;165.4
Salzburg;2023-10-07;165.52
Salzburg;2023-10-08;165.44
Salzburg;2023-10-09;165.01
Salzburg;2023-10-10;164.3
Salzburg;2023-10-11;163.01
Salzburg;2023-10-12;161.49
Salzburg;2023-10-13;159.77
Salzburg;2023-10-14;158.18
Salzburg;2023-10-15;156.89
Salzburg;2023-10-16;156.25
Salzburg;2023-10-17;156.25
Salzburg;2023-10-18;156.93
Salzburg;2023-10-19;158.21
Salzburg;2023-10-20;159.92
Salzburg;2023-10-21;161.95
Salzburg;2023-10-22;164.36
Salzburg;2023-10-23;166.82
Salzburg;2023-10-24;169.35
Salzburg;2023-10-25;171.63
Salzburg;2023-10-26;173.82
Salzburg;2023-10-27;175.76
Salzburg;2023-10-28;177.71
Salzburg;2023-10-29;179.77
Salzburg;2023-10-30;181.84
Salzburg;2023-10-31;184.01
Salzburg;2023-11-01;186.32
Salzburg;2023-11-02;188.86
Salzburg;2023-11-03;191.68
Salzburg;2023-11-04;195.16
Salzburg;2023-11-05;199.35
Salzburg;2023-11-06;204.73
Salzburg;2023-11-07;211.35
Salzburg;2023-11-08;219.36
Salzburg;2023-11-09;228.29
Salzburg;2023-11-10;237.81
Salzburg;2023-11-11;247.33
Salzburg;2023-11-12;256.51
Salzburg;2023-11-13;265.22
Salzburg;2023-11-14;273.57
Salzburg;2023-11-15;281.92
Salzburg;2023-11-16;290.51
Salzburg;2023-11-17;299.45
Salzburg;2023-11-18;308.79
Salzburg;2023-11-19;318.67
Salzburg;2023-11-20;329.11
Salzburg;2023-11-21;340.15
Salzburg;2023-11-22;351.8
Salzburg;2023-11-23;363.81
Salzburg;2023-11-24;375.96
Salzburg;2023-11-25;388.19
Salzburg;2023-11-26;400.21
Salzburg;2023-11-27;411.94
Salzburg;2023-11-28;423.51
Salzburg;2023-11-29;434.97
Salzburg;2023-11-30;446.19
Salzburg;2023-12-01;457.12
Salzburg;2023-12-02;467.53
Salzburg;2023-12-03;477.21
Salzburg;2023-12-04;485.82
Salzburg;2023-12-05;493.3
Salzburg;2023-12-06;499.53
Salzburg;2023-12-07;504.4
Salzburg;2023-12-08;507.67
Salzburg;2023-12-09;508.79
Salzburg;2023-12-10;507.46
Salzburg;2023-12-11;503.55
Salzburg;2023-12-12;497.34
Salzburg;2023-12-13;489.62
Salzburg;2023-12-14;480.87
Salzburg;2023-12-15;471.54
Salzburg;2023-12-16;461.76
Salzburg;2023-12-17;451.8
Salzburg;2023-12-18;441.75
Salzburg;2023-12-19;432.09
Salzburg;2023-12-20;422.94
Salzburg;2023-12-21;414.22
Salzburg;2023-12-22;405.79
Salzburg;2023-12-23;397.52
Salzburg;2023-12-24;389.07
Salzburg;2023-12-25;380.31
Salzburg;2023-12-26;370.97
Salzburg;2023-12-27;360.97
Salzburg;2023-12-28;350.27
Salzburg;2023-12-29;339.16
Salzburg;2023-12-30;327.79
Salzburg;2023-12-31;316.32
Salzburg;2024-01-01;304.96
Salzburg;2024-01-02;293.68
Salzburg;2024-01-03;282.68
Salzburg;2024-01-04;271.76
Salzburg;2024-01-05;260.88
Salzburg;2024-01-06;249.95
Salzburg;2024-01-07;238.8
Salzburg;2024-01-08;227.44
Salzburg;2024-01-09;216.2
Salzburg;2024-01-10;205.18
Salzburg;2024-01-11;194.48
Salzburg;2024-01-12;183.93
Salzburg;2024-01-13;173.58
Salzburg;2024-01-14;163.22
Salzburg;2024-01-15;153.09
Salzburg;2024-01-16;143.05
Salzburg;2024-01-17;133.36
Salzburg;2024-01-18;124.0
Salzburg;2024-01-19;115.13
Salzburg;2024-01-20;106.79
Salzburg;2024-01-21;99.01
Salzburg;2024-01-22;92.02
Salzburg;2024-01-23;85.85
Salzburg;2024-01-24;80.45
Salzburg;2024-01-25;75.62
Salzburg;2024-01-26;71.21
Salzburg;2024-01-27;67.09
Salzburg;2024-01-28;63.18
Salzburg;2024-01-29;59.46
Salzburg;2024-01-30;55.96
Salzburg;2024-01-31;52.74
Salzburg;2024-02-01;49.69
Salzburg;2024-02-02;46.98
Salzburg;2024-02-03;44.45
Salzburg;2024-02-04;42.16
Salzburg;2024-02-05;40.04
Salzburg;2024-02-06;38.24
Salzburg;2024-02-07;36.69
Salzburg;2024-02-08;35.31
Salzburg;2024-02-09;34.12
Salzburg;2024-02-10;33.03
Salzburg;2024-02-11;32.06
Salzburg;2024-02-12;31.14
Salzburg;2024-02-13;30.42
Salzburg;2024-02-14;29.67
Salzburg;2024-02-15;29.12
Salzburg;2024-02-16;28.51
Salzburg;2024-02-17;27.94
Salzburg;2024-02-18;27.32
Salzburg;2024-02-19;26.65
Salzburg;2024-02-20;25.95
Salzburg;2024-02-21;25.19
Salzburg;2024-02-22;24.45
Salzburg;2024-02-23;23.61
Salzburg;2024-02-24;22.71
Salzburg;2024-02-25;21.67
Salzburg;2024-02-26;20.61
Salzburg;2024-02-27;19.45
Salzburg;2024-02-28;18.24
Salzburg;2024-02-29;17.06
Salzburg;2024-03-01;15.96
Salzburg;2024-03-02;14.93
Salzburg;2024-03-03;13.99
Salzburg;2024-03-04;13.19
Salzburg;2024-03-05;12.5
Salzburg;2024-03-06;11.94
Salzburg;2024-03-07;11.46
Salzburg;2024-03-08;11.01
Salzburg;2024-03-09;10.65
Salzburg;2024-03-10;10.31
Salzburg;2024-03-11;9.98
Salzburg;2024-03-12;9.64
Salzburg;2024-03-13;9.3
Salzburg;2024-03-14;9.02
Salzburg;2024-03-15;8.75
Salzburg;2024-03-16;8.57
Salzburg;2024-03-17;8.4
Salzburg;2024-03-18;8.27
Salzburg;2024-03-19;8.31
Salzburg;2024-03-20;8.39
Salzburg;2024-03-21;8.5
Salzburg;2024-03-22;8.68
Salzburg;2024-03-23;8.81
Salzburg;2024-03-24;8.93
Salzburg;2024-03-25;9.04
Salzburg;2024-03-26;8.98
Salzburg;2024-03-27;8.92
Salzburg;2024-03-28;8.84
Salzburg;2024-03-29;8.6
Salzburg;2024-03-30;8.44
Salzburg;2024-03-31;8.25
Salzburg;2024-04-01;8.0
Salzburg;2024-04-02;7.74
Salzburg;2024-04-03;7.4
Salzburg;2024-04-04;7.13
Salzburg;2024-04-05;6.87
Salzburg;2024-04-06;6.63
Salzburg;2024-04-07;6.38
Salzburg;2024-04-08;6.32
Salzburg;2024-04-09;6.2
Salzburg;2024-04-10;6.24
Salzburg;2024-04-11;6.29
Salzburg;2024-04-12;6.44
Salzburg;2024-04-13;6.59
Salzburg;2024-04-14;6.74
Salzburg;2024-04-15;6.9
Salzburg;2024-04-16;7.14
Salzburg;2024-04-17;7.45
Salzburg;2024-04-18;7.77
Salzburg;2024-04-19;8.17
Salzburg;2024-04-20;8.57
Salzburg;2024-04-21;9.05
Salzburg;2024-04-22;9.55
Salzburg;2024-04-23;10.13
Salzburg;2024-04-24;10.8
Salzburg;2024-04-25;11.49
Salzburg;2024-04-26;12.27
Salzburg;2024-04-27;12.98
Salzburg;2024-04-28;13.72
Salzburg;2024-04-29;14.39
Salzburg;2024-04-30;14.93
Salzburg;2024-05-01;15.57
Salzburg;2024-05-02;16.06
Salzburg;2024-05-03;16.56
Salzburg;2024-05-04;17.01
Salzburg;2024-05-05;17.48
Salzburg;2024-05-06;17.9
Salzburg;2024-05-07;18.35
Salzburg;2024-05-08;18.9
Salzburg;2024-05-09;19.55
Salzburg;2024-05-10;20.29
Salzburg;2024-05-11;21.1
Salzburg;2024-05-12;21.92
Salzburg;2024-05-13;22.88
Salzburg;2024-05-14;23.85
Salzburg;2024-05-15;24.96
Salzburg;2024-05-16;26.08
Salzburg;2024-05-17;27.29
Salzburg;2024-05-18;28.56
Salzburg;2024-05-19;29.85
Salzburg;2024-05-20;31.2
Salzburg;2024-05-21;32.58
Salzburg;2024-05-22;34.07
Salzburg;2024-05-23;35.51
Salzburg;2024-05-24;36.97
Salzburg;2024-05-25;38.34
Salzburg;2024-05-26;39.49
Salzburg;2024-05-27;40.5
Salzburg;2024-05-28;41.35
Salzburg;2024-05-29;42.05
Salzburg;2024-05-30;42.68
Salzburg;2024-05-31;43.18
Salzburg;2024-06-01;43.71
Salzburg;2024-06-02;44.13
Salzburg;2024-06-03;44.63
Salzburg;2024-06-04;45.29
Salzburg;2024-06-05;46.15
Salzburg;2024-06-06;47.19
Salzburg;2024-06-07;48.5
Salzburg;2024-06-08;49.98
Salzburg;2024-06-09;51.57
Salzburg;2024-06-10;53.36
Salzburg;2024-06-11;55.15
Salzburg;2024-06-12;57.12
Salzburg;2024-06-13;59.16
Salzburg;2024-06-14;61.14
Salzburg;2024-06-15;63.13
Salzburg;2024-06-16;65.06
Salzburg;2024-06-17;66.77
Salzburg;2024-06-18;68.4
Salzburg;2024-06-19;69.88
Salzburg;2024-06-20;71.23
Salzburg;2024-06-21;72.51
Salzburg;2024-06-22;73.77
Salzburg;2024-06-23;75.07
Salzburg;2024-06-24;76.44
Salzburg;2024-06-25;78.01
Salzburg;2024-06-26;79.64
Salzburg;2024-06-27;81.42
Salzburg;2024-06-28;83.15
Salzburg;2024-06-29;84.73
Salzburg;2024-06-30;86.17
Salzburg;2024-07-01;87.4
Salzburg;2024-07-02;88.61
Salzburg;2024-07-03;89.96
Salzburg;2024-07-04;91.64
Salzburg;2024-07-05;93.46
Salzburg;2024-07-06;95.35
Salzburg;2024-07-07;97.4
Salzburg;2024-07-08;99.44
Salzburg;2024-07-09;101.44
Salzburg;2024-07-10;103.48
Salzburg;2024-07-11;105.34
Salzburg;2024-07-12;106.96
Salzburg;2024-07-13;107.95
Salzburg;2024-07-14;108.19
Salzburg;2024-07-15;107.65
Salzburg;2024-07-16;106.41
Salzburg;2024-07-17;104.78
Salzburg;2024-07-18;103.08
Salzburg;2024-07-19;101.39
Salzburg;2024-07-20;99.74
Salzburg;2024-07-21;98.26
Salzburg;2024-07-22;97.0
Salzburg;2024-07-23;96.28
Salzburg;2024-07-24;96.02
Salzburg;2024-07-25;96.3
Salzburg;2024-07-26;96.96
Salzburg;2024-07-27;97.91
Salzburg;2024-07-28;99.01
Salzburg;2024-07-29;100.17
Salzburg;2024-07-30;101.19
Salzburg;2024-07-31;102.1
Salzburg;2024-08-01;102.75
Salzburg;2024-08-02;103.24
Salzburg;2024-08-03;103.5
Salzburg;2024-08-04;103.5
Salzburg;2024-08-05;103.21
Salzburg;2024-08-06;102.62
Salzburg;2024-08-07;101.89
Salzburg;2024-08-08;100.97
Salzburg;2024-08-09;99.98
Salzburg;2024-08-10;99.12
Salzburg;2024-08-11;98.61
Salzburg;2024-08-12;98.39
Salzburg;2024-08-13;98.63
Salzburg;2024-08-14;99.27
Salzburg;2024-08-15;100.35
Salzburg;2024-08-16;101.61
Salzburg;2024-08-17;103.11
Salzburg;2024-08-18;104.72
Salzburg;2024-08-19;106.47
Salzburg;2024-08-20;108.26
Salzburg;2024-08-21;110.08
Salzburg;2024-08-22;111.82
Salzburg;2024-08-23;113.56
Salzburg;2024-08-24;115.22
Salzburg;2024-08-25;116.87
Salzburg;2024-08-26;118.51
Salzburg;2024-08-27;120.04
Salzburg;2024-08-28;121.65
Salzburg;2024-08-29;123.25
Salzburg;2024-08-30;124.89
Salzburg;2024-08-31;126.45
Salzburg;2024-09-01;127.91
Salzburg;2024-09-02;129.41
Salzburg;2024-09-03;130.88
Salzburg;2024-09-04;132.51
Salzburg;2024-09-05;134.42
Salzburg;2024-09-06;136.51
Salzburg;2024-09-07;139.17
Salzburg;2024-09-08;142.42
Salzburg;2024-09-09;146.5
Salzburg;2024-09-10;151.8
Salzburg;2024-09-11;158.36
Salzburg;2024-09-12;166.11
Salzburg;2024-09-13;174.83
Salzburg;2024-09-14;184.41
Salzburg;2024-09-15;194.69
Salzburg;2024-09-16;205.75
Salzburg;2024-09-17;217.69
Salzburg;2024-09-18;230.36
Salzburg;2024-09-19;243.63
Salzburg;2024-09-20;256.88
Salzburg;2024-09-21;269.71
Salzburg;2024-09-22;281.61
Salzburg;2024-09-23;292.19
Salzburg;2024-09-24;301.28
Salzburg;2024-09-25;308.82
Salzburg;2024-09-26;315.03
Salzburg;2024-09-27;319.68
Salzburg;2024-09-28;322.87
Salzburg;2024-09-29;324.29
Salzburg;2024-09-30;324.06
Salzburg;2024-10-01;322.71
Salzburg;2024-10-02;320.49
Salzburg;2024-10-03;317.81
Salzburg;2024-10-04;314.64
Salzburg;2024-10-05;310.94
Salzburg;2024-10-06;306.46
Salzburg;2024-10-07;301.4
Salzburg;2024-10-08;295.88
Salzburg;2024-10-09;290.26
Salzburg;2024-10-10;284.68
Salzburg;2024-10-11;279.14
Salzburg;2024-10-12;273.57
Salzburg;2024-10-13;267.87
Salzburg;2024-10-14;262.25
Salzburg;2024-10-15;256.82
Salzburg;2024-10-16;251.85
Salzburg;2024-10-17;247.17
Salzburg;2024-10-18;242.63
Salzburg;2024-10-19;237.94
Salzburg;2024-10-20;232.66
Salzburg;2024-10-21;226.82
Salzburg;2024-10-22;220.42
Salzburg;2024-10-23;213.62
Salzburg;2024-10-24;206.4
Salzburg;2024-10-25;198.81
Salzburg;2024-10-26;190.86
Salzburg;2024-10-27;182.35
Salzburg;2024-10-28;173.44
Salzburg;2024-10-29;164.42
Salzburg;2024-10-30;155.62
Salzburg;2024-10-31;147.32
Salzburg;2024-11-01;139.55
Salzburg;2024-11-02;132.37
Salzburg;2024-11-03;125.87
Salzburg;2024-11-04;120.26
Salzburg;2024-11-05;115.33
Salzburg;2024-11-06;111.11
Salzburg;2024-11-07;107.35
Salzburg;2024-11-08;104.01
Salzburg;2024-11-09;100.82
Salzburg;2024-11-10;97.83
Salzburg;2024-11-11;94.9
Salzburg;2024-11-12;91.97
Salzburg;2024-11-13;89.22
Salzburg;2024-11-14;86.5
Salzburg;2024-11-15;83.89
Salzburg;2024-11-16;81.54
Salzburg;2024-11-17;79.4
Salzburg;2024-11-18;77.53
Salzburg;2024-11-19;76.03
Salzburg;2024-11-20;74.76
Salzburg;2024-11-21;73.6
Salzburg;2024-11-22;72.67
Salzburg;2024-11-23;71.79
Salzburg;2024-11-24;70.91
Salzburg;2024-11-25;70.18
Salzburg;2024-11-26;69.59
Salzburg;2024-11-27;69.31
Salzburg;2024-11-28;69.31
Salzburg;2024-11-29;69.65
Salzburg;2024-11-30;70.27
Salzburg;2024-12-01;71.37
Salzburg;2024-12-02;72.73
Salzburg;2024-12-03;74.55
Salzburg;2024-12-04;76.61
Salzburg;2024-12-05;78.82
Salzburg;2024-12-06;80.94
Salzburg;2024-12-07;82.64
Salzburg;2024-12-08;83.78
Salzburg;2024-12-09;84.25
Salzburg;2024-12-10;84.08
Salzburg;2024-12-11;83.65
Salzburg;2024-12-12;83.0
Salzburg;2024-12-13;82.29
Salzburg;2024-12-14;81.6
Salzburg;2024-12-15;80.9
Salzburg;2024-12-16;80.2
Salzburg;2024-12-17;79.49
Salzburg;2024-12-18;78.73
Salzburg;2024-12-19;77.92
Salzburg;2024-12-20;77.16
Salzburg;2024-12-21;76.55
Salzburg;2024-12-22;76.14
Salzburg;2024-12-23;75.99
Salzburg;2024-12-24;76.11
Salzburg;2024-12-25;76.31
Salzburg;2024-12-26;76.61
Salzburg;2024-12-27;76.81
Salzburg;2024-12-28;76.85
Salzburg;2024-12-29;76.6
Salzburg;2024-12-30;76.05
Salzburg;2024-12-31;75.13
Salzburg;2025-01-01;74.05
Salzburg;2025-01-02;72.73
Salzburg;2025-01-03;71.3
Salzburg;2025-01-04;69.79
Salzburg;2025-01-05;68.24
Salzburg;2025-01-06;66.58
Salzburg;2025-01-07;64.94
Salzburg;2025-01-08;63.27
Salzburg;2025-01-09;61.49
Salzburg;2025-01-10;59.77
Salzburg;2025-01-11;57.86
Salzburg;2025-01-12;55.85
Salzburg;2025-01-13;53.68
Salzburg;2025-01-14;51.27
Salzburg;2025-01-15;48.73
Salzburg;2025-01-16;46.13
Salzburg;2025-01-17;43.5
Salzburg;2025-01-18;40.9
Salzburg;2025-01-19;38.34
Salzburg;2025-01-20;35.96
Salzburg;2025-01-21;33.8
Salzburg;2025-01-22;31.75
Salzburg;2025-01-23;29.96
Salzburg;2025-01-24;28.26
Salzburg;2025-01-25;26.76
Salzburg;2025-01-26;25.35
Salzburg;2025-01-27;24.03
Salzburg;2025-01-28;22.9
Salzburg;2025-01-29;21.86
Salzburg;2025-01-30;20.91
Salzburg;2025-01-31;20.14
Salzburg;2025-02-01;19.47
Salzburg;2025-02-02;18.89
Salzburg;2025-02-03;18.51
Salzburg;2025-02-04;18.15
Salzburg;2025-02-05;17.95
Salzburg;2025-02-06;17.84
Salzburg;2025-02-07;17.81
Salzburg;2025-02-08;17.77
Salzburg;2025-02-09;17.86
Salzburg;2025-02-10;17.9
Salzburg;2025-02-11;17.98
Salzburg;2025-02-12;18.08
Salzburg;2025-02-13;18.15
Salzburg;2025-02-14;18.3
Salzburg;2025-02-15;18.34
Salzburg;2025-02-16;18.33
Salzburg;2025-02-17;18.32
Salzburg;2025-02-18;18.25
Salzburg;2025-02-19;18.15
Salzburg;2025-02-20;18.07
Salzburg;2025-02-21;17.87
Salzburg;2025-02-22;17.69
Salzburg;2025-02-23;17.38
Salzburg;2025-02-24;16.96
Salzburg;2025-02-25;16.47
Salzburg;2025-02-26;15.92
Salzburg;2025-02-27;15.33
Salzburg;2025-02-28;14.72
Salzburg;2025-03-01;14.21
Salzburg;2025-03-02;13.66
Salzburg;2025-03-03;13.25
Salzburg;2025-03-04;12.84
Salzburg;2025-03-05;12.46
Salzburg;2025-03-06;12.2
Salzburg;2025-03-07;11.92
Salzburg;2025-03-08;11.72
Salzburg;2025-03-09;11.48
Salzburg;2025-03-10;11.28
Salzburg;2025-03-11;11.13
Salzburg;2025-03-12;11.03
Salzburg;2025-03-13;10.82
Salzburg;2025-03-14;10.75
Salzburg;2025-03-15;10.6
Salzburg;2025-03-16;10.61
Salzburg;2025-03-17;10.53
Salzburg;2025-03-18;10.51
Salzburg;2025-03-19;10.51
Salzburg;2025-03-20;10.57
Salzburg;2025-03-21;10.52
Salzburg;2025-03-22;10.45
Salzburg;2025-03-23;10.35
Salzburg;2025-03-24;10.12
Salzburg;2025-03-25;9.86
Salzburg;2025-03-26;9.51
Salzburg;2025-03-27;9.22
Salzburg;2025-03-28;8.94
Salzburg;2025-03-29;8.69
Salzburg;2025-03-30;8.6
Salzburg;2025-03-31;8.64
Salzburg;2025-04-01;8.78
Salzburg;2025-04-02;9.03
Salzburg;2025-04-03;9.48
Salzburg;2025-04-04;9.86
Salzburg;2025-04-05;10.43
Salzburg;2025-04-06;11.01
Salzburg;2025-04-07;11.62
Salzburg;2025-04-08;12.26
Salzburg;2025-04-09;12.92
Salzburg;2025-04-10;13.6
Salzburg;2025-04-11;14.3
Salzburg;2025-04-12;14.93
Salzburg;2025-04-13;15.32
Salzburg;2025-04-14;15.56
Salzburg;2025-04-15;15.65
Salzburg;2025-04-16;15.57
Salzburg;2025-04-17;15.4
Salzburg;2025-04-18;15.12
Salzburg;2025-04-19;14.84
Salzburg;2025-04-20;14.43
Salzburg;2025-04-21;14.15
Salzburg;2025-04-22;13.84
Salzburg;2025-04-23;13.59
Salzburg;2025-04-24;13.42
Salzburg;2025-04-25;13.25
Salzburg;2025-04-26;13.09
Salzburg;2025-04-27;12.94
Salzburg;2025-04-28;12.77
Salzburg;2025-04-29;12.6
Salzburg;2025-04-30;12.49
Salzburg;2025-05-01;12.46
Salzburg;2025-05-02;12.47
Salzburg;2025-05-03;12.54
Salzburg;2025-05-04;12.71
Salzburg;2025-05-05;12.95
Salzburg;2025-05-06;13.36
Salzburg;2025-05-07;13.85
Salzburg;2025-05-08;14.35
Salzburg;2025-05-09;14.94
Salzburg;2025-05-10;15.65
Salzburg;2025-05-11;16.31
Salzburg;2025-05-12;17.0
Salzburg;2025-05-13;17.73
Salzburg;2025-05-14;18.59
Salzburg;2025-05-15;19.49
Salzburg;2025-05-16;20.5
Salzburg;2025-05-17;21.55
Salzburg;2025-05-18;22.72
Salzburg;2025-05-19;23.95
Salzburg;2025-05-20;25.32
Salzburg;2025-05-21;26.75
Salzburg;2025-05-22;28.22
Salzburg;2025-05-23;29.68
Salzburg;2025-05-24;31.1
Salzburg;2025-05-25;32.5
Salzburg;2025-05-26;33.87
Salzburg;2025-05-27;35.22
Salzburg;2025-05-28;36.53
Salzburg;2025-05-29;37.9
Salzburg;2025-05-30;39.2
Salzburg;2025-05-31;40.42
Salzburg;2025-06-01;41.49
Salzburg;2025-06-02;42.46
Salzburg;2025-06-03;43.29
Salzburg;2025-06-04;44.15
Salzburg;2025-06-05;44.96
Salzburg;2025-06-06;45.72
Salzburg;2025-06-07;46.42
Salzburg;2025-06-08;46.96
Salzburg;2025-06-09;47.21
Salzburg;2025-06-10;47.19
Salzburg;2025-06-11;46.65
Salzburg;2025-06-12;45.86
Salzburg;2025-06-13;44.78
Salzburg;2025-06-14;43.58
Salzburg;2025-06-15;42.3
Salzburg;2025-06-16;41.03
Salzburg;2025-06-17;39.85
Salzburg;2025-06-18;38.92
Salzburg;2025-06-19;38.01
Salzburg;2025-06-20;37.27
Salzburg;2025-06-21;36.61
Salzburg;2025-06-22;36.01
Salzburg;2025-06-23;35.44
Salzburg;2025-06-24;34.92
Salzburg;2025-06-25;34.59
Salzburg;2025-06-26;34.33
Salzburg;2025-06-27;34.16
Salzburg;2025-06-28;34.08
Salzburg;2025-06-29;34.03
Salzburg;2025-06-30;33.99
Salzburg;2025-07-01;33.99
Salzburg;2025-07-02;34.15
Salzburg;2025-07-03;34.36
Salzburg;2025-07-04;34.63
Salzburg;2025-07-05;35.08
Salzburg;2025-07-06;35.61
Salzburg;2025-07-07;36.34
Salzburg;2025-07-08;37.34
Salzburg;2025-07-09;38.62
Salzburg;2025-07-10;40.09
Salzburg;2025-07-11;41.65
Salzburg;2025-07-12;43.14
Salzburg;2025-07-13;44.45
Salzburg;2025-07-14;45.42
Salzburg;2025-07-15;46.16
Salzburg;2025-07-16;46.73
Salzburg;2025-07-17;47.08
Salzburg;2025-07-18;47.44
Salzburg;2025-07-19;47.83
Salzburg;2025-07-20;48.45
Salzburg;2025-07-21;49.2
Salzburg;2025-07-22;50.27
Salzburg;2025-07-23;51.62
Salzburg;2025-07-24;53.23
Salzburg;2025-07-25;55.13
Salzburg;2025-07-26;57.33
Salzburg;2025-07-27;59.93
Salzburg;2025-07-28;63.07
Salzburg;2025-07-29;66.72
Salzburg;2025-07-30;73.14
Kärnten;2022-09-01;91.9
Kärnten;2022-09-02;92.57
Kärnten;2022-09-03;93.39
Kärnten;2022-09-04;94.31
Kärnten;2022-09-05;95.23
Kärnten;2022-09-06;96.53
Kärnten;2022-09-07;98.1
Kärnten;2022-09-08;100.13
Kärnten;2022-09-09;102.72
Kärnten;2022-09-10;105.83
Kärnten;2022-09-11;109.65
Kärnten;2022-09-12;114.22
Kärnten;2022-09-13;119.57
Kärnten;2022-09-14;125.65
Kärnten;2022-09-15;132.47
Kärnten;2022-09-16;139.87
Kärnten;2022-09-17;147.8
Kärnten;2022-09-18;156.39
Kärnten;2022-09-19;165.62
Kärnten;2022-09-20;175.48
Kärnten;2022-09-21;186.0
Kärnten;2022-09-22;196.91
Kärnten;2022-09-23;208.02
Kärnten;2022-09-24;219.31
Kärnten;2022-09-25;230.36
Kärnten;2022-09-26;241.05
Kärnten;2022-09-27;250.95
Kärnten;2022-09-28;259.76
Kärnten;2022-09-29;267.48
Kärnten;2022-09-30;274.08
Kärnten;2022-10-01;279.54
Kärnten;2022-10-02;283.91
Kärnten;2022-10-03;287.11
Kärnten;2022-10-04;289.32
Kärnten;2022-10-05;290.71
Kärnten;2022-10-06;291.33
Kärnten;2022-10-07;290.98
Kärnten;2022-10-08;289.59
Kärnten;2022-10-09;286.73
Kärnten;2022-10-10;282.25
Kärnten;2022-10-11;276.0
Kärnten;2022-10-12;268.39
Kärnten;2022-10-13;259.57
Kärnten;2022-10-14;250.04
Kärnten;2022-10-15;239.97
Kärnten;2022-10-16;229.65
Kärnten;2022-10-17;219.27
Kärnten;2022-10-18;209.12
Kärnten;2022-10-19;199.25
Kärnten;2022-10-20;189.78
Kärnten;2022-10-21;180.73
Kärnten;2022-10-22;172.18
Kärnten;2022-10-23;164.05
Kärnten;2022-10-24;156.58
Kärnten;2022-10-25;149.54
Kärnten;2022-10-26;142.87
Kärnten;2022-10-27;136.58
Kärnten;2022-10-28;130.66
Kärnten;2022-10-29;124.99
Kärnten;2022-10-30;119.81
Kärnten;2022-10-31;115.06
Kärnten;2022-11-01;110.87
Kärnten;2022-11-02;107.16
Kärnten;2022-11-03;103.93
Kärnten;2022-11-04;101.1
Kärnten;2022-11-05;98.7
Kärnten;2022-11-06;96.78
Kärnten;2022-11-07;95.42
Kärnten;2022-11-08;94.7
Kärnten;2022-11-09;94.65
Kärnten;2022-11-10;95.13
Kärnten;2022-11-11;95.96
Kärnten;2022-11-12;97.07
Kärnten;2022-11-13;98.39
Kärnten;2022-11-14;99.8
Kärnten;2022-11-15;101.33
Kärnten;2022-11-16;103.09
Kärnten;2022-11-17;105.01
Kärnten;2022-11-18;107.05
Kärnten;2022-11-19;109.11
Kärnten;2022-11-20;111.1
Kärnten;2022-11-21;113.19
Kärnten;2022-11-22;115.34
Kärnten;2022-11-23;117.58
Kärnten;2022-11-24;120.02
Kärnten;2022-11-25;122.47
Kärnten;2022-11-26;124.88
Kärnten;2022-11-27;127.06
Kärnten;2022-11-28;128.99
Kärnten;2022-11-29;130.54
Kärnten;2022-11-30;131.65
Kärnten;2022-12-01;132.5
Kärnten;2022-12-02;133.12
Kärnten;2022-12-03;133.73
Kärnten;2022-12-04;134.31
Kärnten;2022-12-05;135.13
Kärnten;2022-12-06;136.25
Kärnten;2022-12-07;137.74
Kärnten;2022-12-08;139.55
Kärnten;2022-12-09;141.64
Kärnten;2022-12-10;143.87
Kärnten;2022-12-11;146.3
Kärnten;2022-12-12;148.85
Kärnten;2022-12-13;151.57
Kärnten;2022-12-14;154.52
Kärnten;2022-12-15;157.5
Kärnten;2022-12-16;160.46
Kärnten;2022-12-17;163.2
Kärnten;2022-12-18;165.46
Kärnten;2022-12-19;167.13
Kärnten;2022-12-20;168.03
Kärnten;2022-12-21;168.34
Kärnten;2022-12-22;168.05
Kärnten;2022-12-23;167.32
Kärnten;2022-12-24;166.29
Kärnten;2022-12-25;164.92
Kärnten;2022-12-26;163.42
Kärnten;2022-12-27;161.69
Kärnten;2022-12-28;159.75
Kärnten;2022-12-29;157.56
Kärnten;2022-12-30;155.29
Kärnten;2022-12-31;152.84
Kärnten;2023-01-01;150.36
Kärnten;2023-01-02;147.68
Kärnten;2023-01-03;144.85
Kärnten;2023-01-04;141.86
Kärnten;2023-01-05;138.73
Kärnten;2023-01-06;135.58
Kärnten;2023-01-07;132.34
Kärnten;2023-01-08;129.2
Kärnten;2023-01-09;126.22
Kärnten;2023-01-10;123.45
Kärnten;2023-01-11;120.91
Kärnten;2023-01-12;118.64
Kärnten;2023-01-13;116.57
Kärnten;2023-01-14;114.65
Kärnten;2023-01-15;107.94
Kärnten;2023-01-16;106.36
Kärnten;2023-01-17;104.83
Kärnten;2023-01-18;103.47
Kärnten;2023-01-19;102.34
Kärnten;2023-01-20;101.52
Kärnten;2023-01-21;101.03
Kärnten;2023-01-22;101.09
Kärnten;2023-01-23;101.73
Kärnten;2023-01-24;103.05
Kärnten;2023-01-25;105.06
Kärnten;2023-01-26;107.63
Kärnten;2023-01-27;110.65
Kärnten;2023-01-28;114.06
Kärnten;2023-01-29;117.76
Kärnten;2023-01-30;121.78
Kärnten;2023-01-31;126.16
Kärnten;2023-02-01;130.9
Kärnten;2023-02-02;135.96
Kärnten;2023-02-03;141.09
Kärnten;2023-02-04;146.32
Kärnten;2023-02-05;151.49
Kärnten;2023-02-06;156.61
Kärnten;2023-02-07;161.74
Kärnten;2023-02-08;166.99
Kärnten;2023-02-09;172.35
Kärnten;2023-02-10;177.79
Kärnten;2023-02-11;183.21
Kärnten;2023-02-12;188.57
Kärnten;2023-02-13;193.96
Kärnten;2023-02-14;199.3
Kärnten;2023-02-15;204.77
Kärnten;2023-02-16;210.24
Kärnten;2023-02-17;215.53
Kärnten;2023-02-18;220.32
Kärnten;2023-02-19;224.45
Kärnten;2023-02-20;227.76
Kärnten;2023-02-21;230.27
Kärnten;2023-02-22;232.14
Kärnten;2023-02-23;233.58
Kärnten;2023-02-24;234.66
Kärnten;2023-02-25;235.42
Kärnten;2023-02-26;235.88
Kärnten;2023-02-27;235.93
Kärnten;2023-02-28;235.43
Kärnten;2023-03-01;234.42
Kärnten;2023-03-02;232.81
Kärnten;2023-03-03;230.73
Kärnten;2023-03-04;228.22
Kärnten;2023-03-05;225.21
Kärnten;2023-03-06;221.86
Kärnten;2023-03-07;218.09
Kärnten;2023-03-08;214.15
Kärnten;2023-03-09;210.06
Kärnten;2023-03-10;205.76
Kärnten;2023-03-11;201.26
Kärnten;2023-03-12;196.58
Kärnten;2023-03-13;191.66
Kärnten;2023-03-14;186.61
Kärnten;2023-03-15;181.47
Kärnten;2023-03-16;176.21
Kärnten;2023-03-17;170.95
Kärnten;2023-03-18;165.64
Kärnten;2023-03-19;160.31
Kärnten;2023-03-20;154.99
Kärnten;2023-03-21;149.69
Kärnten;2023-03-22;144.54
Kärnten;2023-03-23;139.48
Kärnten;2023-03-24;134.43
Kärnten;2023-03-25;129.44
Kärnten;2023-03-26;124.4
Kärnten;2023-03-27;119.36
Kärnten;2023-03-28;114.42
Kärnten;2023-03-29;109.67
Kärnten;2023-03-30;105.13
Kärnten;2023-03-31;100.84
Kärnten;2023-04-01;96.84
Kärnten;2023-04-02;93.05
Kärnten;2023-04-03;89.56
Kärnten;2023-04-04;86.44
Kärnten;2023-04-05;83.65
Kärnten;2023-04-06;81.08
Kärnten;2023-04-07;78.78
Kärnten;2023-04-08;76.59
Kärnten;2023-04-09;74.57
Kärnten;2023-04-10;72.71
Kärnten;2023-04-11;70.91
Kärnten;2023-04-12;69.23
Kärnten;2023-04-13;67.59
Kärnten;2023-04-14;65.97
Kärnten;2023-04-15;64.34
Kärnten;2023-04-16;62.7
Kärnten;2023-04-17;61.07
Kärnten;2023-04-18;59.5
Kärnten;2023-04-19;58.04
Kärnten;2023-04-20;56.65
Kärnten;2023-04-21;55.29
Kärnten;2023-04-22;54.04
Kärnten;2023-04-23;52.74
Kärnten;2023-04-24;51.4
Kärnten;2023-04-25;50.01
Kärnten;2023-04-26;48.52
Kärnten;2023-04-27;46.98
Kärnten;2023-04-28;45.43
Kärnten;2023-04-29;43.84
Kärnten;2023-04-30;42.25
Kärnten;2023-05-01;40.81
Kärnten;2023-05-02;39.42
Kärnten;2023-05-03;38.1
Kärnten;2023-05-04;36.88
Kärnten;2023-05-05;35.71
Kärnten;2023-05-06;34.57
Kärnten;2023-05-07;33.41
Kärnten;2023-05-08;32.23
Kärnten;2023-05-09;31.02
Kärnten;2023-05-10;29.83
Kärnten;2023-05-11;28.62
Kärnten;2023-05-12;27.43
Kärnten;2023-05-13;26.28
Kärnten;2023-05-14;25.21
Kärnten;2023-05-15;24.17
Kärnten;2023-05-16;23.24
Kärnten;2023-05-17;22.42
Kärnten;2023-05-18;21.68
Kärnten;2023-05-19;20.97
Kärnten;2023-05-20;20.3
Kärnten;2023-05-21;19.71
Kärnten;2023-05-22;19.06
Kärnten;2023-05-23;18.43
Kärnten;2023-05-24;17.81
Kärnten;2023-05-25;17.22
Kärnten;2023-05-26;16.64
Kärnten;2023-05-27;16.09
Kärnten;2023-05-28;15.54
Kärnten;2023-05-29;15.06
Kärnten;2023-05-30;14.64
Kärnten;2023-05-31;14.24
Kärnten;2023-06-01;13.89
Kärnten;2023-06-02;13.52
Kärnten;2023-06-03;13.21
Kärnten;2023-06-04;12.81
Kärnten;2023-06-05;12.42
Kärnten;2023-06-06;12.02
Kärnten;2023-06-07;11.59
Kärnten;2023-06-08;11.15
Kärnten;2023-06-09;10.7
Kärnten;2023-06-10;10.29
Kärnten;2023-06-11;9.86
Kärnten;2023-06-12;9.45
Kärnten;2023-06-13;9.05
Kärnten;2023-06-14;8.64
Kärnten;2023-06-15;8.25
Kärnten;2023-06-16;7.84
Kärnten;2023-06-17;7.5
Kärnten;2023-06-18;7.22
Kärnten;2023-06-19;6.97
Kärnten;2023-06-20;6.81
Kärnten;2023-06-21;6.63
Kärnten;2023-06-22;6.6
Kärnten;2023-06-23;6.56
Kärnten;2023-06-24;6.52
Kärnten;2023-06-25;6.52
Kärnten;2023-06-26;6.51
Kärnten;2023-06-27;6.51
Kärnten;2023-06-28;6.51
Kärnten;2023-06-29;6.54
Kärnten;2023-06-30;6.57
Kärnten;2023-07-01;6.62
Kärnten;2023-07-02;6.73
Kärnten;2023-07-03;6.94
Kärnten;2023-07-04;7.2
Kärnten;2023-07-05;7.48
Kärnten;2023-07-06;7.89
Kärnten;2023-07-07;8.25
Kärnten;2023-07-08;8.6
Kärnten;2023-07-09;8.91
Kärnten;2023-07-10;9.17
Kärnten;2023-07-11;9.38
Kärnten;2023-07-12;9.6
Kärnten;2023-07-13;9.82
Kärnten;2023-07-14;10.02
Kärnten;2023-07-15;10.27
Kärnten;2023-07-16;10.54
Kärnten;2023-07-17;10.86
Kärnten;2023-07-18;11.26
Kärnten;2023-07-19;11.74
Kärnten;2023-07-20;12.28
Kärnten;2023-07-21;12.89
Kärnten;2023-07-22;13.61
Kärnten;2023-07-23;14.36
Kärnten;2023-07-24;15.2
Kärnten;2023-07-25;16.15
Kärnten;2023-07-26;17.12
Kärnten;2023-07-27;18.17
Kärnten;2023-07-28;19.25
Kärnten;2023-07-29;20.21
Kärnten;2023-07-30;21.09
Kärnten;2023-07-31;21.84
Kärnten;2023-08-01;22.45
Kärnten;2023-08-02;22.96
Kärnten;2023-08-03;23.5
Kärnten;2023-08-04;24.06
Kärnten;2023-08-05;24.65
Kärnten;2023-08-06;25.34
Kärnten;2023-08-07;26.15
Kärnten;2023-08-08;27.09
Kärnten;2023-08-09;28.11
Kärnten;2023-08-10;29.25
Kärnten;2023-08-11;30.41
Kärnten;2023-08-12;31.66
Kärnten;2023-08-13;32.97
Kärnten;2023-08-14;34.35
Kärnten;2023-08-15;35.79
Kärnten;2023-08-16;37.33
Kärnten;2023-08-17;38.96
Kärnten;2023-08-18;40.63
Kärnten;2023-08-19;42.38
Kärnten;2023-08-20;44.18
Kärnten;2023-08-21;46.02
Kärnten;2023-08-22;47.94
Kärnten;2023-08-23;49.9
Kärnten;2023-08-24;51.78
Kärnten;2023-08-25;53.55
Kärnten;2023-08-26;55.07
Kärnten;2023-08-27;56.29
Kärnten;2023-08-28;57.12
Kärnten;2023-08-29;57.74
Kärnten;2023-08-30;58.25
Kärnten;2023-08-31;58.77
Kärnten;2023-09-01;59.32
Kärnten;2023-09-02;59.9
Kärnten;2023-09-03;60.57
Kärnten;2023-09-04;61.34
Kärnten;2023-09-05;62.21
Kärnten;2023-09-06;63.24
Kärnten;2023-09-07;64.27
Kärnten;2023-09-08;65.4
Kärnten;2023-09-09;66.63
Kärnten;2023-09-10;67.92
Kärnten;2023-09-11;69.25
Kärnten;2023-09-12;70.67
Kärnten;2023-09-13;72.14
Kärnten;2023-09-14;73.65
Kärnten;2023-09-15;75.16
Kärnten;2023-09-16;76.72
Kärnten;2023-09-17;78.27
Kärnten;2023-09-18;79.87
Kärnten;2023-09-19;81.57
Kärnten;2023-09-20;83.42
Kärnten;2023-09-21;85.44
Kärnten;2023-09-22;87.67
Kärnten;2023-09-23;90.09
Kärnten;2023-09-24;92.88
Kärnten;2023-09-25;95.95
Kärnten;2023-09-26;99.34
Kärnten;2023-09-27;103.11
Kärnten;2023-09-28;106.94
Kärnten;2023-09-29;110.91
Kärnten;2023-09-30;114.76
Kärnten;2023-10-01;118.34
Kärnten;2023-10-02;121.55
Kärnten;2023-10-03;124.32
Kärnten;2023-10-04;126.75
Kärnten;2023-10-05;128.89
Kärnten;2023-10-06;130.93
Kärnten;2023-10-07;132.99
Kärnten;2023-10-08;135.19
Kärnten;2023-10-09;137.64
Kärnten;2023-10-10;140.42
Kärnten;2023-10-11;143.41
Kärnten;2023-10-12;146.65
Kärnten;2023-10-13;149.91
Kärnten;2023-10-14;153.13
Kärnten;2023-10-15;156.17
Kärnten;2023-10-16;158.91
Kärnten;2023-10-17;161.32
Kärnten;2023-10-18;163.39
Kärnten;2023-10-19;165.11
Kärnten;2023-10-20;166.48
Kärnten;2023-10-21;167.55
Kärnten;2023-10-22;168.27
Kärnten;2023-10-23;168.72
Kärnten;2023-10-24;168.93
Kärnten;2023-10-25;169.05
Kärnten;2023-10-26;169.27
Kärnten;2023-10-27;169.76
Kärnten;2023-10-28;170.57
Kärnten;2023-10-29;171.87
Kärnten;2023-10-30;173.83
Kärnten;2023-10-31;176.53
Kärnten;2023-11-01;180.03
Kärnten;2023-11-02;184.37
Kärnten;2023-11-03;189.56
Kärnten;2023-11-04;195.83
Kärnten;2023-11-05;203.36
Kärnten;2023-11-06;212.38
Kärnten;2023-11-07;223.0
Kärnten;2023-11-08;235.13
Kärnten;2023-11-09;248.53
Kärnten;2023-11-10;262.83
Kärnten;2023-11-11;277.92
Kärnten;2023-11-12;293.6
Kärnten;2023-11-13;309.86
Kärnten;2023-11-14;326.6
Kärnten;2023-11-15;343.86
Kärnten;2023-11-16;361.56
Kärnten;2023-11-17;379.63
Kärnten;2023-11-18;398.03
Kärnten;2023-11-19;416.78
Kärnten;2023-11-20;435.97
Kärnten;2023-11-21;455.5
Kärnten;2023-11-22;475.05
Kärnten;2023-11-23;494.24
Kärnten;2023-11-24;512.13
Kärnten;2023-11-25;527.84
Kärnten;2023-11-26;540.38
Kärnten;2023-11-27;549.44
Kärnten;2023-11-28;555.36
Kärnten;2023-11-29;559.0
Kärnten;2023-11-30;561.2
Kärnten;2023-12-01;562.43
Kärnten;2023-12-02;563.05
Kärnten;2023-12-03;563.32
Kärnten;2023-12-04;563.33
Kärnten;2023-12-05;563.25
Kärnten;2023-12-06;563.11
Kärnten;2023-12-07;562.86
Kärnten;2023-12-08;562.52
Kärnten;2023-12-09;561.81
Kärnten;2023-12-10;560.65
Kärnten;2023-12-11;558.77
Kärnten;2023-12-12;555.95
Kärnten;2023-12-13;552.09
Kärnten;2023-12-14;547.1
Kärnten;2023-12-15;540.9
Kärnten;2023-12-16;533.37
Kärnten;2023-12-17;524.24
Kärnten;2023-12-18;513.45
Kärnten;2023-12-19;501.1
Kärnten;2023-12-20;487.57
Kärnten;2023-12-21;473.13
Kärnten;2023-12-22;458.09
Kärnten;2023-12-23;442.7
Kärnten;2023-12-24;427.09
Kärnten;2023-12-25;411.43
Kärnten;2023-12-26;395.82
Kärnten;2023-12-27;380.33
Kärnten;2023-12-28;364.92
Kärnten;2023-12-29;349.63
Kärnten;2023-12-30;334.51
Kärnten;2023-12-31;319.51
Kärnten;2024-01-01;304.6
Kärnten;2024-01-02;289.85
Kärnten;2024-01-03;275.22
Kärnten;2024-01-04;260.8
Kärnten;2024-01-05;246.66
Kärnten;2024-01-06;232.84
Kärnten;2024-01-07;219.62
Kärnten;2024-01-08;207.07
Kärnten;2024-01-09;195.35
Kärnten;2024-01-10;184.47
Kärnten;2024-01-11;174.34
Kärnten;2024-01-12;164.86
Kärnten;2024-01-13;156.04
Kärnten;2024-01-14;147.85
Kärnten;2024-01-15;140.28
Kärnten;2024-01-16;133.3
Kärnten;2024-01-17;126.89
Kärnten;2024-01-18;120.92
Kärnten;2024-01-19;115.16
Kärnten;2024-01-20;109.54
Kärnten;2024-01-21;103.95
Kärnten;2024-01-22;98.37
Kärnten;2024-01-23;92.98
Kärnten;2024-01-24;87.81
Kärnten;2024-01-25;83.01
Kärnten;2024-01-26;78.49
Kärnten;2024-01-27;74.3
Kärnten;2024-01-28;70.38
Kärnten;2024-01-29;66.89
Kärnten;2024-01-30;63.82
Kärnten;2024-01-31;61.19
Kärnten;2024-02-01;58.94
Kärnten;2024-02-02;56.93
Kärnten;2024-02-03;55.1
Kärnten;2024-02-04;53.31
Kärnten;2024-02-05;51.47
Kärnten;2024-02-06;49.49
Kärnten;2024-02-07;47.38
Kärnten;2024-02-08;45.0
Kärnten;2024-02-09;42.58
Kärnten;2024-02-10;40.18
Kärnten;2024-02-11;37.8
Kärnten;2024-02-12;35.5
Kärnten;2024-02-13;33.34
Kärnten;2024-02-14;31.34
Kärnten;2024-02-15;29.42
Kärnten;2024-02-16;27.59
Kärnten;2024-02-17;25.83
Kärnten;2024-02-18;24.15
Kärnten;2024-02-19;22.54
Kärnten;2024-02-20;20.98
Kärnten;2024-02-21;19.58
Kärnten;2024-02-22;18.18
Kärnten;2024-02-23;16.88
Kärnten;2024-02-24;15.63
Kärnten;2024-02-25;14.46
Kärnten;2024-02-26;13.37
Kärnten;2024-02-27;12.42
Kärnten;2024-02-28;11.55
Kärnten;2024-02-29;10.83
Kärnten;2024-03-01;10.19
Kärnten;2024-03-02;9.7
Kärnten;2024-03-03;9.24
Kärnten;2024-03-04;8.95
Kärnten;2024-03-05;8.64
Kärnten;2024-03-06;8.43
Kärnten;2024-03-07;8.23
Kärnten;2024-03-08;8.04
Kärnten;2024-03-09;7.91
Kärnten;2024-03-10;7.72
Kärnten;2024-03-11;7.56
Kärnten;2024-03-12;7.4
Kärnten;2024-03-13;7.16
Kärnten;2024-03-14;6.97
Kärnten;2024-03-15;6.74
Kärnten;2024-03-16;6.53
Kärnten;2024-03-17;6.28
Kärnten;2024-03-18;6.05
Kärnten;2024-03-19;5.82
Kärnten;2024-03-20;5.57
Kärnten;2024-03-21;5.37
Kärnten;2024-03-22;5.2
Kärnten;2024-03-23;5.02
Kärnten;2024-03-24;4.87
Kärnten;2024-03-25;4.75
Kärnten;2024-03-26;4.69
Kärnten;2024-03-27;4.63
Kärnten;2024-03-28;4.59
Kärnten;2024-03-29;4.59
Kärnten;2024-03-30;4.68
Kärnten;2024-03-31;4.73
Kärnten;2024-04-01;4.81
Kärnten;2024-04-02;4.91
Kärnten;2024-04-03;5.09
Kärnten;2024-04-04;5.22
Kärnten;2024-04-05;5.43
Kärnten;2024-04-06;5.59
Kärnten;2024-04-07;5.78
Kärnten;2024-04-08;5.98
Kärnten;2024-04-09;6.2
Kärnten;2024-04-10;6.42
Kärnten;2024-04-11;6.66
Kärnten;2024-04-12;6.89
Kärnten;2024-04-13;7.12
Kärnten;2024-04-14;7.32
Kärnten;2024-04-15;7.44
Kärnten;2024-04-16;7.54
Kärnten;2024-04-17;7.62
Kärnten;2024-04-18;7.67
Kärnten;2024-04-19;7.72
Kärnten;2024-04-20;7.75
Kärnten;2024-04-21;7.79
Kärnten;2024-04-22;7.89
Kärnten;2024-04-23;7.97
Kärnten;2024-04-24;8.08
Kärnten;2024-04-25;8.27
Kärnten;2024-04-26;8.45
Kärnten;2024-04-27;8.65
Kärnten;2024-04-28;8.82
Kärnten;2024-04-29;8.98
Kärnten;2024-04-30;9.17
Kärnten;2024-05-01;9.32
Kärnten;2024-05-02;9.47
Kärnten;2024-05-03;9.65
Kärnten;2024-05-04;9.84
Kärnten;2024-05-05;10.05
Kärnten;2024-05-06;10.34
Kärnten;2024-05-07;10.66
Kärnten;2024-05-08;11.02
Kärnten;2024-05-09;11.39
Kärnten;2024-05-10;11.87
Kärnten;2024-05-11;12.38
Kärnten;2024-05-12;12.98
Kärnten;2024-05-13;13.6
Kärnten;2024-05-14;14.27
Kärnten;2024-05-15;15.04
Kärnten;2024-05-16;15.83
Kärnten;2024-05-17;16.7
Kärnten;2024-05-18;17.52
Kärnten;2024-05-19;18.35
Kärnten;2024-05-20;19.16
Kärnten;2024-05-21;19.97
Kärnten;2024-05-22;20.77
Kärnten;2024-05-23;21.51
Kärnten;2024-05-24;22.21
Kärnten;2024-05-25;22.82
Kärnten;2024-05-26;23.27
Kärnten;2024-05-27;23.63
Kärnten;2024-05-28;23.92
Kärnten;2024-05-29;24.17
Kärnten;2024-05-30;24.49
Kärnten;2024-05-31;24.83
Kärnten;2024-06-01;25.2
Kärnten;2024-06-02;25.58
Kärnten;2024-06-03;25.98
Kärnten;2024-06-04;26.46
Kärnten;2024-06-05;26.99
Kärnten;2024-06-06;27.61
Kärnten;2024-06-07;28.21
Kärnten;2024-06-08;28.88
Kärnten;2024-06-09;29.59
Kärnten;2024-06-10;30.32
Kärnten;2024-06-11;31.1
Kärnten;2024-06-12;32.03
Kärnten;2024-06-13;33.09
Kärnten;2024-06-14;34.36
Kärnten;2024-06-15;35.69
Kärnten;2024-06-16;37.25
Kärnten;2024-06-17;38.97
Kärnten;2024-06-18;40.78
Kärnten;2024-06-19;42.69
Kärnten;2024-06-20;44.62
Kärnten;2024-06-21;46.49
Kärnten;2024-06-22;48.35
Kärnten;2024-06-23;50.09
Kärnten;2024-06-24;51.68
Kärnten;2024-06-25;53.22
Kärnten;2024-06-26;54.77
Kärnten;2024-06-27;56.39
Kärnten;2024-06-28;58.02
Kärnten;2024-06-29;59.64
Kärnten;2024-06-30;61.14
Kärnten;2024-07-01;62.66
Kärnten;2024-07-02;64.2
Kärnten;2024-07-03;65.69
Kärnten;2024-07-04;67.15
Kärnten;2024-07-05;68.63
Kärnten;2024-07-06;69.94
Kärnten;2024-07-07;71.15
Kärnten;2024-07-08;72.17
Kärnten;2024-07-09;72.99
Kärnten;2024-07-10;73.71
Kärnten;2024-07-11;74.33
Kärnten;2024-07-12;74.84
Kärnten;2024-07-13;75.2
Kärnten;2024-07-14;75.41
Kärnten;2024-07-15;75.54
Kärnten;2024-07-16;75.59
Kärnten;2024-07-17;75.74
Kärnten;2024-07-18;75.95
Kärnten;2024-07-19;76.27
Kärnten;2024-07-20;76.78
Kärnten;2024-07-21;77.31
Kärnten;2024-07-22;78.0
Kärnten;2024-07-23;78.85
Kärnten;2024-07-24;79.87
Kärnten;2024-07-25;81.1
Kärnten;2024-07-26;82.61
Kärnten;2024-07-27;84.43
Kärnten;2024-07-28;86.6
Kärnten;2024-07-29;89.25
Kärnten;2024-07-30;92.26
Kärnten;2024-07-31;95.63
Kärnten;2024-08-01;99.11
Kärnten;2024-08-02;102.54
Kärnten;2024-08-03;105.79
Kärnten;2024-08-04;108.56
Kärnten;2024-08-05;110.93
Kärnten;2024-08-06;112.89
Kärnten;2024-08-07;114.53
Kärnten;2024-08-08;116.01
Kärnten;2024-08-09;117.43
Kärnten;2024-08-10;118.85
Kärnten;2024-08-11;120.27
Kärnten;2024-08-12;121.79
Kärnten;2024-08-13;123.43
Kärnten;2024-08-14;125.12
Kärnten;2024-08-15;126.8
Kärnten;2024-08-16;128.45
Kärnten;2024-08-17;129.93
Kärnten;2024-08-18;131.15
Kärnten;2024-08-19;132.09
Kärnten;2024-08-20;132.89
Kärnten;2024-08-21;133.62
Kärnten;2024-08-22;134.5
Kärnten;2024-08-23;135.51
Kärnten;2024-08-24;136.71
Kärnten;2024-08-25;138.14
Kärnten;2024-08-26;139.74
Kärnten;2024-08-27;141.55
Kärnten;2024-08-28;143.51
Kärnten;2024-08-29;145.56
Kärnten;2024-08-30;147.61
Kärnten;2024-08-31;149.5
Kärnten;2024-09-01;151.24
Kärnten;2024-09-02;152.92
Kärnten;2024-09-03;154.66
Kärnten;2024-09-04;156.64
Kärnten;2024-09-05;159.07
Kärnten;2024-09-06;161.79
Kärnten;2024-09-07;164.89
Kärnten;2024-09-08;168.29
Kärnten;2024-09-09;172.16
Kärnten;2024-09-10;176.7
Kärnten;2024-09-11;182.09
Kärnten;2024-09-12;188.39
Kärnten;2024-09-13;195.5
Kärnten;2024-09-14;203.51
Kärnten;2024-09-15;212.55
Kärnten;2024-09-16;222.53
Kärnten;2024-09-17;233.39
Kärnten;2024-09-18;244.77
Kärnten;2024-09-19;256.49
Kärnten;2024-09-20;268.23
Kärnten;2024-09-21;279.61
Kärnten;2024-09-22;290.31
Kärnten;2024-09-23;300.16
Kärnten;2024-09-24;309.1
Kärnten;2024-09-25;317.3
Kärnten;2024-09-26;324.72
Kärnten;2024-09-27;331.52
Kärnten;2024-09-28;337.42
Kärnten;2024-09-29;342.45
Kärnten;2024-09-30;346.44
Kärnten;2024-10-01;349.64
Kärnten;2024-10-02;352.11
Kärnten;2024-10-03;353.87
Kärnten;2024-10-04;354.8
Kärnten;2024-10-05;354.52
Kärnten;2024-10-06;352.79
Kärnten;2024-10-07;349.5
Kärnten;2024-10-08;344.87
Kärnten;2024-10-09;339.34
Kärnten;2024-10-10;333.29
Kärnten;2024-10-11;326.86
Kärnten;2024-10-12;320.13
Kärnten;2024-10-13;313.14
Kärnten;2024-10-14;305.92
Kärnten;2024-10-15;298.34
Kärnten;2024-10-16;290.3
Kärnten;2024-10-17;281.92
Kärnten;2024-10-18;273.16
Kärnten;2024-10-19;264.12
Kärnten;2024-10-20;254.8
Kärnten;2024-10-21;245.26
Kärnten;2024-10-22;235.57
Kärnten;2024-10-23;225.81
Kärnten;2024-10-24;215.96
Kärnten;2024-10-25;206.23
Kärnten;2024-10-26;196.58
Kärnten;2024-10-27;187.15
Kärnten;2024-10-28;178.02
Kärnten;2024-10-29;169.39
Kärnten;2024-10-30;161.24
Kärnten;2024-10-31;153.7
Kärnten;2024-11-01;146.65
Kärnten;2024-11-02;140.18
Kärnten;2024-11-03;134.41
Kärnten;2024-11-04;129.37
Kärnten;2024-11-05;125.11
Kärnten;2024-11-06;121.51
Kärnten;2024-11-07;118.51
Kärnten;2024-11-08;115.86
Kärnten;2024-11-09;113.59
Kärnten;2024-11-10;111.66
Kärnten;2024-11-11;109.97
Kärnten;2024-11-12;108.58
Kärnten;2024-11-13;107.45
Kärnten;2024-11-14;106.62
Kärnten;2024-11-15;105.95
Kärnten;2024-11-16;105.49
Kärnten;2024-11-17;105.25
Kärnten;2024-11-18;105.21
Kärnten;2024-11-19;105.5
Kärnten;2024-11-20;106.2
Kärnten;2024-11-21;107.18
Kärnten;2024-11-22;108.47
Kärnten;2024-11-23;110.02
Kärnten;2024-11-24;111.75
Kärnten;2024-11-25;113.69
Kärnten;2024-11-26;115.84
Kärnten;2024-11-27;118.15
Kärnten;2024-11-28;120.65
Kärnten;2024-11-29;123.28
Kärnten;2024-11-30;126.02
Kärnten;2024-12-01;128.74
Kärnten;2024-12-02;131.51
Kärnten;2024-12-03;134.24
Kärnten;2024-12-04;136.85
Kärnten;2024-12-05;139.38
Kärnten;2024-12-06;141.68
Kärnten;2024-12-07;143.56
Kärnten;2024-12-08;144.93
Kärnten;2024-12-09;145.71
Kärnten;2024-12-10;145.81
Kärnten;2024-12-11;145.33
Kärnten;2024-12-12;144.45
Kärnten;2024-12-13;143.18
Kärnten;2024-12-14;141.62
Kärnten;2024-12-15;139.86
Kärnten;2024-12-16;138.0
Kärnten;2024-12-17;136.11
Kärnten;2024-12-18;134.32
Kärnten;2024-12-19;132.66
Kärnten;2024-12-20;131.09
Kärnten;2024-12-21;129.64
Kärnten;2024-12-22;128.35
Kärnten;2024-12-23;127.05
Kärnten;2024-12-24;125.79
Kärnten;2024-12-25;124.43
Kärnten;2024-12-26;122.97
Kärnten;2024-12-27;121.29
Kärnten;2024-12-28;119.35
Kärnten;2024-12-29;117.09
Kärnten;2024-12-30;114.49
Kärnten;2024-12-31;111.61
Kärnten;2025-01-01;108.37
Kärnten;2025-01-02;105.03
Kärnten;2025-01-03;101.54
Kärnten;2025-01-04;97.96
Kärnten;2025-01-05;94.44
Kärnten;2025-01-06;90.97
Kärnten;2025-01-07;87.51
Kärnten;2025-01-08;84.15
Kärnten;2025-01-09;80.82
Kärnten;2025-01-10;77.54
Kärnten;2025-01-11;74.36
Kärnten;2025-01-12;71.33
Kärnten;2025-01-13;68.42
Kärnten;2025-01-14;65.71
Kärnten;2025-01-15;63.18
Kärnten;2025-01-16;60.81
Kärnten;2025-01-17;58.55
Kärnten;2025-01-18;56.34
Kärnten;2025-01-19;54.2
Kärnten;2025-01-20;51.99
Kärnten;2025-01-21;49.62
Kärnten;2025-01-22;47.2
Kärnten;2025-01-23;44.71
Kärnten;2025-01-24;42.15
Kärnten;2025-01-25;39.61
Kärnten;2025-01-26;37.14
Kärnten;2025-01-27;34.8
Kärnten;2025-01-28;32.59
Kärnten;2025-01-29;30.55
Kärnten;2025-01-30;28.61
Kärnten;2025-01-31;26.8
Kärnten;2025-02-01;25.09
Kärnten;2025-02-02;23.4
Kärnten;2025-02-03;21.84
Kärnten;2025-02-04;20.35
Kärnten;2025-02-05;19.09
Kärnten;2025-02-06;17.95
Kärnten;2025-02-07;17.01
Kärnten;2025-02-08;16.19
Kärnten;2025-02-09;15.47
Kärnten;2025-02-10;14.94
Kärnten;2025-02-11;14.42
Kärnten;2025-02-12;14.1
Kärnten;2025-02-13;13.75
Kärnten;2025-02-14;13.46
Kärnten;2025-02-15;13.14
Kärnten;2025-02-16;12.81
Kärnten;2025-02-17;12.46
Kärnten;2025-02-18;12.04
Kärnten;2025-02-19;11.62
Kärnten;2025-02-20;11.13
Kärnten;2025-02-21;10.67
Kärnten;2025-02-22;10.22
Kärnten;2025-02-23;9.86
Kärnten;2025-02-24;9.46
Kärnten;2025-02-25;9.21
Kärnten;2025-02-26;8.96
Kärnten;2025-02-27;8.86
Kärnten;2025-02-28;8.73
Kärnten;2025-03-01;8.72
Kärnten;2025-03-02;8.7
Kärnten;2025-03-03;8.67
Kärnten;2025-03-04;8.74
Kärnten;2025-03-05;8.79
Kärnten;2025-03-06;8.85
Kärnten;2025-03-07;8.93
Kärnten;2025-03-08;9.07
Kärnten;2025-03-09;9.12
Kärnten;2025-03-10;9.2
Kärnten;2025-03-11;9.25
Kärnten;2025-03-12;9.27
Kärnten;2025-03-13;9.31
Kärnten;2025-03-14;9.29
Kärnten;2025-03-15;9.31
Kärnten;2025-03-16;9.3
Kärnten;2025-03-17;9.26
Kärnten;2025-03-18;9.28
Kärnten;2025-03-19;9.29
Kärnten;2025-03-20;9.35
Kärnten;2025-03-21;9.42
Kärnten;2025-03-22;9.49
Kärnten;2025-03-23;9.56
Kärnten;2025-03-24;9.56
Kärnten;2025-03-25;9.61
Kärnten;2025-03-26;9.63
Kärnten;2025-03-27;9.77
Kärnten;2025-03-28;9.85
Kärnten;2025-03-29;10.05
Kärnten;2025-03-30;10.29
Kärnten;2025-03-31;10.63
Kärnten;2025-04-01;10.98
Kärnten;2025-04-02;11.45
Kärnten;2025-04-03;11.93
Kärnten;2025-04-04;12.41
Kärnten;2025-04-05;12.87
Kärnten;2025-04-06;13.3
Kärnten;2025-04-07;13.68
Kärnten;2025-04-08;13.91
Kärnten;2025-04-09;14.14
Kärnten;2025-04-10;14.26
Kärnten;2025-04-11;14.3
Kärnten;2025-04-12;14.22
Kärnten;2025-04-13;14.03
Kärnten;2025-04-14;13.75
Kärnten;2025-04-15;13.41
Kärnten;2025-04-16;12.99
Kärnten;2025-04-17;12.61
Kärnten;2025-04-18;12.2
Kärnten;2025-04-19;11.86
Kärnten;2025-04-20;11.48
Kärnten;2025-04-21;11.2
Kärnten;2025-04-22;10.9
Kärnten;2025-04-23;10.66
Kärnten;2025-04-24;10.49
Kärnten;2025-04-25;10.34
Kärnten;2025-04-26;10.24
Kärnten;2025-04-27;10.13
Kärnten;2025-04-28;10.08
Kärnten;2025-04-29;10.05
Kärnten;2025-04-30;10.14
Kärnten;2025-05-01;10.23
Kärnten;2025-05-02;10.4
Kärnten;2025-05-03;10.51
Kärnten;2025-05-04;10.6
Kärnten;2025-05-05;10.69
Kärnten;2025-05-06;10.66
Kärnten;2025-05-07;10.72
Kärnten;2025-05-08;10.79
Kärnten;2025-05-09;10.87
Kärnten;2025-05-10;11.02
Kärnten;2025-05-11;11.22
Kärnten;2025-05-12;11.46
Kärnten;2025-05-13;11.75
Kärnten;2025-05-14;12.1
Kärnten;2025-05-15;12.53
Kärnten;2025-05-16;12.93
Kärnten;2025-05-17;13.42
Kärnten;2025-05-18;13.94
Kärnten;2025-05-19;14.5
Kärnten;2025-05-20;15.15
Kärnten;2025-05-21;15.82
Kärnten;2025-05-22;16.58
Kärnten;2025-05-23;17.34
Kärnten;2025-05-24;18.11
Kärnten;2025-05-25;18.76
Kärnten;2025-05-26;19.38
Kärnten;2025-05-27;19.88
Kärnten;2025-05-28;20.3
Kärnten;2025-05-29;20.62
Kärnten;2025-05-30;20.79
Kärnten;2025-05-31;20.97
Kärnten;2025-06-01;21.01
Kärnten;2025-06-02;20.96
Kärnten;2025-06-03;20.81
Kärnten;2025-06-04;20.62
Kärnten;2025-06-05;20.4
Kärnten;2025-06-06;20.14
Kärnten;2025-06-07;19.97
Kärnten;2025-06-08;19.82
Kärnten;2025-06-09;19.76
Kärnten;2025-06-10;19.73
Kärnten;2025-06-11;19.84
Kärnten;2025-06-12;19.92
Kärnten;2025-06-13;20.02
Kärnten;2025-06-14;20.12
Kärnten;2025-06-15;20.21
Kärnten;2025-06-16;20.27
Kärnten;2025-06-17;20.33
Kärnten;2025-06-18;20.41
Kärnten;2025-06-19;20.45
Kärnten;2025-06-20;20.48
Kärnten;2025-06-21;20.47
Kärnten;2025-06-22;20.42
Kärnten;2025-06-23;20.3
Kärnten;2025-06-24;20.13
Kärnten;2025-06-25;19.94
Kärnten;2025-06-26;19.78
Kärnten;2025-06-27;19.65
Kärnten;2025-06-28;19.58
Kärnten;2025-06-29;19.62
Kärnten;2025-06-30;19.75
Kärnten;2025-07-01;20.06
Kärnten;2025-07-02;20.43
Kärnten;2025-07-03;20.95
Kärnten;2025-07-04;21.58
Kärnten;2025-07-05;22.33
Kärnten;2025-07-06;23.23
Kärnten;2025-07-07;24.19
Kärnten;2025-07-08;25.32
Kärnten;2025-07-09;26.53
Kärnten;2025-07-10;27.82
Kärnten;2025-07-11;29.06
Kärnten;2025-07-12;30.19
Kärnten;2025-07-13;31.17
Kärnten;2025-07-14;31.86
Kärnten;2025-07-15;32.34
Kärnten;2025-07-16;32.6
Kärnten;2025-07-17;32.84
Kärnten;2025-07-18;32.97
Kärnten;2025-07-19;33.1
Kärnten;2025-07-20;33.19
Kärnten;2025-07-21;33.31
Kärnten;2025-07-22;33.51
Kärnten;2025-07-23;33.71
Kärnten;2025-07-24;33.93
Kärnten;2025-07-25;34.26
Kärnten;2025-07-26;34.66
Kärnten;2025-07-27;35.21
Kärnten;2025-07-28;35.83
Kärnten;2025-07-29;36.62
Kärnten;2025-07-30;37.44
Oberösterreich;2022-09-01;76.43
Oberösterreich;2022-09-02;77.19
Oberösterreich;2022-09-03;78.1
Oberösterreich;2022-09-04;79.03
Oberösterreich;2022-09-05;80.07
Oberösterreich;2022-09-06;81.29
Oberösterreich;2022-09-07;82.74
Oberösterreich;2022-09-08;84.4
Oberösterreich;2022-09-09;86.41
Oberösterreich;2022-09-10;88.81
Oberösterreich;2022-09-11;91.67
Oberösterreich;2022-09-12;94.98
Oberösterreich;2022-09-13;98.84
Oberösterreich;2022-09-14;103.19
Oberösterreich;2022-09-15;107.89
Oberösterreich;2022-09-16;113.17
Oberösterreich;2022-09-17;119.0
Oberösterreich;2022-09-18;125.45
Oberösterreich;2022-09-19;132.73
Oberösterreich;2022-09-20;140.96
Oberösterreich;2022-09-21;150.11
Oberösterreich;2022-09-22;160.18
Oberösterreich;2022-09-23;170.93
Oberösterreich;2022-09-24;182.34
Oberösterreich;2022-09-25;194.4
Oberösterreich;2022-09-26;206.82
Oberösterreich;2022-09-27;219.38
Oberösterreich;2022-09-28;231.58
Oberösterreich;2022-09-29;243.2
Oberösterreich;2022-09-30;254.02
Oberösterreich;2022-10-01;263.68
Oberösterreich;2022-10-02;271.85
Oberösterreich;2022-10-03;278.21
Oberösterreich;2022-10-04;282.5
Oberösterreich;2022-10-05;284.77
Oberösterreich;2022-10-06;285.1
Oberösterreich;2022-10-07;283.82
Oberösterreich;2022-10-08;280.94
Oberösterreich;2022-10-09;276.45
Oberösterreich;2022-10-10;270.35
Oberösterreich;2022-10-11;262.63
Oberösterreich;2022-10-12;253.56
Oberösterreich;2022-10-13;243.49
Oberösterreich;2022-10-14;232.71
Oberösterreich;2022-10-15;221.47
Oberösterreich;2022-10-16;210.11
Oberösterreich;2022-10-17;198.94
Oberösterreich;2022-10-18;188.29
Oberösterreich;2022-10-19;178.42
Oberösterreich;2022-10-20;169.44
Oberösterreich;2022-10-21;161.09
Oberösterreich;2022-10-22;153.32
Oberösterreich;2022-10-23;145.97
Oberösterreich;2022-10-24;138.99
Oberösterreich;2022-10-25;132.43
Oberösterreich;2022-10-26;126.12
Oberösterreich;2022-10-27;120.1
Oberösterreich;2022-10-28;114.47
Oberösterreich;2022-10-29;109.31
Oberösterreich;2022-10-30;104.74
Oberösterreich;2022-10-31;100.84
Oberösterreich;2022-11-01;97.63
Oberösterreich;2022-11-02;95.11
Oberösterreich;2022-11-03;93.09
Oberösterreich;2022-11-04;91.37
Oberösterreich;2022-11-05;90.1
Oberösterreich;2022-11-06;89.05
Oberösterreich;2022-11-07;88.37
Oberösterreich;2022-11-08;88.12
Oberösterreich;2022-11-09;88.3
Oberösterreich;2022-11-10;88.92
Oberösterreich;2022-11-11;89.81
Oberösterreich;2022-11-12;90.79
Oberösterreich;2022-11-13;91.88
Oberösterreich;2022-11-14;93.09
Oberösterreich;2022-11-15;94.34
Oberösterreich;2022-11-16;95.71
Oberösterreich;2022-11-17;97.14
Oberösterreich;2022-11-18;98.54
Oberösterreich;2022-11-19;99.98
Oberösterreich;2022-11-20;101.33
Oberösterreich;2022-11-21;102.67
Oberösterreich;2022-11-22;103.89
Oberösterreich;2022-11-23;105.08
Oberösterreich;2022-11-24;106.29
Oberösterreich;2022-11-25;107.49
Oberösterreich;2022-11-26;108.64
Oberösterreich;2022-11-27;109.68
Oberösterreich;2022-11-28;110.66
Oberösterreich;2022-11-29;111.67
Oberösterreich;2022-11-30;112.73
Oberösterreich;2022-12-01;113.78
Oberösterreich;2022-12-02;114.96
Oberösterreich;2022-12-03;116.18
Oberösterreich;2022-12-04;117.43
Oberösterreich;2022-12-05;118.81
Oberösterreich;2022-12-06;120.43
Oberösterreich;2022-12-07;122.34
Oberösterreich;2022-12-08;124.61
Oberösterreich;2022-12-09;126.91
Oberösterreich;2022-12-10;129.27
Oberösterreich;2022-12-11;131.41
Oberösterreich;2022-12-12;133.42
Oberösterreich;2022-12-13;135.34
Oberösterreich;2022-12-14;137.28
Oberösterreich;2022-12-15;139.19
Oberösterreich;2022-12-16;141.02
Oberösterreich;2022-12-17;142.73
Oberösterreich;2022-12-18;144.13
Oberösterreich;2022-12-19;145.09
Oberösterreich;2022-12-20;145.7
Oberösterreich;2022-12-21;145.96
Oberösterreich;2022-12-22;146.01
Oberösterreich;2022-12-23;145.94
Oberösterreich;2022-12-24;145.77
Oberösterreich;2022-12-25;145.42
Oberösterreich;2022-12-26;144.92
Oberösterreich;2022-12-27;144.15
Oberösterreich;2022-12-28;143.01
Oberösterreich;2022-12-29;141.5
Oberösterreich;2022-12-30;139.66
Oberösterreich;2022-12-31;137.63
Oberösterreich;2023-01-01;135.33
Oberösterreich;2023-01-02;132.81
Oberösterreich;2023-01-03;130.18
Oberösterreich;2023-01-04;127.36
Oberösterreich;2023-01-05;124.58
Oberösterreich;2023-01-06;121.94
Oberösterreich;2023-01-07;119.57
Oberösterreich;2023-01-08;117.67
Oberösterreich;2023-01-09;116.3
Oberösterreich;2023-01-10;115.65
Oberösterreich;2023-01-11;115.61
Oberösterreich;2023-01-12;116.14
Oberösterreich;2023-01-13;117.04
Oberösterreich;2023-01-14;118.37
Oberösterreich;2023-01-15;118.51
Oberösterreich;2023-01-16;120.52
Oberösterreich;2023-01-17;122.98
Oberösterreich;2023-01-18;125.94
Oberösterreich;2023-01-19;129.3
Oberösterreich;2023-01-20;133.0
Oberösterreich;2023-01-21;136.87
Oberösterreich;2023-01-22;140.93
Oberösterreich;2023-01-23;145.22
Oberösterreich;2023-01-24;149.91
Oberösterreich;2023-01-25;155.2
Oberösterreich;2023-01-26;161.04
Oberösterreich;2023-01-27;167.35
Oberösterreich;2023-01-28;174.19
Oberösterreich;2023-01-29;181.44
Oberösterreich;2023-01-30;189.1
Oberösterreich;2023-01-31;197.45
Oberösterreich;2023-02-01;206.35
Oberösterreich;2023-02-02;215.89
Oberösterreich;2023-02-03;225.89
Oberösterreich;2023-02-04;236.37
Oberösterreich;2023-02-05;247.2
Oberösterreich;2023-02-06;258.45
Oberösterreich;2023-02-07;269.99
Oberösterreich;2023-02-08;281.7
Oberösterreich;2023-02-09;293.52
Oberösterreich;2023-02-10;305.32
Oberösterreich;2023-02-11;316.94
Oberösterreich;2023-02-12;328.35
Oberösterreich;2023-02-13;339.45
Oberösterreich;2023-02-14;350.11
Oberösterreich;2023-02-15;360.29
Oberösterreich;2023-02-16;369.76
Oberösterreich;2023-02-17;378.11
Oberösterreich;2023-02-18;384.98
Oberösterreich;2023-02-19;389.7
Oberösterreich;2023-02-20;391.93
Oberösterreich;2023-02-21;391.55
Oberösterreich;2023-02-22;388.8
Oberösterreich;2023-02-23;384.25
Oberösterreich;2023-02-24;378.52
Oberösterreich;2023-02-25;372.24
Oberösterreich;2023-02-26;365.72
Oberösterreich;2023-02-27;359.38
Oberösterreich;2023-02-28;353.19
Oberösterreich;2023-03-01;347.22
Oberösterreich;2023-03-02;341.4
Oberösterreich;2023-03-03;335.67
Oberösterreich;2023-03-04;330.0
Oberösterreich;2023-03-05;324.34
Oberösterreich;2023-03-06;318.83
Oberösterreich;2023-03-07;313.61
Oberösterreich;2023-03-08;308.61
Oberösterreich;2023-03-09;303.88
Oberösterreich;2023-03-10;299.11
Oberösterreich;2023-03-11;294.15
Oberösterreich;2023-03-12;288.78
Oberösterreich;2023-03-13;282.53
Oberösterreich;2023-03-14;275.28
Oberösterreich;2023-03-15;266.7
Oberösterreich;2023-03-16;257.09
Oberösterreich;2023-03-17;246.8
Oberösterreich;2023-03-18;236.14
Oberösterreich;2023-03-19;225.53
Oberösterreich;2023-03-20;215.11
Oberösterreich;2023-03-21;205.19
Oberösterreich;2023-03-22;195.68
Oberösterreich;2023-03-23;186.64
Oberösterreich;2023-03-24;178.08
Oberösterreich;2023-03-25;169.89
Oberösterreich;2023-03-26;162.25
Oberösterreich;2023-03-27;155.18
Oberösterreich;2023-03-28;148.9
Oberösterreich;2023-03-29;143.43
Oberösterreich;2023-03-30;138.7
Oberösterreich;2023-03-31;134.61
Oberösterreich;2023-04-01;130.88
Oberösterreich;2023-04-02;127.44
Oberösterreich;2023-04-03;124.05
Oberösterreich;2023-04-04;120.65
Oberösterreich;2023-04-05;117.01
Oberösterreich;2023-04-06;113.11
Oberösterreich;2023-04-07;109.04
Oberösterreich;2023-04-08;104.81
Oberösterreich;2023-04-09;100.61
Oberösterreich;2023-04-10;96.33
Oberösterreich;2023-04-11;92.1
Oberösterreich;2023-04-12;88.01
Oberösterreich;2023-04-13;83.97
Oberösterreich;2023-04-14;80.03
Oberösterreich;2023-04-15;76.21
Oberösterreich;2023-04-16;72.53
Oberösterreich;2023-04-17;69.11
Oberösterreich;2023-04-18;65.85
Oberösterreich;2023-04-19;62.98
Oberösterreich;2023-04-20;60.27
Oberösterreich;2023-04-21;57.8
Oberösterreich;2023-04-22;55.47
Oberösterreich;2023-04-23;53.3
Oberösterreich;2023-04-24;51.24
Oberösterreich;2023-04-25;49.31
Oberösterreich;2023-04-26;47.4
Oberösterreich;2023-04-27;45.64
Oberösterreich;2023-04-28;43.94
Oberösterreich;2023-04-29;42.3
Oberösterreich;2023-04-30;40.66
Oberösterreich;2023-05-01;39.15
Oberösterreich;2023-05-02;37.72
Oberösterreich;2023-05-03;36.31
Oberösterreich;2023-05-04;35.0
Oberösterreich;2023-05-05;33.78
Oberösterreich;2023-05-06;32.54
Oberösterreich;2023-05-07;31.44
Oberösterreich;2023-05-08;30.37
Oberösterreich;2023-05-09;29.36
Oberösterreich;2023-05-10;28.55
Oberösterreich;2023-05-11;27.8
Oberösterreich;2023-05-12;27.17
Oberösterreich;2023-05-13;26.63
Oberösterreich;2023-05-14;26.18
Oberösterreich;2023-05-15;25.7
Oberösterreich;2023-05-16;25.31
Oberösterreich;2023-05-17;25.02
Oberösterreich;2023-05-18;24.65
Oberösterreich;2023-05-19;24.35
Oberösterreich;2023-05-20;23.94
Oberösterreich;2023-05-21;23.53
Oberösterreich;2023-05-22;22.99
Oberösterreich;2023-05-23;22.41
Oberösterreich;2023-05-24;21.75
Oberösterreich;2023-05-25;21.04
Oberösterreich;2023-05-26;20.28
Oberösterreich;2023-05-27;19.44
Oberösterreich;2023-05-28;18.63
Oberösterreich;2023-05-29;17.76
Oberösterreich;2023-05-30;16.9
Oberösterreich;2023-05-31;16.0
Oberösterreich;2023-06-01;15.19
Oberösterreich;2023-06-02;14.36
Oberösterreich;2023-06-03;13.54
Oberösterreich;2023-06-04;12.8
Oberösterreich;2023-06-05;12.19
Oberösterreich;2023-06-06;11.57
Oberösterreich;2023-06-07;11.1
Oberösterreich;2023-06-08;10.78
Oberösterreich;2023-06-09;10.5
Oberösterreich;2023-06-10;10.29
Oberösterreich;2023-06-11;10.14
Oberösterreich;2023-06-12;10.14
Oberösterreich;2023-06-13;10.21
Oberösterreich;2023-06-14;10.4
Oberösterreich;2023-06-15;10.59
Oberösterreich;2023-06-16;10.86
Oberösterreich;2023-06-17;11.2
Oberösterreich;2023-06-18;11.44
Oberösterreich;2023-06-19;11.65
Oberösterreich;2023-06-20;11.67
Oberösterreich;2023-06-21;11.49
Oberösterreich;2023-06-22;11.2
Oberösterreich;2023-06-23;10.75
Oberösterreich;2023-06-24;10.2
Oberösterreich;2023-06-25;9.65
Oberösterreich;2023-06-26;9.14
Oberösterreich;2023-06-27;8.64
Oberösterreich;2023-06-28;8.23
Oberösterreich;2023-06-29;7.86
Oberösterreich;2023-06-30;7.59
Oberösterreich;2023-07-01;7.38
Oberösterreich;2023-07-02;7.17
Oberösterreich;2023-07-03;7.05
Oberösterreich;2023-07-04;6.91
Oberösterreich;2023-07-05;6.91
Oberösterreich;2023-07-06;6.82
Oberösterreich;2023-07-07;6.8
Oberösterreich;2023-07-08;6.85
Oberösterreich;2023-07-09;6.84
Oberösterreich;2023-07-10;6.91
Oberösterreich;2023-07-11;7.02
Oberösterreich;2023-07-12;7.16
Oberösterreich;2023-07-13;7.3
Oberösterreich;2023-07-14;7.43
Oberösterreich;2023-07-15;7.64
Oberösterreich;2023-07-16;7.91
Oberösterreich;2023-07-17;8.09
Oberösterreich;2023-07-18;8.46
Oberösterreich;2023-07-19;8.78
Oberösterreich;2023-07-20;9.2
Oberösterreich;2023-07-21;9.7
Oberösterreich;2023-07-22;10.14
Oberösterreich;2023-07-23;10.59
Oberösterreich;2023-07-24;11.05
Oberösterreich;2023-07-25;11.5
Oberösterreich;2023-07-26;11.92
Oberösterreich;2023-07-27;12.27
Oberösterreich;2023-07-28;12.68
Oberösterreich;2023-07-29;13.19
Oberösterreich;2023-07-30;13.74
Oberösterreich;2023-07-31;14.32
Oberösterreich;2023-08-01;15.1
Oberösterreich;2023-08-02;15.95
Oberösterreich;2023-08-03;16.96
Oberösterreich;2023-08-04;17.99
Oberösterreich;2023-08-05;19.09
Oberösterreich;2023-08-06;20.22
Oberösterreich;2023-08-07;21.49
Oberösterreich;2023-08-08;22.78
Oberösterreich;2023-08-09;24.14
Oberösterreich;2023-08-10;25.43
Oberösterreich;2023-08-11;26.75
Oberösterreich;2023-08-12;27.95
Oberösterreich;2023-08-13;29.03
Oberösterreich;2023-08-14;30.02
Oberösterreich;2023-08-15;30.87
Oberösterreich;2023-08-16;31.47
Oberösterreich;2023-08-17;31.96
Oberösterreich;2023-08-18;32.32
Oberösterreich;2023-08-19;32.6
Oberösterreich;2023-08-20;32.82
Oberösterreich;2023-08-21;32.99
Oberösterreich;2023-08-22;33.16
Oberösterreich;2023-08-23;33.43
Oberösterreich;2023-08-24;33.83
Oberösterreich;2023-08-25;34.37
Oberösterreich;2023-08-26;35.08
Oberösterreich;2023-08-27;36.07
Oberösterreich;2023-08-28;37.32
Oberösterreich;2023-08-29;38.86
Oberösterreich;2023-08-30;40.59
Oberösterreich;2023-08-31;42.57
Oberösterreich;2023-09-01;44.62
Oberösterreich;2023-09-02;46.67
Oberösterreich;2023-09-03;48.69
Oberösterreich;2023-09-04;50.61
Oberösterreich;2023-09-05;52.33
Oberösterreich;2023-09-06;53.9
Oberösterreich;2023-09-07;55.26
Oberösterreich;2023-09-08;56.55
Oberösterreich;2023-09-09;57.69
Oberösterreich;2023-09-10;58.79
Oberösterreich;2023-09-11;59.9
Oberösterreich;2023-09-12;61.08
Oberösterreich;2023-09-13;62.5
Oberösterreich;2023-09-14;64.15
Oberösterreich;2023-09-15;65.98
Oberösterreich;2023-09-16;67.9
Oberösterreich;2023-09-17;69.87
Oberösterreich;2023-09-18;71.94
Oberösterreich;2023-09-19;73.99
Oberösterreich;2023-09-20;76.18
Oberösterreich;2023-09-21;78.39
Oberösterreich;2023-09-22;80.58
Oberösterreich;2023-09-23;82.68
Oberösterreich;2023-09-24;84.61
Oberösterreich;2023-09-25;86.24
Oberösterreich;2023-09-26;87.64
Oberösterreich;2023-09-27;88.71
Oberösterreich;2023-09-28;89.6
Oberösterreich;2023-09-29;90.12
Oberösterreich;2023-09-30;90.33
Oberösterreich;2023-10-01;90.22
Oberösterreich;2023-10-02;89.81
Oberösterreich;2023-10-03;89.15
Oberösterreich;2023-10-04;88.48
Oberösterreich;2023-10-05;87.91
Oberösterreich;2023-10-06;87.44
Oberösterreich;2023-10-07;87.1
Oberösterreich;2023-10-08;86.86
Oberösterreich;2023-10-09;86.93
Oberösterreich;2023-10-10;87.43
Oberösterreich;2023-10-11;88.32
Oberösterreich;2023-10-12;89.71
Oberösterreich;2023-10-13;91.59
Oberösterreich;2023-10-14;93.87
Oberösterreich;2023-10-15;96.74
Oberösterreich;2023-10-16;100.16
Oberösterreich;2023-10-17;104.03
Oberösterreich;2023-10-18;108.42
Oberösterreich;2023-10-19;113.06
Oberösterreich;2023-10-20;117.87
Oberösterreich;2023-10-21;122.69
Oberösterreich;2023-10-22;127.5
Oberösterreich;2023-10-23;132.13
Oberösterreich;2023-10-24;136.75
Oberösterreich;2023-10-25;141.24
Oberösterreich;2023-10-26;145.63
Oberösterreich;2023-10-27;149.82
Oberösterreich;2023-10-28;153.73
Oberösterreich;2023-10-29;157.26
Oberösterreich;2023-10-30;160.26
Oberösterreich;2023-10-31;162.95
Oberösterreich;2023-11-01;165.38
Oberösterreich;2023-11-02;167.86
Oberösterreich;2023-11-03;170.55
Oberösterreich;2023-11-04;173.79
Oberösterreich;2023-11-05;177.8
Oberösterreich;2023-11-06;182.73
Oberösterreich;2023-11-07;188.67
Oberösterreich;2023-11-08;195.36
Oberösterreich;2023-11-09;202.69
Oberösterreich;2023-11-10;210.65
Oberösterreich;2023-11-11;219.28
Oberösterreich;2023-11-12;228.58
Oberösterreich;2023-11-13;238.6
Oberösterreich;2023-11-14;249.58
Oberösterreich;2023-11-15;261.35
Oberösterreich;2023-11-16;273.93
Oberösterreich;2023-11-17;287.41
Oberösterreich;2023-11-18;301.83
Oberösterreich;2023-11-19;317.34
Oberösterreich;2023-11-20;333.85
Oberösterreich;2023-11-21;351.08
Oberösterreich;2023-11-22;368.61
Oberösterreich;2023-11-23;385.84
Oberösterreich;2023-11-24;402.46
Oberösterreich;2023-11-25;417.78
Oberösterreich;2023-11-26;431.26
Oberösterreich;2023-11-27;442.38
Oberösterreich;2023-11-28;450.68
Oberösterreich;2023-11-29;456.22
Oberösterreich;2023-11-30;459.5
Oberösterreich;2023-12-01;460.89
Oberösterreich;2023-12-02;460.99
Oberösterreich;2023-12-03;460.14
Oberösterreich;2023-12-04;458.78
Oberösterreich;2023-12-05;457.29
Oberösterreich;2023-12-06;455.87
Oberösterreich;2023-12-07;454.58
Oberösterreich;2023-12-08;453.27
Oberösterreich;2023-12-09;451.64
Oberösterreich;2023-12-10;449.52
Oberösterreich;2023-12-11;446.91
Oberösterreich;2023-12-12;444.16
Oberösterreich;2023-12-13;441.55
Oberösterreich;2023-12-14;438.97
Oberösterreich;2023-12-15;436.13
Oberösterreich;2023-12-16;432.61
Oberösterreich;2023-12-17;427.9
Oberösterreich;2023-12-18;421.66
Oberösterreich;2023-12-19;413.75
Oberösterreich;2023-12-20;404.41
Oberösterreich;2023-12-21;393.97
Oberösterreich;2023-12-22;382.83
Oberösterreich;2023-12-23;371.3
Oberösterreich;2023-12-24;359.68
Oberösterreich;2023-12-25;347.84
Oberösterreich;2023-12-26;335.31
Oberösterreich;2023-12-27;321.93
Oberösterreich;2023-12-28;307.65
Oberösterreich;2023-12-29;292.67
Oberösterreich;2023-12-30;277.32
Oberösterreich;2023-12-31;261.89
Oberösterreich;2024-01-01;246.57
Oberösterreich;2024-01-02;231.44
Oberösterreich;2024-01-03;216.57
Oberösterreich;2024-01-04;201.94
Oberösterreich;2024-01-05;187.83
Oberösterreich;2024-01-06;174.34
Oberösterreich;2024-01-07;161.78
Oberösterreich;2024-01-08;150.26
Oberösterreich;2024-01-09;139.83
Oberösterreich;2024-01-10;130.47
Oberösterreich;2024-01-11;121.97
Oberösterreich;2024-01-12;114.31
Oberösterreich;2024-01-13;107.24
Oberösterreich;2024-01-14;100.82
Oberösterreich;2024-01-15;95.03
Oberösterreich;2024-01-16;89.8
Oberösterreich;2024-01-17;85.15
Oberösterreich;2024-01-18;80.91
Oberösterreich;2024-01-19;77.02
Oberösterreich;2024-01-20;73.44
Oberösterreich;2024-01-21;70.11
Oberösterreich;2024-01-22;67.09
Oberösterreich;2024-01-23;64.25
Oberösterreich;2024-01-24;61.57
Oberösterreich;2024-01-25;58.98
Oberösterreich;2024-01-26;56.48
Oberösterreich;2024-01-27;53.99
Oberösterreich;2024-01-28;51.54
Oberösterreich;2024-01-29;49.19
Oberösterreich;2024-01-30;46.89
Oberösterreich;2024-01-31;44.75
Oberösterreich;2024-02-01;42.77
Oberösterreich;2024-02-02;40.89
Oberösterreich;2024-02-03;39.12
Oberösterreich;2024-02-04;37.51
Oberösterreich;2024-02-05;35.95
Oberösterreich;2024-02-06;34.5
Oberösterreich;2024-02-07;33.13
Oberösterreich;2024-02-08;31.76
Oberösterreich;2024-02-09;30.52
Oberösterreich;2024-02-10;29.35
Oberösterreich;2024-02-11;28.39
Oberösterreich;2024-02-12;27.51
Oberösterreich;2024-02-13;26.92
Oberösterreich;2024-02-14;26.4
Oberösterreich;2024-02-15;25.99
Oberösterreich;2024-02-16;25.61
Oberösterreich;2024-02-17;25.11
Oberösterreich;2024-02-18;24.34
Oberösterreich;2024-02-19;23.27
Oberösterreich;2024-02-20;22.04
Oberösterreich;2024-02-21;20.71
Oberösterreich;2024-02-22;19.32
Oberösterreich;2024-02-23;17.96
Oberösterreich;2024-02-24;16.61
Oberösterreich;2024-02-25;15.33
Oberösterreich;2024-02-26;14.14
Oberösterreich;2024-02-27;13.02
Oberösterreich;2024-02-28;12.04
Oberösterreich;2024-02-29;11.14
Oberösterreich;2024-03-01;10.39
Oberösterreich;2024-03-02;9.68
Oberösterreich;2024-03-03;9.06
Oberösterreich;2024-03-04;8.5
Oberösterreich;2024-03-05;8.01
Oberösterreich;2024-03-06;7.58
Oberösterreich;2024-03-07;7.16
Oberösterreich;2024-03-08;6.82
Oberösterreich;2024-03-09;6.53
Oberösterreich;2024-03-10;6.23
Oberösterreich;2024-03-11;5.97
Oberösterreich;2024-03-12;5.75
Oberösterreich;2024-03-13;5.6
Oberösterreich;2024-03-14;5.44
Oberösterreich;2024-03-15;5.27
Oberösterreich;2024-03-16;5.12
Oberösterreich;2024-03-17;4.97
Oberösterreich;2024-03-18;4.81
Oberösterreich;2024-03-19;4.65
Oberösterreich;2024-03-20;4.45
Oberösterreich;2024-03-21;4.31
Oberösterreich;2024-03-22;4.22
Oberösterreich;2024-03-23;4.06
Oberösterreich;2024-03-24;3.95
Oberösterreich;2024-03-25;3.84
Oberösterreich;2024-03-26;3.72
Oberösterreich;2024-03-27;3.66
Oberösterreich;2024-03-28;3.58
Oberösterreich;2024-03-29;3.53
Oberösterreich;2024-03-30;3.45
Oberösterreich;2024-03-31;3.39
Oberösterreich;2024-04-01;3.4
Oberösterreich;2024-04-02;3.28
Oberösterreich;2024-04-03;3.24
Oberösterreich;2024-04-04;3.2
Oberösterreich;2024-04-05;3.17
Oberösterreich;2024-04-06;3.07
Oberösterreich;2024-04-07;3.03
Oberösterreich;2024-04-08;2.99
Oberösterreich;2024-04-09;2.94
Oberösterreich;2024-04-10;2.9
Oberösterreich;2024-04-11;2.92
Oberösterreich;2024-04-12;2.87
Oberösterreich;2024-04-13;2.89
Oberösterreich;2024-04-14;3.0
Oberösterreich;2024-04-15;3.06
Oberösterreich;2024-04-16;3.2
Oberösterreich;2024-04-17;3.42
Oberösterreich;2024-04-18;3.61
Oberösterreich;2024-04-19;3.84
Oberösterreich;2024-04-20;4.1
Oberösterreich;2024-04-21;4.37
Oberösterreich;2024-04-22;4.68
Oberösterreich;2024-04-23;4.94
Oberösterreich;2024-04-24;5.2
Oberösterreich;2024-04-25;5.46
Oberösterreich;2024-04-26;5.73
Oberösterreich;2024-04-27;6.01
Oberösterreich;2024-04-28;6.27
Oberösterreich;2024-04-29;6.54
Oberösterreich;2024-04-30;6.89
Oberösterreich;2024-05-01;7.22
Oberösterreich;2024-05-02;7.58
Oberösterreich;2024-05-03;8.0
Oberösterreich;2024-05-04;8.43
Oberösterreich;2024-05-05;8.89
Oberösterreich;2024-05-06;9.36
Oberösterreich;2024-05-07;9.87
Oberösterreich;2024-05-08;10.46
Oberösterreich;2024-05-09;11.07
Oberösterreich;2024-05-10;11.67
Oberösterreich;2024-05-11;12.34
Oberösterreich;2024-05-12;12.99
Oberösterreich;2024-05-13;13.56
Oberösterreich;2024-05-14;14.09
Oberösterreich;2024-05-15;14.51
Oberösterreich;2024-05-16;14.86
Oberösterreich;2024-05-17;15.15
Oberösterreich;2024-05-18;15.41
Oberösterreich;2024-05-19;15.62
Oberösterreich;2024-05-20;15.72
Oberösterreich;2024-05-21;15.91
Oberösterreich;2024-05-22;15.98
Oberösterreich;2024-05-23;16.16
Oberösterreich;2024-05-24;16.33
Oberösterreich;2024-05-25;16.55
Oberösterreich;2024-05-26;16.72
Oberösterreich;2024-05-27;17.05
Oberösterreich;2024-05-28;17.36
Oberösterreich;2024-05-29;17.69
Oberösterreich;2024-05-30;18.03
Oberösterreich;2024-05-31;18.43
Oberösterreich;2024-06-01;18.82
Oberösterreich;2024-06-02;19.32
Oberösterreich;2024-06-03;19.81
Oberösterreich;2024-06-04;20.45
Oberösterreich;2024-06-05;21.14
Oberösterreich;2024-06-06;21.93
Oberösterreich;2024-06-07;22.89
Oberösterreich;2024-06-08;23.85
Oberösterreich;2024-06-09;25.05
Oberösterreich;2024-06-10;26.28
Oberösterreich;2024-06-11;27.64
Oberösterreich;2024-06-12;29.03
Oberösterreich;2024-06-13;30.42
Oberösterreich;2024-06-14;31.74
Oberösterreich;2024-06-15;32.96
Oberösterreich;2024-06-16;34.06
Oberösterreich;2024-06-17;35.03
Oberösterreich;2024-06-18;35.95
Oberösterreich;2024-06-19;36.88
Oberösterreich;2024-06-20;37.77
Oberösterreich;2024-06-21;38.62
Oberösterreich;2024-06-22;39.43
Oberösterreich;2024-06-23;40.22
Oberösterreich;2024-06-24;40.9
Oberösterreich;2024-06-25;41.55
Oberösterreich;2024-06-26;42.08
Oberösterreich;2024-06-27;42.62
Oberösterreich;2024-06-28;43.14
Oberösterreich;2024-06-29;43.72
Oberösterreich;2024-06-30;44.3
Oberösterreich;2024-07-01;44.92
Oberösterreich;2024-07-02;45.63
Oberösterreich;2024-07-03;46.37
Oberösterreich;2024-07-04;47.17
Oberösterreich;2024-07-05;47.92
Oberösterreich;2024-07-06;48.65
Oberösterreich;2024-07-07;49.33
Oberösterreich;2024-07-08;49.9
Oberösterreich;2024-07-09;50.31
Oberösterreich;2024-07-10;50.6
Oberösterreich;2024-07-11;50.85
Oberösterreich;2024-07-12;50.94
Oberösterreich;2024-07-13;50.97
Oberösterreich;2024-07-14;51.01
Oberösterreich;2024-07-15;51.07
Oberösterreich;2024-07-16;51.17
Oberösterreich;2024-07-17;51.3
Oberösterreich;2024-07-18;51.47
Oberösterreich;2024-07-19;51.71
Oberösterreich;2024-07-20;51.98
Oberösterreich;2024-07-21;52.37
Oberösterreich;2024-07-22;52.78
Oberösterreich;2024-07-23;53.31
Oberösterreich;2024-07-24;53.86
Oberösterreich;2024-07-25;54.43
Oberösterreich;2024-07-26;55.06
Oberösterreich;2024-07-27;55.69
Oberösterreich;2024-07-28;56.41
Oberösterreich;2024-07-29;57.22
Oberösterreich;2024-07-30;58.09
Oberösterreich;2024-07-31;59.15
Oberösterreich;2024-08-01;60.34
Oberösterreich;2024-08-02;61.62
Oberösterreich;2024-08-03;63.12
Oberösterreich;2024-08-04;64.76
Oberösterreich;2024-08-05;66.51
Oberösterreich;2024-08-06;68.28
Oberösterreich;2024-08-07;70.03
Oberösterreich;2024-08-08;71.62
Oberösterreich;2024-08-09;73.14
Oberösterreich;2024-08-10;74.52
Oberösterreich;2024-08-11;75.81
Oberösterreich;2024-08-12;77.03
Oberösterreich;2024-08-13;78.29
Oberösterreich;2024-08-14;79.63
Oberösterreich;2024-08-15;81.09
Oberösterreich;2024-08-16;82.75
Oberösterreich;2024-08-17;84.68
Oberösterreich;2024-08-18;86.85
Oberösterreich;2024-08-19;89.3
Oberösterreich;2024-08-20;91.82
Oberösterreich;2024-08-21;94.25
Oberösterreich;2024-08-22;96.6
Oberösterreich;2024-08-23;98.78
Oberösterreich;2024-08-24;100.84
Oberösterreich;2024-08-25;102.76
Oberösterreich;2024-08-26;104.61
Oberösterreich;2024-08-27;106.24
Oberösterreich;2024-08-28;107.78
Oberösterreich;2024-08-29;109.25
Oberösterreich;2024-08-30;110.57
Oberösterreich;2024-08-31;111.91
Oberösterreich;2024-09-01;113.22
Oberösterreich;2024-09-02;114.65
Oberösterreich;2024-09-03;116.22
Oberösterreich;2024-09-04;117.96
Oberösterreich;2024-09-05;120.01
Oberösterreich;2024-09-06;122.36
Oberösterreich;2024-09-07;124.98
Oberösterreich;2024-09-08;128.04
Oberösterreich;2024-09-09;131.65
Oberösterreich;2024-09-10;135.95
Oberösterreich;2024-09-11;140.95
Oberösterreich;2024-09-12;146.74
Oberösterreich;2024-09-13;153.34
Oberösterreich;2024-09-14;160.9
Oberösterreich;2024-09-15;169.62
Oberösterreich;2024-09-16;179.48
Oberösterreich;2024-09-17;190.6
Oberösterreich;2024-09-18;202.55
Oberösterreich;2024-09-19;215.05
Oberösterreich;2024-09-20;227.52
Oberösterreich;2024-09-21;239.49
Oberösterreich;2024-09-22;250.58
Oberösterreich;2024-09-23;260.28
Oberösterreich;2024-09-24;268.59
Oberösterreich;2024-09-25;275.66
Oberösterreich;2024-09-26;281.58
Oberösterreich;2024-09-27;286.44
Oberösterreich;2024-09-28;290.48
Oberösterreich;2024-09-29;293.56
Oberösterreich;2024-09-30;295.67
Oberösterreich;2024-10-01;296.86
Oberösterreich;2024-10-02;297.16
Oberösterreich;2024-10-03;296.75
Oberösterreich;2024-10-04;295.5
Oberösterreich;2024-10-05;293.45
Oberösterreich;2024-10-06;290.62
Oberösterreich;2024-10-07;287.04
Oberösterreich;2024-10-08;283.09
Oberösterreich;2024-10-09;279.07
Oberösterreich;2024-10-10;275.12
Oberösterreich;2024-10-11;271.06
Oberösterreich;2024-10-12;266.52
Oberösterreich;2024-10-13;261.43
Oberösterreich;2024-10-14;255.59
Oberösterreich;2024-10-15;249.22
Oberösterreich;2024-10-16;242.52
Oberösterreich;2024-10-17;235.61
Oberösterreich;2024-10-18;228.71
Oberösterreich;2024-10-19;221.72
Oberösterreich;2024-10-20;214.78
Oberösterreich;2024-10-21;208.06
Oberösterreich;2024-10-22;201.67
Oberösterreich;2024-10-23;195.75
Oberösterreich;2024-10-24;190.44
Oberösterreich;2024-10-25;185.54
Oberösterreich;2024-10-26;180.87
Oberösterreich;2024-10-27;176.37
Oberösterreich;2024-10-28;171.63
Oberösterreich;2024-10-29;166.43
Oberösterreich;2024-10-30;160.6
Oberösterreich;2024-10-31;154.14
Oberösterreich;2024-11-01;147.3
Oberösterreich;2024-11-02;140.48
Oberösterreich;2024-11-03;133.97
Oberösterreich;2024-11-04;127.99
Oberösterreich;2024-11-05;122.71
Oberösterreich;2024-11-06;118.15
Oberösterreich;2024-11-07;114.21
Oberösterreich;2024-11-08;110.68
Oberösterreich;2024-11-09;107.52
Oberösterreich;2024-11-10;104.6
Oberösterreich;2024-11-11;101.89
Oberösterreich;2024-11-12;99.45
Oberösterreich;2024-11-13;97.22
Oberösterreich;2024-11-14;95.18
Oberösterreich;2024-11-15;93.35
Oberösterreich;2024-11-16;91.76
Oberösterreich;2024-11-17;90.36
Oberösterreich;2024-11-18;89.28
Oberösterreich;2024-11-19;88.53
Oberösterreich;2024-11-20;88.0
Oberösterreich;2024-11-21;87.7
Oberösterreich;2024-11-22;87.72
Oberösterreich;2024-11-23;87.99
Oberösterreich;2024-11-24;88.67
Oberösterreich;2024-11-25;89.72
Oberösterreich;2024-11-26;91.21
Oberösterreich;2024-11-27;93.08
Oberösterreich;2024-11-28;95.25
Oberösterreich;2024-11-29;97.63
Oberösterreich;2024-11-30;99.96
Oberösterreich;2024-12-01;102.12
Oberösterreich;2024-12-02;104.09
Oberösterreich;2024-12-03;105.72
Oberösterreich;2024-12-04;107.09
Oberösterreich;2024-12-05;108.19
Oberösterreich;2024-12-06;109.06
Oberösterreich;2024-12-07;109.82
Oberösterreich;2024-12-08;110.4
Oberösterreich;2024-12-09;110.91
Oberösterreich;2024-12-10;111.33
Oberösterreich;2024-12-11;111.64
Oberösterreich;2024-12-12;111.86
Oberösterreich;2024-12-13;111.91
Oberösterreich;2024-12-14;111.82
Oberösterreich;2024-12-15;111.37
Oberösterreich;2024-12-16;110.65
Oberösterreich;2024-12-17;109.67
Oberösterreich;2024-12-18;108.49
Oberösterreich;2024-12-19;107.25
Oberösterreich;2024-12-20;105.99
Oberösterreich;2024-12-21;104.64
Oberösterreich;2024-12-22;103.36
Oberösterreich;2024-12-23;102.13
Oberösterreich;2024-12-24;100.82
Oberösterreich;2024-12-25;99.57
Oberösterreich;2024-12-26;98.21
Oberösterreich;2024-12-27;96.75
Oberösterreich;2024-12-28;95.11
Oberösterreich;2024-12-29;93.23
Oberösterreich;2024-12-30;91.07
Oberösterreich;2024-12-31;88.63
Oberösterreich;2025-01-01;86.06
Oberösterreich;2025-01-02;83.37
Oberösterreich;2025-01-03;80.57
Oberösterreich;2025-01-04;77.75
Oberösterreich;2025-01-05;74.87
Oberösterreich;2025-01-06;72.06
Oberösterreich;2025-01-07;69.19
Oberösterreich;2025-01-08;66.34
Oberösterreich;2025-01-09;63.56
Oberösterreich;2025-01-10;60.75
Oberösterreich;2025-01-11;58.03
Oberösterreich;2025-01-12;55.39
Oberösterreich;2025-01-13;52.85
Oberösterreich;2025-01-14;50.41
Oberösterreich;2025-01-15;48.15
Oberösterreich;2025-01-16;46.11
Oberösterreich;2025-01-17;44.23
Oberösterreich;2025-01-18;42.43
Oberösterreich;2025-01-19;40.75
Oberösterreich;2025-01-20;39.28
Oberösterreich;2025-01-21;37.99
Oberösterreich;2025-01-22;36.83
Oberösterreich;2025-01-23;35.85
Oberösterreich;2025-01-24;34.98
Oberösterreich;2025-01-25;34.17
Oberösterreich;2025-01-26;33.49
Oberösterreich;2025-01-27;32.7
Oberösterreich;2025-01-28;32.04
Oberösterreich;2025-01-29;31.48
Oberösterreich;2025-01-30;30.86
Oberösterreich;2025-01-31;30.34
Oberösterreich;2025-02-01;29.89
Oberösterreich;2025-02-02;29.48
Oberösterreich;2025-02-03;29.08
Oberösterreich;2025-02-04;28.71
Oberösterreich;2025-02-05;28.41
Oberösterreich;2025-02-06;28.06
Oberösterreich;2025-02-07;27.74
Oberösterreich;2025-02-08;27.36
Oberösterreich;2025-02-09;26.96
Oberösterreich;2025-02-10;26.45
Oberösterreich;2025-02-11;25.85
Oberösterreich;2025-02-12;25.09
Oberösterreich;2025-02-13;24.25
Oberösterreich;2025-02-14;23.4
Oberösterreich;2025-02-15;22.54
Oberösterreich;2025-02-16;21.71
Oberösterreich;2025-02-17;21.0
Oberösterreich;2025-02-18;20.27
Oberösterreich;2025-02-19;19.56
Oberösterreich;2025-02-20;18.82
Oberösterreich;2025-02-21;18.11
Oberösterreich;2025-02-22;17.36
Oberösterreich;2025-02-23;16.64
Oberösterreich;2025-02-24;16.04
Oberösterreich;2025-02-25;15.44
Oberösterreich;2025-02-26;14.88
Oberösterreich;2025-02-27;14.34
Oberösterreich;2025-02-28;13.96
Oberösterreich;2025-03-01;13.52
Oberösterreich;2025-03-02;13.26
Oberösterreich;2025-03-03;13.07
Oberösterreich;2025-03-04;13.05
Oberösterreich;2025-03-05;13.08
Oberösterreich;2025-03-06;13.29
Oberösterreich;2025-03-07;13.53
Oberösterreich;2025-03-08;13.76
Oberösterreich;2025-03-09;14.1
Oberösterreich;2025-03-10;14.45
Oberösterreich;2025-03-11;14.88
Oberösterreich;2025-03-12;15.25
Oberösterreich;2025-03-13;15.69
Oberösterreich;2025-03-14;16.03
Oberösterreich;2025-03-15;16.35
Oberösterreich;2025-03-16;16.61
Oberösterreich;2025-03-17;16.71
Oberösterreich;2025-03-18;16.66
Oberösterreich;2025-03-19;16.54
Oberösterreich;2025-03-20;16.39
Oberösterreich;2025-03-21;16.13
Oberösterreich;2025-03-22;15.81
Oberösterreich;2025-03-23;15.35
Oberösterreich;2025-03-24;14.85
Oberösterreich;2025-03-25;14.26
Oberösterreich;2025-03-26;13.63
Oberösterreich;2025-03-27;13.05
Oberösterreich;2025-03-28;12.51
Oberösterreich;2025-03-29;12.08
Oberösterreich;2025-03-30;11.7
Oberösterreich;2025-03-31;11.54
Oberösterreich;2025-04-01;11.51
Oberösterreich;2025-04-02;11.56
Oberösterreich;2025-04-03;11.72
Oberösterreich;2025-04-04;11.98
Oberösterreich;2025-04-05;12.33
Oberösterreich;2025-04-06;12.69
Oberösterreich;2025-04-07;13.12
Oberösterreich;2025-04-08;13.57
Oberösterreich;2025-04-09;14.05
Oberösterreich;2025-04-10;14.5
Oberösterreich;2025-04-11;14.98
Oberösterreich;2025-04-12;15.37
Oberösterreich;2025-04-13;15.75
Oberösterreich;2025-04-14;15.92
Oberösterreich;2025-04-15;15.97
Oberösterreich;2025-04-16;15.81
Oberösterreich;2025-04-17;15.47
Oberösterreich;2025-04-18;15.0
Oberösterreich;2025-04-19;14.46
Oberösterreich;2025-04-20;13.9
Oberösterreich;2025-04-21;13.29
Oberösterreich;2025-04-22;12.7
Oberösterreich;2025-04-23;12.17
Oberösterreich;2025-04-24;11.69
Oberösterreich;2025-04-25;11.24
Oberösterreich;2025-04-26;10.78
Oberösterreich;2025-04-27;10.43
Oberösterreich;2025-04-28;10.02
Oberösterreich;2025-04-29;9.71
Oberösterreich;2025-04-30;9.43
Oberösterreich;2025-05-01;9.16
Oberösterreich;2025-05-02;9.02
Oberösterreich;2025-05-03;8.91
Oberösterreich;2025-05-04;8.86
Oberösterreich;2025-05-05;8.97
Oberösterreich;2025-05-06;9.14
Oberösterreich;2025-05-07;9.49
Oberösterreich;2025-05-08;9.9
Oberösterreich;2025-05-09;10.4
Oberösterreich;2025-05-10;10.92
Oberösterreich;2025-05-11;11.45
Oberösterreich;2025-05-12;12.0
Oberösterreich;2025-05-13;12.55
Oberösterreich;2025-05-14;13.13
Oberösterreich;2025-05-15;13.77
Oberösterreich;2025-05-16;14.51
Oberösterreich;2025-05-17;15.27
Oberösterreich;2025-05-18;16.23
Oberösterreich;2025-05-19;17.23
Oberösterreich;2025-05-20;18.38
Oberösterreich;2025-05-21;19.68
Oberösterreich;2025-05-22;20.92
Oberösterreich;2025-05-23;22.17
Oberösterreich;2025-05-24;23.3
Oberösterreich;2025-05-25;24.17
Oberösterreich;2025-05-26;24.79
Oberösterreich;2025-05-27;25.2
Oberösterreich;2025-05-28;25.49
Oberösterreich;2025-05-29;25.62
Oberösterreich;2025-05-30;25.59
Oberösterreich;2025-05-31;25.51
Oberösterreich;2025-06-01;25.36
Oberösterreich;2025-06-02;25.05
Oberösterreich;2025-06-03;24.65
Oberösterreich;2025-06-04;24.24
Oberösterreich;2025-06-05;23.85
Oberösterreich;2025-06-06;23.41
Oberösterreich;2025-06-07;23.03
Oberösterreich;2025-06-08;22.71
Oberösterreich;2025-06-09;22.45
Oberösterreich;2025-06-10;22.26
Oberösterreich;2025-06-11;22.23
Oberösterreich;2025-06-12;22.26
Oberösterreich;2025-06-13;22.45
Oberösterreich;2025-06-14;22.66
Oberösterreich;2025-06-15;22.93
Oberösterreich;2025-06-16;23.3
Oberösterreich;2025-06-17;23.73
Oberösterreich;2025-06-18;24.28
Oberösterreich;2025-06-19;24.83
Oberösterreich;2025-06-20;25.35
Oberösterreich;2025-06-21;25.81
Oberösterreich;2025-06-22;26.15
Oberösterreich;2025-06-23;26.33
Oberösterreich;2025-06-24;26.39
Oberösterreich;2025-06-25;26.26
Oberösterreich;2025-06-26;26.05
Oberösterreich;2025-06-27;25.84
Oberösterreich;2025-06-28;25.51
Oberösterreich;2025-06-29;25.3
Oberösterreich;2025-06-30;25.14
Oberösterreich;2025-07-01;25.08
Oberösterreich;2025-07-02;25.15
Oberösterreich;2025-07-03;25.43
Oberösterreich;2025-07-04;25.86
Oberösterreich;2025-07-05;26.36
Oberösterreich;2025-07-06;26.88
Oberösterreich;2025-07-07;27.47
Oberösterreich;2025-07-08;28.1
Oberösterreich;2025-07-09;28.64
Oberösterreich;2025-07-10;29.11
Oberösterreich;2025-07-11;29.42
Oberösterreich;2025-07-12;29.62
Oberösterreich;2025-07-13;29.6
Oberösterreich;2025-07-14;29.34
Oberösterreich;2025-07-15;28.97
Oberösterreich;2025-07-16;28.38
Oberösterreich;2025-07-17;27.81
Oberösterreich;2025-07-18;27.12
Oberösterreich;2025-07-19;26.54
Oberösterreich;2025-07-20;25.94
Oberösterreich;2025-07-21;25.49
Oberösterreich;2025-07-22;25.16
Oberösterreich;2025-07-23;24.95
Oberösterreich;2025-07-24;24.88
Oberösterreich;2025-07-25;24.96
Oberösterreich;2025-07-26;25.14
Oberösterreich;2025-07-27;25.56
Oberösterreich;2025-07-28;26.07
Oberösterreich;2025-07-29;26.66
Oberösterreich;2025-07-30;27.21
Oberösterreich;2025-07-31;27.76
Oberösterreich;2025-08-01;28.25
Oberösterreich;2025-08-02;28.74
Oberösterreich;2025-08-03;29.11
Niederösterreich;2022-09-01;82.85
Niederösterreich;2022-09-02;82.53
Niederösterreich;2022-09-03;82.37
Niederösterreich;2022-09-04;82.42
Niederösterreich;2022-09-05;82.71
Niederösterreich;2022-09-06;83.37
Niederösterreich;2022-09-07;84.37
Niederösterreich;2022-09-08;85.73
Niederösterreich;2022-09-09;87.5
Niederösterreich;2022-09-10;89.6
Niederösterreich;2022-09-11;92.08
Niederösterreich;2022-09-12;94.87
Niederösterreich;2022-09-13;98.03
Niederösterreich;2022-09-14;101.62
Niederösterreich;2022-09-15;105.69
Niederösterreich;2022-09-16;110.15
Niederösterreich;2022-09-17;115.04
Niederösterreich;2022-09-18;120.37
Niederösterreich;2022-09-19;126.08
Niederösterreich;2022-09-20;132.23
Niederösterreich;2022-09-21;138.73
Niederösterreich;2022-09-22;145.53
Niederösterreich;2022-09-23;152.58
Niederösterreich;2022-09-24;159.71
Niederösterreich;2022-09-25;166.87
Niederösterreich;2022-09-26;173.96
Niederösterreich;2022-09-27;180.84
Niederösterreich;2022-09-28;187.32
Niederösterreich;2022-09-29;193.41
Niederösterreich;2022-09-30;198.97
Niederösterreich;2022-10-01;203.98
Niederösterreich;2022-10-02;208.47
Niederösterreich;2022-10-03;212.29
Niederösterreich;2022-10-04;215.38
Niederösterreich;2022-10-05;217.56
Niederösterreich;2022-10-06;218.77
Niederösterreich;2022-10-07;218.93
Niederösterreich;2022-10-08;218.04
Niederösterreich;2022-10-09;216.09
Niederösterreich;2022-10-10;213.16
Niederösterreich;2022-10-11;209.46
Niederösterreich;2022-10-12;205.26
Niederösterreich;2022-10-13;200.81
Niederösterreich;2022-10-14;196.27
Niederösterreich;2022-10-15;191.73
Niederösterreich;2022-10-16;187.1
Niederösterreich;2022-10-17;182.36
Niederösterreich;2022-10-18;177.61
Niederösterreich;2022-10-19;172.76
Niederösterreich;2022-10-20;167.89
Niederösterreich;2022-10-21;163.04
Niederösterreich;2022-10-22;158.21
Niederösterreich;2022-10-23;153.49
Niederösterreich;2022-10-24;148.87
Niederösterreich;2022-10-25;144.46
Niederösterreich;2022-10-26;140.26
Niederösterreich;2022-10-27;136.26
Niederösterreich;2022-10-28;132.52
Niederösterreich;2022-10-29;129.02
Niederösterreich;2022-10-30;125.76
Niederösterreich;2022-10-31;122.79
Niederösterreich;2022-11-01;120.22
Niederösterreich;2022-11-02;117.99
Niederösterreich;2022-11-03;116.2
Niederösterreich;2022-11-04;114.74
Niederösterreich;2022-11-05;113.56
Niederösterreich;2022-11-06;112.64
Niederösterreich;2022-11-07;111.96
Niederösterreich;2022-11-08;111.54
Niederösterreich;2022-11-09;111.37
Niederösterreich;2022-11-10;111.5
Niederösterreich;2022-11-11;111.92
Niederösterreich;2022-11-12;112.64
Niederösterreich;2022-11-13;113.77
Niederösterreich;2022-11-14;115.26
Niederösterreich;2022-11-15;117.17
Niederösterreich;2022-11-16;119.46
Niederösterreich;2022-11-17;122.08
Niederösterreich;2022-11-18;124.97
Niederösterreich;2022-11-19;128.08
Niederösterreich;2022-11-20;131.38
Niederösterreich;2022-11-21;134.8
Niederösterreich;2022-11-22;138.43
Niederösterreich;2022-11-23;142.18
Niederösterreich;2022-11-24;146.12
Niederösterreich;2022-11-25;150.1
Niederösterreich;2022-11-26;154.14
Niederösterreich;2022-11-27;158.03
Niederösterreich;2022-11-28;161.85
Niederösterreich;2022-11-29;165.49
Niederösterreich;2022-11-30;169.13
Niederösterreich;2022-12-01;172.65
Niederösterreich;2022-12-02;176.13
Niederösterreich;2022-12-03;179.41
Niederösterreich;2022-12-04;182.39
Niederösterreich;2022-12-05;185.09
Niederösterreich;2022-12-06;187.45
Niederösterreich;2022-12-07;189.52
Niederösterreich;2022-12-08;191.33
Niederösterreich;2022-12-09;192.89
Niederösterreich;2022-12-10;194.14
Niederösterreich;2022-12-11;194.97
Niederösterreich;2022-12-12;195.55
Niederösterreich;2022-12-13;195.86
Niederösterreich;2022-12-14;196.16
Niederösterreich;2022-12-15;196.47
Niederösterreich;2022-12-16;196.75
Niederösterreich;2022-12-17;196.99
Niederösterreich;2022-12-18;196.96
Niederösterreich;2022-12-19;196.64
Niederösterreich;2022-12-20;196.0
Niederösterreich;2022-12-21;195.19
Niederösterreich;2022-12-22;194.26
Niederösterreich;2022-12-23;193.25
Niederösterreich;2022-12-24;192.12
Niederösterreich;2022-12-25;190.89
Niederösterreich;2022-12-26;189.41
Niederösterreich;2022-12-27;187.64
Niederösterreich;2022-12-28;185.46
Niederösterreich;2022-12-29;182.86
Niederösterreich;2022-12-30;179.81
Niederösterreich;2022-12-31;176.36
Niederösterreich;2023-01-01;172.55
Niederösterreich;2023-01-02;168.36
Niederösterreich;2023-01-03;163.86
Niederösterreich;2023-01-04;159.12
Niederösterreich;2023-01-05;154.14
Niederösterreich;2023-01-06;149.09
Niederösterreich;2023-01-07;144.08
Niederösterreich;2023-01-08;139.22
Niederösterreich;2023-01-09;134.55
Niederösterreich;2023-01-10;130.13
Niederösterreich;2023-01-11;125.85
Niederösterreich;2023-01-12;121.76
Niederösterreich;2023-01-13;117.94
Niederösterreich;2023-01-14;114.48
Niederösterreich;2023-01-15;111.55
Niederösterreich;2023-01-16;109.31
Niederösterreich;2023-01-17;107.72
Niederösterreich;2023-01-18;106.52
Niederösterreich;2023-01-19;106.4
Niederösterreich;2023-01-20;106.96
Niederösterreich;2023-01-21;108.28
Niederösterreich;2023-01-22;115.81
Niederösterreich;2023-01-23;120.85
Niederösterreich;2023-01-24;124.7
Niederösterreich;2023-01-25;129.25
Niederösterreich;2023-01-26;134.35
Niederösterreich;2023-01-27;139.85
Niederösterreich;2023-01-28;145.58
Niederösterreich;2023-01-29;150.68
Niederösterreich;2023-01-30;156.17
Niederösterreich;2023-01-31;161.76
Niederösterreich;2023-02-01;167.45
Niederösterreich;2023-02-02;173.28
Niederösterreich;2023-02-03;179.22
Niederösterreich;2023-02-04;185.27
Niederösterreich;2023-02-05;191.37
Niederösterreich;2023-02-06;197.49
Niederösterreich;2023-02-07;202.5
Niederösterreich;2023-02-08;208.15
Niederösterreich;2023-02-09;213.69
Niederösterreich;2023-02-10;219.12
Niederösterreich;2023-02-11;224.29
Niederösterreich;2023-02-12;229.13
Niederösterreich;2023-02-13;233.5
Niederösterreich;2023-02-14;237.2
Niederösterreich;2023-02-15;240.12
Niederösterreich;2023-02-16;242.29
Niederösterreich;2023-02-17;243.9
Niederösterreich;2023-02-18;245.25
Niederösterreich;2023-02-19;246.56
Niederösterreich;2023-02-20;248.0
Niederösterreich;2023-02-21;249.62
Niederösterreich;2023-02-22;251.29
Niederösterreich;2023-02-23;252.87
Niederösterreich;2023-02-24;254.28
Niederösterreich;2023-02-25;255.41
Niederösterreich;2023-02-26;256.27
Niederösterreich;2023-02-27;256.9
Niederösterreich;2023-02-28;257.46
Niederösterreich;2023-03-01;258.04
Niederösterreich;2023-03-02;258.72
Niederösterreich;2023-03-03;259.42
Niederösterreich;2023-03-04;260.0
Niederösterreich;2023-03-05;260.31
Niederösterreich;2023-03-06;260.14
Niederösterreich;2023-03-07;259.36
Niederösterreich;2023-03-08;257.88
Niederösterreich;2023-03-09;255.62
Niederösterreich;2023-03-10;252.6
Niederösterreich;2023-03-11;248.89
Niederösterreich;2023-03-12;244.6
Niederösterreich;2023-03-13;239.82
Niederösterreich;2023-03-14;234.72
Niederösterreich;2023-03-15;229.52
Niederösterreich;2023-03-16;224.3
Niederösterreich;2023-03-17;219.05
Niederösterreich;2023-03-18;213.64
Niederösterreich;2023-03-19;207.97
Niederösterreich;2023-03-20;201.93
Niederösterreich;2023-03-21;195.49
Niederösterreich;2023-03-22;188.68
Niederösterreich;2023-03-23;181.59
Niederösterreich;2023-03-24;174.3
Niederösterreich;2023-03-25;166.91
Niederösterreich;2023-03-26;159.56
Niederösterreich;2023-03-27;152.38
Niederösterreich;2023-03-28;145.53
Niederösterreich;2023-03-29;139.14
Niederösterreich;2023-03-30;133.25
Niederösterreich;2023-03-31;127.83
Niederösterreich;2023-04-01;122.8
Niederösterreich;2023-04-02;118.09
Niederösterreich;2023-04-03;113.63
Niederösterreich;2023-04-04;109.42
Niederösterreich;2023-04-05;105.36
Niederösterreich;2023-04-06;101.43
Niederösterreich;2023-04-07;97.59
Niederösterreich;2023-04-08;93.84
Niederösterreich;2023-04-09;90.23
Niederösterreich;2023-04-10;86.7
Niederösterreich;2023-04-11;83.33
Niederösterreich;2023-04-12;80.16
Niederösterreich;2023-04-13;77.19
Niederösterreich;2023-04-14;74.51
Niederösterreich;2023-04-15;72.06
Niederösterreich;2023-04-16;69.88
Niederösterreich;2023-04-17;67.98
Niederösterreich;2023-04-18;66.34
Niederösterreich;2023-04-19;64.91
Niederösterreich;2023-04-20;63.67
Niederösterreich;2023-04-21;62.51
Niederösterreich;2023-04-22;61.38
Niederösterreich;2023-04-23;60.23
Niederösterreich;2023-04-24;59.0
Niederösterreich;2023-04-25;57.72
Niederösterreich;2023-04-26;56.41
Niederösterreich;2023-04-27;55.09
Niederösterreich;2023-04-28;53.76
Niederösterreich;2023-04-29;52.43
Niederösterreich;2023-04-30;51.11
Niederösterreich;2023-05-01;49.84
Niederösterreich;2023-05-02;48.56
Niederösterreich;2023-05-03;47.3
Niederösterreich;2023-05-04;46.05
Niederösterreich;2023-05-05;44.81
Niederösterreich;2023-05-06;43.56
Niederösterreich;2023-05-07;42.3
Niederösterreich;2023-05-08;41.06
Niederösterreich;2023-05-09;39.79
Niederösterreich;2023-05-10;38.59
Niederösterreich;2023-05-11;37.37
Niederösterreich;2023-05-12;36.21
Niederösterreich;2023-05-13;35.04
Niederösterreich;2023-05-14;33.91
Niederösterreich;2023-05-15;32.84
Niederösterreich;2023-05-16;31.81
Niederösterreich;2023-05-17;30.86
Niederösterreich;2023-05-18;29.98
Niederösterreich;2023-05-19;29.11
Niederösterreich;2023-05-20;28.27
Niederösterreich;2023-05-21;27.44
Niederösterreich;2023-05-22;26.57
Niederösterreich;2023-05-23;25.71
Niederösterreich;2023-05-24;24.84
Niederösterreich;2023-05-25;23.95
Niederösterreich;2023-05-26;23.1
Niederösterreich;2023-05-27;22.24
Niederösterreich;2023-05-28;21.46
Niederösterreich;2023-05-29;20.67
Niederösterreich;2023-05-30;19.94
Niederösterreich;2023-05-31;19.24
Niederösterreich;2023-06-01;18.62
Niederösterreich;2023-06-02;18.04
Niederösterreich;2023-06-03;17.55
Niederösterreich;2023-06-04;17.1
Niederösterreich;2023-06-05;16.72
Niederösterreich;2023-06-06;16.41
Niederösterreich;2023-06-07;16.14
Niederösterreich;2023-06-08;15.92
Niederösterreich;2023-06-09;15.75
Niederösterreich;2023-06-10;15.57
Niederösterreich;2023-06-11;15.41
Niederösterreich;2023-06-12;15.22
Niederösterreich;2023-06-13;15.0
Niederösterreich;2023-06-14;14.78
Niederösterreich;2023-06-15;14.57
Niederösterreich;2023-06-16;14.33
Niederösterreich;2023-06-17;14.09
Niederösterreich;2023-06-18;13.85
Niederösterreich;2023-06-19;13.6
Niederösterreich;2023-06-20;13.35
Niederösterreich;2023-06-21;13.03
Niederösterreich;2023-06-22;12.7
Niederösterreich;2023-06-23;12.36
Niederösterreich;2023-06-24;12.03
Niederösterreich;2023-06-25;11.74
Niederösterreich;2023-06-26;11.47
Niederösterreich;2023-06-27;11.26
Niederösterreich;2023-06-28;11.12
Niederösterreich;2023-06-29;11.02
Niederösterreich;2023-06-30;10.97
Niederösterreich;2023-07-01;10.92
Niederösterreich;2023-07-02;10.87
Niederösterreich;2023-07-03;10.78
Niederösterreich;2023-07-04;10.67
Niederösterreich;2023-07-05;10.57
Niederösterreich;2023-07-06;10.43
Niederösterreich;2023-07-07;10.34
Niederösterreich;2023-07-08;10.29
Niederösterreich;2023-07-09;10.3
Niederösterreich;2023-07-10;10.35
Niederösterreich;2023-07-11;10.46
Niederösterreich;2023-07-12;10.66
Niederösterreich;2023-07-13;10.91
Niederösterreich;2023-07-14;11.23
Niederösterreich;2023-07-15;11.55
Niederösterreich;2023-07-16;11.9
Niederösterreich;2023-07-17;12.26
Niederösterreich;2023-07-18;12.62
Niederösterreich;2023-07-19;12.97
Niederösterreich;2023-07-20;13.39
Niederösterreich;2023-07-21;13.79
Niederösterreich;2023-07-22;14.23
Niederösterreich;2023-07-23;14.7
Niederösterreich;2023-07-24;15.21
Niederösterreich;2023-07-25;15.83
Niederösterreich;2023-07-26;16.53
Niederösterreich;2023-07-27;17.36
Niederösterreich;2023-07-28;18.31
Niederösterreich;2023-07-29;19.36
Niederösterreich;2023-07-30;20.55
Niederösterreich;2023-07-31;21.88
Niederösterreich;2023-08-01;23.36
Niederösterreich;2023-08-02;24.97
Niederösterreich;2023-08-03;26.69
Niederösterreich;2023-08-04;28.52
Niederösterreich;2023-08-05;30.43
Niederösterreich;2023-08-06;32.37
Niederösterreich;2023-08-07;34.32
Niederösterreich;2023-08-08;36.22
Niederösterreich;2023-08-09;38.07
Niederösterreich;2023-08-10;39.76
Niederösterreich;2023-08-11;41.31
Niederösterreich;2023-08-12;42.75
Niederösterreich;2023-08-13;44.04
Niederösterreich;2023-08-14;45.26
Niederösterreich;2023-08-15;46.39
Niederösterreich;2023-08-16;47.48
Niederösterreich;2023-08-17;48.54
Niederösterreich;2023-08-18;49.66
Niederösterreich;2023-08-19;50.84
Niederösterreich;2023-08-20;52.11
Niederösterreich;2023-08-21;53.51
Niederösterreich;2023-08-22;55.02
Niederösterreich;2023-08-23;56.66
Niederösterreich;2023-08-24;58.45
Niederösterreich;2023-08-25;60.28
Niederösterreich;2023-08-26;62.22
Niederösterreich;2023-08-27;64.14
Niederösterreich;2023-08-28;66.04
Niederösterreich;2023-08-29;67.92
Niederösterreich;2023-08-30;69.76
Niederösterreich;2023-08-31;71.53
Niederösterreich;2023-09-01;73.23
Niederösterreich;2023-09-02;74.87
Niederösterreich;2023-09-03;76.41
Niederösterreich;2023-09-04;77.87
Niederösterreich;2023-09-05;79.19
Niederösterreich;2023-09-06;80.39
Niederösterreich;2023-09-07;81.47
Niederösterreich;2023-09-08;82.45
Niederösterreich;2023-09-09;83.35
Niederösterreich;2023-09-10;84.14
Niederösterreich;2023-09-11;84.85
Niederösterreich;2023-09-12;85.47
Niederösterreich;2023-09-13;86.08
Niederösterreich;2023-09-14;86.68
Niederösterreich;2023-09-15;87.28
Niederösterreich;2023-09-16;87.86
Niederösterreich;2023-09-17;88.36
Niederösterreich;2023-09-18;88.76
Niederösterreich;2023-09-19;89.05
Niederösterreich;2023-09-20;89.3
Niederösterreich;2023-09-21;89.57
Niederösterreich;2023-09-22;89.95
Niederösterreich;2023-09-23;90.47
Niederösterreich;2023-09-24;91.16
Niederösterreich;2023-09-25;92.08
Niederösterreich;2023-09-26;93.25
Niederösterreich;2023-09-27;94.57
Niederösterreich;2023-09-28;96.1
Niederösterreich;2023-09-29;97.74
Niederösterreich;2023-09-30;99.49
Niederösterreich;2023-10-01;101.32
Niederösterreich;2023-10-02;103.16
Niederösterreich;2023-10-03;105.0
Niederösterreich;2023-10-04;106.89
Niederösterreich;2023-10-05;108.85
Niederösterreich;2023-10-06;110.97
Niederösterreich;2023-10-07;113.32
Niederösterreich;2023-10-08;115.92
Niederösterreich;2023-10-09;118.76
Niederösterreich;2023-10-10;121.77
Niederösterreich;2023-10-11;124.88
Niederösterreich;2023-10-12;128.0
Niederösterreich;2023-10-13;131.18
Niederösterreich;2023-10-14;134.44
Niederösterreich;2023-10-15;137.85
Niederösterreich;2023-10-16;141.48
Niederösterreich;2023-10-17;145.31
Niederösterreich;2023-10-18;149.29
Niederösterreich;2023-10-19;153.4
Niederösterreich;2023-10-20;157.54
Niederösterreich;2023-10-21;161.68
Niederösterreich;2023-10-22;165.71
Niederösterreich;2023-10-23;169.6
Niederösterreich;2023-10-24;173.43
Niederösterreich;2023-10-25;177.28
Niederösterreich;2023-10-26;181.25
Niederösterreich;2023-10-27;185.35
Niederösterreich;2023-10-28;189.63
Niederösterreich;2023-10-29;194.11
Niederösterreich;2023-10-30;198.77
Niederösterreich;2023-10-31;203.69
Niederösterreich;2023-11-01;208.89
Niederösterreich;2023-11-02;214.39
Niederösterreich;2023-11-03;220.21
Niederösterreich;2023-11-04;226.42
Niederösterreich;2023-11-05;233.11
Niederösterreich;2023-11-06;240.38
Niederösterreich;2023-11-07;248.39
Niederösterreich;2023-11-08;257.23
Niederösterreich;2023-11-09;266.93
Niederösterreich;2023-11-10;277.35
Niederösterreich;2023-11-11;288.25
Niederösterreich;2023-11-12;299.4
Niederösterreich;2023-11-13;321.2
Niederösterreich;2023-11-14;332.9
Niederösterreich;2023-11-15;344.6
Niederösterreich;2023-11-16;356.42
Niederösterreich;2023-11-17;368.47
Niederösterreich;2023-11-18;380.95
Niederösterreich;2023-11-19;394.05
Niederösterreich;2023-11-20;407.84
Niederösterreich;2023-11-21;422.2
Niederösterreich;2023-11-22;436.89
Niederösterreich;2023-11-23;451.68
Niederösterreich;2023-11-24;466.37
Niederösterreich;2023-11-25;480.83
Niederösterreich;2023-11-26;494.99
Niederösterreich;2023-11-27;508.86
Niederösterreich;2023-11-28;522.39
Niederösterreich;2023-11-29;535.65
Niederösterreich;2023-11-30;548.52
Niederösterreich;2023-12-01;560.77
Niederösterreich;2023-12-02;572.09
Niederösterreich;2023-12-03;582.12
Niederösterreich;2023-12-04;590.62
Niederösterreich;2023-12-05;597.57
Niederösterreich;2023-12-06;605.84
Niederösterreich;2023-12-07;609.37
Niederösterreich;2023-12-08;611.52
Niederösterreich;2023-12-09;612.17
Niederösterreich;2023-12-10;610.99
Niederösterreich;2023-12-11;607.79
Niederösterreich;2023-12-12;602.57
Niederösterreich;2023-12-13;595.56
Niederösterreich;2023-12-14;587.01
Niederösterreich;2023-12-15;577.26
Niederösterreich;2023-12-16;566.44
Niederösterreich;2023-12-17;554.61
Niederösterreich;2023-12-18;541.65
Niederösterreich;2023-12-19;527.41
Niederösterreich;2023-12-20;511.73
Niederösterreich;2023-12-21;494.69
Niederösterreich;2023-12-22;476.57
Niederösterreich;2023-12-23;457.64
Niederösterreich;2023-12-24;438.24
Niederösterreich;2023-12-25;418.6
Niederösterreich;2023-12-26;398.89
Niederösterreich;2023-12-27;379.24
Niederösterreich;2023-12-28;359.75
Niederösterreich;2023-12-29;340.47
Niederösterreich;2023-12-30;321.47
Niederösterreich;2023-12-31;302.87
Niederösterreich;2024-01-01;284.84
Niederösterreich;2024-01-02;267.47
Niederösterreich;2024-01-03;250.94
Niederösterreich;2024-01-04;235.35
Niederösterreich;2024-01-05;220.69
Niederösterreich;2024-01-06;207.06
Niederösterreich;2024-01-07;194.42
Niederösterreich;2024-01-08;182.85
Niederösterreich;2024-01-09;172.27
Niederösterreich;2024-01-10;162.54
Niederösterreich;2024-01-11;153.55
Niederösterreich;2024-01-12;145.2
Niederösterreich;2024-01-13;137.47
Niederösterreich;2024-01-14;130.33
Niederösterreich;2024-01-15;123.81
Niederösterreich;2024-01-16;117.9
Niederösterreich;2024-01-17;112.47
Niederösterreich;2024-01-18;107.51
Niederösterreich;2024-01-19;102.91
Niederösterreich;2024-01-20;98.65
Niederösterreich;2024-01-21;94.63
Niederösterreich;2024-01-22;90.82
Niederösterreich;2024-01-23;87.28
Niederösterreich;2024-01-24;83.93
Niederösterreich;2024-01-25;80.73
Niederösterreich;2024-01-26;77.67
Niederösterreich;2024-01-27;74.71
Niederösterreich;2024-01-28;71.84
Niederösterreich;2024-01-29;69.1
Niederösterreich;2024-01-30;66.49
Niederösterreich;2024-01-31;64.03
Niederösterreich;2024-02-01;61.69
Niederösterreich;2024-02-02;59.45
Niederösterreich;2024-02-03;57.23
Niederösterreich;2024-02-04;54.98
Niederösterreich;2024-02-05;52.69
Niederösterreich;2024-02-06;50.35
Niederösterreich;2024-02-07;48.02
Niederösterreich;2024-02-08;45.73
Niederösterreich;2024-02-09;43.53
Niederösterreich;2024-02-10;41.41
Niederösterreich;2024-02-11;39.36
Niederösterreich;2024-02-12;37.41
Niederösterreich;2024-02-13;35.57
Niederösterreich;2024-02-14;33.83
Niederösterreich;2024-02-15;32.16
Niederösterreich;2024-02-16;30.57
Niederösterreich;2024-02-17;29.07
Niederösterreich;2024-02-18;27.64
Niederösterreich;2024-02-19;26.33
Niederösterreich;2024-02-20;25.11
Niederösterreich;2024-02-21;24.0
Niederösterreich;2024-02-22;22.93
Niederösterreich;2024-02-23;21.91
Niederösterreich;2024-02-24;20.95
Niederösterreich;2024-02-25;20.0
Niederösterreich;2024-02-26;19.05
Niederösterreich;2024-02-27;18.14
Niederösterreich;2024-02-28;17.24
Niederösterreich;2024-02-29;16.38
Niederösterreich;2024-03-01;15.6
Niederösterreich;2024-03-02;14.87
Niederösterreich;2024-03-03;14.2
Niederösterreich;2024-03-04;13.6
Niederösterreich;2024-03-05;13.1
Niederösterreich;2024-03-06;12.69
Niederösterreich;2024-03-07;12.33
Niederösterreich;2024-03-08;12.04
Niederösterreich;2024-03-09;11.84
Niederösterreich;2024-03-10;11.61
Niederösterreich;2024-03-11;11.41
Niederösterreich;2024-03-12;11.24
Niederösterreich;2024-03-13;11.07
Niederösterreich;2024-03-14;10.93
Niederösterreich;2024-03-15;10.82
Niederösterreich;2024-03-16;10.74
Niederösterreich;2024-03-17;10.69
Niederösterreich;2024-03-18;10.66
Niederösterreich;2024-03-19;10.67
Niederösterreich;2024-03-20;10.69
Niederösterreich;2024-03-21;10.7
Niederösterreich;2024-03-22;10.73
Niederösterreich;2024-03-23;10.72
Niederösterreich;2024-03-24;10.71
Niederösterreich;2024-03-25;10.63
Niederösterreich;2024-03-26;10.55
Niederösterreich;2024-03-27;10.42
Niederösterreich;2024-03-28;10.28
Niederösterreich;2024-03-29;10.12
Niederösterreich;2024-03-30;9.98
Niederösterreich;2024-03-31;9.83
Niederösterreich;2024-04-01;9.65
Niederösterreich;2024-04-02;9.46
Niederösterreich;2024-04-03;9.27
Niederösterreich;2024-04-04;9.08
Niederösterreich;2024-04-05;8.85
Niederösterreich;2024-04-06;8.68
Niederösterreich;2024-04-07;8.53
Niederösterreich;2024-04-08;8.41
Niederösterreich;2024-04-09;8.37
Niederösterreich;2024-04-10;8.41
Niederösterreich;2024-04-11;8.49
Niederösterreich;2024-04-12;8.64
Niederösterreich;2024-04-13;8.88
Niederösterreich;2024-04-14;9.15
Niederösterreich;2024-04-15;9.5
Niederösterreich;2024-04-16;9.9
Niederösterreich;2024-04-17;10.36
Niederösterreich;2024-04-18;10.88
Niederösterreich;2024-04-19;11.44
Niederösterreich;2024-04-20;12.06
Niederösterreich;2024-04-21;12.65
Niederösterreich;2024-04-22;13.26
Niederösterreich;2024-04-23;13.87
Niederösterreich;2024-04-24;14.48
Niederösterreich;2024-04-25;15.1
Niederösterreich;2024-04-26;15.73
Niederösterreich;2024-04-27;16.31
Niederösterreich;2024-04-28;16.86
Niederösterreich;2024-04-29;17.32
Niederösterreich;2024-04-30;17.72
Niederösterreich;2024-05-01;18.1
Niederösterreich;2024-05-02;18.42
Niederösterreich;2024-05-03;18.68
Niederösterreich;2024-05-04;18.94
Niederösterreich;2024-05-05;19.11
Niederösterreich;2024-05-06;19.28
Niederösterreich;2024-05-07;19.39
Niederösterreich;2024-05-08;19.47
Niederösterreich;2024-05-09;19.58
Niederösterreich;2024-05-10;19.64
Niederösterreich;2024-05-11;19.79
Niederösterreich;2024-05-12;19.91
Niederösterreich;2024-05-13;20.06
Niederösterreich;2024-05-14;20.19
Niederösterreich;2024-05-15;20.29
Niederösterreich;2024-05-16;20.37
Niederösterreich;2024-05-17;20.43
Niederösterreich;2024-05-18;20.47
Niederösterreich;2024-05-19;20.47
Niederösterreich;2024-05-20;20.56
Niederösterreich;2024-05-21;20.7
Niederösterreich;2024-05-22;20.92
Niederösterreich;2024-05-23;21.21
Niederösterreich;2024-05-24;21.59
Niederösterreich;2024-05-25;22.07
Niederösterreich;2024-05-26;22.6
Niederösterreich;2024-05-27;23.17
Niederösterreich;2024-05-28;23.79
Niederösterreich;2024-05-29;24.48
Niederösterreich;2024-05-30;25.24
Niederösterreich;2024-05-31;26.02
Niederösterreich;2024-06-01;26.89
Niederösterreich;2024-06-02;27.83
Niederösterreich;2024-06-03;28.86
Niederösterreich;2024-06-04;29.97
Niederösterreich;2024-06-05;31.22
Niederösterreich;2024-06-06;32.49
Niederösterreich;2024-06-07;33.82
Niederösterreich;2024-06-08;35.18
Niederösterreich;2024-06-09;36.55
Niederösterreich;2024-06-10;37.94
Niederösterreich;2024-06-11;39.4
Niederösterreich;2024-06-12;40.87
Niederösterreich;2024-06-13;42.39
Niederösterreich;2024-06-14;43.95
Niederösterreich;2024-06-15;45.55
Niederösterreich;2024-06-16;47.16
Niederösterreich;2024-06-17;48.78
Niederösterreich;2024-06-18;50.41
Niederösterreich;2024-06-19;51.97
Niederösterreich;2024-06-20;53.46
Niederösterreich;2024-06-21;54.91
Niederösterreich;2024-06-22;56.25
Niederösterreich;2024-06-23;57.49
Niederösterreich;2024-06-24;58.64
Niederösterreich;2024-06-25;59.67
Niederösterreich;2024-06-26;60.53
Niederösterreich;2024-06-27;61.27
Niederösterreich;2024-06-28;61.93
Niederösterreich;2024-06-29;62.54
Niederösterreich;2024-06-30;63.18
Niederösterreich;2024-07-01;63.83
Niederösterreich;2024-07-02;64.62
Niederösterreich;2024-07-03;65.5
Niederösterreich;2024-07-04;66.46
Niederösterreich;2024-07-05;67.5
Niederösterreich;2024-07-06;68.5
Niederösterreich;2024-07-07;69.48
Niederösterreich;2024-07-08;70.37
Niederösterreich;2024-07-09;71.22
Niederösterreich;2024-07-10;71.99
Niederösterreich;2024-07-11;72.77
Niederösterreich;2024-07-12;73.44
Niederösterreich;2024-07-13;74.1
Niederösterreich;2024-07-14;74.61
Niederösterreich;2024-07-15;75.03
Niederösterreich;2024-07-16;75.37
Niederösterreich;2024-07-17;75.69
Niederösterreich;2024-07-18;76.03
Niederösterreich;2024-07-19;76.37
Niederösterreich;2024-07-20;76.81
Niederösterreich;2024-07-21;77.35
Niederösterreich;2024-07-22;78.05
Niederösterreich;2024-07-23;78.99
Niederösterreich;2024-07-24;80.18
Niederösterreich;2024-07-25;81.65
Niederösterreich;2024-07-26;83.28
Niederösterreich;2024-07-27;85.0
Niederösterreich;2024-07-28;86.71
Niederösterreich;2024-07-29;88.38
Niederösterreich;2024-07-30;90.05
Niederösterreich;2024-07-31;91.68
Niederösterreich;2024-08-01;93.28
Niederösterreich;2024-08-02;94.84
Niederösterreich;2024-08-03;96.37
Niederösterreich;2024-08-04;97.84
Niederösterreich;2024-08-05;99.29
Niederösterreich;2024-08-06;100.71
Niederösterreich;2024-08-07;102.11
Niederösterreich;2024-08-08;103.49
Niederösterreich;2024-08-09;104.89
Niederösterreich;2024-08-10;106.3
Niederösterreich;2024-08-11;107.78
Niederösterreich;2024-08-12;109.32
Niederösterreich;2024-08-13;110.87
Niederösterreich;2024-08-14;112.44
Niederösterreich;2024-08-15;114.02
Niederösterreich;2024-08-16;115.59
Niederösterreich;2024-08-17;117.2
Niederösterreich;2024-08-18;118.86
Niederösterreich;2024-08-19;120.51
Niederösterreich;2024-08-20;122.1
Niederösterreich;2024-08-21;123.56
Niederösterreich;2024-08-22;124.79
Niederösterreich;2024-08-23;125.83
Niederösterreich;2024-08-24;126.57
Niederösterreich;2024-08-25;127.02
Niederösterreich;2024-08-26;127.18
Niederösterreich;2024-08-27;127.08
Niederösterreich;2024-08-28;126.87
Niederösterreich;2024-08-29;126.57
Niederösterreich;2024-08-30;126.32
Niederösterreich;2024-08-31;126.13
Niederösterreich;2024-09-01;126.12
Niederösterreich;2024-09-02;126.37
Niederösterreich;2024-09-03;126.97
Niederösterreich;2024-09-04;127.98
Niederösterreich;2024-09-05;129.36
Niederösterreich;2024-09-06;131.1
Niederösterreich;2024-09-07;133.11
Niederösterreich;2024-09-08;135.42
Niederösterreich;2024-09-09;137.99
Niederösterreich;2024-09-10;140.89
Niederösterreich;2024-09-11;144.14
Niederösterreich;2024-09-12;147.78
Niederösterreich;2024-09-13;151.82
Niederösterreich;2024-09-14;156.38
Niederösterreich;2024-09-15;161.5
Niederösterreich;2024-09-16;167.2
Niederösterreich;2024-09-17;173.37
Niederösterreich;2024-09-18;179.87
Niederösterreich;2024-09-19;186.38
Niederösterreich;2024-09-20;192.67
Niederösterreich;2024-09-21;198.52
Niederösterreich;2024-09-22;203.64
Niederösterreich;2024-09-23;207.9
Niederösterreich;2024-09-24;211.24
Niederösterreich;2024-09-25;213.76
Niederösterreich;2024-09-26;215.67
Niederösterreich;2024-09-27;217.21
Niederösterreich;2024-09-28;218.56
Niederösterreich;2024-09-29;219.87
Niederösterreich;2024-09-30;221.32
Niederösterreich;2024-10-01;222.9
Niederösterreich;2024-10-02;224.6
Niederösterreich;2024-10-03;226.4
Niederösterreich;2024-10-04;228.14
Niederösterreich;2024-10-05;229.68
Niederösterreich;2024-10-06;230.83
Niederösterreich;2024-10-07;231.47
Niederösterreich;2024-10-08;231.44
Niederösterreich;2024-10-09;230.76
Niederösterreich;2024-10-10;229.44
Niederösterreich;2024-10-11;227.59
Niederösterreich;2024-10-12;225.34
Niederösterreich;2024-10-13;222.77
Niederösterreich;2024-10-14;220.0
Niederösterreich;2024-10-15;217.08
Niederösterreich;2024-10-16;214.1
Niederösterreich;2024-10-17;210.96
Niederösterreich;2024-10-18;207.66
Niederösterreich;2024-10-19;204.09
Niederösterreich;2024-10-20;200.16
Niederösterreich;2024-10-21;195.82
Niederösterreich;2024-10-22;191.09
Niederösterreich;2024-10-23;186.05
Niederösterreich;2024-10-24;180.75
Niederösterreich;2024-10-25;175.24
Niederösterreich;2024-10-26;169.67
Niederösterreich;2024-10-27;164.17
Niederösterreich;2024-10-28;158.9
Niederösterreich;2024-10-29;153.97
Niederösterreich;2024-10-30;149.47
Niederösterreich;2024-10-31;145.44
Niederösterreich;2024-11-01;141.84
Niederösterreich;2024-11-02;138.62
Niederösterreich;2024-11-03;135.74
Niederösterreich;2024-11-04;133.17
Niederösterreich;2024-11-05;130.84
Niederösterreich;2024-11-06;128.7
Niederösterreich;2024-11-07;126.66
Niederösterreich;2024-11-08;124.71
Niederösterreich;2024-11-09;122.83
Niederösterreich;2024-11-10;120.98
Niederösterreich;2024-11-11;119.21
Niederösterreich;2024-11-12;117.44
Niederösterreich;2024-11-13;115.65
Niederösterreich;2024-11-14;113.85
Niederösterreich;2024-11-15;112.09
Niederösterreich;2024-11-16;110.37
Niederösterreich;2024-11-17;108.77
Niederösterreich;2024-11-18;107.44
Niederösterreich;2024-11-19;106.41
Niederösterreich;2024-11-20;105.69
Niederösterreich;2024-11-21;105.34
Niederösterreich;2024-11-22;105.27
Niederösterreich;2024-11-23;105.49
Niederösterreich;2024-11-24;105.97
Niederösterreich;2024-11-25;106.73
Niederösterreich;2024-11-26;107.72
Niederösterreich;2024-11-27;108.93
Niederösterreich;2024-11-28;110.24
Niederösterreich;2024-11-29;111.61
Niederösterreich;2024-11-30;112.87
Niederösterreich;2024-12-01;114.01
Niederösterreich;2024-12-02;114.99
Niederösterreich;2024-12-03;115.91
Niederösterreich;2024-12-04;116.72
Niederösterreich;2024-12-05;117.52
Niederösterreich;2024-12-06;118.19
Niederösterreich;2024-12-07;118.77
Niederösterreich;2024-12-08;119.13
Niederösterreich;2024-12-09;119.23
Niederösterreich;2024-12-10;118.95
Niederösterreich;2024-12-11;118.35
Niederösterreich;2024-12-12;117.39
Niederösterreich;2024-12-13;116.17
Niederösterreich;2024-12-14;114.76
Niederösterreich;2024-12-15;113.15
Niederösterreich;2024-12-16;111.45
Niederösterreich;2024-12-17;109.6
Niederösterreich;2024-12-18;107.62
Niederösterreich;2024-12-19;105.55
Niederösterreich;2024-12-20;103.37
Niederösterreich;2024-12-21;101.16
Niederösterreich;2024-12-22;98.92
Niederösterreich;2024-12-23;96.72
Niederösterreich;2024-12-24;94.52
Niederösterreich;2024-12-25;92.33
Niederösterreich;2024-12-26;90.14
Niederösterreich;2024-12-27;87.9
Niederösterreich;2024-12-28;85.58
Niederösterreich;2024-12-29;83.18
Niederösterreich;2024-12-30;80.67
Niederösterreich;2024-12-31;78.11
Niederösterreich;2025-01-01;75.44
Niederösterreich;2025-01-02;72.79
Niederösterreich;2025-01-03;70.09
Niederösterreich;2025-01-04;67.45
Niederösterreich;2025-01-05;64.81
Niederösterreich;2025-01-06;62.25
Niederösterreich;2025-01-07;59.72
Niederösterreich;2025-01-08;57.32
Niederösterreich;2025-01-09;55.0
Niederösterreich;2025-01-10;52.85
Niederösterreich;2025-01-11;50.84
Niederösterreich;2025-01-12;49.01
Niederösterreich;2025-01-13;47.4
Niederösterreich;2025-01-14;46.0
Niederösterreich;2025-01-15;44.78
Niederösterreich;2025-01-16;43.72
Niederösterreich;2025-01-17;42.77
Niederösterreich;2025-01-18;41.87
Niederösterreich;2025-01-19;41.05
Niederösterreich;2025-01-20;40.3
Niederösterreich;2025-01-21;39.58
Niederösterreich;2025-01-22;38.86
Niederösterreich;2025-01-23;38.18
Niederösterreich;2025-01-24;37.48
Niederösterreich;2025-01-25;36.81
Niederösterreich;2025-01-26;36.1
Niederösterreich;2025-01-27;35.34
Niederösterreich;2025-01-28;34.57
Niederösterreich;2025-01-29;33.76
Niederösterreich;2025-01-30;32.94
Niederösterreich;2025-01-31;32.13
Niederösterreich;2025-02-01;31.33
Niederösterreich;2025-02-02;30.59
Niederösterreich;2025-02-03;29.84
Niederösterreich;2025-02-04;29.21
Niederösterreich;2025-02-05;28.65
Niederösterreich;2025-02-06;28.14
Niederösterreich;2025-02-07;27.7
Niederösterreich;2025-02-08;27.28
Niederösterreich;2025-02-09;26.85
Niederösterreich;2025-02-10;26.39
Niederösterreich;2025-02-11;25.89
Niederösterreich;2025-02-12;25.34
Niederösterreich;2025-02-13;24.72
Niederösterreich;2025-02-14;24.09
Niederösterreich;2025-02-15;23.43
Niederösterreich;2025-02-16;22.78
Niederösterreich;2025-02-17;22.19
Niederösterreich;2025-02-18;21.58
Niederösterreich;2025-02-19;21.03
Niederösterreich;2025-02-20;20.47
Niederösterreich;2025-02-21;19.9
Niederösterreich;2025-02-22;19.34
Niederösterreich;2025-02-23;18.75
Niederösterreich;2025-02-24;18.23
Niederösterreich;2025-02-25;17.74
Niederösterreich;2025-02-26;17.33
Niederösterreich;2025-02-27;16.97
Niederösterreich;2025-02-28;16.73
Niederösterreich;2025-03-01;16.52
Niederösterreich;2025-03-02;16.38
Niederösterreich;2025-03-03;16.28
Niederösterreich;2025-03-04;16.21
Niederösterreich;2025-03-05;16.12
Niederösterreich;2025-03-06;16.04
Niederösterreich;2025-03-07;15.94
Niederösterreich;2025-03-08;15.83
Niederösterreich;2025-03-09;15.69
Niederösterreich;2025-03-10;15.5
Niederösterreich;2025-03-11;15.29
Niederösterreich;2025-03-12;15.09
Niederösterreich;2025-03-13;14.95
Niederösterreich;2025-03-14;14.81
Niederösterreich;2025-03-15;14.66
Niederösterreich;2025-03-16;14.54
Niederösterreich;2025-03-17;14.37
Niederösterreich;2025-03-18;14.18
Niederösterreich;2025-03-19;13.94
Niederösterreich;2025-03-20;13.68
Niederösterreich;2025-03-21;13.38
Niederösterreich;2025-03-22;13.05
Niederösterreich;2025-03-23;12.7
Niederösterreich;2025-03-24;12.37
Niederösterreich;2025-03-25;12.04
Niederösterreich;2025-03-26;11.74
Niederösterreich;2025-03-27;11.47
Niederösterreich;2025-03-28;11.29
Niederösterreich;2025-03-29;11.19
Niederösterreich;2025-03-30;11.18
Niederösterreich;2025-03-31;11.22
Niederösterreich;2025-04-01;11.37
Niederösterreich;2025-04-02;11.6
Niederösterreich;2025-04-03;11.86
Niederösterreich;2025-04-04;12.13
Niederösterreich;2025-04-05;12.4
Niederösterreich;2025-04-06;12.63
Niederösterreich;2025-04-07;12.82
Niederösterreich;2025-04-08;13.0
Niederösterreich;2025-04-09;13.14
Niederösterreich;2025-04-10;13.24
Niederösterreich;2025-04-11;13.31
Niederösterreich;2025-04-12;13.34
Niederösterreich;2025-04-13;13.32
Niederösterreich;2025-04-14;13.28
Niederösterreich;2025-04-15;13.22
Niederösterreich;2025-04-16;13.17
Niederösterreich;2025-04-17;13.15
Niederösterreich;2025-04-18;13.15
Niederösterreich;2025-04-19;13.17
Niederösterreich;2025-04-20;13.19
Niederösterreich;2025-04-21;13.21
Niederösterreich;2025-04-22;13.21
Niederösterreich;2025-04-23;13.23
Niederösterreich;2025-04-24;13.19
Niederösterreich;2025-04-25;13.16
Niederösterreich;2025-04-26;13.11
Niederösterreich;2025-04-27;13.07
Niederösterreich;2025-04-28;12.99
Niederösterreich;2025-04-29;12.91
Niederösterreich;2025-04-30;12.84
Niederösterreich;2025-05-01;12.81
Niederösterreich;2025-05-02;12.81
Niederösterreich;2025-05-03;12.83
Niederösterreich;2025-05-04;12.93
Niederösterreich;2025-05-05;13.14
Niederösterreich;2025-05-06;13.44
Niederösterreich;2025-05-07;13.92
Niederösterreich;2025-05-08;14.46
Niederösterreich;2025-05-09;15.14
Niederösterreich;2025-05-10;15.87
Niederösterreich;2025-05-11;16.68
Niederösterreich;2025-05-12;17.53
Niederösterreich;2025-05-13;18.43
Niederösterreich;2025-05-14;19.37
Niederösterreich;2025-05-15;20.41
Niederösterreich;2025-05-16;21.47
Niederösterreich;2025-05-17;22.57
Niederösterreich;2025-05-18;23.72
Niederösterreich;2025-05-19;24.93
Niederösterreich;2025-05-20;26.17
Niederösterreich;2025-05-21;27.43
Niederösterreich;2025-05-22;28.67
Niederösterreich;2025-05-23;29.9
Niederösterreich;2025-05-24;31.05
Niederösterreich;2025-05-25;32.19
Niederösterreich;2025-05-26;33.23
Niederösterreich;2025-05-27;34.2
Niederösterreich;2025-05-28;35.08
Niederösterreich;2025-05-29;35.85
Niederösterreich;2025-05-30;36.52
Niederösterreich;2025-05-31;37.11
Niederösterreich;2025-06-01;37.56
Niederösterreich;2025-06-02;37.87
Niederösterreich;2025-06-03;38.01
Niederösterreich;2025-06-04;38.02
Niederösterreich;2025-06-05;37.91
Niederösterreich;2025-06-06;37.66
Niederösterreich;2025-06-07;37.39
Niederösterreich;2025-06-08;37.03
Niederösterreich;2025-06-09;36.76
Niederösterreich;2025-06-10;36.47
Niederösterreich;2025-06-11;36.27
Niederösterreich;2025-06-12;36.19
Niederösterreich;2025-06-13;36.17
Niederösterreich;2025-06-14;36.16
Niederösterreich;2025-06-15;36.21
Niederösterreich;2025-06-16;36.21
Niederösterreich;2025-06-17;36.22
Niederösterreich;2025-06-18;36.18
Niederösterreich;2025-06-19;36.11
Niederösterreich;2025-06-20;36.01
Niederösterreich;2025-06-21;35.88
Niederösterreich;2025-06-22;35.72
Niederösterreich;2025-06-23;35.53
Niederösterreich;2025-06-24;35.33
Niederösterreich;2025-06-25;35.1
Niederösterreich;2025-06-26;29.47
Niederösterreich;2025-06-27;29.11
Niederösterreich;2025-06-28;28.72
Niederösterreich;2025-06-29;28.4
Niederösterreich;2025-06-30;28.08
Niederösterreich;2025-07-01;27.74
Niederösterreich;2025-07-02;27.49
Niederösterreich;2025-07-03;27.24
Niederösterreich;2025-07-04;27.06
Niederösterreich;2025-07-05;26.9
Niederösterreich;2025-07-06;26.86
Niederösterreich;2025-07-07;26.88
Niederösterreich;2025-07-08;27.03
Niederösterreich;2025-07-09;27.26
Niederösterreich;2025-07-10;27.57
Niederösterreich;2025-07-11;27.93
Niederösterreich;2025-07-12;28.36
Niederösterreich;2025-07-13;28.86
Niederösterreich;2025-07-14;29.46
Niederösterreich;2025-07-15;30.18
Niederösterreich;2025-07-16;30.99
Niederösterreich;2025-07-17;31.93
Niederösterreich;2025-07-18;32.88
Niederösterreich;2025-07-19;33.89
Niederösterreich;2025-07-20;34.9
Niederösterreich;2025-07-21;35.84
Niederösterreich;2025-07-22;36.76
Niederösterreich;2025-07-23;37.6
Niederösterreich;2025-07-24;38.45
Niederösterreich;2025-07-25;39.22
Niederösterreich;2025-07-26;40.0
Niederösterreich;2025-07-27;40.75
Niederösterreich;2025-07-28;41.52
Niederösterreich;2025-07-29;42.31
Steiermark;2022-09-01;93.67
Steiermark;2022-09-02;94.93
Steiermark;2022-09-03;96.5
Steiermark;2022-09-04;98.24
Steiermark;2022-09-05;100.27
Steiermark;2022-09-06;102.79
Steiermark;2022-09-07;105.84
Steiermark;2022-09-08;109.67
Steiermark;2022-09-09;114.07
Steiermark;2022-09-10;119.11
Steiermark;2022-09-11;124.76
Steiermark;2022-09-12;130.91
Steiermark;2022-09-13;137.68
Steiermark;2022-09-14;145.09
Steiermark;2022-09-15;153.02
Steiermark;2022-09-16;161.2
Steiermark;2022-09-17;169.28
Steiermark;2022-09-18;176.77
Steiermark;2022-09-19;183.56
Steiermark;2022-09-20;189.76
Steiermark;2022-09-21;195.76
Steiermark;2022-09-22;201.8
Steiermark;2022-09-23;208.17
Steiermark;2022-09-24;214.83
Steiermark;2022-09-25;222.02
Steiermark;2022-09-26;229.41
Steiermark;2022-09-27;236.85
Steiermark;2022-09-28;243.76
Steiermark;2022-09-29;249.9
Steiermark;2022-09-30;255.06
Steiermark;2022-10-01;259.18
Steiermark;2022-10-02;262.17
Steiermark;2022-10-03;264.12
Steiermark;2022-10-04;265.15
Steiermark;2022-10-05;265.47
Steiermark;2022-10-06;265.13
Steiermark;2022-10-07;263.98
Steiermark;2022-10-08;261.8
Steiermark;2022-10-09;258.36
Steiermark;2022-10-10;253.39
Steiermark;2022-10-11;247.24
Steiermark;2022-10-12;240.08
Steiermark;2022-10-13;232.25
Steiermark;2022-10-14;223.95
Steiermark;2022-10-15;215.01
Steiermark;2022-10-16;205.6
Steiermark;2022-10-17;195.56
Steiermark;2022-10-18;185.17
Steiermark;2022-10-19;174.55
Steiermark;2022-10-20;164.08
Steiermark;2022-10-21;153.82
Steiermark;2022-10-22;143.93
Steiermark;2022-10-23;134.51
Steiermark;2022-10-24;125.73
Steiermark;2022-10-25;117.63
Steiermark;2022-10-26;110.26
Steiermark;2022-10-27;103.71
Steiermark;2022-10-28;97.81
Steiermark;2022-10-29;92.61
Steiermark;2022-10-30;88.18
Steiermark;2022-10-31;84.42
Steiermark;2022-11-01;81.4
Steiermark;2022-11-02;78.96
Steiermark;2022-11-03;77.18
Steiermark;2022-11-04;75.81
Steiermark;2022-11-05;74.77
Steiermark;2022-11-06;74.03
Steiermark;2022-11-07;73.53
Steiermark;2022-11-08;73.42
Steiermark;2022-11-09;73.79
Steiermark;2022-11-10;74.6
Steiermark;2022-11-11;75.88
Steiermark;2022-11-12;77.52
Steiermark;2022-11-13;79.64
Steiermark;2022-11-14;82.14
Steiermark;2022-11-15;85.08
Steiermark;2022-11-16;88.35
Steiermark;2022-11-17;92.07
Steiermark;2022-11-18;96.17
Steiermark;2022-11-19;100.6
Steiermark;2022-11-20;105.22
Steiermark;2022-11-21;110.12
Steiermark;2022-11-22;115.16
Steiermark;2022-11-23;120.5
Steiermark;2022-11-24;125.86
Steiermark;2022-11-25;131.27
Steiermark;2022-11-26;136.44
Steiermark;2022-11-27;141.45
Steiermark;2022-11-28;146.01
Steiermark;2022-11-29;150.21
Steiermark;2022-11-30;154.1
Steiermark;2022-12-01;157.6
Steiermark;2022-12-02;160.84
Steiermark;2022-12-03;163.82
Steiermark;2022-12-04;166.6
Steiermark;2022-12-05;169.08
Steiermark;2022-12-06;171.38
Steiermark;2022-12-07;173.42
Steiermark;2022-12-08;175.33
Steiermark;2022-12-09;176.94
Steiermark;2022-12-10;178.38
Steiermark;2022-12-11;179.61
Steiermark;2022-12-12;180.65
Steiermark;2022-12-13;181.58
Steiermark;2022-12-14;182.59
Steiermark;2022-12-15;183.61
Steiermark;2022-12-16;184.55
Steiermark;2022-12-17;185.23
Steiermark;2022-12-18;185.28
Steiermark;2022-12-19;184.71
Steiermark;2022-12-20;183.49
Steiermark;2022-12-21;181.79
Steiermark;2022-12-22;179.8
Steiermark;2022-12-23;177.58
Steiermark;2022-12-24;175.31
Steiermark;2022-12-25;172.93
Steiermark;2022-12-26;170.37
Steiermark;2022-12-27;167.7
Steiermark;2022-12-28;164.73
Steiermark;2022-12-29;161.4
Steiermark;2022-12-30;157.77
Steiermark;2022-12-31;153.94
Steiermark;2023-01-01;149.8
Steiermark;2023-01-02;145.71
Steiermark;2023-01-03;141.68
Steiermark;2023-01-04;138.03
Steiermark;2023-01-05;134.77
Steiermark;2023-01-06;131.97
Steiermark;2023-01-07;129.65
Steiermark;2023-01-08;127.58
Steiermark;2023-01-09;125.88
Steiermark;2023-01-10;124.4
Steiermark;2023-01-11;123.12
Steiermark;2023-01-12;122.03
Steiermark;2023-01-13;121.15
Steiermark;2023-01-14;120.54
Steiermark;2023-01-15;119.7
Steiermark;2023-01-16;119.66
Steiermark;2023-01-17;116.55
Steiermark;2023-01-18;117.14
Steiermark;2023-01-19;118.04
Steiermark;2023-01-20;119.3
Steiermark;2023-01-21;120.78
Steiermark;2023-01-22;122.65
Steiermark;2023-01-23;124.83
Steiermark;2023-01-24;127.49
Steiermark;2023-01-25;130.72
Steiermark;2023-01-26;134.44
Steiermark;2023-01-27;138.58
Steiermark;2023-01-28;142.93
Steiermark;2023-01-29;147.49
Steiermark;2023-01-30;152.19
Steiermark;2023-01-31;157.01
Steiermark;2023-02-01;161.98
Steiermark;2023-02-02;167.14
Steiermark;2023-02-03;172.36
Steiermark;2023-02-04;177.58
Steiermark;2023-02-05;182.65
Steiermark;2023-02-06;187.55
Steiermark;2023-02-07;192.24
Steiermark;2023-02-08;196.84
Steiermark;2023-02-09;201.41
Steiermark;2023-02-10;205.92
Steiermark;2023-02-11;210.27
Steiermark;2023-02-12;214.46
Steiermark;2023-02-13;218.39
Steiermark;2023-02-14;222.22
Steiermark;2023-02-15;225.92
Steiermark;2023-02-16;229.56
Steiermark;2023-02-17;233.2
Steiermark;2023-02-18;236.92
Steiermark;2023-02-19;240.62
Steiermark;2023-02-20;244.47
Steiermark;2023-02-21;248.34
Steiermark;2023-02-22;252.23
Steiermark;2023-02-23;255.93
Steiermark;2023-02-24;259.3
Steiermark;2023-02-25;261.97
Steiermark;2023-02-26;263.6
Steiermark;2023-02-27;264.0
Steiermark;2023-02-28;263.16
Steiermark;2023-03-01;261.12
Steiermark;2023-03-02;258.19
Steiermark;2023-03-03;254.66
Steiermark;2023-03-04;250.69
Steiermark;2023-03-05;246.19
Steiermark;2023-03-06;241.31
Steiermark;2023-03-07;236.03
Steiermark;2023-03-08;230.33
Steiermark;2023-03-09;224.24
Steiermark;2023-03-10;217.75
Steiermark;2023-03-11;210.88
Steiermark;2023-03-12;203.61
Steiermark;2023-03-13;196.14
Steiermark;2023-03-14;188.41
Steiermark;2023-03-15;180.66
Steiermark;2023-03-16;172.85
Steiermark;2023-03-17;165.15
Steiermark;2023-03-18;157.64
Steiermark;2023-03-19;150.28
Steiermark;2023-03-20;143.24
Steiermark;2023-03-21;136.46
Steiermark;2023-03-22;130.07
Steiermark;2023-03-23;124.03
Steiermark;2023-03-24;118.32
Steiermark;2023-03-25;112.97
Steiermark;2023-03-26;107.97
Steiermark;2023-03-27;103.32
Steiermark;2023-03-28;98.86
Steiermark;2023-03-29;94.67
Steiermark;2023-03-30;90.64
Steiermark;2023-03-31;86.82
Steiermark;2023-04-01;83.29
Steiermark;2023-04-02;80.1
Steiermark;2023-04-03;77.26
Steiermark;2023-04-04;74.82
Steiermark;2023-04-05;72.69
Steiermark;2023-04-06;70.81
Steiermark;2023-04-07;69.16
Steiermark;2023-04-08;67.67
Steiermark;2023-04-09;66.34
Steiermark;2023-04-10;65.05
Steiermark;2023-04-11;63.88
Steiermark;2023-04-12;62.7
Steiermark;2023-04-13;61.65
Steiermark;2023-04-14;60.51
Steiermark;2023-04-15;59.39
Steiermark;2023-04-16;58.1
Steiermark;2023-04-17;56.77
Steiermark;2023-04-18;55.36
Steiermark;2023-04-19;53.95
Steiermark;2023-04-20;52.6
Steiermark;2023-04-21;51.24
Steiermark;2023-04-22;49.82
Steiermark;2023-04-23;48.48
Steiermark;2023-04-24;47.17
Steiermark;2023-04-25;45.73
Steiermark;2023-04-26;44.28
Steiermark;2023-04-27;42.82
Steiermark;2023-04-28;41.32
Steiermark;2023-04-29;39.91
Steiermark;2023-04-30;38.49
Steiermark;2023-05-01;37.17
Steiermark;2023-05-02;36.01
Steiermark;2023-05-03;34.97
Steiermark;2023-05-04;34.17
Steiermark;2023-05-05;33.48
Steiermark;2023-05-06;32.87
Steiermark;2023-05-07;32.22
Steiermark;2023-05-08;31.66
Steiermark;2023-05-09;30.95
Steiermark;2023-05-10;30.25
Steiermark;2023-05-11;29.46
Steiermark;2023-05-12;28.68
Steiermark;2023-05-13;27.94
Steiermark;2023-05-14;27.22
Steiermark;2023-05-15;26.63
Steiermark;2023-05-16;26.17
Steiermark;2023-05-17;25.69
Steiermark;2023-05-18;25.31
Steiermark;2023-05-19;24.9
Steiermark;2023-05-20;24.38
Steiermark;2023-05-21;23.84
Steiermark;2023-05-22;23.11
Steiermark;2023-05-23;22.37
Steiermark;2023-05-24;21.57
Steiermark;2023-05-25;20.75
Steiermark;2023-05-26;19.94
Steiermark;2023-05-27;19.1
Steiermark;2023-05-28;18.33
Steiermark;2023-05-29;17.6
Steiermark;2023-05-30;16.84
Steiermark;2023-05-31;16.12
Steiermark;2023-06-01;15.44
Steiermark;2023-06-02;14.78
Steiermark;2023-06-03;14.15
Steiermark;2023-06-04;13.5
Steiermark;2023-06-05;12.95
Steiermark;2023-06-06;12.32
Steiermark;2023-06-07;11.78
Steiermark;2023-06-08;11.19
Steiermark;2023-06-09;10.68
Steiermark;2023-06-10;10.1
Steiermark;2023-06-11;9.59
Steiermark;2023-06-12;9.04
Steiermark;2023-06-13;8.57
Steiermark;2023-06-14;8.1
Steiermark;2023-06-15;7.71
Steiermark;2023-06-16;7.34
Steiermark;2023-06-17;7.05
Steiermark;2023-06-18;6.79
Steiermark;2023-06-19;6.58
Steiermark;2023-06-20;6.41
Steiermark;2023-06-21;6.33
Steiermark;2023-06-22;6.24
Steiermark;2023-06-23;6.21
Steiermark;2023-06-24;6.23
Steiermark;2023-06-25;6.26
Steiermark;2023-06-26;6.36
Steiermark;2023-06-27;6.49
Steiermark;2023-06-28;6.68
Steiermark;2023-06-29;6.87
Steiermark;2023-06-30;7.04
Steiermark;2023-07-01;7.28
Steiermark;2023-07-02;7.51
Steiermark;2023-07-03;7.72
Steiermark;2023-07-04;7.92
Steiermark;2023-07-05;8.13
Steiermark;2023-07-06;8.33
Steiermark;2023-07-07;8.6
Steiermark;2023-07-08;8.85
Steiermark;2023-07-09;9.04
Steiermark;2023-07-10;9.28
Steiermark;2023-07-11;9.51
Steiermark;2023-07-12;9.75
Steiermark;2023-07-13;9.96
Steiermark;2023-07-14;10.27
Steiermark;2023-07-15;10.51
Steiermark;2023-07-16;10.84
Steiermark;2023-07-17;11.24
Steiermark;2023-07-18;11.69
Steiermark;2023-07-19;12.1
Steiermark;2023-07-20;12.64
Steiermark;2023-07-21;13.16
Steiermark;2023-07-22;13.77
Steiermark;2023-07-23;14.38
Steiermark;2023-07-24;15.1
Steiermark;2023-07-25;15.83
Steiermark;2023-07-26;16.57
Steiermark;2023-07-27;17.33
Steiermark;2023-07-28;18.11
Steiermark;2023-07-29;18.96
Steiermark;2023-07-30;19.84
Steiermark;2023-07-31;20.75
Steiermark;2023-08-01;21.79
Steiermark;2023-08-02;22.99
Steiermark;2023-08-03;24.33
Steiermark;2023-08-04;25.92
Steiermark;2023-08-05;27.78
Steiermark;2023-08-06;29.87
Steiermark;2023-08-07;32.18
Steiermark;2023-08-08;34.7
Steiermark;2023-08-09;37.35
Steiermark;2023-08-10;39.91
Steiermark;2023-08-11;42.33
Steiermark;2023-08-12;44.47
Steiermark;2023-08-13;46.17
Steiermark;2023-08-14;47.52
Steiermark;2023-08-15;48.44
Steiermark;2023-08-16;49.15
Steiermark;2023-08-17;49.74
Steiermark;2023-08-18;50.28
Steiermark;2023-08-19;50.79
Steiermark;2023-08-20;51.51
Steiermark;2023-08-21;52.28
Steiermark;2023-08-22;53.14
Steiermark;2023-08-23;54.19
Steiermark;2023-08-24;55.33
Steiermark;2023-08-25;56.56
Steiermark;2023-08-26;57.77
Steiermark;2023-08-27;58.94
Steiermark;2023-08-28;60.03
Steiermark;2023-08-29;60.97
Steiermark;2023-08-30;61.82
Steiermark;2023-08-31;62.68
Steiermark;2023-09-01;63.49
Steiermark;2023-09-02;64.36
Steiermark;2023-09-03;65.32
Steiermark;2023-09-04;66.45
Steiermark;2023-09-05;67.85
Steiermark;2023-09-06;69.45
Steiermark;2023-09-07;71.22
Steiermark;2023-09-08;73.14
Steiermark;2023-09-09;75.01
Steiermark;2023-09-10;76.75
Steiermark;2023-09-11;78.29
Steiermark;2023-09-12;79.53
Steiermark;2023-09-13;80.5
Steiermark;2023-09-14;81.35
Steiermark;2023-09-15;82.01
Steiermark;2023-09-16;82.64
Steiermark;2023-09-17;83.24
Steiermark;2023-09-18;83.91
Steiermark;2023-09-19;84.66
Steiermark;2023-09-20;85.58
Steiermark;2023-09-21;86.68
Steiermark;2023-09-22;88.0
Steiermark;2023-09-23;89.59
Steiermark;2023-09-24;91.42
Steiermark;2023-09-25;93.45
Steiermark;2023-09-26;95.72
Steiermark;2023-09-27;98.21
Steiermark;2023-09-28;100.82
Steiermark;2023-09-29;103.53
Steiermark;2023-09-30;106.09
Steiermark;2023-10-01;108.38
Steiermark;2023-10-02;110.47
Steiermark;2023-10-03;112.26
Steiermark;2023-10-04;113.78
Steiermark;2023-10-05;115.13
Steiermark;2023-10-06;116.39
Steiermark;2023-10-07;117.66
Steiermark;2023-10-08;119.16
Steiermark;2023-10-09;120.84
Steiermark;2023-10-10;122.8
Steiermark;2023-10-11;125.06
Steiermark;2023-10-12;127.73
Steiermark;2023-10-13;130.68
Steiermark;2023-10-14;134.18
Steiermark;2023-10-15;138.24
Steiermark;2023-10-16;142.89
Steiermark;2023-10-17;148.21
Steiermark;2023-10-18;154.19
Steiermark;2023-10-19;160.53
Steiermark;2023-10-20;167.12
Steiermark;2023-10-21;173.72
Steiermark;2023-10-22;180.11
Steiermark;2023-10-23;186.24
Steiermark;2023-10-24;192.07
Steiermark;2023-10-25;197.74
Steiermark;2023-10-26;203.23
Steiermark;2023-10-27;208.53
Steiermark;2023-10-28;213.46
Steiermark;2023-10-29;217.98
Steiermark;2023-10-30;221.96
Steiermark;2023-10-31;225.41
Steiermark;2023-11-01;228.25
Steiermark;2023-11-02;230.69
Steiermark;2023-11-03;232.86
Steiermark;2023-11-04;235.26
Steiermark;2023-11-05;238.21
Steiermark;2023-11-06;241.94
Steiermark;2023-11-07;246.64
Steiermark;2023-11-08;252.27
Steiermark;2023-11-09;258.74
Steiermark;2023-11-10;265.88
Steiermark;2023-11-11;273.46
Steiermark;2023-11-12;281.28
Steiermark;2023-11-13;289.26
Steiermark;2023-11-14;297.31
Steiermark;2023-11-15;305.39
Steiermark;2023-11-16;313.49
Steiermark;2023-11-17;321.92
Steiermark;2023-11-18;330.82
Steiermark;2023-11-19;340.58
Steiermark;2023-11-20;351.32
Steiermark;2023-11-21;363.11
Steiermark;2023-11-22;376.03
Steiermark;2023-11-23;389.83
Steiermark;2023-11-24;404.4
Steiermark;2023-11-25;419.39
Steiermark;2023-11-26;434.58
Steiermark;2023-11-27;449.79
Steiermark;2023-11-28;464.74
Steiermark;2023-11-29;479.25
Steiermark;2023-11-30;493.07
Steiermark;2023-12-01;505.85
Steiermark;2023-12-02;517.13
Steiermark;2023-12-03;526.68
Steiermark;2023-12-04;534.42
Steiermark;2023-12-05;540.98
Steiermark;2023-12-06;546.83
Steiermark;2023-12-07;552.37
Steiermark;2023-12-08;557.61
Steiermark;2023-12-09;562.17
Steiermark;2023-12-10;565.63
Steiermark;2023-12-11;567.71
Steiermark;2023-12-12;568.61
Steiermark;2023-12-13;568.72
Steiermark;2023-12-14;568.4
Steiermark;2023-12-15;567.59
Steiermark;2023-12-16;565.77
Steiermark;2023-12-17;562.46
Steiermark;2023-12-18;557.21
Steiermark;2023-12-19;549.83
Steiermark;2023-12-20;540.34
Steiermark;2023-12-21;528.86
Steiermark;2023-12-22;515.75
Steiermark;2023-12-23;501.38
Steiermark;2023-12-24;486.05
Steiermark;2023-12-25;469.95
Steiermark;2023-12-26;453.15
Steiermark;2023-12-27;435.83
Steiermark;2023-12-28;417.8
Steiermark;2023-12-29;399.26
Steiermark;2023-12-30;380.29
Steiermark;2023-12-31;361.06
Steiermark;2024-01-01;341.67
Steiermark;2024-01-02;322.3
Steiermark;2024-01-03;303.2
Steiermark;2024-01-04;284.61
Steiermark;2024-01-05;266.78
Steiermark;2024-01-06;250.03
Steiermark;2024-01-07;234.56
Steiermark;2024-01-08;220.47
Steiermark;2024-01-09;207.83
Steiermark;2024-01-10;196.55
Steiermark;2024-01-11;186.44
Steiermark;2024-01-12;177.2
Steiermark;2024-01-13;168.58
Steiermark;2024-01-14;160.41
Steiermark;2024-01-15;152.59
Steiermark;2024-01-16;144.92
Steiermark;2024-01-17;137.47
Steiermark;2024-01-18;130.29
Steiermark;2024-01-19;123.34
Steiermark;2024-01-20;116.7
Steiermark;2024-01-21;110.37
Steiermark;2024-01-22;104.4
Steiermark;2024-01-23;98.8
Steiermark;2024-01-24;93.67
Steiermark;2024-01-25;89.09
Steiermark;2024-01-26;84.98
Steiermark;2024-01-27;81.2
Steiermark;2024-01-28;77.74
Steiermark;2024-01-29;74.52
Steiermark;2024-01-30;71.47
Steiermark;2024-01-31;68.47
Steiermark;2024-02-01;65.55
Steiermark;2024-02-02;62.55
Steiermark;2024-02-03;59.58
Steiermark;2024-02-04;56.58
Steiermark;2024-02-05;53.53
Steiermark;2024-02-06;50.49
Steiermark;2024-02-07;47.53
Steiermark;2024-02-08;44.63
Steiermark;2024-02-09;41.79
Steiermark;2024-02-10;39.02
Steiermark;2024-02-11;36.41
Steiermark;2024-02-12;33.94
Steiermark;2024-02-13;31.65
Steiermark;2024-02-14;29.52
Steiermark;2024-02-15;27.54
Steiermark;2024-02-16;25.67
Steiermark;2024-02-17;23.92
Steiermark;2024-02-18;22.28
Steiermark;2024-02-19;20.63
Steiermark;2024-02-20;19.13
Steiermark;2024-02-21;17.66
Steiermark;2024-02-22;16.3
Steiermark;2024-02-23;15.03
Steiermark;2024-02-24;13.84
Steiermark;2024-02-25;12.84
Steiermark;2024-02-26;11.86
Steiermark;2024-02-27;10.99
Steiermark;2024-02-28;10.22
Steiermark;2024-02-29;9.49
Steiermark;2024-03-01;8.93
Steiermark;2024-03-02;8.33
Steiermark;2024-03-03;7.88
Steiermark;2024-03-04;7.45
Steiermark;2024-03-05;7.16
Steiermark;2024-03-06;6.93
Steiermark;2024-03-07;6.75
Steiermark;2024-03-08;6.64
Steiermark;2024-03-09;6.55
Steiermark;2024-03-10;6.47
Steiermark;2024-03-11;6.44
Steiermark;2024-03-12;6.38
Steiermark;2024-03-13;6.34
Steiermark;2024-03-14;6.37
Steiermark;2024-03-15;6.36
Steiermark;2024-03-16;6.33
Steiermark;2024-03-17;6.39
Steiermark;2024-03-18;6.38
Steiermark;2024-03-19;6.47
Steiermark;2024-03-20;6.54
Steiermark;2024-03-21;6.69
Steiermark;2024-03-22;6.78
Steiermark;2024-03-23;6.93
Steiermark;2024-03-24;7.03
Steiermark;2024-03-25;7.07
Steiermark;2024-03-26;7.1
Steiermark;2024-03-27;7.03
Steiermark;2024-03-28;6.95
Steiermark;2024-03-29;6.85
Steiermark;2024-03-30;6.65
Steiermark;2024-03-31;6.53
Steiermark;2024-04-01;6.31
Steiermark;2024-04-02;6.12
Steiermark;2024-04-03;5.92
Steiermark;2024-04-04;5.71
Steiermark;2024-04-05;5.54
Steiermark;2024-04-06;5.28
Steiermark;2024-04-07;5.15
Steiermark;2024-04-08;4.94
Steiermark;2024-04-09;4.83
Steiermark;2024-04-10;4.7
Steiermark;2024-04-11;4.57
Steiermark;2024-04-12;4.47
Steiermark;2024-04-13;4.44
Steiermark;2024-04-14;4.37
Steiermark;2024-04-15;4.38
Steiermark;2024-04-16;4.41
Steiermark;2024-04-17;4.47
Steiermark;2024-04-18;4.53
Steiermark;2024-04-19;4.6
Steiermark;2024-04-20;4.69
Steiermark;2024-04-21;4.79
Steiermark;2024-04-22;4.89
Steiermark;2024-04-23;5.01
Steiermark;2024-04-24;5.14
Steiermark;2024-04-25;5.33
Steiermark;2024-04-26;5.45
Steiermark;2024-04-27;5.65
Steiermark;2024-04-28;5.83
Steiermark;2024-04-29;6.0
Steiermark;2024-04-30;6.15
Steiermark;2024-05-01;6.32
Steiermark;2024-05-02;6.48
Steiermark;2024-05-03;6.62
Steiermark;2024-05-04;6.79
Steiermark;2024-05-05;7.02
Steiermark;2024-05-06;7.19
Steiermark;2024-05-07;7.37
Steiermark;2024-05-08;7.51
Steiermark;2024-05-09;7.7
Steiermark;2024-05-10;7.91
Steiermark;2024-05-11;8.05
Steiermark;2024-05-12;8.27
Steiermark;2024-05-13;8.46
Steiermark;2024-05-14;8.71
Steiermark;2024-05-15;9.01
Steiermark;2024-05-16;9.37
Steiermark;2024-05-17;9.77
Steiermark;2024-05-18;10.23
Steiermark;2024-05-19;10.71
Steiermark;2024-05-20;11.2
Steiermark;2024-05-21;11.75
Steiermark;2024-05-22;12.38
Steiermark;2024-05-23;13.02
Steiermark;2024-05-24;13.74
Steiermark;2024-05-25;14.49
Steiermark;2024-05-26;15.29
Steiermark;2024-05-27;16.21
Steiermark;2024-05-28;17.19
Steiermark;2024-05-29;18.19
Steiermark;2024-05-30;19.26
Steiermark;2024-05-31;20.35
Steiermark;2024-06-01;21.59
Steiermark;2024-06-02;22.92
Steiermark;2024-06-03;24.34
Steiermark;2024-06-04;25.95
Steiermark;2024-06-05;27.62
Steiermark;2024-06-06;29.32
Steiermark;2024-06-07;31.06
Steiermark;2024-06-08;32.79
Steiermark;2024-06-09;34.38
Steiermark;2024-06-10;35.91
Steiermark;2024-06-11;37.39
Steiermark;2024-06-12;38.85
Steiermark;2024-06-13;40.34
Steiermark;2024-06-14;41.81
Steiermark;2024-06-15;43.39
Steiermark;2024-06-16;44.88
Steiermark;2024-06-17;46.23
Steiermark;2024-06-18;47.4
Steiermark;2024-06-19;48.47
Steiermark;2024-06-20;49.32
Steiermark;2024-06-21;50.01
Steiermark;2024-06-22;50.71
Steiermark;2024-06-23;51.36
Steiermark;2024-06-24;52.11
Steiermark;2024-06-25;52.92
Steiermark;2024-06-26;53.72
Steiermark;2024-06-27;54.44
Steiermark;2024-06-28;55.06
Steiermark;2024-06-29;55.7
Steiermark;2024-06-30;56.24
Steiermark;2024-07-01;56.83
Steiermark;2024-07-02;57.39
Steiermark;2024-07-03;58.05
Steiermark;2024-07-04;58.74
Steiermark;2024-07-05;59.45
Steiermark;2024-07-06;60.14
Steiermark;2024-07-07;60.8
Steiermark;2024-07-08;61.26
Steiermark;2024-07-09;61.65
Steiermark;2024-07-10;61.92
Steiermark;2024-07-11;62.19
Steiermark;2024-07-12;62.41
Steiermark;2024-07-13;62.63
Steiermark;2024-07-14;62.9
Steiermark;2024-07-15;63.23
Steiermark;2024-07-16;63.66
Steiermark;2024-07-17;64.14
Steiermark;2024-07-18;64.75
Steiermark;2024-07-19;65.4
Steiermark;2024-07-20;66.05
Steiermark;2024-07-21;66.69
Steiermark;2024-07-22;67.3
Steiermark;2024-07-23;67.92
Steiermark;2024-07-24;68.49
Steiermark;2024-07-25;69.05
Steiermark;2024-07-26;69.6
Steiermark;2024-07-27;70.11
Steiermark;2024-07-28;70.63
Steiermark;2024-07-29;71.27
Steiermark;2024-07-30;71.97
Steiermark;2024-07-31;72.77
Steiermark;2024-08-01;73.67
Steiermark;2024-08-02;74.76
Steiermark;2024-08-03;75.8
Steiermark;2024-08-04;76.9
Steiermark;2024-08-05;77.99
Steiermark;2024-08-06;79.09
Steiermark;2024-08-07;80.29
Steiermark;2024-08-08;81.69
Steiermark;2024-08-09;83.32
Steiermark;2024-08-10;85.19
Steiermark;2024-08-11;87.43
Steiermark;2024-08-12;89.87
Steiermark;2024-08-13;92.63
Steiermark;2024-08-14;95.47
Steiermark;2024-08-15;98.4
Steiermark;2024-08-16;101.43
Steiermark;2024-08-17;104.51
Steiermark;2024-08-18;107.59
Steiermark;2024-08-19;110.7
Steiermark;2024-08-20;113.81
Steiermark;2024-08-21;116.88
Steiermark;2024-08-22;119.86
Steiermark;2024-08-23;122.7
Steiermark;2024-08-24;125.27
Steiermark;2024-08-25;127.68
Steiermark;2024-08-26;129.72
Steiermark;2024-08-27;131.53
Steiermark;2024-08-28;133.13
Steiermark;2024-08-29;134.59
Steiermark;2024-08-30;135.93
Steiermark;2024-08-31;137.25
Steiermark;2024-09-01;138.73
Steiermark;2024-09-02;140.44
Steiermark;2024-09-03;142.52
Steiermark;2024-09-04;145.05
Steiermark;2024-09-05;148.03
Steiermark;2024-09-06;151.52
Steiermark;2024-09-07;155.42
Steiermark;2024-09-08;159.86
Steiermark;2024-09-09;164.92
Steiermark;2024-09-10;170.56
Steiermark;2024-09-11;176.98
Steiermark;2024-09-12;184.18
Steiermark;2024-09-13;192.15
Steiermark;2024-09-14;200.74
Steiermark;2024-09-15;210.14
Steiermark;2024-09-16;220.14
Steiermark;2024-09-17;230.7
Steiermark;2024-09-18;241.68
Steiermark;2024-09-19;252.82
Steiermark;2024-09-20;264.05
Steiermark;2024-09-21;275.19
Steiermark;2024-09-22;286.13
Steiermark;2024-09-23;296.64
Steiermark;2024-09-24;306.33
Steiermark;2024-09-25;315.04
Steiermark;2024-09-26;322.78
Steiermark;2024-09-27;329.68
Steiermark;2024-09-28;335.86
Steiermark;2024-09-29;341.46
Steiermark;2024-09-30;346.55
Steiermark;2024-10-01;351.06
Steiermark;2024-10-02;355.08
Steiermark;2024-10-03;358.44
Steiermark;2024-10-04;360.8
Steiermark;2024-10-05;361.8
Steiermark;2024-10-06;361.0
Steiermark;2024-10-07;358.31
Steiermark;2024-10-08;353.9
Steiermark;2024-10-09;348.24
Steiermark;2024-10-10;341.66
Steiermark;2024-10-11;334.55
Steiermark;2024-10-12;326.95
Steiermark;2024-10-13;318.95
Steiermark;2024-10-14;310.6
Steiermark;2024-10-15;301.96
Steiermark;2024-10-16;293.06
Steiermark;2024-10-17;283.98
Steiermark;2024-10-18;274.67
Steiermark;2024-10-19;265.09
Steiermark;2024-10-20;255.21
Steiermark;2024-10-21;244.99
Steiermark;2024-10-22;234.41
Steiermark;2024-10-23;223.49
Steiermark;2024-10-24;212.47
Steiermark;2024-10-25;201.45
Steiermark;2024-10-26;190.59
Steiermark;2024-10-27;180.26
Steiermark;2024-10-28;170.51
Steiermark;2024-10-29;161.69
Steiermark;2024-10-30;153.82
Steiermark;2024-10-31;146.93
Steiermark;2024-11-01;141.02
Steiermark;2024-11-02;135.89
Steiermark;2024-11-03;131.35
Steiermark;2024-11-04;127.41
Steiermark;2024-11-05;123.95
Steiermark;2024-11-06;121.07
Steiermark;2024-11-07;118.64
Steiermark;2024-11-08;116.51
Steiermark;2024-11-09;114.7
Steiermark;2024-11-10;112.87
Steiermark;2024-11-11;111.13
Steiermark;2024-11-12;109.46
Steiermark;2024-11-13;107.91
Steiermark;2024-11-14;106.56
Steiermark;2024-11-15;105.47
Steiermark;2024-11-16;104.63
Steiermark;2024-11-17;104.15
Steiermark;2024-11-18;103.97
Steiermark;2024-11-19;104.2
Steiermark;2024-11-20;104.65
Steiermark;2024-11-21;105.41
Steiermark;2024-11-22;106.38
Steiermark;2024-11-23;107.52
Steiermark;2024-11-24;108.86
Steiermark;2024-11-25;110.3
Steiermark;2024-11-26;111.82
Steiermark;2024-11-27;113.39
Steiermark;2024-11-28;114.89
Steiermark;2024-11-29;116.32
Steiermark;2024-11-30;117.57
Steiermark;2024-12-01;118.46
Steiermark;2024-12-02;119.0
Steiermark;2024-12-03;119.04
Steiermark;2024-12-04;118.69
Steiermark;2024-12-05;117.95
Steiermark;2024-12-06;116.85
Steiermark;2024-12-07;115.48
Steiermark;2024-12-08;113.99
Steiermark;2024-12-09;112.47
Steiermark;2024-12-10;111.05
Steiermark;2024-12-11;109.77
Steiermark;2024-12-12;108.68
Steiermark;2024-12-13;107.73
Steiermark;2024-12-14;106.78
Steiermark;2024-12-15;105.74
Steiermark;2024-12-16;104.61
Steiermark;2024-12-17;103.3
Steiermark;2024-12-18;101.86
Steiermark;2024-12-19;100.45
Steiermark;2024-12-20;99.01
Steiermark;2024-12-21;97.64
Steiermark;2024-12-22;96.3
Steiermark;2024-12-23;95.05
Steiermark;2024-12-24;93.83
Steiermark;2024-12-25;92.7
Steiermark;2024-12-26;91.48
Steiermark;2024-12-27;90.16
Steiermark;2024-12-28;88.69
Steiermark;2024-12-29;86.88
Steiermark;2024-12-30;84.84
Steiermark;2024-12-31;82.5
Steiermark;2025-01-01;79.88
Steiermark;2025-01-02;77.16
Steiermark;2025-01-03;74.34
Steiermark;2025-01-04;71.51
Steiermark;2025-01-05;68.62
Steiermark;2025-01-06;65.84
Steiermark;2025-01-07;63.09
Steiermark;2025-01-08;60.56
Steiermark;2025-01-09;58.18
Steiermark;2025-01-10;55.98
Steiermark;2025-01-11;53.94
Steiermark;2025-01-12;52.11
Steiermark;2025-01-13;50.39
Steiermark;2025-01-14;48.9
Steiermark;2025-01-15;47.47
Steiermark;2025-01-16;46.24
Steiermark;2025-01-17;45.06
Steiermark;2025-01-18;43.92
Steiermark;2025-01-19;42.83
Steiermark;2025-01-20;41.7
Steiermark;2025-01-21;40.52
Steiermark;2025-01-22;39.31
Steiermark;2025-01-23;38.25
Steiermark;2025-01-24;37.25
Steiermark;2025-01-25;36.3
Steiermark;2025-01-26;35.47
Steiermark;2025-01-27;34.73
Steiermark;2025-01-28;34.14
Steiermark;2025-01-29;33.62
Steiermark;2025-01-30;33.19
Steiermark;2025-01-31;32.81
Steiermark;2025-02-01;32.46
Steiermark;2025-02-02;32.16
Steiermark;2025-02-03;31.78
Steiermark;2025-02-04;31.37
Steiermark;2025-02-05;30.86
Steiermark;2025-02-06;30.31
Steiermark;2025-02-07;29.74
Steiermark;2025-02-08;29.12
Steiermark;2025-02-09;28.53
Steiermark;2025-02-10;27.85
Steiermark;2025-02-11;27.25
Steiermark;2025-02-12;26.65
Steiermark;2025-02-13;25.98
Steiermark;2025-02-14;25.38
Steiermark;2025-02-15;24.64
Steiermark;2025-02-16;23.89
Steiermark;2025-02-17;23.01
Steiermark;2025-02-18;22.13
Steiermark;2025-02-19;21.21
Steiermark;2025-02-20;20.3
Steiermark;2025-02-21;19.4
Steiermark;2025-02-22;18.49
Steiermark;2025-02-23;17.72
Steiermark;2025-02-24;16.88
Steiermark;2025-02-25;16.1
Steiermark;2025-02-26;15.4
Steiermark;2025-02-27;14.75
Steiermark;2025-02-28;14.16
Steiermark;2025-03-01;13.59
Steiermark;2025-03-02;13.02
Steiermark;2025-03-03;12.55
Steiermark;2025-03-04;12.11
Steiermark;2025-03-05;11.75
Steiermark;2025-03-06;11.41
Steiermark;2025-03-07;11.12
Steiermark;2025-03-08;10.81
Steiermark;2025-03-09;10.56
Steiermark;2025-03-10;10.28
Steiermark;2025-03-11;10.06
Steiermark;2025-03-12;9.8
Steiermark;2025-03-13;9.49
Steiermark;2025-03-14;9.28
Steiermark;2025-03-15;9.06
Steiermark;2025-03-16;8.83
Steiermark;2025-03-17;8.68
Steiermark;2025-03-18;8.46
Steiermark;2025-03-19;8.32
Steiermark;2025-03-20;8.24
Steiermark;2025-03-21;8.16
Steiermark;2025-03-22;8.02
Steiermark;2025-03-23;7.97
Steiermark;2025-03-24;7.91
Steiermark;2025-03-25;7.8
Steiermark;2025-03-26;7.75
Steiermark;2025-03-27;7.71
Steiermark;2025-03-28;7.68
Steiermark;2025-03-29;7.74
Steiermark;2025-03-30;7.86
Steiermark;2025-03-31;7.99
Steiermark;2025-04-01;8.21
Steiermark;2025-04-02;8.45
Steiermark;2025-04-03;8.8
Steiermark;2025-04-04;9.11
Steiermark;2025-04-05;9.48
Steiermark;2025-04-06;9.88
Steiermark;2025-04-07;10.19
Steiermark;2025-04-08;10.56
Steiermark;2025-04-09;10.84
Steiermark;2025-04-10;11.07
Steiermark;2025-04-11;11.22
Steiermark;2025-04-12;11.3
Steiermark;2025-04-13;11.25
Steiermark;2025-04-14;11.13
Steiermark;2025-04-15;10.89
Steiermark;2025-04-16;10.66
Steiermark;2025-04-17;10.43
Steiermark;2025-04-18;10.2
Steiermark;2025-04-19;9.98
Steiermark;2025-04-20;9.81
Steiermark;2025-04-21;9.64
Steiermark;2025-04-22;9.46
Steiermark;2025-04-23;9.27
Steiermark;2025-04-24;9.14
Steiermark;2025-04-25;9.0
Steiermark;2025-04-26;8.89
Steiermark;2025-04-27;8.86
Steiermark;2025-04-28;8.84
Steiermark;2025-04-29;8.86
Steiermark;2025-04-30;8.91
Steiermark;2025-05-01;8.97
Steiermark;2025-05-02;9.13
Steiermark;2025-05-03;9.32
Steiermark;2025-05-04;9.61
Steiermark;2025-05-05;9.93
Steiermark;2025-05-06;10.42
Steiermark;2025-05-07;10.96
Steiermark;2025-05-08;11.59
Steiermark;2025-05-09;12.27
Steiermark;2025-05-10;13.08
Steiermark;2025-05-11;13.9
Steiermark;2025-05-12;14.86
Steiermark;2025-05-13;15.91
Steiermark;2025-05-14;16.99
Steiermark;2025-05-15;18.15
Steiermark;2025-05-16;19.17
Steiermark;2025-05-17;20.09
Steiermark;2025-05-18;20.74
Steiermark;2025-05-19;21.17
Steiermark;2025-05-20;21.37
Steiermark;2025-05-21;21.47
Steiermark;2025-05-22;21.41
Steiermark;2025-05-23;21.4
Steiermark;2025-05-24;21.29
Steiermark;2025-05-25;21.27
Steiermark;2025-05-26;21.19
Steiermark;2025-05-27;21.09
Steiermark;2025-05-28;21.05
Steiermark;2025-05-29;20.99
Steiermark;2025-05-30;20.92
Steiermark;2025-05-31;20.78
Steiermark;2025-06-01;20.65
Steiermark;2025-06-02;20.51
Steiermark;2025-06-03;20.33
Steiermark;2025-06-04;20.16
Steiermark;2025-06-05;20.03
Steiermark;2025-06-06;19.9
Steiermark;2025-06-07;19.95
Steiermark;2025-06-08;19.95
Steiermark;2025-06-09;20.08
Steiermark;2025-06-10;20.4
Steiermark;2025-06-11;20.72
Steiermark;2025-06-12;21.27
Steiermark;2025-06-13;21.84
Steiermark;2025-06-14;22.46
Steiermark;2025-06-15;23.08
Steiermark;2025-06-16;23.54
Steiermark;2025-06-17;23.92
Steiermark;2025-06-18;24.25
Steiermark;2025-06-19;24.56
Steiermark;2025-06-20;24.77
Steiermark;2025-06-21;24.98
Steiermark;2025-06-22;25.17
Steiermark;2025-06-23;25.36
Steiermark;2025-06-24;25.63
Steiermark;2025-06-25;25.95
Steiermark;2025-06-26;26.31
Steiermark;2025-06-27;26.82
Steiermark;2025-06-28;27.3
Steiermark;2025-06-29;27.76
Steiermark;2025-06-30;28.32
Steiermark;2025-07-01;28.87
Steiermark;2025-07-02;29.53
Steiermark;2025-07-03;30.28
Steiermark;2025-07-04;31.04
Steiermark;2025-07-05;31.95
Steiermark;2025-07-06;32.82
Steiermark;2025-07-07;33.77
Steiermark;2025-07-08;34.75
Steiermark;2025-07-09;35.67
Steiermark;2025-07-10;36.52
Steiermark;2025-07-11;37.25
Steiermark;2025-07-12;37.77
Steiermark;2025-07-13;37.98
Steiermark;2025-07-14;37.8
Steiermark;2025-07-15;37.46
Steiermark;2025-07-16;36.92
Steiermark;2025-07-17;36.29
Steiermark;2025-07-18;35.7
Steiermark;2025-07-19;35.1
Steiermark;2025-07-20;34.55
Steiermark;2025-07-21;34.05
Steiermark;2025-07-22;33.61
Steiermark;2025-07-23;33.2
Steiermark;2025-07-24;32.92
Steiermark;2025-07-25;32.77
Steiermark;2025-07-26;32.67
Steiermark;2025-07-27;32.78
Steiermark;2025-07-28;33.04
Steiermark;2025-07-29;33.4
Steiermark;2025-07-30;36.56
Steiermark;2025-07-31;37.13
Steiermark;2025-08-01;37.69
Steiermark;2025-08-02;38.2
Steiermark;2025-08-03;38.71
Wien;2022-09-01;118.9
Wien;2022-09-02;117.7
Wien;2022-09-03;116.4
Wien;2022-09-04;115.2
Wien;2022-09-05;113.9
Wien;2022-09-06;112.7
Wien;2022-09-07;111.6
Wien;2022-09-08;110.6
Wien;2022-09-09;110.0
Wien;2022-09-10;109.9
Wien;2022-09-11;110.6
Wien;2022-09-12;112.1
Wien;2022-09-13;114.4
Wien;2022-09-14;117.4
Wien;2022-09-15;121.1
Wien;2022-09-16;125.2
Wien;2022-09-17;129.9
Wien;2022-09-18;135.0
Wien;2022-09-19;140.6
Wien;2022-09-20;146.8
Wien;2022-09-21;153.5
Wien;2022-09-22;160.6
Wien;2022-09-23;167.9
Wien;2022-09-24;175.2
Wien;2022-09-25;182.5
Wien;2022-09-26;189.8
Wien;2022-09-27;197.1
Wien;2022-09-28;204.6
Wien;2022-09-29;212.2
Wien;2022-09-30;219.6
Wien;2022-10-01;226.5
Wien;2022-10-02;232.4
Wien;2022-10-03;237.2
Wien;2022-10-04;240.8
Wien;2022-10-05;243.3
Wien;2022-10-06;245.0
Wien;2022-10-07;245.7
Wien;2022-10-08;245.5
Wien;2022-10-09;244.2
Wien;2022-10-10;241.8
Wien;2022-10-11;238.0
Wien;2022-10-12;233.2
Wien;2022-10-13;227.5
Wien;2022-10-14;221.4
Wien;2022-10-15;215.3
Wien;2022-10-16;209.3
Wien;2022-10-17;203.9
Wien;2022-10-18;198.9
Wien;2022-10-19;194.5
Wien;2022-10-20;190.4
Wien;2022-10-21;186.4
Wien;2022-10-22;182.5
Wien;2022-10-23;178.3
Wien;2022-10-24;173.9
Wien;2022-10-25;169.2
Wien;2022-10-26;164.4
Wien;2022-10-27;159.6
Wien;2022-10-28;154.7
Wien;2022-10-29;150.0
Wien;2022-10-30;145.5
Wien;2022-10-31;141.3
Wien;2022-11-01;137.7
Wien;2022-11-02;134.6
Wien;2022-11-03;132.2
Wien;2022-11-04;130.4
Wien;2022-11-05;129.4
Wien;2022-11-06;129.1
Wien;2022-11-07;129.8
Wien;2022-11-08;131.6
Wien;2022-11-09;134.3
Wien;2022-11-10;137.9
Wien;2022-11-11;142.0
Wien;2022-11-12;146.3
Wien;2022-11-13;150.8
Wien;2022-11-14;155.4
Wien;2022-11-15;160.0
Wien;2022-11-16;164.9
Wien;2022-11-17;169.8
Wien;2022-11-18;174.8
Wien;2022-11-19;179.6
Wien;2022-11-20;184.0
Wien;2022-11-21;188.0
Wien;2022-11-22;191.5
Wien;2022-11-23;194.7
Wien;2022-11-24;197.5
Wien;2022-11-25;199.9
Wien;2022-11-26;202.1
Wien;2022-11-27;203.9
Wien;2022-11-28;205.4
Wien;2022-11-29;206.7
Wien;2022-11-30;207.9
Wien;2022-12-01;209.1
Wien;2022-12-02;210.5
Wien;2022-12-03;212.0
Wien;2022-12-04;213.7
Wien;2022-12-05;215.8
Wien;2022-12-06;218.2
Wien;2022-12-07;221.0
Wien;2022-12-08;224.2
Wien;2022-12-09;227.6
Wien;2022-12-10;231.4
Wien;2022-12-11;235.4
Wien;2022-12-12;239.9
Wien;2022-12-13;244.8
Wien;2022-12-14;250.0
Wien;2022-12-15;255.4
Wien;2022-12-16;260.5
Wien;2022-12-17;265.0
Wien;2022-12-18;268.5
Wien;2022-12-19;270.6
Wien;2022-12-20;271.3
Wien;2022-12-21;270.7
Wien;2022-12-22;269.1
Wien;2022-12-23;266.7
Wien;2022-12-24;263.8
Wien;2022-12-25;260.5
Wien;2022-12-26;256.9
Wien;2022-12-27;252.9
Wien;2022-12-28;248.5
Wien;2022-12-29;243.8
Wien;2022-12-30;238.8
Wien;2022-12-31;233.4
Wien;2023-01-01;227.7
Wien;2023-01-02;221.4
Wien;2023-01-03;214.7
Wien;2023-01-04;207.6
Wien;2023-01-05;200.1
Wien;2023-01-06;192.6
Wien;2023-01-07;185.1
Wien;2023-01-08;178.0
Wien;2023-01-09;171.2
Wien;2023-01-10;165.0
Wien;2023-01-11;159.4
Wien;2023-01-12;154.3
Wien;2023-01-13;149.8
Wien;2023-01-14;146.0
Wien;2023-01-15;143.0
Wien;2023-01-16;141.1
Wien;2023-01-17;140.1
Wien;2023-01-18;140.3
Wien;2023-01-19;141.5
Wien;2023-01-20;143.6
Wien;2023-01-21;146.6
Wien;2023-01-22;150.6
Wien;2023-01-23;155.5
Wien;2023-01-24;161.4
Wien;2023-01-25;168.0
Wien;2023-01-26;175.3
Wien;2023-01-27;183.2
Wien;2023-01-28;191.8
Wien;2023-01-29;201.2
Wien;2023-01-30;211.4
Wien;2023-01-31;222.6
Wien;2023-02-01;234.7
Wien;2023-02-02;247.1
Wien;2023-02-03;259.5
Wien;2023-02-04;271.1
Wien;2023-02-05;281.4
Wien;2023-02-06;289.9
Wien;2023-02-07;296.8
Wien;2023-02-08;302.1
Wien;2023-02-09;306.4
Wien;2023-02-10;309.9
Wien;2023-02-11;312.8
Wien;2023-02-12;315.3
Wien;2023-02-13;317.5
Wien;2023-02-14;319.4
Wien;2023-02-15;321.1
Wien;2023-02-16;322.8
Wien;2023-02-17;324.3
Wien;2023-02-18;325.6
Wien;2023-02-19;326.9
Wien;2023-02-20;328.2
Wien;2023-02-21;329.7
Wien;2023-02-22;331.6
Wien;2023-02-23;333.9
Wien;2023-02-24;336.6
Wien;2023-02-25;339.5
Wien;2023-02-26;342.7
Wien;2023-02-27;345.8
Wien;2023-02-28;348.6
Wien;2023-03-01;350.7
Wien;2023-03-02;352.0
Wien;2023-03-03;352.3
Wien;2023-03-04;351.5
Wien;2023-03-05;349.6
Wien;2023-03-06;346.2
Wien;2023-03-07;341.6
Wien;2023-03-08;335.9
Wien;2023-03-09;329.4
Wien;2023-03-10;322.3
Wien;2023-03-11;315.0
Wien;2023-03-12;307.6
Wien;2023-03-13;300.5
Wien;2023-03-14;293.8
Wien;2023-03-15;287.5
Wien;2023-03-16;281.6
Wien;2023-03-17;275.7
Wien;2023-03-18;269.4
Wien;2023-03-19;262.5
Wien;2023-03-20;254.8
Wien;2023-03-21;246.6
Wien;2023-03-22;238.1
Wien;2023-03-23;229.6
Wien;2023-03-24;221.1
Wien;2023-03-25;212.6
Wien;2023-03-26;204.1
Wien;2023-03-27;195.8
Wien;2023-03-28;187.9
Wien;2023-03-29;180.6
Wien;2023-03-30;173.9
Wien;2023-03-31;167.9
Wien;2023-04-01;162.5
Wien;2023-04-02;157.6
Wien;2023-04-03;153.3
Wien;2023-04-04;149.5
Wien;2023-04-05;146.2
Wien;2023-04-06;143.1
Wien;2023-04-07;140.2
Wien;2023-04-08;137.4
Wien;2023-04-09;134.7
Wien;2023-04-10;131.8
Wien;2023-04-11;128.8
Wien;2023-04-12;125.6
Wien;2023-04-13;122.2
Wien;2023-04-14;118.7
Wien;2023-04-15;115.1
Wien;2023-04-16;111.4
Wien;2023-04-17;107.9
Wien;2023-04-18;104.4
Wien;2023-04-19;101.0
Wien;2023-04-20;97.8
Wien;2023-04-21;94.7
Wien;2023-04-22;91.8
Wien;2023-04-23;89.1
Wien;2023-04-24;86.5
Wien;2023-04-25;84.1
Wien;2023-04-26;81.8
Wien;2023-04-27;79.6
Wien;2023-04-28;77.5
Wien;2023-04-29;75.4
Wien;2023-04-30;73.3
Wien;2023-05-01;71.2
Wien;2023-05-02;69.0
Wien;2023-05-03;66.8
Wien;2023-05-04;64.6
Wien;2023-05-05;62.3
Wien;2023-05-06;60.1
Wien;2023-05-07;57.9
Wien;2023-05-08;55.8
Wien;2023-05-09;53.7
Wien;2023-05-10;51.7
Wien;2023-05-11;49.9
Wien;2023-05-12;48.2
Wien;2023-05-13;46.6
Wien;2023-05-14;45.2
Wien;2023-05-15;44.1
Wien;2023-05-16;43.2
Wien;2023-05-17;42.5
Wien;2023-05-18;42.1
Wien;2023-05-19;41.8
Wien;2023-05-20;41.6
Wien;2023-05-21;41.5
Wien;2023-05-22;41.3
Wien;2023-05-23;41.1
Wien;2023-05-24;40.8
Wien;2023-05-25;40.4
Wien;2023-05-26;40.0
Wien;2023-05-27;39.4
Wien;2023-05-28;38.9
Wien;2023-05-29;38.2
Wien;2023-05-30;37.5
Wien;2023-05-31;36.6
Wien;2023-06-01;35.7
Wien;2023-06-02;34.7
Wien;2023-06-03;33.7
Wien;2023-06-04;32.8
Wien;2023-06-05;31.9
Wien;2023-06-06;31.1
Wien;2023-06-07;30.4
Wien;2023-06-08;29.7
Wien;2023-06-09;29.1
Wien;2023-06-10;28.6
Wien;2023-06-11;28.0
Wien;2023-06-12;27.3
Wien;2023-06-13;26.6
Wien;2023-06-14;25.8
Wien;2023-06-15;25.0
Wien;2023-06-16;24.2
Wien;2023-06-17;23.4
Wien;2023-06-18;22.6
Wien;2023-06-19;22.0
Wien;2023-06-20;21.4
Wien;2023-06-21;21.0
Wien;2023-06-22;20.7
Wien;2023-06-23;20.5
Wien;2023-06-24;20.3
Wien;2023-06-25;20.2
Wien;2023-06-26;20.1
Wien;2023-06-27;20.0
Wien;2023-06-28;20.1
Wien;2023-06-29;20.2
Wien;2023-06-30;20.3
Wien;2023-07-01;20.5
Wien;2023-07-02;20.8
Wien;2023-07-03;21.0
Wien;2023-07-04;21.3
Wien;2023-07-05;21.6
Wien;2023-07-06;21.8
Wien;2023-07-07;22.0
Wien;2023-07-08;22.2
Wien;2023-07-09;22.4
Wien;2023-07-10;22.6
Wien;2023-07-11;22.8
Wien;2023-07-12;23.2
Wien;2023-07-13;23.6
Wien;2023-07-14;24.1
Wien;2023-07-15;24.8
Wien;2023-07-16;25.5
Wien;2023-07-17;26.4
Wien;2023-07-18;27.5
Wien;2023-07-19;28.6
Wien;2023-07-20;29.9
Wien;2023-07-21;31.1
Wien;2023-07-22;32.5
Wien;2023-07-23;33.9
Wien;2023-07-24;35.4
Wien;2023-07-25;37.0
Wien;2023-07-26;38.9
Wien;2023-07-27;41.0
Wien;2023-07-28;43.3
Wien;2023-07-29;45.7
Wien;2023-07-30;48.2
Wien;2023-07-31;50.9
Wien;2023-08-01;53.8
Wien;2023-08-02;57.0
Wien;2023-08-03;60.4
Wien;2023-08-04;63.8
Wien;2023-08-05;67.4
Wien;2023-08-06;70.9
Wien;2023-08-07;74.4
Wien;2023-08-08;77.7
Wien;2023-08-09;80.9
Wien;2023-08-10;84.0
Wien;2023-08-11;87.0
Wien;2023-08-12;90.0
Wien;2023-08-13;93.0
Wien;2023-08-14;96.0
Wien;2023-08-15;98.6
Wien;2023-08-16;100.8
Wien;2023-08-17;102.6
Wien;2023-08-18;104.1
Wien;2023-08-19;105.3
Wien;2023-08-20;106.4
Wien;2023-08-21;107.5
Wien;2023-08-22;108.7
Wien;2023-08-23;110.1
Wien;2023-08-24;111.7
Wien;2023-08-25;113.4
Wien;2023-08-26;115.4
Wien;2023-08-27;117.4
Wien;2023-08-28;119.4
Wien;2023-08-29;121.5
Wien;2023-08-30;123.7
Wien;2023-08-31;125.8
Wien;2023-09-01;127.7
Wien;2023-09-02;129.5
Wien;2023-09-03;130.9
Wien;2023-09-04;132.0
Wien;2023-09-05;132.8
Wien;2023-09-06;133.5
Wien;2023-09-07;134.1
Wien;2023-09-08;134.7
Wien;2023-09-09;135.3
Wien;2023-09-10;136.0
Wien;2023-09-11;136.6
Wien;2023-09-12;137.2
Wien;2023-09-13;137.6
Wien;2023-09-14;137.9
Wien;2023-09-15;137.9
Wien;2023-09-16;137.7
Wien;2023-09-17;137.3
Wien;2023-09-18;136.8
Wien;2023-09-19;136.2
Wien;2023-09-20;135.6
Wien;2023-09-21;135.2
Wien;2023-09-22;134.9
Wien;2023-09-23;134.9
Wien;2023-09-24;135.1
Wien;2023-09-25;135.6
Wien;2023-09-26;136.6
Wien;2023-09-27;137.9
Wien;2023-09-28;139.6
Wien;2023-09-29;141.5
Wien;2023-09-30;143.6
Wien;2023-10-01;145.9
Wien;2023-10-02;148.2
Wien;2023-10-03;150.6
Wien;2023-10-04;152.9
Wien;2023-10-05;155.3
Wien;2023-10-06;157.7
Wien;2023-10-07;160.2
Wien;2023-10-08;162.9
Wien;2023-10-09;165.8
Wien;2023-10-10;168.9
Wien;2023-10-11;172.3
Wien;2023-10-12;175.9
Wien;2023-10-13;179.6
Wien;2023-10-14;183.3
Wien;2023-10-15;186.9
Wien;2023-10-16;190.2
Wien;2023-10-17;193.2
Wien;2023-10-18;195.8
Wien;2023-10-19;198.0
Wien;2023-10-20;199.8
Wien;2023-10-21;201.5
Wien;2023-10-22;203.0
Wien;2023-10-23;204.7
Wien;2023-10-24;206.6
Wien;2023-10-25;208.9
Wien;2023-10-26;211.6
Wien;2023-10-27;214.6
Wien;2023-10-28;217.5
Wien;2023-10-29;220.3
Wien;2023-10-30;222.8
Wien;2023-10-31;225.5
Wien;2023-11-01;228.6
Wien;2023-11-02;232.9
Wien;2023-11-03;238.6
Wien;2023-11-04;245.9
Wien;2023-11-05;254.8
Wien;2023-11-06;265.4
Wien;2023-11-07;277.3
Wien;2023-11-08;290.4
Wien;2023-11-09;304.3
Wien;2023-11-10;318.4
Wien;2023-11-11;332.4
Wien;2023-11-12;345.9
Wien;2023-11-13;358.6
Wien;2023-11-14;370.6
Wien;2023-11-15;382.3
Wien;2023-11-16;394.0
Wien;2023-11-17;406.2
Wien;2023-11-18;419.5
Wien;2023-11-19;434.2
Wien;2023-11-20;450.7
Wien;2023-11-21;468.7
Wien;2023-11-22;488.0
Wien;2023-11-23;508.2
Wien;2023-11-24;529.1
Wien;2023-11-25;550.7
Wien;2023-11-26;573.1
Wien;2023-11-27;596.6
Wien;2023-11-28;621.3
Wien;2023-11-29;647.2
Wien;2023-11-30;673.9
Wien;2023-12-01;700.5
Wien;2023-12-02;725.9
Wien;2023-12-03;749.1
Wien;2023-12-04;768.9
Wien;2023-12-05;784.4
Wien;2023-12-06;795.2
Wien;2023-12-07;801.8
Wien;2023-12-08;805.1
Wien;2023-12-09;805.7
Wien;2023-12-10;803.8
Wien;2023-12-11;798.9
Wien;2023-12-12;789.8
Wien;2023-12-13;776.0
Wien;2023-12-14;757.9
Wien;2023-12-15;736.8
Wien;2023-12-16;714.0
Wien;2023-12-17;690.4
Wien;2023-12-18;666.5
Wien;2023-12-19;642.0
Wien;2023-12-20;616.6
Wien;2023-12-21;590.3
Wien;2023-12-22;563.5
Wien;2023-12-23;536.7
Wien;2023-12-24;510.2
Wien;2023-12-25;484.7
Wien;2023-12-26;460.4
Wien;2023-12-27;437.3
Wien;2023-12-28;415.6
Wien;2023-12-29;394.9
Wien;2023-12-30;375.4
Wien;2023-12-31;356.8
Wien;2024-01-01;339.2
Wien;2024-01-02;322.0
Wien;2024-01-03;305.0
Wien;2024-01-04;288.2
Wien;2024-01-05;271.9
Wien;2024-01-06;256.5
Wien;2024-01-07;242.3
Wien;2024-01-08;229.8
Wien;2024-01-09;218.8
Wien;2024-01-10;209.0
Wien;2024-01-11;200.1
Wien;2024-01-12;191.8
Wien;2024-01-13;184.0
Wien;2024-01-14;176.6
Wien;2024-01-15;169.5
Wien;2024-01-16;162.6
Wien;2024-01-17;155.8
Wien;2024-01-18;149.0
Wien;2024-01-19;142.4
Wien;2024-01-20;135.9
Wien;2024-01-21;129.5
Wien;2024-01-22;123.4
Wien;2024-01-23;117.6
Wien;2024-01-24;112.0
Wien;2024-01-25;106.7
Wien;2024-01-26;101.6
Wien;2024-01-27;96.8
Wien;2024-01-28;92.2
Wien;2024-01-29;87.8
Wien;2024-01-30;83.8
Wien;2024-01-31;79.9
Wien;2024-02-01;76.3
Wien;2024-02-02;72.8
Wien;2024-02-03;69.4
Wien;2024-02-04;66.2
Wien;2024-02-05;63.1
Wien;2024-02-06;60.2
Wien;2024-02-07;57.7
Wien;2024-02-08;55.3
Wien;2024-02-09;53.1
Wien;2024-02-10;50.9
Wien;2024-02-11;48.7
Wien;2024-02-12;46.5
Wien;2024-02-13;44.2
Wien;2024-02-14;42.0
Wien;2024-02-15;39.8
Wien;2024-02-16;37.8
Wien;2024-02-17;35.9
Wien;2024-02-18;34.1
Wien;2024-02-19;32.5
Wien;2024-02-20;31.1
Wien;2024-02-21;29.9
Wien;2024-02-22;28.8
Wien;2024-02-23;27.8
Wien;2024-02-24;26.9
Wien;2024-02-25;26.1
Wien;2024-02-26;25.3
Wien;2024-02-27;24.5
Wien;2024-02-28;23.9
Wien;2024-02-29;23.3
Wien;2024-03-01;22.8
Wien;2024-03-02;22.3
Wien;2024-03-03;21.8
Wien;2024-03-04;21.4
Wien;2024-03-05;21.1
Wien;2024-03-06;20.9
Wien;2024-03-07;20.7
Wien;2024-03-08;20.7
Wien;2024-03-09;20.8
Wien;2024-03-10;20.9
Wien;2024-03-11;21.1
Wien;2024-03-12;21.5
Wien;2024-03-13;22.1
Wien;2024-03-14;22.7
Wien;2024-03-15;23.5
Wien;2024-03-16;24.3
Wien;2024-03-17;25.0
Wien;2024-03-18;25.6
Wien;2024-03-19;25.8
Wien;2024-03-20;25.8
Wien;2024-03-21;25.4
Wien;2024-03-22;24.9
Wien;2024-03-23;24.1
Wien;2024-03-24;23.4
Wien;2024-03-25;22.6
Wien;2024-03-26;21.9
Wien;2024-03-27;21.2
Wien;2024-03-28;20.7
Wien;2024-03-29;20.1
Wien;2024-03-30;19.7
Wien;2024-03-31;19.2
Wien;2024-04-01;18.8
Wien;2024-04-02;18.4
Wien;2024-04-03;18.1
Wien;2024-04-04;17.9
Wien;2024-04-05;17.7
Wien;2024-04-06;17.6
Wien;2024-04-07;17.6
Wien;2024-04-08;17.7
Wien;2024-04-09;18.0
Wien;2024-04-10;18.3
Wien;2024-04-11;18.6
Wien;2024-04-12;19.0
Wien;2024-04-13;19.5
Wien;2024-04-14;20.0
Wien;2024-04-15;20.7
Wien;2024-04-16;21.4
Wien;2024-04-17;22.2
Wien;2024-04-18;23.1
Wien;2024-04-19;24.1
Wien;2024-04-20;25.1
Wien;2024-04-21;26.2
Wien;2024-04-22;27.3
Wien;2024-04-23;28.4
Wien;2024-04-24;29.5
Wien;2024-04-25;30.6
Wien;2024-04-26;31.7
Wien;2024-04-27;32.7
Wien;2024-04-28;33.6
Wien;2024-04-29;34.3
Wien;2024-04-30;34.9
Wien;2024-05-01;35.5
Wien;2024-05-02;36.0
Wien;2024-05-03;36.5
Wien;2024-05-04;37.0
Wien;2024-05-05;37.4
Wien;2024-05-06;37.8
Wien;2024-05-07;38.3
Wien;2024-05-08;38.7
Wien;2024-05-09;39.1
Wien;2024-05-10;39.5
Wien;2024-05-11;39.9
Wien;2024-05-12;40.3
Wien;2024-05-13;40.7
Wien;2024-05-14;41.0
Wien;2024-05-15;41.3
Wien;2024-05-16;41.6
Wien;2024-05-17;41.9
Wien;2024-05-18;42.3
Wien;2024-05-19;42.7
Wien;2024-05-20;43.3
Wien;2024-05-21;43.9
Wien;2024-05-22;44.8
Wien;2024-05-23;45.7
Wien;2024-05-24;46.7
Wien;2024-05-25;47.8
Wien;2024-05-26;49.0
Wien;2024-05-27;50.3
Wien;2024-05-28;51.6
Wien;2024-05-29;53.1
Wien;2024-05-30;54.6
Wien;2024-05-31;56.3
Wien;2024-06-01;58.0
Wien;2024-06-02;59.7
Wien;2024-06-03;61.7
Wien;2024-06-04;63.8
Wien;2024-06-05;66.3
Wien;2024-06-06;69.0
Wien;2024-06-07;71.9
Wien;2024-06-08;74.9
Wien;2024-06-09;77.8
Wien;2024-06-10;80.6
Wien;2024-06-11;83.2
Wien;2024-06-12;85.8
Wien;2024-06-13;88.4
Wien;2024-06-14;91.1
Wien;2024-06-15;93.9
Wien;2024-06-16;97.1
Wien;2024-06-17;100.7
Wien;2024-06-18;104.6
Wien;2024-06-19;108.7
Wien;2024-06-20;113.0
Wien;2024-06-21;117.3
Wien;2024-06-22;121.6
Wien;2024-06-23;125.8
Wien;2024-06-24;129.8
Wien;2024-06-25;133.4
Wien;2024-06-26;136.8
Wien;2024-06-27;139.8
Wien;2024-06-28;142.8
Wien;2024-06-29;145.7
Wien;2024-06-30;148.9
Wien;2024-07-01;152.1
Wien;2024-07-02;155.4
Wien;2024-07-03;158.6
Wien;2024-07-04;161.4
Wien;2024-07-05;163.8
Wien;2024-07-06;165.7
Wien;2024-07-07;166.9
Wien;2024-07-08;167.4
Wien;2024-07-09;167.3
Wien;2024-07-10;166.6
Wien;2024-07-11;165.7
Wien;2024-07-12;164.4
Wien;2024-07-13;163.0
Wien;2024-07-14;161.2
Wien;2024-07-15;159.1
Wien;2024-07-16;156.6
Wien;2024-07-17;153.7
Wien;2024-07-18;150.4
Wien;2024-07-19;147.0
Wien;2024-07-20;143.8
Wien;2024-07-21;140.9
Wien;2024-07-22;138.6
Wien;2024-07-23;136.9
Wien;2024-07-24;135.8
Wien;2024-07-25;135.2
Wien;2024-07-26;134.9
Wien;2024-07-27;134.7
Wien;2024-07-28;134.5
Wien;2024-07-29;134.4
Wien;2024-07-30;135.0
Wien;2024-07-31;136.4
Wien;2024-08-01;138.5
Wien;2024-08-02;141.1
Wien;2024-08-03;143.9
Wien;2024-08-04;146.3
Wien;2024-08-05;148.3
Wien;2024-08-06;149.7
Wien;2024-08-07;150.7
Wien;2024-08-08;151.3
Wien;2024-08-09;152.0
Wien;2024-08-10;152.9
Wien;2024-08-11;154.3
Wien;2024-08-12;156.3
Wien;2024-08-13;158.9
Wien;2024-08-14;161.9
Wien;2024-08-15;165.3
Wien;2024-08-16;168.9
Wien;2024-08-17;173.0
Wien;2024-08-18;177.4
Wien;2024-08-19;182.0
Wien;2024-08-20;186.6
Wien;2024-08-21;190.9
Wien;2024-08-22;194.7
Wien;2024-08-23;198.1
Wien;2024-08-24;200.8
Wien;2024-08-25;202.9
Wien;2024-08-26;204.3
Wien;2024-08-27;205.1
Wien;2024-08-28;205.5
Wien;2024-08-29;205.7
Wien;2024-08-30;205.8
Wien;2024-08-31;206.0
Wien;2024-09-01;206.5
Wien;2024-09-02;207.1
Wien;2024-09-03;207.9
Wien;2024-09-04;208.7
Wien;2024-09-05;209.6
Wien;2024-09-06;210.8
Wien;2024-09-07;212.4
Wien;2024-09-08;214.6
Wien;2024-09-09;217.6
Wien;2024-09-10;221.3
Wien;2024-09-11;225.6
Wien;2024-09-12;230.5
Wien;2024-09-13;236.1
Wien;2024-09-14;242.7
Wien;2024-09-15;250.6
Wien;2024-09-16;259.9
Wien;2024-09-17;270.2
Wien;2024-09-18;281.2
Wien;2024-09-19;292.1
Wien;2024-09-20;302.6
Wien;2024-09-21;312.0
Wien;2024-09-22;319.9
Wien;2024-09-23;325.9
Wien;2024-09-24;329.8
Wien;2024-09-25;331.8
Wien;2024-09-26;332.4
Wien;2024-09-27;332.1
Wien;2024-09-28;331.2
Wien;2024-09-29;330.1
Wien;2024-09-30;328.7
Wien;2024-10-01;326.9
Wien;2024-10-02;324.6
Wien;2024-10-03;321.7
Wien;2024-10-04;318.1
Wien;2024-10-05;313.7
Wien;2024-10-06;308.6
Wien;2024-10-07;302.7
Wien;2024-10-08;296.5
Wien;2024-10-09;290.3
Wien;2024-10-10;284.1
Wien;2024-10-11;278.0
Wien;2024-10-12;271.7
Wien;2024-10-13;265.3
Wien;2024-10-14;258.7
Wien;2024-10-15;252.3
Wien;2024-10-16;246.2
Wien;2024-10-17;240.6
Wien;2024-10-18;235.2
Wien;2024-10-19;229.6
Wien;2024-10-20;223.8
Wien;2024-10-21;217.6
Wien;2024-10-22;211.3
Wien;2024-10-23;205.3
Wien;2024-10-24;199.6
Wien;2024-10-25;194.1
Wien;2024-10-26;188.9
Wien;2024-10-27;184.0
Wien;2024-10-28;179.2
Wien;2024-10-29;174.6
Wien;2024-10-30;170.3
Wien;2024-10-31;166.0
Wien;2024-11-01;161.5
Wien;2024-11-02;156.8
Wien;2024-11-03;151.5
Wien;2024-11-04;145.8
Wien;2024-11-05;139.9
Wien;2024-11-06;134.0
Wien;2024-11-07;128.4
Wien;2024-11-08;123.1
Wien;2024-11-09;118.2
Wien;2024-11-10;113.7
Wien;2024-11-11;109.7
Wien;2024-11-12;106.3
Wien;2024-11-13;103.4
Wien;2024-11-14;101.0
Wien;2024-11-15;99.1
Wien;2024-11-16;97.5
Wien;2024-11-17;96.3
Wien;2024-11-18;95.4
Wien;2024-11-19;94.8
Wien;2024-11-20;94.6
Wien;2024-11-21;94.6
Wien;2024-11-22;94.7
Wien;2024-11-23;95.0
Wien;2024-11-24;95.3
Wien;2024-11-25;95.7
Wien;2024-11-26;96.2
Wien;2024-11-27;97.0
Wien;2024-11-28;97.9
Wien;2024-11-29;99.0
Wien;2024-11-30;100.1
Wien;2024-12-01;101.2
Wien;2024-12-02;102.3
Wien;2024-12-03;103.4
Wien;2024-12-04;104.8
Wien;2024-12-05;106.3
Wien;2024-12-06;108.0
Wien;2024-12-07;109.8
Wien;2024-12-08;111.9
Wien;2024-12-09;114.2
Wien;2024-12-10;116.8
Wien;2024-12-11;119.8
Wien;2024-12-12;123.1
Wien;2024-12-13;126.4
Wien;2024-12-14;129.6
Wien;2024-12-15;132.3
Wien;2024-12-16;134.2
Wien;2024-12-17;135.0
Wien;2024-12-18;134.4
Wien;2024-12-19;132.7
Wien;2024-12-20;130.1
Wien;2024-12-21;126.9
Wien;2024-12-22;123.5
Wien;2024-12-23;120.0
Wien;2024-12-24;116.4
Wien;2024-12-25;112.8
Wien;2024-12-26;109.2
Wien;2024-12-27;105.6
Wien;2024-12-28;102.0
Wien;2024-12-29;98.4
Wien;2024-12-30;94.8
Wien;2024-12-31;91.3
Wien;2025-01-01;87.7
Wien;2025-01-02;84.3
Wien;2025-01-03;80.8
Wien;2025-01-04;77.4
Wien;2025-01-05;74.1
Wien;2025-01-06;71.0
Wien;2025-01-07;67.9
Wien;2025-01-08;65.1
Wien;2025-01-09;62.4
Wien;2025-01-10;59.9
Wien;2025-01-11;57.6
Wien;2025-01-12;55.4
Wien;2025-01-13;53.4
Wien;2025-01-14;51.7
Wien;2025-01-15;50.1
Wien;2025-01-16;48.7
Wien;2025-01-17;47.5
Wien;2025-01-18;46.3
Wien;2025-01-19;45.1
Wien;2025-01-20;44.0
Wien;2025-01-21;43.0
Wien;2025-01-22;42.0
Wien;2025-01-23;41.2
Wien;2025-01-24;40.4
Wien;2025-01-25;39.8
Wien;2025-01-26;39.1
Wien;2025-01-27;38.6
Wien;2025-01-28;38.0
Wien;2025-01-29;37.5
Wien;2025-01-30;36.9
Wien;2025-01-31;36.4
Wien;2025-02-01;35.8
Wien;2025-02-02;35.3
Wien;2025-02-03;34.7
Wien;2025-02-04;34.1
Wien;2025-02-05;33.5
Wien;2025-02-06;33.0
Wien;2025-02-07;32.4
Wien;2025-02-08;31.9
Wien;2025-02-09;31.4
Wien;2025-02-10;30.9
Wien;2025-02-11;30.3
Wien;2025-02-12;29.8
Wien;2025-02-13;29.3
Wien;2025-02-14;28.7
Wien;2025-02-15;28.1
Wien;2025-02-16;27.5
Wien;2025-02-17;27.0
Wien;2025-02-18;26.4
Wien;2025-02-19;25.8
Wien;2025-02-20;25.4
Wien;2025-02-21;24.9
Wien;2025-02-22;24.5
Wien;2025-02-23;24.2
Wien;2025-02-24;24.0
Wien;2025-02-25;23.8
Wien;2025-02-26;23.7
Wien;2025-02-27;23.7
Wien;2025-02-28;23.7
Wien;2025-03-01;23.8
Wien;2025-03-02;23.8
Wien;2025-03-03;23.8
Wien;2025-03-04;23.8
Wien;2025-03-05;23.7
Wien;2025-03-06;23.6
Wien;2025-03-07;23.4
Wien;2025-03-08;23.2
Wien;2025-03-09;22.8
Wien;2025-03-10;22.4
Wien;2025-03-11;21.9
Wien;2025-03-12;21.4
Wien;2025-03-13;20.9
Wien;2025-03-14;20.4
Wien;2025-03-15;19.9
Wien;2025-03-16;19.4
Wien;2025-03-17;19.0
Wien;2025-03-18;18.6
Wien;2025-03-19;18.2
Wien;2025-03-20;17.9
Wien;2025-03-21;17.6
Wien;2025-03-22;17.3
Wien;2025-03-23;17.1
Wien;2025-03-24;17.0
Wien;2025-03-25;16.9
Wien;2025-03-26;16.9
Wien;2025-03-27;16.9
Wien;2025-03-28;16.9
Wien;2025-03-29;17.0
Wien;2025-03-30;17.1
Wien;2025-03-31;17.2
Wien;2025-04-01;17.4
Wien;2025-04-02;17.7
Wien;2025-04-03;18.0
Wien;2025-04-04;18.4
Wien;2025-04-05;18.7
Wien;2025-04-06;19.1
Wien;2025-04-07;19.5
Wien;2025-04-08;19.9
Wien;2025-04-09;20.2
Wien;2025-04-10;20.6
Wien;2025-04-11;20.8
Wien;2025-04-12;21.0
Wien;2025-04-13;21.0
Wien;2025-04-14;21.0
Wien;2025-04-15;20.8
Wien;2025-04-16;20.7
Wien;2025-04-17;20.5
Wien;2025-04-18;20.4
Wien;2025-04-19;20.3
Wien;2025-04-20;20.2
Wien;2025-04-21;20.1
Wien;2025-04-22;20.1
Wien;2025-04-23;20.1
Wien;2025-04-24;20.2
Wien;2025-04-25;20.3
Wien;2025-04-26;20.4
Wien;2025-04-27;20.5
Wien;2025-04-28;20.7
Wien;2025-04-29;20.8
Wien;2025-04-30;21.0
Wien;2025-05-01;21.3
Wien;2025-05-02;21.7
Wien;2025-05-03;22.1
Wien;2025-05-04;22.7
Wien;2025-05-05;23.5
Wien;2025-05-06;24.4
Wien;2025-05-07;25.6
Wien;2025-05-08;26.9
Wien;2025-05-09;28.4
Wien;2025-05-10;29.9
Wien;2025-05-11;31.4
Wien;2025-05-12;32.9
Wien;2025-05-13;34.5
Wien;2025-05-14;36.1
Wien;2025-05-15;37.8
Wien;2025-05-16;39.6
Wien;2025-05-17;41.5
Wien;2025-05-18;43.4
Wien;2025-05-19;45.5
Wien;2025-05-20;47.5
Wien;2025-05-21;49.5
Wien;2025-05-22;51.4
Wien;2025-05-23;53.3
Wien;2025-05-24;55.1
Wien;2025-05-25;57.0
Wien;2025-05-26;58.9
Wien;2025-05-27;60.8
Wien;2025-05-28;62.6
Wien;2025-05-29;64.4
Wien;2025-05-30;66.0
Wien;2025-05-31;67.6
Wien;2025-06-01;68.9
Wien;2025-06-02;70.1
Wien;2025-06-03;71.0
Wien;2025-06-04;71.8
Wien;2025-06-05;72.5
Wien;2025-06-06;73.1
Wien;2025-06-07;73.6
Wien;2025-06-08;74.1
Wien;2025-06-09;74.5
Wien;2025-06-10;74.8
Wien;2025-06-11;75.0
Wien;2025-06-12;75.1
Wien;2025-06-13;75.1
Wien;2025-06-14;74.9
Wien;2025-06-15;74.5
Wien;2025-06-16;73.9
Wien;2025-06-17;73.2
Wien;2025-06-18;72.3
Wien;2025-06-19;71.4
Wien;2025-06-20;70.4
Wien;2025-06-21;69.4
Wien;2025-06-22;68.3
Wien;2025-06-23;67.2
Wien;2025-06-24;66.2
Wien;2025-06-25;65.5
Wien;2025-06-26;64.9
Wien;2025-06-27;64.6
Wien;2025-06-28;64.5
Wien;2025-06-29;64.7
Wien;2025-06-30;65.1
Wien;2025-07-01;65.7
Wien;2025-07-02;66.6
Wien;2025-07-03;67.5
Wien;2025-07-04;68.7
Wien;2025-07-05;70.0
Wien;2025-07-06;71.5
Wien;2025-07-07;73.3
Wien;2025-07-08;75.3
Wien;2025-07-09;77.5
Wien;2025-07-10;79.8
Wien;2025-07-11;82.2
Wien;2025-07-12;84.5
Wien;2025-07-13;86.7
Wien;2025-07-14;88.9
Wien;2025-07-15;90.9
Wien;2025-07-16;92.7
Wien;2025-07-17;94.6
Wien;2025-07-18;96.3
Wien;2025-07-19;98.1
Wien;2025-07-20;99.9
Wien;2025-07-21;101.8
Wien;2025-07-22;103.8
Wien;2025-07-23;106.0
Wien;2025-07-24;108.4
Wien;2025-07-25;110.8
Wien;2025-07-26;113.0
Wien;2025-07-27;115.1
Wien;2025-07-28;117.1
Wien;2025-07-29;118.9
Wien;2025-07-30;120.9
Wien;2025-07-31;122.9
Wien;2025-08-01;124.9
Wien;2025-08-02;126.8
Wien;2025-08-03;128.5
Burgenland;2022-09-01;46.15
Burgenland;2022-09-02;45.91
Burgenland;2022-09-03;45.66
Burgenland;2022-09-04;45.47
Burgenland;2022-09-05;45.4
Burgenland;2022-09-06;45.35
Burgenland;2022-09-07;45.41
Burgenland;2022-09-08;45.61
Burgenland;2022-09-09;45.87
Burgenland;2022-09-10;46.23
Burgenland;2022-09-11;46.74
Burgenland;2022-09-12;47.38
Burgenland;2022-09-13;48.25
Burgenland;2022-09-14;49.29
Burgenland;2022-09-15;50.6
Burgenland;2022-09-16;52.14
Burgenland;2022-09-17;53.84
Burgenland;2022-09-18;55.91
Burgenland;2022-09-19;58.3
Burgenland;2022-09-20;60.98
Burgenland;2022-09-21;63.91
Burgenland;2022-09-22;67.08
Burgenland;2022-09-23;70.51
Burgenland;2022-09-24;74.3
Burgenland;2022-09-25;78.37
Burgenland;2022-09-26;82.76
Burgenland;2022-09-27;87.47
Burgenland;2022-09-28;92.34
Burgenland;2022-09-29;97.25
Burgenland;2022-09-30;101.97
Burgenland;2022-10-01;106.46
Burgenland;2022-10-02;110.54
Burgenland;2022-10-03;114.15
Burgenland;2022-10-04;117.21
Burgenland;2022-10-05;119.61
Burgenland;2022-10-06;121.46
Burgenland;2022-10-07;122.74
Burgenland;2022-10-08;123.54
Burgenland;2022-10-09;123.91
Burgenland;2022-10-10;123.89
Burgenland;2022-10-11;123.66
Burgenland;2022-10-12;123.13
Burgenland;2022-10-13;122.49
Burgenland;2022-10-14;121.49
Burgenland;2022-10-15;120.22
Burgenland;2022-10-16;118.43
Burgenland;2022-10-17;116.07
Burgenland;2022-10-18;113.34
Burgenland;2022-10-19;110.25
Burgenland;2022-10-20;106.99
Burgenland;2022-10-21;103.68
Burgenland;2022-10-22;100.4
Burgenland;2022-10-23;97.28
Burgenland;2022-10-24;94.26
Burgenland;2022-10-25;91.5
Burgenland;2022-10-26;88.85
Burgenland;2022-10-27;86.4
Burgenland;2022-10-28;84.05
Burgenland;2022-10-29;81.92
Burgenland;2022-10-30;79.95
Burgenland;2022-10-31;78.11
Burgenland;2022-11-01;76.56
Burgenland;2022-11-02;75.31
Burgenland;2022-11-03;74.23
Burgenland;2022-11-04;73.57
Burgenland;2022-11-05;73.18
Burgenland;2022-11-06;73.27
Burgenland;2022-11-07;73.7
Burgenland;2022-11-08;74.49
Burgenland;2022-11-09;75.59
Burgenland;2022-11-10;76.81
Burgenland;2022-11-11;78.1
Burgenland;2022-11-12;79.46
Burgenland;2022-11-13;80.85
Burgenland;2022-11-14;82.17
Burgenland;2022-11-15;83.48
Burgenland;2022-11-16;84.66
Burgenland;2022-11-17;85.74
Burgenland;2022-11-18;86.85
Burgenland;2022-11-19;87.83
Burgenland;2022-11-20;88.85
Burgenland;2022-11-21;89.95
Burgenland;2022-11-22;91.14
Burgenland;2022-11-23;92.42
Burgenland;2022-11-24;93.89
Burgenland;2022-11-25;95.58
Burgenland;2022-11-26;97.36
Burgenland;2022-11-27;99.23
Burgenland;2022-11-28;101.3
Burgenland;2022-11-29;103.51
Burgenland;2022-11-30;105.87
Burgenland;2022-12-01;108.35
Burgenland;2022-12-02;110.92
Burgenland;2022-12-03;113.42
Burgenland;2022-12-04;115.84
Burgenland;2022-12-05;118.05
Burgenland;2022-12-06;120.2
Burgenland;2022-12-07;122.1
Burgenland;2022-12-08;123.92
Burgenland;2022-12-09;125.74
Burgenland;2022-12-10;127.56
Burgenland;2022-12-11;129.31
Burgenland;2022-12-12;130.98
Burgenland;2022-12-13;132.43
Burgenland;2022-12-14;133.65
Burgenland;2022-12-15;134.64
Burgenland;2022-12-16;135.4
Burgenland;2022-12-17;135.92
Burgenland;2022-12-18;136.23
Burgenland;2022-12-19;136.39
Burgenland;2022-12-20;136.48
Burgenland;2022-12-21;136.66
Burgenland;2022-12-22;136.89
Burgenland;2022-12-23;137.15
Burgenland;2022-12-24;137.33
Burgenland;2022-12-25;137.32
Burgenland;2022-12-26;136.86
Burgenland;2022-12-27;135.85
Burgenland;2022-12-28;134.21
Burgenland;2022-12-29;131.88
Burgenland;2022-12-30;129.04
Burgenland;2022-12-31;125.68
Burgenland;2023-01-01;121.95
Burgenland;2023-01-02;117.97
Burgenland;2023-01-03;114.01
Burgenland;2023-01-04;110.08
Burgenland;2023-01-05;106.34
Burgenland;2023-01-06;102.87
Burgenland;2023-01-07;99.54
Burgenland;2023-01-08;96.38
Burgenland;2023-01-09;93.56
Burgenland;2023-01-10;91.04
Burgenland;2023-01-11;88.81
Burgenland;2023-01-12;87.02
Burgenland;2023-01-13;85.47
Burgenland;2023-01-14;84.23
Burgenland;2023-01-15;83.21
Burgenland;2023-01-16;82.51
Burgenland;2023-01-17;81.92
Burgenland;2023-01-18;76.73
Burgenland;2023-01-19;76.47
Burgenland;2023-01-20;76.28
Burgenland;2023-01-21;76.29
Burgenland;2023-01-22;76.44
Burgenland;2023-01-23;76.84
Burgenland;2023-01-24;78.62
Burgenland;2023-01-25;79.79
Burgenland;2023-01-26;81.18
Burgenland;2023-01-27;82.88
Burgenland;2023-01-28;84.85
Burgenland;2023-01-29;87.2
Burgenland;2023-01-30;89.87
Burgenland;2023-01-31;92.85
Burgenland;2023-02-01;96.1
Burgenland;2023-02-02;99.58
Burgenland;2023-02-03;103.19
Burgenland;2023-02-04;107.03
Burgenland;2023-02-05;110.99
Burgenland;2023-02-06;115.15
Burgenland;2023-02-07;119.4
Burgenland;2023-02-08;123.6
Burgenland;2023-02-09;127.79
Burgenland;2023-02-10;131.9
Burgenland;2023-02-11;135.79
Burgenland;2023-02-12;139.38
Burgenland;2023-02-13;142.71
Burgenland;2023-02-14;145.53
Burgenland;2023-02-15;147.94
Burgenland;2023-02-16;150.08
Burgenland;2023-02-17;152.12
Burgenland;2023-02-18;154.4
Burgenland;2023-02-19;157.01
Burgenland;2023-02-20;160.07
Burgenland;2023-02-21;163.56
Burgenland;2023-02-22;167.26
Burgenland;2023-02-23;170.83
Burgenland;2023-02-24;174.31
Burgenland;2023-02-25;177.42
Burgenland;2023-02-26;179.98
Burgenland;2023-02-27;181.98
Burgenland;2023-02-28;183.23
Burgenland;2023-03-01;183.81
Burgenland;2023-03-02;183.8
Burgenland;2023-03-03;183.24
Burgenland;2023-03-04;182.17
Burgenland;2023-03-05;180.58
Burgenland;2023-03-06;178.33
Burgenland;2023-03-07;175.34
Burgenland;2023-03-08;171.51
Burgenland;2023-03-09;167.09
Burgenland;2023-03-10;162.16
Burgenland;2023-03-11;157.01
Burgenland;2023-03-12;151.79
Burgenland;2023-03-13;146.58
Burgenland;2023-03-14;141.3
Burgenland;2023-03-15;136.05
Burgenland;2023-03-16;130.72
Burgenland;2023-03-17;125.35
Burgenland;2023-03-18;120.14
Burgenland;2023-03-19;114.98
Burgenland;2023-03-20;110.05
Burgenland;2023-03-21;105.32
Burgenland;2023-03-22;100.83
Burgenland;2023-03-23;96.45
Burgenland;2023-03-24;92.19
Burgenland;2023-03-25;88.04
Burgenland;2023-03-26;84.07
Burgenland;2023-03-27;80.27
Burgenland;2023-03-28;76.59
Burgenland;2023-03-29;73.09
Burgenland;2023-03-30;69.77
Burgenland;2023-03-31;66.66
Burgenland;2023-04-01;63.7
Burgenland;2023-04-02;60.98
Burgenland;2023-04-03;58.43
Burgenland;2023-04-04;56.17
Burgenland;2023-04-05;54.06
Burgenland;2023-04-06;52.13
Burgenland;2023-04-07;50.24
Burgenland;2023-04-08;48.48
Burgenland;2023-04-09;46.73
Burgenland;2023-04-10;45.03
Burgenland;2023-04-11;43.36
Burgenland;2023-04-12;41.62
Burgenland;2023-04-13;40.03
Burgenland;2023-04-14;38.51
Burgenland;2023-04-15;37.14
Burgenland;2023-04-16;36.06
Burgenland;2023-04-17;35.24
Burgenland;2023-04-18;34.67
Burgenland;2023-04-19;34.41
Burgenland;2023-04-20;34.33
Burgenland;2023-04-21;34.41
Burgenland;2023-04-22;34.65
Burgenland;2023-04-23;35.0
Burgenland;2023-04-24;35.47
Burgenland;2023-04-25;36.03
Burgenland;2023-04-26;36.68
Burgenland;2023-04-27;37.28
Burgenland;2023-04-28;37.9
Burgenland;2023-04-29;38.41
Burgenland;2023-04-30;38.72
Burgenland;2023-05-01;38.7
Burgenland;2023-05-02;38.3
Burgenland;2023-05-03;37.41
Burgenland;2023-05-04;36.14
Burgenland;2023-05-05;34.59
Burgenland;2023-05-06;32.88
Burgenland;2023-05-07;31.14
Burgenland;2023-05-08;29.4
Burgenland;2023-05-09;27.69
Burgenland;2023-05-10;26.15
Burgenland;2023-05-11;24.67
Burgenland;2023-05-12;23.34
Burgenland;2023-05-13;22.07
Burgenland;2023-05-14;20.98
Burgenland;2023-05-15;19.99
Burgenland;2023-05-16;19.14
Burgenland;2023-05-17;18.38
Burgenland;2023-05-18;17.72
Burgenland;2023-05-19;17.09
Burgenland;2023-05-20;16.45
Burgenland;2023-05-21;15.87
Burgenland;2023-05-22;15.23
Burgenland;2023-05-23;14.6
Burgenland;2023-05-24;14.02
Burgenland;2023-05-25;13.44
Burgenland;2023-05-26;12.9
Burgenland;2023-05-27;12.38
Burgenland;2023-05-28;11.9
Burgenland;2023-05-29;11.48
Burgenland;2023-05-30;11.08
Burgenland;2023-05-31;10.67
Burgenland;2023-06-01;10.32
Burgenland;2023-06-02;10.06
Burgenland;2023-06-03;9.8
Burgenland;2023-06-04;9.55
Burgenland;2023-06-05;9.32
Burgenland;2023-06-06;9.11
Burgenland;2023-06-07;8.9
Burgenland;2023-06-08;8.71
Burgenland;2023-06-09;8.54
Burgenland;2023-06-10;8.34
Burgenland;2023-06-11;8.17
Burgenland;2023-06-12;8.0
Burgenland;2023-06-13;7.87
Burgenland;2023-06-14;7.73
Burgenland;2023-06-15;7.58
Burgenland;2023-06-16;7.46
Burgenland;2023-06-17;7.37
Burgenland;2023-06-18;7.22
Burgenland;2023-06-19;7.14
Burgenland;2023-06-20;7.05
Burgenland;2023-06-21;6.93
Burgenland;2023-06-22;6.77
Burgenland;2023-06-23;6.64
Burgenland;2023-06-24;6.52
Burgenland;2023-06-25;6.42
Burgenland;2023-06-26;6.36
Burgenland;2023-06-27;6.28
Burgenland;2023-06-28;6.26
Burgenland;2023-06-29;6.24
Burgenland;2023-06-30;6.29
Burgenland;2023-07-01;6.35
Burgenland;2023-07-02;6.4
Burgenland;2023-07-03;6.52
Burgenland;2023-07-04;6.67
Burgenland;2023-07-05;6.91
Burgenland;2023-07-06;7.17
Burgenland;2023-07-07;7.53
Burgenland;2023-07-08;7.98
Burgenland;2023-07-09;8.57
Burgenland;2023-07-10;9.29
Burgenland;2023-07-11;10.09
Burgenland;2023-07-12;11.06
Burgenland;2023-07-13;12.1
Burgenland;2023-07-14;13.22
Burgenland;2023-07-15;14.3
Burgenland;2023-07-16;15.28
Burgenland;2023-07-17;16.09
Burgenland;2023-07-18;16.61
Burgenland;2023-07-19;16.7
Burgenland;2023-07-20;16.47
Burgenland;2023-07-21;15.96
Burgenland;2023-07-22;15.31
Burgenland;2023-07-23;14.55
Burgenland;2023-07-24;13.86
Burgenland;2023-07-25;13.24
Burgenland;2023-07-26;12.75
Burgenland;2023-07-27;12.32
Burgenland;2023-07-28;12.02
Burgenland;2023-07-29;11.87
Burgenland;2023-07-30;11.88
Burgenland;2023-07-31;12.08
Burgenland;2023-08-01;12.46
Burgenland;2023-08-02;13.0
Burgenland;2023-08-03;13.65
Burgenland;2023-08-04;14.49
Burgenland;2023-08-05;15.42
Burgenland;2023-08-06;16.55
Burgenland;2023-08-07;17.71
Burgenland;2023-08-08;19.05
Burgenland;2023-08-09;20.4
Burgenland;2023-08-10;21.79
Burgenland;2023-08-11;23.08
Burgenland;2023-08-12;24.38
Burgenland;2023-08-13;25.51
Burgenland;2023-08-14;26.54
Burgenland;2023-08-15;27.35
Burgenland;2023-08-16;28.01
Burgenland;2023-08-17;28.53
Burgenland;2023-08-18;29.03
Burgenland;2023-08-19;29.52
Burgenland;2023-08-20;30.18
Burgenland;2023-08-21;30.91
Burgenland;2023-08-22;31.87
Burgenland;2023-08-23;32.93
Burgenland;2023-08-24;34.15
Burgenland;2023-08-25;35.44
Burgenland;2023-08-26;36.77
Burgenland;2023-08-27;38.02
Burgenland;2023-08-28;39.29
Burgenland;2023-08-29;40.36
Burgenland;2023-08-30;41.29
Burgenland;2023-08-31;42.08
Burgenland;2023-09-01;42.67
Burgenland;2023-09-02;43.15
Burgenland;2023-09-03;43.47
Burgenland;2023-09-04;43.76
Burgenland;2023-09-05;43.95
Burgenland;2023-09-06;44.06
Burgenland;2023-09-07;44.14
Burgenland;2023-09-08;44.22
Burgenland;2023-09-09;44.37
Burgenland;2023-09-10;44.47
Burgenland;2023-09-11;44.55
Burgenland;2023-09-12;44.57
Burgenland;2023-09-13;44.52
Burgenland;2023-09-14;44.33
Burgenland;2023-09-15;44.12
Burgenland;2023-09-16;43.91
Burgenland;2023-09-17;43.76
Burgenland;2023-09-18;43.62
Burgenland;2023-09-19;43.54
Burgenland;2023-09-20;43.56
Burgenland;2023-09-21;43.71
Burgenland;2023-09-22;43.9
Burgenland;2023-09-23;44.15
Burgenland;2023-09-24;44.59
Burgenland;2023-09-25;45.1
Burgenland;2023-09-26;45.79
Burgenland;2023-09-27;46.56
Burgenland;2023-09-28;47.46
Burgenland;2023-09-29;48.4
Burgenland;2023-09-30;49.49
Burgenland;2023-10-01;50.64
Burgenland;2023-10-02;51.96
Burgenland;2023-10-03;53.34
Burgenland;2023-10-04;54.86
Burgenland;2023-10-05;56.53
Burgenland;2023-10-06;58.23
Burgenland;2023-10-07;60.08
Burgenland;2023-10-08;62.06
Burgenland;2023-10-09;64.09
Burgenland;2023-10-10;66.1
Burgenland;2023-10-11;68.05
Burgenland;2023-10-12;69.78
Burgenland;2023-10-13;71.48
Burgenland;2023-10-14;73.03
Burgenland;2023-10-15;74.46
Burgenland;2023-10-16;75.9
Burgenland;2023-10-17;77.23
Burgenland;2023-10-18;78.5
Burgenland;2023-10-19;79.68
Burgenland;2023-10-20;80.74
Burgenland;2023-10-21;81.76
Burgenland;2023-10-22;82.78
Burgenland;2023-10-23;83.8
Burgenland;2023-10-24;84.88
Burgenland;2023-10-25;86.02
Burgenland;2023-10-26;87.21
Burgenland;2023-10-27;88.49
Burgenland;2023-10-28;89.78
Burgenland;2023-10-29;91.22
Burgenland;2023-10-30;92.77
Burgenland;2023-10-31;94.36
Burgenland;2023-11-01;96.18
Burgenland;2023-11-02;98.26
Burgenland;2023-11-03;100.67
Burgenland;2023-11-04;103.54
Burgenland;2023-11-05;107.07
Burgenland;2023-11-06;111.29
Burgenland;2023-11-07;116.21
Burgenland;2023-11-08;121.61
Burgenland;2023-11-09;127.4
Burgenland;2023-11-10;133.53
Burgenland;2023-11-11;139.87
Burgenland;2023-11-12;146.47
Burgenland;2023-11-13;169.89
Burgenland;2023-11-14;178.49
Burgenland;2023-11-15;187.62
Burgenland;2023-11-16;197.11
Burgenland;2023-11-17;206.85
Burgenland;2023-11-18;216.81
Burgenland;2023-11-19;226.89
Burgenland;2023-11-20;237.08
Burgenland;2023-11-21;247.35
Burgenland;2023-11-22;257.64
Burgenland;2023-11-23;267.91
Burgenland;2023-11-24;277.94
Burgenland;2023-11-25;287.59
Burgenland;2023-11-26;296.7
Burgenland;2023-11-27;305.26
Burgenland;2023-11-28;313.16
Burgenland;2023-11-29;320.64
Burgenland;2023-11-30;327.74
Burgenland;2023-12-01;334.53
Burgenland;2023-12-02;341.17
Burgenland;2023-12-03;347.44
Burgenland;2023-12-04;353.01
Burgenland;2023-12-05;357.36
Burgenland;2023-12-06;437.0
Burgenland;2023-12-07;434.34
Burgenland;2023-12-08;430.01
Burgenland;2023-12-09;424.66
Burgenland;2023-12-10;418.92
Burgenland;2023-12-11;413.18
Burgenland;2023-12-12;407.52
Burgenland;2023-12-13;401.99
Burgenland;2023-12-14;396.38
Burgenland;2023-12-15;390.41
Burgenland;2023-12-16;383.77
Burgenland;2023-12-17;376.17
Burgenland;2023-12-18;367.35
Burgenland;2023-12-19;357.37
Burgenland;2023-12-20;346.26
Burgenland;2023-12-21;334.24
Burgenland;2023-12-22;321.43
Burgenland;2023-12-23;308.02
Burgenland;2023-12-24;294.0
Burgenland;2023-12-25;279.45
Burgenland;2023-12-26;264.38
Burgenland;2023-12-27;248.84
Burgenland;2023-12-28;233.07
Burgenland;2023-12-29;217.26
Burgenland;2023-12-30;201.66
Burgenland;2023-12-31;186.45
Burgenland;2024-01-01;171.87
Burgenland;2024-01-02;158.2
Burgenland;2024-01-03;145.57
Burgenland;2024-01-04;134.07
Burgenland;2024-01-05;123.75
Burgenland;2024-01-06;114.57
Burgenland;2024-01-07;106.61
Burgenland;2024-01-08;99.88
Burgenland;2024-01-09;94.32
Burgenland;2024-01-10;89.82
Burgenland;2024-01-11;86.19
Burgenland;2024-01-12;83.13
Burgenland;2024-01-13;80.52
Burgenland;2024-01-14;78.1
Burgenland;2024-01-15;75.76
Burgenland;2024-01-16;73.43
Burgenland;2024-01-17;70.89
Burgenland;2024-01-18;68.19
Burgenland;2024-01-19;65.37
Burgenland;2024-01-20;62.45
Burgenland;2024-01-21;59.55
Burgenland;2024-01-22;56.78
Burgenland;2024-01-23;54.07
Burgenland;2024-01-24;51.44
Burgenland;2024-01-25;48.89
Burgenland;2024-01-26;46.42
Burgenland;2024-01-27;44.09
Burgenland;2024-01-28;41.84
Burgenland;2024-01-29;39.78
Burgenland;2024-01-30;37.9
Burgenland;2024-01-31;36.17
Burgenland;2024-02-01;34.5
Burgenland;2024-02-02;32.92
Burgenland;2024-02-03;31.44
Burgenland;2024-02-04;30.03
Burgenland;2024-02-05;28.73
Burgenland;2024-02-06;27.45
Burgenland;2024-02-07;26.36
Burgenland;2024-02-08;25.41
Burgenland;2024-02-09;24.56
Burgenland;2024-02-10;23.86
Burgenland;2024-02-11;23.26
Burgenland;2024-02-12;22.76
Burgenland;2024-02-13;22.39
Burgenland;2024-02-14;22.04
Burgenland;2024-02-15;21.71
Burgenland;2024-02-16;21.4
Burgenland;2024-02-17;21.07
Burgenland;2024-02-18;20.62
Burgenland;2024-02-19;20.02
Burgenland;2024-02-20;19.27
Burgenland;2024-02-21;18.29
Burgenland;2024-02-22;17.25
Burgenland;2024-02-23;16.09
Burgenland;2024-02-24;14.97
Burgenland;2024-02-25;13.9
Burgenland;2024-02-26;12.95
Burgenland;2024-02-27;12.15
Burgenland;2024-02-28;11.46
Burgenland;2024-02-29;10.85
Burgenland;2024-03-01;10.41
Burgenland;2024-03-02;9.93
Burgenland;2024-03-03;9.53
Burgenland;2024-03-04;9.12
Burgenland;2024-03-05;8.75
Burgenland;2024-03-06;8.41
Burgenland;2024-03-07;8.09
Burgenland;2024-03-08;7.78
Burgenland;2024-03-09;7.54
Burgenland;2024-03-10;7.27
Burgenland;2024-03-11;6.98
Burgenland;2024-03-12;6.7
Burgenland;2024-03-13;6.5
Burgenland;2024-03-14;6.3
Burgenland;2024-03-15;6.15
Burgenland;2024-03-16;6.02
Burgenland;2024-03-17;5.81
Burgenland;2024-03-18;5.71
Burgenland;2024-03-19;5.55
Burgenland;2024-03-20;5.35
Burgenland;2024-03-21;5.16
Burgenland;2024-03-22;4.92
Burgenland;2024-03-23;4.72
Burgenland;2024-03-24;4.51
Burgenland;2024-03-25;4.34
Burgenland;2024-03-26;4.25
Burgenland;2024-03-27;4.12
Burgenland;2024-03-28;4.03
Burgenland;2024-03-29;3.97
Burgenland;2024-03-30;3.9
Burgenland;2024-03-31;3.84
Burgenland;2024-04-01;3.81
Burgenland;2024-04-02;3.75
Burgenland;2024-04-03;3.67
Burgenland;2024-04-04;3.56
Burgenland;2024-04-05;3.45
Burgenland;2024-04-06;3.33
Burgenland;2024-04-07;3.2
Burgenland;2024-04-08;3.06
Burgenland;2024-04-09;2.94
Burgenland;2024-04-10;2.84
Burgenland;2024-04-11;2.78
Burgenland;2024-04-12;2.68
Burgenland;2024-04-13;2.61
Burgenland;2024-04-14;2.6
Burgenland;2024-04-15;2.6
Burgenland;2024-04-16;2.6
Burgenland;2024-04-17;2.62
Burgenland;2024-04-18;2.7
Burgenland;2024-04-19;2.73
Burgenland;2024-04-20;2.85
Burgenland;2024-04-21;2.89
Burgenland;2024-04-22;3.0
Burgenland;2024-04-23;3.06
Burgenland;2024-04-24;3.13
Burgenland;2024-04-25;3.28
Burgenland;2024-04-26;3.35
Burgenland;2024-04-27;3.46
Burgenland;2024-04-28;3.61
Burgenland;2024-04-29;3.75
Burgenland;2024-04-30;3.9
Burgenland;2024-05-01;4.04
Burgenland;2024-05-02;4.12
Burgenland;2024-05-03;4.28
Burgenland;2024-05-04;4.38
Burgenland;2024-05-05;4.44
Burgenland;2024-05-06;4.52
Burgenland;2024-05-07;4.61
Burgenland;2024-05-08;4.67
Burgenland;2024-05-09;4.72
Burgenland;2024-05-10;4.78
Burgenland;2024-05-11;4.88
Burgenland;2024-05-12;4.94
Burgenland;2024-05-13;5.0
Burgenland;2024-05-14;5.12
Burgenland;2024-05-15;5.2
Burgenland;2024-05-16;5.32
Burgenland;2024-05-17;5.38
Burgenland;2024-05-18;5.48
Burgenland;2024-05-19;5.54
Burgenland;2024-05-20;5.65
Burgenland;2024-05-21;5.67
Burgenland;2024-05-22;5.72
Burgenland;2024-05-23;5.79
Burgenland;2024-05-24;5.82
Burgenland;2024-05-25;5.9
Burgenland;2024-05-26;6.04
Burgenland;2024-05-27;6.24
Burgenland;2024-05-28;6.46
Burgenland;2024-05-29;6.7
Burgenland;2024-05-30;7.02
Burgenland;2024-05-31;7.34
Burgenland;2024-06-01;7.74
Burgenland;2024-06-02;8.12
Burgenland;2024-06-03;8.56
Burgenland;2024-06-04;8.99
Burgenland;2024-06-05;9.53
Burgenland;2024-06-06;10.07
Burgenland;2024-06-07;10.72
Burgenland;2024-06-08;11.4
Burgenland;2024-06-09;12.16
Burgenland;2024-06-10;13.05
Burgenland;2024-06-11;14.12
Burgenland;2024-06-12;15.35
Burgenland;2024-06-13;16.67
Burgenland;2024-06-14;18.11
Burgenland;2024-06-15;19.63
Burgenland;2024-06-16;21.16
Burgenland;2024-06-17;22.65
Burgenland;2024-06-18;24.06
Burgenland;2024-06-19;25.38
Burgenland;2024-06-20;26.64
Burgenland;2024-06-21;27.81
Burgenland;2024-06-22;28.89
Burgenland;2024-06-23;29.89
Burgenland;2024-06-24;30.85
Burgenland;2024-06-25;31.74
Burgenland;2024-06-26;32.59
Burgenland;2024-06-27;33.3
Burgenland;2024-06-28;33.85
Burgenland;2024-06-29;34.3
Burgenland;2024-06-30;34.57
Burgenland;2024-07-01;34.55
Burgenland;2024-07-02;34.38
Burgenland;2024-07-03;34.1
Burgenland;2024-07-04;33.68
Burgenland;2024-07-05;33.29
Burgenland;2024-07-06;32.85
Burgenland;2024-07-07;32.4
Burgenland;2024-07-08;32.09
Burgenland;2024-07-09;31.89
Burgenland;2024-07-10;31.79
Burgenland;2024-07-11;31.83
Burgenland;2024-07-12;32.02
Burgenland;2024-07-13;32.37
Burgenland;2024-07-14;32.9
Burgenland;2024-07-15;33.57
Burgenland;2024-07-16;34.41
Burgenland;2024-07-17;35.39
Burgenland;2024-07-18;36.47
Burgenland;2024-07-19;37.62
Burgenland;2024-07-20;38.71
Burgenland;2024-07-21;39.89
Burgenland;2024-07-22;40.99
Burgenland;2024-07-23;42.08
Burgenland;2024-07-24;43.13
Burgenland;2024-07-25;44.17
Burgenland;2024-07-26;45.21
Burgenland;2024-07-27;46.21
Burgenland;2024-07-28;47.08
Burgenland;2024-07-29;47.94
Burgenland;2024-07-30;48.75
Burgenland;2024-07-31;49.42
Burgenland;2024-08-01;50.02
Burgenland;2024-08-02;50.56
Burgenland;2024-08-03;51.09
Burgenland;2024-08-04;51.63
Burgenland;2024-08-05;52.21
Burgenland;2024-08-06;52.76
Burgenland;2024-08-07;53.36
Burgenland;2024-08-08;53.89
Burgenland;2024-08-09;54.4
Burgenland;2024-08-10;54.87
Burgenland;2024-08-11;55.31
Burgenland;2024-08-12;55.79
Burgenland;2024-08-13;56.26
Burgenland;2024-08-14;56.78
Burgenland;2024-08-15;57.4
Burgenland;2024-08-16;58.03
Burgenland;2024-08-17;58.7
Burgenland;2024-08-18;59.49
Burgenland;2024-08-19;60.34
Burgenland;2024-08-20;61.14
Burgenland;2024-08-21;61.94
Burgenland;2024-08-22;62.81
Burgenland;2024-08-23;63.66
Burgenland;2024-08-24;64.66
Burgenland;2024-08-25;65.75
Burgenland;2024-08-26;66.94
Burgenland;2024-08-27;68.15
Burgenland;2024-08-28;69.39
Burgenland;2024-08-29;70.51
Burgenland;2024-08-30;71.52
Burgenland;2024-08-31;72.43
Burgenland;2024-09-01;73.27
Burgenland;2024-09-02;74.1
Burgenland;2024-09-03;74.93
Burgenland;2024-09-04;75.83
Burgenland;2024-09-05;76.87
Burgenland;2024-09-06;78.08
Burgenland;2024-09-07;79.47
Burgenland;2024-09-08;81.05
Burgenland;2024-09-09;82.83
Burgenland;2024-09-10;84.71
Burgenland;2024-09-11;86.64
Burgenland;2024-09-12;88.53
Burgenland;2024-09-13;90.42
Burgenland;2024-09-14;92.31
Burgenland;2024-09-15;94.23
Burgenland;2024-09-16;96.3
Burgenland;2024-09-17;98.58
Burgenland;2024-09-18;100.97
Burgenland;2024-09-19;103.61
Burgenland;2024-09-20;106.3
Burgenland;2024-09-21;109.11
Burgenland;2024-09-22;111.81
Burgenland;2024-09-23;114.44
Burgenland;2024-09-24;116.76
Burgenland;2024-09-25;118.62
Burgenland;2024-09-26;119.89
Burgenland;2024-09-27;120.67
Burgenland;2024-09-28;121.17
Burgenland;2024-09-29;121.58
Burgenland;2024-09-30;122.13
Burgenland;2024-10-01;122.99
Burgenland;2024-10-02;124.2
Burgenland;2024-10-03;125.9
Burgenland;2024-10-04;128.04
Burgenland;2024-10-05;130.39
Burgenland;2024-10-06;132.79
Burgenland;2024-10-07;135.05
Burgenland;2024-10-08;136.73
Burgenland;2024-10-09;137.64
Burgenland;2024-10-10;137.63
Burgenland;2024-10-11;136.87
Burgenland;2024-10-12;135.48
Burgenland;2024-10-13;133.78
Burgenland;2024-10-14;131.89
Burgenland;2024-10-15;129.92
Burgenland;2024-10-16;127.88
Burgenland;2024-10-17;125.74
Burgenland;2024-10-18;123.46
Burgenland;2024-10-19;121.15
Burgenland;2024-10-20;118.75
Burgenland;2024-10-21;116.36
Burgenland;2024-10-22;114.01
Burgenland;2024-10-23;111.68
Burgenland;2024-10-24;109.41
Burgenland;2024-10-25;107.13
Burgenland;2024-10-26;104.8
Burgenland;2024-10-27;102.29
Burgenland;2024-10-28;99.65
Burgenland;2024-10-29;96.83
Burgenland;2024-10-30;93.81
Burgenland;2024-10-31;90.73
Burgenland;2024-11-01;87.62
Burgenland;2024-11-02;84.7
Burgenland;2024-11-03;81.95
Burgenland;2024-11-04;79.6
Burgenland;2024-11-05;77.58
Burgenland;2024-11-06;75.99
Burgenland;2024-11-07;74.79
Burgenland;2024-11-08;73.92
Burgenland;2024-11-09;73.32
Burgenland;2024-11-10;72.86
Burgenland;2024-11-11;72.62
Burgenland;2024-11-12;72.52
Burgenland;2024-11-13;72.58
Burgenland;2024-11-14;72.78
Burgenland;2024-11-15;73.07
Burgenland;2024-11-16;73.59
Burgenland;2024-11-17;74.32
Burgenland;2024-11-18;75.3
Burgenland;2024-11-19;76.55
Burgenland;2024-11-20;77.98
Burgenland;2024-11-21;79.67
Burgenland;2024-11-22;81.49
Burgenland;2024-11-23;83.42
Burgenland;2024-11-24;85.34
Burgenland;2024-11-25;87.25
Burgenland;2024-11-26;88.98
Burgenland;2024-11-27;90.42
Burgenland;2024-11-28;91.68
Burgenland;2024-11-29;92.73
Burgenland;2024-11-30;93.64
Burgenland;2024-12-01;94.48
Burgenland;2024-12-02;95.34
Burgenland;2024-12-03;96.15
Burgenland;2024-12-04;96.83
Burgenland;2024-12-05;97.37
Burgenland;2024-12-06;97.83
Burgenland;2024-12-07;98.09
Burgenland;2024-12-08;98.37
Burgenland;2024-12-09;98.65
Burgenland;2024-12-10;98.96
Burgenland;2024-12-11;99.39
Burgenland;2024-12-12;99.84
Burgenland;2024-12-13;100.32
Burgenland;2024-12-14;100.67
Burgenland;2024-12-15;100.79
Burgenland;2024-12-16;100.54
Burgenland;2024-12-17;99.86
Burgenland;2024-12-18;98.79
Burgenland;2024-12-19;97.33
Burgenland;2024-12-20;95.6
Burgenland;2024-12-21;93.66
Burgenland;2024-12-22;91.59
Burgenland;2024-12-23;89.48
Burgenland;2024-12-24;87.32
Burgenland;2024-12-25;85.2
Burgenland;2024-12-26;83.06
Burgenland;2024-12-27;80.94
Burgenland;2024-12-28;78.77
Burgenland;2024-12-29;76.64
Burgenland;2024-12-30;74.48
Burgenland;2024-12-31;72.34
Burgenland;2025-01-01;70.22
Burgenland;2025-01-02;68.08
Burgenland;2025-01-03;65.94
Burgenland;2025-01-04;63.88
Burgenland;2025-01-05;61.88
Burgenland;2025-01-06;59.97
Burgenland;2025-01-07;58.25
Burgenland;2025-01-08;56.68
Burgenland;2025-01-09;55.31
Burgenland;2025-01-10;54.14
Burgenland;2025-01-11;53.19
Burgenland;2025-01-12;52.41
Burgenland;2025-01-13;51.73
Burgenland;2025-01-14;51.15
Burgenland;2025-01-15;50.51
Burgenland;2025-01-16;49.86
Burgenland;2025-01-17;49.14
Burgenland;2025-01-18;48.39
Burgenland;2025-01-19;47.63
Burgenland;2025-01-20;46.8
Burgenland;2025-01-21;45.89
Burgenland;2025-01-22;44.75
Burgenland;2025-01-23;43.4
Burgenland;2025-01-24;41.84
Burgenland;2025-01-25;40.14
Burgenland;2025-01-26;38.31
Burgenland;2025-01-27;36.41
Burgenland;2025-01-28;34.44
Burgenland;2025-01-29;32.43
Burgenland;2025-01-30;30.4
Burgenland;2025-01-31;28.37
Burgenland;2025-02-01;26.41
Burgenland;2025-02-02;24.59
Burgenland;2025-02-03;22.82
Burgenland;2025-02-04;21.33
Burgenland;2025-02-05;19.93
Burgenland;2025-02-06;18.7
Burgenland;2025-02-07;17.65
Burgenland;2025-02-08;16.68
Burgenland;2025-02-09;15.8
Burgenland;2025-02-10;15.01
Burgenland;2025-02-11;14.28
Burgenland;2025-02-12;13.62
Burgenland;2025-02-13;12.94
Burgenland;2025-02-14;12.31
Burgenland;2025-02-15;11.73
Burgenland;2025-02-16;11.2
Burgenland;2025-02-17;10.78
Burgenland;2025-02-18;10.44
Burgenland;2025-02-19;10.19
Burgenland;2025-02-20;9.98
Burgenland;2025-02-21;9.89
Burgenland;2025-02-22;9.91
Burgenland;2025-02-23;10.02
Burgenland;2025-02-24;10.27
Burgenland;2025-02-25;10.68
Burgenland;2025-02-26;11.18
Burgenland;2025-02-27;11.74
Burgenland;2025-02-28;12.41
Burgenland;2025-03-01;13.05
Burgenland;2025-03-02;13.67
Burgenland;2025-03-03;14.16
Burgenland;2025-03-04;14.47
Burgenland;2025-03-05;14.61
Burgenland;2025-03-06;14.49
Burgenland;2025-03-07;14.25
Burgenland;2025-03-08;13.88
Burgenland;2025-03-09;13.4
Burgenland;2025-03-10;12.83
Burgenland;2025-03-11;12.24
Burgenland;2025-03-12;11.61
Burgenland;2025-03-13;11.04
Burgenland;2025-03-14;10.46
Burgenland;2025-03-15;9.95
Burgenland;2025-03-16;9.46
Burgenland;2025-03-17;8.98
Burgenland;2025-03-18;8.6
Burgenland;2025-03-19;8.21
Burgenland;2025-03-20;7.87
Burgenland;2025-03-21;7.63
Burgenland;2025-03-22;7.33
Burgenland;2025-03-23;7.12
Burgenland;2025-03-24;6.95
Burgenland;2025-03-25;6.85
Burgenland;2025-03-26;6.76
Burgenland;2025-03-27;6.76
Burgenland;2025-03-28;6.85
Burgenland;2025-03-29;7.02
Burgenland;2025-03-30;7.21
Burgenland;2025-03-31;7.44
Burgenland;2025-04-01;7.72
Burgenland;2025-04-02;8.03
Burgenland;2025-04-03;8.37
Burgenland;2025-04-04;8.7
Burgenland;2025-04-05;9.01
Burgenland;2025-04-06;9.17
Burgenland;2025-04-07;9.28
Burgenland;2025-04-08;9.19
Burgenland;2025-04-09;8.93
Burgenland;2025-04-10;8.54
Burgenland;2025-04-11;8.07
Burgenland;2025-04-12;7.56
Burgenland;2025-04-13;7.02
Burgenland;2025-04-14;6.52
Burgenland;2025-04-15;6.09
Burgenland;2025-04-16;5.71
Burgenland;2025-04-17;5.36
Burgenland;2025-04-18;5.11
Burgenland;2025-04-19;4.9
Burgenland;2025-04-20;4.72
Burgenland;2025-04-21;4.56
Burgenland;2025-04-22;4.46
Burgenland;2025-04-23;4.41
Burgenland;2025-04-24;4.43
Burgenland;2025-04-25;4.49
Burgenland;2025-04-26;4.58
Burgenland;2025-04-27;4.7
Burgenland;2025-04-28;4.85
Burgenland;2025-04-29;5.04
Burgenland;2025-04-30;5.31
Burgenland;2025-05-01;5.57
Burgenland;2025-05-02;5.9
Burgenland;2025-05-03;6.23
Burgenland;2025-05-04;6.58
Burgenland;2025-05-05;6.94
Burgenland;2025-05-06;7.32
Burgenland;2025-05-07;7.84
Burgenland;2025-05-08;8.37
Burgenland;2025-05-09;8.98
Burgenland;2025-05-10;9.64
Burgenland;2025-05-11;10.47
Burgenland;2025-05-12;11.36
Burgenland;2025-05-13;12.37
Burgenland;2025-05-14;13.54
Burgenland;2025-05-15;14.75
Burgenland;2025-05-16;16.05
Burgenland;2025-05-17;17.34
Burgenland;2025-05-18;18.7
Burgenland;2025-05-19;20.01
Burgenland;2025-05-20;21.24
Burgenland;2025-05-21;22.46
Burgenland;2025-05-22;23.46
Burgenland;2025-05-23;24.34
Burgenland;2025-05-24;24.99
Burgenland;2025-05-25;25.41
Burgenland;2025-05-26;25.56
Burgenland;2025-05-27;25.45
Burgenland;2025-05-28;25.23
Burgenland;2025-05-29;24.85
Burgenland;2025-05-30;24.44
Burgenland;2025-05-31;23.97
Burgenland;2025-06-01;23.53
Burgenland;2025-06-02;23.05
Burgenland;2025-06-03;22.6
Burgenland;2025-06-04;22.21
Burgenland;2025-06-05;21.92
Burgenland;2025-06-06;21.67
Burgenland;2025-06-07;21.52
Burgenland;2025-06-08;21.32
Burgenland;2025-06-09;21.26
Burgenland;2025-06-10;21.21
Burgenland;2025-06-11;21.18
Burgenland;2025-06-12;21.18
Burgenland;2025-06-13;21.16
Burgenland;2025-06-14;21.08
Burgenland;2025-06-15;20.83
Burgenland;2025-06-16;20.48
Burgenland;2025-06-17;19.95
Burgenland;2025-06-18;19.31
Burgenland;2025-06-19;18.59
Burgenland;2025-06-20;17.94
Burgenland;2025-06-21;17.27
Burgenland;2025-06-22;16.73
Burgenland;2025-06-23;16.34
Burgenland;2025-06-24;16.07
Burgenland;2025-06-25;15.95
Burgenland;2025-06-26;15.89
Burgenland;2025-06-27;15.97
Burgenland;2025-06-28;16.06
Burgenland;2025-06-29;16.21
Burgenland;2025-06-30;16.37
Burgenland;2025-07-01;16.41
Burgenland;2025-07-02;16.37
Burgenland;2025-07-03;16.26
Burgenland;2025-07-04;16.01
Burgenland;2025-07-05;15.77
Burgenland;2025-07-06;15.42
Burgenland;2025-07-07;15.1
Burgenland;2025-07-08;14.8
Burgenland;2025-07-09;14.48
Burgenland;2025-07-10;14.17
Burgenland;2025-07-11;13.96
Burgenland;2025-07-12;13.73
Burgenland;2025-07-13;13.69
Burgenland;2025-07-14;13.73
Burgenland;2025-07-15;13.87
Burgenland;2025-07-16;14.08
Burgenland;2025-07-17;14.36
Burgenland;2025-07-18;14.7
Burgenland;2025-07-19;14.99
Burgenland;2025-07-20;15.21
Burgenland;2025-07-21;15.35
Burgenland;2025-07-22;15.45
Burgenland;2025-07-23;15.38
Burgenland;2025-07-24;15.29
Burgenland;2025-07-25;15.15
Burgenland;2025-07-26;14.97
Burgenland;2025-07-27;14.79
Burgenland;2025-07-28;14.66
Burgenland;2025-07-29;14.62
Österreich;2022-09-01;98.89
Österreich;2022-09-02;98.52
Österreich;2022-09-03;98.21
Österreich;2022-09-04;97.36
Österreich;2022-09-05;97.28
Österreich;2022-09-06;97.43
Österreich;2022-09-07;97.8
Österreich;2022-09-08;98.42
Österreich;2022-09-09;99.44
Österreich;2022-09-10;100.88
Österreich;2022-09-11;102.93
Österreich;2022-09-12;105.6
Österreich;2022-09-13;108.9
Österreich;2022-09-14;112.8
Österreich;2022-09-15;117.29
Österreich;2022-09-16;122.2
Österreich;2022-09-17;127.6
Österreich;2022-09-18;133.4
Österreich;2022-09-19;139.65
Österreich;2022-09-20;146.43
Österreich;2022-09-21;153.7
Österreich;2022-09-22;161.38
Österreich;2022-09-23;169.35
Österreich;2022-09-24;177.45
Österreich;2022-09-25;185.67
Österreich;2022-09-26;193.92
Österreich;2022-09-27;202.12
Österreich;2022-09-28;210.22
Österreich;2022-09-29;218.09
Österreich;2022-09-30;225.51
Österreich;2022-10-01;232.22
Österreich;2022-10-02;237.89
Österreich;2022-10-03;242.38
Österreich;2022-10-04;245.59
Österreich;2022-10-05;247.62
Österreich;2022-10-06;248.61
Österreich;2022-10-07;248.51
Österreich;2022-10-08;247.33
Österreich;2022-10-09;244.93
Österreich;2022-10-10;241.27
Österreich;2022-10-11;236.29
Österreich;2022-10-12;230.32
Österreich;2022-10-13;223.53
Österreich;2022-10-14;216.29
Österreich;2022-10-15;208.84
Österreich;2022-10-16;201.31
Österreich;2022-10-17;193.99
Österreich;2022-10-18;186.92
Österreich;2022-10-19;180.25
Österreich;2022-10-20;173.92
Österreich;2022-10-21;167.82
Österreich;2022-10-22;161.98
Österreich;2022-10-23;156.21
Österreich;2022-10-24;150.58
Österreich;2022-10-25;145.08
Österreich;2022-10-26;139.75
Österreich;2022-10-27;134.63
Österreich;2022-10-28;129.7
Österreich;2022-10-29;125.08
Österreich;2022-10-30;120.84
Österreich;2022-10-31;117.01
Österreich;2022-11-01;113.77
Österreich;2022-11-02;111.05
Österreich;2022-11-03;108.91
Österreich;2022-11-04;107.24
Österreich;2022-11-05;106.16
Österreich;2022-11-06;105.56
Österreich;2022-11-07;105.64
Österreich;2022-11-08;106.45
Österreich;2022-11-09;107.9
Österreich;2022-11-10;109.98
Österreich;2022-11-11;112.44
Österreich;2022-11-12;115.11
Österreich;2022-11-13;118.0
Österreich;2022-11-14;121.04
Österreich;2022-11-15;124.2
Österreich;2022-11-16;127.6
Österreich;2022-11-17;131.1
Österreich;2022-11-18;134.72
Österreich;2022-11-19;138.3
Österreich;2022-11-20;141.72
Österreich;2022-11-21;145.0
Österreich;2022-11-22;148.09
Österreich;2022-11-23;151.09
Österreich;2022-11-24;153.98
Österreich;2022-11-25;156.7
Österreich;2022-11-26;159.31
Österreich;2022-11-27;161.69
Österreich;2022-11-28;163.86
Österreich;2022-11-29;165.89
Österreich;2022-11-30;167.82
Österreich;2022-12-01;169.69
Österreich;2022-12-02;171.59
Österreich;2022-12-03;173.48
Österreich;2022-12-04;174.86
Österreich;2022-12-05;176.29
Österreich;2022-12-06;178.38
Österreich;2022-12-07;180.65
Österreich;2022-12-08;183.12
Österreich;2022-12-09;185.63
Österreich;2022-12-10;188.28
Österreich;2022-12-11;190.92
Österreich;2022-12-12;193.69
Österreich;2022-12-13;196.61
Österreich;2022-12-14;199.66
Österreich;2022-12-15;202.8
Österreich;2022-12-16;205.79
Österreich;2022-12-17;208.46
Österreich;2022-12-18;210.53
Österreich;2022-12-19;211.78
Österreich;2022-12-20;212.19
Österreich;2022-12-21;211.86
Österreich;2022-12-22;210.9
Österreich;2022-12-23;209.47
Österreich;2022-12-24;207.7
Österreich;2022-12-25;205.61
Österreich;2022-12-26;203.25
Österreich;2022-12-27;200.52
Österreich;2022-12-28;197.39
Österreich;2022-12-29;193.9
Österreich;2022-12-30;190.08
Österreich;2022-12-31;185.93
Österreich;2023-01-01;181.49
Österreich;2023-01-02;176.68
Österreich;2023-01-03;171.65
Österreich;2023-01-04;166.45
Österreich;2023-01-05;161.15
Österreich;2023-01-06;155.96
Österreich;2023-01-07;150.9
Österreich;2023-01-08;146.17
Österreich;2023-01-09;141.78
Österreich;2023-01-10;137.88
Österreich;2023-01-11;134.42
Österreich;2023-01-12;131.37
Österreich;2023-01-13;128.75
Österreich;2023-01-14;126.63
Österreich;2023-01-15;124.37
Österreich;2023-01-16;123.6
Österreich;2023-01-17;123.28
Österreich;2023-01-18;123.74
Österreich;2023-01-19;125.16
Österreich;2023-01-20;127.24
Österreich;2023-01-21;129.95
Österreich;2023-01-22;133.51
Österreich;2023-01-23;137.72
Österreich;2023-01-24;142.43
Österreich;2023-01-25;147.98
Österreich;2023-01-26;154.13
Österreich;2023-01-27;160.8
Österreich;2023-01-28;167.95
Österreich;2023-01-29;175.29
Österreich;2023-01-30;183.35
Österreich;2023-01-31;192.04
Österreich;2023-02-01;201.29
Österreich;2023-02-02;210.85
Österreich;2023-02-03;220.52
Österreich;2023-02-04;229.92
Österreich;2023-02-05;238.77
Österreich;2023-02-06;246.86
Österreich;2023-02-07;253.55
Österreich;2023-02-08;260.09
Österreich;2023-02-09;266.12
Österreich;2023-02-10;271.71
Österreich;2023-02-11;276.87
Österreich;2023-02-12;281.66
Österreich;2023-02-13;286.08
Österreich;2023-02-14;290.04
Österreich;2023-02-15;293.56
Österreich;2023-02-16;296.69
Österreich;2023-02-17;299.34
Österreich;2023-02-18;301.53
Österreich;2023-02-19;303.34
Österreich;2023-02-20;304.78
Österreich;2023-02-21;305.96
Österreich;2023-02-22;307.0
Österreich;2023-02-23;307.9
Österreich;2023-02-24;308.69
Österreich;2023-02-25;309.3
Österreich;2023-02-26;309.72
Österreich;2023-02-27;309.8
Österreich;2023-02-28;309.46
Österreich;2023-03-01;308.59
Österreich;2023-03-02;307.19
Österreich;2023-03-03;305.18
Österreich;2023-03-04;302.54
Österreich;2023-03-05;299.23
Österreich;2023-03-06;295.1
Österreich;2023-03-07;290.35
Österreich;2023-03-08;285.02
Österreich;2023-03-09;279.25
Österreich;2023-03-10;273.11
Österreich;2023-03-11;266.76
Österreich;2023-03-12;260.2
Österreich;2023-03-13;253.59
Österreich;2023-03-14;247.0
Österreich;2023-03-15;240.43
Österreich;2023-03-16;233.94
Österreich;2023-03-17;227.41
Österreich;2023-03-18;220.7
Österreich;2023-03-19;213.75
Österreich;2023-03-20;206.51
Österreich;2023-03-21;199.15
Österreich;2023-03-22;191.73
Österreich;2023-03-23;184.39
Österreich;2023-03-24;177.12
Österreich;2023-03-25;169.92
Österreich;2023-03-26;162.83
Österreich;2023-03-27;155.98
Österreich;2023-03-28;149.51
Österreich;2023-03-29;143.54
Österreich;2023-03-30;138.08
Österreich;2023-03-31;133.13
Österreich;2023-04-01;128.62
Österreich;2023-04-02;124.5
Österreich;2023-04-03;120.75
Österreich;2023-04-04;117.35
Österreich;2023-04-05;114.22
Österreich;2023-04-06;111.22
Österreich;2023-04-07;108.34
Österreich;2023-04-08;105.51
Österreich;2023-04-09;102.78
Österreich;2023-04-10;99.98
Österreich;2023-04-11;97.18
Österreich;2023-04-12;94.35
Österreich;2023-04-13;91.49
Österreich;2023-04-14;88.66
Österreich;2023-04-15;85.83
Österreich;2023-04-16;83.04
Österreich;2023-04-17;80.43
Österreich;2023-04-18;77.9
Österreich;2023-04-19;75.54
Österreich;2023-04-20;73.34
Österreich;2023-04-21;71.25
Österreich;2023-04-22;69.26
Österreich;2023-04-23;67.37
Österreich;2023-04-24;65.52
Österreich;2023-04-25;63.73
Österreich;2023-04-26;61.97
Österreich;2023-04-27;60.25
Österreich;2023-04-28;58.57
Österreich;2023-04-29;56.89
Österreich;2023-04-30;55.2
Österreich;2023-05-01;53.53
Österreich;2023-05-02;51.84
Österreich;2023-05-03;50.17
Österreich;2023-05-04;48.53
Österreich;2023-05-05;46.87
Österreich;2023-05-06;45.27
Österreich;2023-05-07;43.7
Österreich;2023-05-08;42.21
Österreich;2023-05-09;40.75
Österreich;2023-05-10;39.4
Österreich;2023-05-11;38.18
Österreich;2023-05-12;37.06
Österreich;2023-05-13;36.02
Österreich;2023-05-14;35.12
Österreich;2023-05-15;34.36
Österreich;2023-05-16;33.73
Österreich;2023-05-17;33.21
Österreich;2023-05-18;32.82
Österreich;2023-05-19;32.47
Österreich;2023-05-20;32.13
Österreich;2023-05-21;31.8
Österreich;2023-05-22;31.35
Österreich;2023-05-23;30.86
Österreich;2023-05-24;30.29
Österreich;2023-05-25;29.66
Österreich;2023-05-26;29.0
Österreich;2023-05-27;28.25
Österreich;2023-05-28;27.55
Österreich;2023-05-29;26.78
Österreich;2023-05-30;26.02
Österreich;2023-05-31;25.19
Österreich;2023-06-01;24.4
Österreich;2023-06-02;23.59
Österreich;2023-06-03;22.8
Österreich;2023-06-04;22.07
Österreich;2023-06-05;21.4
Österreich;2023-06-06;20.77
Österreich;2023-06-07;20.23
Österreich;2023-06-08;19.73
Österreich;2023-06-09;19.3
Österreich;2023-06-10;18.92
Österreich;2023-06-11;18.52
Österreich;2023-06-12;18.11
Österreich;2023-06-13;17.72
Österreich;2023-06-14;17.32
Österreich;2023-06-15;16.93
Österreich;2023-06-16;16.54
Österreich;2023-06-17;16.17
Österreich;2023-06-18;15.78
Österreich;2023-06-19;15.47
Österreich;2023-06-20;15.13
Österreich;2023-06-21;14.83
Österreich;2023-06-22;14.56
Österreich;2023-06-23;14.32
Österreich;2023-06-24;14.08
Österreich;2023-06-25;13.88
Österreich;2023-06-26;13.71
Österreich;2023-06-27;13.58
Österreich;2023-06-28;13.55
Österreich;2023-06-29;13.56
Österreich;2023-06-30;13.6
Österreich;2023-07-01;13.7
Österreich;2023-07-02;13.84
Österreich;2023-07-03;13.96
Österreich;2023-07-04;14.13
Österreich;2023-07-05;14.33
Österreich;2023-07-06;14.47
Österreich;2023-07-07;14.63
Österreich;2023-07-08;14.81
Österreich;2023-07-09;14.98
Österreich;2023-07-10;15.18
Österreich;2023-07-11;15.38
Österreich;2023-07-12;15.68
Österreich;2023-07-13;15.99
Österreich;2023-07-14;16.36
Österreich;2023-07-15;16.81
Österreich;2023-07-16;17.29
Österreich;2023-07-17;17.85
Österreich;2023-07-18;18.53
Österreich;2023-07-19;19.21
Österreich;2023-07-20;20.01
Österreich;2023-07-21;20.79
Österreich;2023-07-22;21.67
Österreich;2023-07-23;22.57
Österreich;2023-07-24;23.54
Österreich;2023-07-25;24.59
Österreich;2023-07-26;25.79
Österreich;2023-07-27;27.11
Österreich;2023-07-28;28.55
Österreich;2023-07-29;30.07
Österreich;2023-07-30;31.65
Österreich;2023-07-31;33.33
Österreich;2023-08-01;35.14
Österreich;2023-08-02;37.12
Österreich;2023-08-03;39.23
Österreich;2023-08-04;41.39
Österreich;2023-08-05;43.68
Österreich;2023-08-06;45.97
Österreich;2023-08-07;48.32
Österreich;2023-08-08;50.61
Österreich;2023-08-09;52.87
Österreich;2023-08-10;55.05
Österreich;2023-08-11;57.14
Österreich;2023-08-12;59.15
Österreich;2023-08-13;61.07
Österreich;2023-08-14;62.91
Österreich;2023-08-15;64.49
Österreich;2023-08-16;65.8
Österreich;2023-08-17;66.88
Österreich;2023-08-18;67.8
Österreich;2023-08-19;68.58
Österreich;2023-08-20;69.32
Österreich;2023-08-21;70.08
Österreich;2023-08-22;70.9
Österreich;2023-08-23;71.87
Österreich;2023-08-24;72.98
Österreich;2023-08-25;74.17
Österreich;2023-08-26;75.57
Österreich;2023-08-27;77.05
Österreich;2023-08-28;78.63
Österreich;2023-08-29;80.35
Österreich;2023-08-30;82.22
Österreich;2023-08-31;84.14
Österreich;2023-09-01;86.01
Österreich;2023-09-02;87.86
Österreich;2023-09-03;89.54
Österreich;2023-09-04;91.09
Österreich;2023-09-05;92.48
Österreich;2023-09-06;93.8
Österreich;2023-09-07;95.02
Österreich;2023-09-08;96.23
Österreich;2023-09-09;97.4
Österreich;2023-09-10;98.56
Österreich;2023-09-11;99.63
Österreich;2023-09-12;100.67
Österreich;2023-09-13;101.61
Österreich;2023-09-14;102.5
Österreich;2023-09-15;103.28
Österreich;2023-09-16;104.01
Österreich;2023-09-17;104.71
Österreich;2023-09-18;105.44
Österreich;2023-09-19;106.21
Österreich;2023-09-20;107.08
Österreich;2023-09-21;108.1
Österreich;2023-09-22;109.22
Österreich;2023-09-23;110.51
Österreich;2023-09-24;111.93
Österreich;2023-09-25;113.48
Österreich;2023-09-26;115.27
Österreich;2023-09-27;117.16
Österreich;2023-09-28;119.21
Österreich;2023-09-29;121.3
Österreich;2023-09-30;123.41
Österreich;2023-10-01;125.49
Österreich;2023-10-02;127.47
Österreich;2023-10-03;129.33
Österreich;2023-10-04;131.03
Österreich;2023-10-05;132.64
Österreich;2023-10-06;134.16
Österreich;2023-10-07;135.71
Österreich;2023-10-08;137.39
Österreich;2023-10-09;139.26
Österreich;2023-10-10;141.36
Österreich;2023-10-11;143.69
Österreich;2023-10-12;146.24
Österreich;2023-10-13;148.94
Österreich;2023-10-14;151.79
Österreich;2023-10-15;154.75
Österreich;2023-10-16;157.77
Österreich;2023-10-17;160.85
Österreich;2023-10-18;163.92
Österreich;2023-10-19;166.92
Österreich;2023-10-20;169.81
Österreich;2023-10-21;172.67
Österreich;2023-10-22;175.44
Österreich;2023-10-23;178.26
Österreich;2023-10-24;181.16
Österreich;2023-10-25;184.23
Österreich;2023-10-26;187.48
Österreich;2023-10-27;190.88
Österreich;2023-10-28;194.28
Österreich;2023-10-29;197.7
Österreich;2023-10-30;201.07
Österreich;2023-10-31;204.63
Österreich;2023-11-01;208.47
Österreich;2023-11-02;212.96
Österreich;2023-11-03;218.18
Österreich;2023-11-04;224.33
Österreich;2023-11-05;231.48
Österreich;2023-11-06;239.74
Österreich;2023-11-07;249.01
Österreich;2023-11-08;259.22
Österreich;2023-11-09;270.15
Österreich;2023-11-10;281.51
Österreich;2023-11-11;293.09
Österreich;2023-11-12;304.69
Österreich;2023-11-13;318.65
Österreich;2023-11-14;330.24
Österreich;2023-11-15;341.97
Österreich;2023-11-16;353.98
Österreich;2023-11-17;366.5
Österreich;2023-11-18;379.74
Österreich;2023-11-19;393.87
Österreich;2023-11-20;409.0
Österreich;2023-11-21;424.91
Österreich;2023-11-22;441.34
Österreich;2023-11-23;457.96
Österreich;2023-11-24;474.57
Österreich;2023-11-25;491.04
Österreich;2023-11-26;507.29
Österreich;2023-11-27;523.37
Österreich;2023-11-28;539.23
Österreich;2023-11-29;554.9
Österreich;2023-11-30;570.26
Österreich;2023-12-01;584.99
Österreich;2023-12-02;598.74
Österreich;2023-12-03;611.14
Österreich;2023-12-04;621.74
Österreich;2023-12-05;630.29
Österreich;2023-12-06;636.94
Österreich;2023-12-07;641.24
Österreich;2023-12-08;643.92
Österreich;2023-12-09;645.1
Österreich;2023-12-10;644.72
Österreich;2023-12-11;642.55
Österreich;2023-12-12;638.13
Österreich;2023-12-13;631.35
Österreich;2023-12-14;622.35
Österreich;2023-12-15;611.59
Österreich;2023-12-16;599.42
Österreich;2023-12-17;586.03
Österreich;2023-12-18;571.47
Österreich;2023-12-19;555.6
Österreich;2023-12-20;538.42
Österreich;2023-12-21;520.01
Österreich;2023-12-22;500.76
Österreich;2023-12-23;481.04
Österreich;2023-12-24;461.12
Österreich;2023-12-25;441.36
Österreich;2023-12-26;421.84
Österreich;2023-12-27;402.57
Österreich;2023-12-28;383.65
Österreich;2023-12-29;365.01
Österreich;2023-12-30;346.83
Österreich;2023-12-31;329.11
Österreich;2024-01-01;312.0
Österreich;2024-01-02;295.32
Österreich;2024-01-03;279.09
Österreich;2024-01-04;263.3
Österreich;2024-01-05;248.11
Österreich;2024-01-06;233.71
Österreich;2024-01-07;220.27
Österreich;2024-01-08;208.04
Österreich;2024-01-09;196.95
Österreich;2024-01-10;186.85
Österreich;2024-01-11;177.55
Österreich;2024-01-12;168.88
Österreich;2024-01-13;160.74
Österreich;2024-01-14;153.07
Österreich;2024-01-15;145.84
Österreich;2024-01-16;138.98
Österreich;2024-01-17;132.44
Österreich;2024-01-18;126.14
Österreich;2024-01-19;120.13
Österreich;2024-01-20;114.34
Österreich;2024-01-21;108.76
Österreich;2024-01-22;103.49
Österreich;2024-01-23;98.54
Österreich;2024-01-24;93.86
Österreich;2024-01-25;89.47
Österreich;2024-01-26;85.31
Österreich;2024-01-27;81.36
Österreich;2024-01-28;77.6
Österreich;2024-01-29;74.02
Österreich;2024-01-30;70.71
Österreich;2024-01-31;67.55
Österreich;2024-02-01;64.61
Österreich;2024-02-02;61.79
Österreich;2024-02-03;59.06
Österreich;2024-02-04;56.46
Österreich;2024-02-05;53.89
Österreich;2024-02-06;51.44
Österreich;2024-02-07;49.17
Österreich;2024-02-08;46.97
Österreich;2024-02-09;44.9
Österreich;2024-02-10;42.88
Österreich;2024-02-11;40.94
Österreich;2024-02-12;39.06
Österreich;2024-02-13;37.26
Österreich;2024-02-14;35.56
Österreich;2024-02-15;33.93
Österreich;2024-02-16;32.42
Österreich;2024-02-17;30.98
Österreich;2024-02-18;29.56
Österreich;2024-02-19;28.21
Österreich;2024-02-20;26.95
Österreich;2024-02-21;25.78
Österreich;2024-02-22;24.68
Österreich;2024-02-23;23.64
Österreich;2024-02-24;22.66
Österreich;2024-02-25;21.74
Österreich;2024-02-26;20.85
Österreich;2024-02-27;19.97
Österreich;2024-02-28;19.2
Österreich;2024-02-29;18.45
Österreich;2024-03-01;17.79
Österreich;2024-03-02;17.15
Österreich;2024-03-03;16.55
Österreich;2024-03-04;16.03
Österreich;2024-03-05;15.58
Österreich;2024-03-06;15.21
Österreich;2024-03-07;14.86
Österreich;2024-03-08;14.62
Österreich;2024-03-09;14.45
Österreich;2024-03-10;14.28
Österreich;2024-03-11;14.18
Österreich;2024-03-12;14.18
Österreich;2024-03-13;14.27
Österreich;2024-03-14;14.39
Österreich;2024-03-15;14.59
Österreich;2024-03-16;14.8
Österreich;2024-03-17;14.98
Österreich;2024-03-18;15.11
Österreich;2024-03-19;15.1
Österreich;2024-03-20;15.01
Österreich;2024-03-21;14.78
Österreich;2024-03-22;14.52
Österreich;2024-03-23;14.13
Österreich;2024-03-24;13.79
Österreich;2024-03-25;13.42
Österreich;2024-03-26;13.08
Österreich;2024-03-27;12.75
Österreich;2024-03-28;12.5
Österreich;2024-03-29;12.2
Österreich;2024-03-30;12.0
Österreich;2024-03-31;11.76
Österreich;2024-04-01;11.56
Österreich;2024-04-02;11.34
Österreich;2024-04-03;11.17
Österreich;2024-04-04;11.05
Österreich;2024-04-05;10.93
Österreich;2024-04-06;10.84
Österreich;2024-04-07;10.81
Österreich;2024-04-08;10.84
Österreich;2024-04-09;10.96
Österreich;2024-04-10;11.1
Österreich;2024-04-11;11.28
Österreich;2024-04-12;11.5
Österreich;2024-04-13;11.79
Österreich;2024-04-14;12.09
Österreich;2024-04-15;12.49
Österreich;2024-04-16;12.92
Österreich;2024-04-17;13.42
Österreich;2024-04-18;13.96
Österreich;2024-04-19;14.57
Österreich;2024-04-20;15.19
Österreich;2024-04-21;15.86
Österreich;2024-04-22;16.56
Österreich;2024-04-23;17.27
Österreich;2024-04-24;18.0
Österreich;2024-04-25;18.74
Österreich;2024-04-26;19.5
Österreich;2024-04-27;20.21
Österreich;2024-04-28;20.88
Österreich;2024-04-29;21.43
Österreich;2024-04-30;21.93
Österreich;2024-05-01;22.41
Österreich;2024-05-02;22.82
Österreich;2024-05-03;23.22
Österreich;2024-05-04;23.61
Österreich;2024-05-05;23.94
Österreich;2024-05-06;24.27
Österreich;2024-05-07;24.65
Österreich;2024-05-08;24.99
Österreich;2024-05-09;25.36
Österreich;2024-05-10;25.73
Österreich;2024-05-11;26.12
Österreich;2024-05-12;26.52
Österreich;2024-05-13;26.9
Österreich;2024-05-14;27.23
Österreich;2024-05-15;27.55
Österreich;2024-05-16;27.84
Österreich;2024-05-17;28.12
Österreich;2024-05-18;28.44
Österreich;2024-05-19;28.76
Österreich;2024-05-20;29.16
Österreich;2024-05-21;29.6
Österreich;2024-05-22;30.19
Österreich;2024-05-23;30.82
Österreich;2024-05-24;31.52
Österreich;2024-05-25;32.29
Österreich;2024-05-26;33.08
Österreich;2024-05-27;33.95
Österreich;2024-05-28;34.82
Österreich;2024-05-29;35.79
Österreich;2024-05-30;36.79
Österreich;2024-05-31;37.89
Österreich;2024-06-01;39.02
Österreich;2024-06-02;40.19
Österreich;2024-06-03;41.51
Österreich;2024-06-04;42.95
Österreich;2024-06-05;44.6
Österreich;2024-06-06;46.37
Österreich;2024-06-07;48.28
Österreich;2024-06-08;50.27
Österreich;2024-06-09;52.27
Österreich;2024-06-10;54.28
Österreich;2024-06-11;56.27
Österreich;2024-06-12;58.33
Österreich;2024-06-13;60.44
Österreich;2024-06-14;62.61
Österreich;2024-06-15;64.83
Österreich;2024-06-16;67.22
Österreich;2024-06-17;69.72
Österreich;2024-06-18;72.32
Österreich;2024-06-19;74.96
Österreich;2024-06-20;77.62
Österreich;2024-06-21;80.24
Österreich;2024-06-22;82.82
Österreich;2024-06-23;85.32
Österreich;2024-06-24;87.7
Österreich;2024-06-25;89.91
Österreich;2024-06-26;91.99
Österreich;2024-06-27;93.89
Österreich;2024-06-28;95.77
Österreich;2024-06-29;97.6
Österreich;2024-06-30;99.51
Österreich;2024-07-01;101.42
Österreich;2024-07-02;103.37
Österreich;2024-07-03;105.28
Österreich;2024-07-04;107.04
Österreich;2024-07-05;108.63
Österreich;2024-07-06;109.99
Österreich;2024-07-07;111.06
Österreich;2024-07-08;111.81
Österreich;2024-07-09;112.3
Österreich;2024-07-10;112.53
Österreich;2024-07-11;112.67
Österreich;2024-07-12;112.58
Österreich;2024-07-13;112.4
Österreich;2024-07-14;111.96
Österreich;2024-07-15;111.32
Österreich;2024-07-16;110.43
Österreich;2024-07-17;109.29
Österreich;2024-07-18;107.92
Österreich;2024-07-19;106.43
Österreich;2024-07-20;104.99
Österreich;2024-07-21;103.67
Österreich;2024-07-22;102.6
Österreich;2024-07-23;101.88
Österreich;2024-07-24;101.5
Österreich;2024-07-25;101.44
Österreich;2024-07-26;101.61
Österreich;2024-07-27;101.89
Österreich;2024-07-28;102.24
Österreich;2024-07-29;102.71
Österreich;2024-07-30;103.54
Österreich;2024-07-31;104.78
Österreich;2024-08-01;106.35
Österreich;2024-08-02;108.17
Österreich;2024-08-03;110.1
Österreich;2024-08-04;111.86
Österreich;2024-08-05;113.45
Österreich;2024-08-06;114.76
Österreich;2024-08-07;115.89
Österreich;2024-08-08;116.81
Österreich;2024-08-09;117.76
Österreich;2024-08-10;118.79
Österreich;2024-08-11;120.05
Österreich;2024-08-12;121.59
Österreich;2024-08-13;123.45
Österreich;2024-08-14;125.53
Österreich;2024-08-15;127.84
Österreich;2024-08-16;130.27
Österreich;2024-08-17;132.96
Österreich;2024-08-18;135.8
Österreich;2024-08-19;138.74
Österreich;2024-08-20;141.68
Österreich;2024-08-21;144.46
Österreich;2024-08-22;147.02
Österreich;2024-08-23;149.37
Österreich;2024-08-24;151.37
Österreich;2024-08-25;153.07
Österreich;2024-08-26;154.4
Österreich;2024-08-27;155.38
Österreich;2024-08-28;156.16
Österreich;2024-08-29;156.81
Österreich;2024-08-30;157.39
Österreich;2024-08-31;158.02
Österreich;2024-09-01;158.83
Österreich;2024-09-02;159.8
Österreich;2024-09-03;161.02
Österreich;2024-09-04;162.46
Österreich;2024-09-05;164.18
Österreich;2024-09-06;166.26
Österreich;2024-09-07;168.77
Österreich;2024-09-08;171.84
Österreich;2024-09-09;175.63
Österreich;2024-09-10;180.15
Österreich;2024-09-11;185.4
Österreich;2024-09-12;191.36
Österreich;2024-09-13;198.02
Österreich;2024-09-14;205.49
Österreich;2024-09-15;213.89
Österreich;2024-09-16;223.22
Österreich;2024-09-17;233.28
Österreich;2024-09-18;243.81
Österreich;2024-09-19;254.33
Österreich;2024-09-20;264.57
Österreich;2024-09-21;274.09
Österreich;2024-09-22;282.58
Österreich;2024-09-23;289.73
Österreich;2024-09-24;295.4
Österreich;2024-09-25;299.65
Österreich;2024-09-26;302.74
Österreich;2024-09-27;304.92
Österreich;2024-09-28;306.42
Österreich;2024-09-29;307.4
Österreich;2024-09-30;307.87
Österreich;2024-10-01;307.85
Österreich;2024-10-02;307.33
Österreich;2024-10-03;306.3
Österreich;2024-10-04;304.67
Österreich;2024-10-05;302.34
Österreich;2024-10-06;299.28
Österreich;2024-10-07;295.4
Österreich;2024-10-08;290.97
Österreich;2024-10-09;286.19
Österreich;2024-10-10;281.14
Österreich;2024-10-11;275.89
Österreich;2024-10-12;270.33
Österreich;2024-10-13;264.51
Österreich;2024-10-14;258.43
Österreich;2024-10-15;252.29
Österreich;2024-10-16;246.19
Österreich;2024-10-17;240.19
Österreich;2024-10-18;234.2
Österreich;2024-10-19;228.0
Österreich;2024-10-20;221.58
Österreich;2024-10-21;214.89
Österreich;2024-10-22;208.09
Österreich;2024-10-23;201.38
Österreich;2024-10-24;194.84
Österreich;2024-10-25;188.4
Österreich;2024-10-26;182.12
Österreich;2024-10-27;176.05
Österreich;2024-10-28;170.08
Österreich;2024-10-29;164.32
Österreich;2024-10-30;158.81
Österreich;2024-10-31;153.44
Österreich;2024-11-01;148.17
Österreich;2024-11-02;143.03
Österreich;2024-11-03;137.88
Österreich;2024-11-04;132.85
Österreich;2024-11-05;128.02
Österreich;2024-11-06;123.45
Österreich;2024-11-07;119.25
Österreich;2024-11-08;115.34
Österreich;2024-11-09;111.76
Österreich;2024-11-10;108.48
Österreich;2024-11-11;105.55
Österreich;2024-11-12;103.01
Österreich;2024-11-13;100.82
Österreich;2024-11-14;98.97
Österreich;2024-11-15;97.46
Österreich;2024-11-16;96.21
Österreich;2024-11-17;95.25
Österreich;2024-11-18;94.57
Österreich;2024-11-19;94.19
Österreich;2024-11-20;94.12
Österreich;2024-11-21;94.27
Österreich;2024-11-22;94.61
Österreich;2024-11-23;95.14
Österreich;2024-11-24;95.83
Österreich;2024-11-25;96.69
Österreich;2024-11-26;97.75
Österreich;2024-11-27;99.08
Österreich;2024-11-28;100.54
Österreich;2024-11-29;102.16
Österreich;2024-11-30;103.77
Österreich;2024-12-01;105.33
Österreich;2024-12-02;106.83
Österreich;2024-12-03;108.24
Österreich;2024-12-04;109.64
Österreich;2024-12-05;110.97
Österreich;2024-12-06;112.22
Österreich;2024-12-07;113.35
Österreich;2024-12-08;114.4
Österreich;2024-12-09;115.35
Österreich;2024-12-10;116.21
Österreich;2024-12-11;117.08
Österreich;2024-12-12;117.93
Österreich;2024-12-13;118.68
Österreich;2024-12-14;119.3
Österreich;2024-12-15;119.64
Österreich;2024-12-16;119.59
Österreich;2024-12-17;119.06
Österreich;2024-12-18;117.95
Österreich;2024-12-19;116.42
Österreich;2024-12-20;114.56
Österreich;2024-12-21;112.49
Österreich;2024-12-22;110.39
Österreich;2024-12-23;108.3
Österreich;2024-12-24;106.19
Österreich;2024-12-25;104.1
Österreich;2024-12-26;101.96
Österreich;2024-12-27;99.76
Österreich;2024-12-28;97.45
Österreich;2024-12-29;94.99
Österreich;2024-12-30;92.36
Österreich;2024-12-31;89.61
Österreich;2025-01-01;86.69
Österreich;2025-01-02;83.75
Österreich;2025-01-03;80.69
Österreich;2025-01-04;77.65
Österreich;2025-01-05;74.62
Österreich;2025-01-06;71.69
Österreich;2025-01-07;68.77
Österreich;2025-01-08;66.02
Österreich;2025-01-09;63.37
Österreich;2025-01-10;60.85
Österreich;2025-01-11;58.47
Österreich;2025-01-12;56.2
Österreich;2025-01-13;54.09
Österreich;2025-01-14;52.2
Österreich;2025-01-15;50.43
Österreich;2025-01-16;48.85
Österreich;2025-01-17;47.42
Österreich;2025-01-18;46.04
Österreich;2025-01-19;44.72
Österreich;2025-01-20;43.5
Österreich;2025-01-21;42.39
Österreich;2025-01-22;41.31
Österreich;2025-01-23;40.39
Österreich;2025-01-24;39.51
Österreich;2025-01-25;38.74
Österreich;2025-01-26;37.97
Österreich;2025-01-27;37.28
Österreich;2025-01-28;36.59
Österreich;2025-01-29;35.94
Österreich;2025-01-30;35.24
Österreich;2025-01-31;34.6
Österreich;2025-02-01;33.92
Österreich;2025-02-02;33.3
Österreich;2025-02-03;32.65
Österreich;2025-02-04;32.02
Österreich;2025-02-05;31.42
Österreich;2025-02-06;30.85
Österreich;2025-02-07;30.26
Österreich;2025-02-08;29.7
Österreich;2025-02-09;29.14
Österreich;2025-02-10;28.59
Österreich;2025-02-11;28.0
Österreich;2025-02-12;27.46
Österreich;2025-02-13;26.92
Österreich;2025-02-14;26.36
Österreich;2025-02-15;25.8
Österreich;2025-02-16;25.25
Österreich;2025-02-17;24.75
Österreich;2025-02-18;24.2
Österreich;2025-02-19;23.63
Österreich;2025-02-20;23.1
Österreich;2025-02-21;22.49
Österreich;2025-02-22;21.9
Österreich;2025-02-23;21.32
Österreich;2025-02-24;20.81
Österreich;2025-02-25;20.3
Österreich;2025-02-26;19.86
Österreich;2025-02-27;19.5
Österreich;2025-02-28;19.18
Österreich;2025-03-01;18.93
Österreich;2025-03-02;18.68
Österreich;2025-03-03;18.46
Österreich;2025-03-04;18.29
Österreich;2025-03-05;18.1
Österreich;2025-03-06;17.94
Österreich;2025-03-07;17.76
Österreich;2025-03-08;17.59
Österreich;2025-03-09;17.34
Österreich;2025-03-10;17.09
Österreich;2025-03-11;16.81
Österreich;2025-03-12;16.53
Österreich;2025-03-13;16.27
Österreich;2025-03-14;16.0
Österreich;2025-03-15;15.72
Österreich;2025-03-16;15.45
Österreich;2025-03-17;15.18
Österreich;2025-03-18;14.9
Österreich;2025-03-19;14.61
Österreich;2025-03-20;14.37
Österreich;2025-03-21;14.11
Österreich;2025-03-22;13.84
Österreich;2025-03-23;13.59
Österreich;2025-03-24;13.37
Österreich;2025-03-25;13.15
Österreich;2025-03-26;12.97
Österreich;2025-03-27;12.82
Österreich;2025-03-28;12.69
Österreich;2025-03-29;12.66
Österreich;2025-03-30;12.67
Österreich;2025-03-31;12.74
Österreich;2025-04-01;12.89
Österreich;2025-04-02;13.13
Österreich;2025-04-03;13.41
Österreich;2025-04-04;13.75
Österreich;2025-04-05;14.07
Österreich;2025-04-06;14.43
Österreich;2025-04-07;14.78
Österreich;2025-04-08;15.14
Österreich;2025-04-09;15.45
Österreich;2025-04-10;15.79
Österreich;2025-04-11;16.04
Österreich;2025-04-12;16.26
Österreich;2025-04-13;16.36
Österreich;2025-04-14;16.41
Österreich;2025-04-15;16.35
Österreich;2025-04-16;16.29
Österreich;2025-04-17;16.16
Österreich;2025-04-18;16.03
Österreich;2025-04-19;15.9
Österreich;2025-04-20;15.75
Österreich;2025-04-21;15.61
Österreich;2025-04-22;15.5
Österreich;2025-04-23;15.39
Österreich;2025-04-24;15.35
Österreich;2025-04-25;15.3
Österreich;2025-04-26;15.27
Österreich;2025-04-27;15.24
Österreich;2025-04-28;15.25
Österreich;2025-04-29;15.24
Österreich;2025-04-30;15.28
Österreich;2025-05-01;15.39
Österreich;2025-05-02;15.58
Österreich;2025-05-03;15.79
Österreich;2025-05-04;16.13
Österreich;2025-05-05;16.6
Österreich;2025-05-06;17.16
Österreich;2025-05-07;17.91
Österreich;2025-05-08;18.73
Österreich;2025-05-09;19.69
Österreich;2025-05-10;20.67
Österreich;2025-05-11;21.69
Österreich;2025-05-12;22.73
Österreich;2025-05-13;23.86
Österreich;2025-05-14;25.02
Österreich;2025-05-15;26.25
Österreich;2025-05-16;27.54
Österreich;2025-05-17;28.88
Österreich;2025-05-18;30.23
Österreich;2025-05-19;31.66
Österreich;2025-05-20;33.06
Österreich;2025-05-21;34.46
Österreich;2025-05-22;35.79
Österreich;2025-05-23;37.11
Österreich;2025-05-24;38.34
Österreich;2025-05-25;39.55
Österreich;2025-05-26;40.7
Österreich;2025-05-27;41.8
Österreich;2025-05-28;42.83
Österreich;2025-05-29;43.82
Österreich;2025-05-30;44.68
Österreich;2025-05-31;45.52
Österreich;2025-06-01;46.19
Österreich;2025-06-02;46.77
Österreich;2025-06-03;47.19
Österreich;2025-06-04;47.56
Österreich;2025-06-05;47.88
Österreich;2025-06-06;48.11
Österreich;2025-06-07;48.33
Österreich;2025-06-08;48.51
Österreich;2025-06-09;48.65
Österreich;2025-06-10;48.73
Österreich;2025-06-11;48.77
Österreich;2025-06-12;48.77
Österreich;2025-06-13;48.74
Österreich;2025-06-14;48.61
Österreich;2025-06-15;48.39
Österreich;2025-06-16;48.07
Österreich;2025-06-17;47.7
Österreich;2025-06-18;47.27
Österreich;2025-06-19;46.81
Österreich;2025-06-20;46.31
Österreich;2025-06-21;45.81
Österreich;2025-06-22;45.26
Österreich;2025-06-23;44.69
Österreich;2025-06-24;44.18
Österreich;2025-06-25;43.78
Österreich;2025-06-26;42.97
Österreich;2025-06-27;42.76
Österreich;2025-06-28;42.63
Österreich;2025-06-29;42.67
Österreich;2025-06-30;42.82
Österreich;2025-07-01;43.09
Österreich;2025-07-02;43.55
Österreich;2025-07-03;44.06
Österreich;2025-07-04;44.74
Österreich;2025-07-05;45.52
Österreich;2025-07-06;46.4
Österreich;2025-07-07;47.46
Österreich;2025-07-08;48.66
Österreich;2025-07-09;49.97
Österreich;2025-07-10;51.35
Österreich;2025-07-11;52.76
Österreich;2025-07-12;54.1
Österreich;2025-07-13;55.33
Österreich;2025-07-14;56.46
Österreich;2025-07-15;57.46
Österreich;2025-07-16;58.29
Österreich;2025-07-17;59.15
Österreich;2025-07-18;59.89
Österreich;2025-07-19;60.7
Österreich;2025-07-20;61.53
Österreich;2025-07-21;62.44
Österreich;2025-07-22;63.45
Österreich;2025-07-23;64.59
Österreich;2025-07-24;65.89
Österreich;2025-07-25;67.24
Österreich;2025-07-26;68.57
Österreich;2025-07-27;69.93
Österreich;2025-07-28;71.32
Österreich;2025-07-29;72.69
Österreich;2025-07-30;75.83
Österreich;2025-07-31;78.94
Österreich;2025-08-01;80.38
Österreich;2025-08-02;81.82
Österreich;2025-08-03;83.06
