Gruppe;Datum;Genkopien pro EW / Tag * 10^6
Vorarlberg;2022-09-01;83.29
Vorarlberg;2022-09-02;84.3
Vorarlberg;2022-09-03;85.21
Vorarlberg;2022-09-04;81.86
Vorarlberg;2022-09-05;82.77
Vorarlberg;2022-09-06;83.84
Vorarlberg;2022-09-07;85.17
Vorarlberg;2022-09-08;86.73
Vorarlberg;2022-09-09;88.51
Vorarlberg;2022-09-10;90.58
Vorarlberg;2022-09-11;93.0
Vorarlberg;2022-09-12;95.96
Vorarlberg;2022-09-13;99.48
Vorarlberg;2022-09-14;103.63
Vorarlberg;2022-09-15;108.33
Vorarlberg;2022-09-16;113.4
Vorarlberg;2022-09-17;118.67
Vorarlberg;2022-09-18;123.88
Vorarlberg;2022-09-19;129.06
Vorarlberg;2022-09-20;134.19
Vorarlberg;2022-09-21;139.29
Vorarlberg;2022-09-22;144.52
Vorarlberg;2022-09-23;149.9
Vorarlberg;2022-09-24;155.58
Vorarlberg;2022-09-25;161.74
Vorarlberg;2022-09-26;168.44
Vorarlberg;2022-09-27;175.72
Vorarlberg;2022-09-28;183.58
Vorarlberg;2022-09-29;191.64
Vorarlberg;2022-09-30;199.65
Vorarlberg;2022-10-01;207.1
Vorarlberg;2022-10-02;213.74
Vorarlberg;2022-10-03;219.22
Vorarlberg;2022-10-04;223.52
Vorarlberg;2022-10-05;226.63
Vorarlberg;2022-10-06;228.56
Vorarlberg;2022-10-07;229.2
Vorarlberg;2022-10-08;228.4
Vorarlberg;2022-10-09;226.0
Vorarlberg;2022-10-10;221.98
Vorarlberg;2022-10-11;216.54
Vorarlberg;2022-10-12;209.95
Vorarlberg;2022-10-13;202.61
Vorarlberg;2022-10-14;194.75
Vorarlberg;2022-10-15;186.56
Vorarlberg;2022-10-16;178.18
Vorarlberg;2022-10-17;169.8
Vorarlberg;2022-10-18;161.56
Vorarlberg;2022-10-19;153.55
Vorarlberg;2022-10-20;145.86
Vorarlberg;2022-10-21;138.41
Vorarlberg;2022-10-22;131.27
Vorarlberg;2022-10-23;124.5
Vorarlberg;2022-10-24;118.2
Vorarlberg;2022-10-25;112.44
Vorarlberg;2022-10-26;107.11
Vorarlberg;2022-10-27;102.23
Vorarlberg;2022-10-28;97.67
Vorarlberg;2022-10-29;93.46
Vorarlberg;2022-10-30;89.57
Vorarlberg;2022-10-31;86.0
Vorarlberg;2022-11-01;82.8
Vorarlberg;2022-11-02;79.96
Vorarlberg;2022-11-03;77.55
Vorarlberg;2022-11-04;75.59
Vorarlberg;2022-11-05;74.11
Vorarlberg;2022-11-06;73.2
Vorarlberg;2022-11-07;72.99
Vorarlberg;2022-11-08;73.54
Vorarlberg;2022-11-09;74.88
Vorarlberg;2022-11-10;76.92
Vorarlberg;2022-11-11;79.47
Vorarlberg;2022-11-12;82.47
Vorarlberg;2022-11-13;85.83
Vorarlberg;2022-11-14;89.52
Vorarlberg;2022-11-15;93.58
Vorarlberg;2022-11-16;97.86
Vorarlberg;2022-11-17;102.3
Vorarlberg;2022-11-18;106.81
Vorarlberg;2022-11-19;111.25
Vorarlberg;2022-11-20;115.66
Vorarlberg;2022-11-21;119.99
Vorarlberg;2022-11-22;124.28
Vorarlberg;2022-11-23;128.57
Vorarlberg;2022-11-24;132.9
Vorarlberg;2022-11-25;137.2
Vorarlberg;2022-11-26;141.5
Vorarlberg;2022-11-27;145.78
Vorarlberg;2022-11-28;149.91
Vorarlberg;2022-11-29;153.79
Vorarlberg;2022-11-30;157.29
Vorarlberg;2022-12-01;160.4
Vorarlberg;2022-12-02;163.17
Vorarlberg;2022-12-03;165.71
Vorarlberg;2022-12-04;168.16
Vorarlberg;2022-12-05;170.69
Vorarlberg;2022-12-06;173.32
Vorarlberg;2022-12-07;176.1
Vorarlberg;2022-12-08;178.92
Vorarlberg;2022-12-09;181.7
Vorarlberg;2022-12-10;184.2
Vorarlberg;2022-12-11;186.3
Vorarlberg;2022-12-12;188.02
Vorarlberg;2022-12-13;189.51
Vorarlberg;2022-12-14;191.03
Vorarlberg;2022-12-15;192.64
Vorarlberg;2022-12-16;194.36
Vorarlberg;2022-12-17;196.08
Vorarlberg;2022-12-18;197.55
Vorarlberg;2022-12-19;198.69
Vorarlberg;2022-12-20;199.13
Vorarlberg;2022-12-21;198.8
Vorarlberg;2022-12-22;197.58
Vorarlberg;2022-12-23;195.57
Vorarlberg;2022-12-24;192.92
Vorarlberg;2022-12-25;189.6
Vorarlberg;2022-12-26;185.69
Vorarlberg;2022-12-27;181.2
Vorarlberg;2022-12-28;176.12
Vorarlberg;2022-12-29;170.57
Vorarlberg;2022-12-30;164.66
Vorarlberg;2022-12-31;158.47
Vorarlberg;2023-01-01;151.99
Vorarlberg;2023-01-02;145.41
Vorarlberg;2023-01-03;138.83
Vorarlberg;2023-01-04;132.44
Vorarlberg;2023-01-05;126.33
Vorarlberg;2023-01-06;120.57
Vorarlberg;2023-01-07;115.25
Vorarlberg;2023-01-08;110.44
Vorarlberg;2023-01-09;106.25
Vorarlberg;2023-01-10;102.58
Vorarlberg;2023-01-11;99.45
Vorarlberg;2023-01-12;96.69
Vorarlberg;2023-01-13;94.37
Vorarlberg;2023-01-14;92.44
Vorarlberg;2023-01-15;91.09
Vorarlberg;2023-01-16;90.39
Vorarlberg;2023-01-17;90.39
Vorarlberg;2023-01-18;90.99
Vorarlberg;2023-01-19;92.21
Vorarlberg;2023-01-20;93.95
Vorarlberg;2023-01-21;96.22
Vorarlberg;2023-01-22;98.97
Vorarlberg;2023-01-23;102.35
Vorarlberg;2023-01-24;106.42
Vorarlberg;2023-01-25;111.21
Vorarlberg;2023-01-26;116.67
Vorarlberg;2023-01-27;122.73
Vorarlberg;2023-01-28;129.37
Vorarlberg;2023-01-29;136.6
Vorarlberg;2023-01-30;144.58
Vorarlberg;2023-01-31;153.35
Vorarlberg;2023-02-01;162.79
Vorarlberg;2023-02-02;172.71
Vorarlberg;2023-02-03;182.93
Vorarlberg;2023-02-04;193.08
Vorarlberg;2023-02-05;202.97
Vorarlberg;2023-02-06;212.42
Vorarlberg;2023-02-07;221.14
Vorarlberg;2023-02-08;229.13
Vorarlberg;2023-02-09;236.22
Vorarlberg;2023-02-10;242.66
Vorarlberg;2023-02-11;248.5
Vorarlberg;2023-02-12;253.9
Vorarlberg;2023-02-13;258.76
Vorarlberg;2023-02-14;262.96
Vorarlberg;2023-02-15;266.24
Vorarlberg;2023-02-16;268.54
Vorarlberg;2023-02-17;269.98
Vorarlberg;2023-02-18;270.91
Vorarlberg;2023-02-19;271.64
Vorarlberg;2023-02-20;272.48
Vorarlberg;2023-02-21;273.67
Vorarlberg;2023-02-22;275.22
Vorarlberg;2023-02-23;276.81
Vorarlberg;2023-02-24;278.2
Vorarlberg;2023-02-25;278.89
Vorarlberg;2023-02-26;278.53
Vorarlberg;2023-02-27;276.94
Vorarlberg;2023-02-28;274.06
Vorarlberg;2023-03-01;270.08
Vorarlberg;2023-03-02;265.27
Vorarlberg;2023-03-03;259.86
Vorarlberg;2023-03-04;254.24
Vorarlberg;2023-03-05;248.78
Vorarlberg;2023-03-06;243.76
Vorarlberg;2023-03-07;239.38
Vorarlberg;2023-03-08;235.57
Vorarlberg;2023-03-09;232.05
Vorarlberg;2023-03-10;228.65
Vorarlberg;2023-03-11;225.01
Vorarlberg;2023-03-12;220.86
Vorarlberg;2023-03-13;215.98
Vorarlberg;2023-03-14;210.26
Vorarlberg;2023-03-15;203.81
Vorarlberg;2023-03-16;196.88
Vorarlberg;2023-03-17;189.65
Vorarlberg;2023-03-18;182.41
Vorarlberg;2023-03-19;175.22
Vorarlberg;2023-03-20;168.16
Vorarlberg;2023-03-21;161.15
Vorarlberg;2023-03-22;153.98
Vorarlberg;2023-03-23;146.59
Vorarlberg;2023-03-24;139.01
Vorarlberg;2023-03-25;131.39
Vorarlberg;2023-03-26;124.01
Vorarlberg;2023-03-27;117.09
Vorarlberg;2023-03-28;110.81
Vorarlberg;2023-03-29;105.19
Vorarlberg;2023-03-30;100.23
Vorarlberg;2023-03-31;95.78
Vorarlberg;2023-04-01;91.82
Vorarlberg;2023-04-02;88.35
Vorarlberg;2023-04-03;85.3
Vorarlberg;2023-04-04;82.68
Vorarlberg;2023-04-05;80.31
Vorarlberg;2023-04-06;78.06
Vorarlberg;2023-04-07;75.89
Vorarlberg;2023-04-08;73.69
Vorarlberg;2023-04-09;71.41
Vorarlberg;2023-04-10;69.07
Vorarlberg;2023-04-11;66.54
Vorarlberg;2023-04-12;63.78
Vorarlberg;2023-04-13;60.86
Vorarlberg;2023-04-14;57.84
Vorarlberg;2023-04-15;54.84
Vorarlberg;2023-04-16;52.03
Vorarlberg;2023-04-17;49.45
Vorarlberg;2023-04-18;47.22
Vorarlberg;2023-04-19;45.23
Vorarlberg;2023-04-20;43.46
Vorarlberg;2023-04-21;41.81
Vorarlberg;2023-04-22;40.23
Vorarlberg;2023-04-23;38.75
Vorarlberg;2023-04-24;37.35
Vorarlberg;2023-04-25;35.95
Vorarlberg;2023-04-26;34.57
Vorarlberg;2023-04-27;33.17
Vorarlberg;2023-04-28;31.73
Vorarlberg;2023-04-29;30.31
Vorarlberg;2023-04-30;28.9
Vorarlberg;2023-05-01;27.58
Vorarlberg;2023-05-02;26.42
Vorarlberg;2023-05-03;25.37
Vorarlberg;2023-05-04;24.52
Vorarlberg;2023-05-05;23.81
Vorarlberg;2023-05-06;23.27
Vorarlberg;2023-05-07;22.86
Vorarlberg;2023-05-08;22.64
Vorarlberg;2023-05-09;22.58
Vorarlberg;2023-05-10;22.63
Vorarlberg;2023-05-11;22.77
Vorarlberg;2023-05-12;23.0
Vorarlberg;2023-05-13;23.38
Vorarlberg;2023-05-14;23.79
Vorarlberg;2023-05-15;24.32
Vorarlberg;2023-05-16;24.83
Vorarlberg;2023-05-17;25.33
Vorarlberg;2023-05-18;25.81
Vorarlberg;2023-05-19;26.16
Vorarlberg;2023-05-20;26.4
Vorarlberg;2023-05-21;26.4
Vorarlberg;2023-05-22;26.08
Vorarlberg;2023-05-23;25.53
Vorarlberg;2023-05-24;24.76
Vorarlberg;2023-05-25;23.84
Vorarlberg;2023-05-26;22.83
Vorarlberg;2023-05-27;21.78
Vorarlberg;2023-05-28;20.66
Vorarlberg;2023-05-29;19.54
Vorarlberg;2023-05-30;18.41
Vorarlberg;2023-05-31;17.3
Vorarlberg;2023-06-01;16.23
Vorarlberg;2023-06-02;15.18
Vorarlberg;2023-06-03;14.19
Vorarlberg;2023-06-04;13.25
Vorarlberg;2023-06-05;12.37
Vorarlberg;2023-06-06;11.56
Vorarlberg;2023-06-07;10.83
Vorarlberg;2023-06-08;10.11
Vorarlberg;2023-06-09;9.48
Vorarlberg;2023-06-10;8.91
Vorarlberg;2023-06-11;8.36
Vorarlberg;2023-06-12;7.89
Vorarlberg;2023-06-13;7.46
Vorarlberg;2023-06-14;7.12
Vorarlberg;2023-06-15;6.8
Vorarlberg;2023-06-16;6.49
Vorarlberg;2023-06-17;6.21
Vorarlberg;2023-06-18;5.93
Vorarlberg;2023-06-19;5.67
Vorarlberg;2023-06-20;5.38
Vorarlberg;2023-06-21;5.12
Vorarlberg;2023-06-22;4.83
Vorarlberg;2023-06-23;4.61
Vorarlberg;2023-06-24;4.43
Vorarlberg;2023-06-25;4.22
Vorarlberg;2023-06-26;4.11
Vorarlberg;2023-06-27;4.05
Vorarlberg;2023-06-28;4.05
Vorarlberg;2023-06-29;4.1
Vorarlberg;2023-06-30;4.22
Vorarlberg;2023-07-01;4.4
Vorarlberg;2023-07-02;4.59
Vorarlberg;2023-07-03;4.83
Vorarlberg;2023-07-04;5.13
Vorarlberg;2023-07-05;5.41
Vorarlberg;2023-07-06;5.77
Vorarlberg;2023-07-07;6.11
Vorarlberg;2023-07-08;6.47
Vorarlberg;2023-07-09;6.82
Vorarlberg;2023-07-10;7.19
Vorarlberg;2023-07-11;7.48
Vorarlberg;2023-07-12;7.76
Vorarlberg;2023-07-13;7.95
Vorarlberg;2023-07-14;8.1
Vorarlberg;2023-07-15;8.24
Vorarlberg;2023-07-16;8.42
Vorarlberg;2023-07-17;8.69
Vorarlberg;2023-07-18;9.07
Vorarlberg;2023-07-19;9.55
Vorarlberg;2023-07-20;10.17
Vorarlberg;2023-07-21;10.85
Vorarlberg;2023-07-22;11.69
Vorarlberg;2023-07-23;12.68
Vorarlberg;2023-07-24;13.83
Vorarlberg;2023-07-25;15.1
Vorarlberg;2023-07-26;16.52
Vorarlberg;2023-07-27;18.07
Vorarlberg;2023-07-28;19.74
Vorarlberg;2023-07-29;21.55
Vorarlberg;2023-07-30;23.48
Vorarlberg;2023-07-31;25.53
Vorarlberg;2023-08-01;27.72
Vorarlberg;2023-08-02;29.97
Vorarlberg;2023-08-03;32.25
Vorarlberg;2023-08-04;34.55
Vorarlberg;2023-08-05;36.85
Vorarlberg;2023-08-06;39.12
Vorarlberg;2023-08-07;41.39
Vorarlberg;2023-08-08;43.52
Vorarlberg;2023-08-09;45.52
Vorarlberg;2023-08-10;47.3
Vorarlberg;2023-08-11;48.75
Vorarlberg;2023-08-12;49.88
Vorarlberg;2023-08-13;50.7
Vorarlberg;2023-08-14;51.09
Vorarlberg;2023-08-15;51.11
Vorarlberg;2023-08-16;50.71
Vorarlberg;2023-08-17;49.99
Vorarlberg;2023-08-18;49.02
Vorarlberg;2023-08-19;47.93
Vorarlberg;2023-08-20;46.84
Vorarlberg;2023-08-21;45.75
Vorarlberg;2023-08-22;44.74
Vorarlberg;2023-08-23;43.85
Vorarlberg;2023-08-24;43.13
Vorarlberg;2023-08-25;42.53
Vorarlberg;2023-08-26;42.22
Vorarlberg;2023-08-27;42.32
Vorarlberg;2023-08-28;42.88
Vorarlberg;2023-08-29;44.04
Vorarlberg;2023-08-30;45.77
Vorarlberg;2023-08-31;47.94
Vorarlberg;2023-09-01;50.5
Vorarlberg;2023-09-02;53.28
Vorarlberg;2023-09-03;56.24
Vorarlberg;2023-09-04;59.32
Vorarlberg;2023-09-05;62.43
Vorarlberg;2023-09-06;65.55
Vorarlberg;2023-09-07;68.56
Vorarlberg;2023-09-08;71.39
Vorarlberg;2023-09-09;73.99
Vorarlberg;2023-09-10;76.15
Vorarlberg;2023-09-11;77.77
Vorarlberg;2023-09-12;78.85
Vorarlberg;2023-09-13;79.43
Vorarlberg;2023-09-14;79.68
Vorarlberg;2023-09-15;79.77
Vorarlberg;2023-09-16;79.87
Vorarlberg;2023-09-17;80.19
Vorarlberg;2023-09-18;80.87
Vorarlberg;2023-09-19;81.95
Vorarlberg;2023-09-20;83.53
Vorarlberg;2023-09-21;85.56
Vorarlberg;2023-09-22;87.98
Vorarlberg;2023-09-23;90.65
Vorarlberg;2023-09-24;93.56
Vorarlberg;2023-09-25;96.47
Vorarlberg;2023-09-26;99.2
Vorarlberg;2023-09-27;101.5
Vorarlberg;2023-09-28;103.31
Vorarlberg;2023-09-29;104.68
Vorarlberg;2023-09-30;105.93
Vorarlberg;2023-10-01;107.25
Vorarlberg;2023-10-02;108.82
Vorarlberg;2023-10-03;110.77
Vorarlberg;2023-10-04;113.03
Vorarlberg;2023-10-05;115.46
Vorarlberg;2023-10-06;118.02
Vorarlberg;2023-10-07;120.61
Vorarlberg;2023-10-08;123.21
Vorarlberg;2023-10-09;125.79
Vorarlberg;2023-10-10;128.37
Vorarlberg;2023-10-11;131.04
Vorarlberg;2023-10-12;133.87
Vorarlberg;2023-10-13;136.95
Vorarlberg;2023-10-14;140.23
Vorarlberg;2023-10-15;143.82
Vorarlberg;2023-10-16;147.63
Vorarlberg;2023-10-17;151.72
Vorarlberg;2023-10-18;156.01
Vorarlberg;2023-10-19;160.48
Vorarlberg;2023-10-20;165.12
Vorarlberg;2023-10-21;169.95
Vorarlberg;2023-10-22;175.06
Vorarlberg;2023-10-23;180.56
Vorarlberg;2023-10-24;186.52
Vorarlberg;2023-10-25;192.96
Vorarlberg;2023-10-26;199.75
Vorarlberg;2023-10-27;206.98
Vorarlberg;2023-10-28;214.71
Vorarlberg;2023-10-29;223.27
Vorarlberg;2023-10-30;232.87
Vorarlberg;2023-10-31;243.51
Vorarlberg;2023-11-01;255.12
Vorarlberg;2023-11-02;267.42
Vorarlberg;2023-11-03;280.26
Vorarlberg;2023-11-04;293.3
Vorarlberg;2023-11-05;306.37
Vorarlberg;2023-11-06;319.4
Vorarlberg;2023-11-07;332.31
Vorarlberg;2023-11-08;345.07
Vorarlberg;2023-11-09;357.67
Vorarlberg;2023-11-10;370.15
Vorarlberg;2023-11-11;382.54
Vorarlberg;2023-11-12;394.86
Vorarlberg;2023-11-13;407.03
Vorarlberg;2023-11-14;419.1
Vorarlberg;2023-11-15;431.25
Vorarlberg;2023-11-16;443.48
Vorarlberg;2023-11-17;455.73
Vorarlberg;2023-11-18;467.93
Vorarlberg;2023-11-19;479.81
Vorarlberg;2023-11-20;491.18
Vorarlberg;2023-11-21;501.93
Vorarlberg;2023-11-22;511.89
Vorarlberg;2023-11-23;521.07
Vorarlberg;2023-11-24;529.5
Vorarlberg;2023-11-25;537.35
Vorarlberg;2023-11-26;544.56
Vorarlberg;2023-11-27;551.0
Vorarlberg;2023-11-28;556.48
Vorarlberg;2023-11-29;561.01
Vorarlberg;2023-11-30;564.82
Vorarlberg;2023-12-01;568.51
Vorarlberg;2023-12-02;572.64
Vorarlberg;2023-12-03;577.82
Vorarlberg;2023-12-04;584.39
Vorarlberg;2023-12-05;592.36
Vorarlberg;2023-12-06;601.36
Vorarlberg;2023-12-07;611.1
Vorarlberg;2023-12-08;621.13
Vorarlberg;2023-12-09;631.2
Vorarlberg;2023-12-10;641.23
Vorarlberg;2023-12-11;651.43
Vorarlberg;2023-12-12;661.98
Vorarlberg;2023-12-13;672.88
Vorarlberg;2023-12-14;683.47
Vorarlberg;2023-12-15;692.49
Vorarlberg;2023-12-16;698.35
Vorarlberg;2023-12-17;699.43
Vorarlberg;2023-12-18;694.81
Vorarlberg;2023-12-19;684.49
Vorarlberg;2023-12-20;668.83
Vorarlberg;2023-12-21;648.38
Vorarlberg;2023-12-22;623.99
Vorarlberg;2023-12-23;596.81
Vorarlberg;2023-12-24;567.88
Vorarlberg;2023-12-25;538.06
Vorarlberg;2023-12-26;508.24
Vorarlberg;2023-12-27;478.89
Vorarlberg;2023-12-28;450.2
Vorarlberg;2023-12-29;422.43
Vorarlberg;2023-12-30;395.61
Vorarlberg;2023-12-31;370.0
Vorarlberg;2024-01-01;345.99
Vorarlberg;2024-01-02;323.88
Vorarlberg;2024-01-03;303.82
Vorarlberg;2024-01-04;285.67
Vorarlberg;2024-01-05;269.05
Vorarlberg;2024-01-06;253.82
Vorarlberg;2024-01-07;239.79
Vorarlberg;2024-01-08;226.82
Vorarlberg;2024-01-09;214.73
Vorarlberg;2024-01-10;203.23
Vorarlberg;2024-01-11;192.24
Vorarlberg;2024-01-12;181.72
Vorarlberg;2024-01-13;171.71
Vorarlberg;2024-01-14;162.28
Vorarlberg;2024-01-15;153.52
Vorarlberg;2024-01-16;145.45
Vorarlberg;2024-01-17;138.1
Vorarlberg;2024-01-18;131.33
Vorarlberg;2024-01-19;124.99
Vorarlberg;2024-01-20;119.03
Vorarlberg;2024-01-21;113.28
Vorarlberg;2024-01-22;107.7
Vorarlberg;2024-01-23;102.35
Vorarlberg;2024-01-24;97.17
Vorarlberg;2024-01-25;92.19
Vorarlberg;2024-01-26;87.48
Vorarlberg;2024-01-27;83.06
Vorarlberg;2024-01-28;79.1
Vorarlberg;2024-01-29;75.67
Vorarlberg;2024-01-30;72.86
Vorarlberg;2024-01-31;70.59
Vorarlberg;2024-02-01;68.79
Vorarlberg;2024-02-02;67.23
Vorarlberg;2024-02-03;65.77
Vorarlberg;2024-02-04;64.16
Vorarlberg;2024-02-05;62.35
Vorarlberg;2024-02-06;60.29
Vorarlberg;2024-02-07;58.01
Vorarlberg;2024-02-08;55.56
Vorarlberg;2024-02-09;53.02
Vorarlberg;2024-02-10;50.45
Vorarlberg;2024-02-11;47.92
Vorarlberg;2024-02-12;45.5
Vorarlberg;2024-02-13;43.29
Vorarlberg;2024-02-14;41.19
Vorarlberg;2024-02-15;39.28
Vorarlberg;2024-02-16;37.48
Vorarlberg;2024-02-17;35.75
Vorarlberg;2024-02-18;34.05
Vorarlberg;2024-02-19;32.42
Vorarlberg;2024-02-20;30.83
Vorarlberg;2024-02-21;29.27
Vorarlberg;2024-02-22;27.76
Vorarlberg;2024-02-23;26.31
Vorarlberg;2024-02-24;24.87
Vorarlberg;2024-02-25;23.48
Vorarlberg;2024-02-26;22.11
Vorarlberg;2024-02-27;20.79
Vorarlberg;2024-02-28;19.47
Vorarlberg;2024-02-29;18.2
Vorarlberg;2024-03-01;16.97
Vorarlberg;2024-03-02;15.8
Vorarlberg;2024-03-03;14.74
Vorarlberg;2024-03-04;13.76
Vorarlberg;2024-03-05;12.91
Vorarlberg;2024-03-06;12.26
Vorarlberg;2024-03-07;11.7
Vorarlberg;2024-03-08;11.29
Vorarlberg;2024-03-09;10.96
Vorarlberg;2024-03-10;10.76
Vorarlberg;2024-03-11;10.64
Vorarlberg;2024-03-12;10.64
Vorarlberg;2024-03-13;10.66
Vorarlberg;2024-03-14;10.73
Vorarlberg;2024-03-15;10.77
Vorarlberg;2024-03-16;10.72
Vorarlberg;2024-03-17;10.56
Vorarlberg;2024-03-18;10.25
Vorarlberg;2024-03-19;9.86
Vorarlberg;2024-03-20;9.32
Vorarlberg;2024-03-21;8.8
Vorarlberg;2024-03-22;8.25
Vorarlberg;2024-03-23;7.73
Vorarlberg;2024-03-24;7.26
Vorarlberg;2024-03-25;6.87
Vorarlberg;2024-03-26;6.56
Vorarlberg;2024-03-27;6.36
Vorarlberg;2024-03-28;6.25
Vorarlberg;2024-03-29;6.2
Vorarlberg;2024-03-30;6.22
Vorarlberg;2024-03-31;6.25
Vorarlberg;2024-04-01;6.33
Vorarlberg;2024-04-02;6.42
Vorarlberg;2024-04-03;6.58
Vorarlberg;2024-04-04;6.82
Vorarlberg;2024-04-05;7.03
Vorarlberg;2024-04-06;7.32
Vorarlberg;2024-04-07;7.53
Vorarlberg;2024-04-08;7.82
Vorarlberg;2024-04-09;8.07
Vorarlberg;2024-04-10;8.27
Vorarlberg;2024-04-11;8.53
Vorarlberg;2024-04-12;8.76
Vorarlberg;2024-04-13;8.99
Vorarlberg;2024-04-14;9.23
Vorarlberg;2024-04-15;9.45
Vorarlberg;2024-04-16;9.69
Vorarlberg;2024-04-17;9.94
Vorarlberg;2024-04-18;10.23
Vorarlberg;2024-04-19;10.5
Vorarlberg;2024-04-20;10.8
Vorarlberg;2024-04-21;11.13
Vorarlberg;2024-04-22;11.54
Vorarlberg;2024-04-23;11.96
Vorarlberg;2024-04-24;12.5
Vorarlberg;2024-04-25;13.1
Vorarlberg;2024-04-26;13.8
Vorarlberg;2024-04-27;14.49
Vorarlberg;2024-04-28;15.22
Vorarlberg;2024-04-29;15.99
Vorarlberg;2024-04-30;16.77
Vorarlberg;2024-05-01;17.52
Vorarlberg;2024-05-02;18.23
Vorarlberg;2024-05-03;18.84
Vorarlberg;2024-05-04;19.29
Vorarlberg;2024-05-05;19.53
Vorarlberg;2024-05-06;19.63
Vorarlberg;2024-05-07;19.47
Vorarlberg;2024-05-08;19.27
Vorarlberg;2024-05-09;18.95
Vorarlberg;2024-05-10;18.65
Vorarlberg;2024-05-11;18.34
Vorarlberg;2024-05-12;18.05
Vorarlberg;2024-05-13;17.83
Vorarlberg;2024-05-14;17.62
Vorarlberg;2024-05-15;17.44
Vorarlberg;2024-05-16;17.26
Vorarlberg;2024-05-17;17.1
Vorarlberg;2024-05-18;16.95
Vorarlberg;2024-05-19;16.91
Vorarlberg;2024-05-20;16.86
Vorarlberg;2024-05-21;16.94
Vorarlberg;2024-05-22;17.09
Vorarlberg;2024-05-23;17.32
Vorarlberg;2024-05-24;17.59
Vorarlberg;2024-05-25;17.84
Vorarlberg;2024-05-26;18.1
Vorarlberg;2024-05-27;18.3
Vorarlberg;2024-05-28;18.54
Vorarlberg;2024-05-29;18.84
Vorarlberg;2024-05-30;19.18
Vorarlberg;2024-05-31;19.66
Vorarlberg;2024-06-01;20.24
Vorarlberg;2024-06-02;20.88
Vorarlberg;2024-06-03;21.65
Vorarlberg;2024-06-04;22.58
Vorarlberg;2024-06-05;23.61
Vorarlberg;2024-06-06;24.7
Vorarlberg;2024-06-07;25.92
Vorarlberg;2024-06-08;27.24
Vorarlberg;2024-06-09;28.75
Vorarlberg;2024-06-10;30.44
Vorarlberg;2024-06-11;32.29
Vorarlberg;2024-06-12;34.37
Vorarlberg;2024-06-13;36.63
Vorarlberg;2024-06-14;39.01
Vorarlberg;2024-06-15;41.58
Vorarlberg;2024-06-16;44.25
Vorarlberg;2024-06-17;47.05
Vorarlberg;2024-06-18;49.95
Vorarlberg;2024-06-19;52.97
Vorarlberg;2024-06-20;56.0
Vorarlberg;2024-06-21;59.04
Vorarlberg;2024-06-22;61.99
Vorarlberg;2024-06-23;64.84
Vorarlberg;2024-06-24;67.54
Vorarlberg;2024-06-25;70.07
Vorarlberg;2024-06-26;72.34
Vorarlberg;2024-06-27;74.5
Vorarlberg;2024-06-28;76.46
Vorarlberg;2024-06-29;78.22
Vorarlberg;2024-06-30;79.78
Vorarlberg;2024-07-01;81.17
Vorarlberg;2024-07-02;82.44
Vorarlberg;2024-07-03;83.71
Vorarlberg;2024-07-04;84.95
Vorarlberg;2024-07-05;86.37
Vorarlberg;2024-07-06;87.77
Vorarlberg;2024-07-07;89.21
Vorarlberg;2024-07-08;90.64
Vorarlberg;2024-07-09;92.11
Vorarlberg;2024-07-10;93.54
Vorarlberg;2024-07-11;94.99
Vorarlberg;2024-07-12;96.36
Vorarlberg;2024-07-13;97.68
Vorarlberg;2024-07-14;98.85
Vorarlberg;2024-07-15;99.92
Vorarlberg;2024-07-16;100.72
Vorarlberg;2024-07-17;101.31
Vorarlberg;2024-07-18;101.62
Vorarlberg;2024-07-19;101.61
Vorarlberg;2024-07-20;101.2
Vorarlberg;2024-07-21;100.41
Vorarlberg;2024-07-22;99.26
Vorarlberg;2024-07-23;97.97
Vorarlberg;2024-07-24;96.7
Vorarlberg;2024-07-25;95.62
Vorarlberg;2024-07-26;94.75
Vorarlberg;2024-07-27;94.18
Vorarlberg;2024-07-28;93.94
Vorarlberg;2024-07-29;94.17
Vorarlberg;2024-07-30;94.99
Vorarlberg;2024-07-31;96.44
Vorarlberg;2024-08-01;98.48
Vorarlberg;2024-08-02;100.96
Vorarlberg;2024-08-03;103.83
Vorarlberg;2024-08-04;106.87
Vorarlberg;2024-08-05;110.01
Vorarlberg;2024-08-06;113.17
Vorarlberg;2024-08-07;116.26
Vorarlberg;2024-08-08;119.13
Vorarlberg;2024-08-09;121.76
Vorarlberg;2024-08-10;124.04
Vorarlberg;2024-08-11;125.95
Vorarlberg;2024-08-12;127.49
Vorarlberg;2024-08-13;128.79
Vorarlberg;2024-08-14;129.88
Vorarlberg;2024-08-15;130.87
Vorarlberg;2024-08-16;131.7
Vorarlberg;2024-08-17;132.34
Vorarlberg;2024-08-18;132.7
Vorarlberg;2024-08-19;132.85
Vorarlberg;2024-08-20;132.72
Vorarlberg;2024-08-21;132.43
Vorarlberg;2024-08-22;132.04
Vorarlberg;2024-08-23;131.56
Vorarlberg;2024-08-24;130.98
Vorarlberg;2024-08-25;130.27
Vorarlberg;2024-08-26;129.42
Vorarlberg;2024-08-27;128.43
Vorarlberg;2024-08-28;127.44
Vorarlberg;2024-08-29;126.67
Vorarlberg;2024-08-30;126.18
Vorarlberg;2024-08-31;126.18
Vorarlberg;2024-09-01;126.83
Vorarlberg;2024-09-02;128.21
Vorarlberg;2024-09-03;130.52
Vorarlberg;2024-09-04;133.86
Vorarlberg;2024-09-05;138.16
Vorarlberg;2024-09-06;143.38
Vorarlberg;2024-09-07;149.59
Vorarlberg;2024-09-08;156.78
Vorarlberg;2024-09-09;165.08
Vorarlberg;2024-09-10;174.49
Vorarlberg;2024-09-11;184.94
Vorarlberg;2024-09-12;196.36
Vorarlberg;2024-09-13;208.45
Vorarlberg;2024-09-14;220.97
Vorarlberg;2024-09-15;233.66
Vorarlberg;2024-09-16;246.17
Vorarlberg;2024-09-17;258.34
Vorarlberg;2024-09-18;269.97
Vorarlberg;2024-09-19;281.09
Vorarlberg;2024-09-20;291.65
Vorarlberg;2024-09-21;301.63
Vorarlberg;2024-09-22;310.91
Vorarlberg;2024-09-23;319.32
Vorarlberg;2024-09-24;326.76
Vorarlberg;2024-09-25;333.19
Vorarlberg;2024-09-26;338.73
Vorarlberg;2024-09-27;343.44
Vorarlberg;2024-09-28;347.13
Vorarlberg;2024-09-29;349.65
Vorarlberg;2024-09-30;350.57
Vorarlberg;2024-10-01;349.79
Vorarlberg;2024-10-02;347.27
Vorarlberg;2024-10-03;343.26
Vorarlberg;2024-10-04;338.08
Vorarlberg;2024-10-05;332.1
Vorarlberg;2024-10-06;325.63
Vorarlberg;2024-10-07;318.86
Vorarlberg;2024-10-08;311.95
Vorarlberg;2024-10-09;304.97
Vorarlberg;2024-10-10;297.94
Vorarlberg;2024-10-11;290.95
Vorarlberg;2024-10-12;284.02
Vorarlberg;2024-10-13;277.28
Vorarlberg;2024-10-14;270.76
Vorarlberg;2024-10-15;264.48
Vorarlberg;2024-10-16;258.35
Vorarlberg;2024-10-17;252.29
Vorarlberg;2024-10-18;246.16
Vorarlberg;2024-10-19;239.84
Vorarlberg;2024-10-20;233.19
Vorarlberg;2024-10-21;226.24
Vorarlberg;2024-10-22;219.08
Vorarlberg;2024-10-23;211.85
Vorarlberg;2024-10-24;204.59
Vorarlberg;2024-10-25;197.33
Vorarlberg;2024-10-26;190.11
Vorarlberg;2024-10-27;182.98
Vorarlberg;2024-10-28;176.06
Vorarlberg;2024-10-29;169.47
Vorarlberg;2024-10-30;163.28
Vorarlberg;2024-10-31;157.44
Vorarlberg;2024-11-01;151.98
Vorarlberg;2024-11-02;146.71
Vorarlberg;2024-11-03;141.53
Vorarlberg;2024-11-04;136.38
Vorarlberg;2024-11-05;131.12
Vorarlberg;2024-11-06;125.71
Vorarlberg;2024-11-07;120.36
Vorarlberg;2024-11-08;115.22
Vorarlberg;2024-11-09;110.45
Vorarlberg;2024-11-10;106.33
Vorarlberg;2024-11-11;103.0
Vorarlberg;2024-11-12;100.48
Vorarlberg;2024-11-13;98.77
Vorarlberg;2024-11-14;97.81
Vorarlberg;2024-11-15;97.38
Vorarlberg;2024-11-16;97.52
Vorarlberg;2024-11-17;98.1
Vorarlberg;2024-11-18;99.2
Vorarlberg;2024-11-19;100.65
Vorarlberg;2024-11-20;102.42
Vorarlberg;2024-11-21;104.57
Vorarlberg;2024-11-22;106.97
Vorarlberg;2024-11-23;109.68
Vorarlberg;2024-11-24;112.85
Vorarlberg;2024-11-25;116.52
Vorarlberg;2024-11-26;120.71
Vorarlberg;2024-11-27;125.43
Vorarlberg;2024-11-28;130.47
Vorarlberg;2024-11-29;135.76
Vorarlberg;2024-11-30;141.13
Vorarlberg;2024-12-01;146.38
Vorarlberg;2024-12-02;151.49
Vorarlberg;2024-12-03;156.29
Vorarlberg;2024-12-04;160.52
Vorarlberg;2024-12-05;164.08
Vorarlberg;2024-12-06;166.84
Vorarlberg;2024-12-07;168.65
Vorarlberg;2024-12-08;169.31
Vorarlberg;2024-12-09;168.68
Vorarlberg;2024-12-10;166.74
Vorarlberg;2024-12-11;163.61
Vorarlberg;2024-12-12;159.53
Vorarlberg;2024-12-13;154.83
Vorarlberg;2024-12-14;149.87
Vorarlberg;2024-12-15;144.95
Vorarlberg;2024-12-16;140.34
Vorarlberg;2024-12-17;136.29
Vorarlberg;2024-12-18;132.96
Vorarlberg;2024-12-19;130.37
Vorarlberg;2024-12-20;128.37
Vorarlberg;2024-12-21;126.95
Vorarlberg;2024-12-22;126.04
Vorarlberg;2024-12-23;125.61
Vorarlberg;2024-12-24;125.45
Vorarlberg;2024-12-25;125.42
Vorarlberg;2024-12-26;125.33
Vorarlberg;2024-12-27;124.97
Vorarlberg;2024-12-28;124.21
Vorarlberg;2024-12-29;122.9
Vorarlberg;2024-12-30;121.01
Vorarlberg;2024-12-31;118.51
Vorarlberg;2025-01-01;115.4
Vorarlberg;2025-01-02;111.64
Vorarlberg;2025-01-03;107.43
Vorarlberg;2025-01-04;102.86
Vorarlberg;2025-01-05;98.08
Vorarlberg;2025-01-06;93.3
Vorarlberg;2025-01-07;88.63
Vorarlberg;2025-01-08;84.11
Vorarlberg;2025-01-09;79.87
Vorarlberg;2025-01-10;75.82
Vorarlberg;2025-01-11;72.08
Vorarlberg;2025-01-12;68.53
Vorarlberg;2025-01-13;65.35
Vorarlberg;2025-01-14;62.47
Vorarlberg;2025-01-15;59.91
Vorarlberg;2025-01-16;57.59
Vorarlberg;2025-01-17;55.52
Vorarlberg;2025-01-18;53.66
Vorarlberg;2025-01-19;51.96
Vorarlberg;2025-01-20;50.5
Vorarlberg;2025-01-21;49.23
Vorarlberg;2025-01-22;48.13
Vorarlberg;2025-01-23;47.23
Vorarlberg;2025-01-24;46.44
Vorarlberg;2025-01-25;45.72
Vorarlberg;2025-01-26;44.98
Vorarlberg;2025-01-27;44.22
Vorarlberg;2025-01-28;43.34
Vorarlberg;2025-01-29;42.35
Vorarlberg;2025-01-30;41.27
Vorarlberg;2025-01-31;40.18
Vorarlberg;2025-02-01;39.1
Vorarlberg;2025-02-02;38.11
Vorarlberg;2025-02-03;37.24
Vorarlberg;2025-02-04;36.43
Vorarlberg;2025-02-05;35.67
Vorarlberg;2025-02-06;34.87
Vorarlberg;2025-02-07;34.02
Vorarlberg;2025-02-08;33.12
Vorarlberg;2025-02-09;32.21
Vorarlberg;2025-02-10;31.36
Vorarlberg;2025-02-11;30.57
Vorarlberg;2025-02-12;29.86
Vorarlberg;2025-02-13;29.27
Vorarlberg;2025-02-14;28.72
Vorarlberg;2025-02-15;28.24
Vorarlberg;2025-02-16;27.74
Vorarlberg;2025-02-17;27.18
Vorarlberg;2025-02-18;26.66
Vorarlberg;2025-02-19;26.15
Vorarlberg;2025-02-20;25.71
Vorarlberg;2025-02-21;25.25
Vorarlberg;2025-02-22;24.76
Vorarlberg;2025-02-23;24.13
Vorarlberg;2025-02-24;23.37
Vorarlberg;2025-02-25;22.56
Vorarlberg;2025-02-26;21.73
Vorarlberg;2025-02-27;20.95
Vorarlberg;2025-02-28;20.2
Vorarlberg;2025-03-01;19.48
Vorarlberg;2025-03-02;18.84
Vorarlberg;2025-03-03;18.29
Vorarlberg;2025-03-04;17.78
Vorarlberg;2025-03-05;17.45
Vorarlberg;2025-03-06;17.2
Vorarlberg;2025-03-07;17.04
Vorarlberg;2025-03-08;16.88
Vorarlberg;2025-03-09;16.67
Vorarlberg;2025-03-10;16.45
Vorarlberg;2025-03-11;16.12
Vorarlberg;2025-03-12;15.76
Vorarlberg;2025-03-13;15.33
Vorarlberg;2025-03-14;14.87
Vorarlberg;2025-03-15;14.35
Vorarlberg;2025-03-16;13.8
Vorarlberg;2025-03-17;13.24
Vorarlberg;2025-03-18;12.65
Vorarlberg;2025-03-19;12.13
Vorarlberg;2025-03-20;11.62
Vorarlberg;2025-03-21;11.15
Vorarlberg;2025-03-22;10.69
Vorarlberg;2025-03-23;10.18
Vorarlberg;2025-03-24;9.65
Vorarlberg;2025-03-25;9.13
Vorarlberg;2025-03-26;8.56
Vorarlberg;2025-03-27;8.01
Vorarlberg;2025-03-28;7.52
Vorarlberg;2025-03-29;7.08
Vorarlberg;2025-03-30;6.65
Vorarlberg;2025-03-31;6.34
Vorarlberg;2025-04-01;6.11
Vorarlberg;2025-04-02;5.95
Vorarlberg;2025-04-03;5.83
Vorarlberg;2025-04-04;5.74
Vorarlberg;2025-04-05;5.72
Vorarlberg;2025-04-06;5.71
Vorarlberg;2025-04-07;5.74
Vorarlberg;2025-04-08;5.84
Vorarlberg;2025-04-09;5.94
Vorarlberg;2025-04-10;6.1
Vorarlberg;2025-04-11;6.3
Vorarlberg;2025-04-12;6.56
Vorarlberg;2025-04-13;6.81
Vorarlberg;2025-04-14;7.21
Vorarlberg;2025-04-15;7.66
Vorarlberg;2025-04-16;8.23
Vorarlberg;2025-04-17;8.82
Vorarlberg;2025-04-18;9.45
Vorarlberg;2025-04-19;10.07
Vorarlberg;2025-04-20;10.67
Vorarlberg;2025-04-21;11.23
Vorarlberg;2025-04-22;11.67
Vorarlberg;2025-04-23;12.06
Vorarlberg;2025-04-24;12.38
Vorarlberg;2025-04-25;12.64
Vorarlberg;2025-04-26;12.85
Vorarlberg;2025-04-27;12.96
Vorarlberg;2025-04-28;12.97
Vorarlberg;2025-04-29;12.88
Vorarlberg;2025-04-30;12.73
Vorarlberg;2025-05-01;12.54
Vorarlberg;2025-05-02;12.42
Vorarlberg;2025-05-03;12.3
Vorarlberg;2025-05-04;12.24
Vorarlberg;2025-05-05;12.26
Vorarlberg;2025-05-06;12.33
Vorarlberg;2025-05-07;12.46
Vorarlberg;2025-05-08;12.63
Vorarlberg;2025-05-09;12.86
Vorarlberg;2025-05-10;13.12
Vorarlberg;2025-05-11;13.45
Vorarlberg;2025-05-12;13.86
Vorarlberg;2025-05-13;14.32
Vorarlberg;2025-05-14;14.91
Vorarlberg;2025-05-15;15.51
Vorarlberg;2025-05-16;16.16
Vorarlberg;2025-05-17;16.77
Vorarlberg;2025-05-18;17.41
Vorarlberg;2025-05-19;17.97
Vorarlberg;2025-05-20;18.51
Vorarlberg;2025-05-21;19.06
Vorarlberg;2025-05-22;19.6
Vorarlberg;2025-05-23;20.16
Vorarlberg;2025-05-24;20.75
Vorarlberg;2025-05-25;21.27
Vorarlberg;2025-05-26;21.82
Vorarlberg;2025-05-27;22.36
Vorarlberg;2025-05-28;22.93
Vorarlberg;2025-05-29;23.5
Vorarlberg;2025-05-30;24.08
Vorarlberg;2025-05-31;24.66
Vorarlberg;2025-06-01;25.17
Vorarlberg;2025-06-02;25.66
Vorarlberg;2025-06-03;26.11
Vorarlberg;2025-06-04;26.51
Vorarlberg;2025-06-05;26.91
Vorarlberg;2025-06-06;27.31
Vorarlberg;2025-06-07;27.69
Vorarlberg;2025-06-08;28.13
Vorarlberg;2025-06-09;28.7
Vorarlberg;2025-06-10;29.41
Vorarlberg;2025-06-11;30.24
Vorarlberg;2025-06-12;31.2
Vorarlberg;2025-06-13;32.22
Vorarlberg;2025-06-14;33.24
Vorarlberg;2025-06-15;34.18
Tirol;2022-09-01;78.67
Tirol;2022-09-02;78.44
Tirol;2022-09-03;78.48
Tirol;2022-09-04;79.04
Tirol;2022-09-05;80.13
Tirol;2022-09-06;81.87
Tirol;2022-09-07;84.17
Tirol;2022-09-08;86.96
Tirol;2022-09-09;90.11
Tirol;2022-09-10;93.39
Tirol;2022-09-11;96.78
Tirol;2022-09-12;100.3
Tirol;2022-09-13;103.89
Tirol;2022-09-14;107.7
Tirol;2022-09-15;111.82
Tirol;2022-09-16;116.27
Tirol;2022-09-17;121.14
Tirol;2022-09-18;126.63
Tirol;2022-09-19;132.81
Tirol;2022-09-20;139.71
Tirol;2022-09-21;147.26
Tirol;2022-09-22;155.17
Tirol;2022-09-23;163.35
Tirol;2022-09-24;171.48
Tirol;2022-09-25;179.36
Tirol;2022-09-26;186.87
Tirol;2022-09-27;193.92
Tirol;2022-09-28;200.48
Tirol;2022-09-29;206.54
Tirol;2022-09-30;212.05
Tirol;2022-10-01;216.59
Tirol;2022-10-02;220.15
Tirol;2022-10-03;222.35
Tirol;2022-10-04;223.37
Tirol;2022-10-05;223.34
Tirol;2022-10-06;222.48
Tirol;2022-10-07;221.05
Tirol;2022-10-08;219.03
Tirol;2022-10-09;216.43
Tirol;2022-10-10;213.42
Tirol;2022-10-11;209.78
Tirol;2022-10-12;205.58
Tirol;2022-10-13;200.84
Tirol;2022-10-14;195.42
Tirol;2022-10-15;189.27
Tirol;2022-10-16;182.06
Tirol;2022-10-17;173.98
Tirol;2022-10-18;165.04
Tirol;2022-10-19;155.65
Tirol;2022-10-20;146.02
Tirol;2022-10-21;136.49
Tirol;2022-10-22;127.24
Tirol;2022-10-23;118.57
Tirol;2022-10-24;110.65
Tirol;2022-10-25;103.44
Tirol;2022-10-26;97.06
Tirol;2022-10-27;91.24
Tirol;2022-10-28;86.0
Tirol;2022-10-29;81.36
Tirol;2022-10-30;77.34
Tirol;2022-10-31;74.02
Tirol;2022-11-01;71.33
Tirol;2022-11-02;69.29
Tirol;2022-11-03;67.74
Tirol;2022-11-04;66.76
Tirol;2022-11-05;66.17
Tirol;2022-11-06;66.11
Tirol;2022-11-07;66.61
Tirol;2022-11-08;67.54
Tirol;2022-11-09;68.95
Tirol;2022-11-10;70.77
Tirol;2022-11-11;72.8
Tirol;2022-11-12;75.12
Tirol;2022-11-13;77.64
Tirol;2022-11-14;80.4
Tirol;2022-11-15;83.31
Tirol;2022-11-16;86.29
Tirol;2022-11-17;89.3
Tirol;2022-11-18;92.42
Tirol;2022-11-19;95.47
Tirol;2022-11-20;98.68
Tirol;2022-11-21;101.95
Tirol;2022-11-22;105.31
Tirol;2022-11-23;108.8
Tirol;2022-11-24;112.5
Tirol;2022-11-25;116.2
Tirol;2022-11-26;119.85
Tirol;2022-11-27;123.45
Tirol;2022-11-28;126.97
Tirol;2022-11-29;130.59
Tirol;2022-11-30;134.33
Tirol;2022-12-01;138.13
Tirol;2022-12-02;141.7
Tirol;2022-12-03;144.88
Tirol;2022-12-04;149.12
Tirol;2022-12-05;150.12
Tirol;2022-12-06;151.01
Tirol;2022-12-07;151.41
Tirol;2022-12-08;151.34
Tirol;2022-12-09;151.08
Tirol;2022-12-10;150.75
Tirol;2022-12-11;150.61
Tirol;2022-12-12;150.66
Tirol;2022-12-13;150.89
Tirol;2022-12-14;151.17
Tirol;2022-12-15;151.52
Tirol;2022-12-16;151.83
Tirol;2022-12-17;152.07
Tirol;2022-12-18;152.17
Tirol;2022-12-19;152.23
Tirol;2022-12-20;152.16
Tirol;2022-12-21;152.13
Tirol;2022-12-22;152.04
Tirol;2022-12-23;151.97
Tirol;2022-12-24;151.69
Tirol;2022-12-25;151.21
Tirol;2022-12-26;150.37
Tirol;2022-12-27;149.15
Tirol;2022-12-28;147.38
Tirol;2022-12-29;145.11
Tirol;2022-12-30;142.42
Tirol;2022-12-31;139.29
Tirol;2023-01-01;135.71
Tirol;2023-01-02;131.8
Tirol;2023-01-03;127.67
Tirol;2023-01-04;123.47
Tirol;2023-01-05;119.46
Tirol;2023-01-06;115.63
Tirol;2023-01-07;112.18
Tirol;2023-01-08;109.18
Tirol;2023-01-09;106.81
Tirol;2023-01-10;105.06
Tirol;2023-01-11;103.86
Tirol;2023-01-12;103.27
Tirol;2023-01-13;103.09
Tirol;2023-01-14;103.3
Tirol;2023-01-15;103.93
Tirol;2023-01-16;104.98
Tirol;2023-01-17;106.61
Tirol;2023-01-18;108.8
Tirol;2023-01-19;111.58
Tirol;2023-01-20;114.9
Tirol;2023-01-21;118.81
Tirol;2023-01-22;123.47
Tirol;2023-01-23;128.91
Tirol;2023-01-24;135.12
Tirol;2023-01-25;142.01
Tirol;2023-01-26;149.41
Tirol;2023-01-27;157.15
Tirol;2023-01-28;164.96
Tirol;2023-01-29;172.7
Tirol;2023-01-30;180.26
Tirol;2023-01-31;187.73
Tirol;2023-02-01;195.12
Tirol;2023-02-02;202.46
Tirol;2023-02-03;209.82
Tirol;2023-02-04;217.16
Tirol;2023-02-05;224.55
Tirol;2023-02-06;231.99
Tirol;2023-02-07;239.53
Tirol;2023-02-08;247.18
Tirol;2023-02-09;254.81
Tirol;2023-02-10;262.33
Tirol;2023-02-11;269.53
Tirol;2023-02-12;276.12
Tirol;2023-02-13;281.87
Tirol;2023-02-14;286.41
Tirol;2023-02-15;289.66
Tirol;2023-02-16;291.37
Tirol;2023-02-17;291.93
Tirol;2023-02-18;291.63
Tirol;2023-02-19;290.93
Tirol;2023-02-20;290.07
Tirol;2023-02-21;289.27
Tirol;2023-02-22;288.58
Tirol;2023-02-23;287.97
Tirol;2023-02-24;287.15
Tirol;2023-02-25;285.9
Tirol;2023-02-26;283.94
Tirol;2023-02-27;281.26
Tirol;2023-02-28;277.84
Tirol;2023-03-01;273.83
Tirol;2023-03-02;269.29
Tirol;2023-03-03;264.17
Tirol;2023-03-04;258.56
Tirol;2023-03-05;252.23
Tirol;2023-03-06;245.29
Tirol;2023-03-07;237.73
Tirol;2023-03-08;229.72
Tirol;2023-03-09;221.45
Tirol;2023-03-10;212.98
Tirol;2023-03-11;204.43
Tirol;2023-03-12;195.96
Tirol;2023-03-13;187.63
Tirol;2023-03-14;179.75
Tirol;2023-03-15;172.38
Tirol;2023-03-16;165.56
Tirol;2023-03-17;159.1
Tirol;2023-03-18;153.0
Tirol;2023-03-19;147.14
Tirol;2023-03-20;141.62
Tirol;2023-03-21;136.57
Tirol;2023-03-22;132.07
Tirol;2023-03-23;127.95
Tirol;2023-03-24;124.05
Tirol;2023-03-25;120.22
Tirol;2023-03-26;116.22
Tirol;2023-03-27;112.08
Tirol;2023-03-28;107.9
Tirol;2023-03-29;103.81
Tirol;2023-03-30;99.87
Tirol;2023-03-31;96.1
Tirol;2023-04-01;92.55
Tirol;2023-04-02;89.32
Tirol;2023-04-03;86.32
Tirol;2023-04-04;83.52
Tirol;2023-04-05;80.88
Tirol;2023-04-06;78.32
Tirol;2023-04-07;75.8
Tirol;2023-04-08;73.35
Tirol;2023-04-09;70.97
Tirol;2023-04-10;68.77
Tirol;2023-04-11;66.73
Tirol;2023-04-12;64.84
Tirol;2023-04-13;63.14
Tirol;2023-04-14;61.65
Tirol;2023-04-15;60.23
Tirol;2023-04-16;58.9
Tirol;2023-04-17;57.69
Tirol;2023-04-18;56.51
Tirol;2023-04-19;55.37
Tirol;2023-04-20;54.22
Tirol;2023-04-21;53.11
Tirol;2023-04-22;52.01
Tirol;2023-04-23;50.83
Tirol;2023-04-24;49.65
Tirol;2023-04-25;48.34
Tirol;2023-04-26;46.93
Tirol;2023-04-27;45.42
Tirol;2023-04-28;43.75
Tirol;2023-04-29;41.98
Tirol;2023-04-30;40.14
Tirol;2023-05-01;38.28
Tirol;2023-05-02;36.37
Tirol;2023-05-03;34.48
Tirol;2023-05-04;32.71
Tirol;2023-05-05;31.03
Tirol;2023-05-06;29.55
Tirol;2023-05-07;28.21
Tirol;2023-05-08;27.19
Tirol;2023-05-09;26.5
Tirol;2023-05-10;26.15
Tirol;2023-05-11;26.19
Tirol;2023-05-12;26.5
Tirol;2023-05-13;26.98
Tirol;2023-05-14;27.62
Tirol;2023-05-15;28.28
Tirol;2023-05-16;28.94
Tirol;2023-05-17;29.46
Tirol;2023-05-18;29.89
Tirol;2023-05-19;30.2
Tirol;2023-05-20;30.36
Tirol;2023-05-21;30.29
Tirol;2023-05-22;29.96
Tirol;2023-05-23;29.37
Tirol;2023-05-24;28.56
Tirol;2023-05-25;27.56
Tirol;2023-05-26;26.37
Tirol;2023-05-27;25.09
Tirol;2023-05-28;23.78
Tirol;2023-05-29;22.52
Tirol;2023-05-30;21.27
Tirol;2023-05-31;20.11
Tirol;2023-06-01;19.04
Tirol;2023-06-02;18.07
Tirol;2023-06-03;17.2
Tirol;2023-06-04;16.4
Tirol;2023-06-05;15.75
Tirol;2023-06-06;15.17
Tirol;2023-06-07;14.72
Tirol;2023-06-08;14.32
Tirol;2023-06-09;14.02
Tirol;2023-06-10;13.74
Tirol;2023-06-11;13.52
Tirol;2023-06-12;13.34
Tirol;2023-06-13;13.19
Tirol;2023-06-14;13.08
Tirol;2023-06-15;13.04
Tirol;2023-06-16;12.99
Tirol;2023-06-17;12.87
Tirol;2023-06-18;12.74
Tirol;2023-06-19;12.52
Tirol;2023-06-20;12.26
Tirol;2023-06-21;11.96
Tirol;2023-06-22;11.67
Tirol;2023-06-23;11.35
Tirol;2023-06-24;11.12
Tirol;2023-06-25;10.89
Tirol;2023-06-26;10.7
Tirol;2023-06-27;10.62
Tirol;2023-06-28;10.58
Tirol;2023-06-29;10.62
Tirol;2023-06-30;10.66
Tirol;2023-07-01;10.72
Tirol;2023-07-02;10.73
Tirol;2023-07-03;10.75
Tirol;2023-07-04;10.78
Tirol;2023-07-05;10.76
Tirol;2023-07-06;10.78
Tirol;2023-07-07;10.77
Tirol;2023-07-08;10.77
Tirol;2023-07-09;10.79
Tirol;2023-07-10;10.86
Tirol;2023-07-11;10.99
Tirol;2023-07-12;11.22
Tirol;2023-07-13;11.58
Tirol;2023-07-14;12.0
Tirol;2023-07-15;12.5
Tirol;2023-07-16;13.04
Tirol;2023-07-17;13.62
Tirol;2023-07-18;14.2
Tirol;2023-07-19;14.89
Tirol;2023-07-20;15.55
Tirol;2023-07-21;16.31
Tirol;2023-07-22;17.13
Tirol;2023-07-23;17.97
Tirol;2023-07-24;18.95
Tirol;2023-07-25;20.0
Tirol;2023-07-26;21.19
Tirol;2023-07-27;22.44
Tirol;2023-07-28;23.68
Tirol;2023-07-29;24.92
Tirol;2023-07-30;26.03
Tirol;2023-07-31;26.96
Tirol;2023-08-01;27.8
Tirol;2023-08-02;28.6
Tirol;2023-08-03;29.37
Tirol;2023-08-04;30.19
Tirol;2023-08-05;31.09
Tirol;2023-08-06;32.03
Tirol;2023-08-07;33.14
Tirol;2023-08-08;34.26
Tirol;2023-08-09;35.4
Tirol;2023-08-10;36.53
Tirol;2023-08-11;37.65
Tirol;2023-08-12;38.65
Tirol;2023-08-13;39.63
Tirol;2023-08-14;40.49
Tirol;2023-08-15;41.26
Tirol;2023-08-16;41.83
Tirol;2023-08-17;42.29
Tirol;2023-08-18;42.67
Tirol;2023-08-19;42.92
Tirol;2023-08-20;43.16
Tirol;2023-08-21;43.46
Tirol;2023-08-22;43.73
Tirol;2023-08-23;44.19
Tirol;2023-08-24;44.72
Tirol;2023-08-25;45.4
Tirol;2023-08-26;46.38
Tirol;2023-08-27;47.67
Tirol;2023-08-28;49.38
Tirol;2023-08-29;51.68
Tirol;2023-08-30;54.34
Tirol;2023-08-31;57.32
Tirol;2023-09-01;60.49
Tirol;2023-09-02;63.66
Tirol;2023-09-03;66.81
Tirol;2023-09-04;69.78
Tirol;2023-09-05;72.51
Tirol;2023-09-06;74.95
Tirol;2023-09-07;77.02
Tirol;2023-09-08;78.96
Tirol;2023-09-09;80.68
Tirol;2023-09-10;82.39
Tirol;2023-09-11;84.07
Tirol;2023-09-12;85.75
Tirol;2023-09-13;87.29
Tirol;2023-09-14;88.64
Tirol;2023-09-15;89.9
Tirol;2023-09-16;91.2
Tirol;2023-09-17;92.81
Tirol;2023-09-18;94.78
Tirol;2023-09-19;97.26
Tirol;2023-09-20;99.98
Tirol;2023-09-21;102.89
Tirol;2023-09-22;105.77
Tirol;2023-09-23;108.77
Tirol;2023-09-24;111.94
Tirol;2023-09-25;115.34
Tirol;2023-09-26;119.14
Tirol;2023-09-27;123.38
Tirol;2023-09-28;128.08
Tirol;2023-09-29;133.16
Tirol;2023-09-30;138.33
Tirol;2023-10-01;143.41
Tirol;2023-10-02;148.05
Tirol;2023-10-03;151.85
Tirol;2023-10-04;154.36
Tirol;2023-10-05;155.33
Tirol;2023-10-06;155.04
Tirol;2023-10-07;154.01
Tirol;2023-10-08;152.9
Tirol;2023-10-09;152.18
Tirol;2023-10-10;152.09
Tirol;2023-10-11;152.66
Tirol;2023-10-12;153.69
Tirol;2023-10-13;154.96
Tirol;2023-10-14;156.44
Tirol;2023-10-15;158.1
Tirol;2023-10-16;159.85
Tirol;2023-10-17;161.68
Tirol;2023-10-18;163.4
Tirol;2023-10-19;165.09
Tirol;2023-10-20;166.59
Tirol;2023-10-21;168.07
Tirol;2023-10-22;169.57
Tirol;2023-10-23;171.06
Tirol;2023-10-24;172.71
Tirol;2023-10-25;174.48
Tirol;2023-10-26;176.46
Tirol;2023-10-27;178.66
Tirol;2023-10-28;181.2
Tirol;2023-10-29;184.19
Tirol;2023-10-30;187.66
Tirol;2023-10-31;191.72
Tirol;2023-11-01;196.27
Tirol;2023-11-02;201.21
Tirol;2023-11-03;206.42
Tirol;2023-11-04;211.9
Tirol;2023-11-05;217.68
Tirol;2023-11-06;223.77
Tirol;2023-11-07;230.25
Tirol;2023-11-08;237.15
Tirol;2023-11-09;244.54
Tirol;2023-11-10;252.42
Tirol;2023-11-11;261.0
Tirol;2023-11-12;270.54
Tirol;2023-11-13;281.35
Tirol;2023-11-14;293.67
Tirol;2023-11-15;307.39
Tirol;2023-11-16;322.36
Tirol;2023-11-17;338.19
Tirol;2023-11-18;354.46
Tirol;2023-11-19;370.75
Tirol;2023-11-20;386.49
Tirol;2023-11-21;401.23
Tirol;2023-11-22;414.37
Tirol;2023-11-23;425.54
Tirol;2023-11-24;435.11
Tirol;2023-11-25;443.57
Tirol;2023-11-26;451.6
Tirol;2023-11-27;459.57
Tirol;2023-11-28;467.42
Tirol;2023-11-29;474.64
Tirol;2023-11-30;480.76
Tirol;2023-12-01;485.61
Tirol;2023-12-02;489.42
Tirol;2023-12-03;492.47
Tirol;2023-12-04;495.07
Tirol;2023-12-05;497.53
Tirol;2023-12-06;500.03
Tirol;2023-12-07;502.86
Tirol;2023-12-08;505.96
Tirol;2023-12-09;509.3
Tirol;2023-12-10;512.7
Tirol;2023-12-11;515.91
Tirol;2023-12-12;518.61
Tirol;2023-12-13;520.15
Tirol;2023-12-14;520.05
Tirol;2023-12-15;518.3
Tirol;2023-12-16;514.92
Tirol;2023-12-17;510.07
Tirol;2023-12-18;503.88
Tirol;2023-12-19;496.39
Tirol;2023-12-20;487.76
Tirol;2023-12-21;478.21
Tirol;2023-12-22;468.01
Tirol;2023-12-23;457.19
Tirol;2023-12-24;445.8
Tirol;2023-12-25;433.75
Tirol;2023-12-26;420.95
Tirol;2023-12-27;407.29
Tirol;2023-12-28;392.65
Tirol;2023-12-29;377.31
Tirol;2023-12-30;361.51
Tirol;2023-12-31;345.55
Tirol;2024-01-01;329.65
Tirol;2024-01-02;313.98
Tirol;2024-01-03;298.64
Tirol;2024-01-04;283.67
Tirol;2024-01-05;269.07
Tirol;2024-01-06;254.89
Tirol;2024-01-07;241.16
Tirol;2024-01-08;227.97
Tirol;2024-01-09;215.4
Tirol;2024-01-10;203.62
Tirol;2024-01-11;192.47
Tirol;2024-01-12;181.98
Tirol;2024-01-13;172.11
Tirol;2024-01-14;162.81
Tirol;2024-01-15;154.07
Tirol;2024-01-16;145.94
Tirol;2024-01-17;138.39
Tirol;2024-01-18;131.17
Tirol;2024-01-19;124.32
Tirol;2024-01-20;117.84
Tirol;2024-01-21;111.71
Tirol;2024-01-22;106.1
Tirol;2024-01-23;101.01
Tirol;2024-01-24;96.51
Tirol;2024-01-25;92.45
Tirol;2024-01-26;88.76
Tirol;2024-01-27;85.23
Tirol;2024-01-28;81.79
Tirol;2024-01-29;78.24
Tirol;2024-01-30;74.58
Tirol;2024-01-31;70.87
Tirol;2024-02-01;67.16
Tirol;2024-02-02;63.48
Tirol;2024-02-03;59.89
Tirol;2024-02-04;56.4
Tirol;2024-02-05;53.06
Tirol;2024-02-06;49.9
Tirol;2024-02-07;46.94
Tirol;2024-02-08;44.18
Tirol;2024-02-09;41.71
Tirol;2024-02-10;39.4
Tirol;2024-02-11;37.32
Tirol;2024-02-12;35.43
Tirol;2024-02-13;33.76
Tirol;2024-02-14;32.29
Tirol;2024-02-15;30.99
Tirol;2024-02-16;29.8
Tirol;2024-02-17;28.73
Tirol;2024-02-18;27.82
Tirol;2024-02-19;27.01
Tirol;2024-02-20;26.37
Tirol;2024-02-21;25.9
Tirol;2024-02-22;25.63
Tirol;2024-02-23;25.42
Tirol;2024-02-24;25.31
Tirol;2024-02-25;25.17
Tirol;2024-02-26;25.07
Tirol;2024-02-27;24.85
Tirol;2024-02-28;24.59
Tirol;2024-02-29;24.18
Tirol;2024-03-01;23.67
Tirol;2024-03-02;23.1
Tirol;2024-03-03;22.47
Tirol;2024-03-04;21.83
Tirol;2024-03-05;21.07
Tirol;2024-03-06;20.26
Tirol;2024-03-07;19.28
Tirol;2024-03-08;18.29
Tirol;2024-03-09;17.21
Tirol;2024-03-10;16.22
Tirol;2024-03-11;15.22
Tirol;2024-03-12;14.28
Tirol;2024-03-13;13.52
Tirol;2024-03-14;12.78
Tirol;2024-03-15;12.08
Tirol;2024-03-16;11.44
Tirol;2024-03-17;10.87
Tirol;2024-03-18;10.33
Tirol;2024-03-19;9.92
Tirol;2024-03-20;9.57
Tirol;2024-03-21;9.34
Tirol;2024-03-22;9.1
Tirol;2024-03-23;8.97
Tirol;2024-03-24;8.86
Tirol;2024-03-25;8.85
Tirol;2024-03-26;8.82
Tirol;2024-03-27;8.85
Tirol;2024-03-28;8.89
Tirol;2024-03-29;8.91
Tirol;2024-03-30;8.92
Tirol;2024-03-31;8.97
Tirol;2024-04-01;8.98
Tirol;2024-04-02;8.97
Tirol;2024-04-03;8.93
Tirol;2024-04-04;8.85
Tirol;2024-04-05;8.82
Tirol;2024-04-06;8.73
Tirol;2024-04-07;8.65
Tirol;2024-04-08;8.67
Tirol;2024-04-09;8.69
Tirol;2024-04-10;8.83
Tirol;2024-04-11;9.0
Tirol;2024-04-12;9.24
Tirol;2024-04-13;9.51
Tirol;2024-04-14;9.83
Tirol;2024-04-15;10.25
Tirol;2024-04-16;10.73
Tirol;2024-04-17;11.26
Tirol;2024-04-18;11.84
Tirol;2024-04-19;12.47
Tirol;2024-04-20;13.15
Tirol;2024-04-21;13.87
Tirol;2024-04-22;14.7
Tirol;2024-04-23;15.67
Tirol;2024-04-24;16.65
Tirol;2024-04-25;17.71
Tirol;2024-04-26;18.8
Tirol;2024-04-27;19.85
Tirol;2024-04-28;20.88
Tirol;2024-04-29;21.72
Tirol;2024-04-30;22.36
Tirol;2024-05-01;22.88
Tirol;2024-05-02;23.21
Tirol;2024-05-03;23.43
Tirol;2024-05-04;23.61
Tirol;2024-05-05;23.79
Tirol;2024-05-06;24.15
Tirol;2024-05-07;24.63
Tirol;2024-05-08;25.16
Tirol;2024-05-09;25.84
Tirol;2024-05-10;26.51
Tirol;2024-05-11;27.17
Tirol;2024-05-12;27.75
Tirol;2024-05-13;28.2
Tirol;2024-05-14;28.51
Tirol;2024-05-15;28.62
Tirol;2024-05-16;28.52
Tirol;2024-05-17;28.28
Tirol;2024-05-18;27.98
Tirol;2024-05-19;27.71
Tirol;2024-05-20;27.52
Tirol;2024-05-21;27.48
Tirol;2024-05-22;27.61
Tirol;2024-05-23;27.95
Tirol;2024-05-24;28.45
Tirol;2024-05-25;29.12
Tirol;2024-05-26;29.89
Tirol;2024-05-27;30.84
Tirol;2024-05-28;31.9
Tirol;2024-05-29;33.09
Tirol;2024-05-30;34.4
Tirol;2024-05-31;35.77
Tirol;2024-06-01;37.26
Tirol;2024-06-02;38.8
Tirol;2024-06-03;40.39
Tirol;2024-06-04;42.12
Tirol;2024-06-05;43.85
Tirol;2024-06-06;45.58
Tirol;2024-06-07;47.33
Tirol;2024-06-08;49.14
Tirol;2024-06-09;51.15
Tirol;2024-06-10;53.32
Tirol;2024-06-11;55.79
Tirol;2024-06-12;58.51
Tirol;2024-06-13;61.48
Tirol;2024-06-14;64.64
Tirol;2024-06-15;67.78
Tirol;2024-06-16;70.91
Tirol;2024-06-17;73.85
Tirol;2024-06-18;76.56
Tirol;2024-06-19;79.0
Tirol;2024-06-20;81.15
Tirol;2024-06-21;83.07
Tirol;2024-06-22;84.81
Tirol;2024-06-23;86.48
Tirol;2024-06-24;88.13
Tirol;2024-06-25;89.74
Tirol;2024-06-26;91.45
Tirol;2024-06-27;93.2
Tirol;2024-06-28;95.1
Tirol;2024-06-29;97.08
Tirol;2024-06-30;99.13
Tirol;2024-07-01;101.17
Tirol;2024-07-02;103.16
Tirol;2024-07-03;104.94
Tirol;2024-07-04;106.25
Tirol;2024-07-05;107.25
Tirol;2024-07-06;108.06
Tirol;2024-07-07;108.85
Tirol;2024-07-08;109.79
Tirol;2024-07-09;111.0
Tirol;2024-07-10;112.38
Tirol;2024-07-11;113.84
Tirol;2024-07-12;115.29
Tirol;2024-07-13;116.7
Tirol;2024-07-14;117.94
Tirol;2024-07-15;118.98
Tirol;2024-07-16;119.51
Tirol;2024-07-17;119.3
Tirol;2024-07-18;118.18
Tirol;2024-07-19;116.31
Tirol;2024-07-20;113.86
Tirol;2024-07-21;111.2
Tirol;2024-07-22;108.54
Tirol;2024-07-23;106.16
Tirol;2024-07-24;104.09
Tirol;2024-07-25;102.36
Tirol;2024-07-26;100.91
Tirol;2024-07-27;99.74
Tirol;2024-07-28;98.67
Tirol;2024-07-29;97.78
Tirol;2024-07-30;96.96
Tirol;2024-07-31;96.33
Tirol;2024-08-01;95.82
Tirol;2024-08-02;95.42
Tirol;2024-08-03;95.11
Tirol;2024-08-04;94.87
Tirol;2024-08-05;94.65
Tirol;2024-08-06;94.56
Tirol;2024-08-07;94.51
Tirol;2024-08-08;94.48
Tirol;2024-08-09;94.6
Tirol;2024-08-10;94.83
Tirol;2024-08-11;95.35
Tirol;2024-08-12;96.13
Tirol;2024-08-13;97.36
Tirol;2024-08-14;98.84
Tirol;2024-08-15;100.6
Tirol;2024-08-16;102.53
Tirol;2024-08-17;104.64
Tirol;2024-08-18;106.79
Tirol;2024-08-19;109.04
Tirol;2024-08-20;111.41
Tirol;2024-08-21;113.91
Tirol;2024-08-22;116.67
Tirol;2024-08-23;119.51
Tirol;2024-08-24;122.44
Tirol;2024-08-25;125.29
Tirol;2024-08-26;127.96
Tirol;2024-08-27;130.36
Tirol;2024-08-28;132.45
Tirol;2024-08-29;134.13
Tirol;2024-08-30;135.52
Tirol;2024-08-31;136.81
Tirol;2024-09-01;138.13
Tirol;2024-09-02;139.59
Tirol;2024-09-03;141.38
Tirol;2024-09-04;143.47
Tirol;2024-09-05;145.95
Tirol;2024-09-06;148.9
Tirol;2024-09-07;152.53
Tirol;2024-09-08;157.0
Tirol;2024-09-09;162.64
Tirol;2024-09-10;169.7
Tirol;2024-09-11;178.05
Tirol;2024-09-12;187.48
Tirol;2024-09-13;197.84
Tirol;2024-09-14;208.68
Tirol;2024-09-15;219.86
Tirol;2024-09-16;231.16
Tirol;2024-09-17;242.23
Tirol;2024-09-18;252.76
Tirol;2024-09-19;262.45
Tirol;2024-09-20;271.31
Tirol;2024-09-21;279.37
Tirol;2024-09-22;286.67
Tirol;2024-09-23;293.16
Tirol;2024-09-24;298.61
Tirol;2024-09-25;302.76
Tirol;2024-09-26;305.43
Tirol;2024-09-27;306.88
Tirol;2024-09-28;307.4
Tirol;2024-09-29;307.66
Tirol;2024-09-30;307.9
Tirol;2024-10-01;308.46
Tirol;2024-10-02;309.3
Tirol;2024-10-03;310.38
Tirol;2024-10-04;311.39
Tirol;2024-10-05;312.05
Tirol;2024-10-06;312.23
Tirol;2024-10-07;311.48
Tirol;2024-10-08;309.61
Tirol;2024-10-09;306.37
Tirol;2024-10-10;301.81
Tirol;2024-10-11;296.11
Tirol;2024-10-12;289.54
Tirol;2024-10-13;282.37
Tirol;2024-10-14;274.66
Tirol;2024-10-15;266.51
Tirol;2024-10-16;258.01
Tirol;2024-10-17;248.99
Tirol;2024-10-18;239.63
Tirol;2024-10-19;229.98
Tirol;2024-10-20;220.13
Tirol;2024-10-21;210.23
Tirol;2024-10-22;200.35
Tirol;2024-10-23;190.51
Tirol;2024-10-24;180.84
Tirol;2024-10-25;171.34
Tirol;2024-10-26;162.18
Tirol;2024-10-27;153.41
Tirol;2024-10-28;145.17
Tirol;2024-10-29;137.68
Tirol;2024-10-30;130.79
Tirol;2024-10-31;124.44
Tirol;2024-11-01;118.55
Tirol;2024-11-02;113.03
Tirol;2024-11-03;107.93
Tirol;2024-11-04;103.28
Tirol;2024-11-05;99.12
Tirol;2024-11-06;95.42
Tirol;2024-11-07;92.21
Tirol;2024-11-08;89.35
Tirol;2024-11-09;86.89
Tirol;2024-11-10;84.75
Tirol;2024-11-11;83.02
Tirol;2024-11-12;81.73
Tirol;2024-11-13;80.89
Tirol;2024-11-14;80.52
Tirol;2024-11-15;80.52
Tirol;2024-11-16;80.77
Tirol;2024-11-17;81.2
Tirol;2024-11-18;81.63
Tirol;2024-11-19;82.11
Tirol;2024-11-20;82.64
Tirol;2024-11-21;83.2
Tirol;2024-11-22;83.81
Tirol;2024-11-23;84.45
Tirol;2024-11-24;85.18
Tirol;2024-11-25;85.92
Tirol;2024-11-26;86.82
Tirol;2024-11-27;87.77
Tirol;2024-11-28;88.8
Tirol;2024-11-29;89.83
Tirol;2024-11-30;90.91
Tirol;2024-12-01;91.83
Tirol;2024-12-02;92.66
Tirol;2024-12-03;93.35
Tirol;2024-12-04;93.73
Tirol;2024-12-05;93.92
Tirol;2024-12-06;93.86
Tirol;2024-12-07;93.62
Tirol;2024-12-08;93.39
Tirol;2024-12-09;93.12
Tirol;2024-12-10;92.96
Tirol;2024-12-11;92.85
Tirol;2024-12-12;92.82
Tirol;2024-12-13;92.74
Tirol;2024-12-14;92.61
Tirol;2024-12-15;92.49
Tirol;2024-12-16;92.37
Tirol;2024-12-17;92.16
Tirol;2024-12-18;92.05
Tirol;2024-12-19;91.92
Tirol;2024-12-20;91.91
Tirol;2024-12-21;91.9
Tirol;2024-12-22;91.85
Tirol;2024-12-23;91.71
Tirol;2024-12-24;91.49
Tirol;2024-12-25;91.12
Tirol;2024-12-26;90.56
Tirol;2024-12-27;89.89
Tirol;2024-12-28;89.02
Tirol;2024-12-29;87.92
Tirol;2024-12-30;86.51
Tirol;2024-12-31;84.71
Tirol;2025-01-01;82.68
Tirol;2025-01-02;80.49
Tirol;2025-01-03;78.16
Tirol;2025-01-04;75.84
Tirol;2025-01-05;73.43
Tirol;2025-01-06;71.03
Tirol;2025-01-07;68.65
Tirol;2025-01-08;66.28
Tirol;2025-01-09;63.97
Tirol;2025-01-10;61.7
Tirol;2025-01-11;59.56
Tirol;2025-01-12;57.49
Tirol;2025-01-13;55.63
Tirol;2025-01-14;53.95
Tirol;2025-01-15;52.52
Tirol;2025-01-16;51.35
Tirol;2025-01-17;50.37
Tirol;2025-01-18;49.57
Tirol;2025-01-19;48.96
Tirol;2025-01-20;48.41
Tirol;2025-01-21;48.12
Tirol;2025-01-22;48.0
Tirol;2025-01-23;48.0
Tirol;2025-01-24;48.24
Tirol;2025-01-25;48.6
Tirol;2025-01-26;49.04
Tirol;2025-01-27;49.61
Tirol;2025-01-28;50.14
Tirol;2025-01-29;50.61
Tirol;2025-01-30;50.82
Tirol;2025-01-31;50.82
Tirol;2025-02-01;50.62
Tirol;2025-02-02;50.21
Tirol;2025-02-03;49.71
Tirol;2025-02-04;49.03
Tirol;2025-02-05;48.21
Tirol;2025-02-06;47.2
Tirol;2025-02-07;46.03
Tirol;2025-02-08;44.81
Tirol;2025-02-09;43.54
Tirol;2025-02-10;42.41
Tirol;2025-02-11;41.43
Tirol;2025-02-12;40.64
Tirol;2025-02-13;40.13
Tirol;2025-02-14;39.73
Tirol;2025-02-15;39.52
Tirol;2025-02-16;39.41
Tirol;2025-02-17;39.27
Tirol;2025-02-18;39.02
Tirol;2025-02-19;38.46
Tirol;2025-02-20;37.48
Tirol;2025-02-21;35.96
Tirol;2025-02-22;34.21
Tirol;2025-02-23;32.3
Tirol;2025-02-24;30.33
Tirol;2025-02-25;28.48
Tirol;2025-02-26;26.75
Tirol;2025-02-27;25.17
Tirol;2025-02-28;23.66
Tirol;2025-03-01;22.33
Tirol;2025-03-02;21.05
Tirol;2025-03-03;19.82
Tirol;2025-03-04;18.68
Tirol;2025-03-05;17.62
Tirol;2025-03-06;16.63
Tirol;2025-03-07;15.71
Tirol;2025-03-08;14.79
Tirol;2025-03-09;13.96
Tirol;2025-03-10;13.19
Tirol;2025-03-11;12.53
Tirol;2025-03-12;11.95
Tirol;2025-03-13;11.44
Tirol;2025-03-14;10.97
Tirol;2025-03-15;10.52
Tirol;2025-03-16;10.09
Tirol;2025-03-17;9.67
Tirol;2025-03-18;9.26
Tirol;2025-03-19;8.89
Tirol;2025-03-20;8.51
Tirol;2025-03-21;8.17
Tirol;2025-03-22;7.86
Tirol;2025-03-23;7.63
Tirol;2025-03-24;7.48
Tirol;2025-03-25;7.38
Tirol;2025-03-26;7.44
Tirol;2025-03-27;7.58
Tirol;2025-03-28;7.79
Tirol;2025-03-29;8.1
Tirol;2025-03-30;8.48
Tirol;2025-03-31;8.85
Tirol;2025-04-01;9.25
Tirol;2025-04-02;9.68
Tirol;2025-04-03;10.08
Tirol;2025-04-04;10.53
Tirol;2025-04-05;10.93
Tirol;2025-04-06;11.37
Tirol;2025-04-07;11.79
Tirol;2025-04-08;12.24
Tirol;2025-04-09;12.67
Tirol;2025-04-10;13.15
Tirol;2025-04-11;13.58
Tirol;2025-04-12;14.03
Tirol;2025-04-13;14.43
Tirol;2025-04-14;14.8
Tirol;2025-04-15;15.12
Tirol;2025-04-16;15.32
Tirol;2025-04-17;15.44
Tirol;2025-04-18;15.45
Tirol;2025-04-19;15.36
Tirol;2025-04-20;15.24
Tirol;2025-04-21;15.11
Tirol;2025-04-22;14.94
Tirol;2025-04-23;14.77
Tirol;2025-04-24;14.65
Tirol;2025-04-25;14.54
Tirol;2025-04-26;14.47
Tirol;2025-04-27;14.49
Tirol;2025-04-28;14.56
Tirol;2025-04-29;14.67
Tirol;2025-04-30;14.83
Tirol;2025-05-01;15.14
Tirol;2025-05-02;15.55
Tirol;2025-05-03;16.08
Tirol;2025-05-04;16.73
Tirol;2025-05-05;17.43
Tirol;2025-05-06;18.32
Tirol;2025-05-07;19.24
Tirol;2025-05-08;20.22
Tirol;2025-05-09;21.28
Tirol;2025-05-10;22.41
Tirol;2025-05-11;23.67
Tirol;2025-05-12;24.94
Tirol;2025-05-13;26.41
Tirol;2025-05-14;27.89
Tirol;2025-05-15;29.42
Tirol;2025-05-16;30.91
Tirol;2025-05-17;32.35
Tirol;2025-05-18;33.72
Tirol;2025-05-19;34.96
Tirol;2025-05-20;36.08
Tirol;2025-05-21;36.96
Tirol;2025-05-22;37.67
Tirol;2025-05-23;38.21
Tirol;2025-05-24;38.57
Tirol;2025-05-25;38.93
Tirol;2025-05-26;39.22
Tirol;2025-05-27;39.51
Tirol;2025-05-28;39.89
Tirol;2025-05-29;40.24
Tirol;2025-05-30;40.65
Tirol;2025-05-31;41.06
Tirol;2025-06-01;41.54
Tirol;2025-06-02;42.12
Tirol;2025-06-03;42.81
Tirol;2025-06-04;43.56
Tirol;2025-06-05;44.43
Tirol;2025-06-06;45.25
Tirol;2025-06-07;46.04
Tirol;2025-06-08;46.62
Tirol;2025-06-09;47.02
Tirol;2025-06-10;47.16
Tirol;2025-06-11;47.07
Tirol;2025-06-12;46.85
Tirol;2025-06-13;46.56
Tirol;2025-06-14;46.22
Tirol;2025-06-15;45.92
Tirol;2025-06-16;47.61
Salzburg;2022-09-01;82.54
Salzburg;2022-09-02;82.4
Salzburg;2022-09-03;82.52
Salzburg;2022-09-04;82.94
Salzburg;2022-09-05;83.59
Salzburg;2022-09-06;84.66
Salzburg;2022-09-07;86.05
Salzburg;2022-09-08;87.88
Salzburg;2022-09-09;90.15
Salzburg;2022-09-10;92.91
Salzburg;2022-09-11;96.37
Salzburg;2022-09-12;100.56
Salzburg;2022-09-13;105.54
Salzburg;2022-09-14;111.35
Salzburg;2022-09-15;117.83
Salzburg;2022-09-16;124.98
Salzburg;2022-09-17;132.77
Salzburg;2022-09-18;141.22
Salzburg;2022-09-19;150.37
Salzburg;2022-09-20;160.2
Salzburg;2022-09-21;170.56
Salzburg;2022-09-22;181.34
Salzburg;2022-09-23;192.29
Salzburg;2022-09-24;203.15
Salzburg;2022-09-25;213.82
Salzburg;2022-09-26;224.02
Salzburg;2022-09-27;233.62
Salzburg;2022-09-28;242.66
Salzburg;2022-09-29;251.09
Salzburg;2022-09-30;258.66
Salzburg;2022-10-01;265.24
Salzburg;2022-10-02;270.57
Salzburg;2022-10-03;274.45
Salzburg;2022-10-04;276.73
Salzburg;2022-10-05;277.46
Salzburg;2022-10-06;276.62
Salzburg;2022-10-07;274.29
Salzburg;2022-10-08;270.31
Salzburg;2022-10-09;264.35
Salzburg;2022-10-10;256.42
Salzburg;2022-10-11;246.85
Salzburg;2022-10-12;235.91
Salzburg;2022-10-13;224.26
Salzburg;2022-10-14;212.29
Salzburg;2022-10-15;200.33
Salzburg;2022-10-16;188.63
Salzburg;2022-10-17;177.67
Salzburg;2022-10-18;167.55
Salzburg;2022-10-19;158.37
Salzburg;2022-10-20;149.99
Salzburg;2022-10-21;142.34
Salzburg;2022-10-22;135.3
Salzburg;2022-10-23;128.72
Salzburg;2022-10-24;122.62
Salzburg;2022-10-25;116.97
Salzburg;2022-10-26;111.57
Salzburg;2022-10-27;106.61
Salzburg;2022-10-28;102.06
Salzburg;2022-10-29;97.88
Salzburg;2022-10-30;94.38
Salzburg;2022-10-31;91.59
Salzburg;2022-11-01;89.34
Salzburg;2022-11-02;87.73
Salzburg;2022-11-03;86.58
Salzburg;2022-11-04;85.67
Salzburg;2022-11-05;85.1
Salzburg;2022-11-06;84.6
Salzburg;2022-11-07;84.34
Salzburg;2022-11-08;84.16
Salzburg;2022-11-09;83.98
Salzburg;2022-11-10;83.85
Salzburg;2022-11-11;83.7
Salzburg;2022-11-12;83.48
Salzburg;2022-11-13;83.26
Salzburg;2022-11-14;82.96
Salzburg;2022-11-15;82.82
Salzburg;2022-11-16;82.86
Salzburg;2022-11-17;83.08
Salzburg;2022-11-18;83.62
Salzburg;2022-11-19;84.28
Salzburg;2022-11-20;85.12
Salzburg;2022-11-21;86.18
Salzburg;2022-11-22;87.44
Salzburg;2022-11-23;88.93
Salzburg;2022-11-24;90.64
Salzburg;2022-11-25;92.4
Salzburg;2022-11-26;94.31
Salzburg;2022-11-27;96.1
Salzburg;2022-11-28;97.86
Salzburg;2022-11-29;99.67
Salzburg;2022-11-30;101.44
Salzburg;2022-12-01;103.23
Salzburg;2022-12-02;105.01
Salzburg;2022-12-03;106.95
Salzburg;2022-12-04;108.99
Salzburg;2022-12-05;109.97
Salzburg;2022-12-06;112.27
Salzburg;2022-12-07;114.83
Salzburg;2022-12-08;117.75
Salzburg;2022-12-09;120.77
Salzburg;2022-12-10;123.77
Salzburg;2022-12-11;126.52
Salzburg;2022-12-12;128.94
Salzburg;2022-12-13;131.23
Salzburg;2022-12-14;133.34
Salzburg;2022-12-15;135.44
Salzburg;2022-12-16;137.52
Salzburg;2022-12-17;139.41
Salzburg;2022-12-18;141.24
Salzburg;2022-12-19;142.76
Salzburg;2022-12-20;143.92
Salzburg;2022-12-21;144.77
Salzburg;2022-12-22;145.29
Salzburg;2022-12-23;145.51
Salzburg;2022-12-24;145.44
Salzburg;2022-12-25;145.12
Salzburg;2022-12-26;144.55
Salzburg;2022-12-27;143.76
Salzburg;2022-12-28;142.58
Salzburg;2022-12-29;141.06
Salzburg;2022-12-30;139.25
Salzburg;2022-12-31;137.21
Salzburg;2023-01-01;135.05
Salzburg;2023-01-02;132.97
Salzburg;2023-01-03;131.19
Salzburg;2023-01-04;129.89
Salzburg;2023-01-05;129.23
Salzburg;2023-01-06;128.81
Salzburg;2023-01-07;128.53
Salzburg;2023-01-08;128.07
Salzburg;2023-01-09;127.44
Salzburg;2023-01-10;126.43
Salzburg;2023-01-11;125.26
Salzburg;2023-01-12;123.83
Salzburg;2023-01-13;122.46
Salzburg;2023-01-14;121.33
Salzburg;2023-01-15;120.49
Salzburg;2023-01-16;120.22
Salzburg;2023-01-17;120.68
Salzburg;2023-01-18;121.89
Salzburg;2023-01-19;123.92
Salzburg;2023-01-20;126.65
Salzburg;2023-01-21;130.01
Salzburg;2023-01-22;134.1
Salzburg;2023-01-23;138.91
Salzburg;2023-01-24;144.58
Salzburg;2023-01-25;150.97
Salzburg;2023-01-26;157.92
Salzburg;2023-01-27;165.43
Salzburg;2023-01-28;173.31
Salzburg;2023-01-29;181.54
Salzburg;2023-01-30;190.23
Salzburg;2023-01-31;199.41
Salzburg;2023-02-01;209.16
Salzburg;2023-02-02;219.31
Salzburg;2023-02-03;229.38
Salzburg;2023-02-04;239.15
Salzburg;2023-02-05;248.07
Salzburg;2023-02-06;255.93
Salzburg;2023-02-07;262.65
Salzburg;2023-02-08;268.15
Salzburg;2023-02-09;272.68
Salzburg;2023-02-10;276.36
Salzburg;2023-02-11;279.31
Salzburg;2023-02-12;281.61
Salzburg;2023-02-13;283.25
Salzburg;2023-02-14;284.45
Salzburg;2023-02-15;285.32
Salzburg;2023-02-16;285.92
Salzburg;2023-02-17;286.34
Salzburg;2023-02-18;286.5
Salzburg;2023-02-19;286.54
Salzburg;2023-02-20;286.53
Salzburg;2023-02-21;286.52
Salzburg;2023-02-22;286.64
Salzburg;2023-02-23;286.75
Salzburg;2023-02-24;286.76
Salzburg;2023-02-25;286.36
Salzburg;2023-02-26;285.32
Salzburg;2023-02-27;283.5
Salzburg;2023-02-28;280.76
Salzburg;2023-03-01;277.11
Salzburg;2023-03-02;272.53
Salzburg;2023-03-03;266.95
Salzburg;2023-03-04;260.16
Salzburg;2023-03-05;252.06
Salzburg;2023-03-06;242.73
Salzburg;2023-03-07;232.44
Salzburg;2023-03-08;221.86
Salzburg;2023-03-09;211.22
Salzburg;2023-03-10;200.85
Salzburg;2023-03-11;190.92
Salzburg;2023-03-12;181.62
Salzburg;2023-03-13;173.22
Salzburg;2023-03-14;165.95
Salzburg;2023-03-15;159.89
Salzburg;2023-03-16;154.74
Salzburg;2023-03-17;150.27
Salzburg;2023-03-18;146.08
Salzburg;2023-03-19;141.86
Salzburg;2023-03-20;137.47
Salzburg;2023-03-21;132.93
Salzburg;2023-03-22;128.32
Salzburg;2023-03-23;123.62
Salzburg;2023-03-24;118.98
Salzburg;2023-03-25;114.43
Salzburg;2023-03-26;109.86
Salzburg;2023-03-27;105.53
Salzburg;2023-03-28;101.39
Salzburg;2023-03-29;97.55
Salzburg;2023-03-30;94.07
Salzburg;2023-03-31;90.78
Salzburg;2023-04-01;87.7
Salzburg;2023-04-02;84.87
Salzburg;2023-04-03;82.14
Salzburg;2023-04-04;79.84
Salzburg;2023-04-05;77.9
Salzburg;2023-04-06;76.31
Salzburg;2023-04-07;75.01
Salzburg;2023-04-08;73.79
Salzburg;2023-04-09;72.68
Salzburg;2023-04-10;71.52
Salzburg;2023-04-11;70.48
Salzburg;2023-04-12;69.43
Salzburg;2023-04-13;68.51
Salzburg;2023-04-14;67.66
Salzburg;2023-04-15;66.78
Salzburg;2023-04-16;65.85
Salzburg;2023-04-17;65.0
Salzburg;2023-04-18;64.28
Salzburg;2023-04-19;63.74
Salzburg;2023-04-20;63.31
Salzburg;2023-04-21;63.04
Salzburg;2023-04-22;62.7
Salzburg;2023-04-23;62.17
Salzburg;2023-04-24;61.36
Salzburg;2023-04-25;60.43
Salzburg;2023-04-26;59.46
Salzburg;2023-04-27;58.45
Salzburg;2023-04-28;57.54
Salzburg;2023-04-29;56.58
Salzburg;2023-04-30;55.64
Salzburg;2023-05-01;54.56
Salzburg;2023-05-02;53.44
Salzburg;2023-05-03;52.19
Salzburg;2023-05-04;50.86
Salzburg;2023-05-05;49.39
Salzburg;2023-05-06;47.75
Salzburg;2023-05-07;46.01
Salzburg;2023-05-08;44.18
Salzburg;2023-05-09;42.22
Salzburg;2023-05-10;40.32
Salzburg;2023-05-11;38.41
Salzburg;2023-05-12;36.58
Salzburg;2023-05-13;34.91
Salzburg;2023-05-14;33.28
Salzburg;2023-05-15;31.76
Salzburg;2023-05-16;30.42
Salzburg;2023-05-17;29.29
Salzburg;2023-05-18;28.28
Salzburg;2023-05-19;27.37
Salzburg;2023-05-20;26.49
Salzburg;2023-05-21;25.64
Salzburg;2023-05-22;24.72
Salzburg;2023-05-23;23.91
Salzburg;2023-05-24;23.17
Salzburg;2023-05-25;22.53
Salzburg;2023-05-26;21.89
Salzburg;2023-05-27;21.43
Salzburg;2023-05-28;20.95
Salzburg;2023-05-29;20.57
Salzburg;2023-05-30;20.19
Salzburg;2023-05-31;19.87
Salzburg;2023-06-01;19.63
Salzburg;2023-06-02;19.29
Salzburg;2023-06-03;19.06
Salzburg;2023-06-04;18.73
Salzburg;2023-06-05;18.5
Salzburg;2023-06-06;18.2
Salzburg;2023-06-07;17.95
Salzburg;2023-06-08;17.68
Salzburg;2023-06-09;17.55
Salzburg;2023-06-10;17.36
Salzburg;2023-06-11;17.25
Salzburg;2023-06-12;17.19
Salzburg;2023-06-13;17.16
Salzburg;2023-06-14;17.15
Salzburg;2023-06-15;17.15
Salzburg;2023-06-16;17.06
Salzburg;2023-06-17;17.05
Salzburg;2023-06-18;16.9
Salzburg;2023-06-19;16.8
Salzburg;2023-06-20;16.57
Salzburg;2023-06-21;16.36
Salzburg;2023-06-22;16.16
Salzburg;2023-06-23;15.91
Salzburg;2023-06-24;15.74
Salzburg;2023-06-25;15.57
Salzburg;2023-06-26;15.48
Salzburg;2023-06-27;15.56
Salzburg;2023-06-28;15.63
Salzburg;2023-06-29;15.86
Salzburg;2023-06-30;16.16
Salzburg;2023-07-01;16.47
Salzburg;2023-07-02;16.91
Salzburg;2023-07-03;17.34
Salzburg;2023-07-04;17.85
Salzburg;2023-07-05;18.43
Salzburg;2023-07-06;18.92
Salzburg;2023-07-07;19.5
Salzburg;2023-07-08;20.01
Salzburg;2023-07-09;20.5
Salzburg;2023-07-10;20.93
Salzburg;2023-07-11;21.27
Salzburg;2023-07-12;21.54
Salzburg;2023-07-13;21.72
Salzburg;2023-07-14;21.84
Salzburg;2023-07-15;21.98
Salzburg;2023-07-16;22.04
Salzburg;2023-07-17;22.2
Salzburg;2023-07-18;22.32
Salzburg;2023-07-19;22.6
Salzburg;2023-07-20;22.91
Salzburg;2023-07-21;23.25
Salzburg;2023-07-22;23.58
Salzburg;2023-07-23;23.93
Salzburg;2023-07-24;24.21
Salzburg;2023-07-25;24.57
Salzburg;2023-07-26;25.04
Salzburg;2023-07-27;25.6
Salzburg;2023-07-28;26.18
Salzburg;2023-07-29;26.86
Salzburg;2023-07-30;27.54
Salzburg;2023-07-31;28.24
Salzburg;2023-08-01;29.03
Salzburg;2023-08-02;30.0
Salzburg;2023-08-03;30.98
Salzburg;2023-08-04;32.12
Salzburg;2023-08-05;33.41
Salzburg;2023-08-06;34.79
Salzburg;2023-08-07;36.28
Salzburg;2023-08-08;37.94
Salzburg;2023-08-09;39.54
Salzburg;2023-08-10;41.18
Salzburg;2023-08-11;42.85
Salzburg;2023-08-12;44.3
Salzburg;2023-08-13;45.69
Salzburg;2023-08-14;46.86
Salzburg;2023-08-15;47.87
Salzburg;2023-08-16;48.66
Salzburg;2023-08-17;49.34
Salzburg;2023-08-18;49.85
Salzburg;2023-08-19;50.23
Salzburg;2023-08-20;50.5
Salzburg;2023-08-21;50.72
Salzburg;2023-08-22;50.72
Salzburg;2023-08-23;50.76
Salzburg;2023-08-24;50.81
Salzburg;2023-08-25;50.91
Salzburg;2023-08-26;51.25
Salzburg;2023-08-27;51.71
Salzburg;2023-08-28;52.59
Salzburg;2023-08-29;53.67
Salzburg;2023-08-30;55.11
Salzburg;2023-08-31;56.76
Salzburg;2023-09-01;58.54
Salzburg;2023-09-02;60.36
Salzburg;2023-09-03;62.18
Salzburg;2023-09-04;64.05
Salzburg;2023-09-05;65.99
Salzburg;2023-09-06;68.18
Salzburg;2023-09-07;70.65
Salzburg;2023-09-08;73.29
Salzburg;2023-09-09;76.19
Salzburg;2023-09-10;79.23
Salzburg;2023-09-11;82.4
Salzburg;2023-09-12;85.78
Salzburg;2023-09-13;89.38
Salzburg;2023-09-14;93.05
Salzburg;2023-09-15;96.81
Salzburg;2023-09-16;100.85
Salzburg;2023-09-17;105.11
Salzburg;2023-09-18;109.63
Salzburg;2023-09-19;114.43
Salzburg;2023-09-20;119.42
Salzburg;2023-09-21;124.55
Salzburg;2023-09-22;129.63
Salzburg;2023-09-23;134.62
Salzburg;2023-09-24;139.31
Salzburg;2023-09-25;143.72
Salzburg;2023-09-26;147.72
Salzburg;2023-09-27;151.28
Salzburg;2023-09-28;154.49
Salzburg;2023-09-29;157.34
Salzburg;2023-09-30;159.68
Salzburg;2023-10-01;161.62
Salzburg;2023-10-02;163.1
Salzburg;2023-10-03;164.09
Salzburg;2023-10-04;164.76
Salzburg;2023-10-05;165.16
Salzburg;2023-10-06;165.4
Salzburg;2023-10-07;165.52
Salzburg;2023-10-08;165.43
Salzburg;2023-10-09;165.0
Salzburg;2023-10-10;164.21
Salzburg;2023-10-11;163.01
Salzburg;2023-10-12;161.47
Salzburg;2023-10-13;159.75
Salzburg;2023-10-14;158.17
Salzburg;2023-10-15;156.96
Salzburg;2023-10-16;156.26
Salzburg;2023-10-17;156.34
Salzburg;2023-10-18;157.02
Salzburg;2023-10-19;158.21
Salzburg;2023-10-20;159.92
Salzburg;2023-10-21;161.95
Salzburg;2023-10-22;164.36
Salzburg;2023-10-23;166.82
Salzburg;2023-10-24;169.35
Salzburg;2023-10-25;171.64
Salzburg;2023-10-26;173.83
Salzburg;2023-10-27;175.77
Salzburg;2023-10-28;177.79
Salzburg;2023-10-29;179.77
Salzburg;2023-10-30;181.86
Salzburg;2023-10-31;184.02
Salzburg;2023-11-01;186.33
Salzburg;2023-11-02;188.88
Salzburg;2023-11-03;191.77
Salzburg;2023-11-04;195.18
Salzburg;2023-11-05;199.45
Salzburg;2023-11-06;204.75
Salzburg;2023-11-07;211.45
Salzburg;2023-11-08;219.39
Salzburg;2023-11-09;228.31
Salzburg;2023-11-10;237.83
Salzburg;2023-11-11;247.35
Salzburg;2023-11-12;256.52
Salzburg;2023-11-13;265.22
Salzburg;2023-11-14;273.57
Salzburg;2023-11-15;281.92
Salzburg;2023-11-16;290.51
Salzburg;2023-11-17;299.45
Salzburg;2023-11-18;308.81
Salzburg;2023-11-19;318.67
Salzburg;2023-11-20;329.11
Salzburg;2023-11-21;340.17
Salzburg;2023-11-22;351.8
Salzburg;2023-11-23;363.81
Salzburg;2023-11-24;375.96
Salzburg;2023-11-25;388.19
Salzburg;2023-11-26;400.21
Salzburg;2023-11-27;411.94
Salzburg;2023-11-28;423.5
Salzburg;2023-11-29;434.89
Salzburg;2023-11-30;446.18
Salzburg;2023-12-01;457.11
Salzburg;2023-12-02;467.52
Salzburg;2023-12-03;477.12
Salzburg;2023-12-04;485.7
Salzburg;2023-12-05;493.19
Salzburg;2023-12-06;499.49
Salzburg;2023-12-07;504.28
Salzburg;2023-12-08;507.55
Salzburg;2023-12-09;508.65
Salzburg;2023-12-10;507.32
Salzburg;2023-12-11;503.4
Salzburg;2023-12-12;497.28
Salzburg;2023-12-13;489.49
Salzburg;2023-12-14;480.83
Salzburg;2023-12-15;471.43
Salzburg;2023-12-16;461.72
Salzburg;2023-12-17;451.7
Salzburg;2023-12-18;441.75
Salzburg;2023-12-19;432.08
Salzburg;2023-12-20;422.94
Salzburg;2023-12-21;414.21
Salzburg;2023-12-22;405.79
Salzburg;2023-12-23;397.54
Salzburg;2023-12-24;389.08
Salzburg;2023-12-25;380.32
Salzburg;2023-12-26;370.97
Salzburg;2023-12-27;360.9
Salzburg;2023-12-28;350.28
Salzburg;2023-12-29;339.18
Salzburg;2023-12-30;327.82
Salzburg;2023-12-31;316.34
Salzburg;2024-01-01;304.99
Salzburg;2024-01-02;293.69
Salzburg;2024-01-03;282.7
Salzburg;2024-01-04;271.79
Salzburg;2024-01-05;260.91
Salzburg;2024-01-06;249.9
Salzburg;2024-01-07;238.75
Salzburg;2024-01-08;227.47
Salzburg;2024-01-09;216.22
Salzburg;2024-01-10;205.19
Salzburg;2024-01-11;194.5
Salzburg;2024-01-12;183.95
Salzburg;2024-01-13;173.58
Salzburg;2024-01-14;163.23
Salzburg;2024-01-15;153.09
Salzburg;2024-01-16;143.05
Salzburg;2024-01-17;133.36
Salzburg;2024-01-18;124.07
Salzburg;2024-01-19;115.15
Salzburg;2024-01-20;106.79
Salzburg;2024-01-21;99.08
Salzburg;2024-01-22;92.1
Salzburg;2024-01-23;85.94
Salzburg;2024-01-24;80.45
Salzburg;2024-01-25;75.62
Salzburg;2024-01-26;71.21
Salzburg;2024-01-27;67.09
Salzburg;2024-01-28;63.18
Salzburg;2024-01-29;59.47
Salzburg;2024-01-30;55.97
Salzburg;2024-01-31;52.74
Salzburg;2024-02-01;49.76
Salzburg;2024-02-02;46.99
Salzburg;2024-02-03;44.46
Salzburg;2024-02-04;42.17
Salzburg;2024-02-05;40.12
Salzburg;2024-02-06;38.24
Salzburg;2024-02-07;36.69
Salzburg;2024-02-08;35.32
Salzburg;2024-02-09;34.12
Salzburg;2024-02-10;33.03
Salzburg;2024-02-11;32.06
Salzburg;2024-02-12;31.16
Salzburg;2024-02-13;30.42
Salzburg;2024-02-14;29.67
Salzburg;2024-02-15;29.12
Salzburg;2024-02-16;28.51
Salzburg;2024-02-17;27.94
Salzburg;2024-02-18;27.32
Salzburg;2024-02-19;26.66
Salzburg;2024-02-20;25.95
Salzburg;2024-02-21;25.19
Salzburg;2024-02-22;24.45
Salzburg;2024-02-23;23.61
Salzburg;2024-02-24;22.71
Salzburg;2024-02-25;21.66
Salzburg;2024-02-26;20.61
Salzburg;2024-02-27;19.45
Salzburg;2024-02-28;18.24
Salzburg;2024-02-29;17.06
Salzburg;2024-03-01;15.96
Salzburg;2024-03-02;14.93
Salzburg;2024-03-03;14.0
Salzburg;2024-03-04;13.19
Salzburg;2024-03-05;12.5
Salzburg;2024-03-06;11.94
Salzburg;2024-03-07;11.46
Salzburg;2024-03-08;11.01
Salzburg;2024-03-09;10.65
Salzburg;2024-03-10;10.31
Salzburg;2024-03-11;9.98
Salzburg;2024-03-12;9.64
Salzburg;2024-03-13;9.3
Salzburg;2024-03-14;9.02
Salzburg;2024-03-15;8.75
Salzburg;2024-03-16;8.57
Salzburg;2024-03-17;8.4
Salzburg;2024-03-18;8.27
Salzburg;2024-03-19;8.31
Salzburg;2024-03-20;8.39
Salzburg;2024-03-21;8.5
Salzburg;2024-03-22;8.68
Salzburg;2024-03-23;8.81
Salzburg;2024-03-24;8.93
Salzburg;2024-03-25;9.04
Salzburg;2024-03-26;8.98
Salzburg;2024-03-27;8.91
Salzburg;2024-03-28;8.84
Salzburg;2024-03-29;8.6
Salzburg;2024-03-30;8.44
Salzburg;2024-03-31;8.18
Salzburg;2024-04-01;8.0
Salzburg;2024-04-02;7.74
Salzburg;2024-04-03;7.4
Salzburg;2024-04-04;7.13
Salzburg;2024-04-05;6.87
Salzburg;2024-04-06;6.63
Salzburg;2024-04-07;6.38
Salzburg;2024-04-08;6.32
Salzburg;2024-04-09;6.27
Salzburg;2024-04-10;6.24
Salzburg;2024-04-11;6.29
Salzburg;2024-04-12;6.44
Salzburg;2024-04-13;6.59
Salzburg;2024-04-14;6.74
Salzburg;2024-04-15;6.9
Salzburg;2024-04-16;7.14
Salzburg;2024-04-17;7.45
Salzburg;2024-04-18;7.77
Salzburg;2024-04-19;8.17
Salzburg;2024-04-20;8.57
Salzburg;2024-04-21;9.05
Salzburg;2024-04-22;9.55
Salzburg;2024-04-23;10.13
Salzburg;2024-04-24;10.8
Salzburg;2024-04-25;11.49
Salzburg;2024-04-26;12.28
Salzburg;2024-04-27;12.99
Salzburg;2024-04-28;13.73
Salzburg;2024-04-29;14.32
Salzburg;2024-04-30;14.93
Salzburg;2024-05-01;15.57
Salzburg;2024-05-02;16.06
Salzburg;2024-05-03;16.56
Salzburg;2024-05-04;17.01
Salzburg;2024-05-05;17.48
Salzburg;2024-05-06;17.9
Salzburg;2024-05-07;18.35
Salzburg;2024-05-08;18.9
Salzburg;2024-05-09;19.55
Salzburg;2024-05-10;20.29
Salzburg;2024-05-11;21.11
Salzburg;2024-05-12;22.0
Salzburg;2024-05-13;22.88
Salzburg;2024-05-14;23.85
Salzburg;2024-05-15;24.96
Salzburg;2024-05-16;26.08
Salzburg;2024-05-17;27.29
Salzburg;2024-05-18;28.56
Salzburg;2024-05-19;29.85
Salzburg;2024-05-20;31.2
Salzburg;2024-05-21;32.57
Salzburg;2024-05-22;34.07
Salzburg;2024-05-23;35.5
Salzburg;2024-05-24;36.98
Salzburg;2024-05-25;38.34
Salzburg;2024-05-26;39.49
Salzburg;2024-05-27;40.5
Salzburg;2024-05-28;41.34
Salzburg;2024-05-29;42.04
Salzburg;2024-05-30;42.68
Salzburg;2024-05-31;43.18
Salzburg;2024-06-01;43.71
Salzburg;2024-06-02;44.13
Salzburg;2024-06-03;44.63
Salzburg;2024-06-04;45.29
Salzburg;2024-06-05;46.15
Salzburg;2024-06-06;47.19
Salzburg;2024-06-07;48.5
Salzburg;2024-06-08;49.98
Salzburg;2024-06-09;51.56
Salzburg;2024-06-10;53.35
Salzburg;2024-06-11;55.17
Salzburg;2024-06-12;57.11
Salzburg;2024-06-13;59.16
Salzburg;2024-06-14;61.14
Salzburg;2024-06-15;63.13
Salzburg;2024-06-16;64.99
Salzburg;2024-06-17;66.77
Salzburg;2024-06-18;68.39
Salzburg;2024-06-19;69.88
Salzburg;2024-06-20;71.23
Salzburg;2024-06-21;72.51
Salzburg;2024-06-22;73.77
Salzburg;2024-06-23;75.07
Salzburg;2024-06-24;76.44
Salzburg;2024-06-25;78.01
Salzburg;2024-06-26;79.64
Salzburg;2024-06-27;81.42
Salzburg;2024-06-28;83.15
Salzburg;2024-06-29;84.73
Salzburg;2024-06-30;86.17
Salzburg;2024-07-01;87.4
Salzburg;2024-07-02;88.61
Salzburg;2024-07-03;89.96
Salzburg;2024-07-04;91.64
Salzburg;2024-07-05;93.46
Salzburg;2024-07-06;95.36
Salzburg;2024-07-07;97.41
Salzburg;2024-07-08;99.36
Salzburg;2024-07-09;101.44
Salzburg;2024-07-10;103.47
Salzburg;2024-07-11;105.34
Salzburg;2024-07-12;106.96
Salzburg;2024-07-13;107.95
Salzburg;2024-07-14;108.19
Salzburg;2024-07-15;107.57
Salzburg;2024-07-16;106.41
Salzburg;2024-07-17;104.78
Salzburg;2024-07-18;103.07
Salzburg;2024-07-19;101.4
Salzburg;2024-07-20;99.76
Salzburg;2024-07-21;98.26
Salzburg;2024-07-22;97.0
Salzburg;2024-07-23;96.28
Salzburg;2024-07-24;96.02
Salzburg;2024-07-25;96.31
Salzburg;2024-07-26;96.97
Salzburg;2024-07-27;97.93
Salzburg;2024-07-28;99.02
Salzburg;2024-07-29;100.18
Salzburg;2024-07-30;101.19
Salzburg;2024-07-31;102.1
Salzburg;2024-08-01;102.74
Salzburg;2024-08-02;103.24
Salzburg;2024-08-03;103.49
Salzburg;2024-08-04;103.5
Salzburg;2024-08-05;103.21
Salzburg;2024-08-06;102.62
Salzburg;2024-08-07;101.88
Salzburg;2024-08-08;100.96
Salzburg;2024-08-09;99.97
Salzburg;2024-08-10;99.12
Salzburg;2024-08-11;98.61
Salzburg;2024-08-12;98.4
Salzburg;2024-08-13;98.64
Salzburg;2024-08-14;99.34
Salzburg;2024-08-15;100.37
Salzburg;2024-08-16;101.61
Salzburg;2024-08-17;103.12
Salzburg;2024-08-18;104.81
Salzburg;2024-08-19;106.48
Salzburg;2024-08-20;108.26
Salzburg;2024-08-21;110.08
Salzburg;2024-08-22;111.83
Salzburg;2024-08-23;113.57
Salzburg;2024-08-24;115.22
Salzburg;2024-08-25;116.87
Salzburg;2024-08-26;118.51
Salzburg;2024-08-27;120.04
Salzburg;2024-08-28;121.65
Salzburg;2024-08-29;123.26
Salzburg;2024-08-30;124.89
Salzburg;2024-08-31;126.45
Salzburg;2024-09-01;127.91
Salzburg;2024-09-02;129.42
Salzburg;2024-09-03;130.9
Salzburg;2024-09-04;132.51
Salzburg;2024-09-05;134.42
Salzburg;2024-09-06;136.6
Salzburg;2024-09-07;139.19
Salzburg;2024-09-08;142.45
Salzburg;2024-09-09;146.6
Salzburg;2024-09-10;151.9
Salzburg;2024-09-11;158.46
Salzburg;2024-09-12;166.14
Salzburg;2024-09-13;174.86
Salzburg;2024-09-14;184.42
Salzburg;2024-09-15;194.71
Salzburg;2024-09-16;205.77
Salzburg;2024-09-17;217.69
Salzburg;2024-09-18;230.44
Salzburg;2024-09-19;243.63
Salzburg;2024-09-20;256.86
Salzburg;2024-09-21;269.67
Salzburg;2024-09-22;281.51
Salzburg;2024-09-23;292.08
Salzburg;2024-09-24;301.17
Salzburg;2024-09-25;308.78
Salzburg;2024-09-26;314.91
Salzburg;2024-09-27;319.64
Salzburg;2024-09-28;322.76
Salzburg;2024-09-29;324.19
Salzburg;2024-09-30;324.05
Salzburg;2024-10-01;322.6
Salzburg;2024-10-02;320.41
Salzburg;2024-10-03;317.72
Salzburg;2024-10-04;314.62
Salzburg;2024-10-05;310.84
Salzburg;2024-10-06;306.43
Salzburg;2024-10-07;301.37
Salzburg;2024-10-08;295.86
Salzburg;2024-10-09;290.23
Salzburg;2024-10-10;284.73
Salzburg;2024-10-11;279.21
Salzburg;2024-10-12;273.56
Salzburg;2024-10-13;267.87
Salzburg;2024-10-14;262.25
Salzburg;2024-10-15;256.82
Salzburg;2024-10-16;251.85
Salzburg;2024-10-17;247.17
Salzburg;2024-10-18;242.63
Salzburg;2024-10-19;237.87
Salzburg;2024-10-20;232.66
Salzburg;2024-10-21;226.82
Salzburg;2024-10-22;220.43
Salzburg;2024-10-23;213.55
Salzburg;2024-10-24;206.4
Salzburg;2024-10-25;198.83
Salzburg;2024-10-26;190.79
Salzburg;2024-10-27;182.35
Salzburg;2024-10-28;173.45
Salzburg;2024-10-29;164.44
Salzburg;2024-10-30;155.72
Salzburg;2024-10-31;147.33
Salzburg;2024-11-01;139.55
Salzburg;2024-11-02;132.37
Salzburg;2024-11-03;125.97
Salzburg;2024-11-04;120.26
Salzburg;2024-11-05;115.35
Salzburg;2024-11-06;111.13
Salzburg;2024-11-07;107.42
Salzburg;2024-11-08;104.01
Salzburg;2024-11-09;100.9
Salzburg;2024-11-10;97.83
Salzburg;2024-11-11;94.91
Salzburg;2024-11-12;91.97
Salzburg;2024-11-13;89.22
Salzburg;2024-11-14;86.5
Salzburg;2024-11-15;83.89
Salzburg;2024-11-16;81.54
Salzburg;2024-11-17;79.4
Salzburg;2024-11-18;77.62
Salzburg;2024-11-19;76.04
Salzburg;2024-11-20;74.76
Salzburg;2024-11-21;73.62
Salzburg;2024-11-22;72.68
Salzburg;2024-11-23;71.8
Salzburg;2024-11-24;70.91
Salzburg;2024-11-25;70.18
Salzburg;2024-11-26;69.6
Salzburg;2024-11-27;69.31
Salzburg;2024-11-28;69.31
Salzburg;2024-11-29;69.65
Salzburg;2024-11-30;70.34
Salzburg;2024-12-01;71.36
Salzburg;2024-12-02;72.73
Salzburg;2024-12-03;74.55
Salzburg;2024-12-04;76.61
Salzburg;2024-12-05;78.81
Salzburg;2024-12-06;80.93
Salzburg;2024-12-07;82.64
Salzburg;2024-12-08;83.78
Salzburg;2024-12-09;84.17
Salzburg;2024-12-10;84.08
Salzburg;2024-12-11;83.66
Salzburg;2024-12-12;83.0
Salzburg;2024-12-13;82.29
Salzburg;2024-12-14;81.6
Salzburg;2024-12-15;80.92
Salzburg;2024-12-16;80.2
Salzburg;2024-12-17;79.48
Salzburg;2024-12-18;78.73
Salzburg;2024-12-19;77.92
Salzburg;2024-12-20;77.14
Salzburg;2024-12-21;76.54
Salzburg;2024-12-22;76.14
Salzburg;2024-12-23;75.98
Salzburg;2024-12-24;76.12
Salzburg;2024-12-25;76.31
Salzburg;2024-12-26;76.61
Salzburg;2024-12-27;76.8
Salzburg;2024-12-28;76.85
Salzburg;2024-12-29;76.59
Salzburg;2024-12-30;76.04
Salzburg;2024-12-31;75.12
Salzburg;2025-01-01;74.04
Salzburg;2025-01-02;72.72
Salzburg;2025-01-03;71.3
Salzburg;2025-01-04;69.79
Salzburg;2025-01-05;68.24
Salzburg;2025-01-06;66.56
Salzburg;2025-01-07;64.94
Salzburg;2025-01-08;63.27
Salzburg;2025-01-09;61.49
Salzburg;2025-01-10;59.77
Salzburg;2025-01-11;57.86
Salzburg;2025-01-12;55.85
Salzburg;2025-01-13;53.68
Salzburg;2025-01-14;51.28
Salzburg;2025-01-15;48.73
Salzburg;2025-01-16;46.13
Salzburg;2025-01-17;43.5
Salzburg;2025-01-18;40.9
Salzburg;2025-01-19;38.34
Salzburg;2025-01-20;35.98
Salzburg;2025-01-21;33.8
Salzburg;2025-01-22;31.75
Salzburg;2025-01-23;29.96
Salzburg;2025-01-24;28.34
Salzburg;2025-01-25;26.76
Salzburg;2025-01-26;25.35
Salzburg;2025-01-27;24.03
Salzburg;2025-01-28;22.9
Salzburg;2025-01-29;21.86
Salzburg;2025-01-30;20.91
Salzburg;2025-01-31;20.14
Salzburg;2025-02-01;19.47
Salzburg;2025-02-02;18.89
Salzburg;2025-02-03;18.51
Salzburg;2025-02-04;18.15
Salzburg;2025-02-05;17.95
Salzburg;2025-02-06;17.84
Salzburg;2025-02-07;17.81
Salzburg;2025-02-08;17.77
Salzburg;2025-02-09;17.85
Salzburg;2025-02-10;17.9
Salzburg;2025-02-11;17.98
Salzburg;2025-02-12;18.08
Salzburg;2025-02-13;18.15
Salzburg;2025-02-14;18.29
Salzburg;2025-02-15;18.34
Salzburg;2025-02-16;18.33
Salzburg;2025-02-17;18.32
Salzburg;2025-02-18;18.26
Salzburg;2025-02-19;18.15
Salzburg;2025-02-20;18.07
Salzburg;2025-02-21;17.87
Salzburg;2025-02-22;17.7
Salzburg;2025-02-23;17.31
Salzburg;2025-02-24;16.96
Salzburg;2025-02-25;16.47
Salzburg;2025-02-26;15.92
Salzburg;2025-02-27;15.33
Salzburg;2025-02-28;14.72
Salzburg;2025-03-01;14.21
Salzburg;2025-03-02;13.66
Salzburg;2025-03-03;13.25
Salzburg;2025-03-04;12.84
Salzburg;2025-03-05;12.46
Salzburg;2025-03-06;12.2
Salzburg;2025-03-07;11.92
Salzburg;2025-03-08;11.72
Salzburg;2025-03-09;11.48
Salzburg;2025-03-10;11.28
Salzburg;2025-03-11;11.13
Salzburg;2025-03-12;11.03
Salzburg;2025-03-13;10.82
Salzburg;2025-03-14;10.75
Salzburg;2025-03-15;10.6
Salzburg;2025-03-16;10.61
Salzburg;2025-03-17;10.53
Salzburg;2025-03-18;10.51
Salzburg;2025-03-19;10.51
Salzburg;2025-03-20;10.56
Salzburg;2025-03-21;10.52
Salzburg;2025-03-22;10.45
Salzburg;2025-03-23;10.35
Salzburg;2025-03-24;10.12
Salzburg;2025-03-25;9.86
Salzburg;2025-03-26;9.51
Salzburg;2025-03-27;9.22
Salzburg;2025-03-28;8.94
Salzburg;2025-03-29;8.7
Salzburg;2025-03-30;8.61
Salzburg;2025-03-31;8.64
Salzburg;2025-04-01;8.78
Salzburg;2025-04-02;9.04
Salzburg;2025-04-03;9.48
Salzburg;2025-04-04;9.94
Salzburg;2025-04-05;10.43
Salzburg;2025-04-06;11.01
Salzburg;2025-04-07;11.55
Salzburg;2025-04-08;12.26
Salzburg;2025-04-09;12.92
Salzburg;2025-04-10;13.61
Salzburg;2025-04-11;14.3
Salzburg;2025-04-12;14.85
Salzburg;2025-04-13;15.32
Salzburg;2025-04-14;15.56
Salzburg;2025-04-15;15.65
Salzburg;2025-04-16;15.57
Salzburg;2025-04-17;15.4
Salzburg;2025-04-18;15.12
Salzburg;2025-04-19;14.83
Salzburg;2025-04-20;14.43
Salzburg;2025-04-21;14.15
Salzburg;2025-04-22;13.84
Salzburg;2025-04-23;13.59
Salzburg;2025-04-24;13.42
Salzburg;2025-04-25;13.25
Salzburg;2025-04-26;13.09
Salzburg;2025-04-27;12.95
Salzburg;2025-04-28;12.77
Salzburg;2025-04-29;12.61
Salzburg;2025-04-30;12.5
Salzburg;2025-05-01;12.46
Salzburg;2025-05-02;12.47
Salzburg;2025-05-03;12.54
Salzburg;2025-05-04;12.71
Salzburg;2025-05-05;12.96
Salzburg;2025-05-06;13.36
Salzburg;2025-05-07;13.86
Salzburg;2025-05-08;14.35
Salzburg;2025-05-09;15.04
Salzburg;2025-05-10;15.66
Salzburg;2025-05-11;16.31
Salzburg;2025-05-12;17.0
Salzburg;2025-05-13;17.81
Salzburg;2025-05-14;18.59
Salzburg;2025-05-15;19.57
Salzburg;2025-05-16;20.58
Salzburg;2025-05-17;21.63
Salzburg;2025-05-18;22.8
Salzburg;2025-05-19;24.03
Salzburg;2025-05-20;25.4
Salzburg;2025-05-21;26.84
Salzburg;2025-05-22;28.38
Salzburg;2025-05-23;29.93
Salzburg;2025-05-24;31.43
Salzburg;2025-05-25;32.84
Salzburg;2025-05-26;34.29
Salzburg;2025-05-27;35.71
Salzburg;2025-05-28;37.18
Salzburg;2025-05-29;38.64
Salzburg;2025-05-30;40.19
Salzburg;2025-05-31;41.57
Salzburg;2025-06-01;42.9
Salzburg;2025-06-02;44.13
Salzburg;2025-06-03;45.37
Salzburg;2025-06-04;46.56
Salzburg;2025-06-05;47.84
Salzburg;2025-06-06;49.13
Salzburg;2025-06-07;50.32
Salzburg;2025-06-08;51.44
Salzburg;2025-06-09;52.44
Salzburg;2025-06-10;53.08
Salzburg;2025-06-11;53.46
Salzburg;2025-06-12;53.6
Salzburg;2025-06-13;53.6
Salzburg;2025-06-14;53.49
Salzburg;2025-06-15;53.4
Kärnten;2022-09-01;91.9
Kärnten;2022-09-02;92.65
Kärnten;2022-09-03;93.42
Kärnten;2022-09-04;94.31
Kärnten;2022-09-05;95.31
Kärnten;2022-09-06;96.53
Kärnten;2022-09-07;98.13
Kärnten;2022-09-08;100.17
Kärnten;2022-09-09;102.7
Kärnten;2022-09-10;105.84
Kärnten;2022-09-11;109.63
Kärnten;2022-09-12;114.2
Kärnten;2022-09-13;119.57
Kärnten;2022-09-14;125.68
Kärnten;2022-09-15;132.45
Kärnten;2022-09-16;139.87
Kärnten;2022-09-17;147.85
Kärnten;2022-09-18;156.39
Kärnten;2022-09-19;165.67
Kärnten;2022-09-20;175.56
Kärnten;2022-09-21;186.0
Kärnten;2022-09-22;196.91
Kärnten;2022-09-23;208.04
Kärnten;2022-09-24;219.28
Kärnten;2022-09-25;230.38
Kärnten;2022-09-26;241.02
Kärnten;2022-09-27;250.92
Kärnten;2022-09-28;259.78
Kärnten;2022-09-29;267.45
Kärnten;2022-09-30;274.0
Kärnten;2022-10-01;279.54
Kärnten;2022-10-02;283.9
Kärnten;2022-10-03;287.08
Kärnten;2022-10-04;289.24
Kärnten;2022-10-05;290.63
Kärnten;2022-10-06;291.26
Kärnten;2022-10-07;290.97
Kärnten;2022-10-08;289.53
Kärnten;2022-10-09;286.71
Kärnten;2022-10-10;282.18
Kärnten;2022-10-11;276.02
Kärnten;2022-10-12;268.33
Kärnten;2022-10-13;259.59
Kärnten;2022-10-14;249.99
Kärnten;2022-10-15;239.91
Kärnten;2022-10-16;229.65
Kärnten;2022-10-17;219.27
Kärnten;2022-10-18;209.1
Kärnten;2022-10-19;199.23
Kärnten;2022-10-20;189.81
Kärnten;2022-10-21;180.74
Kärnten;2022-10-22;172.16
Kärnten;2022-10-23;164.12
Kärnten;2022-10-24;156.56
Kärnten;2022-10-25;149.54
Kärnten;2022-10-26;142.92
Kärnten;2022-10-27;136.63
Kärnten;2022-10-28;130.64
Kärnten;2022-10-29;125.07
Kärnten;2022-10-30;119.81
Kärnten;2022-10-31;115.14
Kärnten;2022-11-01;110.9
Kärnten;2022-11-02;107.16
Kärnten;2022-11-03;103.93
Kärnten;2022-11-04;101.1
Kärnten;2022-11-05;98.73
Kärnten;2022-11-06;96.81
Kärnten;2022-11-07;95.47
Kärnten;2022-11-08;94.75
Kärnten;2022-11-09;94.64
Kärnten;2022-11-10;95.13
Kärnten;2022-11-11;95.96
Kärnten;2022-11-12;97.16
Kärnten;2022-11-13;98.37
Kärnten;2022-11-14;99.78
Kärnten;2022-11-15;101.33
Kärnten;2022-11-16;103.1
Kärnten;2022-11-17;105.01
Kärnten;2022-11-18;107.05
Kärnten;2022-11-19;109.11
Kärnten;2022-11-20;111.1
Kärnten;2022-11-21;113.19
Kärnten;2022-11-22;115.34
Kärnten;2022-11-23;117.58
Kärnten;2022-11-24;120.02
Kärnten;2022-11-25;122.47
Kärnten;2022-11-26;124.88
Kärnten;2022-11-27;127.06
Kärnten;2022-11-28;128.99
Kärnten;2022-11-29;130.54
Kärnten;2022-11-30;131.65
Kärnten;2022-12-01;132.5
Kärnten;2022-12-02;133.12
Kärnten;2022-12-03;133.66
Kärnten;2022-12-04;134.31
Kärnten;2022-12-05;135.11
Kärnten;2022-12-06;136.25
Kärnten;2022-12-07;137.72
Kärnten;2022-12-08;139.55
Kärnten;2022-12-09;141.62
Kärnten;2022-12-10;143.9
Kärnten;2022-12-11;146.35
Kärnten;2022-12-12;148.85
Kärnten;2022-12-13;151.62
Kärnten;2022-12-14;154.52
Kärnten;2022-12-15;157.5
Kärnten;2022-12-16;160.46
Kärnten;2022-12-17;163.16
Kärnten;2022-12-18;165.46
Kärnten;2022-12-19;167.1
Kärnten;2022-12-20;168.03
Kärnten;2022-12-21;168.34
Kärnten;2022-12-22;168.05
Kärnten;2022-12-23;167.31
Kärnten;2022-12-24;166.24
Kärnten;2022-12-25;164.94
Kärnten;2022-12-26;163.44
Kärnten;2022-12-27;161.69
Kärnten;2022-12-28;159.75
Kärnten;2022-12-29;157.56
Kärnten;2022-12-30;155.3
Kärnten;2022-12-31;152.86
Kärnten;2023-01-01;150.36
Kärnten;2023-01-02;147.7
Kärnten;2023-01-03;144.85
Kärnten;2023-01-04;141.88
Kärnten;2023-01-05;138.75
Kärnten;2023-01-06;135.58
Kärnten;2023-01-07;132.34
Kärnten;2023-01-08;129.2
Kärnten;2023-01-09;126.23
Kärnten;2023-01-10;123.45
Kärnten;2023-01-11;120.94
Kärnten;2023-01-12;118.64
Kärnten;2023-01-13;116.6
Kärnten;2023-01-14;114.65
Kärnten;2023-01-15;107.92
Kärnten;2023-01-16;106.33
Kärnten;2023-01-17;104.8
Kärnten;2023-01-18;103.48
Kärnten;2023-01-19;102.33
Kärnten;2023-01-20;101.5
Kärnten;2023-01-21;101.04
Kärnten;2023-01-22;101.09
Kärnten;2023-01-23;101.72
Kärnten;2023-01-24;103.05
Kärnten;2023-01-25;105.06
Kärnten;2023-01-26;107.61
Kärnten;2023-01-27;110.65
Kärnten;2023-01-28;114.05
Kärnten;2023-01-29;117.76
Kärnten;2023-01-30;121.78
Kärnten;2023-01-31;126.16
Kärnten;2023-02-01;130.9
Kärnten;2023-02-02;135.96
Kärnten;2023-02-03;141.09
Kärnten;2023-02-04;146.31
Kärnten;2023-02-05;151.49
Kärnten;2023-02-06;156.61
Kärnten;2023-02-07;161.73
Kärnten;2023-02-08;166.97
Kärnten;2023-02-09;172.35
Kärnten;2023-02-10;177.79
Kärnten;2023-02-11;183.23
Kärnten;2023-02-12;188.58
Kärnten;2023-02-13;193.93
Kärnten;2023-02-14;199.31
Kärnten;2023-02-15;204.77
Kärnten;2023-02-16;210.24
Kärnten;2023-02-17;215.5
Kärnten;2023-02-18;220.34
Kärnten;2023-02-19;224.45
Kärnten;2023-02-20;227.69
Kärnten;2023-02-21;230.2
Kärnten;2023-02-22;232.12
Kärnten;2023-02-23;233.55
Kärnten;2023-02-24;234.64
Kärnten;2023-02-25;235.39
Kärnten;2023-02-26;235.86
Kärnten;2023-02-27;235.86
Kärnten;2023-02-28;235.43
Kärnten;2023-03-01;234.39
Kärnten;2023-03-02;232.8
Kärnten;2023-03-03;230.74
Kärnten;2023-03-04;228.22
Kärnten;2023-03-05;225.21
Kärnten;2023-03-06;221.82
Kärnten;2023-03-07;218.11
Kärnten;2023-03-08;214.17
Kärnten;2023-03-09;210.02
Kärnten;2023-03-10;205.75
Kärnten;2023-03-11;201.28
Kärnten;2023-03-12;196.53
Kärnten;2023-03-13;191.64
Kärnten;2023-03-14;186.59
Kärnten;2023-03-15;181.42
Kärnten;2023-03-16;176.21
Kärnten;2023-03-17;170.9
Kärnten;2023-03-18;165.62
Kärnten;2023-03-19;160.26
Kärnten;2023-03-20;154.97
Kärnten;2023-03-21;149.69
Kärnten;2023-03-22;144.54
Kärnten;2023-03-23;139.47
Kärnten;2023-03-24;134.48
Kärnten;2023-03-25;129.44
Kärnten;2023-03-26;124.4
Kärnten;2023-03-27;119.4
Kärnten;2023-03-28;114.44
Kärnten;2023-03-29;109.67
Kärnten;2023-03-30;105.16
Kärnten;2023-03-31;100.87
Kärnten;2023-04-01;96.82
Kärnten;2023-04-02;93.09
Kärnten;2023-04-03;89.59
Kärnten;2023-04-04;86.49
Kärnten;2023-04-05;83.65
Kärnten;2023-04-06;81.08
Kärnten;2023-04-07;78.78
Kärnten;2023-04-08;76.61
Kärnten;2023-04-09;74.58
Kärnten;2023-04-10;72.73
Kärnten;2023-04-11;70.91
Kärnten;2023-04-12;69.23
Kärnten;2023-04-13;67.59
Kärnten;2023-04-14;65.97
Kärnten;2023-04-15;64.34
Kärnten;2023-04-16;62.69
Kärnten;2023-04-17;61.07
Kärnten;2023-04-18;59.5
Kärnten;2023-04-19;58.02
Kärnten;2023-04-20;56.65
Kärnten;2023-04-21;55.28
Kärnten;2023-04-22;54.04
Kärnten;2023-04-23;52.71
Kärnten;2023-04-24;51.4
Kärnten;2023-04-25;50.01
Kärnten;2023-04-26;48.52
Kärnten;2023-04-27;46.98
Kärnten;2023-04-28;45.43
Kärnten;2023-04-29;43.84
Kärnten;2023-04-30;42.25
Kärnten;2023-05-01;40.81
Kärnten;2023-05-02;39.42
Kärnten;2023-05-03;38.1
Kärnten;2023-05-04;36.88
Kärnten;2023-05-05;35.71
Kärnten;2023-05-06;34.57
Kärnten;2023-05-07;33.43
Kärnten;2023-05-08;32.23
Kärnten;2023-05-09;31.02
Kärnten;2023-05-10;29.83
Kärnten;2023-05-11;28.62
Kärnten;2023-05-12;27.43
Kärnten;2023-05-13;26.28
Kärnten;2023-05-14;25.21
Kärnten;2023-05-15;24.17
Kärnten;2023-05-16;23.27
Kärnten;2023-05-17;22.42
Kärnten;2023-05-18;21.68
Kärnten;2023-05-19;21.02
Kärnten;2023-05-20;20.36
Kärnten;2023-05-21;19.71
Kärnten;2023-05-22;19.06
Kärnten;2023-05-23;18.43
Kärnten;2023-05-24;17.81
Kärnten;2023-05-25;17.22
Kärnten;2023-05-26;16.64
Kärnten;2023-05-27;16.09
Kärnten;2023-05-28;15.54
Kärnten;2023-05-29;15.06
Kärnten;2023-05-30;14.64
Kärnten;2023-05-31;14.24
Kärnten;2023-06-01;13.89
Kärnten;2023-06-02;13.52
Kärnten;2023-06-03;13.21
Kärnten;2023-06-04;12.81
Kärnten;2023-06-05;12.42
Kärnten;2023-06-06;12.02
Kärnten;2023-06-07;11.59
Kärnten;2023-06-08;11.15
Kärnten;2023-06-09;10.7
Kärnten;2023-06-10;10.29
Kärnten;2023-06-11;9.86
Kärnten;2023-06-12;9.45
Kärnten;2023-06-13;9.05
Kärnten;2023-06-14;8.64
Kärnten;2023-06-15;8.25
Kärnten;2023-06-16;7.84
Kärnten;2023-06-17;7.5
Kärnten;2023-06-18;7.22
Kärnten;2023-06-19;6.97
Kärnten;2023-06-20;6.81
Kärnten;2023-06-21;6.63
Kärnten;2023-06-22;6.6
Kärnten;2023-06-23;6.56
Kärnten;2023-06-24;6.52
Kärnten;2023-06-25;6.52
Kärnten;2023-06-26;6.55
Kärnten;2023-06-27;6.51
Kärnten;2023-06-28;6.51
Kärnten;2023-06-29;6.54
Kärnten;2023-06-30;6.57
Kärnten;2023-07-01;6.62
Kärnten;2023-07-02;6.77
Kärnten;2023-07-03;6.94
Kärnten;2023-07-04;7.2
Kärnten;2023-07-05;7.52
Kärnten;2023-07-06;7.89
Kärnten;2023-07-07;8.25
Kärnten;2023-07-08;8.6
Kärnten;2023-07-09;8.91
Kärnten;2023-07-10;9.17
Kärnten;2023-07-11;9.38
Kärnten;2023-07-12;9.6
Kärnten;2023-07-13;9.82
Kärnten;2023-07-14;10.02
Kärnten;2023-07-15;10.27
Kärnten;2023-07-16;10.54
Kärnten;2023-07-17;10.89
Kärnten;2023-07-18;11.26
Kärnten;2023-07-19;11.74
Kärnten;2023-07-20;12.28
Kärnten;2023-07-21;12.89
Kärnten;2023-07-22;13.61
Kärnten;2023-07-23;14.36
Kärnten;2023-07-24;15.2
Kärnten;2023-07-25;16.15
Kärnten;2023-07-26;17.12
Kärnten;2023-07-27;18.2
Kärnten;2023-07-28;19.25
Kärnten;2023-07-29;20.21
Kärnten;2023-07-30;21.09
Kärnten;2023-07-31;21.84
Kärnten;2023-08-01;22.45
Kärnten;2023-08-02;22.96
Kärnten;2023-08-03;23.5
Kärnten;2023-08-04;24.06
Kärnten;2023-08-05;24.66
Kärnten;2023-08-06;25.34
Kärnten;2023-08-07;26.15
Kärnten;2023-08-08;27.09
Kärnten;2023-08-09;28.15
Kärnten;2023-08-10;29.26
Kärnten;2023-08-11;30.41
Kärnten;2023-08-12;31.66
Kärnten;2023-08-13;32.97
Kärnten;2023-08-14;34.35
Kärnten;2023-08-15;35.79
Kärnten;2023-08-16;37.33
Kärnten;2023-08-17;38.93
Kärnten;2023-08-18;40.63
Kärnten;2023-08-19;42.38
Kärnten;2023-08-20;44.18
Kärnten;2023-08-21;46.02
Kärnten;2023-08-22;47.94
Kärnten;2023-08-23;49.9
Kärnten;2023-08-24;51.74
Kärnten;2023-08-25;53.55
Kärnten;2023-08-26;55.07
Kärnten;2023-08-27;56.29
Kärnten;2023-08-28;57.12
Kärnten;2023-08-29;57.74
Kärnten;2023-08-30;58.25
Kärnten;2023-08-31;58.77
Kärnten;2023-09-01;59.32
Kärnten;2023-09-02;59.9
Kärnten;2023-09-03;60.57
Kärnten;2023-09-04;61.34
Kärnten;2023-09-05;62.22
Kärnten;2023-09-06;63.24
Kärnten;2023-09-07;64.27
Kärnten;2023-09-08;65.4
Kärnten;2023-09-09;66.63
Kärnten;2023-09-10;67.92
Kärnten;2023-09-11;69.26
Kärnten;2023-09-12;70.67
Kärnten;2023-09-13;72.14
Kärnten;2023-09-14;73.65
Kärnten;2023-09-15;75.19
Kärnten;2023-09-16;76.72
Kärnten;2023-09-17;78.27
Kärnten;2023-09-18;79.87
Kärnten;2023-09-19;81.62
Kärnten;2023-09-20;83.42
Kärnten;2023-09-21;85.49
Kärnten;2023-09-22;87.67
Kärnten;2023-09-23;90.13
Kärnten;2023-09-24;92.88
Kärnten;2023-09-25;95.95
Kärnten;2023-09-26;99.37
Kärnten;2023-09-27;103.09
Kärnten;2023-09-28;106.94
Kärnten;2023-09-29;110.87
Kärnten;2023-09-30;114.72
Kärnten;2023-10-01;118.3
Kärnten;2023-10-02;121.55
Kärnten;2023-10-03;124.32
Kärnten;2023-10-04;126.75
Kärnten;2023-10-05;128.89
Kärnten;2023-10-06;130.93
Kärnten;2023-10-07;132.99
Kärnten;2023-10-08;135.19
Kärnten;2023-10-09;137.62
Kärnten;2023-10-10;140.42
Kärnten;2023-10-11;143.41
Kärnten;2023-10-12;146.63
Kärnten;2023-10-13;149.91
Kärnten;2023-10-14;153.13
Kärnten;2023-10-15;156.15
Kärnten;2023-10-16;158.91
Kärnten;2023-10-17;161.32
Kärnten;2023-10-18;163.37
Kärnten;2023-10-19;165.11
Kärnten;2023-10-20;166.5
Kärnten;2023-10-21;167.58
Kärnten;2023-10-22;168.33
Kärnten;2023-10-23;168.72
Kärnten;2023-10-24;168.93
Kärnten;2023-10-25;169.1
Kärnten;2023-10-26;169.36
Kärnten;2023-10-27;169.76
Kärnten;2023-10-28;170.59
Kärnten;2023-10-29;171.87
Kärnten;2023-10-30;173.85
Kärnten;2023-10-31;176.56
Kärnten;2023-11-01;180.08
Kärnten;2023-11-02;184.38
Kärnten;2023-11-03;189.61
Kärnten;2023-11-04;195.89
Kärnten;2023-11-05;203.41
Kärnten;2023-11-06;212.43
Kärnten;2023-11-07;223.03
Kärnten;2023-11-08;235.15
Kärnten;2023-11-09;248.5
Kärnten;2023-11-10;262.9
Kärnten;2023-11-11;277.95
Kärnten;2023-11-12;293.62
Kärnten;2023-11-13;309.88
Kärnten;2023-11-14;326.64
Kärnten;2023-11-15;343.86
Kärnten;2023-11-16;361.56
Kärnten;2023-11-17;379.62
Kärnten;2023-11-18;398.02
Kärnten;2023-11-19;416.8
Kärnten;2023-11-20;435.95
Kärnten;2023-11-21;455.42
Kärnten;2023-11-22;475.03
Kärnten;2023-11-23;494.12
Kärnten;2023-11-24;512.06
Kärnten;2023-11-25;527.68
Kärnten;2023-11-26;540.25
Kärnten;2023-11-27;549.3
Kärnten;2023-11-28;555.23
Kärnten;2023-11-29;558.93
Kärnten;2023-11-30;561.08
Kärnten;2023-12-01;562.36
Kärnten;2023-12-02;563.02
Kärnten;2023-12-03;563.3
Kärnten;2023-12-04;563.3
Kärnten;2023-12-05;563.22
Kärnten;2023-12-06;563.12
Kärnten;2023-12-07;562.92
Kärnten;2023-12-08;562.53
Kärnten;2023-12-09;561.84
Kärnten;2023-12-10;560.64
Kärnten;2023-12-11;558.77
Kärnten;2023-12-12;555.97
Kärnten;2023-12-13;552.14
Kärnten;2023-12-14;547.12
Kärnten;2023-12-15;540.92
Kärnten;2023-12-16;533.36
Kärnten;2023-12-17;524.2
Kärnten;2023-12-18;513.45
Kärnten;2023-12-19;501.09
Kärnten;2023-12-20;487.55
Kärnten;2023-12-21;473.08
Kärnten;2023-12-22;458.08
Kärnten;2023-12-23;442.71
Kärnten;2023-12-24;427.09
Kärnten;2023-12-25;411.43
Kärnten;2023-12-26;395.82
Kärnten;2023-12-27;380.33
Kärnten;2023-12-28;364.94
Kärnten;2023-12-29;349.63
Kärnten;2023-12-30;334.52
Kärnten;2023-12-31;319.46
Kärnten;2024-01-01;304.6
Kärnten;2024-01-02;289.88
Kärnten;2024-01-03;275.25
Kärnten;2024-01-04;260.83
Kärnten;2024-01-05;246.63
Kärnten;2024-01-06;232.87
Kärnten;2024-01-07;219.62
Kärnten;2024-01-08;207.11
Kärnten;2024-01-09;195.4
Kärnten;2024-01-10;184.47
Kärnten;2024-01-11;174.41
Kärnten;2024-01-12;164.91
Kärnten;2024-01-13;156.1
Kärnten;2024-01-14;147.86
Kärnten;2024-01-15;140.3
Kärnten;2024-01-16;133.37
Kärnten;2024-01-17;126.96
Kärnten;2024-01-18;120.91
Kärnten;2024-01-19;115.15
Kärnten;2024-01-20;109.53
Kärnten;2024-01-21;103.95
Kärnten;2024-01-22;98.37
Kärnten;2024-01-23;92.98
Kärnten;2024-01-24;87.84
Kärnten;2024-01-25;83.01
Kärnten;2024-01-26;78.49
Kärnten;2024-01-27;74.29
Kärnten;2024-01-28;70.38
Kärnten;2024-01-29;66.91
Kärnten;2024-01-30;63.89
Kärnten;2024-01-31;61.22
Kärnten;2024-02-01;58.94
Kärnten;2024-02-02;56.93
Kärnten;2024-02-03;55.1
Kärnten;2024-02-04;53.31
Kärnten;2024-02-05;51.47
Kärnten;2024-02-06;49.49
Kärnten;2024-02-07;47.38
Kärnten;2024-02-08;45.0
Kärnten;2024-02-09;42.58
Kärnten;2024-02-10;40.16
Kärnten;2024-02-11;37.8
Kärnten;2024-02-12;35.5
Kärnten;2024-02-13;33.34
Kärnten;2024-02-14;31.34
Kärnten;2024-02-15;29.42
Kärnten;2024-02-16;27.59
Kärnten;2024-02-17;25.83
Kärnten;2024-02-18;24.15
Kärnten;2024-02-19;22.54
Kärnten;2024-02-20;21.01
Kärnten;2024-02-21;19.58
Kärnten;2024-02-22;18.18
Kärnten;2024-02-23;16.86
Kärnten;2024-02-24;15.63
Kärnten;2024-02-25;14.49
Kärnten;2024-02-26;13.37
Kärnten;2024-02-27;12.4
Kärnten;2024-02-28;11.58
Kärnten;2024-02-29;10.83
Kärnten;2024-03-01;10.19
Kärnten;2024-03-02;9.7
Kärnten;2024-03-03;9.24
Kärnten;2024-03-04;8.95
Kärnten;2024-03-05;8.64
Kärnten;2024-03-06;8.43
Kärnten;2024-03-07;8.23
Kärnten;2024-03-08;8.04
Kärnten;2024-03-09;7.91
Kärnten;2024-03-10;7.72
Kärnten;2024-03-11;7.56
Kärnten;2024-03-12;7.4
Kärnten;2024-03-13;7.16
Kärnten;2024-03-14;6.97
Kärnten;2024-03-15;6.74
Kärnten;2024-03-16;6.53
Kärnten;2024-03-17;6.28
Kärnten;2024-03-18;6.05
Kärnten;2024-03-19;5.82
Kärnten;2024-03-20;5.57
Kärnten;2024-03-21;5.37
Kärnten;2024-03-22;5.2
Kärnten;2024-03-23;5.02
Kärnten;2024-03-24;4.87
Kärnten;2024-03-25;4.75
Kärnten;2024-03-26;4.69
Kärnten;2024-03-27;4.63
Kärnten;2024-03-28;4.59
Kärnten;2024-03-29;4.62
Kärnten;2024-03-30;4.68
Kärnten;2024-03-31;4.73
Kärnten;2024-04-01;4.81
Kärnten;2024-04-02;4.91
Kärnten;2024-04-03;5.09
Kärnten;2024-04-04;5.25
Kärnten;2024-04-05;5.43
Kärnten;2024-04-06;5.59
Kärnten;2024-04-07;5.78
Kärnten;2024-04-08;5.98
Kärnten;2024-04-09;6.2
Kärnten;2024-04-10;6.42
Kärnten;2024-04-11;6.66
Kärnten;2024-04-12;6.89
Kärnten;2024-04-13;7.12
Kärnten;2024-04-14;7.32
Kärnten;2024-04-15;7.44
Kärnten;2024-04-16;7.54
Kärnten;2024-04-17;7.62
Kärnten;2024-04-18;7.67
Kärnten;2024-04-19;7.72
Kärnten;2024-04-20;7.75
Kärnten;2024-04-21;7.79
Kärnten;2024-04-22;7.89
Kärnten;2024-04-23;7.97
Kärnten;2024-04-24;8.08
Kärnten;2024-04-25;8.27
Kärnten;2024-04-26;8.45
Kärnten;2024-04-27;8.65
Kärnten;2024-04-28;8.82
Kärnten;2024-04-29;9.02
Kärnten;2024-04-30;9.17
Kärnten;2024-05-01;9.32
Kärnten;2024-05-02;9.47
Kärnten;2024-05-03;9.65
Kärnten;2024-05-04;9.84
Kärnten;2024-05-05;10.05
Kärnten;2024-05-06;10.34
Kärnten;2024-05-07;10.66
Kärnten;2024-05-08;11.02
Kärnten;2024-05-09;11.43
Kärnten;2024-05-10;11.87
Kärnten;2024-05-11;12.38
Kärnten;2024-05-12;12.98
Kärnten;2024-05-13;13.64
Kärnten;2024-05-14;14.29
Kärnten;2024-05-15;15.07
Kärnten;2024-05-16;15.83
Kärnten;2024-05-17;16.7
Kärnten;2024-05-18;17.52
Kärnten;2024-05-19;18.35
Kärnten;2024-05-20;19.13
Kärnten;2024-05-21;19.97
Kärnten;2024-05-22;20.77
Kärnten;2024-05-23;21.51
Kärnten;2024-05-24;22.21
Kärnten;2024-05-25;22.82
Kärnten;2024-05-26;23.25
Kärnten;2024-05-27;23.63
Kärnten;2024-05-28;23.92
Kärnten;2024-05-29;24.19
Kärnten;2024-05-30;24.53
Kärnten;2024-05-31;24.83
Kärnten;2024-06-01;25.2
Kärnten;2024-06-02;25.59
Kärnten;2024-06-03;26.0
Kärnten;2024-06-04;26.46
Kärnten;2024-06-05;26.99
Kärnten;2024-06-06;27.61
Kärnten;2024-06-07;28.21
Kärnten;2024-06-08;28.88
Kärnten;2024-06-09;29.59
Kärnten;2024-06-10;30.32
Kärnten;2024-06-11;31.1
Kärnten;2024-06-12;32.03
Kärnten;2024-06-13;33.12
Kärnten;2024-06-14;34.36
Kärnten;2024-06-15;35.69
Kärnten;2024-06-16;37.25
Kärnten;2024-06-17;38.97
Kärnten;2024-06-18;40.78
Kärnten;2024-06-19;42.69
Kärnten;2024-06-20;44.62
Kärnten;2024-06-21;46.49
Kärnten;2024-06-22;48.33
Kärnten;2024-06-23;50.04
Kärnten;2024-06-24;51.63
Kärnten;2024-06-25;53.22
Kärnten;2024-06-26;54.77
Kärnten;2024-06-27;56.39
Kärnten;2024-06-28;58.02
Kärnten;2024-06-29;59.64
Kärnten;2024-06-30;61.14
Kärnten;2024-07-01;62.66
Kärnten;2024-07-02;64.18
Kärnten;2024-07-03;65.69
Kärnten;2024-07-04;67.15
Kärnten;2024-07-05;68.59
Kärnten;2024-07-06;69.94
Kärnten;2024-07-07;71.15
Kärnten;2024-07-08;72.13
Kärnten;2024-07-09;72.99
Kärnten;2024-07-10;73.71
Kärnten;2024-07-11;74.33
Kärnten;2024-07-12;74.8
Kärnten;2024-07-13;75.2
Kärnten;2024-07-14;75.41
Kärnten;2024-07-15;75.54
Kärnten;2024-07-16;75.59
Kärnten;2024-07-17;75.74
Kärnten;2024-07-18;75.95
Kärnten;2024-07-19;76.29
Kärnten;2024-07-20;76.78
Kärnten;2024-07-21;77.31
Kärnten;2024-07-22;78.0
Kärnten;2024-07-23;78.85
Kärnten;2024-07-24;79.89
Kärnten;2024-07-25;81.1
Kärnten;2024-07-26;82.61
Kärnten;2024-07-27;84.43
Kärnten;2024-07-28;86.64
Kärnten;2024-07-29;89.25
Kärnten;2024-07-30;92.31
Kärnten;2024-07-31;95.63
Kärnten;2024-08-01;99.11
Kärnten;2024-08-02;102.5
Kärnten;2024-08-03;105.74
Kärnten;2024-08-04;108.56
Kärnten;2024-08-05;110.93
Kärnten;2024-08-06;112.87
Kärnten;2024-08-07;114.54
Kärnten;2024-08-08;116.01
Kärnten;2024-08-09;117.43
Kärnten;2024-08-10;118.8
Kärnten;2024-08-11;120.24
Kärnten;2024-08-12;121.79
Kärnten;2024-08-13;123.41
Kärnten;2024-08-14;125.12
Kärnten;2024-08-15;126.8
Kärnten;2024-08-16;128.45
Kärnten;2024-08-17;129.94
Kärnten;2024-08-18;131.17
Kärnten;2024-08-19;132.1
Kärnten;2024-08-20;132.91
Kärnten;2024-08-21;133.62
Kärnten;2024-08-22;134.5
Kärnten;2024-08-23;135.51
Kärnten;2024-08-24;136.71
Kärnten;2024-08-25;138.12
Kärnten;2024-08-26;139.74
Kärnten;2024-08-27;141.55
Kärnten;2024-08-28;143.49
Kärnten;2024-08-29;145.54
Kärnten;2024-08-30;147.57
Kärnten;2024-08-31;149.46
Kärnten;2024-09-01;151.23
Kärnten;2024-09-02;152.86
Kärnten;2024-09-03;154.65
Kärnten;2024-09-04;156.65
Kärnten;2024-09-05;159.06
Kärnten;2024-09-06;161.86
Kärnten;2024-09-07;164.9
Kärnten;2024-09-08;168.32
Kärnten;2024-09-09;172.22
Kärnten;2024-09-10;176.76
Kärnten;2024-09-11;182.16
Kärnten;2024-09-12;188.38
Kärnten;2024-09-13;195.53
Kärnten;2024-09-14;203.58
Kärnten;2024-09-15;212.56
Kärnten;2024-09-16;222.51
Kärnten;2024-09-17;233.37
Kärnten;2024-09-18;244.76
Kärnten;2024-09-19;256.49
Kärnten;2024-09-20;268.21
Kärnten;2024-09-21;279.56
Kärnten;2024-09-22;290.31
Kärnten;2024-09-23;300.13
Kärnten;2024-09-24;309.09
Kärnten;2024-09-25;317.26
Kärnten;2024-09-26;324.67
Kärnten;2024-09-27;331.45
Kärnten;2024-09-28;337.41
Kärnten;2024-09-29;342.38
Kärnten;2024-09-30;346.43
Kärnten;2024-10-01;349.62
Kärnten;2024-10-02;352.09
Kärnten;2024-10-03;353.86
Kärnten;2024-10-04;354.79
Kärnten;2024-10-05;354.52
Kärnten;2024-10-06;352.8
Kärnten;2024-10-07;349.5
Kärnten;2024-10-08;344.88
Kärnten;2024-10-09;339.35
Kärnten;2024-10-10;333.3
Kärnten;2024-10-11;326.84
Kärnten;2024-10-12;320.13
Kärnten;2024-10-13;313.16
Kärnten;2024-10-14;305.93
Kärnten;2024-10-15;298.32
Kärnten;2024-10-16;290.3
Kärnten;2024-10-17;281.92
Kärnten;2024-10-18;273.17
Kärnten;2024-10-19;264.13
Kärnten;2024-10-20;254.8
Kärnten;2024-10-21;245.26
Kärnten;2024-10-22;235.59
Kärnten;2024-10-23;225.77
Kärnten;2024-10-24;215.98
Kärnten;2024-10-25;206.2
Kärnten;2024-10-26;196.59
Kärnten;2024-10-27;187.15
Kärnten;2024-10-28;178.05
Kärnten;2024-10-29;169.42
Kärnten;2024-10-30;161.25
Kärnten;2024-10-31;153.65
Kärnten;2024-11-01;146.66
Kärnten;2024-11-02;140.21
Kärnten;2024-11-03;134.38
Kärnten;2024-11-04;129.4
Kärnten;2024-11-05;125.11
Kärnten;2024-11-06;121.55
Kärnten;2024-11-07;118.49
Kärnten;2024-11-08;115.89
Kärnten;2024-11-09;113.6
Kärnten;2024-11-10;111.66
Kärnten;2024-11-11;109.96
Kärnten;2024-11-12;108.56
Kärnten;2024-11-13;107.49
Kärnten;2024-11-14;106.65
Kärnten;2024-11-15;105.95
Kärnten;2024-11-16;105.54
Kärnten;2024-11-17;105.25
Kärnten;2024-11-18;105.26
Kärnten;2024-11-19;105.54
Kärnten;2024-11-20;106.2
Kärnten;2024-11-21;107.18
Kärnten;2024-11-22;108.46
Kärnten;2024-11-23;110.02
Kärnten;2024-11-24;111.78
Kärnten;2024-11-25;113.72
Kärnten;2024-11-26;115.82
Kärnten;2024-11-27;118.17
Kärnten;2024-11-28;120.67
Kärnten;2024-11-29;123.3
Kärnten;2024-11-30;126.0
Kärnten;2024-12-01;128.76
Kärnten;2024-12-02;131.47
Kärnten;2024-12-03;134.2
Kärnten;2024-12-04;136.85
Kärnten;2024-12-05;139.4
Kärnten;2024-12-06;141.66
Kärnten;2024-12-07;143.57
Kärnten;2024-12-08;144.94
Kärnten;2024-12-09;145.71
Kärnten;2024-12-10;145.8
Kärnten;2024-12-11;145.34
Kärnten;2024-12-12;144.45
Kärnten;2024-12-13;143.14
Kärnten;2024-12-14;141.62
Kärnten;2024-12-15;139.85
Kärnten;2024-12-16;138.0
Kärnten;2024-12-17;136.1
Kärnten;2024-12-18;134.32
Kärnten;2024-12-19;132.67
Kärnten;2024-12-20;131.09
Kärnten;2024-12-21;129.64
Kärnten;2024-12-22;128.35
Kärnten;2024-12-23;127.05
Kärnten;2024-12-24;125.79
Kärnten;2024-12-25;124.45
Kärnten;2024-12-26;122.93
Kärnten;2024-12-27;121.25
Kärnten;2024-12-28;119.36
Kärnten;2024-12-29;117.11
Kärnten;2024-12-30;114.49
Kärnten;2024-12-31;111.56
Kärnten;2025-01-01;108.37
Kärnten;2025-01-02;105.03
Kärnten;2025-01-03;101.49
Kärnten;2025-01-04;97.96
Kärnten;2025-01-05;94.42
Kärnten;2025-01-06;90.97
Kärnten;2025-01-07;87.51
Kärnten;2025-01-08;84.14
Kärnten;2025-01-09;80.8
Kärnten;2025-01-10;77.54
Kärnten;2025-01-11;74.37
Kärnten;2025-01-12;71.33
Kärnten;2025-01-13;68.42
Kärnten;2025-01-14;65.67
Kärnten;2025-01-15;63.18
Kärnten;2025-01-16;60.81
Kärnten;2025-01-17;58.55
Kärnten;2025-01-18;56.36
Kärnten;2025-01-19;54.22
Kärnten;2025-01-20;51.99
Kärnten;2025-01-21;49.62
Kärnten;2025-01-22;47.22
Kärnten;2025-01-23;44.71
Kärnten;2025-01-24;42.15
Kärnten;2025-01-25;39.61
Kärnten;2025-01-26;37.19
Kärnten;2025-01-27;34.8
Kärnten;2025-01-28;32.59
Kärnten;2025-01-29;30.55
Kärnten;2025-01-30;28.61
Kärnten;2025-01-31;26.8
Kärnten;2025-02-01;25.07
Kärnten;2025-02-02;23.4
Kärnten;2025-02-03;21.83
Kärnten;2025-02-04;20.35
Kärnten;2025-02-05;19.09
Kärnten;2025-02-06;17.95
Kärnten;2025-02-07;17.01
Kärnten;2025-02-08;16.21
Kärnten;2025-02-09;15.47
Kärnten;2025-02-10;14.94
Kärnten;2025-02-11;14.46
Kärnten;2025-02-12;14.1
Kärnten;2025-02-13;13.76
Kärnten;2025-02-14;13.46
Kärnten;2025-02-15;13.14
Kärnten;2025-02-16;12.81
Kärnten;2025-02-17;12.46
Kärnten;2025-02-18;12.04
Kärnten;2025-02-19;11.64
Kärnten;2025-02-20;11.13
Kärnten;2025-02-21;10.67
Kärnten;2025-02-22;10.22
Kärnten;2025-02-23;9.86
Kärnten;2025-02-24;9.46
Kärnten;2025-02-25;9.21
Kärnten;2025-02-26;9.0
Kärnten;2025-02-27;8.86
Kärnten;2025-02-28;8.73
Kärnten;2025-03-01;8.72
Kärnten;2025-03-02;8.7
Kärnten;2025-03-03;8.7
Kärnten;2025-03-04;8.74
Kärnten;2025-03-05;8.79
Kärnten;2025-03-06;8.85
Kärnten;2025-03-07;8.93
Kärnten;2025-03-08;9.07
Kärnten;2025-03-09;9.12
Kärnten;2025-03-10;9.2
Kärnten;2025-03-11;9.25
Kärnten;2025-03-12;9.27
Kärnten;2025-03-13;9.31
Kärnten;2025-03-14;9.29
Kärnten;2025-03-15;9.31
Kärnten;2025-03-16;9.3
Kärnten;2025-03-17;9.26
Kärnten;2025-03-18;9.28
Kärnten;2025-03-19;9.29
Kärnten;2025-03-20;9.35
Kärnten;2025-03-21;9.42
Kärnten;2025-03-22;9.49
Kärnten;2025-03-23;9.56
Kärnten;2025-03-24;9.56
Kärnten;2025-03-25;9.61
Kärnten;2025-03-26;9.63
Kärnten;2025-03-27;9.77
Kärnten;2025-03-28;9.85
Kärnten;2025-03-29;10.05
Kärnten;2025-03-30;10.29
Kärnten;2025-03-31;10.63
Kärnten;2025-04-01;10.98
Kärnten;2025-04-02;11.45
Kärnten;2025-04-03;11.93
Kärnten;2025-04-04;12.41
Kärnten;2025-04-05;12.87
Kärnten;2025-04-06;13.3
Kärnten;2025-04-07;13.68
Kärnten;2025-04-08;13.91
Kärnten;2025-04-09;14.14
Kärnten;2025-04-10;14.26
Kärnten;2025-04-11;14.26
Kärnten;2025-04-12;14.23
Kärnten;2025-04-13;14.03
Kärnten;2025-04-14;13.75
Kärnten;2025-04-15;13.41
Kärnten;2025-04-16;13.0
Kärnten;2025-04-17;12.62
Kärnten;2025-04-18;12.2
Kärnten;2025-04-19;11.86
Kärnten;2025-04-20;11.48
Kärnten;2025-04-21;11.2
Kärnten;2025-04-22;10.9
Kärnten;2025-04-23;10.66
Kärnten;2025-04-24;10.49
Kärnten;2025-04-25;10.34
Kärnten;2025-04-26;10.24
Kärnten;2025-04-27;10.13
Kärnten;2025-04-28;10.09
Kärnten;2025-04-29;10.05
Kärnten;2025-04-30;10.14
Kärnten;2025-05-01;10.23
Kärnten;2025-05-02;10.41
Kärnten;2025-05-03;10.51
Kärnten;2025-05-04;10.6
Kärnten;2025-05-05;10.69
Kärnten;2025-05-06;10.71
Kärnten;2025-05-07;10.72
Kärnten;2025-05-08;10.79
Kärnten;2025-05-09;10.87
Kärnten;2025-05-10;11.02
Kärnten;2025-05-11;11.22
Kärnten;2025-05-12;11.46
Kärnten;2025-05-13;11.75
Kärnten;2025-05-14;12.1
Kärnten;2025-05-15;12.53
Kärnten;2025-05-16;12.97
Kärnten;2025-05-17;13.43
Kärnten;2025-05-18;13.96
Kärnten;2025-05-19;14.53
Kärnten;2025-05-20;15.14
Kärnten;2025-05-21;15.84
Kärnten;2025-05-22;16.57
Kärnten;2025-05-23;17.35
Kärnten;2025-05-24;18.09
Kärnten;2025-05-25;18.77
Kärnten;2025-05-26;19.41
Kärnten;2025-05-27;19.88
Kärnten;2025-05-28;20.25
Kärnten;2025-05-29;20.63
Kärnten;2025-05-30;20.84
Kärnten;2025-05-31;20.99
Kärnten;2025-06-01;21.01
Kärnten;2025-06-02;20.98
Kärnten;2025-06-03;20.83
Kärnten;2025-06-04;20.62
Kärnten;2025-06-05;20.4
Kärnten;2025-06-06;20.22
Kärnten;2025-06-07;20.02
Kärnten;2025-06-08;19.95
Kärnten;2025-06-09;19.92
Kärnten;2025-06-10;20.02
Oberösterreich;2022-09-01;76.43
Oberösterreich;2022-09-02;77.21
Oberösterreich;2022-09-03;78.1
Oberösterreich;2022-09-04;79.03
Oberösterreich;2022-09-05;80.07
Oberösterreich;2022-09-06;81.31
Oberösterreich;2022-09-07;82.74
Oberösterreich;2022-09-08;84.4
Oberösterreich;2022-09-09;86.48
Oberösterreich;2022-09-10;88.81
Oberösterreich;2022-09-11;91.67
Oberösterreich;2022-09-12;94.98
Oberösterreich;2022-09-13;98.84
Oberösterreich;2022-09-14;103.19
Oberösterreich;2022-09-15;107.96
Oberösterreich;2022-09-16;113.24
Oberösterreich;2022-09-17;119.0
Oberösterreich;2022-09-18;125.45
Oberösterreich;2022-09-19;132.73
Oberösterreich;2022-09-20;140.96
Oberösterreich;2022-09-21;150.19
Oberösterreich;2022-09-22;160.18
Oberösterreich;2022-09-23;170.93
Oberösterreich;2022-09-24;182.34
Oberösterreich;2022-09-25;194.4
Oberösterreich;2022-09-26;206.82
Oberösterreich;2022-09-27;219.31
Oberösterreich;2022-09-28;231.58
Oberösterreich;2022-09-29;243.2
Oberösterreich;2022-09-30;253.95
Oberösterreich;2022-10-01;263.61
Oberösterreich;2022-10-02;271.77
Oberösterreich;2022-10-03;278.12
Oberösterreich;2022-10-04;282.42
Oberösterreich;2022-10-05;284.69
Oberösterreich;2022-10-06;285.02
Oberösterreich;2022-10-07;283.74
Oberösterreich;2022-10-08;280.92
Oberösterreich;2022-10-09;276.43
Oberösterreich;2022-10-10;270.25
Oberösterreich;2022-10-11;262.53
Oberösterreich;2022-10-12;253.49
Oberösterreich;2022-10-13;243.41
Oberösterreich;2022-10-14;232.64
Oberösterreich;2022-10-15;221.47
Oberösterreich;2022-10-16;210.11
Oberösterreich;2022-10-17;198.94
Oberösterreich;2022-10-18;188.29
Oberösterreich;2022-10-19;178.49
Oberösterreich;2022-10-20;169.46
Oberösterreich;2022-10-21;161.09
Oberösterreich;2022-10-22;153.32
Oberösterreich;2022-10-23;145.97
Oberösterreich;2022-10-24;139.08
Oberösterreich;2022-10-25;132.43
Oberösterreich;2022-10-26;126.12
Oberösterreich;2022-10-27;120.1
Oberösterreich;2022-10-28;114.48
Oberösterreich;2022-10-29;109.31
Oberösterreich;2022-10-30;104.74
Oberösterreich;2022-10-31;100.84
Oberösterreich;2022-11-01;97.73
Oberösterreich;2022-11-02;95.11
Oberösterreich;2022-11-03;93.1
Oberösterreich;2022-11-04;91.44
Oberösterreich;2022-11-05;90.1
Oberösterreich;2022-11-06;89.07
Oberösterreich;2022-11-07;88.37
Oberösterreich;2022-11-08;88.13
Oberösterreich;2022-11-09;88.37
Oberösterreich;2022-11-10;88.92
Oberösterreich;2022-11-11;89.81
Oberösterreich;2022-11-12;90.8
Oberösterreich;2022-11-13;91.95
Oberösterreich;2022-11-14;93.09
Oberösterreich;2022-11-15;94.34
Oberösterreich;2022-11-16;95.71
Oberösterreich;2022-11-17;97.14
Oberösterreich;2022-11-18;98.54
Oberösterreich;2022-11-19;99.98
Oberösterreich;2022-11-20;101.33
Oberösterreich;2022-11-21;102.67
Oberösterreich;2022-11-22;103.87
Oberösterreich;2022-11-23;105.08
Oberösterreich;2022-11-24;106.28
Oberösterreich;2022-11-25;107.49
Oberösterreich;2022-11-26;108.64
Oberösterreich;2022-11-27;109.68
Oberösterreich;2022-11-28;110.66
Oberösterreich;2022-11-29;111.67
Oberösterreich;2022-11-30;112.73
Oberösterreich;2022-12-01;113.78
Oberösterreich;2022-12-02;114.96
Oberösterreich;2022-12-03;116.18
Oberösterreich;2022-12-04;117.43
Oberösterreich;2022-12-05;118.81
Oberösterreich;2022-12-06;120.43
Oberösterreich;2022-12-07;122.42
Oberösterreich;2022-12-08;124.61
Oberösterreich;2022-12-09;126.91
Oberösterreich;2022-12-10;129.27
Oberösterreich;2022-12-11;131.41
Oberösterreich;2022-12-12;133.42
Oberösterreich;2022-12-13;135.34
Oberösterreich;2022-12-14;137.26
Oberösterreich;2022-12-15;139.19
Oberösterreich;2022-12-16;141.02
Oberösterreich;2022-12-17;142.73
Oberösterreich;2022-12-18;144.13
Oberösterreich;2022-12-19;145.08
Oberösterreich;2022-12-20;145.7
Oberösterreich;2022-12-21;145.96
Oberösterreich;2022-12-22;146.01
Oberösterreich;2022-12-23;145.94
Oberösterreich;2022-12-24;145.77
Oberösterreich;2022-12-25;145.42
Oberösterreich;2022-12-26;144.92
Oberösterreich;2022-12-27;144.15
Oberösterreich;2022-12-28;143.01
Oberösterreich;2022-12-29;141.5
Oberösterreich;2022-12-30;139.66
Oberösterreich;2022-12-31;137.63
Oberösterreich;2023-01-01;135.33
Oberösterreich;2023-01-02;132.81
Oberösterreich;2023-01-03;130.18
Oberösterreich;2023-01-04;127.36
Oberösterreich;2023-01-05;124.58
Oberösterreich;2023-01-06;122.01
Oberösterreich;2023-01-07;119.57
Oberösterreich;2023-01-08;117.67
Oberösterreich;2023-01-09;116.38
Oberösterreich;2023-01-10;115.65
Oberösterreich;2023-01-11;115.61
Oberösterreich;2023-01-12;116.14
Oberösterreich;2023-01-13;117.04
Oberösterreich;2023-01-14;118.37
Oberösterreich;2023-01-15;118.54
Oberösterreich;2023-01-16;120.54
Oberösterreich;2023-01-17;123.0
Oberösterreich;2023-01-18;125.95
Oberösterreich;2023-01-19;129.33
Oberösterreich;2023-01-20;133.02
Oberösterreich;2023-01-21;136.89
Oberösterreich;2023-01-22;141.01
Oberösterreich;2023-01-23;145.22
Oberösterreich;2023-01-24;149.92
Oberösterreich;2023-01-25;155.2
Oberösterreich;2023-01-26;161.04
Oberösterreich;2023-01-27;167.42
Oberösterreich;2023-01-28;174.19
Oberösterreich;2023-01-29;181.44
Oberösterreich;2023-01-30;189.17
Oberösterreich;2023-01-31;197.45
Oberösterreich;2023-02-01;206.41
Oberösterreich;2023-02-02;215.89
Oberösterreich;2023-02-03;225.95
Oberösterreich;2023-02-04;236.37
Oberösterreich;2023-02-05;247.27
Oberösterreich;2023-02-06;258.51
Oberösterreich;2023-02-07;269.99
Oberösterreich;2023-02-08;281.7
Oberösterreich;2023-02-09;293.51
Oberösterreich;2023-02-10;305.31
Oberösterreich;2023-02-11;316.94
Oberösterreich;2023-02-12;328.34
Oberösterreich;2023-02-13;339.46
Oberösterreich;2023-02-14;350.1
Oberösterreich;2023-02-15;360.28
Oberösterreich;2023-02-16;369.69
Oberösterreich;2023-02-17;378.03
Oberösterreich;2023-02-18;384.91
Oberösterreich;2023-02-19;389.62
Oberösterreich;2023-02-20;391.85
Oberösterreich;2023-02-21;391.49
Oberösterreich;2023-02-22;388.73
Oberösterreich;2023-02-23;384.18
Oberösterreich;2023-02-24;378.51
Oberösterreich;2023-02-25;372.21
Oberösterreich;2023-02-26;365.71
Oberösterreich;2023-02-27;359.37
Oberösterreich;2023-02-28;353.17
Oberösterreich;2023-03-01;347.21
Oberösterreich;2023-03-02;341.38
Oberösterreich;2023-03-03;335.64
Oberösterreich;2023-03-04;329.98
Oberösterreich;2023-03-05;324.31
Oberösterreich;2023-03-06;318.88
Oberösterreich;2023-03-07;313.6
Oberösterreich;2023-03-08;308.6
Oberösterreich;2023-03-09;303.87
Oberösterreich;2023-03-10;299.1
Oberösterreich;2023-03-11;294.15
Oberösterreich;2023-03-12;288.78
Oberösterreich;2023-03-13;282.54
Oberösterreich;2023-03-14;275.22
Oberösterreich;2023-03-15;266.71
Oberösterreich;2023-03-16;257.09
Oberösterreich;2023-03-17;246.8
Oberösterreich;2023-03-18;236.14
Oberösterreich;2023-03-19;225.54
Oberösterreich;2023-03-20;215.11
Oberösterreich;2023-03-21;205.19
Oberösterreich;2023-03-22;195.69
Oberösterreich;2023-03-23;186.71
Oberösterreich;2023-03-24;178.08
Oberösterreich;2023-03-25;169.9
Oberösterreich;2023-03-26;162.25
Oberösterreich;2023-03-27;155.19
Oberösterreich;2023-03-28;148.92
Oberösterreich;2023-03-29;143.43
Oberösterreich;2023-03-30;138.71
Oberösterreich;2023-03-31;134.61
Oberösterreich;2023-04-01;130.89
Oberösterreich;2023-04-02;127.45
Oberösterreich;2023-04-03;124.06
Oberösterreich;2023-04-04;120.65
Oberösterreich;2023-04-05;117.01
Oberösterreich;2023-04-06;113.12
Oberösterreich;2023-04-07;109.04
Oberösterreich;2023-04-08;104.82
Oberösterreich;2023-04-09;100.59
Oberösterreich;2023-04-10;96.33
Oberösterreich;2023-04-11;92.16
Oberösterreich;2023-04-12;88.01
Oberösterreich;2023-04-13;83.98
Oberösterreich;2023-04-14;80.03
Oberösterreich;2023-04-15;76.22
Oberösterreich;2023-04-16;72.54
Oberösterreich;2023-04-17;69.11
Oberösterreich;2023-04-18;65.92
Oberösterreich;2023-04-19;62.98
Oberösterreich;2023-04-20;60.27
Oberösterreich;2023-04-21;57.8
Oberösterreich;2023-04-22;55.47
Oberösterreich;2023-04-23;53.3
Oberösterreich;2023-04-24;51.24
Oberösterreich;2023-04-25;49.3
Oberösterreich;2023-04-26;47.42
Oberösterreich;2023-04-27;45.63
Oberösterreich;2023-04-28;43.94
Oberösterreich;2023-04-29;42.3
Oberösterreich;2023-04-30;40.66
Oberösterreich;2023-05-01;39.15
Oberösterreich;2023-05-02;37.72
Oberösterreich;2023-05-03;36.31
Oberösterreich;2023-05-04;35.0
Oberösterreich;2023-05-05;33.78
Oberösterreich;2023-05-06;32.54
Oberösterreich;2023-05-07;31.44
Oberösterreich;2023-05-08;30.37
Oberösterreich;2023-05-09;29.36
Oberösterreich;2023-05-10;28.55
Oberösterreich;2023-05-11;27.8
Oberösterreich;2023-05-12;27.18
Oberösterreich;2023-05-13;26.63
Oberösterreich;2023-05-14;26.18
Oberösterreich;2023-05-15;25.7
Oberösterreich;2023-05-16;25.31
Oberösterreich;2023-05-17;25.02
Oberösterreich;2023-05-18;24.65
Oberösterreich;2023-05-19;24.35
Oberösterreich;2023-05-20;23.94
Oberösterreich;2023-05-21;23.53
Oberösterreich;2023-05-22;22.99
Oberösterreich;2023-05-23;22.41
Oberösterreich;2023-05-24;21.69
Oberösterreich;2023-05-25;20.98
Oberösterreich;2023-05-26;20.28
Oberösterreich;2023-05-27;19.44
Oberösterreich;2023-05-28;18.63
Oberösterreich;2023-05-29;17.76
Oberösterreich;2023-05-30;16.9
Oberösterreich;2023-05-31;16.0
Oberösterreich;2023-06-01;15.19
Oberösterreich;2023-06-02;14.36
Oberösterreich;2023-06-03;13.56
Oberösterreich;2023-06-04;12.8
Oberösterreich;2023-06-05;12.19
Oberösterreich;2023-06-06;11.57
Oberösterreich;2023-06-07;11.16
Oberösterreich;2023-06-08;10.78
Oberösterreich;2023-06-09;10.5
Oberösterreich;2023-06-10;10.29
Oberösterreich;2023-06-11;10.14
Oberösterreich;2023-06-12;10.16
Oberösterreich;2023-06-13;10.21
Oberösterreich;2023-06-14;10.39
Oberösterreich;2023-06-15;10.59
Oberösterreich;2023-06-16;10.86
Oberösterreich;2023-06-17;11.2
Oberösterreich;2023-06-18;11.45
Oberösterreich;2023-06-19;11.65
Oberösterreich;2023-06-20;11.67
Oberösterreich;2023-06-21;11.49
Oberösterreich;2023-06-22;11.2
Oberösterreich;2023-06-23;10.75
Oberösterreich;2023-06-24;10.2
Oberösterreich;2023-06-25;9.65
Oberösterreich;2023-06-26;9.14
Oberösterreich;2023-06-27;8.64
Oberösterreich;2023-06-28;8.23
Oberösterreich;2023-06-29;7.86
Oberösterreich;2023-06-30;7.59
Oberösterreich;2023-07-01;7.38
Oberösterreich;2023-07-02;7.17
Oberösterreich;2023-07-03;7.04
Oberösterreich;2023-07-04;6.91
Oberösterreich;2023-07-05;6.91
Oberösterreich;2023-07-06;6.82
Oberösterreich;2023-07-07;6.8
Oberösterreich;2023-07-08;6.85
Oberösterreich;2023-07-09;6.84
Oberösterreich;2023-07-10;6.91
Oberösterreich;2023-07-11;7.02
Oberösterreich;2023-07-12;7.16
Oberösterreich;2023-07-13;7.3
Oberösterreich;2023-07-14;7.43
Oberösterreich;2023-07-15;7.65
Oberösterreich;2023-07-16;7.91
Oberösterreich;2023-07-17;8.09
Oberösterreich;2023-07-18;8.46
Oberösterreich;2023-07-19;8.78
Oberösterreich;2023-07-20;9.2
Oberösterreich;2023-07-21;9.7
Oberösterreich;2023-07-22;10.14
Oberösterreich;2023-07-23;10.59
Oberösterreich;2023-07-24;11.05
Oberösterreich;2023-07-25;11.5
Oberösterreich;2023-07-26;11.92
Oberösterreich;2023-07-27;12.27
Oberösterreich;2023-07-28;12.68
Oberösterreich;2023-07-29;13.19
Oberösterreich;2023-07-30;13.76
Oberösterreich;2023-07-31;14.33
Oberösterreich;2023-08-01;15.1
Oberösterreich;2023-08-02;15.95
Oberösterreich;2023-08-03;16.96
Oberösterreich;2023-08-04;17.99
Oberösterreich;2023-08-05;19.09
Oberösterreich;2023-08-06;20.22
Oberösterreich;2023-08-07;21.49
Oberösterreich;2023-08-08;22.78
Oberösterreich;2023-08-09;24.14
Oberösterreich;2023-08-10;25.43
Oberösterreich;2023-08-11;26.75
Oberösterreich;2023-08-12;27.95
Oberösterreich;2023-08-13;29.03
Oberösterreich;2023-08-14;30.02
Oberösterreich;2023-08-15;30.86
Oberösterreich;2023-08-16;31.47
Oberösterreich;2023-08-17;31.96
Oberösterreich;2023-08-18;32.32
Oberösterreich;2023-08-19;32.6
Oberösterreich;2023-08-20;32.81
Oberösterreich;2023-08-21;32.99
Oberösterreich;2023-08-22;33.16
Oberösterreich;2023-08-23;33.43
Oberösterreich;2023-08-24;33.83
Oberösterreich;2023-08-25;34.37
Oberösterreich;2023-08-26;35.08
Oberösterreich;2023-08-27;36.08
Oberösterreich;2023-08-28;37.32
Oberösterreich;2023-08-29;38.86
Oberösterreich;2023-08-30;40.59
Oberösterreich;2023-08-31;42.57
Oberösterreich;2023-09-01;44.62
Oberösterreich;2023-09-02;46.68
Oberösterreich;2023-09-03;48.68
Oberösterreich;2023-09-04;50.6
Oberösterreich;2023-09-05;52.32
Oberösterreich;2023-09-06;53.9
Oberösterreich;2023-09-07;55.26
Oberösterreich;2023-09-08;56.55
Oberösterreich;2023-09-09;57.69
Oberösterreich;2023-09-10;58.79
Oberösterreich;2023-09-11;59.9
Oberösterreich;2023-09-12;61.09
Oberösterreich;2023-09-13;62.5
Oberösterreich;2023-09-14;64.16
Oberösterreich;2023-09-15;65.98
Oberösterreich;2023-09-16;67.9
Oberösterreich;2023-09-17;69.87
Oberösterreich;2023-09-18;71.94
Oberösterreich;2023-09-19;73.99
Oberösterreich;2023-09-20;76.18
Oberösterreich;2023-09-21;78.39
Oberösterreich;2023-09-22;80.58
Oberösterreich;2023-09-23;82.69
Oberösterreich;2023-09-24;84.61
Oberösterreich;2023-09-25;86.24
Oberösterreich;2023-09-26;87.64
Oberösterreich;2023-09-27;88.71
Oberösterreich;2023-09-28;89.54
Oberösterreich;2023-09-29;90.12
Oberösterreich;2023-09-30;90.33
Oberösterreich;2023-10-01;90.22
Oberösterreich;2023-10-02;89.75
Oberösterreich;2023-10-03;89.15
Oberösterreich;2023-10-04;88.48
Oberösterreich;2023-10-05;87.91
Oberösterreich;2023-10-06;87.44
Oberösterreich;2023-10-07;87.1
Oberösterreich;2023-10-08;86.92
Oberösterreich;2023-10-09;86.93
Oberösterreich;2023-10-10;87.44
Oberösterreich;2023-10-11;88.32
Oberösterreich;2023-10-12;89.71
Oberösterreich;2023-10-13;91.6
Oberösterreich;2023-10-14;93.94
Oberösterreich;2023-10-15;96.74
Oberösterreich;2023-10-16;100.16
Oberösterreich;2023-10-17;104.1
Oberösterreich;2023-10-18;108.42
Oberösterreich;2023-10-19;113.06
Oberösterreich;2023-10-20;117.86
Oberösterreich;2023-10-21;122.69
Oberösterreich;2023-10-22;127.49
Oberösterreich;2023-10-23;132.13
Oberösterreich;2023-10-24;136.76
Oberösterreich;2023-10-25;141.24
Oberösterreich;2023-10-26;145.63
Oberösterreich;2023-10-27;149.83
Oberösterreich;2023-10-28;153.74
Oberösterreich;2023-10-29;157.26
Oberösterreich;2023-10-30;160.26
Oberösterreich;2023-10-31;162.95
Oberösterreich;2023-11-01;165.38
Oberösterreich;2023-11-02;167.86
Oberösterreich;2023-11-03;170.55
Oberösterreich;2023-11-04;173.81
Oberösterreich;2023-11-05;177.8
Oberösterreich;2023-11-06;182.8
Oberösterreich;2023-11-07;188.67
Oberösterreich;2023-11-08;195.37
Oberösterreich;2023-11-09;202.76
Oberösterreich;2023-11-10;210.73
Oberösterreich;2023-11-11;219.29
Oberösterreich;2023-11-12;228.59
Oberösterreich;2023-11-13;238.68
Oberösterreich;2023-11-14;249.59
Oberösterreich;2023-11-15;261.38
Oberösterreich;2023-11-16;274.0
Oberösterreich;2023-11-17;287.42
Oberösterreich;2023-11-18;301.91
Oberösterreich;2023-11-19;317.35
Oberösterreich;2023-11-20;333.85
Oberösterreich;2023-11-21;351.08
Oberösterreich;2023-11-22;368.54
Oberösterreich;2023-11-23;385.82
Oberösterreich;2023-11-24;402.38
Oberösterreich;2023-11-25;417.7
Oberösterreich;2023-11-26;431.22
Oberösterreich;2023-11-27;442.3
Oberösterreich;2023-11-28;450.61
Oberösterreich;2023-11-29;456.2
Oberösterreich;2023-11-30;459.42
Oberösterreich;2023-12-01;460.86
Oberösterreich;2023-12-02;460.98
Oberösterreich;2023-12-03;460.13
Oberösterreich;2023-12-04;458.77
Oberösterreich;2023-12-05;457.23
Oberösterreich;2023-12-06;455.86
Oberösterreich;2023-12-07;454.57
Oberösterreich;2023-12-08;453.24
Oberösterreich;2023-12-09;451.62
Oberösterreich;2023-12-10;449.5
Oberösterreich;2023-12-11;446.87
Oberösterreich;2023-12-12;444.13
Oberösterreich;2023-12-13;441.5
Oberösterreich;2023-12-14;438.94
Oberösterreich;2023-12-15;436.09
Oberösterreich;2023-12-16;432.58
Oberösterreich;2023-12-17;427.88
Oberösterreich;2023-12-18;421.62
Oberösterreich;2023-12-19;413.74
Oberösterreich;2023-12-20;404.37
Oberösterreich;2023-12-21;393.96
Oberösterreich;2023-12-22;382.76
Oberösterreich;2023-12-23;371.31
Oberösterreich;2023-12-24;359.7
Oberösterreich;2023-12-25;347.77
Oberösterreich;2023-12-26;335.32
Oberösterreich;2023-12-27;321.93
Oberösterreich;2023-12-28;307.65
Oberösterreich;2023-12-29;292.62
Oberösterreich;2023-12-30;277.32
Oberösterreich;2023-12-31;261.89
Oberösterreich;2024-01-01;246.57
Oberösterreich;2024-01-02;231.45
Oberösterreich;2024-01-03;216.58
Oberösterreich;2024-01-04;202.0
Oberösterreich;2024-01-05;187.83
Oberösterreich;2024-01-06;174.42
Oberösterreich;2024-01-07;161.8
Oberösterreich;2024-01-08;150.28
Oberösterreich;2024-01-09;139.83
Oberösterreich;2024-01-10;130.48
Oberösterreich;2024-01-11;122.05
Oberösterreich;2024-01-12;114.32
Oberösterreich;2024-01-13;107.24
Oberösterreich;2024-01-14;100.83
Oberösterreich;2024-01-15;95.04
Oberösterreich;2024-01-16;89.88
Oberösterreich;2024-01-17;85.16
Oberösterreich;2024-01-18;80.92
Oberösterreich;2024-01-19;77.02
Oberösterreich;2024-01-20;73.45
Oberösterreich;2024-01-21;70.14
Oberösterreich;2024-01-22;67.11
Oberösterreich;2024-01-23;64.26
Oberösterreich;2024-01-24;61.57
Oberösterreich;2024-01-25;58.98
Oberösterreich;2024-01-26;56.48
Oberösterreich;2024-01-27;53.99
Oberösterreich;2024-01-28;51.55
Oberösterreich;2024-01-29;49.19
Oberösterreich;2024-01-30;46.89
Oberösterreich;2024-01-31;44.75
Oberösterreich;2024-02-01;42.77
Oberösterreich;2024-02-02;40.89
Oberösterreich;2024-02-03;39.12
Oberösterreich;2024-02-04;37.52
Oberösterreich;2024-02-05;35.95
Oberösterreich;2024-02-06;34.5
Oberösterreich;2024-02-07;33.13
Oberösterreich;2024-02-08;31.76
Oberösterreich;2024-02-09;30.52
Oberösterreich;2024-02-10;29.36
Oberösterreich;2024-02-11;28.39
Oberösterreich;2024-02-12;27.53
Oberösterreich;2024-02-13;26.92
Oberösterreich;2024-02-14;26.41
Oberösterreich;2024-02-15;25.99
Oberösterreich;2024-02-16;25.61
Oberösterreich;2024-02-17;25.11
Oberösterreich;2024-02-18;24.34
Oberösterreich;2024-02-19;23.27
Oberösterreich;2024-02-20;22.04
Oberösterreich;2024-02-21;20.71
Oberösterreich;2024-02-22;19.32
Oberösterreich;2024-02-23;17.96
Oberösterreich;2024-02-24;16.61
Oberösterreich;2024-02-25;15.33
Oberösterreich;2024-02-26;14.14
Oberösterreich;2024-02-27;13.02
Oberösterreich;2024-02-28;12.04
Oberösterreich;2024-02-29;11.14
Oberösterreich;2024-03-01;10.39
Oberösterreich;2024-03-02;9.69
Oberösterreich;2024-03-03;9.06
Oberösterreich;2024-03-04;8.5
Oberösterreich;2024-03-05;8.01
Oberösterreich;2024-03-06;7.58
Oberösterreich;2024-03-07;7.16
Oberösterreich;2024-03-08;6.82
Oberösterreich;2024-03-09;6.53
Oberösterreich;2024-03-10;6.23
Oberösterreich;2024-03-11;5.97
Oberösterreich;2024-03-12;5.75
Oberösterreich;2024-03-13;5.6
Oberösterreich;2024-03-14;5.44
Oberösterreich;2024-03-15;5.27
Oberösterreich;2024-03-16;5.12
Oberösterreich;2024-03-17;4.97
Oberösterreich;2024-03-18;4.81
Oberösterreich;2024-03-19;4.65
Oberösterreich;2024-03-20;4.45
Oberösterreich;2024-03-21;4.31
Oberösterreich;2024-03-22;4.22
Oberösterreich;2024-03-23;4.06
Oberösterreich;2024-03-24;3.95
Oberösterreich;2024-03-25;3.84
Oberösterreich;2024-03-26;3.72
Oberösterreich;2024-03-27;3.66
Oberösterreich;2024-03-28;3.58
Oberösterreich;2024-03-29;3.53
Oberösterreich;2024-03-30;3.45
Oberösterreich;2024-03-31;3.39
Oberösterreich;2024-04-01;3.4
Oberösterreich;2024-04-02;3.28
Oberösterreich;2024-04-03;3.24
Oberösterreich;2024-04-04;3.2
Oberösterreich;2024-04-05;3.17
Oberösterreich;2024-04-06;3.07
Oberösterreich;2024-04-07;3.03
Oberösterreich;2024-04-08;2.99
Oberösterreich;2024-04-09;2.94
Oberösterreich;2024-04-10;2.9
Oberösterreich;2024-04-11;2.92
Oberösterreich;2024-04-12;2.87
Oberösterreich;2024-04-13;2.89
Oberösterreich;2024-04-14;3.0
Oberösterreich;2024-04-15;3.06
Oberösterreich;2024-04-16;3.2
Oberösterreich;2024-04-17;3.42
Oberösterreich;2024-04-18;3.61
Oberösterreich;2024-04-19;3.84
Oberösterreich;2024-04-20;4.1
Oberösterreich;2024-04-21;4.37
Oberösterreich;2024-04-22;4.68
Oberösterreich;2024-04-23;4.94
Oberösterreich;2024-04-24;5.2
Oberösterreich;2024-04-25;5.46
Oberösterreich;2024-04-26;5.73
Oberösterreich;2024-04-27;6.01
Oberösterreich;2024-04-28;6.27
Oberösterreich;2024-04-29;6.54
Oberösterreich;2024-04-30;6.89
Oberösterreich;2024-05-01;7.22
Oberösterreich;2024-05-02;7.58
Oberösterreich;2024-05-03;8.0
Oberösterreich;2024-05-04;8.43
Oberösterreich;2024-05-05;8.89
Oberösterreich;2024-05-06;9.36
Oberösterreich;2024-05-07;9.88
Oberösterreich;2024-05-08;10.46
Oberösterreich;2024-05-09;11.07
Oberösterreich;2024-05-10;11.67
Oberösterreich;2024-05-11;12.34
Oberösterreich;2024-05-12;12.99
Oberösterreich;2024-05-13;13.56
Oberösterreich;2024-05-14;14.09
Oberösterreich;2024-05-15;14.52
Oberösterreich;2024-05-16;14.86
Oberösterreich;2024-05-17;15.15
Oberösterreich;2024-05-18;15.43
Oberösterreich;2024-05-19;15.64
Oberösterreich;2024-05-20;15.72
Oberösterreich;2024-05-21;15.91
Oberösterreich;2024-05-22;15.98
Oberösterreich;2024-05-23;16.16
Oberösterreich;2024-05-24;16.33
Oberösterreich;2024-05-25;16.55
Oberösterreich;2024-05-26;16.72
Oberösterreich;2024-05-27;17.05
Oberösterreich;2024-05-28;17.36
Oberösterreich;2024-05-29;17.69
Oberösterreich;2024-05-30;18.03
Oberösterreich;2024-05-31;18.43
Oberösterreich;2024-06-01;18.82
Oberösterreich;2024-06-02;19.32
Oberösterreich;2024-06-03;19.81
Oberösterreich;2024-06-04;20.45
Oberösterreich;2024-06-05;21.15
Oberösterreich;2024-06-06;21.93
Oberösterreich;2024-06-07;22.89
Oberösterreich;2024-06-08;23.92
Oberösterreich;2024-06-09;25.05
Oberösterreich;2024-06-10;26.29
Oberösterreich;2024-06-11;27.64
Oberösterreich;2024-06-12;29.03
Oberösterreich;2024-06-13;30.42
Oberösterreich;2024-06-14;31.74
Oberösterreich;2024-06-15;32.96
Oberösterreich;2024-06-16;34.06
Oberösterreich;2024-06-17;35.03
Oberösterreich;2024-06-18;35.95
Oberösterreich;2024-06-19;36.88
Oberösterreich;2024-06-20;37.78
Oberösterreich;2024-06-21;38.62
Oberösterreich;2024-06-22;39.43
Oberösterreich;2024-06-23;40.22
Oberösterreich;2024-06-24;40.9
Oberösterreich;2024-06-25;41.55
Oberösterreich;2024-06-26;42.07
Oberösterreich;2024-06-27;42.61
Oberösterreich;2024-06-28;43.14
Oberösterreich;2024-06-29;43.72
Oberösterreich;2024-06-30;44.3
Oberösterreich;2024-07-01;44.92
Oberösterreich;2024-07-02;45.63
Oberösterreich;2024-07-03;46.37
Oberösterreich;2024-07-04;47.17
Oberösterreich;2024-07-05;47.91
Oberösterreich;2024-07-06;48.64
Oberösterreich;2024-07-07;49.32
Oberösterreich;2024-07-08;49.89
Oberösterreich;2024-07-09;50.29
Oberösterreich;2024-07-10;50.59
Oberösterreich;2024-07-11;50.84
Oberösterreich;2024-07-12;50.94
Oberösterreich;2024-07-13;50.97
Oberösterreich;2024-07-14;51.01
Oberösterreich;2024-07-15;51.07
Oberösterreich;2024-07-16;51.17
Oberösterreich;2024-07-17;51.31
Oberösterreich;2024-07-18;51.47
Oberösterreich;2024-07-19;51.71
Oberösterreich;2024-07-20;51.99
Oberösterreich;2024-07-21;52.37
Oberösterreich;2024-07-22;52.78
Oberösterreich;2024-07-23;53.31
Oberösterreich;2024-07-24;53.87
Oberösterreich;2024-07-25;54.43
Oberösterreich;2024-07-26;55.06
Oberösterreich;2024-07-27;55.69
Oberösterreich;2024-07-28;56.42
Oberösterreich;2024-07-29;57.22
Oberösterreich;2024-07-30;58.1
Oberösterreich;2024-07-31;59.16
Oberösterreich;2024-08-01;60.34
Oberösterreich;2024-08-02;61.62
Oberösterreich;2024-08-03;63.13
Oberösterreich;2024-08-04;64.76
Oberösterreich;2024-08-05;66.52
Oberösterreich;2024-08-06;68.28
Oberösterreich;2024-08-07;70.03
Oberösterreich;2024-08-08;71.62
Oberösterreich;2024-08-09;73.14
Oberösterreich;2024-08-10;74.51
Oberösterreich;2024-08-11;75.81
Oberösterreich;2024-08-12;77.03
Oberösterreich;2024-08-13;78.29
Oberösterreich;2024-08-14;79.63
Oberösterreich;2024-08-15;81.09
Oberösterreich;2024-08-16;82.75
Oberösterreich;2024-08-17;84.68
Oberösterreich;2024-08-18;86.85
Oberösterreich;2024-08-19;89.3
Oberösterreich;2024-08-20;91.82
Oberösterreich;2024-08-21;94.25
Oberösterreich;2024-08-22;96.6
Oberösterreich;2024-08-23;98.77
Oberösterreich;2024-08-24;100.83
Oberösterreich;2024-08-25;102.75
Oberösterreich;2024-08-26;104.61
Oberösterreich;2024-08-27;106.23
Oberösterreich;2024-08-28;107.78
Oberösterreich;2024-08-29;109.25
Oberösterreich;2024-08-30;110.57
Oberösterreich;2024-08-31;111.92
Oberösterreich;2024-09-01;113.22
Oberösterreich;2024-09-02;114.66
Oberösterreich;2024-09-03;116.23
Oberösterreich;2024-09-04;117.96
Oberösterreich;2024-09-05;120.01
Oberösterreich;2024-09-06;122.36
Oberösterreich;2024-09-07;124.99
Oberösterreich;2024-09-08;128.1
Oberösterreich;2024-09-09;131.72
Oberösterreich;2024-09-10;135.96
Oberösterreich;2024-09-11;140.97
Oberösterreich;2024-09-12;146.74
Oberösterreich;2024-09-13;153.4
Oberösterreich;2024-09-14;160.96
Oberösterreich;2024-09-15;169.62
Oberösterreich;2024-09-16;179.55
Oberösterreich;2024-09-17;190.62
Oberösterreich;2024-09-18;202.56
Oberösterreich;2024-09-19;215.04
Oberösterreich;2024-09-20;227.52
Oberösterreich;2024-09-21;239.49
Oberösterreich;2024-09-22;250.5
Oberösterreich;2024-09-23;260.2
Oberösterreich;2024-09-24;268.59
Oberösterreich;2024-09-25;275.58
Oberösterreich;2024-09-26;281.49
Oberösterreich;2024-09-27;286.43
Oberösterreich;2024-09-28;290.47
Oberösterreich;2024-09-29;293.55
Oberösterreich;2024-09-30;295.65
Oberösterreich;2024-10-01;296.78
Oberösterreich;2024-10-02;297.14
Oberösterreich;2024-10-03;296.66
Oberösterreich;2024-10-04;295.42
Oberösterreich;2024-10-05;293.43
Oberösterreich;2024-10-06;290.62
Oberösterreich;2024-10-07;287.03
Oberösterreich;2024-10-08;283.09
Oberösterreich;2024-10-09;279.07
Oberösterreich;2024-10-10;275.1
Oberösterreich;2024-10-11;271.03
Oberösterreich;2024-10-12;266.52
Oberösterreich;2024-10-13;261.41
Oberösterreich;2024-10-14;255.58
Oberösterreich;2024-10-15;249.21
Oberösterreich;2024-10-16;242.52
Oberösterreich;2024-10-17;235.61
Oberösterreich;2024-10-18;228.71
Oberösterreich;2024-10-19;221.73
Oberösterreich;2024-10-20;214.83
Oberösterreich;2024-10-21;208.06
Oberösterreich;2024-10-22;201.67
Oberösterreich;2024-10-23;195.82
Oberösterreich;2024-10-24;190.44
Oberösterreich;2024-10-25;185.54
Oberösterreich;2024-10-26;180.87
Oberösterreich;2024-10-27;176.38
Oberösterreich;2024-10-28;171.64
Oberösterreich;2024-10-29;166.43
Oberösterreich;2024-10-30;160.6
Oberösterreich;2024-10-31;154.08
Oberösterreich;2024-11-01;147.3
Oberösterreich;2024-11-02;140.49
Oberösterreich;2024-11-03;133.98
Oberösterreich;2024-11-04;128.0
Oberösterreich;2024-11-05;122.72
Oberösterreich;2024-11-06;118.15
Oberösterreich;2024-11-07;114.21
Oberösterreich;2024-11-08;110.68
Oberösterreich;2024-11-09;107.52
Oberösterreich;2024-11-10;104.6
Oberösterreich;2024-11-11;101.89
Oberösterreich;2024-11-12;99.45
Oberösterreich;2024-11-13;97.22
Oberösterreich;2024-11-14;95.18
Oberösterreich;2024-11-15;93.35
Oberösterreich;2024-11-16;91.76
Oberösterreich;2024-11-17;90.43
Oberösterreich;2024-11-18;89.36
Oberösterreich;2024-11-19;88.53
Oberösterreich;2024-11-20;88.0
Oberösterreich;2024-11-21;87.7
Oberösterreich;2024-11-22;87.72
Oberösterreich;2024-11-23;87.99
Oberösterreich;2024-11-24;88.67
Oberösterreich;2024-11-25;89.71
Oberösterreich;2024-11-26;91.21
Oberösterreich;2024-11-27;93.09
Oberösterreich;2024-11-28;95.26
Oberösterreich;2024-11-29;97.63
Oberösterreich;2024-11-30;99.96
Oberösterreich;2024-12-01;102.12
Oberösterreich;2024-12-02;104.09
Oberösterreich;2024-12-03;105.72
Oberösterreich;2024-12-04;107.09
Oberösterreich;2024-12-05;108.18
Oberösterreich;2024-12-06;109.06
Oberösterreich;2024-12-07;109.81
Oberösterreich;2024-12-08;110.39
Oberösterreich;2024-12-09;110.89
Oberösterreich;2024-12-10;111.32
Oberösterreich;2024-12-11;111.63
Oberösterreich;2024-12-12;111.86
Oberösterreich;2024-12-13;111.91
Oberösterreich;2024-12-14;111.76
Oberösterreich;2024-12-15;111.37
Oberösterreich;2024-12-16;110.65
Oberösterreich;2024-12-17;109.66
Oberösterreich;2024-12-18;108.49
Oberösterreich;2024-12-19;107.25
Oberösterreich;2024-12-20;105.99
Oberösterreich;2024-12-21;104.64
Oberösterreich;2024-12-22;103.36
Oberösterreich;2024-12-23;102.12
Oberösterreich;2024-12-24;100.8
Oberösterreich;2024-12-25;99.57
Oberösterreich;2024-12-26;98.21
Oberösterreich;2024-12-27;96.74
Oberösterreich;2024-12-28;95.11
Oberösterreich;2024-12-29;93.22
Oberösterreich;2024-12-30;91.07
Oberösterreich;2024-12-31;88.62
Oberösterreich;2025-01-01;86.05
Oberösterreich;2025-01-02;83.37
Oberösterreich;2025-01-03;80.57
Oberösterreich;2025-01-04;77.74
Oberösterreich;2025-01-05;74.87
Oberösterreich;2025-01-06;72.0
Oberösterreich;2025-01-07;69.2
Oberösterreich;2025-01-08;66.34
Oberösterreich;2025-01-09;63.5
Oberösterreich;2025-01-10;60.76
Oberösterreich;2025-01-11;58.03
Oberösterreich;2025-01-12;55.39
Oberösterreich;2025-01-13;52.85
Oberösterreich;2025-01-14;50.42
Oberösterreich;2025-01-15;48.22
Oberösterreich;2025-01-16;46.11
Oberösterreich;2025-01-17;44.23
Oberösterreich;2025-01-18;42.43
Oberösterreich;2025-01-19;40.82
Oberösterreich;2025-01-20;39.28
Oberösterreich;2025-01-21;38.0
Oberösterreich;2025-01-22;36.9
Oberösterreich;2025-01-23;35.85
Oberösterreich;2025-01-24;34.98
Oberösterreich;2025-01-25;34.17
Oberösterreich;2025-01-26;33.49
Oberösterreich;2025-01-27;32.7
Oberösterreich;2025-01-28;32.04
Oberösterreich;2025-01-29;31.48
Oberösterreich;2025-01-30;30.87
Oberösterreich;2025-01-31;30.33
Oberösterreich;2025-02-01;29.89
Oberösterreich;2025-02-02;29.48
Oberösterreich;2025-02-03;29.08
Oberösterreich;2025-02-04;28.71
Oberösterreich;2025-02-05;28.41
Oberösterreich;2025-02-06;28.06
Oberösterreich;2025-02-07;27.74
Oberösterreich;2025-02-08;27.36
Oberösterreich;2025-02-09;26.94
Oberösterreich;2025-02-10;26.45
Oberösterreich;2025-02-11;25.85
Oberösterreich;2025-02-12;25.09
Oberösterreich;2025-02-13;24.25
Oberösterreich;2025-02-14;23.4
Oberösterreich;2025-02-15;22.54
Oberösterreich;2025-02-16;21.72
Oberösterreich;2025-02-17;21.0
Oberösterreich;2025-02-18;20.27
Oberösterreich;2025-02-19;19.56
Oberösterreich;2025-02-20;18.82
Oberösterreich;2025-02-21;18.11
Oberösterreich;2025-02-22;17.36
Oberösterreich;2025-02-23;16.63
Oberösterreich;2025-02-24;16.04
Oberösterreich;2025-02-25;15.44
Oberösterreich;2025-02-26;14.88
Oberösterreich;2025-02-27;14.34
Oberösterreich;2025-02-28;13.96
Oberösterreich;2025-03-01;13.52
Oberösterreich;2025-03-02;13.27
Oberösterreich;2025-03-03;13.08
Oberösterreich;2025-03-04;13.05
Oberösterreich;2025-03-05;13.08
Oberösterreich;2025-03-06;13.3
Oberösterreich;2025-03-07;13.53
Oberösterreich;2025-03-08;13.76
Oberösterreich;2025-03-09;14.1
Oberösterreich;2025-03-10;14.45
Oberösterreich;2025-03-11;14.88
Oberösterreich;2025-03-12;15.25
Oberösterreich;2025-03-13;15.69
Oberösterreich;2025-03-14;16.03
Oberösterreich;2025-03-15;16.35
Oberösterreich;2025-03-16;16.61
Oberösterreich;2025-03-17;16.71
Oberösterreich;2025-03-18;16.66
Oberösterreich;2025-03-19;16.53
Oberösterreich;2025-03-20;16.39
Oberösterreich;2025-03-21;16.13
Oberösterreich;2025-03-22;15.81
Oberösterreich;2025-03-23;15.34
Oberösterreich;2025-03-24;14.85
Oberösterreich;2025-03-25;14.26
Oberösterreich;2025-03-26;13.63
Oberösterreich;2025-03-27;13.05
Oberösterreich;2025-03-28;12.51
Oberösterreich;2025-03-29;12.08
Oberösterreich;2025-03-30;11.7
Oberösterreich;2025-03-31;11.54
Oberösterreich;2025-04-01;11.51
Oberösterreich;2025-04-02;11.56
Oberösterreich;2025-04-03;11.72
Oberösterreich;2025-04-04;11.98
Oberösterreich;2025-04-05;12.33
Oberösterreich;2025-04-06;12.69
Oberösterreich;2025-04-07;13.11
Oberösterreich;2025-04-08;13.58
Oberösterreich;2025-04-09;14.04
Oberösterreich;2025-04-10;14.5
Oberösterreich;2025-04-11;14.97
Oberösterreich;2025-04-12;15.37
Oberösterreich;2025-04-13;15.75
Oberösterreich;2025-04-14;15.92
Oberösterreich;2025-04-15;15.97
Oberösterreich;2025-04-16;15.81
Oberösterreich;2025-04-17;15.47
Oberösterreich;2025-04-18;15.0
Oberösterreich;2025-04-19;14.46
Oberösterreich;2025-04-20;13.88
Oberösterreich;2025-04-21;13.29
Oberösterreich;2025-04-22;12.7
Oberösterreich;2025-04-23;12.24
Oberösterreich;2025-04-24;11.69
Oberösterreich;2025-04-25;11.24
Oberösterreich;2025-04-26;10.85
Oberösterreich;2025-04-27;10.43
Oberösterreich;2025-04-28;10.02
Oberösterreich;2025-04-29;9.72
Oberösterreich;2025-04-30;9.43
Oberösterreich;2025-05-01;9.23
Oberösterreich;2025-05-02;9.02
Oberösterreich;2025-05-03;8.92
Oberösterreich;2025-05-04;8.86
Oberösterreich;2025-05-05;8.97
Oberösterreich;2025-05-06;9.21
Oberösterreich;2025-05-07;9.5
Oberösterreich;2025-05-08;9.92
Oberösterreich;2025-05-09;10.41
Oberösterreich;2025-05-10;10.93
Oberösterreich;2025-05-11;11.48
Oberösterreich;2025-05-12;12.02
Oberösterreich;2025-05-13;12.59
Oberösterreich;2025-05-14;13.16
Oberösterreich;2025-05-15;13.81
Oberösterreich;2025-05-16;14.57
Oberösterreich;2025-05-17;15.33
Oberösterreich;2025-05-18;16.26
Oberösterreich;2025-05-19;17.33
Oberösterreich;2025-05-20;18.51
Oberösterreich;2025-05-21;19.77
Oberösterreich;2025-05-22;21.1
Oberösterreich;2025-05-23;22.38
Oberösterreich;2025-05-24;23.46
Oberösterreich;2025-05-25;24.39
Oberösterreich;2025-05-26;25.12
Oberösterreich;2025-05-27;25.58
Oberösterreich;2025-05-28;25.87
Oberösterreich;2025-05-29;26.01
Oberösterreich;2025-05-30;26.13
Oberösterreich;2025-05-31;26.07
Oberösterreich;2025-06-01;25.95
Oberösterreich;2025-06-02;25.75
Oberösterreich;2025-06-03;25.47
Oberösterreich;2025-06-04;25.13
Oberösterreich;2025-06-05;24.74
Oberösterreich;2025-06-06;24.39
Oberösterreich;2025-06-07;24.08
Oberösterreich;2025-06-08;23.79
Oberösterreich;2025-06-09;23.57
Oberösterreich;2025-06-10;23.44
Oberösterreich;2025-06-11;21.78
Oberösterreich;2025-06-12;21.85
Oberösterreich;2025-06-13;21.93
Oberösterreich;2025-06-14;22.08
Oberösterreich;2025-06-15;22.23
Niederösterreich;2022-09-01;82.83
Niederösterreich;2022-09-02;82.53
Niederösterreich;2022-09-03;82.39
Niederösterreich;2022-09-04;82.42
Niederösterreich;2022-09-05;82.73
Niederösterreich;2022-09-06;83.35
Niederösterreich;2022-09-07;84.33
Niederösterreich;2022-09-08;85.75
Niederösterreich;2022-09-09;87.5
Niederösterreich;2022-09-10;89.62
Niederösterreich;2022-09-11;92.06
Niederösterreich;2022-09-12;94.85
Niederösterreich;2022-09-13;98.03
Niederösterreich;2022-09-14;101.64
Niederösterreich;2022-09-15;105.69
Niederösterreich;2022-09-16;110.16
Niederösterreich;2022-09-17;115.06
Niederösterreich;2022-09-18;120.37
Niederösterreich;2022-09-19;126.08
Niederösterreich;2022-09-20;132.21
Niederösterreich;2022-09-21;138.71
Niederösterreich;2022-09-22;145.53
Niederösterreich;2022-09-23;152.58
Niederösterreich;2022-09-24;159.73
Niederösterreich;2022-09-25;166.89
Niederösterreich;2022-09-26;173.98
Niederösterreich;2022-09-27;180.84
Niederösterreich;2022-09-28;187.34
Niederösterreich;2022-09-29;193.41
Niederösterreich;2022-09-30;198.98
Niederösterreich;2022-10-01;203.99
Niederösterreich;2022-10-02;208.48
Niederösterreich;2022-10-03;212.31
Niederösterreich;2022-10-04;215.4
Niederösterreich;2022-10-05;217.57
Niederösterreich;2022-10-06;218.79
Niederösterreich;2022-10-07;218.94
Niederösterreich;2022-10-08;218.04
Niederösterreich;2022-10-09;216.12
Niederösterreich;2022-10-10;213.18
Niederösterreich;2022-10-11;209.46
Niederösterreich;2022-10-12;205.25
Niederösterreich;2022-10-13;200.83
Niederösterreich;2022-10-14;196.27
Niederösterreich;2022-10-15;191.73
Niederösterreich;2022-10-16;187.07
Niederösterreich;2022-10-17;182.38
Niederösterreich;2022-10-18;177.62
Niederösterreich;2022-10-19;172.76
Niederösterreich;2022-10-20;167.89
Niederösterreich;2022-10-21;163.04
Niederösterreich;2022-10-22;158.21
Niederösterreich;2022-10-23;153.49
Niederösterreich;2022-10-24;148.87
Niederösterreich;2022-10-25;144.44
Niederösterreich;2022-10-26;140.24
Niederösterreich;2022-10-27;136.26
Niederösterreich;2022-10-28;132.52
Niederösterreich;2022-10-29;129.02
Niederösterreich;2022-10-30;125.74
Niederösterreich;2022-10-31;122.79
Niederösterreich;2022-11-01;120.2
Niederösterreich;2022-11-02;118.0
Niederösterreich;2022-11-03;116.17
Niederösterreich;2022-11-04;114.73
Niederösterreich;2022-11-05;113.56
Niederösterreich;2022-11-06;112.65
Niederösterreich;2022-11-07;111.98
Niederösterreich;2022-11-08;111.54
Niederösterreich;2022-11-09;111.37
Niederösterreich;2022-11-10;111.49
Niederösterreich;2022-11-11;111.9
Niederösterreich;2022-11-12;112.64
Niederösterreich;2022-11-13;113.77
Niederösterreich;2022-11-14;115.26
Niederösterreich;2022-11-15;117.17
Niederösterreich;2022-11-16;119.48
Niederösterreich;2022-11-17;122.06
Niederösterreich;2022-11-18;124.97
Niederösterreich;2022-11-19;128.06
Niederösterreich;2022-11-20;131.38
Niederösterreich;2022-11-21;134.81
Niederösterreich;2022-11-22;138.43
Niederösterreich;2022-11-23;142.18
Niederösterreich;2022-11-24;146.12
Niederösterreich;2022-11-25;150.1
Niederösterreich;2022-11-26;154.14
Niederösterreich;2022-11-27;158.04
Niederösterreich;2022-11-28;161.84
Niederösterreich;2022-11-29;165.49
Niederösterreich;2022-11-30;169.13
Niederösterreich;2022-12-01;172.65
Niederösterreich;2022-12-02;176.13
Niederösterreich;2022-12-03;179.39
Niederösterreich;2022-12-04;182.41
Niederösterreich;2022-12-05;185.09
Niederösterreich;2022-12-06;187.46
Niederösterreich;2022-12-07;189.52
Niederösterreich;2022-12-08;191.35
Niederösterreich;2022-12-09;192.91
Niederösterreich;2022-12-10;194.14
Niederösterreich;2022-12-11;194.99
Niederösterreich;2022-12-12;195.52
Niederösterreich;2022-12-13;195.86
Niederösterreich;2022-12-14;196.16
Niederösterreich;2022-12-15;196.47
Niederösterreich;2022-12-16;196.75
Niederösterreich;2022-12-17;196.99
Niederösterreich;2022-12-18;196.95
Niederösterreich;2022-12-19;196.63
Niederösterreich;2022-12-20;195.99
Niederösterreich;2022-12-21;195.18
Niederösterreich;2022-12-22;194.24
Niederösterreich;2022-12-23;193.25
Niederösterreich;2022-12-24;192.11
Niederösterreich;2022-12-25;190.89
Niederösterreich;2022-12-26;189.44
Niederösterreich;2022-12-27;187.64
Niederösterreich;2022-12-28;185.48
Niederösterreich;2022-12-29;182.86
Niederösterreich;2022-12-30;179.81
Niederösterreich;2022-12-31;176.36
Niederösterreich;2023-01-01;172.54
Niederösterreich;2023-01-02;168.37
Niederösterreich;2023-01-03;163.89
Niederösterreich;2023-01-04;159.1
Niederösterreich;2023-01-05;154.14
Niederösterreich;2023-01-06;149.09
Niederösterreich;2023-01-07;144.09
Niederösterreich;2023-01-08;139.22
Niederösterreich;2023-01-09;134.55
Niederösterreich;2023-01-10;130.11
Niederösterreich;2023-01-11;125.85
Niederösterreich;2023-01-12;121.77
Niederösterreich;2023-01-13;117.95
Niederösterreich;2023-01-14;114.49
Niederösterreich;2023-01-15;111.54
Niederösterreich;2023-01-16;109.31
Niederösterreich;2023-01-17;107.7
Niederösterreich;2023-01-18;106.5
Niederösterreich;2023-01-19;106.38
Niederösterreich;2023-01-20;106.92
Niederösterreich;2023-01-21;108.29
Niederösterreich;2023-01-22;115.81
Niederösterreich;2023-01-23;120.84
Niederösterreich;2023-01-24;124.67
Niederösterreich;2023-01-25;129.22
Niederösterreich;2023-01-26;134.34
Niederösterreich;2023-01-27;139.86
Niederösterreich;2023-01-28;145.57
Niederösterreich;2023-01-29;150.67
Niederösterreich;2023-01-30;156.15
Niederösterreich;2023-01-31;161.77
Niederösterreich;2023-02-01;167.46
Niederösterreich;2023-02-02;173.3
Niederösterreich;2023-02-03;179.23
Niederösterreich;2023-02-04;185.29
Niederösterreich;2023-02-05;191.4
Niederösterreich;2023-02-06;197.51
Niederösterreich;2023-02-07;202.52
Niederösterreich;2023-02-08;208.17
Niederösterreich;2023-02-09;213.73
Niederösterreich;2023-02-10;219.13
Niederösterreich;2023-02-11;224.31
Niederösterreich;2023-02-12;229.14
Niederösterreich;2023-02-13;233.52
Niederösterreich;2023-02-14;237.21
Niederösterreich;2023-02-15;240.12
Niederösterreich;2023-02-16;242.31
Niederösterreich;2023-02-17;243.89
Niederösterreich;2023-02-18;245.22
Niederösterreich;2023-02-19;246.56
Niederösterreich;2023-02-20;248.0
Niederösterreich;2023-02-21;249.6
Niederösterreich;2023-02-22;251.27
Niederösterreich;2023-02-23;252.85
Niederösterreich;2023-02-24;254.26
Niederösterreich;2023-02-25;255.37
Niederösterreich;2023-02-26;256.25
Niederösterreich;2023-02-27;256.89
Niederösterreich;2023-02-28;257.46
Niederösterreich;2023-03-01;258.03
Niederösterreich;2023-03-02;258.7
Niederösterreich;2023-03-03;259.39
Niederösterreich;2023-03-04;259.97
Niederösterreich;2023-03-05;260.29
Niederösterreich;2023-03-06;260.12
Niederösterreich;2023-03-07;259.34
Niederösterreich;2023-03-08;257.85
Niederösterreich;2023-03-09;255.58
Niederösterreich;2023-03-10;252.6
Niederösterreich;2023-03-11;248.9
Niederösterreich;2023-03-12;244.59
Niederösterreich;2023-03-13;239.79
Niederösterreich;2023-03-14;234.7
Niederösterreich;2023-03-15;229.5
Niederösterreich;2023-03-16;224.29
Niederösterreich;2023-03-17;219.05
Niederösterreich;2023-03-18;213.65
Niederösterreich;2023-03-19;207.96
Niederösterreich;2023-03-20;201.93
Niederösterreich;2023-03-21;195.5
Niederösterreich;2023-03-22;188.69
Niederösterreich;2023-03-23;181.6
Niederösterreich;2023-03-24;174.29
Niederösterreich;2023-03-25;166.9
Niederösterreich;2023-03-26;159.56
Niederösterreich;2023-03-27;152.39
Niederösterreich;2023-03-28;145.53
Niederösterreich;2023-03-29;139.14
Niederösterreich;2023-03-30;133.24
Niederösterreich;2023-03-31;127.81
Niederösterreich;2023-04-01;122.81
Niederösterreich;2023-04-02;118.09
Niederösterreich;2023-04-03;113.62
Niederösterreich;2023-04-04;109.43
Niederösterreich;2023-04-05;105.36
Niederösterreich;2023-04-06;101.42
Niederösterreich;2023-04-07;97.62
Niederösterreich;2023-04-08;93.85
Niederösterreich;2023-04-09;90.24
Niederösterreich;2023-04-10;86.72
Niederösterreich;2023-04-11;83.34
Niederösterreich;2023-04-12;80.17
Niederösterreich;2023-04-13;77.23
Niederösterreich;2023-04-14;74.52
Niederösterreich;2023-04-15;72.06
Niederösterreich;2023-04-16;69.88
Niederösterreich;2023-04-17;67.99
Niederösterreich;2023-04-18;66.34
Niederösterreich;2023-04-19;64.92
Niederösterreich;2023-04-20;63.68
Niederösterreich;2023-04-21;62.52
Niederösterreich;2023-04-22;61.39
Niederösterreich;2023-04-23;60.23
Niederösterreich;2023-04-24;59.0
Niederösterreich;2023-04-25;57.73
Niederösterreich;2023-04-26;56.42
Niederösterreich;2023-04-27;55.1
Niederösterreich;2023-04-28;53.76
Niederösterreich;2023-04-29;52.44
Niederösterreich;2023-04-30;51.12
Niederösterreich;2023-05-01;49.84
Niederösterreich;2023-05-02;48.56
Niederösterreich;2023-05-03;47.31
Niederösterreich;2023-05-04;46.05
Niederösterreich;2023-05-05;44.81
Niederösterreich;2023-05-06;43.55
Niederösterreich;2023-05-07;42.3
Niederösterreich;2023-05-08;41.04
Niederösterreich;2023-05-09;39.8
Niederösterreich;2023-05-10;38.59
Niederösterreich;2023-05-11;37.37
Niederösterreich;2023-05-12;36.21
Niederösterreich;2023-05-13;35.03
Niederösterreich;2023-05-14;33.92
Niederösterreich;2023-05-15;32.85
Niederösterreich;2023-05-16;31.81
Niederösterreich;2023-05-17;30.86
Niederösterreich;2023-05-18;29.96
Niederösterreich;2023-05-19;29.11
Niederösterreich;2023-05-20;28.27
Niederösterreich;2023-05-21;27.44
Niederösterreich;2023-05-22;26.56
Niederösterreich;2023-05-23;25.71
Niederösterreich;2023-05-24;24.84
Niederösterreich;2023-05-25;23.94
Niederösterreich;2023-05-26;23.1
Niederösterreich;2023-05-27;22.24
Niederösterreich;2023-05-28;21.46
Niederösterreich;2023-05-29;20.67
Niederösterreich;2023-05-30;19.95
Niederösterreich;2023-05-31;19.24
Niederösterreich;2023-06-01;18.63
Niederösterreich;2023-06-02;18.04
Niederösterreich;2023-06-03;17.55
Niederösterreich;2023-06-04;17.1
Niederösterreich;2023-06-05;16.72
Niederösterreich;2023-06-06;16.41
Niederösterreich;2023-06-07;16.14
Niederösterreich;2023-06-08;15.92
Niederösterreich;2023-06-09;15.75
Niederösterreich;2023-06-10;15.57
Niederösterreich;2023-06-11;15.41
Niederösterreich;2023-06-12;15.21
Niederösterreich;2023-06-13;15.0
Niederösterreich;2023-06-14;14.78
Niederösterreich;2023-06-15;14.57
Niederösterreich;2023-06-16;14.33
Niederösterreich;2023-06-17;14.09
Niederösterreich;2023-06-18;13.85
Niederösterreich;2023-06-19;13.6
Niederösterreich;2023-06-20;13.35
Niederösterreich;2023-06-21;13.03
Niederösterreich;2023-06-22;12.7
Niederösterreich;2023-06-23;12.36
Niederösterreich;2023-06-24;12.03
Niederösterreich;2023-06-25;11.74
Niederösterreich;2023-06-26;11.48
Niederösterreich;2023-06-27;11.27
Niederösterreich;2023-06-28;11.13
Niederösterreich;2023-06-29;11.03
Niederösterreich;2023-06-30;10.97
Niederösterreich;2023-07-01;10.92
Niederösterreich;2023-07-02;10.85
Niederösterreich;2023-07-03;10.78
Niederösterreich;2023-07-04;10.67
Niederösterreich;2023-07-05;10.56
Niederösterreich;2023-07-06;10.43
Niederösterreich;2023-07-07;10.34
Niederösterreich;2023-07-08;10.29
Niederösterreich;2023-07-09;10.3
Niederösterreich;2023-07-10;10.34
Niederösterreich;2023-07-11;10.46
Niederösterreich;2023-07-12;10.66
Niederösterreich;2023-07-13;10.91
Niederösterreich;2023-07-14;11.23
Niederösterreich;2023-07-15;11.55
Niederösterreich;2023-07-16;11.9
Niederösterreich;2023-07-17;12.26
Niederösterreich;2023-07-18;12.62
Niederösterreich;2023-07-19;12.98
Niederösterreich;2023-07-20;13.39
Niederösterreich;2023-07-21;13.79
Niederösterreich;2023-07-22;14.23
Niederösterreich;2023-07-23;14.7
Niederösterreich;2023-07-24;15.21
Niederösterreich;2023-07-25;15.83
Niederösterreich;2023-07-26;16.54
Niederösterreich;2023-07-27;17.36
Niederösterreich;2023-07-28;18.31
Niederösterreich;2023-07-29;19.37
Niederösterreich;2023-07-30;20.56
Niederösterreich;2023-07-31;21.88
Niederösterreich;2023-08-01;23.36
Niederösterreich;2023-08-02;24.97
Niederösterreich;2023-08-03;26.69
Niederösterreich;2023-08-04;28.52
Niederösterreich;2023-08-05;30.43
Niederösterreich;2023-08-06;32.36
Niederösterreich;2023-08-07;34.32
Niederösterreich;2023-08-08;36.22
Niederösterreich;2023-08-09;38.07
Niederösterreich;2023-08-10;39.76
Niederösterreich;2023-08-11;41.31
Niederösterreich;2023-08-12;42.75
Niederösterreich;2023-08-13;44.04
Niederösterreich;2023-08-14;45.26
Niederösterreich;2023-08-15;46.39
Niederösterreich;2023-08-16;47.47
Niederösterreich;2023-08-17;48.53
Niederösterreich;2023-08-18;49.67
Niederösterreich;2023-08-19;50.84
Niederösterreich;2023-08-20;52.12
Niederösterreich;2023-08-21;53.51
Niederösterreich;2023-08-22;55.02
Niederösterreich;2023-08-23;56.67
Niederösterreich;2023-08-24;58.45
Niederösterreich;2023-08-25;60.3
Niederösterreich;2023-08-26;62.22
Niederösterreich;2023-08-27;64.14
Niederösterreich;2023-08-28;66.04
Niederösterreich;2023-08-29;67.93
Niederösterreich;2023-08-30;69.76
Niederösterreich;2023-08-31;71.53
Niederösterreich;2023-09-01;73.22
Niederösterreich;2023-09-02;74.87
Niederösterreich;2023-09-03;76.41
Niederösterreich;2023-09-04;77.86
Niederösterreich;2023-09-05;79.17
Niederösterreich;2023-09-06;80.38
Niederösterreich;2023-09-07;81.47
Niederösterreich;2023-09-08;82.46
Niederösterreich;2023-09-09;83.35
Niederösterreich;2023-09-10;84.12
Niederösterreich;2023-09-11;84.85
Niederösterreich;2023-09-12;85.46
Niederösterreich;2023-09-13;86.09
Niederösterreich;2023-09-14;86.67
Niederösterreich;2023-09-15;87.29
Niederösterreich;2023-09-16;87.87
Niederösterreich;2023-09-17;88.37
Niederösterreich;2023-09-18;88.77
Niederösterreich;2023-09-19;89.05
Niederösterreich;2023-09-20;89.31
Niederösterreich;2023-09-21;89.58
Niederösterreich;2023-09-22;89.96
Niederösterreich;2023-09-23;90.47
Niederösterreich;2023-09-24;91.17
Niederösterreich;2023-09-25;92.09
Niederösterreich;2023-09-26;93.26
Niederösterreich;2023-09-27;94.57
Niederösterreich;2023-09-28;96.11
Niederösterreich;2023-09-29;97.74
Niederösterreich;2023-09-30;99.49
Niederösterreich;2023-10-01;101.33
Niederösterreich;2023-10-02;103.17
Niederösterreich;2023-10-03;105.01
Niederösterreich;2023-10-04;106.9
Niederösterreich;2023-10-05;108.84
Niederösterreich;2023-10-06;110.97
Niederösterreich;2023-10-07;113.33
Niederösterreich;2023-10-08;115.93
Niederösterreich;2023-10-09;118.77
Niederösterreich;2023-10-10;121.77
Niederösterreich;2023-10-11;124.88
Niederösterreich;2023-10-12;128.01
Niederösterreich;2023-10-13;131.18
Niederösterreich;2023-10-14;134.44
Niederösterreich;2023-10-15;137.87
Niederösterreich;2023-10-16;141.49
Niederösterreich;2023-10-17;145.31
Niederösterreich;2023-10-18;149.27
Niederösterreich;2023-10-19;153.4
Niederösterreich;2023-10-20;157.55
Niederösterreich;2023-10-21;161.68
Niederösterreich;2023-10-22;165.7
Niederösterreich;2023-10-23;169.6
Niederösterreich;2023-10-24;173.44
Niederösterreich;2023-10-25;177.29
Niederösterreich;2023-10-26;181.27
Niederösterreich;2023-10-27;185.38
Niederösterreich;2023-10-28;189.64
Niederösterreich;2023-10-29;194.11
Niederösterreich;2023-10-30;198.78
Niederösterreich;2023-10-31;203.69
Niederösterreich;2023-11-01;208.89
Niederösterreich;2023-11-02;214.4
Niederösterreich;2023-11-03;220.21
Niederösterreich;2023-11-04;226.44
Niederösterreich;2023-11-05;233.12
Niederösterreich;2023-11-06;240.37
Niederösterreich;2023-11-07;248.4
Niederösterreich;2023-11-08;257.24
Niederösterreich;2023-11-09;266.93
Niederösterreich;2023-11-10;277.35
Niederösterreich;2023-11-11;288.25
Niederösterreich;2023-11-12;299.4
Niederösterreich;2023-11-13;321.2
Niederösterreich;2023-11-14;332.9
Niederösterreich;2023-11-15;344.61
Niederösterreich;2023-11-16;356.44
Niederösterreich;2023-11-17;368.48
Niederösterreich;2023-11-18;380.97
Niederösterreich;2023-11-19;394.08
Niederösterreich;2023-11-20;407.88
Niederösterreich;2023-11-21;422.23
Niederösterreich;2023-11-22;436.9
Niederösterreich;2023-11-23;451.66
Niederösterreich;2023-11-24;466.34
Niederösterreich;2023-11-25;480.8
Niederösterreich;2023-11-26;494.97
Niederösterreich;2023-11-27;508.85
Niederösterreich;2023-11-28;522.38
Niederösterreich;2023-11-29;535.64
Niederösterreich;2023-11-30;548.49
Niederösterreich;2023-12-01;560.73
Niederösterreich;2023-12-02;572.05
Niederösterreich;2023-12-03;582.07
Niederösterreich;2023-12-04;590.58
Niederösterreich;2023-12-05;597.54
Niederösterreich;2023-12-06;605.85
Niederösterreich;2023-12-07;609.35
Niederösterreich;2023-12-08;611.53
Niederösterreich;2023-12-09;612.17
Niederösterreich;2023-12-10;610.98
Niederösterreich;2023-12-11;607.78
Niederösterreich;2023-12-12;602.54
Niederösterreich;2023-12-13;595.51
Niederösterreich;2023-12-14;586.98
Niederösterreich;2023-12-15;577.22
Niederösterreich;2023-12-16;566.39
Niederösterreich;2023-12-17;554.56
Niederösterreich;2023-12-18;541.6
Niederösterreich;2023-12-19;527.37
Niederösterreich;2023-12-20;511.7
Niederösterreich;2023-12-21;494.66
Niederösterreich;2023-12-22;476.52
Niederösterreich;2023-12-23;457.61
Niederösterreich;2023-12-24;438.21
Niederösterreich;2023-12-25;418.56
Niederösterreich;2023-12-26;398.87
Niederösterreich;2023-12-27;379.22
Niederösterreich;2023-12-28;359.73
Niederösterreich;2023-12-29;340.45
Niederösterreich;2023-12-30;321.46
Niederösterreich;2023-12-31;302.87
Niederösterreich;2024-01-01;284.84
Niederösterreich;2024-01-02;267.47
Niederösterreich;2024-01-03;250.96
Niederösterreich;2024-01-04;235.37
Niederösterreich;2024-01-05;220.72
Niederösterreich;2024-01-06;207.06
Niederösterreich;2024-01-07;194.46
Niederösterreich;2024-01-08;182.89
Niederösterreich;2024-01-09;172.3
Niederösterreich;2024-01-10;162.56
Niederösterreich;2024-01-11;153.57
Niederösterreich;2024-01-12;145.21
Niederösterreich;2024-01-13;137.49
Niederösterreich;2024-01-14;130.35
Niederösterreich;2024-01-15;123.84
Niederösterreich;2024-01-16;117.9
Niederösterreich;2024-01-17;112.5
Niederösterreich;2024-01-18;107.53
Niederösterreich;2024-01-19;102.93
Niederösterreich;2024-01-20;98.64
Niederösterreich;2024-01-21;94.64
Niederösterreich;2024-01-22;90.85
Niederösterreich;2024-01-23;87.3
Niederösterreich;2024-01-24;83.92
Niederösterreich;2024-01-25;80.73
Niederösterreich;2024-01-26;77.66
Niederösterreich;2024-01-27;74.72
Niederösterreich;2024-01-28;71.83
Niederösterreich;2024-01-29;69.12
Niederösterreich;2024-01-30;66.49
Niederösterreich;2024-01-31;64.03
Niederösterreich;2024-02-01;61.69
Niederösterreich;2024-02-02;59.45
Niederösterreich;2024-02-03;57.23
Niederösterreich;2024-02-04;54.98
Niederösterreich;2024-02-05;52.7
Niederösterreich;2024-02-06;50.35
Niederösterreich;2024-02-07;48.02
Niederösterreich;2024-02-08;45.73
Niederösterreich;2024-02-09;43.52
Niederösterreich;2024-02-10;41.41
Niederösterreich;2024-02-11;39.35
Niederösterreich;2024-02-12;37.42
Niederösterreich;2024-02-13;35.58
Niederösterreich;2024-02-14;33.84
Niederösterreich;2024-02-15;32.17
Niederösterreich;2024-02-16;30.58
Niederösterreich;2024-02-17;29.08
Niederösterreich;2024-02-18;27.65
Niederösterreich;2024-02-19;26.34
Niederösterreich;2024-02-20;25.11
Niederösterreich;2024-02-21;24.01
Niederösterreich;2024-02-22;22.93
Niederösterreich;2024-02-23;21.92
Niederösterreich;2024-02-24;20.95
Niederösterreich;2024-02-25;20.0
Niederösterreich;2024-02-26;19.06
Niederösterreich;2024-02-27;18.13
Niederösterreich;2024-02-28;17.24
Niederösterreich;2024-02-29;16.38
Niederösterreich;2024-03-01;15.6
Niederösterreich;2024-03-02;14.87
Niederösterreich;2024-03-03;14.2
Niederösterreich;2024-03-04;13.6
Niederösterreich;2024-03-05;13.1
Niederösterreich;2024-03-06;12.69
Niederösterreich;2024-03-07;12.33
Niederösterreich;2024-03-08;12.05
Niederösterreich;2024-03-09;11.84
Niederösterreich;2024-03-10;11.61
Niederösterreich;2024-03-11;11.41
Niederösterreich;2024-03-12;11.24
Niederösterreich;2024-03-13;11.07
Niederösterreich;2024-03-14;10.93
Niederösterreich;2024-03-15;10.82
Niederösterreich;2024-03-16;10.74
Niederösterreich;2024-03-17;10.69
Niederösterreich;2024-03-18;10.65
Niederösterreich;2024-03-19;10.67
Niederösterreich;2024-03-20;10.69
Niederösterreich;2024-03-21;10.7
Niederösterreich;2024-03-22;10.72
Niederösterreich;2024-03-23;10.72
Niederösterreich;2024-03-24;10.71
Niederösterreich;2024-03-25;10.62
Niederösterreich;2024-03-26;10.55
Niederösterreich;2024-03-27;10.42
Niederösterreich;2024-03-28;10.28
Niederösterreich;2024-03-29;10.11
Niederösterreich;2024-03-30;9.98
Niederösterreich;2024-03-31;9.83
Niederösterreich;2024-04-01;9.65
Niederösterreich;2024-04-02;9.46
Niederösterreich;2024-04-03;9.27
Niederösterreich;2024-04-04;9.08
Niederösterreich;2024-04-05;8.85
Niederösterreich;2024-04-06;8.68
Niederösterreich;2024-04-07;8.53
Niederösterreich;2024-04-08;8.41
Niederösterreich;2024-04-09;8.36
Niederösterreich;2024-04-10;8.41
Niederösterreich;2024-04-11;8.48
Niederösterreich;2024-04-12;8.64
Niederösterreich;2024-04-13;8.88
Niederösterreich;2024-04-14;9.16
Niederösterreich;2024-04-15;9.5
Niederösterreich;2024-04-16;9.9
Niederösterreich;2024-04-17;10.36
Niederösterreich;2024-04-18;10.89
Niederösterreich;2024-04-19;11.44
Niederösterreich;2024-04-20;12.06
Niederösterreich;2024-04-21;12.65
Niederösterreich;2024-04-22;13.26
Niederösterreich;2024-04-23;13.87
Niederösterreich;2024-04-24;14.48
Niederösterreich;2024-04-25;15.1
Niederösterreich;2024-04-26;15.73
Niederösterreich;2024-04-27;16.31
Niederösterreich;2024-04-28;16.86
Niederösterreich;2024-04-29;17.32
Niederösterreich;2024-04-30;17.72
Niederösterreich;2024-05-01;18.11
Niederösterreich;2024-05-02;18.42
Niederösterreich;2024-05-03;18.68
Niederösterreich;2024-05-04;18.94
Niederösterreich;2024-05-05;19.11
Niederösterreich;2024-05-06;19.28
Niederösterreich;2024-05-07;19.39
Niederösterreich;2024-05-08;19.47
Niederösterreich;2024-05-09;19.58
Niederösterreich;2024-05-10;19.65
Niederösterreich;2024-05-11;19.79
Niederösterreich;2024-05-12;19.91
Niederösterreich;2024-05-13;20.06
Niederösterreich;2024-05-14;20.19
Niederösterreich;2024-05-15;20.3
Niederösterreich;2024-05-16;20.37
Niederösterreich;2024-05-17;20.43
Niederösterreich;2024-05-18;20.47
Niederösterreich;2024-05-19;20.48
Niederösterreich;2024-05-20;20.56
Niederösterreich;2024-05-21;20.71
Niederösterreich;2024-05-22;20.91
Niederösterreich;2024-05-23;21.21
Niederösterreich;2024-05-24;21.59
Niederösterreich;2024-05-25;22.07
Niederösterreich;2024-05-26;22.59
Niederösterreich;2024-05-27;23.17
Niederösterreich;2024-05-28;23.79
Niederösterreich;2024-05-29;24.48
Niederösterreich;2024-05-30;25.22
Niederösterreich;2024-05-31;26.04
Niederösterreich;2024-06-01;26.9
Niederösterreich;2024-06-02;27.82
Niederösterreich;2024-06-03;28.88
Niederösterreich;2024-06-04;29.99
Niederösterreich;2024-06-05;31.22
Niederösterreich;2024-06-06;32.49
Niederösterreich;2024-06-07;33.83
Niederösterreich;2024-06-08;35.18
Niederösterreich;2024-06-09;36.56
Niederösterreich;2024-06-10;37.95
Niederösterreich;2024-06-11;39.4
Niederösterreich;2024-06-12;40.87
Niederösterreich;2024-06-13;42.39
Niederösterreich;2024-06-14;43.95
Niederösterreich;2024-06-15;45.55
Niederösterreich;2024-06-16;47.16
Niederösterreich;2024-06-17;48.79
Niederösterreich;2024-06-18;50.41
Niederösterreich;2024-06-19;51.96
Niederösterreich;2024-06-20;53.46
Niederösterreich;2024-06-21;54.92
Niederösterreich;2024-06-22;56.26
Niederösterreich;2024-06-23;57.51
Niederösterreich;2024-06-24;58.64
Niederösterreich;2024-06-25;59.65
Niederösterreich;2024-06-26;60.53
Niederösterreich;2024-06-27;61.27
Niederösterreich;2024-06-28;61.92
Niederösterreich;2024-06-29;62.54
Niederösterreich;2024-06-30;63.17
Niederösterreich;2024-07-01;63.85
Niederösterreich;2024-07-02;64.62
Niederösterreich;2024-07-03;65.5
Niederösterreich;2024-07-04;66.46
Niederösterreich;2024-07-05;67.49
Niederösterreich;2024-07-06;68.5
Niederösterreich;2024-07-07;69.47
Niederösterreich;2024-07-08;70.37
Niederösterreich;2024-07-09;71.21
Niederösterreich;2024-07-10;71.98
Niederösterreich;2024-07-11;72.75
Niederösterreich;2024-07-12;73.44
Niederösterreich;2024-07-13;74.09
Niederösterreich;2024-07-14;74.6
Niederösterreich;2024-07-15;75.02
Niederösterreich;2024-07-16;75.35
Niederösterreich;2024-07-17;75.68
Niederösterreich;2024-07-18;76.03
Niederösterreich;2024-07-19;76.39
Niederösterreich;2024-07-20;76.8
Niederösterreich;2024-07-21;77.35
Niederösterreich;2024-07-22;78.06
Niederösterreich;2024-07-23;79.0
Niederösterreich;2024-07-24;80.2
Niederösterreich;2024-07-25;81.67
Niederösterreich;2024-07-26;83.28
Niederösterreich;2024-07-27;85.0
Niederösterreich;2024-07-28;86.72
Niederösterreich;2024-07-29;88.4
Niederösterreich;2024-07-30;90.07
Niederösterreich;2024-07-31;91.67
Niederösterreich;2024-08-01;93.29
Niederösterreich;2024-08-02;94.84
Niederösterreich;2024-08-03;96.37
Niederösterreich;2024-08-04;97.86
Niederösterreich;2024-08-05;99.3
Niederösterreich;2024-08-06;100.71
Niederösterreich;2024-08-07;102.11
Niederösterreich;2024-08-08;103.5
Niederösterreich;2024-08-09;104.9
Niederösterreich;2024-08-10;106.32
Niederösterreich;2024-08-11;107.78
Niederösterreich;2024-08-12;109.32
Niederösterreich;2024-08-13;110.86
Niederösterreich;2024-08-14;112.43
Niederösterreich;2024-08-15;114.01
Niederösterreich;2024-08-16;115.61
Niederösterreich;2024-08-17;117.19
Niederösterreich;2024-08-18;118.85
Niederösterreich;2024-08-19;120.5
Niederösterreich;2024-08-20;122.1
Niederösterreich;2024-08-21;123.55
Niederösterreich;2024-08-22;124.78
Niederösterreich;2024-08-23;125.81
Niederösterreich;2024-08-24;126.56
Niederösterreich;2024-08-25;127.02
Niederösterreich;2024-08-26;127.16
Niederösterreich;2024-08-27;127.07
Niederösterreich;2024-08-28;126.86
Niederösterreich;2024-08-29;126.57
Niederösterreich;2024-08-30;126.31
Niederösterreich;2024-08-31;126.13
Niederösterreich;2024-09-01;126.12
Niederösterreich;2024-09-02;126.36
Niederösterreich;2024-09-03;126.99
Niederösterreich;2024-09-04;127.97
Niederösterreich;2024-09-05;129.36
Niederösterreich;2024-09-06;131.1
Niederösterreich;2024-09-07;133.11
Niederösterreich;2024-09-08;135.43
Niederösterreich;2024-09-09;138.02
Niederösterreich;2024-09-10;140.92
Niederösterreich;2024-09-11;144.17
Niederösterreich;2024-09-12;147.8
Niederösterreich;2024-09-13;151.84
Niederösterreich;2024-09-14;156.38
Niederösterreich;2024-09-15;161.52
Niederösterreich;2024-09-16;167.22
Niederösterreich;2024-09-17;173.38
Niederösterreich;2024-09-18;179.87
Niederösterreich;2024-09-19;186.4
Niederösterreich;2024-09-20;192.68
Niederösterreich;2024-09-21;198.51
Niederösterreich;2024-09-22;203.64
Niederösterreich;2024-09-23;207.88
Niederösterreich;2024-09-24;211.22
Niederösterreich;2024-09-25;213.76
Niederösterreich;2024-09-26;215.67
Niederösterreich;2024-09-27;217.2
Niederösterreich;2024-09-28;218.55
Niederösterreich;2024-09-29;219.87
Niederösterreich;2024-09-30;221.29
Niederösterreich;2024-10-01;222.87
Niederösterreich;2024-10-02;224.58
Niederösterreich;2024-10-03;226.38
Niederösterreich;2024-10-04;228.1
Niederösterreich;2024-10-05;229.64
Niederösterreich;2024-10-06;230.79
Niederösterreich;2024-10-07;231.43
Niederösterreich;2024-10-08;231.41
Niederösterreich;2024-10-09;230.74
Niederösterreich;2024-10-10;229.41
Niederösterreich;2024-10-11;227.58
Niederösterreich;2024-10-12;225.33
Niederösterreich;2024-10-13;222.79
Niederösterreich;2024-10-14;220.01
Niederösterreich;2024-10-15;217.1
Niederösterreich;2024-10-16;214.11
Niederösterreich;2024-10-17;210.97
Niederösterreich;2024-10-18;207.66
Niederösterreich;2024-10-19;204.08
Niederösterreich;2024-10-20;200.16
Niederösterreich;2024-10-21;195.81
Niederösterreich;2024-10-22;191.1
Niederösterreich;2024-10-23;186.05
Niederösterreich;2024-10-24;180.73
Niederösterreich;2024-10-25;175.23
Niederösterreich;2024-10-26;169.67
Niederösterreich;2024-10-27;164.19
Niederösterreich;2024-10-28;158.91
Niederösterreich;2024-10-29;153.96
Niederösterreich;2024-10-30;149.5
Niederösterreich;2024-10-31;145.45
Niederösterreich;2024-11-01;141.84
Niederösterreich;2024-11-02;138.62
Niederösterreich;2024-11-03;135.74
Niederösterreich;2024-11-04;133.19
Niederösterreich;2024-11-05;130.86
Niederösterreich;2024-11-06;128.71
Niederösterreich;2024-11-07;126.65
Niederösterreich;2024-11-08;124.7
Niederösterreich;2024-11-09;122.8
Niederösterreich;2024-11-10;120.98
Niederösterreich;2024-11-11;119.21
Niederösterreich;2024-11-12;117.44
Niederösterreich;2024-11-13;115.67
Niederösterreich;2024-11-14;113.86
Niederösterreich;2024-11-15;112.08
Niederösterreich;2024-11-16;110.35
Niederösterreich;2024-11-17;108.79
Niederösterreich;2024-11-18;107.48
Niederösterreich;2024-11-19;106.41
Niederösterreich;2024-11-20;105.71
Niederösterreich;2024-11-21;105.33
Niederösterreich;2024-11-22;105.27
Niederösterreich;2024-11-23;105.5
Niederösterreich;2024-11-24;105.96
Niederösterreich;2024-11-25;106.74
Niederösterreich;2024-11-26;107.73
Niederösterreich;2024-11-27;108.93
Niederösterreich;2024-11-28;110.24
Niederösterreich;2024-11-29;111.6
Niederösterreich;2024-11-30;112.87
Niederösterreich;2024-12-01;114.03
Niederösterreich;2024-12-02;115.01
Niederösterreich;2024-12-03;115.91
Niederösterreich;2024-12-04;116.73
Niederösterreich;2024-12-05;117.52
Niederösterreich;2024-12-06;118.2
Niederösterreich;2024-12-07;118.78
Niederösterreich;2024-12-08;119.13
Niederösterreich;2024-12-09;119.22
Niederösterreich;2024-12-10;118.93
Niederösterreich;2024-12-11;118.34
Niederösterreich;2024-12-12;117.38
Niederösterreich;2024-12-13;116.16
Niederösterreich;2024-12-14;114.74
Niederösterreich;2024-12-15;113.14
Niederösterreich;2024-12-16;111.44
Niederösterreich;2024-12-17;109.6
Niederösterreich;2024-12-18;107.62
Niederösterreich;2024-12-19;105.54
Niederösterreich;2024-12-20;103.37
Niederösterreich;2024-12-21;101.15
Niederösterreich;2024-12-22;98.92
Niederösterreich;2024-12-23;96.72
Niederösterreich;2024-12-24;94.52
Niederösterreich;2024-12-25;92.32
Niederösterreich;2024-12-26;90.13
Niederösterreich;2024-12-27;87.9
Niederösterreich;2024-12-28;85.59
Niederösterreich;2024-12-29;83.18
Niederösterreich;2024-12-30;80.68
Niederösterreich;2024-12-31;78.09
Niederösterreich;2025-01-01;75.46
Niederösterreich;2025-01-02;72.78
Niederösterreich;2025-01-03;70.1
Niederösterreich;2025-01-04;67.45
Niederösterreich;2025-01-05;64.82
Niederösterreich;2025-01-06;62.26
Niederösterreich;2025-01-07;59.71
Niederösterreich;2025-01-08;57.32
Niederösterreich;2025-01-09;55.02
Niederösterreich;2025-01-10;52.84
Niederösterreich;2025-01-11;50.83
Niederösterreich;2025-01-12;49.01
Niederösterreich;2025-01-13;47.4
Niederösterreich;2025-01-14;46.0
Niederösterreich;2025-01-15;44.78
Niederösterreich;2025-01-16;43.74
Niederösterreich;2025-01-17;42.77
Niederösterreich;2025-01-18;41.87
Niederösterreich;2025-01-19;41.06
Niederösterreich;2025-01-20;40.31
Niederösterreich;2025-01-21;39.58
Niederösterreich;2025-01-22;38.87
Niederösterreich;2025-01-23;38.19
Niederösterreich;2025-01-24;37.5
Niederösterreich;2025-01-25;36.83
Niederösterreich;2025-01-26;36.12
Niederösterreich;2025-01-27;35.36
Niederösterreich;2025-01-28;34.58
Niederösterreich;2025-01-29;33.78
Niederösterreich;2025-01-30;32.97
Niederösterreich;2025-01-31;32.16
Niederösterreich;2025-02-01;31.35
Niederösterreich;2025-02-02;30.62
Niederösterreich;2025-02-03;29.87
Niederösterreich;2025-02-04;29.23
Niederösterreich;2025-02-05;28.67
Niederösterreich;2025-02-06;28.17
Niederösterreich;2025-02-07;27.7
Niederösterreich;2025-02-08;27.29
Niederösterreich;2025-02-09;26.86
Niederösterreich;2025-02-10;26.4
Niederösterreich;2025-02-11;25.9
Niederösterreich;2025-02-12;25.35
Niederösterreich;2025-02-13;24.72
Niederösterreich;2025-02-14;24.1
Niederösterreich;2025-02-15;23.45
Niederösterreich;2025-02-16;22.8
Niederösterreich;2025-02-17;22.19
Niederösterreich;2025-02-18;21.59
Niederösterreich;2025-02-19;21.04
Niederösterreich;2025-02-20;20.48
Niederösterreich;2025-02-21;19.9
Niederösterreich;2025-02-22;19.33
Niederösterreich;2025-02-23;18.75
Niederösterreich;2025-02-24;18.22
Niederösterreich;2025-02-25;17.75
Niederösterreich;2025-02-26;17.33
Niederösterreich;2025-02-27;16.99
Niederösterreich;2025-02-28;16.73
Niederösterreich;2025-03-01;16.52
Niederösterreich;2025-03-02;16.38
Niederösterreich;2025-03-03;16.28
Niederösterreich;2025-03-04;16.19
Niederösterreich;2025-03-05;16.12
Niederösterreich;2025-03-06;16.03
Niederösterreich;2025-03-07;15.94
Niederösterreich;2025-03-08;15.83
Niederösterreich;2025-03-09;15.68
Niederösterreich;2025-03-10;15.5
Niederösterreich;2025-03-11;15.3
Niederösterreich;2025-03-12;15.1
Niederösterreich;2025-03-13;14.95
Niederösterreich;2025-03-14;14.81
Niederösterreich;2025-03-15;14.65
Niederösterreich;2025-03-16;14.54
Niederösterreich;2025-03-17;14.38
Niederösterreich;2025-03-18;14.19
Niederösterreich;2025-03-19;13.94
Niederösterreich;2025-03-20;13.69
Niederösterreich;2025-03-21;13.39
Niederösterreich;2025-03-22;13.08
Niederösterreich;2025-03-23;12.71
Niederösterreich;2025-03-24;12.39
Niederösterreich;2025-03-25;12.06
Niederösterreich;2025-03-26;11.77
Niederösterreich;2025-03-27;11.51
Niederösterreich;2025-03-28;11.36
Niederösterreich;2025-03-29;11.26
Niederösterreich;2025-03-30;11.25
Niederösterreich;2025-03-31;11.31
Niederösterreich;2025-04-01;11.48
Niederösterreich;2025-04-02;11.7
Niederösterreich;2025-04-03;11.99
Niederösterreich;2025-04-04;12.25
Niederösterreich;2025-04-05;12.55
Niederösterreich;2025-04-06;12.78
Niederösterreich;2025-04-07;12.96
Niederösterreich;2025-04-08;13.13
Niederösterreich;2025-04-09;13.26
Niederösterreich;2025-04-10;13.34
Niederösterreich;2025-04-11;13.4
Niederösterreich;2025-04-12;13.41
Niederösterreich;2025-04-13;13.39
Niederösterreich;2025-04-14;13.34
Niederösterreich;2025-04-15;13.28
Niederösterreich;2025-04-16;13.2
Niederösterreich;2025-04-17;13.19
Niederösterreich;2025-04-18;13.19
Niederösterreich;2025-04-19;13.2
Niederösterreich;2025-04-20;13.21
Niederösterreich;2025-04-21;13.23
Niederösterreich;2025-04-22;13.23
Niederösterreich;2025-04-23;13.24
Niederösterreich;2025-04-24;13.2
Niederösterreich;2025-04-25;13.16
Niederösterreich;2025-04-26;13.12
Niederösterreich;2025-04-27;13.07
Niederösterreich;2025-04-28;12.99
Niederösterreich;2025-04-29;12.93
Niederösterreich;2025-04-30;12.85
Niederösterreich;2025-05-01;12.82
Niederösterreich;2025-05-02;12.8
Niederösterreich;2025-05-03;12.83
Niederösterreich;2025-05-04;12.93
Niederösterreich;2025-05-05;13.14
Niederösterreich;2025-05-06;13.45
Niederösterreich;2025-05-07;13.91
Niederösterreich;2025-05-08;14.46
Niederösterreich;2025-05-09;15.14
Niederösterreich;2025-05-10;15.87
Niederösterreich;2025-05-11;16.68
Niederösterreich;2025-05-12;17.53
Niederösterreich;2025-05-13;18.43
Niederösterreich;2025-05-14;19.39
Niederösterreich;2025-05-15;20.4
Niederösterreich;2025-05-16;21.46
Niederösterreich;2025-05-17;22.56
Niederösterreich;2025-05-18;23.74
Niederösterreich;2025-05-19;24.94
Niederösterreich;2025-05-20;26.17
Niederösterreich;2025-05-21;27.42
Niederösterreich;2025-05-22;28.67
Niederösterreich;2025-05-23;29.9
Niederösterreich;2025-05-24;31.07
Niederösterreich;2025-05-25;32.23
Niederösterreich;2025-05-26;33.28
Niederösterreich;2025-05-27;34.25
Niederösterreich;2025-05-28;35.15
Niederösterreich;2025-05-29;35.93
Niederösterreich;2025-05-30;36.63
Niederösterreich;2025-05-31;37.24
Niederösterreich;2025-06-01;37.74
Niederösterreich;2025-06-02;38.1
Niederösterreich;2025-06-03;38.3
Niederösterreich;2025-06-04;38.39
Niederösterreich;2025-06-05;38.35
Niederösterreich;2025-06-06;38.19
Niederösterreich;2025-06-07;37.98
Niederösterreich;2025-06-08;37.75
Niederösterreich;2025-06-09;37.54
Niederösterreich;2025-06-10;37.41
Niederösterreich;2025-06-11;37.38
Niederösterreich;2025-06-12;37.42
Niederösterreich;2025-06-13;37.57
Niederösterreich;2025-06-14;37.75
Niederösterreich;2025-06-15;37.97
Steiermark;2022-09-01;93.68
Steiermark;2022-09-02;94.95
Steiermark;2022-09-03;96.44
Steiermark;2022-09-04;98.17
Steiermark;2022-09-05;100.19
Steiermark;2022-09-06;102.74
Steiermark;2022-09-07;105.86
Steiermark;2022-09-08;109.6
Steiermark;2022-09-09;114.09
Steiermark;2022-09-10;119.13
Steiermark;2022-09-11;124.72
Steiermark;2022-09-12;130.85
Steiermark;2022-09-13;137.61
Steiermark;2022-09-14;145.09
Steiermark;2022-09-15;153.02
Steiermark;2022-09-16;161.2
Steiermark;2022-09-17;169.29
Steiermark;2022-09-18;176.77
Steiermark;2022-09-19;183.56
Steiermark;2022-09-20;189.76
Steiermark;2022-09-21;195.75
Steiermark;2022-09-22;201.81
Steiermark;2022-09-23;208.17
Steiermark;2022-09-24;214.84
Steiermark;2022-09-25;222.02
Steiermark;2022-09-26;229.49
Steiermark;2022-09-27;236.92
Steiermark;2022-09-28;243.83
Steiermark;2022-09-29;249.97
Steiermark;2022-09-30;255.19
Steiermark;2022-10-01;259.23
Steiermark;2022-10-02;262.23
Steiermark;2022-10-03;264.18
Steiermark;2022-10-04;265.26
Steiermark;2022-10-05;265.59
Steiermark;2022-10-06;265.18
Steiermark;2022-10-07;264.1
Steiermark;2022-10-08;261.92
Steiermark;2022-10-09;258.42
Steiermark;2022-10-10;253.51
Steiermark;2022-10-11;247.29
Steiermark;2022-10-12;240.13
Steiermark;2022-10-13;232.37
Steiermark;2022-10-14;223.99
Steiermark;2022-10-15;215.09
Steiermark;2022-10-16;205.68
Steiermark;2022-10-17;195.64
Steiermark;2022-10-18;185.17
Steiermark;2022-10-19;174.56
Steiermark;2022-10-20;164.08
Steiermark;2022-10-21;153.77
Steiermark;2022-10-22;143.87
Steiermark;2022-10-23;134.52
Steiermark;2022-10-24;125.67
Steiermark;2022-10-25;117.58
Steiermark;2022-10-26;110.22
Steiermark;2022-10-27;103.57
Steiermark;2022-10-28;97.69
Steiermark;2022-10-29;92.54
Steiermark;2022-10-30;88.04
Steiermark;2022-10-31;84.36
Steiermark;2022-11-01;81.34
Steiermark;2022-11-02;78.88
Steiermark;2022-11-03;77.12
Steiermark;2022-11-04;75.74
Steiermark;2022-11-05;74.71
Steiermark;2022-11-06;73.95
Steiermark;2022-11-07;73.46
Steiermark;2022-11-08;73.34
Steiermark;2022-11-09;73.72
Steiermark;2022-11-10;74.52
Steiermark;2022-11-11;75.81
Steiermark;2022-11-12;77.53
Steiermark;2022-11-13;79.64
Steiermark;2022-11-14;82.16
Steiermark;2022-11-15;85.01
Steiermark;2022-11-16;88.35
Steiermark;2022-11-17;92.09
Steiermark;2022-11-18;96.17
Steiermark;2022-11-19;100.6
Steiermark;2022-11-20;105.24
Steiermark;2022-11-21;110.06
Steiermark;2022-11-22;115.16
Steiermark;2022-11-23;120.5
Steiermark;2022-11-24;125.86
Steiermark;2022-11-25;131.26
Steiermark;2022-11-26;136.51
Steiermark;2022-11-27;141.45
Steiermark;2022-11-28;146.1
Steiermark;2022-11-29;150.28
Steiermark;2022-11-30;154.1
Steiermark;2022-12-01;157.67
Steiermark;2022-12-02;160.91
Steiermark;2022-12-03;163.9
Steiermark;2022-12-04;166.6
Steiermark;2022-12-05;169.16
Steiermark;2022-12-06;171.38
Steiermark;2022-12-07;173.49
Steiermark;2022-12-08;175.31
Steiermark;2022-12-09;176.94
Steiermark;2022-12-10;178.38
Steiermark;2022-12-11;179.61
Steiermark;2022-12-12;180.65
Steiermark;2022-12-13;181.58
Steiermark;2022-12-14;182.59
Steiermark;2022-12-15;183.61
Steiermark;2022-12-16;184.63
Steiermark;2022-12-17;185.21
Steiermark;2022-12-18;185.36
Steiermark;2022-12-19;184.76
Steiermark;2022-12-20;183.55
Steiermark;2022-12-21;181.79
Steiermark;2022-12-22;179.78
Steiermark;2022-12-23;177.59
Steiermark;2022-12-24;175.31
Steiermark;2022-12-25;172.93
Steiermark;2022-12-26;170.43
Steiermark;2022-12-27;167.7
Steiermark;2022-12-28;164.73
Steiermark;2022-12-29;161.4
Steiermark;2022-12-30;157.83
Steiermark;2022-12-31;153.93
Steiermark;2023-01-01;149.81
Steiermark;2023-01-02;145.69
Steiermark;2023-01-03;141.69
Steiermark;2023-01-04;137.94
Steiermark;2023-01-05;134.7
Steiermark;2023-01-06;131.97
Steiermark;2023-01-07;129.58
Steiermark;2023-01-08;127.58
Steiermark;2023-01-09;125.81
Steiermark;2023-01-10;124.33
Steiermark;2023-01-11;123.04
Steiermark;2023-01-12;122.03
Steiermark;2023-01-13;121.15
Steiermark;2023-01-14;120.47
Steiermark;2023-01-15;119.63
Steiermark;2023-01-16;119.59
Steiermark;2023-01-17;116.5
Steiermark;2023-01-18;117.09
Steiermark;2023-01-19;118.07
Steiermark;2023-01-20;119.26
Steiermark;2023-01-21;120.8
Steiermark;2023-01-22;122.61
Steiermark;2023-01-23;124.86
Steiermark;2023-01-24;127.52
Steiermark;2023-01-25;130.67
Steiermark;2023-01-26;134.41
Steiermark;2023-01-27;138.52
Steiermark;2023-01-28;142.95
Steiermark;2023-01-29;147.51
Steiermark;2023-01-30;152.22
Steiermark;2023-01-31;157.02
Steiermark;2023-02-01;161.99
Steiermark;2023-02-02;167.15
Steiermark;2023-02-03;172.37
Steiermark;2023-02-04;177.6
Steiermark;2023-02-05;182.74
Steiermark;2023-02-06;187.57
Steiermark;2023-02-07;192.26
Steiermark;2023-02-08;196.91
Steiermark;2023-02-09;201.42
Steiermark;2023-02-10;205.91
Steiermark;2023-02-11;210.28
Steiermark;2023-02-12;214.48
Steiermark;2023-02-13;218.4
Steiermark;2023-02-14;222.21
Steiermark;2023-02-15;225.93
Steiermark;2023-02-16;229.57
Steiermark;2023-02-17;233.26
Steiermark;2023-02-18;236.92
Steiermark;2023-02-19;240.68
Steiermark;2023-02-20;244.46
Steiermark;2023-02-21;248.32
Steiermark;2023-02-22;252.2
Steiermark;2023-02-23;255.97
Steiermark;2023-02-24;259.32
Steiermark;2023-02-25;261.99
Steiermark;2023-02-26;263.62
Steiermark;2023-02-27;263.99
Steiermark;2023-02-28;263.09
Steiermark;2023-03-01;261.12
Steiermark;2023-03-02;258.21
Steiermark;2023-03-03;254.68
Steiermark;2023-03-04;250.67
Steiermark;2023-03-05;246.23
Steiermark;2023-03-06;241.36
Steiermark;2023-03-07;236.08
Steiermark;2023-03-08;230.4
Steiermark;2023-03-09;224.31
Steiermark;2023-03-10;217.75
Steiermark;2023-03-11;210.87
Steiermark;2023-03-12;203.68
Steiermark;2023-03-13;196.15
Steiermark;2023-03-14;188.42
Steiermark;2023-03-15;180.66
Steiermark;2023-03-16;172.87
Steiermark;2023-03-17;165.15
Steiermark;2023-03-18;157.65
Steiermark;2023-03-19;150.3
Steiermark;2023-03-20;143.25
Steiermark;2023-03-21;136.48
Steiermark;2023-03-22;130.08
Steiermark;2023-03-23;124.05
Steiermark;2023-03-24;118.32
Steiermark;2023-03-25;112.97
Steiermark;2023-03-26;107.97
Steiermark;2023-03-27;103.27
Steiermark;2023-03-28;98.82
Steiermark;2023-03-29;94.61
Steiermark;2023-03-30;90.64
Steiermark;2023-03-31;86.83
Steiermark;2023-04-01;83.29
Steiermark;2023-04-02;80.04
Steiermark;2023-04-03;77.2
Steiermark;2023-04-04;74.77
Steiermark;2023-04-05;72.62
Steiermark;2023-04-06;70.81
Steiermark;2023-04-07;69.17
Steiermark;2023-04-08;67.67
Steiermark;2023-04-09;66.28
Steiermark;2023-04-10;65.06
Steiermark;2023-04-11;63.88
Steiermark;2023-04-12;62.71
Steiermark;2023-04-13;61.66
Steiermark;2023-04-14;60.53
Steiermark;2023-04-15;59.4
Steiermark;2023-04-16;58.1
Steiermark;2023-04-17;56.77
Steiermark;2023-04-18;55.36
Steiermark;2023-04-19;53.95
Steiermark;2023-04-20;52.62
Steiermark;2023-04-21;51.24
Steiermark;2023-04-22;49.82
Steiermark;2023-04-23;48.49
Steiermark;2023-04-24;47.17
Steiermark;2023-04-25;45.73
Steiermark;2023-04-26;44.27
Steiermark;2023-04-27;42.82
Steiermark;2023-04-28;41.32
Steiermark;2023-04-29;39.84
Steiermark;2023-04-30;38.5
Steiermark;2023-05-01;37.17
Steiermark;2023-05-02;36.03
Steiermark;2023-05-03;34.97
Steiermark;2023-05-04;34.17
Steiermark;2023-05-05;33.48
Steiermark;2023-05-06;32.87
Steiermark;2023-05-07;32.22
Steiermark;2023-05-08;31.66
Steiermark;2023-05-09;30.95
Steiermark;2023-05-10;30.25
Steiermark;2023-05-11;29.46
Steiermark;2023-05-12;28.7
Steiermark;2023-05-13;27.94
Steiermark;2023-05-14;27.22
Steiermark;2023-05-15;26.63
Steiermark;2023-05-16;26.17
Steiermark;2023-05-17;25.69
Steiermark;2023-05-18;25.31
Steiermark;2023-05-19;24.9
Steiermark;2023-05-20;24.38
Steiermark;2023-05-21;23.84
Steiermark;2023-05-22;23.11
Steiermark;2023-05-23;22.37
Steiermark;2023-05-24;21.57
Steiermark;2023-05-25;20.75
Steiermark;2023-05-26;19.94
Steiermark;2023-05-27;19.1
Steiermark;2023-05-28;18.33
Steiermark;2023-05-29;17.6
Steiermark;2023-05-30;16.84
Steiermark;2023-05-31;16.12
Steiermark;2023-06-01;15.44
Steiermark;2023-06-02;14.79
Steiermark;2023-06-03;14.15
Steiermark;2023-06-04;13.5
Steiermark;2023-06-05;12.95
Steiermark;2023-06-06;12.32
Steiermark;2023-06-07;11.78
Steiermark;2023-06-08;11.19
Steiermark;2023-06-09;10.67
Steiermark;2023-06-10;10.1
Steiermark;2023-06-11;9.58
Steiermark;2023-06-12;9.04
Steiermark;2023-06-13;8.57
Steiermark;2023-06-14;8.1
Steiermark;2023-06-15;7.71
Steiermark;2023-06-16;7.34
Steiermark;2023-06-17;7.05
Steiermark;2023-06-18;6.79
Steiermark;2023-06-19;6.58
Steiermark;2023-06-20;6.41
Steiermark;2023-06-21;6.33
Steiermark;2023-06-22;6.24
Steiermark;2023-06-23;6.21
Steiermark;2023-06-24;6.23
Steiermark;2023-06-25;6.26
Steiermark;2023-06-26;6.36
Steiermark;2023-06-27;6.49
Steiermark;2023-06-28;6.68
Steiermark;2023-06-29;6.87
Steiermark;2023-06-30;7.04
Steiermark;2023-07-01;7.27
Steiermark;2023-07-02;7.51
Steiermark;2023-07-03;7.72
Steiermark;2023-07-04;7.92
Steiermark;2023-07-05;8.13
Steiermark;2023-07-06;8.33
Steiermark;2023-07-07;8.6
Steiermark;2023-07-08;8.85
Steiermark;2023-07-09;9.04
Steiermark;2023-07-10;9.28
Steiermark;2023-07-11;9.52
Steiermark;2023-07-12;9.75
Steiermark;2023-07-13;9.96
Steiermark;2023-07-14;10.27
Steiermark;2023-07-15;10.51
Steiermark;2023-07-16;10.84
Steiermark;2023-07-17;11.24
Steiermark;2023-07-18;11.64
Steiermark;2023-07-19;12.1
Steiermark;2023-07-20;12.66
Steiermark;2023-07-21;13.16
Steiermark;2023-07-22;13.77
Steiermark;2023-07-23;14.39
Steiermark;2023-07-24;15.1
Steiermark;2023-07-25;15.83
Steiermark;2023-07-26;16.57
Steiermark;2023-07-27;17.35
Steiermark;2023-07-28;18.11
Steiermark;2023-07-29;18.96
Steiermark;2023-07-30;19.77
Steiermark;2023-07-31;20.74
Steiermark;2023-08-01;21.79
Steiermark;2023-08-02;22.93
Steiermark;2023-08-03;24.33
Steiermark;2023-08-04;25.93
Steiermark;2023-08-05;27.72
Steiermark;2023-08-06;29.87
Steiermark;2023-08-07;32.18
Steiermark;2023-08-08;34.7
Steiermark;2023-08-09;37.35
Steiermark;2023-08-10;39.91
Steiermark;2023-08-11;42.33
Steiermark;2023-08-12;44.46
Steiermark;2023-08-13;46.23
Steiermark;2023-08-14;47.52
Steiermark;2023-08-15;48.51
Steiermark;2023-08-16;49.15
Steiermark;2023-08-17;49.74
Steiermark;2023-08-18;50.28
Steiermark;2023-08-19;50.81
Steiermark;2023-08-20;51.52
Steiermark;2023-08-21;52.29
Steiermark;2023-08-22;53.15
Steiermark;2023-08-23;54.19
Steiermark;2023-08-24;55.33
Steiermark;2023-08-25;56.56
Steiermark;2023-08-26;57.77
Steiermark;2023-08-27;58.94
Steiermark;2023-08-28;60.03
Steiermark;2023-08-29;60.96
Steiermark;2023-08-30;61.81
Steiermark;2023-08-31;62.67
Steiermark;2023-09-01;63.51
Steiermark;2023-09-02;64.35
Steiermark;2023-09-03;65.32
Steiermark;2023-09-04;66.45
Steiermark;2023-09-05;67.85
Steiermark;2023-09-06;69.38
Steiermark;2023-09-07;71.22
Steiermark;2023-09-08;73.15
Steiermark;2023-09-09;75.02
Steiermark;2023-09-10;76.75
Steiermark;2023-09-11;78.28
Steiermark;2023-09-12;79.52
Steiermark;2023-09-13;80.5
Steiermark;2023-09-14;81.35
Steiermark;2023-09-15;82.01
Steiermark;2023-09-16;82.65
Steiermark;2023-09-17;83.24
Steiermark;2023-09-18;83.92
Steiermark;2023-09-19;84.61
Steiermark;2023-09-20;85.57
Steiermark;2023-09-21;86.68
Steiermark;2023-09-22;88.02
Steiermark;2023-09-23;89.52
Steiermark;2023-09-24;91.36
Steiermark;2023-09-25;93.37
Steiermark;2023-09-26;95.72
Steiermark;2023-09-27;98.21
Steiermark;2023-09-28;100.82
Steiermark;2023-09-29;103.53
Steiermark;2023-09-30;106.08
Steiermark;2023-10-01;108.45
Steiermark;2023-10-02;110.46
Steiermark;2023-10-03;112.26
Steiermark;2023-10-04;113.71
Steiermark;2023-10-05;115.11
Steiermark;2023-10-06;116.37
Steiermark;2023-10-07;117.66
Steiermark;2023-10-08;119.09
Steiermark;2023-10-09;120.77
Steiermark;2023-10-10;122.8
Steiermark;2023-10-11;125.07
Steiermark;2023-10-12;127.68
Steiermark;2023-10-13;130.69
Steiermark;2023-10-14;134.13
Steiermark;2023-10-15;138.18
Steiermark;2023-10-16;142.83
Steiermark;2023-10-17;148.22
Steiermark;2023-10-18;154.14
Steiermark;2023-10-19;160.53
Steiermark;2023-10-20;167.14
Steiermark;2023-10-21;173.73
Steiermark;2023-10-22;180.13
Steiermark;2023-10-23;186.25
Steiermark;2023-10-24;192.14
Steiermark;2023-10-25;197.76
Steiermark;2023-10-26;203.3
Steiermark;2023-10-27;208.52
Steiermark;2023-10-28;213.5
Steiermark;2023-10-29;218.04
Steiermark;2023-10-30;222.03
Steiermark;2023-10-31;225.41
Steiermark;2023-11-01;228.24
Steiermark;2023-11-02;230.69
Steiermark;2023-11-03;232.87
Steiermark;2023-11-04;235.28
Steiermark;2023-11-05;238.23
Steiermark;2023-11-06;241.96
Steiermark;2023-11-07;246.65
Steiermark;2023-11-08;252.29
Steiermark;2023-11-09;258.77
Steiermark;2023-11-10;265.83
Steiermark;2023-11-11;273.42
Steiermark;2023-11-12;281.3
Steiermark;2023-11-13;289.27
Steiermark;2023-11-14;297.33
Steiermark;2023-11-15;305.36
Steiermark;2023-11-16;313.51
Steiermark;2023-11-17;321.88
Steiermark;2023-11-18;330.85
Steiermark;2023-11-19;340.55
Steiermark;2023-11-20;351.3
Steiermark;2023-11-21;363.06
Steiermark;2023-11-22;375.98
Steiermark;2023-11-23;389.79
Steiermark;2023-11-24;404.33
Steiermark;2023-11-25;419.39
Steiermark;2023-11-26;434.58
Steiermark;2023-11-27;449.78
Steiermark;2023-11-28;464.79
Steiermark;2023-11-29;479.3
Steiermark;2023-11-30;493.12
Steiermark;2023-12-01;505.89
Steiermark;2023-12-02;517.23
Steiermark;2023-12-03;526.72
Steiermark;2023-12-04;534.52
Steiermark;2023-12-05;541.02
Steiermark;2023-12-06;546.87
Steiermark;2023-12-07;552.48
Steiermark;2023-12-08;557.72
Steiermark;2023-12-09;562.26
Steiermark;2023-12-10;565.65
Steiermark;2023-12-11;567.74
Steiermark;2023-12-12;568.62
Steiermark;2023-12-13;568.78
Steiermark;2023-12-14;568.39
Steiermark;2023-12-15;567.57
Steiermark;2023-12-16;565.76
Steiermark;2023-12-17;562.5
Steiermark;2023-12-18;557.34
Steiermark;2023-12-19;549.94
Steiermark;2023-12-20;540.46
Steiermark;2023-12-21;529.0
Steiermark;2023-12-22;515.84
Steiermark;2023-12-23;501.48
Steiermark;2023-12-24;486.15
Steiermark;2023-12-25;470.06
Steiermark;2023-12-26;453.27
Steiermark;2023-12-27;435.88
Steiermark;2023-12-28;417.85
Steiermark;2023-12-29;399.31
Steiermark;2023-12-30;380.33
Steiermark;2023-12-31;361.03
Steiermark;2024-01-01;341.64
Steiermark;2024-01-02;322.26
Steiermark;2024-01-03;303.12
Steiermark;2024-01-04;284.53
Steiermark;2024-01-05;266.73
Steiermark;2024-01-06;249.97
Steiermark;2024-01-07;234.53
Steiermark;2024-01-08;220.44
Steiermark;2024-01-09;207.8
Steiermark;2024-01-10;196.53
Steiermark;2024-01-11;186.42
Steiermark;2024-01-12;177.18
Steiermark;2024-01-13;168.54
Steiermark;2024-01-14;160.44
Steiermark;2024-01-15;152.55
Steiermark;2024-01-16;144.86
Steiermark;2024-01-17;137.41
Steiermark;2024-01-18;130.23
Steiermark;2024-01-19;123.35
Steiermark;2024-01-20;116.72
Steiermark;2024-01-21;110.39
Steiermark;2024-01-22;104.34
Steiermark;2024-01-23;98.82
Steiermark;2024-01-24;93.71
Steiermark;2024-01-25;89.11
Steiermark;2024-01-26;84.93
Steiermark;2024-01-27;81.17
Steiermark;2024-01-28;77.75
Steiermark;2024-01-29;74.54
Steiermark;2024-01-30;71.47
Steiermark;2024-01-31;68.48
Steiermark;2024-02-01;65.55
Steiermark;2024-02-02;62.56
Steiermark;2024-02-03;59.59
Steiermark;2024-02-04;56.52
Steiermark;2024-02-05;53.54
Steiermark;2024-02-06;50.5
Steiermark;2024-02-07;47.52
Steiermark;2024-02-08;44.57
Steiermark;2024-02-09;41.79
Steiermark;2024-02-10;39.02
Steiermark;2024-02-11;36.43
Steiermark;2024-02-12;33.94
Steiermark;2024-02-13;31.66
Steiermark;2024-02-14;29.52
Steiermark;2024-02-15;27.54
Steiermark;2024-02-16;25.67
Steiermark;2024-02-17;23.93
Steiermark;2024-02-18;22.22
Steiermark;2024-02-19;20.63
Steiermark;2024-02-20;19.14
Steiermark;2024-02-21;17.66
Steiermark;2024-02-22;16.3
Steiermark;2024-02-23;15.03
Steiermark;2024-02-24;13.86
Steiermark;2024-02-25;12.84
Steiermark;2024-02-26;11.86
Steiermark;2024-02-27;10.99
Steiermark;2024-02-28;10.23
Steiermark;2024-02-29;9.5
Steiermark;2024-03-01;8.87
Steiermark;2024-03-02;8.33
Steiermark;2024-03-03;7.89
Steiermark;2024-03-04;7.45
Steiermark;2024-03-05;7.18
Steiermark;2024-03-06;6.93
Steiermark;2024-03-07;6.75
Steiermark;2024-03-08;6.58
Steiermark;2024-03-09;6.55
Steiermark;2024-03-10;6.48
Steiermark;2024-03-11;6.44
Steiermark;2024-03-12;6.38
Steiermark;2024-03-13;6.34
Steiermark;2024-03-14;6.38
Steiermark;2024-03-15;6.36
Steiermark;2024-03-16;6.33
Steiermark;2024-03-17;6.39
Steiermark;2024-03-18;6.38
Steiermark;2024-03-19;6.47
Steiermark;2024-03-20;6.54
Steiermark;2024-03-21;6.69
Steiermark;2024-03-22;6.78
Steiermark;2024-03-23;6.93
Steiermark;2024-03-24;7.03
Steiermark;2024-03-25;7.07
Steiermark;2024-03-26;7.1
Steiermark;2024-03-27;7.03
Steiermark;2024-03-28;6.95
Steiermark;2024-03-29;6.85
Steiermark;2024-03-30;6.72
Steiermark;2024-03-31;6.53
Steiermark;2024-04-01;6.31
Steiermark;2024-04-02;6.12
Steiermark;2024-04-03;5.92
Steiermark;2024-04-04;5.71
Steiermark;2024-04-05;5.48
Steiermark;2024-04-06;5.28
Steiermark;2024-04-07;5.14
Steiermark;2024-04-08;4.94
Steiermark;2024-04-09;4.83
Steiermark;2024-04-10;4.7
Steiermark;2024-04-11;4.57
Steiermark;2024-04-12;4.47
Steiermark;2024-04-13;4.44
Steiermark;2024-04-14;4.37
Steiermark;2024-04-15;4.38
Steiermark;2024-04-16;4.41
Steiermark;2024-04-17;4.47
Steiermark;2024-04-18;4.53
Steiermark;2024-04-19;4.6
Steiermark;2024-04-20;4.69
Steiermark;2024-04-21;4.79
Steiermark;2024-04-22;4.89
Steiermark;2024-04-23;5.01
Steiermark;2024-04-24;5.14
Steiermark;2024-04-25;5.33
Steiermark;2024-04-26;5.45
Steiermark;2024-04-27;5.65
Steiermark;2024-04-28;5.83
Steiermark;2024-04-29;6.01
Steiermark;2024-04-30;6.16
Steiermark;2024-05-01;6.32
Steiermark;2024-05-02;6.48
Steiermark;2024-05-03;6.62
Steiermark;2024-05-04;6.79
Steiermark;2024-05-05;7.02
Steiermark;2024-05-06;7.19
Steiermark;2024-05-07;7.37
Steiermark;2024-05-08;7.51
Steiermark;2024-05-09;7.71
Steiermark;2024-05-10;7.92
Steiermark;2024-05-11;8.06
Steiermark;2024-05-12;8.27
Steiermark;2024-05-13;8.46
Steiermark;2024-05-14;8.71
Steiermark;2024-05-15;9.01
Steiermark;2024-05-16;9.37
Steiermark;2024-05-17;9.77
Steiermark;2024-05-18;10.23
Steiermark;2024-05-19;10.7
Steiermark;2024-05-20;11.2
Steiermark;2024-05-21;11.75
Steiermark;2024-05-22;12.39
Steiermark;2024-05-23;13.02
Steiermark;2024-05-24;13.75
Steiermark;2024-05-25;14.49
Steiermark;2024-05-26;15.3
Steiermark;2024-05-27;16.21
Steiermark;2024-05-28;17.19
Steiermark;2024-05-29;18.19
Steiermark;2024-05-30;19.19
Steiermark;2024-05-31;20.35
Steiermark;2024-06-01;21.59
Steiermark;2024-06-02;22.92
Steiermark;2024-06-03;24.34
Steiermark;2024-06-04;25.95
Steiermark;2024-06-05;27.62
Steiermark;2024-06-06;29.32
Steiermark;2024-06-07;31.07
Steiermark;2024-06-08;32.77
Steiermark;2024-06-09;34.36
Steiermark;2024-06-10;35.9
Steiermark;2024-06-11;37.39
Steiermark;2024-06-12;38.84
Steiermark;2024-06-13;40.34
Steiermark;2024-06-14;41.81
Steiermark;2024-06-15;43.39
Steiermark;2024-06-16;44.86
Steiermark;2024-06-17;46.22
Steiermark;2024-06-18;47.4
Steiermark;2024-06-19;48.47
Steiermark;2024-06-20;49.32
Steiermark;2024-06-21;50.01
Steiermark;2024-06-22;50.71
Steiermark;2024-06-23;51.36
Steiermark;2024-06-24;52.11
Steiermark;2024-06-25;52.93
Steiermark;2024-06-26;53.72
Steiermark;2024-06-27;54.44
Steiermark;2024-06-28;55.06
Steiermark;2024-06-29;55.7
Steiermark;2024-06-30;56.24
Steiermark;2024-07-01;56.83
Steiermark;2024-07-02;57.39
Steiermark;2024-07-03;58.04
Steiermark;2024-07-04;58.73
Steiermark;2024-07-05;59.45
Steiermark;2024-07-06;60.14
Steiermark;2024-07-07;60.79
Steiermark;2024-07-08;61.26
Steiermark;2024-07-09;61.66
Steiermark;2024-07-10;61.99
Steiermark;2024-07-11;62.19
Steiermark;2024-07-12;62.41
Steiermark;2024-07-13;62.64
Steiermark;2024-07-14;62.91
Steiermark;2024-07-15;63.23
Steiermark;2024-07-16;63.67
Steiermark;2024-07-17;64.15
Steiermark;2024-07-18;64.75
Steiermark;2024-07-19;65.4
Steiermark;2024-07-20;66.05
Steiermark;2024-07-21;66.72
Steiermark;2024-07-22;67.31
Steiermark;2024-07-23;67.94
Steiermark;2024-07-24;68.49
Steiermark;2024-07-25;69.05
Steiermark;2024-07-26;69.6
Steiermark;2024-07-27;70.11
Steiermark;2024-07-28;70.63
Steiermark;2024-07-29;71.27
Steiermark;2024-07-30;71.97
Steiermark;2024-07-31;72.78
Steiermark;2024-08-01;73.68
Steiermark;2024-08-02;74.68
Steiermark;2024-08-03;75.8
Steiermark;2024-08-04;76.83
Steiermark;2024-08-05;77.92
Steiermark;2024-08-06;79.03
Steiermark;2024-08-07;80.27
Steiermark;2024-08-08;81.69
Steiermark;2024-08-09;83.32
Steiermark;2024-08-10;85.19
Steiermark;2024-08-11;87.35
Steiermark;2024-08-12;89.86
Steiermark;2024-08-13;92.55
Steiermark;2024-08-14;95.45
Steiermark;2024-08-15;98.4
Steiermark;2024-08-16;101.41
Steiermark;2024-08-17;104.51
Steiermark;2024-08-18;107.59
Steiermark;2024-08-19;110.71
Steiermark;2024-08-20;113.82
Steiermark;2024-08-21;116.88
Steiermark;2024-08-22;119.86
Steiermark;2024-08-23;122.7
Steiermark;2024-08-24;125.34
Steiermark;2024-08-25;127.68
Steiermark;2024-08-26;129.72
Steiermark;2024-08-27;131.53
Steiermark;2024-08-28;133.14
Steiermark;2024-08-29;134.59
Steiermark;2024-08-30;135.93
Steiermark;2024-08-31;137.27
Steiermark;2024-09-01;138.74
Steiermark;2024-09-02;140.47
Steiermark;2024-09-03;142.54
Steiermark;2024-09-04;145.03
Steiermark;2024-09-05;148.07
Steiermark;2024-09-06;151.48
Steiermark;2024-09-07;155.47
Steiermark;2024-09-08;159.91
Steiermark;2024-09-09;164.9
Steiermark;2024-09-10;170.53
Steiermark;2024-09-11;176.96
Steiermark;2024-09-12;184.17
Steiermark;2024-09-13;192.11
Steiermark;2024-09-14;200.78
Steiermark;2024-09-15;210.1
Steiermark;2024-09-16;220.17
Steiermark;2024-09-17;230.73
Steiermark;2024-09-18;241.61
Steiermark;2024-09-19;252.76
Steiermark;2024-09-20;264.03
Steiermark;2024-09-21;275.16
Steiermark;2024-09-22;286.09
Steiermark;2024-09-23;296.58
Steiermark;2024-09-24;306.27
Steiermark;2024-09-25;315.03
Steiermark;2024-09-26;322.79
Steiermark;2024-09-27;329.67
Steiermark;2024-09-28;335.88
Steiermark;2024-09-29;341.48
Steiermark;2024-09-30;346.56
Steiermark;2024-10-01;351.15
Steiermark;2024-10-02;355.18
Steiermark;2024-10-03;358.53
Steiermark;2024-10-04;360.96
Steiermark;2024-10-05;361.97
Steiermark;2024-10-06;361.18
Steiermark;2024-10-07;358.42
Steiermark;2024-10-08;354.02
Steiermark;2024-10-09;348.36
Steiermark;2024-10-10;341.77
Steiermark;2024-10-11;334.66
Steiermark;2024-10-12;326.98
Steiermark;2024-10-13;318.98
Steiermark;2024-10-14;310.63
Steiermark;2024-10-15;301.99
Steiermark;2024-10-16;293.09
Steiermark;2024-10-17;283.96
Steiermark;2024-10-18;274.63
Steiermark;2024-10-19;265.05
Steiermark;2024-10-20;255.2
Steiermark;2024-10-21;244.98
Steiermark;2024-10-22;234.4
Steiermark;2024-10-23;223.49
Steiermark;2024-10-24;212.41
Steiermark;2024-10-25;201.39
Steiermark;2024-10-26;190.6
Steiermark;2024-10-27;180.23
Steiermark;2024-10-28;170.48
Steiermark;2024-10-29;161.57
Steiermark;2024-10-30;153.71
Steiermark;2024-10-31;146.88
Steiermark;2024-11-01;140.97
Steiermark;2024-11-02;135.83
Steiermark;2024-11-03;131.3
Steiermark;2024-11-04;127.36
Steiermark;2024-11-05;123.91
Steiermark;2024-11-06;121.02
Steiermark;2024-11-07;118.59
Steiermark;2024-11-08;116.52
Steiermark;2024-11-09;114.64
Steiermark;2024-11-10;112.89
Steiermark;2024-11-11;111.13
Steiermark;2024-11-12;109.48
Steiermark;2024-11-13;107.93
Steiermark;2024-11-14;106.57
Steiermark;2024-11-15;105.48
Steiermark;2024-11-16;104.64
Steiermark;2024-11-17;104.17
Steiermark;2024-11-18;103.97
Steiermark;2024-11-19;104.2
Steiermark;2024-11-20;104.66
Steiermark;2024-11-21;105.42
Steiermark;2024-11-22;106.38
Steiermark;2024-11-23;107.52
Steiermark;2024-11-24;108.86
Steiermark;2024-11-25;110.28
Steiermark;2024-11-26;111.82
Steiermark;2024-11-27;113.39
Steiermark;2024-11-28;114.88
Steiermark;2024-11-29;116.31
Steiermark;2024-11-30;117.55
Steiermark;2024-12-01;118.45
Steiermark;2024-12-02;118.99
Steiermark;2024-12-03;119.1
Steiermark;2024-12-04;118.73
Steiermark;2024-12-05;117.94
Steiermark;2024-12-06;116.85
Steiermark;2024-12-07;115.47
Steiermark;2024-12-08;113.99
Steiermark;2024-12-09;112.48
Steiermark;2024-12-10;111.05
Steiermark;2024-12-11;109.76
Steiermark;2024-12-12;108.68
Steiermark;2024-12-13;107.75
Steiermark;2024-12-14;106.78
Steiermark;2024-12-15;105.81
Steiermark;2024-12-16;104.61
Steiermark;2024-12-17;103.3
Steiermark;2024-12-18;101.93
Steiermark;2024-12-19;100.46
Steiermark;2024-12-20;99.02
Steiermark;2024-12-21;97.64
Steiermark;2024-12-22;96.3
Steiermark;2024-12-23;95.05
Steiermark;2024-12-24;93.9
Steiermark;2024-12-25;92.69
Steiermark;2024-12-26;91.54
Steiermark;2024-12-27;90.2
Steiermark;2024-12-28;88.69
Steiermark;2024-12-29;86.95
Steiermark;2024-12-30;84.83
Steiermark;2024-12-31;82.48
Steiermark;2025-01-01;79.88
Steiermark;2025-01-02;77.17
Steiermark;2025-01-03;74.34
Steiermark;2025-01-04;71.51
Steiermark;2025-01-05;68.61
Steiermark;2025-01-06;65.84
Steiermark;2025-01-07;63.1
Steiermark;2025-01-08;60.56
Steiermark;2025-01-09;58.18
Steiermark;2025-01-10;55.98
Steiermark;2025-01-11;53.94
Steiermark;2025-01-12;52.11
Steiermark;2025-01-13;50.4
Steiermark;2025-01-14;48.84
Steiermark;2025-01-15;47.47
Steiermark;2025-01-16;46.25
Steiermark;2025-01-17;45.06
Steiermark;2025-01-18;43.93
Steiermark;2025-01-19;42.83
Steiermark;2025-01-20;41.7
Steiermark;2025-01-21;40.53
Steiermark;2025-01-22;39.32
Steiermark;2025-01-23;38.26
Steiermark;2025-01-24;37.17
Steiermark;2025-01-25;36.24
Steiermark;2025-01-26;35.47
Steiermark;2025-01-27;34.73
Steiermark;2025-01-28;34.14
Steiermark;2025-01-29;33.62
Steiermark;2025-01-30;33.19
Steiermark;2025-01-31;32.79
Steiermark;2025-02-01;32.46
Steiermark;2025-02-02;32.15
Steiermark;2025-02-03;31.77
Steiermark;2025-02-04;31.37
Steiermark;2025-02-05;30.84
Steiermark;2025-02-06;30.3
Steiermark;2025-02-07;29.73
Steiermark;2025-02-08;29.11
Steiermark;2025-02-09;28.52
Steiermark;2025-02-10;27.86
Steiermark;2025-02-11;27.24
Steiermark;2025-02-12;26.65
Steiermark;2025-02-13;25.98
Steiermark;2025-02-14;25.37
Steiermark;2025-02-15;24.71
Steiermark;2025-02-16;23.89
Steiermark;2025-02-17;23.01
Steiermark;2025-02-18;22.13
Steiermark;2025-02-19;21.21
Steiermark;2025-02-20;20.3
Steiermark;2025-02-21;19.4
Steiermark;2025-02-22;18.49
Steiermark;2025-02-23;17.72
Steiermark;2025-02-24;16.89
Steiermark;2025-02-25;16.09
Steiermark;2025-02-26;15.41
Steiermark;2025-02-27;14.73
Steiermark;2025-02-28;14.15
Steiermark;2025-03-01;13.59
Steiermark;2025-03-02;13.03
Steiermark;2025-03-03;12.56
Steiermark;2025-03-04;12.11
Steiermark;2025-03-05;11.75
Steiermark;2025-03-06;11.39
Steiermark;2025-03-07;11.13
Steiermark;2025-03-08;10.81
Steiermark;2025-03-09;10.56
Steiermark;2025-03-10;10.28
Steiermark;2025-03-11;10.06
Steiermark;2025-03-12;9.8
Steiermark;2025-03-13;9.49
Steiermark;2025-03-14;9.28
Steiermark;2025-03-15;9.06
Steiermark;2025-03-16;8.84
Steiermark;2025-03-17;8.63
Steiermark;2025-03-18;8.46
Steiermark;2025-03-19;8.32
Steiermark;2025-03-20;8.24
Steiermark;2025-03-21;8.11
Steiermark;2025-03-22;8.02
Steiermark;2025-03-23;7.97
Steiermark;2025-03-24;7.91
Steiermark;2025-03-25;7.8
Steiermark;2025-03-26;7.74
Steiermark;2025-03-27;7.71
Steiermark;2025-03-28;7.68
Steiermark;2025-03-29;7.74
Steiermark;2025-03-30;7.79
Steiermark;2025-03-31;8.0
Steiermark;2025-04-01;8.21
Steiermark;2025-04-02;8.45
Steiermark;2025-04-03;8.73
Steiermark;2025-04-04;9.11
Steiermark;2025-04-05;9.48
Steiermark;2025-04-06;9.88
Steiermark;2025-04-07;10.19
Steiermark;2025-04-08;10.56
Steiermark;2025-04-09;10.85
Steiermark;2025-04-10;11.07
Steiermark;2025-04-11;11.22
Steiermark;2025-04-12;11.3
Steiermark;2025-04-13;11.25
Steiermark;2025-04-14;11.13
Steiermark;2025-04-15;10.89
Steiermark;2025-04-16;10.66
Steiermark;2025-04-17;10.43
Steiermark;2025-04-18;10.21
Steiermark;2025-04-19;9.98
Steiermark;2025-04-20;9.81
Steiermark;2025-04-21;9.64
Steiermark;2025-04-22;9.46
Steiermark;2025-04-23;9.27
Steiermark;2025-04-24;9.14
Steiermark;2025-04-25;9.01
Steiermark;2025-04-26;8.9
Steiermark;2025-04-27;8.88
Steiermark;2025-04-28;8.86
Steiermark;2025-04-29;8.81
Steiermark;2025-04-30;8.93
Steiermark;2025-05-01;9.0
Steiermark;2025-05-02;9.17
Steiermark;2025-05-03;9.36
Steiermark;2025-05-04;9.66
Steiermark;2025-05-05;9.98
Steiermark;2025-05-06;10.48
Steiermark;2025-05-07;11.03
Steiermark;2025-05-08;11.68
Steiermark;2025-05-09;12.38
Steiermark;2025-05-10;13.2
Steiermark;2025-05-11;14.03
Steiermark;2025-05-12;15.02
Steiermark;2025-05-13;16.08
Steiermark;2025-05-14;17.19
Steiermark;2025-05-15;18.36
Steiermark;2025-05-16;19.39
Steiermark;2025-05-17;20.34
Steiermark;2025-05-18;21.01
Steiermark;2025-05-19;21.43
Steiermark;2025-05-20;21.64
Steiermark;2025-05-21;21.66
Steiermark;2025-05-22;21.67
Steiermark;2025-05-23;21.56
Steiermark;2025-05-24;21.51
Steiermark;2025-05-25;21.41
Steiermark;2025-05-26;21.32
Steiermark;2025-05-27;21.2
Steiermark;2025-05-28;21.19
Steiermark;2025-05-29;21.1
Steiermark;2025-05-30;20.96
Steiermark;2025-05-31;20.91
Steiermark;2025-06-01;20.71
Steiermark;2025-06-02;20.53
Steiermark;2025-06-03;20.38
Steiermark;2025-06-04;20.17
Steiermark;2025-06-05;20.05
Steiermark;2025-06-06;19.92
Steiermark;2025-06-07;19.91
Steiermark;2025-06-08;19.95
Steiermark;2025-06-09;20.08
Steiermark;2025-06-10;20.3
Steiermark;2025-06-11;20.7
Steiermark;2025-06-12;21.18
Steiermark;2025-06-13;21.75
Steiermark;2025-06-14;22.34
Steiermark;2025-06-15;22.85
Wien;2022-09-01;118.9
Wien;2022-09-02;117.7
Wien;2022-09-03;116.5
Wien;2022-09-04;115.2
Wien;2022-09-05;113.9
Wien;2022-09-06;112.7
Wien;2022-09-07;111.6
Wien;2022-09-08;110.7
Wien;2022-09-09;110.0
Wien;2022-09-10;110.0
Wien;2022-09-11;110.6
Wien;2022-09-12;112.1
Wien;2022-09-13;114.4
Wien;2022-09-14;117.5
Wien;2022-09-15;121.1
Wien;2022-09-16;125.3
Wien;2022-09-17;129.9
Wien;2022-09-18;135.0
Wien;2022-09-19;140.6
Wien;2022-09-20;146.8
Wien;2022-09-21;153.5
Wien;2022-09-22;160.6
Wien;2022-09-23;167.9
Wien;2022-09-24;175.2
Wien;2022-09-25;182.5
Wien;2022-09-26;189.8
Wien;2022-09-27;197.1
Wien;2022-09-28;204.6
Wien;2022-09-29;212.2
Wien;2022-09-30;219.6
Wien;2022-10-01;226.5
Wien;2022-10-02;232.4
Wien;2022-10-03;237.2
Wien;2022-10-04;240.8
Wien;2022-10-05;243.3
Wien;2022-10-06;244.9
Wien;2022-10-07;245.7
Wien;2022-10-08;245.5
Wien;2022-10-09;244.2
Wien;2022-10-10;241.7
Wien;2022-10-11;238.0
Wien;2022-10-12;233.2
Wien;2022-10-13;227.5
Wien;2022-10-14;221.4
Wien;2022-10-15;215.3
Wien;2022-10-16;209.3
Wien;2022-10-17;203.9
Wien;2022-10-18;199.0
Wien;2022-10-19;194.5
Wien;2022-10-20;190.4
Wien;2022-10-21;186.4
Wien;2022-10-22;182.5
Wien;2022-10-23;178.3
Wien;2022-10-24;173.9
Wien;2022-10-25;169.2
Wien;2022-10-26;164.4
Wien;2022-10-27;159.6
Wien;2022-10-28;154.7
Wien;2022-10-29;150.0
Wien;2022-10-30;145.5
Wien;2022-10-31;141.3
Wien;2022-11-01;137.7
Wien;2022-11-02;134.7
Wien;2022-11-03;132.2
Wien;2022-11-04;130.5
Wien;2022-11-05;129.4
Wien;2022-11-06;129.2
Wien;2022-11-07;129.9
Wien;2022-11-08;131.6
Wien;2022-11-09;134.4
Wien;2022-11-10;137.9
Wien;2022-11-11;142.0
Wien;2022-11-12;146.3
Wien;2022-11-13;150.8
Wien;2022-11-14;155.4
Wien;2022-11-15;160.0
Wien;2022-11-16;164.9
Wien;2022-11-17;169.8
Wien;2022-11-18;174.8
Wien;2022-11-19;179.6
Wien;2022-11-20;184.0
Wien;2022-11-21;188.0
Wien;2022-11-22;191.5
Wien;2022-11-23;194.7
Wien;2022-11-24;197.5
Wien;2022-11-25;199.9
Wien;2022-11-26;202.1
Wien;2022-11-27;203.9
Wien;2022-11-28;205.4
Wien;2022-11-29;206.7
Wien;2022-11-30;207.9
Wien;2022-12-01;209.1
Wien;2022-12-02;210.5
Wien;2022-12-03;212.0
Wien;2022-12-04;213.7
Wien;2022-12-05;215.8
Wien;2022-12-06;218.3
Wien;2022-12-07;221.0
Wien;2022-12-08;224.2
Wien;2022-12-09;227.6
Wien;2022-12-10;231.4
Wien;2022-12-11;235.4
Wien;2022-12-12;239.9
Wien;2022-12-13;244.8
Wien;2022-12-14;250.0
Wien;2022-12-15;255.4
Wien;2022-12-16;260.5
Wien;2022-12-17;265.0
Wien;2022-12-18;268.4
Wien;2022-12-19;270.5
Wien;2022-12-20;271.2
Wien;2022-12-21;270.6
Wien;2022-12-22;269.0
Wien;2022-12-23;266.7
Wien;2022-12-24;263.8
Wien;2022-12-25;260.5
Wien;2022-12-26;256.9
Wien;2022-12-27;252.9
Wien;2022-12-28;248.5
Wien;2022-12-29;243.8
Wien;2022-12-30;238.8
Wien;2022-12-31;233.4
Wien;2023-01-01;227.6
Wien;2023-01-02;221.4
Wien;2023-01-03;214.7
Wien;2023-01-04;207.6
Wien;2023-01-05;200.1
Wien;2023-01-06;192.6
Wien;2023-01-07;185.2
Wien;2023-01-08;178.0
Wien;2023-01-09;171.2
Wien;2023-01-10;165.0
Wien;2023-01-11;159.4
Wien;2023-01-12;154.3
Wien;2023-01-13;149.8
Wien;2023-01-14;146.0
Wien;2023-01-15;143.1
Wien;2023-01-16;141.1
Wien;2023-01-17;140.2
Wien;2023-01-18;140.4
Wien;2023-01-19;141.5
Wien;2023-01-20;143.6
Wien;2023-01-21;146.6
Wien;2023-01-22;150.6
Wien;2023-01-23;155.6
Wien;2023-01-24;161.4
Wien;2023-01-25;168.1
Wien;2023-01-26;175.4
Wien;2023-01-27;183.3
Wien;2023-01-28;191.8
Wien;2023-01-29;201.2
Wien;2023-01-30;211.4
Wien;2023-01-31;222.6
Wien;2023-02-01;234.7
Wien;2023-02-02;247.1
Wien;2023-02-03;259.5
Wien;2023-02-04;271.1
Wien;2023-02-05;281.4
Wien;2023-02-06;289.9
Wien;2023-02-07;296.7
Wien;2023-02-08;302.1
Wien;2023-02-09;306.4
Wien;2023-02-10;309.9
Wien;2023-02-11;312.8
Wien;2023-02-12;315.3
Wien;2023-02-13;317.5
Wien;2023-02-14;319.4
Wien;2023-02-15;321.1
Wien;2023-02-16;322.8
Wien;2023-02-17;324.3
Wien;2023-02-18;325.6
Wien;2023-02-19;326.9
Wien;2023-02-20;328.2
Wien;2023-02-21;329.7
Wien;2023-02-22;331.6
Wien;2023-02-23;333.9
Wien;2023-02-24;336.6
Wien;2023-02-25;339.5
Wien;2023-02-26;342.7
Wien;2023-02-27;345.8
Wien;2023-02-28;348.6
Wien;2023-03-01;350.7
Wien;2023-03-02;351.9
Wien;2023-03-03;352.2
Wien;2023-03-04;351.5
Wien;2023-03-05;349.5
Wien;2023-03-06;346.2
Wien;2023-03-07;341.6
Wien;2023-03-08;335.9
Wien;2023-03-09;329.3
Wien;2023-03-10;322.3
Wien;2023-03-11;315.0
Wien;2023-03-12;307.6
Wien;2023-03-13;300.5
Wien;2023-03-14;293.8
Wien;2023-03-15;287.5
Wien;2023-03-16;281.6
Wien;2023-03-17;275.7
Wien;2023-03-18;269.4
Wien;2023-03-19;262.4
Wien;2023-03-20;254.8
Wien;2023-03-21;246.6
Wien;2023-03-22;238.1
Wien;2023-03-23;229.6
Wien;2023-03-24;221.1
Wien;2023-03-25;212.6
Wien;2023-03-26;204.1
Wien;2023-03-27;195.8
Wien;2023-03-28;187.9
Wien;2023-03-29;180.6
Wien;2023-03-30;173.9
Wien;2023-03-31;167.9
Wien;2023-04-01;162.5
Wien;2023-04-02;157.6
Wien;2023-04-03;153.3
Wien;2023-04-04;149.5
Wien;2023-04-05;146.2
Wien;2023-04-06;143.1
Wien;2023-04-07;140.2
Wien;2023-04-08;137.4
Wien;2023-04-09;134.7
Wien;2023-04-10;131.8
Wien;2023-04-11;128.8
Wien;2023-04-12;125.6
Wien;2023-04-13;122.2
Wien;2023-04-14;118.7
Wien;2023-04-15;115.1
Wien;2023-04-16;111.4
Wien;2023-04-17;107.9
Wien;2023-04-18;104.4
Wien;2023-04-19;101.0
Wien;2023-04-20;97.8
Wien;2023-04-21;94.7
Wien;2023-04-22;91.8
Wien;2023-04-23;89.1
Wien;2023-04-24;86.5
Wien;2023-04-25;84.1
Wien;2023-04-26;81.8
Wien;2023-04-27;79.7
Wien;2023-04-28;77.5
Wien;2023-04-29;75.4
Wien;2023-04-30;73.3
Wien;2023-05-01;71.2
Wien;2023-05-02;69.0
Wien;2023-05-03;66.8
Wien;2023-05-04;64.6
Wien;2023-05-05;62.3
Wien;2023-05-06;60.1
Wien;2023-05-07;57.9
Wien;2023-05-08;55.8
Wien;2023-05-09;53.7
Wien;2023-05-10;51.7
Wien;2023-05-11;49.9
Wien;2023-05-12;48.2
Wien;2023-05-13;46.6
Wien;2023-05-14;45.2
Wien;2023-05-15;44.1
Wien;2023-05-16;43.2
Wien;2023-05-17;42.5
Wien;2023-05-18;42.1
Wien;2023-05-19;41.8
Wien;2023-05-20;41.6
Wien;2023-05-21;41.5
Wien;2023-05-22;41.3
Wien;2023-05-23;41.1
Wien;2023-05-24;40.8
Wien;2023-05-25;40.4
Wien;2023-05-26;40.0
Wien;2023-05-27;39.4
Wien;2023-05-28;38.9
Wien;2023-05-29;38.2
Wien;2023-05-30;37.5
Wien;2023-05-31;36.6
Wien;2023-06-01;35.7
Wien;2023-06-02;34.7
Wien;2023-06-03;33.7
Wien;2023-06-04;32.8
Wien;2023-06-05;31.9
Wien;2023-06-06;31.1
Wien;2023-06-07;30.4
Wien;2023-06-08;29.7
Wien;2023-06-09;29.1
Wien;2023-06-10;28.6
Wien;2023-06-11;28.0
Wien;2023-06-12;27.3
Wien;2023-06-13;26.6
Wien;2023-06-14;25.8
Wien;2023-06-15;25.0
Wien;2023-06-16;24.2
Wien;2023-06-17;23.4
Wien;2023-06-18;22.6
Wien;2023-06-19;22.0
Wien;2023-06-20;21.4
Wien;2023-06-21;21.0
Wien;2023-06-22;20.7
Wien;2023-06-23;20.5
Wien;2023-06-24;20.3
Wien;2023-06-25;20.2
Wien;2023-06-26;20.1
Wien;2023-06-27;20.0
Wien;2023-06-28;20.1
Wien;2023-06-29;20.2
Wien;2023-06-30;20.3
Wien;2023-07-01;20.5
Wien;2023-07-02;20.8
Wien;2023-07-03;21.0
Wien;2023-07-04;21.3
Wien;2023-07-05;21.6
Wien;2023-07-06;21.8
Wien;2023-07-07;22.0
Wien;2023-07-08;22.2
Wien;2023-07-09;22.4
Wien;2023-07-10;22.6
Wien;2023-07-11;22.8
Wien;2023-07-12;23.2
Wien;2023-07-13;23.6
Wien;2023-07-14;24.1
Wien;2023-07-15;24.8
Wien;2023-07-16;25.5
Wien;2023-07-17;26.4
Wien;2023-07-18;27.5
Wien;2023-07-19;28.6
Wien;2023-07-20;29.9
Wien;2023-07-21;31.1
Wien;2023-07-22;32.5
Wien;2023-07-23;33.9
Wien;2023-07-24;35.4
Wien;2023-07-25;37.0
Wien;2023-07-26;38.9
Wien;2023-07-27;41.0
Wien;2023-07-28;43.3
Wien;2023-07-29;45.7
Wien;2023-07-30;48.2
Wien;2023-07-31;50.9
Wien;2023-08-01;53.9
Wien;2023-08-02;57.0
Wien;2023-08-03;60.4
Wien;2023-08-04;63.8
Wien;2023-08-05;67.4
Wien;2023-08-06;70.9
Wien;2023-08-07;74.4
Wien;2023-08-08;77.7
Wien;2023-08-09;80.9
Wien;2023-08-10;84.0
Wien;2023-08-11;87.0
Wien;2023-08-12;90.0
Wien;2023-08-13;93.0
Wien;2023-08-14;95.9
Wien;2023-08-15;98.6
Wien;2023-08-16;100.8
Wien;2023-08-17;102.6
Wien;2023-08-18;104.1
Wien;2023-08-19;105.3
Wien;2023-08-20;106.4
Wien;2023-08-21;107.5
Wien;2023-08-22;108.7
Wien;2023-08-23;110.1
Wien;2023-08-24;111.7
Wien;2023-08-25;113.4
Wien;2023-08-26;115.4
Wien;2023-08-27;117.4
Wien;2023-08-28;119.4
Wien;2023-08-29;121.5
Wien;2023-08-30;123.7
Wien;2023-08-31;125.8
Wien;2023-09-01;127.7
Wien;2023-09-02;129.5
Wien;2023-09-03;130.9
Wien;2023-09-04;132.0
Wien;2023-09-05;132.8
Wien;2023-09-06;133.4
Wien;2023-09-07;134.1
Wien;2023-09-08;134.7
Wien;2023-09-09;135.3
Wien;2023-09-10;135.9
Wien;2023-09-11;136.6
Wien;2023-09-12;137.2
Wien;2023-09-13;137.6
Wien;2023-09-14;137.9
Wien;2023-09-15;137.9
Wien;2023-09-16;137.7
Wien;2023-09-17;137.3
Wien;2023-09-18;136.8
Wien;2023-09-19;136.2
Wien;2023-09-20;135.6
Wien;2023-09-21;135.2
Wien;2023-09-22;134.9
Wien;2023-09-23;134.9
Wien;2023-09-24;135.1
Wien;2023-09-25;135.6
Wien;2023-09-26;136.6
Wien;2023-09-27;137.9
Wien;2023-09-28;139.6
Wien;2023-09-29;141.5
Wien;2023-09-30;143.6
Wien;2023-10-01;145.9
Wien;2023-10-02;148.2
Wien;2023-10-03;150.6
Wien;2023-10-04;152.9
Wien;2023-10-05;155.3
Wien;2023-10-06;157.7
Wien;2023-10-07;160.2
Wien;2023-10-08;162.9
Wien;2023-10-09;165.8
Wien;2023-10-10;168.9
Wien;2023-10-11;172.3
Wien;2023-10-12;175.9
Wien;2023-10-13;179.6
Wien;2023-10-14;183.3
Wien;2023-10-15;186.9
Wien;2023-10-16;190.2
Wien;2023-10-17;193.2
Wien;2023-10-18;195.8
Wien;2023-10-19;198.0
Wien;2023-10-20;199.8
Wien;2023-10-21;201.5
Wien;2023-10-22;203.0
Wien;2023-10-23;204.7
Wien;2023-10-24;206.6
Wien;2023-10-25;208.9
Wien;2023-10-26;211.7
Wien;2023-10-27;214.6
Wien;2023-10-28;217.5
Wien;2023-10-29;220.3
Wien;2023-10-30;222.8
Wien;2023-10-31;225.5
Wien;2023-11-01;228.7
Wien;2023-11-02;232.9
Wien;2023-11-03;238.6
Wien;2023-11-04;245.9
Wien;2023-11-05;254.9
Wien;2023-11-06;265.4
Wien;2023-11-07;277.3
Wien;2023-11-08;290.4
Wien;2023-11-09;304.3
Wien;2023-11-10;318.4
Wien;2023-11-11;332.4
Wien;2023-11-12;345.9
Wien;2023-11-13;358.6
Wien;2023-11-14;370.6
Wien;2023-11-15;382.3
Wien;2023-11-16;394.0
Wien;2023-11-17;406.3
Wien;2023-11-18;419.5
Wien;2023-11-19;434.3
Wien;2023-11-20;450.7
Wien;2023-11-21;468.8
Wien;2023-11-22;488.0
Wien;2023-11-23;508.2
Wien;2023-11-24;529.1
Wien;2023-11-25;550.7
Wien;2023-11-26;573.1
Wien;2023-11-27;596.6
Wien;2023-11-28;621.3
Wien;2023-11-29;647.2
Wien;2023-11-30;673.9
Wien;2023-12-01;700.4
Wien;2023-12-02;725.8
Wien;2023-12-03;749.0
Wien;2023-12-04;768.8
Wien;2023-12-05;784.2
Wien;2023-12-06;795.0
Wien;2023-12-07;801.7
Wien;2023-12-08;804.9
Wien;2023-12-09;805.6
Wien;2023-12-10;803.7
Wien;2023-12-11;798.8
Wien;2023-12-12;789.7
Wien;2023-12-13;775.9
Wien;2023-12-14;757.8
Wien;2023-12-15;736.7
Wien;2023-12-16;713.9
Wien;2023-12-17;690.4
Wien;2023-12-18;666.4
Wien;2023-12-19;642.0
Wien;2023-12-20;616.6
Wien;2023-12-21;590.3
Wien;2023-12-22;563.5
Wien;2023-12-23;536.7
Wien;2023-12-24;510.3
Wien;2023-12-25;484.7
Wien;2023-12-26;460.4
Wien;2023-12-27;437.4
Wien;2023-12-28;415.6
Wien;2023-12-29;395.0
Wien;2023-12-30;375.4
Wien;2023-12-31;356.9
Wien;2024-01-01;339.2
Wien;2024-01-02;322.0
Wien;2024-01-03;305.0
Wien;2024-01-04;288.3
Wien;2024-01-05;271.9
Wien;2024-01-06;256.5
Wien;2024-01-07;242.4
Wien;2024-01-08;229.9
Wien;2024-01-09;218.8
Wien;2024-01-10;209.0
Wien;2024-01-11;200.1
Wien;2024-01-12;191.8
Wien;2024-01-13;184.0
Wien;2024-01-14;176.6
Wien;2024-01-15;169.5
Wien;2024-01-16;162.6
Wien;2024-01-17;155.8
Wien;2024-01-18;149.0
Wien;2024-01-19;142.4
Wien;2024-01-20;135.9
Wien;2024-01-21;129.5
Wien;2024-01-22;123.4
Wien;2024-01-23;117.6
Wien;2024-01-24;112.0
Wien;2024-01-25;106.7
Wien;2024-01-26;101.6
Wien;2024-01-27;96.8
Wien;2024-01-28;92.2
Wien;2024-01-29;87.9
Wien;2024-01-30;83.8
Wien;2024-01-31;79.9
Wien;2024-02-01;76.3
Wien;2024-02-02;72.8
Wien;2024-02-03;69.4
Wien;2024-02-04;66.2
Wien;2024-02-05;63.1
Wien;2024-02-06;60.2
Wien;2024-02-07;57.7
Wien;2024-02-08;55.3
Wien;2024-02-09;53.1
Wien;2024-02-10;50.9
Wien;2024-02-11;48.7
Wien;2024-02-12;46.5
Wien;2024-02-13;44.2
Wien;2024-02-14;42.0
Wien;2024-02-15;39.8
Wien;2024-02-16;37.8
Wien;2024-02-17;35.9
Wien;2024-02-18;34.1
Wien;2024-02-19;32.5
Wien;2024-02-20;31.1
Wien;2024-02-21;29.9
Wien;2024-02-22;28.8
Wien;2024-02-23;27.8
Wien;2024-02-24;26.9
Wien;2024-02-25;26.1
Wien;2024-02-26;25.3
Wien;2024-02-27;24.5
Wien;2024-02-28;23.9
Wien;2024-02-29;23.3
Wien;2024-03-01;22.8
Wien;2024-03-02;22.3
Wien;2024-03-03;21.8
Wien;2024-03-04;21.4
Wien;2024-03-05;21.1
Wien;2024-03-06;20.9
Wien;2024-03-07;20.8
Wien;2024-03-08;20.7
Wien;2024-03-09;20.8
Wien;2024-03-10;20.9
Wien;2024-03-11;21.1
Wien;2024-03-12;21.5
Wien;2024-03-13;22.1
Wien;2024-03-14;22.7
Wien;2024-03-15;23.5
Wien;2024-03-16;24.3
Wien;2024-03-17;25.0
Wien;2024-03-18;25.5
Wien;2024-03-19;25.8
Wien;2024-03-20;25.8
Wien;2024-03-21;25.4
Wien;2024-03-22;24.8
Wien;2024-03-23;24.1
Wien;2024-03-24;23.4
Wien;2024-03-25;22.6
Wien;2024-03-26;21.9
Wien;2024-03-27;21.2
Wien;2024-03-28;20.7
Wien;2024-03-29;20.1
Wien;2024-03-30;19.7
Wien;2024-03-31;19.2
Wien;2024-04-01;18.8
Wien;2024-04-02;18.4
Wien;2024-04-03;18.1
Wien;2024-04-04;17.9
Wien;2024-04-05;17.7
Wien;2024-04-06;17.6
Wien;2024-04-07;17.6
Wien;2024-04-08;17.8
Wien;2024-04-09;18.0
Wien;2024-04-10;18.3
Wien;2024-04-11;18.6
Wien;2024-04-12;19.0
Wien;2024-04-13;19.5
Wien;2024-04-14;20.0
Wien;2024-04-15;20.7
Wien;2024-04-16;21.4
Wien;2024-04-17;22.2
Wien;2024-04-18;23.1
Wien;2024-04-19;24.1
Wien;2024-04-20;25.1
Wien;2024-04-21;26.2
Wien;2024-04-22;27.3
Wien;2024-04-23;28.4
Wien;2024-04-24;29.5
Wien;2024-04-25;30.6
Wien;2024-04-26;31.7
Wien;2024-04-27;32.7
Wien;2024-04-28;33.6
Wien;2024-04-29;34.3
Wien;2024-04-30;34.9
Wien;2024-05-01;35.5
Wien;2024-05-02;36.0
Wien;2024-05-03;36.5
Wien;2024-05-04;37.0
Wien;2024-05-05;37.4
Wien;2024-05-06;37.8
Wien;2024-05-07;38.3
Wien;2024-05-08;38.7
Wien;2024-05-09;39.1
Wien;2024-05-10;39.5
Wien;2024-05-11;39.9
Wien;2024-05-12;40.3
Wien;2024-05-13;40.7
Wien;2024-05-14;41.0
Wien;2024-05-15;41.3
Wien;2024-05-16;41.6
Wien;2024-05-17;41.9
Wien;2024-05-18;42.3
Wien;2024-05-19;42.7
Wien;2024-05-20;43.3
Wien;2024-05-21;44.0
Wien;2024-05-22;44.8
Wien;2024-05-23;45.7
Wien;2024-05-24;46.7
Wien;2024-05-25;47.8
Wien;2024-05-26;49.0
Wien;2024-05-27;50.3
Wien;2024-05-28;51.6
Wien;2024-05-29;53.1
Wien;2024-05-30;54.6
Wien;2024-05-31;56.3
Wien;2024-06-01;58.0
Wien;2024-06-02;59.7
Wien;2024-06-03;61.7
Wien;2024-06-04;63.8
Wien;2024-06-05;66.3
Wien;2024-06-06;69.0
Wien;2024-06-07;71.9
Wien;2024-06-08;74.9
Wien;2024-06-09;77.8
Wien;2024-06-10;80.6
Wien;2024-06-11;83.2
Wien;2024-06-12;85.8
Wien;2024-06-13;88.4
Wien;2024-06-14;91.1
Wien;2024-06-15;94.0
Wien;2024-06-16;97.1
Wien;2024-06-17;100.7
Wien;2024-06-18;104.6
Wien;2024-06-19;108.7
Wien;2024-06-20;113.0
Wien;2024-06-21;117.3
Wien;2024-06-22;121.6
Wien;2024-06-23;125.8
Wien;2024-06-24;129.8
Wien;2024-06-25;133.4
Wien;2024-06-26;136.8
Wien;2024-06-27;139.8
Wien;2024-06-28;142.7
Wien;2024-06-29;145.7
Wien;2024-06-30;148.8
Wien;2024-07-01;152.1
Wien;2024-07-02;155.4
Wien;2024-07-03;158.6
Wien;2024-07-04;161.4
Wien;2024-07-05;163.8
Wien;2024-07-06;165.7
Wien;2024-07-07;166.9
Wien;2024-07-08;167.4
Wien;2024-07-09;167.2
Wien;2024-07-10;166.6
Wien;2024-07-11;165.7
Wien;2024-07-12;164.4
Wien;2024-07-13;163.0
Wien;2024-07-14;161.2
Wien;2024-07-15;159.1
Wien;2024-07-16;156.6
Wien;2024-07-17;153.7
Wien;2024-07-18;150.4
Wien;2024-07-19;147.0
Wien;2024-07-20;143.8
Wien;2024-07-21;140.9
Wien;2024-07-22;138.6
Wien;2024-07-23;136.9
Wien;2024-07-24;135.9
Wien;2024-07-25;135.3
Wien;2024-07-26;134.9
Wien;2024-07-27;134.7
Wien;2024-07-28;134.5
Wien;2024-07-29;134.5
Wien;2024-07-30;135.0
Wien;2024-07-31;136.4
Wien;2024-08-01;138.5
Wien;2024-08-02;141.1
Wien;2024-08-03;143.9
Wien;2024-08-04;146.3
Wien;2024-08-05;148.3
Wien;2024-08-06;149.7
Wien;2024-08-07;150.7
Wien;2024-08-08;151.4
Wien;2024-08-09;152.0
Wien;2024-08-10;152.9
Wien;2024-08-11;154.3
Wien;2024-08-12;156.3
Wien;2024-08-13;158.9
Wien;2024-08-14;161.9
Wien;2024-08-15;165.3
Wien;2024-08-16;169.0
Wien;2024-08-17;173.0
Wien;2024-08-18;177.4
Wien;2024-08-19;182.0
Wien;2024-08-20;186.6
Wien;2024-08-21;190.9
Wien;2024-08-22;194.7
Wien;2024-08-23;198.1
Wien;2024-08-24;200.8
Wien;2024-08-25;202.9
Wien;2024-08-26;204.3
Wien;2024-08-27;205.1
Wien;2024-08-28;205.5
Wien;2024-08-29;205.7
Wien;2024-08-30;205.8
Wien;2024-08-31;206.0
Wien;2024-09-01;206.5
Wien;2024-09-02;207.1
Wien;2024-09-03;207.9
Wien;2024-09-04;208.7
Wien;2024-09-05;209.6
Wien;2024-09-06;210.8
Wien;2024-09-07;212.4
Wien;2024-09-08;214.7
Wien;2024-09-09;217.7
Wien;2024-09-10;221.4
Wien;2024-09-11;225.6
Wien;2024-09-12;230.5
Wien;2024-09-13;236.1
Wien;2024-09-14;242.7
Wien;2024-09-15;250.6
Wien;2024-09-16;259.9
Wien;2024-09-17;270.2
Wien;2024-09-18;281.2
Wien;2024-09-19;292.1
Wien;2024-09-20;302.6
Wien;2024-09-21;312.0
Wien;2024-09-22;319.9
Wien;2024-09-23;325.8
Wien;2024-09-24;329.7
Wien;2024-09-25;331.8
Wien;2024-09-26;332.4
Wien;2024-09-27;332.1
Wien;2024-09-28;331.2
Wien;2024-09-29;330.0
Wien;2024-09-30;328.6
Wien;2024-10-01;326.9
Wien;2024-10-02;324.6
Wien;2024-10-03;321.7
Wien;2024-10-04;318.1
Wien;2024-10-05;313.7
Wien;2024-10-06;308.5
Wien;2024-10-07;302.7
Wien;2024-10-08;296.5
Wien;2024-10-09;290.3
Wien;2024-10-10;284.1
Wien;2024-10-11;278.0
Wien;2024-10-12;271.7
Wien;2024-10-13;265.3
Wien;2024-10-14;258.7
Wien;2024-10-15;252.3
Wien;2024-10-16;246.2
Wien;2024-10-17;240.6
Wien;2024-10-18;235.2
Wien;2024-10-19;229.6
Wien;2024-10-20;223.8
Wien;2024-10-21;217.6
Wien;2024-10-22;211.4
Wien;2024-10-23;205.3
Wien;2024-10-24;199.6
Wien;2024-10-25;194.1
Wien;2024-10-26;188.9
Wien;2024-10-27;184.0
Wien;2024-10-28;179.2
Wien;2024-10-29;174.6
Wien;2024-10-30;170.3
Wien;2024-10-31;166.0
Wien;2024-11-01;161.5
Wien;2024-11-02;156.8
Wien;2024-11-03;151.5
Wien;2024-11-04;145.8
Wien;2024-11-05;139.9
Wien;2024-11-06;134.0
Wien;2024-11-07;128.4
Wien;2024-11-08;123.1
Wien;2024-11-09;118.2
Wien;2024-11-10;113.7
Wien;2024-11-11;109.7
Wien;2024-11-12;106.3
Wien;2024-11-13;103.4
Wien;2024-11-14;101.1
Wien;2024-11-15;99.1
Wien;2024-11-16;97.5
Wien;2024-11-17;96.3
Wien;2024-11-18;95.4
Wien;2024-11-19;94.8
Wien;2024-11-20;94.6
Wien;2024-11-21;94.6
Wien;2024-11-22;94.7
Wien;2024-11-23;95.0
Wien;2024-11-24;95.3
Wien;2024-11-25;95.7
Wien;2024-11-26;96.3
Wien;2024-11-27;97.0
Wien;2024-11-28;97.9
Wien;2024-11-29;99.0
Wien;2024-11-30;100.1
Wien;2024-12-01;101.2
Wien;2024-12-02;102.3
Wien;2024-12-03;103.4
Wien;2024-12-04;104.8
Wien;2024-12-05;106.3
Wien;2024-12-06;108.0
Wien;2024-12-07;109.8
Wien;2024-12-08;111.9
Wien;2024-12-09;114.2
Wien;2024-12-10;116.8
Wien;2024-12-11;119.8
Wien;2024-12-12;123.1
Wien;2024-12-13;126.4
Wien;2024-12-14;129.6
Wien;2024-12-15;132.3
Wien;2024-12-16;134.2
Wien;2024-12-17;134.9
Wien;2024-12-18;134.4
Wien;2024-12-19;132.7
Wien;2024-12-20;130.1
Wien;2024-12-21;126.9
Wien;2024-12-22;123.5
Wien;2024-12-23;120.0
Wien;2024-12-24;116.4
Wien;2024-12-25;112.8
Wien;2024-12-26;109.2
Wien;2024-12-27;105.6
Wien;2024-12-28;102.0
Wien;2024-12-29;98.4
Wien;2024-12-30;94.8
Wien;2024-12-31;91.3
Wien;2025-01-01;87.8
Wien;2025-01-02;84.3
Wien;2025-01-03;80.8
Wien;2025-01-04;77.4
Wien;2025-01-05;74.1
Wien;2025-01-06;71.0
Wien;2025-01-07;67.9
Wien;2025-01-08;65.1
Wien;2025-01-09;62.4
Wien;2025-01-10;59.9
Wien;2025-01-11;57.6
Wien;2025-01-12;55.4
Wien;2025-01-13;53.4
Wien;2025-01-14;51.7
Wien;2025-01-15;50.1
Wien;2025-01-16;48.8
Wien;2025-01-17;47.5
Wien;2025-01-18;46.3
Wien;2025-01-19;45.2
Wien;2025-01-20;44.1
Wien;2025-01-21;43.0
Wien;2025-01-22;42.1
Wien;2025-01-23;41.3
Wien;2025-01-24;40.6
Wien;2025-01-25;39.9
Wien;2025-01-26;39.3
Wien;2025-01-27;38.7
Wien;2025-01-28;38.2
Wien;2025-01-29;37.7
Wien;2025-01-30;37.2
Wien;2025-01-31;36.7
Wien;2025-02-01;36.1
Wien;2025-02-02;35.6
Wien;2025-02-03;35.0
Wien;2025-02-04;34.4
Wien;2025-02-05;33.8
Wien;2025-02-06;33.2
Wien;2025-02-07;32.6
Wien;2025-02-08;32.1
Wien;2025-02-09;31.5
Wien;2025-02-10;31.0
Wien;2025-02-11;30.4
Wien;2025-02-12;29.9
Wien;2025-02-13;29.3
Wien;2025-02-14;28.8
Wien;2025-02-15;28.2
Wien;2025-02-16;27.6
Wien;2025-02-17;27.0
Wien;2025-02-18;26.4
Wien;2025-02-19;25.9
Wien;2025-02-20;25.4
Wien;2025-02-21;24.9
Wien;2025-02-22;24.5
Wien;2025-02-23;24.2
Wien;2025-02-24;24.0
Wien;2025-02-25;23.8
Wien;2025-02-26;23.7
Wien;2025-02-27;23.7
Wien;2025-02-28;23.7
Wien;2025-03-01;23.8
Wien;2025-03-02;23.8
Wien;2025-03-03;23.8
Wien;2025-03-04;23.8
Wien;2025-03-05;23.7
Wien;2025-03-06;23.6
Wien;2025-03-07;23.4
Wien;2025-03-08;23.2
Wien;2025-03-09;22.8
Wien;2025-03-10;22.4
Wien;2025-03-11;21.9
Wien;2025-03-12;21.4
Wien;2025-03-13;20.9
Wien;2025-03-14;20.4
Wien;2025-03-15;19.9
Wien;2025-03-16;19.5
Wien;2025-03-17;19.1
Wien;2025-03-18;18.7
Wien;2025-03-19;18.3
Wien;2025-03-20;18.0
Wien;2025-03-21;17.7
Wien;2025-03-22;17.5
Wien;2025-03-23;17.3
Wien;2025-03-24;17.3
Wien;2025-03-25;17.2
Wien;2025-03-26;17.3
Wien;2025-03-27;17.4
Wien;2025-03-28;17.5
Wien;2025-03-29;17.7
Wien;2025-03-30;17.9
Wien;2025-03-31;18.2
Wien;2025-04-01;18.5
Wien;2025-04-02;18.9
Wien;2025-04-03;19.4
Wien;2025-04-04;19.9
Wien;2025-04-05;20.4
Wien;2025-04-06;20.8
Wien;2025-04-07;21.1
Wien;2025-04-08;21.4
Wien;2025-04-09;21.6
Wien;2025-04-10;21.8
Wien;2025-04-11;21.9
Wien;2025-04-12;21.9
Wien;2025-04-13;21.9
Wien;2025-04-14;21.7
Wien;2025-04-15;21.5
Wien;2025-04-16;21.2
Wien;2025-04-17;21.0
Wien;2025-04-18;20.8
Wien;2025-04-19;20.6
Wien;2025-04-20;20.5
Wien;2025-04-21;20.4
Wien;2025-04-22;20.3
Wien;2025-04-23;20.3
Wien;2025-04-24;20.3
Wien;2025-04-25;20.4
Wien;2025-04-26;20.5
Wien;2025-04-27;20.6
Wien;2025-04-28;20.7
Wien;2025-04-29;20.9
Wien;2025-04-30;21.1
Wien;2025-05-01;21.4
Wien;2025-05-02;21.7
Wien;2025-05-03;22.1
Wien;2025-05-04;22.7
Wien;2025-05-05;23.5
Wien;2025-05-06;24.4
Wien;2025-05-07;25.6
Wien;2025-05-08;27.0
Wien;2025-05-09;28.4
Wien;2025-05-10;29.9
Wien;2025-05-11;31.4
Wien;2025-05-12;33.0
Wien;2025-05-13;34.5
Wien;2025-05-14;36.2
Wien;2025-05-15;37.9
Wien;2025-05-16;39.7
Wien;2025-05-17;41.6
Wien;2025-05-18;43.7
Wien;2025-05-19;45.7
Wien;2025-05-20;47.8
Wien;2025-05-21;49.9
Wien;2025-05-22;51.9
Wien;2025-05-23;53.9
Wien;2025-05-24;55.9
Wien;2025-05-25;58.0
Wien;2025-05-26;60.1
Wien;2025-05-27;62.2
Wien;2025-05-28;64.4
Wien;2025-05-29;66.6
Wien;2025-05-30;68.7
Wien;2025-05-31;70.8
Wien;2025-06-01;72.8
Wien;2025-06-02;74.7
Wien;2025-06-03;76.6
Wien;2025-06-04;78.5
Wien;2025-06-05;80.4
Wien;2025-06-06;82.3
Wien;2025-06-07;84.3
Wien;2025-06-08;86.3
Wien;2025-06-09;88.4
Wien;2025-06-10;90.6
Wien;2025-06-11;93.0
Wien;2025-06-12;95.3
Wien;2025-06-13;97.6
Wien;2025-06-14;99.7
Wien;2025-06-15;101.5
Burgenland;2022-09-01;46.15
Burgenland;2022-09-02;45.91
Burgenland;2022-09-03;45.66
Burgenland;2022-09-04;45.47
Burgenland;2022-09-05;45.4
Burgenland;2022-09-06;45.34
Burgenland;2022-09-07;45.41
Burgenland;2022-09-08;45.61
Burgenland;2022-09-09;45.87
Burgenland;2022-09-10;46.23
Burgenland;2022-09-11;46.74
Burgenland;2022-09-12;47.43
Burgenland;2022-09-13;48.25
Burgenland;2022-09-14;49.29
Burgenland;2022-09-15;50.6
Burgenland;2022-09-16;52.14
Burgenland;2022-09-17;53.89
Burgenland;2022-09-18;55.97
Burgenland;2022-09-19;58.3
Burgenland;2022-09-20;61.03
Burgenland;2022-09-21;63.9
Burgenland;2022-09-22;67.14
Burgenland;2022-09-23;70.57
Burgenland;2022-09-24;74.3
Burgenland;2022-09-25;78.37
Burgenland;2022-09-26;82.82
Burgenland;2022-09-27;87.47
Burgenland;2022-09-28;92.34
Burgenland;2022-09-29;97.25
Burgenland;2022-09-30;101.97
Burgenland;2022-10-01;106.41
Burgenland;2022-10-02;110.54
Burgenland;2022-10-03;114.16
Burgenland;2022-10-04;117.22
Burgenland;2022-10-05;119.61
Burgenland;2022-10-06;121.4
Burgenland;2022-10-07;122.68
Burgenland;2022-10-08;123.48
Burgenland;2022-10-09;123.92
Burgenland;2022-10-10;123.9
Burgenland;2022-10-11;123.66
Burgenland;2022-10-12;123.13
Burgenland;2022-10-13;122.43
Burgenland;2022-10-14;121.49
Burgenland;2022-10-15;120.16
Burgenland;2022-10-16;118.37
Burgenland;2022-10-17;116.08
Burgenland;2022-10-18;113.34
Burgenland;2022-10-19;110.25
Burgenland;2022-10-20;106.99
Burgenland;2022-10-21;103.68
Burgenland;2022-10-22;100.4
Burgenland;2022-10-23;97.28
Burgenland;2022-10-24;94.32
Burgenland;2022-10-25;91.5
Burgenland;2022-10-26;88.85
Burgenland;2022-10-27;86.4
Burgenland;2022-10-28;84.05
Burgenland;2022-10-29;81.92
Burgenland;2022-10-30;79.95
Burgenland;2022-10-31;78.11
Burgenland;2022-11-01;76.55
Burgenland;2022-11-02;75.31
Burgenland;2022-11-03;74.28
Burgenland;2022-11-04;73.56
Burgenland;2022-11-05;73.24
Burgenland;2022-11-06;73.27
Burgenland;2022-11-07;73.7
Burgenland;2022-11-08;74.49
Burgenland;2022-11-09;75.59
Burgenland;2022-11-10;76.81
Burgenland;2022-11-11;78.1
Burgenland;2022-11-12;79.46
Burgenland;2022-11-13;80.85
Burgenland;2022-11-14;82.17
Burgenland;2022-11-15;83.48
Burgenland;2022-11-16;84.67
Burgenland;2022-11-17;85.74
Burgenland;2022-11-18;86.85
Burgenland;2022-11-19;87.83
Burgenland;2022-11-20;88.85
Burgenland;2022-11-21;89.96
Burgenland;2022-11-22;91.14
Burgenland;2022-11-23;92.42
Burgenland;2022-11-24;93.95
Burgenland;2022-11-25;95.58
Burgenland;2022-11-26;97.36
Burgenland;2022-11-27;99.23
Burgenland;2022-11-28;101.3
Burgenland;2022-11-29;103.51
Burgenland;2022-11-30;105.87
Burgenland;2022-12-01;108.35
Burgenland;2022-12-02;110.92
Burgenland;2022-12-03;113.47
Burgenland;2022-12-04;115.84
Burgenland;2022-12-05;118.05
Burgenland;2022-12-06;120.2
Burgenland;2022-12-07;122.1
Burgenland;2022-12-08;123.92
Burgenland;2022-12-09;125.74
Burgenland;2022-12-10;127.56
Burgenland;2022-12-11;129.31
Burgenland;2022-12-12;130.98
Burgenland;2022-12-13;132.43
Burgenland;2022-12-14;133.65
Burgenland;2022-12-15;134.64
Burgenland;2022-12-16;135.4
Burgenland;2022-12-17;135.92
Burgenland;2022-12-18;136.23
Burgenland;2022-12-19;136.33
Burgenland;2022-12-20;136.48
Burgenland;2022-12-21;136.6
Burgenland;2022-12-22;136.89
Burgenland;2022-12-23;137.09
Burgenland;2022-12-24;137.33
Burgenland;2022-12-25;137.26
Burgenland;2022-12-26;136.87
Burgenland;2022-12-27;135.85
Burgenland;2022-12-28;134.22
Burgenland;2022-12-29;131.88
Burgenland;2022-12-30;128.98
Burgenland;2022-12-31;125.68
Burgenland;2023-01-01;121.95
Burgenland;2023-01-02;117.97
Burgenland;2023-01-03;114.02
Burgenland;2023-01-04;110.08
Burgenland;2023-01-05;106.34
Burgenland;2023-01-06;102.87
Burgenland;2023-01-07;99.54
Burgenland;2023-01-08;96.38
Burgenland;2023-01-09;93.56
Burgenland;2023-01-10;91.04
Burgenland;2023-01-11;88.81
Burgenland;2023-01-12;87.02
Burgenland;2023-01-13;85.46
Burgenland;2023-01-14;84.23
Burgenland;2023-01-15;83.2
Burgenland;2023-01-16;82.51
Burgenland;2023-01-17;81.92
Burgenland;2023-01-18;76.81
Burgenland;2023-01-19;76.49
Burgenland;2023-01-20;76.34
Burgenland;2023-01-21;76.3
Burgenland;2023-01-22;76.45
Burgenland;2023-01-23;76.85
Burgenland;2023-01-24;78.62
Burgenland;2023-01-25;79.79
Burgenland;2023-01-26;81.24
Burgenland;2023-01-27;82.93
Burgenland;2023-01-28;84.91
Burgenland;2023-01-29;87.21
Burgenland;2023-01-30;89.88
Burgenland;2023-01-31;92.86
Burgenland;2023-02-01;96.11
Burgenland;2023-02-02;99.59
Burgenland;2023-02-03;103.2
Burgenland;2023-02-04;107.04
Burgenland;2023-02-05;111.02
Burgenland;2023-02-06;115.16
Burgenland;2023-02-07;119.41
Burgenland;2023-02-08;123.67
Burgenland;2023-02-09;127.84
Burgenland;2023-02-10;131.9
Burgenland;2023-02-11;135.81
Burgenland;2023-02-12;139.38
Burgenland;2023-02-13;142.68
Burgenland;2023-02-14;145.55
Burgenland;2023-02-15;147.95
Burgenland;2023-02-16;150.11
Burgenland;2023-02-17;152.12
Burgenland;2023-02-18;154.38
Burgenland;2023-02-19;157.01
Burgenland;2023-02-20;160.07
Burgenland;2023-02-21;163.55
Burgenland;2023-02-22;167.2
Burgenland;2023-02-23;170.8
Burgenland;2023-02-24;174.27
Burgenland;2023-02-25;177.39
Burgenland;2023-02-26;179.96
Burgenland;2023-02-27;181.95
Burgenland;2023-02-28;183.2
Burgenland;2023-03-01;183.79
Burgenland;2023-03-02;183.78
Burgenland;2023-03-03;183.22
Burgenland;2023-03-04;182.14
Burgenland;2023-03-05;180.55
Burgenland;2023-03-06;178.31
Burgenland;2023-03-07;175.32
Burgenland;2023-03-08;171.52
Burgenland;2023-03-09;167.09
Burgenland;2023-03-10;162.17
Burgenland;2023-03-11;157.02
Burgenland;2023-03-12;151.8
Burgenland;2023-03-13;146.58
Burgenland;2023-03-14;141.32
Burgenland;2023-03-15;136.05
Burgenland;2023-03-16;130.72
Burgenland;2023-03-17;125.37
Burgenland;2023-03-18;120.14
Burgenland;2023-03-19;114.98
Burgenland;2023-03-20;110.04
Burgenland;2023-03-21;105.32
Burgenland;2023-03-22;100.81
Burgenland;2023-03-23;96.45
Burgenland;2023-03-24;92.17
Burgenland;2023-03-25;88.04
Burgenland;2023-03-26;84.08
Burgenland;2023-03-27;80.25
Burgenland;2023-03-28;76.57
Burgenland;2023-03-29;73.09
Burgenland;2023-03-30;69.78
Burgenland;2023-03-31;66.67
Burgenland;2023-04-01;63.7
Burgenland;2023-04-02;60.98
Burgenland;2023-04-03;58.49
Burgenland;2023-04-04;56.18
Burgenland;2023-04-05;54.06
Burgenland;2023-04-06;52.14
Burgenland;2023-04-07;50.25
Burgenland;2023-04-08;48.49
Burgenland;2023-04-09;46.75
Burgenland;2023-04-10;45.03
Burgenland;2023-04-11;43.36
Burgenland;2023-04-12;41.68
Burgenland;2023-04-13;40.04
Burgenland;2023-04-14;38.56
Burgenland;2023-04-15;37.14
Burgenland;2023-04-16;36.05
Burgenland;2023-04-17;35.24
Burgenland;2023-04-18;34.65
Burgenland;2023-04-19;34.41
Burgenland;2023-04-20;34.33
Burgenland;2023-04-21;34.41
Burgenland;2023-04-22;34.65
Burgenland;2023-04-23;35.05
Burgenland;2023-04-24;35.47
Burgenland;2023-04-25;36.03
Burgenland;2023-04-26;36.67
Burgenland;2023-04-27;37.28
Burgenland;2023-04-28;37.9
Burgenland;2023-04-29;38.41
Burgenland;2023-04-30;38.68
Burgenland;2023-05-01;38.7
Burgenland;2023-05-02;38.26
Burgenland;2023-05-03;37.41
Burgenland;2023-05-04;36.14
Burgenland;2023-05-05;34.59
Burgenland;2023-05-06;32.88
Burgenland;2023-05-07;31.14
Burgenland;2023-05-08;29.36
Burgenland;2023-05-09;27.69
Burgenland;2023-05-10;26.15
Burgenland;2023-05-11;24.67
Burgenland;2023-05-12;23.34
Burgenland;2023-05-13;22.07
Burgenland;2023-05-14;20.98
Burgenland;2023-05-15;19.99
Burgenland;2023-05-16;19.14
Burgenland;2023-05-17;18.42
Burgenland;2023-05-18;17.71
Burgenland;2023-05-19;17.09
Burgenland;2023-05-20;16.49
Burgenland;2023-05-21;15.87
Burgenland;2023-05-22;15.25
Burgenland;2023-05-23;14.6
Burgenland;2023-05-24;14.02
Burgenland;2023-05-25;13.44
Burgenland;2023-05-26;12.9
Burgenland;2023-05-27;12.38
Burgenland;2023-05-28;11.9
Burgenland;2023-05-29;11.48
Burgenland;2023-05-30;11.08
Burgenland;2023-05-31;10.67
Burgenland;2023-06-01;10.33
Burgenland;2023-06-02;10.06
Burgenland;2023-06-03;9.8
Burgenland;2023-06-04;9.55
Burgenland;2023-06-05;9.32
Burgenland;2023-06-06;9.11
Burgenland;2023-06-07;8.9
Burgenland;2023-06-08;8.71
Burgenland;2023-06-09;8.54
Burgenland;2023-06-10;8.34
Burgenland;2023-06-11;8.17
Burgenland;2023-06-12;8.0
Burgenland;2023-06-13;7.87
Burgenland;2023-06-14;7.73
Burgenland;2023-06-15;7.58
Burgenland;2023-06-16;7.46
Burgenland;2023-06-17;7.37
Burgenland;2023-06-18;7.22
Burgenland;2023-06-19;7.14
Burgenland;2023-06-20;7.05
Burgenland;2023-06-21;6.93
Burgenland;2023-06-22;6.77
Burgenland;2023-06-23;6.64
Burgenland;2023-06-24;6.52
Burgenland;2023-06-25;6.42
Burgenland;2023-06-26;6.36
Burgenland;2023-06-27;6.28
Burgenland;2023-06-28;6.26
Burgenland;2023-06-29;6.24
Burgenland;2023-06-30;6.29
Burgenland;2023-07-01;6.35
Burgenland;2023-07-02;6.4
Burgenland;2023-07-03;6.52
Burgenland;2023-07-04;6.71
Burgenland;2023-07-05;6.92
Burgenland;2023-07-06;7.21
Burgenland;2023-07-07;7.58
Burgenland;2023-07-08;8.02
Burgenland;2023-07-09;8.57
Burgenland;2023-07-10;9.29
Burgenland;2023-07-11;10.09
Burgenland;2023-07-12;11.06
Burgenland;2023-07-13;12.1
Burgenland;2023-07-14;13.22
Burgenland;2023-07-15;14.3
Burgenland;2023-07-16;15.28
Burgenland;2023-07-17;16.09
Burgenland;2023-07-18;16.57
Burgenland;2023-07-19;16.7
Burgenland;2023-07-20;16.42
Burgenland;2023-07-21;15.96
Burgenland;2023-07-22;15.31
Burgenland;2023-07-23;14.55
Burgenland;2023-07-24;13.87
Burgenland;2023-07-25;13.24
Burgenland;2023-07-26;12.76
Burgenland;2023-07-27;12.32
Burgenland;2023-07-28;12.02
Burgenland;2023-07-29;11.87
Burgenland;2023-07-30;11.88
Burgenland;2023-07-31;12.08
Burgenland;2023-08-01;12.46
Burgenland;2023-08-02;13.0
Burgenland;2023-08-03;13.7
Burgenland;2023-08-04;14.49
Burgenland;2023-08-05;15.42
Burgenland;2023-08-06;16.54
Burgenland;2023-08-07;17.75
Burgenland;2023-08-08;19.05
Burgenland;2023-08-09;20.4
Burgenland;2023-08-10;21.79
Burgenland;2023-08-11;23.08
Burgenland;2023-08-12;24.38
Burgenland;2023-08-13;25.51
Burgenland;2023-08-14;26.54
Burgenland;2023-08-15;27.35
Burgenland;2023-08-16;28.02
Burgenland;2023-08-17;28.53
Burgenland;2023-08-18;29.04
Burgenland;2023-08-19;29.52
Burgenland;2023-08-20;30.18
Burgenland;2023-08-21;30.95
Burgenland;2023-08-22;31.87
Burgenland;2023-08-23;32.94
Burgenland;2023-08-24;34.15
Burgenland;2023-08-25;35.44
Burgenland;2023-08-26;36.77
Burgenland;2023-08-27;38.02
Burgenland;2023-08-28;39.29
Burgenland;2023-08-29;40.35
Burgenland;2023-08-30;41.3
Burgenland;2023-08-31;42.07
Burgenland;2023-09-01;42.67
Burgenland;2023-09-02;43.15
Burgenland;2023-09-03;43.47
Burgenland;2023-09-04;43.76
Burgenland;2023-09-05;43.94
Burgenland;2023-09-06;44.06
Burgenland;2023-09-07;44.14
Burgenland;2023-09-08;44.23
Burgenland;2023-09-09;44.38
Burgenland;2023-09-10;44.47
Burgenland;2023-09-11;44.55
Burgenland;2023-09-12;44.57
Burgenland;2023-09-13;44.52
Burgenland;2023-09-14;44.33
Burgenland;2023-09-15;44.12
Burgenland;2023-09-16;43.91
Burgenland;2023-09-17;43.76
Burgenland;2023-09-18;43.62
Burgenland;2023-09-19;43.54
Burgenland;2023-09-20;43.59
Burgenland;2023-09-21;43.71
Burgenland;2023-09-22;43.9
Burgenland;2023-09-23;44.2
Burgenland;2023-09-24;44.57
Burgenland;2023-09-25;45.1
Burgenland;2023-09-26;45.79
Burgenland;2023-09-27;46.55
Burgenland;2023-09-28;47.46
Burgenland;2023-09-29;48.4
Burgenland;2023-09-30;49.49
Burgenland;2023-10-01;50.64
Burgenland;2023-10-02;51.96
Burgenland;2023-10-03;53.36
Burgenland;2023-10-04;54.88
Burgenland;2023-10-05;56.53
Burgenland;2023-10-06;58.23
Burgenland;2023-10-07;60.09
Burgenland;2023-10-08;62.06
Burgenland;2023-10-09;64.09
Burgenland;2023-10-10;66.09
Burgenland;2023-10-11;68.05
Burgenland;2023-10-12;69.83
Burgenland;2023-10-13;71.48
Burgenland;2023-10-14;73.03
Burgenland;2023-10-15;74.46
Burgenland;2023-10-16;75.9
Burgenland;2023-10-17;77.27
Burgenland;2023-10-18;78.49
Burgenland;2023-10-19;79.68
Burgenland;2023-10-20;80.74
Burgenland;2023-10-21;81.76
Burgenland;2023-10-22;82.78
Burgenland;2023-10-23;83.8
Burgenland;2023-10-24;84.88
Burgenland;2023-10-25;86.02
Burgenland;2023-10-26;87.22
Burgenland;2023-10-27;88.5
Burgenland;2023-10-28;89.84
Burgenland;2023-10-29;91.23
Burgenland;2023-10-30;92.79
Burgenland;2023-10-31;94.42
Burgenland;2023-11-01;96.23
Burgenland;2023-11-02;98.29
Burgenland;2023-11-03;100.67
Burgenland;2023-11-04;103.55
Burgenland;2023-11-05;107.09
Burgenland;2023-11-06;111.34
Burgenland;2023-11-07;116.22
Burgenland;2023-11-08;121.63
Burgenland;2023-11-09;127.41
Burgenland;2023-11-10;133.54
Burgenland;2023-11-11;139.88
Burgenland;2023-11-12;146.49
Burgenland;2023-11-13;169.91
Burgenland;2023-11-14;178.58
Burgenland;2023-11-15;187.63
Burgenland;2023-11-16;197.13
Burgenland;2023-11-17;206.84
Burgenland;2023-11-18;216.81
Burgenland;2023-11-19;226.85
Burgenland;2023-11-20;237.06
Burgenland;2023-11-21;247.32
Burgenland;2023-11-22;257.59
Burgenland;2023-11-23;267.86
Burgenland;2023-11-24;277.9
Burgenland;2023-11-25;287.54
Burgenland;2023-11-26;296.66
Burgenland;2023-11-27;305.15
Burgenland;2023-11-28;313.12
Burgenland;2023-11-29;320.61
Burgenland;2023-11-30;327.71
Burgenland;2023-12-01;334.52
Burgenland;2023-12-02;341.16
Burgenland;2023-12-03;347.44
Burgenland;2023-12-04;353.05
Burgenland;2023-12-05;357.34
Burgenland;2023-12-06;437.31
Burgenland;2023-12-07;434.55
Burgenland;2023-12-08;430.19
Burgenland;2023-12-09;424.86
Burgenland;2023-12-10;419.1
Burgenland;2023-12-11;413.28
Burgenland;2023-12-12;407.63
Burgenland;2023-12-13;402.02
Burgenland;2023-12-14;396.42
Burgenland;2023-12-15;390.45
Burgenland;2023-12-16;383.8
Burgenland;2023-12-17;376.18
Burgenland;2023-12-18;367.39
Burgenland;2023-12-19;357.34
Burgenland;2023-12-20;346.21
Burgenland;2023-12-21;334.18
Burgenland;2023-12-22;321.39
Burgenland;2023-12-23;307.94
Burgenland;2023-12-24;293.94
Burgenland;2023-12-25;279.34
Burgenland;2023-12-26;264.29
Burgenland;2023-12-27;248.73
Burgenland;2023-12-28;232.97
Burgenland;2023-12-29;217.18
Burgenland;2023-12-30;201.53
Burgenland;2023-12-31;186.38
Burgenland;2024-01-01;171.82
Burgenland;2024-01-02;158.13
Burgenland;2024-01-03;145.52
Burgenland;2024-01-04;134.07
Burgenland;2024-01-05;123.71
Burgenland;2024-01-06;114.53
Burgenland;2024-01-07;106.55
Burgenland;2024-01-08;99.83
Burgenland;2024-01-09;94.32
Burgenland;2024-01-10;89.84
Burgenland;2024-01-11;86.17
Burgenland;2024-01-12;83.11
Burgenland;2024-01-13;80.49
Burgenland;2024-01-14;78.07
Burgenland;2024-01-15;75.76
Burgenland;2024-01-16;73.42
Burgenland;2024-01-17;70.89
Burgenland;2024-01-18;68.18
Burgenland;2024-01-19;65.37
Burgenland;2024-01-20;62.44
Burgenland;2024-01-21;59.61
Burgenland;2024-01-22;56.77
Burgenland;2024-01-23;54.07
Burgenland;2024-01-24;51.47
Burgenland;2024-01-25;48.89
Burgenland;2024-01-26;46.42
Burgenland;2024-01-27;44.09
Burgenland;2024-01-28;41.84
Burgenland;2024-01-29;39.78
Burgenland;2024-01-30;37.9
Burgenland;2024-01-31;36.13
Burgenland;2024-02-01;34.5
Burgenland;2024-02-02;32.92
Burgenland;2024-02-03;31.42
Burgenland;2024-02-04;30.0
Burgenland;2024-02-05;28.73
Burgenland;2024-02-06;27.46
Burgenland;2024-02-07;26.36
Burgenland;2024-02-08;25.42
Burgenland;2024-02-09;24.57
Burgenland;2024-02-10;23.87
Burgenland;2024-02-11;23.27
Burgenland;2024-02-12;22.76
Burgenland;2024-02-13;22.39
Burgenland;2024-02-14;22.04
Burgenland;2024-02-15;21.71
Burgenland;2024-02-16;21.4
Burgenland;2024-02-17;21.08
Burgenland;2024-02-18;20.59
Burgenland;2024-02-19;20.02
Burgenland;2024-02-20;19.23
Burgenland;2024-02-21;18.29
Burgenland;2024-02-22;17.25
Burgenland;2024-02-23;16.09
Burgenland;2024-02-24;14.97
Burgenland;2024-02-25;13.9
Burgenland;2024-02-26;12.95
Burgenland;2024-02-27;12.12
Burgenland;2024-02-28;11.46
Burgenland;2024-02-29;10.85
Burgenland;2024-03-01;10.41
Burgenland;2024-03-02;9.93
Burgenland;2024-03-03;9.53
Burgenland;2024-03-04;9.12
Burgenland;2024-03-05;8.75
Burgenland;2024-03-06;8.41
Burgenland;2024-03-07;8.09
Burgenland;2024-03-08;7.79
Burgenland;2024-03-09;7.54
Burgenland;2024-03-10;7.27
Burgenland;2024-03-11;6.98
Burgenland;2024-03-12;6.7
Burgenland;2024-03-13;6.5
Burgenland;2024-03-14;6.3
Burgenland;2024-03-15;6.15
Burgenland;2024-03-16;5.99
Burgenland;2024-03-17;5.81
Burgenland;2024-03-18;5.67
Burgenland;2024-03-19;5.55
Burgenland;2024-03-20;5.35
Burgenland;2024-03-21;5.16
Burgenland;2024-03-22;4.92
Burgenland;2024-03-23;4.72
Burgenland;2024-03-24;4.51
Burgenland;2024-03-25;4.34
Burgenland;2024-03-26;4.25
Burgenland;2024-03-27;4.12
Burgenland;2024-03-28;4.03
Burgenland;2024-03-29;3.97
Burgenland;2024-03-30;3.9
Burgenland;2024-03-31;3.85
Burgenland;2024-04-01;3.81
Burgenland;2024-04-02;3.78
Burgenland;2024-04-03;3.67
Burgenland;2024-04-04;3.56
Burgenland;2024-04-05;3.45
Burgenland;2024-04-06;3.33
Burgenland;2024-04-07;3.2
Burgenland;2024-04-08;3.06
Burgenland;2024-04-09;2.94
Burgenland;2024-04-10;2.84
Burgenland;2024-04-11;2.76
Burgenland;2024-04-12;2.68
Burgenland;2024-04-13;2.61
Burgenland;2024-04-14;2.6
Burgenland;2024-04-15;2.6
Burgenland;2024-04-16;2.6
Burgenland;2024-04-17;2.62
Burgenland;2024-04-18;2.7
Burgenland;2024-04-19;2.73
Burgenland;2024-04-20;2.85
Burgenland;2024-04-21;2.89
Burgenland;2024-04-22;3.0
Burgenland;2024-04-23;3.06
Burgenland;2024-04-24;3.13
Burgenland;2024-04-25;3.28
Burgenland;2024-04-26;3.35
Burgenland;2024-04-27;3.46
Burgenland;2024-04-28;3.61
Burgenland;2024-04-29;3.75
Burgenland;2024-04-30;3.9
Burgenland;2024-05-01;4.05
Burgenland;2024-05-02;4.15
Burgenland;2024-05-03;4.28
Burgenland;2024-05-04;4.38
Burgenland;2024-05-05;4.44
Burgenland;2024-05-06;4.53
Burgenland;2024-05-07;4.61
Burgenland;2024-05-08;4.67
Burgenland;2024-05-09;4.74
Burgenland;2024-05-10;4.78
Burgenland;2024-05-11;4.88
Burgenland;2024-05-12;4.94
Burgenland;2024-05-13;5.0
Burgenland;2024-05-14;5.12
Burgenland;2024-05-15;5.2
Burgenland;2024-05-16;5.32
Burgenland;2024-05-17;5.38
Burgenland;2024-05-18;5.48
Burgenland;2024-05-19;5.54
Burgenland;2024-05-20;5.65
Burgenland;2024-05-21;5.67
Burgenland;2024-05-22;5.72
Burgenland;2024-05-23;5.79
Burgenland;2024-05-24;5.82
Burgenland;2024-05-25;5.9
Burgenland;2024-05-26;6.05
Burgenland;2024-05-27;6.24
Burgenland;2024-05-28;6.43
Burgenland;2024-05-29;6.7
Burgenland;2024-05-30;6.99
Burgenland;2024-05-31;7.34
Burgenland;2024-06-01;7.74
Burgenland;2024-06-02;8.12
Burgenland;2024-06-03;8.56
Burgenland;2024-06-04;8.99
Burgenland;2024-06-05;9.53
Burgenland;2024-06-06;10.13
Burgenland;2024-06-07;10.72
Burgenland;2024-06-08;11.4
Burgenland;2024-06-09;12.16
Burgenland;2024-06-10;13.05
Burgenland;2024-06-11;14.12
Burgenland;2024-06-12;15.35
Burgenland;2024-06-13;16.67
Burgenland;2024-06-14;18.11
Burgenland;2024-06-15;19.67
Burgenland;2024-06-16;21.16
Burgenland;2024-06-17;22.61
Burgenland;2024-06-18;24.06
Burgenland;2024-06-19;25.37
Burgenland;2024-06-20;26.63
Burgenland;2024-06-21;27.82
Burgenland;2024-06-22;28.89
Burgenland;2024-06-23;29.89
Burgenland;2024-06-24;30.85
Burgenland;2024-06-25;31.73
Burgenland;2024-06-26;32.59
Burgenland;2024-06-27;33.3
Burgenland;2024-06-28;33.85
Burgenland;2024-06-29;34.3
Burgenland;2024-06-30;34.57
Burgenland;2024-07-01;34.55
Burgenland;2024-07-02;34.38
Burgenland;2024-07-03;34.11
Burgenland;2024-07-04;33.68
Burgenland;2024-07-05;33.29
Burgenland;2024-07-06;32.85
Burgenland;2024-07-07;32.46
Burgenland;2024-07-08;32.14
Burgenland;2024-07-09;31.9
Burgenland;2024-07-10;31.8
Burgenland;2024-07-11;31.83
Burgenland;2024-07-12;32.03
Burgenland;2024-07-13;32.38
Burgenland;2024-07-14;32.91
Burgenland;2024-07-15;33.57
Burgenland;2024-07-16;34.41
Burgenland;2024-07-17;35.39
Burgenland;2024-07-18;36.48
Burgenland;2024-07-19;37.62
Burgenland;2024-07-20;38.71
Burgenland;2024-07-21;39.89
Burgenland;2024-07-22;40.97
Burgenland;2024-07-23;42.08
Burgenland;2024-07-24;43.16
Burgenland;2024-07-25;44.17
Burgenland;2024-07-26;45.19
Burgenland;2024-07-27;46.19
Burgenland;2024-07-28;47.07
Burgenland;2024-07-29;47.93
Burgenland;2024-07-30;48.73
Burgenland;2024-07-31;49.38
Burgenland;2024-08-01;50.02
Burgenland;2024-08-02;50.55
Burgenland;2024-08-03;51.08
Burgenland;2024-08-04;51.62
Burgenland;2024-08-05;52.19
Burgenland;2024-08-06;52.75
Burgenland;2024-08-07;53.36
Burgenland;2024-08-08;53.89
Burgenland;2024-08-09;54.41
Burgenland;2024-08-10;54.9
Burgenland;2024-08-11;55.35
Burgenland;2024-08-12;55.79
Burgenland;2024-08-13;56.26
Burgenland;2024-08-14;56.78
Burgenland;2024-08-15;57.41
Burgenland;2024-08-16;58.04
Burgenland;2024-08-17;58.7
Burgenland;2024-08-18;59.47
Burgenland;2024-08-19;60.31
Burgenland;2024-08-20;61.15
Burgenland;2024-08-21;61.95
Burgenland;2024-08-22;62.78
Burgenland;2024-08-23;63.66
Burgenland;2024-08-24;64.66
Burgenland;2024-08-25;65.75
Burgenland;2024-08-26;66.94
Burgenland;2024-08-27;68.15
Burgenland;2024-08-28;69.39
Burgenland;2024-08-29;70.5
Burgenland;2024-08-30;71.51
Burgenland;2024-08-31;72.43
Burgenland;2024-09-01;73.27
Burgenland;2024-09-02;74.1
Burgenland;2024-09-03;74.93
Burgenland;2024-09-04;75.83
Burgenland;2024-09-05;76.86
Burgenland;2024-09-06;78.05
Burgenland;2024-09-07;79.44
Burgenland;2024-09-08;81.05
Burgenland;2024-09-09;82.8
Burgenland;2024-09-10;84.71
Burgenland;2024-09-11;86.64
Burgenland;2024-09-12;88.53
Burgenland;2024-09-13;90.42
Burgenland;2024-09-14;92.31
Burgenland;2024-09-15;94.22
Burgenland;2024-09-16;96.34
Burgenland;2024-09-17;98.56
Burgenland;2024-09-18;101.0
Burgenland;2024-09-19;103.61
Burgenland;2024-09-20;106.32
Burgenland;2024-09-21;109.13
Burgenland;2024-09-22;111.86
Burgenland;2024-09-23;114.47
Burgenland;2024-09-24;116.78
Burgenland;2024-09-25;118.67
Burgenland;2024-09-26;119.93
Burgenland;2024-09-27;120.73
Burgenland;2024-09-28;121.24
Burgenland;2024-09-29;121.65
Burgenland;2024-09-30;122.13
Burgenland;2024-10-01;122.99
Burgenland;2024-10-02;124.2
Burgenland;2024-10-03;125.89
Burgenland;2024-10-04;128.01
Burgenland;2024-10-05;130.4
Burgenland;2024-10-06;132.81
Burgenland;2024-10-07;135.03
Burgenland;2024-10-08;136.75
Burgenland;2024-10-09;137.65
Burgenland;2024-10-10;137.6
Burgenland;2024-10-11;136.8
Burgenland;2024-10-12;135.47
Burgenland;2024-10-13;133.79
Burgenland;2024-10-14;131.9
Burgenland;2024-10-15;129.91
Burgenland;2024-10-16;127.89
Burgenland;2024-10-17;125.73
Burgenland;2024-10-18;123.46
Burgenland;2024-10-19;121.14
Burgenland;2024-10-20;118.74
Burgenland;2024-10-21;116.35
Burgenland;2024-10-22;113.99
Burgenland;2024-10-23;111.69
Burgenland;2024-10-24;109.4
Burgenland;2024-10-25;107.13
Burgenland;2024-10-26;104.78
Burgenland;2024-10-27;102.28
Burgenland;2024-10-28;99.65
Burgenland;2024-10-29;96.81
Burgenland;2024-10-30;93.8
Burgenland;2024-10-31;90.7
Burgenland;2024-11-01;87.62
Burgenland;2024-11-02;84.67
Burgenland;2024-11-03;81.93
Burgenland;2024-11-04;79.6
Burgenland;2024-11-05;77.59
Burgenland;2024-11-06;76.04
Burgenland;2024-11-07;74.79
Burgenland;2024-11-08;73.9
Burgenland;2024-11-09;73.29
Burgenland;2024-11-10;72.86
Burgenland;2024-11-11;72.63
Burgenland;2024-11-12;72.54
Burgenland;2024-11-13;72.63
Burgenland;2024-11-14;72.78
Burgenland;2024-11-15;73.13
Burgenland;2024-11-16;73.6
Burgenland;2024-11-17;74.32
Burgenland;2024-11-18;75.31
Burgenland;2024-11-19;76.56
Burgenland;2024-11-20;77.99
Burgenland;2024-11-21;79.64
Burgenland;2024-11-22;81.49
Burgenland;2024-11-23;83.43
Burgenland;2024-11-24;85.35
Burgenland;2024-11-25;87.25
Burgenland;2024-11-26;88.98
Burgenland;2024-11-27;90.44
Burgenland;2024-11-28;91.68
Burgenland;2024-11-29;92.73
Burgenland;2024-11-30;93.64
Burgenland;2024-12-01;94.51
Burgenland;2024-12-02;95.37
Burgenland;2024-12-03;96.15
Burgenland;2024-12-04;96.83
Burgenland;2024-12-05;97.36
Burgenland;2024-12-06;97.82
Burgenland;2024-12-07;98.09
Burgenland;2024-12-08;98.37
Burgenland;2024-12-09;98.61
Burgenland;2024-12-10;98.95
Burgenland;2024-12-11;99.35
Burgenland;2024-12-12;99.83
Burgenland;2024-12-13;100.29
Burgenland;2024-12-14;100.66
Burgenland;2024-12-15;100.77
Burgenland;2024-12-16;100.53
Burgenland;2024-12-17;99.87
Burgenland;2024-12-18;98.79
Burgenland;2024-12-19;97.32
Burgenland;2024-12-20;95.59
Burgenland;2024-12-21;93.6
Burgenland;2024-12-22;91.59
Burgenland;2024-12-23;89.48
Burgenland;2024-12-24;87.32
Burgenland;2024-12-25;85.21
Burgenland;2024-12-26;83.05
Burgenland;2024-12-27;80.94
Burgenland;2024-12-28;78.77
Burgenland;2024-12-29;76.64
Burgenland;2024-12-30;74.48
Burgenland;2024-12-31;72.34
Burgenland;2025-01-01;70.22
Burgenland;2025-01-02;68.07
Burgenland;2025-01-03;65.96
Burgenland;2025-01-04;63.88
Burgenland;2025-01-05;61.87
Burgenland;2025-01-06;59.97
Burgenland;2025-01-07;58.22
Burgenland;2025-01-08;56.67
Burgenland;2025-01-09;55.33
Burgenland;2025-01-10;54.13
Burgenland;2025-01-11;53.17
Burgenland;2025-01-12;52.41
Burgenland;2025-01-13;51.73
Burgenland;2025-01-14;51.15
Burgenland;2025-01-15;50.51
Burgenland;2025-01-16;49.86
Burgenland;2025-01-17;49.14
Burgenland;2025-01-18;48.4
Burgenland;2025-01-19;47.63
Burgenland;2025-01-20;46.83
Burgenland;2025-01-21;45.89
Burgenland;2025-01-22;44.78
Burgenland;2025-01-23;43.4
Burgenland;2025-01-24;41.85
Burgenland;2025-01-25;40.16
Burgenland;2025-01-26;38.33
Burgenland;2025-01-27;36.43
Burgenland;2025-01-28;34.46
Burgenland;2025-01-29;32.43
Burgenland;2025-01-30;30.4
Burgenland;2025-01-31;28.37
Burgenland;2025-02-01;26.41
Burgenland;2025-02-02;24.59
Burgenland;2025-02-03;22.82
Burgenland;2025-02-04;21.33
Burgenland;2025-02-05;19.98
Burgenland;2025-02-06;18.74
Burgenland;2025-02-07;17.63
Burgenland;2025-02-08;16.69
Burgenland;2025-02-09;15.8
Burgenland;2025-02-10;14.99
Burgenland;2025-02-11;14.28
Burgenland;2025-02-12;13.62
Burgenland;2025-02-13;12.94
Burgenland;2025-02-14;12.31
Burgenland;2025-02-15;11.74
Burgenland;2025-02-16;11.21
Burgenland;2025-02-17;10.78
Burgenland;2025-02-18;10.44
Burgenland;2025-02-19;10.19
Burgenland;2025-02-20;9.99
Burgenland;2025-02-21;9.89
Burgenland;2025-02-22;9.91
Burgenland;2025-02-23;10.02
Burgenland;2025-02-24;10.27
Burgenland;2025-02-25;10.68
Burgenland;2025-02-26;11.15
Burgenland;2025-02-27;11.74
Burgenland;2025-02-28;12.41
Burgenland;2025-03-01;13.05
Burgenland;2025-03-02;13.67
Burgenland;2025-03-03;14.16
Burgenland;2025-03-04;14.47
Burgenland;2025-03-05;14.61
Burgenland;2025-03-06;14.49
Burgenland;2025-03-07;14.25
Burgenland;2025-03-08;13.87
Burgenland;2025-03-09;13.38
Burgenland;2025-03-10;12.83
Burgenland;2025-03-11;12.27
Burgenland;2025-03-12;11.61
Burgenland;2025-03-13;11.04
Burgenland;2025-03-14;10.46
Burgenland;2025-03-15;9.95
Burgenland;2025-03-16;9.46
Burgenland;2025-03-17;8.98
Burgenland;2025-03-18;8.6
Burgenland;2025-03-19;8.22
Burgenland;2025-03-20;7.87
Burgenland;2025-03-21;7.63
Burgenland;2025-03-22;7.33
Burgenland;2025-03-23;7.1
Burgenland;2025-03-24;6.95
Burgenland;2025-03-25;6.82
Burgenland;2025-03-26;6.76
Burgenland;2025-03-27;6.76
Burgenland;2025-03-28;6.86
Burgenland;2025-03-29;7.02
Burgenland;2025-03-30;7.21
Burgenland;2025-03-31;7.44
Burgenland;2025-04-01;7.69
Burgenland;2025-04-02;8.03
Burgenland;2025-04-03;8.37
Burgenland;2025-04-04;8.67
Burgenland;2025-04-05;8.96
Burgenland;2025-04-06;9.17
Burgenland;2025-04-07;9.23
Burgenland;2025-04-08;9.15
Burgenland;2025-04-09;8.89
Burgenland;2025-04-10;8.5
Burgenland;2025-04-11;8.03
Burgenland;2025-04-12;7.52
Burgenland;2025-04-13;6.95
Burgenland;2025-04-14;6.46
Burgenland;2025-04-15;6.0
Burgenland;2025-04-16;5.62
Burgenland;2025-04-17;5.28
Burgenland;2025-04-18;4.99
Burgenland;2025-04-19;4.77
Burgenland;2025-04-20;4.55
Burgenland;2025-04-21;4.4
Burgenland;2025-04-22;4.29
Burgenland;2025-04-23;4.26
Burgenland;2025-04-24;4.23
Burgenland;2025-04-25;4.27
Burgenland;2025-04-26;4.34
Burgenland;2025-04-27;4.49
Burgenland;2025-04-28;4.67
Burgenland;2025-04-29;4.87
Burgenland;2025-04-30;5.15
Burgenland;2025-05-01;5.45
Burgenland;2025-05-02;5.78
Burgenland;2025-05-03;6.12
Burgenland;2025-05-04;6.51
Burgenland;2025-05-05;6.91
Burgenland;2025-05-06;7.32
Burgenland;2025-05-07;7.82
Burgenland;2025-05-08;8.36
Burgenland;2025-05-09;8.99
Burgenland;2025-05-10;9.69
Burgenland;2025-05-11;10.5
Burgenland;2025-05-12;11.38
Burgenland;2025-05-13;12.42
Burgenland;2025-05-14;13.57
Burgenland;2025-05-15;14.8
Burgenland;2025-05-16;16.11
Burgenland;2025-05-17;17.41
Burgenland;2025-05-18;18.76
Burgenland;2025-05-19;20.09
Burgenland;2025-05-20;21.39
Burgenland;2025-05-21;22.56
Burgenland;2025-05-22;23.59
Burgenland;2025-05-23;24.51
Burgenland;2025-05-24;25.2
Burgenland;2025-05-25;25.64
Burgenland;2025-05-26;25.85
Burgenland;2025-05-27;25.81
Burgenland;2025-05-28;25.68
Burgenland;2025-05-29;25.41
Burgenland;2025-05-30;25.11
Burgenland;2025-05-31;24.74
Burgenland;2025-06-01;24.38
Burgenland;2025-06-02;24.12
Burgenland;2025-06-03;23.87
Burgenland;2025-06-04;23.73
Burgenland;2025-06-05;23.68
Burgenland;2025-06-06;23.74
Burgenland;2025-06-07;23.91
Burgenland;2025-06-08;24.11
Burgenland;2025-06-09;24.42
Burgenland;2025-06-10;24.85
Burgenland;2025-06-11;25.42
Österreich;2022-09-01;98.88
Österreich;2022-09-02;98.53
Österreich;2022-09-03;98.25
Österreich;2022-09-04;97.36
Österreich;2022-09-05;97.28
Österreich;2022-09-06;97.42
Österreich;2022-09-07;97.8
Österreich;2022-09-08;98.47
Österreich;2022-09-09;99.45
Österreich;2022-09-10;100.93
Österreich;2022-09-11;102.93
Österreich;2022-09-12;105.59
Österreich;2022-09-13;108.89
Österreich;2022-09-14;112.85
Österreich;2022-09-15;117.3
Österreich;2022-09-16;122.26
Österreich;2022-09-17;127.61
Österreich;2022-09-18;133.4
Österreich;2022-09-19;139.65
Österreich;2022-09-20;146.43
Österreich;2022-09-21;153.7
Österreich;2022-09-22;161.38
Österreich;2022-09-23;169.34
Österreich;2022-09-24;177.45
Österreich;2022-09-25;185.67
Österreich;2022-09-26;193.93
Österreich;2022-09-27;202.11
Österreich;2022-09-28;210.22
Österreich;2022-09-29;218.09
Österreich;2022-09-30;225.51
Österreich;2022-10-01;232.21
Österreich;2022-10-02;237.88
Österreich;2022-10-03;242.37
Österreich;2022-10-04;245.59
Österreich;2022-10-05;247.61
Österreich;2022-10-06;248.56
Österreich;2022-10-07;248.51
Österreich;2022-10-08;247.33
Österreich;2022-10-09;244.92
Österreich;2022-10-10;241.22
Österreich;2022-10-11;236.29
Österreich;2022-10-12;230.3
Österreich;2022-10-13;223.53
Österreich;2022-10-14;216.28
Österreich;2022-10-15;208.85
Österreich;2022-10-16;201.31
Österreich;2022-10-17;194.0
Österreich;2022-10-18;186.97
Österreich;2022-10-19;180.26
Österreich;2022-10-20;173.93
Österreich;2022-10-21;167.82
Österreich;2022-10-22;161.97
Österreich;2022-10-23;156.2
Österreich;2022-10-24;150.59
Österreich;2022-10-25;145.07
Österreich;2022-10-26;139.74
Österreich;2022-10-27;134.63
Österreich;2022-10-28;129.69
Österreich;2022-10-29;125.08
Österreich;2022-10-30;120.82
Österreich;2022-10-31;117.01
Österreich;2022-11-01;113.78
Österreich;2022-11-02;111.09
Österreich;2022-11-03;108.9
Österreich;2022-11-04;107.29
Österreich;2022-11-05;106.15
Österreich;2022-11-06;105.6
Österreich;2022-11-07;105.69
Österreich;2022-11-08;106.45
Österreich;2022-11-09;107.95
Österreich;2022-11-10;109.97
Österreich;2022-11-11;112.43
Österreich;2022-11-12;115.11
Österreich;2022-11-13;118.0
Österreich;2022-11-14;121.04
Österreich;2022-11-15;124.2
Österreich;2022-11-16;127.61
Österreich;2022-11-17;131.1
Österreich;2022-11-18;134.73
Österreich;2022-11-19;138.3
Österreich;2022-11-20;141.72
Österreich;2022-11-21;145.0
Österreich;2022-11-22;148.09
Österreich;2022-11-23;151.09
Österreich;2022-11-24;153.98
Österreich;2022-11-25;156.7
Österreich;2022-11-26;159.32
Österreich;2022-11-27;161.69
Österreich;2022-11-28;163.87
Österreich;2022-11-29;165.89
Österreich;2022-11-30;167.82
Österreich;2022-12-01;169.69
Österreich;2022-12-02;171.6
Österreich;2022-12-03;173.49
Österreich;2022-12-04;174.86
Österreich;2022-12-05;176.29
Österreich;2022-12-06;178.43
Österreich;2022-12-07;180.67
Österreich;2022-12-08;183.12
Österreich;2022-12-09;185.64
Österreich;2022-12-10;188.28
Österreich;2022-12-11;190.92
Österreich;2022-12-12;193.69
Österreich;2022-12-13;196.61
Österreich;2022-12-14;199.66
Österreich;2022-12-15;202.8
Österreich;2022-12-16;205.8
Österreich;2022-12-17;208.46
Österreich;2022-12-18;210.48
Österreich;2022-12-19;211.73
Österreich;2022-12-20;212.15
Österreich;2022-12-21;211.81
Österreich;2022-12-22;210.85
Österreich;2022-12-23;209.47
Österreich;2022-12-24;207.7
Österreich;2022-12-25;205.62
Österreich;2022-12-26;203.25
Österreich;2022-12-27;200.52
Österreich;2022-12-28;197.4
Österreich;2022-12-29;193.9
Österreich;2022-12-30;190.09
Österreich;2022-12-31;185.93
Österreich;2023-01-01;181.44
Österreich;2023-01-02;176.68
Österreich;2023-01-03;171.65
Österreich;2023-01-04;166.44
Österreich;2023-01-05;161.15
Österreich;2023-01-06;155.96
Österreich;2023-01-07;150.94
Österreich;2023-01-08;146.17
Österreich;2023-01-09;141.79
Österreich;2023-01-10;137.87
Österreich;2023-01-11;134.42
Österreich;2023-01-12;131.37
Österreich;2023-01-13;128.75
Österreich;2023-01-14;126.63
Österreich;2023-01-15;124.41
Österreich;2023-01-16;123.6
Österreich;2023-01-17;123.31
Österreich;2023-01-18;123.78
Österreich;2023-01-19;125.17
Österreich;2023-01-20;127.24
Österreich;2023-01-21;129.96
Österreich;2023-01-22;133.52
Österreich;2023-01-23;137.76
Österreich;2023-01-24;142.43
Österreich;2023-01-25;148.02
Österreich;2023-01-26;154.17
Österreich;2023-01-27;160.85
Österreich;2023-01-28;167.96
Österreich;2023-01-29;175.29
Österreich;2023-01-30;183.36
Österreich;2023-01-31;192.04
Österreich;2023-02-01;201.3
Österreich;2023-02-02;210.86
Österreich;2023-02-03;220.53
Österreich;2023-02-04;229.92
Österreich;2023-02-05;238.79
Österreich;2023-02-06;246.87
Österreich;2023-02-07;253.51
Österreich;2023-02-08;260.1
Österreich;2023-02-09;266.13
Österreich;2023-02-10;271.71
Österreich;2023-02-11;276.87
Österreich;2023-02-12;281.67
Österreich;2023-02-13;286.08
Österreich;2023-02-14;290.04
Österreich;2023-02-15;293.57
Österreich;2023-02-16;296.68
Österreich;2023-02-17;299.33
Österreich;2023-02-18;301.52
Österreich;2023-02-19;303.33
Österreich;2023-02-20;304.77
Österreich;2023-02-21;305.95
Österreich;2023-02-22;306.98
Österreich;2023-02-23;307.88
Österreich;2023-02-24;308.69
Österreich;2023-02-25;309.29
Österreich;2023-02-26;309.71
Österreich;2023-02-27;309.79
Österreich;2023-02-28;309.46
Österreich;2023-03-01;308.59
Österreich;2023-03-02;307.15
Österreich;2023-03-03;305.13
Österreich;2023-03-04;302.53
Österreich;2023-03-05;299.17
Österreich;2023-03-06;295.11
Österreich;2023-03-07;290.35
Österreich;2023-03-08;285.02
Österreich;2023-03-09;279.21
Österreich;2023-03-10;273.11
Österreich;2023-03-11;266.76
Österreich;2023-03-12;260.21
Österreich;2023-03-13;253.6
Österreich;2023-03-14;246.99
Österreich;2023-03-15;240.43
Österreich;2023-03-16;233.94
Österreich;2023-03-17;227.4
Österreich;2023-03-18;220.7
Österreich;2023-03-19;213.71
Österreich;2023-03-20;206.51
Österreich;2023-03-21;199.14
Österreich;2023-03-22;191.73
Österreich;2023-03-23;184.4
Österreich;2023-03-24;177.12
Österreich;2023-03-25;169.93
Österreich;2023-03-26;162.84
Österreich;2023-03-27;155.98
Österreich;2023-03-28;149.51
Österreich;2023-03-29;143.54
Österreich;2023-03-30;138.08
Österreich;2023-03-31;133.13
Österreich;2023-04-01;128.62
Österreich;2023-04-02;124.5
Österreich;2023-04-03;120.75
Österreich;2023-04-04;117.35
Österreich;2023-04-05;114.22
Österreich;2023-04-06;111.22
Österreich;2023-04-07;108.34
Österreich;2023-04-08;105.52
Österreich;2023-04-09;102.77
Österreich;2023-04-10;99.98
Österreich;2023-04-11;97.19
Österreich;2023-04-12;94.35
Österreich;2023-04-13;91.5
Österreich;2023-04-14;88.66
Österreich;2023-04-15;85.84
Österreich;2023-04-16;83.04
Österreich;2023-04-17;80.43
Österreich;2023-04-18;77.91
Österreich;2023-04-19;75.54
Österreich;2023-04-20;73.34
Österreich;2023-04-21;71.25
Österreich;2023-04-22;69.26
Österreich;2023-04-23;67.37
Österreich;2023-04-24;65.52
Österreich;2023-04-25;63.73
Österreich;2023-04-26;61.97
Österreich;2023-04-27;60.29
Österreich;2023-04-28;58.57
Österreich;2023-04-29;56.88
Österreich;2023-04-30;55.2
Österreich;2023-05-01;53.53
Österreich;2023-05-02;51.84
Österreich;2023-05-03;50.17
Österreich;2023-05-04;48.53
Österreich;2023-05-05;46.87
Österreich;2023-05-06;45.27
Österreich;2023-05-07;43.7
Österreich;2023-05-08;42.21
Österreich;2023-05-09;40.75
Österreich;2023-05-10;39.4
Österreich;2023-05-11;38.18
Österreich;2023-05-12;37.06
Österreich;2023-05-13;36.02
Österreich;2023-05-14;35.12
Österreich;2023-05-15;34.36
Österreich;2023-05-16;33.73
Österreich;2023-05-17;33.21
Österreich;2023-05-18;32.82
Österreich;2023-05-19;32.48
Österreich;2023-05-20;32.13
Österreich;2023-05-21;31.8
Österreich;2023-05-22;31.35
Österreich;2023-05-23;30.86
Österreich;2023-05-24;30.28
Österreich;2023-05-25;29.65
Österreich;2023-05-26;29.0
Österreich;2023-05-27;28.25
Österreich;2023-05-28;27.55
Österreich;2023-05-29;26.78
Österreich;2023-05-30;26.02
Österreich;2023-05-31;25.19
Österreich;2023-06-01;24.4
Österreich;2023-06-02;23.59
Österreich;2023-06-03;22.81
Österreich;2023-06-04;22.07
Österreich;2023-06-05;21.4
Österreich;2023-06-06;20.77
Österreich;2023-06-07;20.25
Österreich;2023-06-08;19.73
Österreich;2023-06-09;19.3
Österreich;2023-06-10;18.92
Österreich;2023-06-11;18.52
Österreich;2023-06-12;18.11
Österreich;2023-06-13;17.72
Österreich;2023-06-14;17.32
Österreich;2023-06-15;16.93
Österreich;2023-06-16;16.54
Österreich;2023-06-17;16.17
Österreich;2023-06-18;15.78
Österreich;2023-06-19;15.47
Österreich;2023-06-20;15.13
Österreich;2023-06-21;14.83
Österreich;2023-06-22;14.56
Österreich;2023-06-23;14.32
Österreich;2023-06-24;14.08
Österreich;2023-06-25;13.88
Österreich;2023-06-26;13.72
Österreich;2023-06-27;13.58
Österreich;2023-06-28;13.55
Österreich;2023-06-29;13.56
Österreich;2023-06-30;13.6
Österreich;2023-07-01;13.7
Österreich;2023-07-02;13.85
Österreich;2023-07-03;13.96
Österreich;2023-07-04;14.14
Österreich;2023-07-05;14.33
Österreich;2023-07-06;14.47
Österreich;2023-07-07;14.63
Österreich;2023-07-08;14.81
Österreich;2023-07-09;14.98
Österreich;2023-07-10;15.18
Österreich;2023-07-11;15.38
Österreich;2023-07-12;15.68
Österreich;2023-07-13;15.99
Österreich;2023-07-14;16.35
Österreich;2023-07-15;16.81
Österreich;2023-07-16;17.29
Österreich;2023-07-17;17.85
Österreich;2023-07-18;18.52
Österreich;2023-07-19;19.21
Österreich;2023-07-20;20.01
Österreich;2023-07-21;20.79
Österreich;2023-07-22;21.67
Österreich;2023-07-23;22.57
Österreich;2023-07-24;23.54
Österreich;2023-07-25;24.59
Österreich;2023-07-26;25.79
Österreich;2023-07-27;27.11
Österreich;2023-07-28;28.55
Österreich;2023-07-29;30.07
Österreich;2023-07-30;31.65
Österreich;2023-07-31;33.33
Österreich;2023-08-01;35.18
Österreich;2023-08-02;37.12
Österreich;2023-08-03;39.23
Österreich;2023-08-04;41.39
Österreich;2023-08-05;43.68
Österreich;2023-08-06;45.97
Österreich;2023-08-07;48.32
Österreich;2023-08-08;50.61
Österreich;2023-08-09;52.87
Österreich;2023-08-10;55.05
Österreich;2023-08-11;57.14
Österreich;2023-08-12;59.15
Österreich;2023-08-13;61.08
Österreich;2023-08-14;62.87
Österreich;2023-08-15;64.49
Österreich;2023-08-16;65.79
Österreich;2023-08-17;66.88
Österreich;2023-08-18;67.81
Österreich;2023-08-19;68.58
Österreich;2023-08-20;69.32
Österreich;2023-08-21;70.08
Österreich;2023-08-22;70.9
Österreich;2023-08-23;71.87
Österreich;2023-08-24;72.98
Österreich;2023-08-25;74.18
Österreich;2023-08-26;75.57
Österreich;2023-08-27;77.05
Österreich;2023-08-28;78.63
Österreich;2023-08-29;80.35
Österreich;2023-08-30;82.22
Österreich;2023-08-31;84.13
Österreich;2023-09-01;86.01
Österreich;2023-09-02;87.86
Österreich;2023-09-03;89.54
Österreich;2023-09-04;91.09
Österreich;2023-09-05;92.48
Österreich;2023-09-06;93.76
Österreich;2023-09-07;95.03
Österreich;2023-09-08;96.24
Österreich;2023-09-09;97.4
Österreich;2023-09-10;98.51
Österreich;2023-09-11;99.63
Österreich;2023-09-12;100.67
Österreich;2023-09-13;101.61
Österreich;2023-09-14;102.51
Österreich;2023-09-15;103.29
Österreich;2023-09-16;104.01
Österreich;2023-09-17;104.71
Österreich;2023-09-18;105.44
Österreich;2023-09-19;106.21
Österreich;2023-09-20;107.08
Österreich;2023-09-21;108.11
Österreich;2023-09-22;109.22
Österreich;2023-09-23;110.51
Österreich;2023-09-24;111.93
Österreich;2023-09-25;113.48
Österreich;2023-09-26;115.27
Österreich;2023-09-27;117.16
Österreich;2023-09-28;119.2
Österreich;2023-09-29;121.3
Österreich;2023-09-30;123.4
Österreich;2023-10-01;125.5
Österreich;2023-10-02;127.46
Österreich;2023-10-03;129.34
Österreich;2023-10-04;131.03
Österreich;2023-10-05;132.64
Österreich;2023-10-06;134.16
Österreich;2023-10-07;135.71
Österreich;2023-10-08;137.4
Österreich;2023-10-09;139.25
Österreich;2023-10-10;141.35
Österreich;2023-10-11;143.69
Österreich;2023-10-12;146.23
Österreich;2023-10-13;148.94
Österreich;2023-10-14;151.78
Österreich;2023-10-15;154.75
Österreich;2023-10-16;157.77
Österreich;2023-10-17;160.86
Österreich;2023-10-18;163.92
Österreich;2023-10-19;166.92
Österreich;2023-10-20;169.81
Österreich;2023-10-21;172.67
Österreich;2023-10-22;175.44
Österreich;2023-10-23;178.26
Österreich;2023-10-24;181.17
Österreich;2023-10-25;184.23
Österreich;2023-10-26;187.53
Österreich;2023-10-27;190.88
Österreich;2023-10-28;194.29
Österreich;2023-10-29;197.71
Österreich;2023-10-30;201.08
Österreich;2023-10-31;204.63
Österreich;2023-11-01;208.52
Österreich;2023-11-02;212.96
Österreich;2023-11-03;218.19
Österreich;2023-11-04;224.34
Österreich;2023-11-05;231.53
Österreich;2023-11-06;239.75
Österreich;2023-11-07;249.02
Österreich;2023-11-08;259.22
Österreich;2023-11-09;270.16
Österreich;2023-11-10;281.51
Österreich;2023-11-11;293.08
Österreich;2023-11-12;304.69
Österreich;2023-11-13;318.66
Österreich;2023-11-14;330.24
Österreich;2023-11-15;341.97
Österreich;2023-11-16;353.99
Österreich;2023-11-17;366.53
Österreich;2023-11-18;379.76
Österreich;2023-11-19;393.92
Österreich;2023-11-20;409.01
Österreich;2023-11-21;424.95
Österreich;2023-11-22;441.34
Österreich;2023-11-23;457.95
Österreich;2023-11-24;474.56
Österreich;2023-11-25;491.02
Österreich;2023-11-26;507.29
Österreich;2023-11-27;523.36
Österreich;2023-11-28;539.23
Österreich;2023-11-29;554.9
Österreich;2023-11-30;570.25
Österreich;2023-12-01;584.95
Österreich;2023-12-02;598.7
Österreich;2023-12-03;611.08
Österreich;2023-12-04;621.69
Österreich;2023-12-05;630.2
Österreich;2023-12-06;636.87
Österreich;2023-12-07;641.21
Österreich;2023-12-08;643.85
Österreich;2023-12-09;645.06
Österreich;2023-12-10;644.68
Österreich;2023-12-11;642.5
Österreich;2023-12-12;638.09
Österreich;2023-12-13;631.3
Österreich;2023-12-14;622.31
Österreich;2023-12-15;611.54
Österreich;2023-12-16;599.37
Österreich;2023-12-17;586.01
Österreich;2023-12-18;571.42
Österreich;2023-12-19;555.61
Österreich;2023-12-20;538.42
Österreich;2023-12-21;520.02
Österreich;2023-12-22;500.75
Österreich;2023-12-23;481.04
Österreich;2023-12-24;461.17
Österreich;2023-12-25;441.35
Österreich;2023-12-26;421.85
Österreich;2023-12-27;402.61
Österreich;2023-12-28;383.65
Österreich;2023-12-29;365.04
Österreich;2023-12-30;346.83
Österreich;2023-12-31;329.14
Österreich;2024-01-01;311.99
Österreich;2024-01-02;295.32
Österreich;2024-01-03;279.09
Österreich;2024-01-04;263.34
Österreich;2024-01-05;248.1
Österreich;2024-01-06;233.71
Österreich;2024-01-07;220.31
Österreich;2024-01-08;208.09
Österreich;2024-01-09;196.95
Österreich;2024-01-10;186.85
Österreich;2024-01-11;177.57
Österreich;2024-01-12;168.88
Österreich;2024-01-13;160.74
Österreich;2024-01-14;153.07
Österreich;2024-01-15;145.84
Österreich;2024-01-16;138.98
Österreich;2024-01-17;132.44
Österreich;2024-01-18;126.14
Österreich;2024-01-19;120.13
Österreich;2024-01-20;114.34
Österreich;2024-01-21;108.77
Österreich;2024-01-22;103.5
Österreich;2024-01-23;98.55
Österreich;2024-01-24;93.86
Österreich;2024-01-25;89.47
Österreich;2024-01-26;85.3
Österreich;2024-01-27;81.36
Österreich;2024-01-28;77.6
Österreich;2024-01-29;74.07
Österreich;2024-01-30;70.71
Österreich;2024-01-31;67.55
Österreich;2024-02-01;64.62
Österreich;2024-02-02;61.79
Österreich;2024-02-03;59.07
Österreich;2024-02-04;56.45
Österreich;2024-02-05;53.9
Österreich;2024-02-06;51.44
Österreich;2024-02-07;49.17
Österreich;2024-02-08;46.96
Österreich;2024-02-09;44.9
Österreich;2024-02-10;42.88
Österreich;2024-02-11;40.94
Österreich;2024-02-12;39.06
Österreich;2024-02-13;37.26
Österreich;2024-02-14;35.56
Österreich;2024-02-15;33.93
Österreich;2024-02-16;32.42
Österreich;2024-02-17;30.98
Österreich;2024-02-18;29.55
Österreich;2024-02-19;28.21
Österreich;2024-02-20;26.95
Österreich;2024-02-21;25.78
Österreich;2024-02-22;24.68
Österreich;2024-02-23;23.64
Österreich;2024-02-24;22.66
Österreich;2024-02-25;21.74
Österreich;2024-02-26;20.85
Österreich;2024-02-27;19.97
Österreich;2024-02-28;19.21
Österreich;2024-02-29;18.46
Österreich;2024-03-01;17.79
Österreich;2024-03-02;17.15
Österreich;2024-03-03;16.55
Österreich;2024-03-04;16.03
Österreich;2024-03-05;15.58
Österreich;2024-03-06;15.21
Österreich;2024-03-07;14.9
Österreich;2024-03-08;14.62
Österreich;2024-03-09;14.45
Österreich;2024-03-10;14.28
Österreich;2024-03-11;14.18
Österreich;2024-03-12;14.17
Österreich;2024-03-13;14.27
Österreich;2024-03-14;14.39
Österreich;2024-03-15;14.59
Österreich;2024-03-16;14.8
Österreich;2024-03-17;14.98
Österreich;2024-03-18;15.07
Österreich;2024-03-19;15.1
Österreich;2024-03-20;15.01
Österreich;2024-03-21;14.78
Österreich;2024-03-22;14.47
Österreich;2024-03-23;14.13
Österreich;2024-03-24;13.79
Österreich;2024-03-25;13.42
Österreich;2024-03-26;13.08
Österreich;2024-03-27;12.75
Österreich;2024-03-28;12.5
Österreich;2024-03-29;12.21
Österreich;2024-03-30;12.0
Österreich;2024-03-31;11.76
Österreich;2024-04-01;11.56
Österreich;2024-04-02;11.34
Österreich;2024-04-03;11.17
Österreich;2024-04-04;11.05
Österreich;2024-04-05;10.92
Österreich;2024-04-06;10.84
Österreich;2024-04-07;10.8
Österreich;2024-04-08;10.88
Österreich;2024-04-09;10.96
Österreich;2024-04-10;11.11
Österreich;2024-04-11;11.28
Österreich;2024-04-12;11.5
Österreich;2024-04-13;11.79
Österreich;2024-04-14;12.09
Österreich;2024-04-15;12.49
Österreich;2024-04-16;12.92
Österreich;2024-04-17;13.41
Österreich;2024-04-18;13.96
Österreich;2024-04-19;14.57
Österreich;2024-04-20;15.19
Österreich;2024-04-21;15.86
Österreich;2024-04-22;16.56
Österreich;2024-04-23;17.27
Österreich;2024-04-24;18.0
Österreich;2024-04-25;18.74
Österreich;2024-04-26;19.5
Österreich;2024-04-27;20.21
Österreich;2024-04-28;20.88
Österreich;2024-04-29;21.43
Österreich;2024-04-30;21.93
Österreich;2024-05-01;22.41
Österreich;2024-05-02;22.82
Österreich;2024-05-03;23.22
Österreich;2024-05-04;23.61
Österreich;2024-05-05;23.94
Österreich;2024-05-06;24.27
Österreich;2024-05-07;24.65
Österreich;2024-05-08;24.99
Österreich;2024-05-09;25.36
Österreich;2024-05-10;25.73
Österreich;2024-05-11;26.13
Österreich;2024-05-12;26.52
Österreich;2024-05-13;26.9
Österreich;2024-05-14;27.24
Österreich;2024-05-15;27.55
Österreich;2024-05-16;27.84
Österreich;2024-05-17;28.12
Österreich;2024-05-18;28.44
Österreich;2024-05-19;28.76
Österreich;2024-05-20;29.16
Österreich;2024-05-21;29.65
Österreich;2024-05-22;30.19
Österreich;2024-05-23;30.82
Österreich;2024-05-24;31.52
Österreich;2024-05-25;32.29
Österreich;2024-05-26;33.08
Österreich;2024-05-27;33.95
Österreich;2024-05-28;34.82
Österreich;2024-05-29;35.79
Österreich;2024-05-30;36.78
Österreich;2024-05-31;37.89
Österreich;2024-06-01;39.02
Österreich;2024-06-02;40.19
Österreich;2024-06-03;41.51
Österreich;2024-06-04;42.95
Österreich;2024-06-05;44.6
Österreich;2024-06-06;46.37
Österreich;2024-06-07;48.28
Österreich;2024-06-08;50.27
Österreich;2024-06-09;52.27
Österreich;2024-06-10;54.28
Österreich;2024-06-11;56.27
Österreich;2024-06-12;58.33
Österreich;2024-06-13;60.43
Österreich;2024-06-14;62.61
Österreich;2024-06-15;64.88
Österreich;2024-06-16;67.21
Österreich;2024-06-17;69.72
Österreich;2024-06-18;72.31
Österreich;2024-06-19;74.96
Österreich;2024-06-20;77.63
Österreich;2024-06-21;80.24
Österreich;2024-06-22;82.82
Österreich;2024-06-23;85.32
Österreich;2024-06-24;87.7
Österreich;2024-06-25;89.91
Österreich;2024-06-26;91.99
Österreich;2024-06-27;93.89
Österreich;2024-06-28;95.73
Österreich;2024-06-29;97.6
Österreich;2024-06-30;99.47
Österreich;2024-07-01;101.42
Österreich;2024-07-02;103.37
Österreich;2024-07-03;105.29
Österreich;2024-07-04;107.04
Österreich;2024-07-05;108.63
Österreich;2024-07-06;109.99
Österreich;2024-07-07;111.06
Österreich;2024-07-08;111.8
Österreich;2024-07-09;112.26
Österreich;2024-07-10;112.53
Österreich;2024-07-11;112.66
Österreich;2024-07-12;112.58
Österreich;2024-07-13;112.4
Österreich;2024-07-14;111.96
Österreich;2024-07-15;111.32
Österreich;2024-07-16;110.43
Österreich;2024-07-17;109.29
Österreich;2024-07-18;107.92
Österreich;2024-07-19;106.44
Österreich;2024-07-20;104.99
Österreich;2024-07-21;103.67
Österreich;2024-07-22;102.6
Österreich;2024-07-23;101.89
Österreich;2024-07-24;101.55
Österreich;2024-07-25;101.49
Österreich;2024-07-26;101.6
Österreich;2024-07-27;101.89
Österreich;2024-07-28;102.24
Österreich;2024-07-29;102.76
Österreich;2024-07-30;103.54
Österreich;2024-07-31;104.77
Österreich;2024-08-01;106.35
Österreich;2024-08-02;108.16
Österreich;2024-08-03;110.1
Österreich;2024-08-04;111.86
Österreich;2024-08-05;113.45
Österreich;2024-08-06;114.76
Österreich;2024-08-07;115.89
Österreich;2024-08-08;116.85
Österreich;2024-08-09;117.76
Österreich;2024-08-10;118.78
Österreich;2024-08-11;120.04
Österreich;2024-08-12;121.59
Österreich;2024-08-13;123.44
Österreich;2024-08-14;125.53
Österreich;2024-08-15;127.84
Österreich;2024-08-16;130.31
Österreich;2024-08-17;132.96
Österreich;2024-08-18;135.8
Österreich;2024-08-19;138.74
Österreich;2024-08-20;141.68
Österreich;2024-08-21;144.46
Österreich;2024-08-22;147.02
Österreich;2024-08-23;149.36
Österreich;2024-08-24;151.37
Österreich;2024-08-25;153.06
Österreich;2024-08-26;154.39
Österreich;2024-08-27;155.38
Österreich;2024-08-28;156.16
Österreich;2024-08-29;156.81
Österreich;2024-08-30;157.38
Österreich;2024-08-31;158.02
Österreich;2024-09-01;158.83
Österreich;2024-09-02;159.8
Österreich;2024-09-03;161.03
Österreich;2024-09-04;162.45
Österreich;2024-09-05;164.18
Österreich;2024-09-06;166.26
Österreich;2024-09-07;168.77
Österreich;2024-09-08;171.89
Österreich;2024-09-09;175.68
Österreich;2024-09-10;180.2
Österreich;2024-09-11;185.41
Österreich;2024-09-12;191.36
Österreich;2024-09-13;198.03
Österreich;2024-09-14;205.5
Österreich;2024-09-15;213.89
Österreich;2024-09-16;223.24
Österreich;2024-09-17;233.29
Österreich;2024-09-18;243.81
Österreich;2024-09-19;254.33
Österreich;2024-09-20;264.57
Österreich;2024-09-21;274.09
Österreich;2024-09-22;282.56
Österreich;2024-09-23;289.67
Österreich;2024-09-24;295.34
Österreich;2024-09-25;299.63
Österreich;2024-09-26;302.72
Österreich;2024-09-27;304.92
Österreich;2024-09-28;306.41
Österreich;2024-09-29;307.36
Österreich;2024-09-30;307.83
Österreich;2024-10-01;307.84
Österreich;2024-10-02;307.32
Österreich;2024-10-03;306.29
Österreich;2024-10-04;304.67
Österreich;2024-10-05;302.34
Österreich;2024-10-06;299.24
Österreich;2024-10-07;295.41
Österreich;2024-10-08;290.97
Österreich;2024-10-09;286.2
Österreich;2024-10-10;281.15
Österreich;2024-10-11;275.9
Österreich;2024-10-12;270.33
Österreich;2024-10-13;264.52
Österreich;2024-10-14;258.44
Österreich;2024-10-15;252.29
Österreich;2024-10-16;246.19
Österreich;2024-10-17;240.19
Österreich;2024-10-18;234.19
Österreich;2024-10-19;227.99
Österreich;2024-10-20;221.58
Österreich;2024-10-21;214.89
Österreich;2024-10-22;208.13
Österreich;2024-10-23;201.39
Österreich;2024-10-24;194.83
Österreich;2024-10-25;188.39
Österreich;2024-10-26;182.12
Österreich;2024-10-27;176.04
Österreich;2024-10-28;170.08
Österreich;2024-10-29;164.31
Österreich;2024-10-30;158.81
Österreich;2024-10-31;153.43
Österreich;2024-11-01;148.17
Österreich;2024-11-02;143.03
Österreich;2024-11-03;137.88
Österreich;2024-11-04;132.85
Österreich;2024-11-05;128.02
Österreich;2024-11-06;123.46
Österreich;2024-11-07;119.25
Österreich;2024-11-08;115.34
Österreich;2024-11-09;111.76
Österreich;2024-11-10;108.48
Österreich;2024-11-11;105.55
Österreich;2024-11-12;103.01
Österreich;2024-11-13;100.83
Österreich;2024-11-14;99.02
Österreich;2024-11-15;97.46
Österreich;2024-11-16;96.21
Österreich;2024-11-17;95.26
Österreich;2024-11-18;94.59
Österreich;2024-11-19;94.19
Österreich;2024-11-20;94.12
Österreich;2024-11-21;94.27
Österreich;2024-11-22;94.61
Österreich;2024-11-23;95.15
Österreich;2024-11-24;95.83
Österreich;2024-11-25;96.69
Österreich;2024-11-26;97.8
Österreich;2024-11-27;99.08
Österreich;2024-11-28;100.54
Österreich;2024-11-29;102.15
Österreich;2024-11-30;103.77
Österreich;2024-12-01;105.33
Österreich;2024-12-02;106.83
Österreich;2024-12-03;108.24
Österreich;2024-12-04;109.65
Österreich;2024-12-05;110.97
Österreich;2024-12-06;112.22
Österreich;2024-12-07;113.35
Österreich;2024-12-08;114.41
Österreich;2024-12-09;115.34
Österreich;2024-12-10;116.21
Österreich;2024-12-11;117.08
Österreich;2024-12-12;117.93
Österreich;2024-12-13;118.68
Österreich;2024-12-14;119.29
Österreich;2024-12-15;119.64
Österreich;2024-12-16;119.59
Österreich;2024-12-17;119.01
Österreich;2024-12-18;117.95
Österreich;2024-12-19;116.42
Österreich;2024-12-20;114.56
Österreich;2024-12-21;112.48
Österreich;2024-12-22;110.39
Österreich;2024-12-23;108.3
Österreich;2024-12-24;106.2
Österreich;2024-12-25;104.1
Österreich;2024-12-26;101.96
Österreich;2024-12-27;99.76
Österreich;2024-12-28;97.45
Österreich;2024-12-29;94.99
Österreich;2024-12-30;92.36
Österreich;2024-12-31;89.6
Österreich;2025-01-01;86.73
Österreich;2025-01-02;83.75
Österreich;2025-01-03;80.69
Österreich;2025-01-04;77.65
Österreich;2025-01-05;74.61
Österreich;2025-01-06;71.68
Österreich;2025-01-07;68.77
Österreich;2025-01-08;66.02
Österreich;2025-01-09;63.36
Österreich;2025-01-10;60.84
Österreich;2025-01-11;58.46
Österreich;2025-01-12;56.2
Österreich;2025-01-13;54.09
Österreich;2025-01-14;52.19
Österreich;2025-01-15;50.44
Österreich;2025-01-16;48.89
Österreich;2025-01-17;47.41
Österreich;2025-01-18;46.04
Österreich;2025-01-19;44.77
Österreich;2025-01-20;43.54
Österreich;2025-01-21;42.39
Österreich;2025-01-22;41.37
Österreich;2025-01-23;40.43
Österreich;2025-01-24;39.59
Österreich;2025-01-25;38.78
Österreich;2025-01-26;38.06
Österreich;2025-01-27;37.33
Österreich;2025-01-28;36.67
Österreich;2025-01-29;36.03
Österreich;2025-01-30;35.37
Österreich;2025-01-31;34.72
Österreich;2025-02-01;34.04
Österreich;2025-02-02;33.42
Österreich;2025-02-03;32.78
Österreich;2025-02-04;32.15
Österreich;2025-02-05;31.54
Österreich;2025-02-06;30.94
Österreich;2025-02-07;30.34
Österreich;2025-02-08;29.78
Österreich;2025-02-09;29.18
Österreich;2025-02-10;28.63
Österreich;2025-02-11;28.04
Österreich;2025-02-12;27.5
Österreich;2025-02-13;26.92
Österreich;2025-02-14;26.4
Österreich;2025-02-15;25.85
Österreich;2025-02-16;25.29
Österreich;2025-02-17;24.75
Österreich;2025-02-18;24.2
Österreich;2025-02-19;23.67
Österreich;2025-02-20;23.1
Österreich;2025-02-21;22.49
Österreich;2025-02-22;21.9
Österreich;2025-02-23;21.32
Österreich;2025-02-24;20.8
Österreich;2025-02-25;20.3
Österreich;2025-02-26;19.87
Österreich;2025-02-27;19.5
Österreich;2025-02-28;19.18
Österreich;2025-03-01;18.93
Österreich;2025-03-02;18.68
Österreich;2025-03-03;18.47
Österreich;2025-03-04;18.29
Österreich;2025-03-05;18.1
Österreich;2025-03-06;17.94
Österreich;2025-03-07;17.76
Österreich;2025-03-08;17.58
Österreich;2025-03-09;17.33
Österreich;2025-03-10;17.09
Österreich;2025-03-11;16.81
Österreich;2025-03-12;16.54
Österreich;2025-03-13;16.27
Österreich;2025-03-14;16.0
Österreich;2025-03-15;15.72
Österreich;2025-03-16;15.49
Österreich;2025-03-17;15.22
Österreich;2025-03-18;14.94
Österreich;2025-03-19;14.66
Österreich;2025-03-20;14.41
Österreich;2025-03-21;14.15
Österreich;2025-03-22;13.92
Österreich;2025-03-23;13.67
Österreich;2025-03-24;13.5
Österreich;2025-03-25;13.27
Österreich;2025-03-26;13.13
Österreich;2025-03-27;13.02
Österreich;2025-03-28;12.95
Österreich;2025-03-29;12.95
Österreich;2025-03-30;13.0
Österreich;2025-03-31;13.15
Österreich;2025-04-01;13.35
Österreich;2025-04-02;13.63
Österreich;2025-04-03;13.99
Österreich;2025-04-04;14.38
Österreich;2025-04-05;14.77
Österreich;2025-04-06;15.13
Österreich;2025-04-07;15.44
Österreich;2025-04-08;15.77
Österreich;2025-04-09;16.03
Österreich;2025-04-10;16.29
Österreich;2025-04-11;16.49
Österreich;2025-04-12;16.63
Österreich;2025-04-13;16.73
Österreich;2025-04-14;16.7
Österreich;2025-04-15;16.64
Österreich;2025-04-16;16.49
Österreich;2025-04-17;16.36
Österreich;2025-04-18;16.2
Österreich;2025-04-19;16.02
Österreich;2025-04-20;15.87
Österreich;2025-04-21;15.73
Österreich;2025-04-22;15.58
Österreich;2025-04-23;15.48
Österreich;2025-04-24;15.38
Österreich;2025-04-25;15.34
Österreich;2025-04-26;15.31
Österreich;2025-04-27;15.28
Österreich;2025-04-28;15.25
Österreich;2025-04-29;15.28
Österreich;2025-04-30;15.32
Österreich;2025-05-01;15.44
Österreich;2025-05-02;15.58
Österreich;2025-05-03;15.79
Österreich;2025-05-04;16.13
Österreich;2025-05-05;16.6
Österreich;2025-05-06;17.17
Österreich;2025-05-07;17.91
Österreich;2025-05-08;18.78
Österreich;2025-05-09;19.7
Österreich;2025-05-10;20.68
Österreich;2025-05-11;21.7
Österreich;2025-05-12;22.79
Österreich;2025-05-13;23.88
Österreich;2025-05-14;25.07
Österreich;2025-05-15;26.31
Österreich;2025-05-16;27.61
Österreich;2025-05-17;28.94
Österreich;2025-05-18;30.38
Österreich;2025-05-19;31.78
Österreich;2025-05-20;33.23
Österreich;2025-05-21;34.66
Österreich;2025-05-22;36.05
Österreich;2025-05-23;37.42
Österreich;2025-05-24;38.73
Österreich;2025-05-25;40.03
Österreich;2025-05-26;41.29
Österreich;2025-05-27;42.49
Österreich;2025-05-28;43.7
Österreich;2025-05-29;44.86
Österreich;2025-05-30;45.98
Österreich;2025-05-31;47.04
Österreich;2025-06-01;48.03
Österreich;2025-06-02;48.95
Österreich;2025-06-03;49.85
Österreich;2025-06-04;50.71
Österreich;2025-06-05;51.58
Österreich;2025-06-06;52.43
Österreich;2025-06-07;53.33
Österreich;2025-06-08;54.22
Österreich;2025-06-09;55.15
Österreich;2025-06-10;56.13
Österreich;2025-06-11;57.75
Österreich;2025-06-12;58.95
Österreich;2025-06-13;60.03
Österreich;2025-06-14;61.03
Österreich;2025-06-15;61.91
