Gruppe;Datum;Genkopien pro EW / Tag * 10^6
Vorarlberg;2022-09-01;83.36
Vorarlberg;2022-09-02;84.34
Vorarlberg;2022-09-03;85.21
Vorarlberg;2022-09-04;81.81
Vorarlberg;2022-09-05;82.7
Vorarlberg;2022-09-06;83.81
Vorarlberg;2022-09-07;85.15
Vorarlberg;2022-09-08;86.71
Vorarlberg;2022-09-09;88.49
Vorarlberg;2022-09-10;90.54
Vorarlberg;2022-09-11;92.97
Vorarlberg;2022-09-12;95.91
Vorarlberg;2022-09-13;99.43
Vorarlberg;2022-09-14;103.58
Vorarlberg;2022-09-15;108.29
Vorarlberg;2022-09-16;113.35
Vorarlberg;2022-09-17;118.59
Vorarlberg;2022-09-18;123.84
Vorarlberg;2022-09-19;129.02
Vorarlberg;2022-09-20;134.14
Vorarlberg;2022-09-21;139.24
Vorarlberg;2022-09-22;144.49
Vorarlberg;2022-09-23;149.86
Vorarlberg;2022-09-24;155.57
Vorarlberg;2022-09-25;161.71
Vorarlberg;2022-09-26;168.43
Vorarlberg;2022-09-27;175.72
Vorarlberg;2022-09-28;183.58
Vorarlberg;2022-09-29;191.65
Vorarlberg;2022-09-30;199.68
Vorarlberg;2022-10-01;207.19
Vorarlberg;2022-10-02;213.8
Vorarlberg;2022-10-03;219.3
Vorarlberg;2022-10-04;223.65
Vorarlberg;2022-10-05;226.75
Vorarlberg;2022-10-06;228.69
Vorarlberg;2022-10-07;229.33
Vorarlberg;2022-10-08;228.52
Vorarlberg;2022-10-09;226.1
Vorarlberg;2022-10-10;222.08
Vorarlberg;2022-10-11;216.62
Vorarlberg;2022-10-12;210.02
Vorarlberg;2022-10-13;202.66
Vorarlberg;2022-10-14;194.78
Vorarlberg;2022-10-15;186.58
Vorarlberg;2022-10-16;178.2
Vorarlberg;2022-10-17;169.78
Vorarlberg;2022-10-18;161.56
Vorarlberg;2022-10-19;153.57
Vorarlberg;2022-10-20;145.82
Vorarlberg;2022-10-21;138.39
Vorarlberg;2022-10-22;131.24
Vorarlberg;2022-10-23;124.46
Vorarlberg;2022-10-24;118.18
Vorarlberg;2022-10-25;112.39
Vorarlberg;2022-10-26;107.05
Vorarlberg;2022-10-27;102.19
Vorarlberg;2022-10-28;97.63
Vorarlberg;2022-10-29;93.44
Vorarlberg;2022-10-30;89.52
Vorarlberg;2022-10-31;85.94
Vorarlberg;2022-11-01;82.75
Vorarlberg;2022-11-02;79.92
Vorarlberg;2022-11-03;77.52
Vorarlberg;2022-11-04;75.56
Vorarlberg;2022-11-05;74.08
Vorarlberg;2022-11-06;73.16
Vorarlberg;2022-11-07;72.94
Vorarlberg;2022-11-08;73.49
Vorarlberg;2022-11-09;74.83
Vorarlberg;2022-11-10;76.9
Vorarlberg;2022-11-11;79.44
Vorarlberg;2022-11-12;82.43
Vorarlberg;2022-11-13;85.81
Vorarlberg;2022-11-14;89.5
Vorarlberg;2022-11-15;93.57
Vorarlberg;2022-11-16;97.86
Vorarlberg;2022-11-17;102.32
Vorarlberg;2022-11-18;106.8
Vorarlberg;2022-11-19;111.26
Vorarlberg;2022-11-20;115.65
Vorarlberg;2022-11-21;119.98
Vorarlberg;2022-11-22;124.28
Vorarlberg;2022-11-23;128.58
Vorarlberg;2022-11-24;132.9
Vorarlberg;2022-11-25;137.23
Vorarlberg;2022-11-26;141.52
Vorarlberg;2022-11-27;145.8
Vorarlberg;2022-11-28;149.91
Vorarlberg;2022-11-29;153.81
Vorarlberg;2022-11-30;157.3
Vorarlberg;2022-12-01;160.42
Vorarlberg;2022-12-02;163.19
Vorarlberg;2022-12-03;165.72
Vorarlberg;2022-12-04;168.18
Vorarlberg;2022-12-05;170.68
Vorarlberg;2022-12-06;173.31
Vorarlberg;2022-12-07;176.09
Vorarlberg;2022-12-08;178.94
Vorarlberg;2022-12-09;181.72
Vorarlberg;2022-12-10;184.22
Vorarlberg;2022-12-11;186.32
Vorarlberg;2022-12-12;188.04
Vorarlberg;2022-12-13;189.53
Vorarlberg;2022-12-14;191.03
Vorarlberg;2022-12-15;192.64
Vorarlberg;2022-12-16;194.37
Vorarlberg;2022-12-17;196.09
Vorarlberg;2022-12-18;197.61
Vorarlberg;2022-12-19;198.73
Vorarlberg;2022-12-20;199.21
Vorarlberg;2022-12-21;198.84
Vorarlberg;2022-12-22;197.64
Vorarlberg;2022-12-23;195.61
Vorarlberg;2022-12-24;192.96
Vorarlberg;2022-12-25;189.64
Vorarlberg;2022-12-26;185.74
Vorarlberg;2022-12-27;181.2
Vorarlberg;2022-12-28;176.15
Vorarlberg;2022-12-29;170.58
Vorarlberg;2022-12-30;164.67
Vorarlberg;2022-12-31;158.46
Vorarlberg;2023-01-01;151.97
Vorarlberg;2023-01-02;145.41
Vorarlberg;2023-01-03;138.81
Vorarlberg;2023-01-04;132.42
Vorarlberg;2023-01-05;126.32
Vorarlberg;2023-01-06;120.53
Vorarlberg;2023-01-07;115.22
Vorarlberg;2023-01-08;110.4
Vorarlberg;2023-01-09;106.21
Vorarlberg;2023-01-10;102.57
Vorarlberg;2023-01-11;99.4
Vorarlberg;2023-01-12;96.68
Vorarlberg;2023-01-13;94.3
Vorarlberg;2023-01-14;92.42
Vorarlberg;2023-01-15;91.06
Vorarlberg;2023-01-16;90.32
Vorarlberg;2023-01-17;90.32
Vorarlberg;2023-01-18;90.96
Vorarlberg;2023-01-19;92.17
Vorarlberg;2023-01-20;93.92
Vorarlberg;2023-01-21;96.14
Vorarlberg;2023-01-22;98.89
Vorarlberg;2023-01-23;102.3
Vorarlberg;2023-01-24;106.37
Vorarlberg;2023-01-25;111.16
Vorarlberg;2023-01-26;116.61
Vorarlberg;2023-01-27;122.66
Vorarlberg;2023-01-28;129.31
Vorarlberg;2023-01-29;136.57
Vorarlberg;2023-01-30;144.56
Vorarlberg;2023-01-31;153.34
Vorarlberg;2023-02-01;162.78
Vorarlberg;2023-02-02;172.71
Vorarlberg;2023-02-03;182.92
Vorarlberg;2023-02-04;193.1
Vorarlberg;2023-02-05;203.02
Vorarlberg;2023-02-06;212.45
Vorarlberg;2023-02-07;221.2
Vorarlberg;2023-02-08;229.17
Vorarlberg;2023-02-09;236.29
Vorarlberg;2023-02-10;242.69
Vorarlberg;2023-02-11;248.53
Vorarlberg;2023-02-12;253.94
Vorarlberg;2023-02-13;258.82
Vorarlberg;2023-02-14;263.01
Vorarlberg;2023-02-15;266.3
Vorarlberg;2023-02-16;268.57
Vorarlberg;2023-02-17;270.05
Vorarlberg;2023-02-18;270.96
Vorarlberg;2023-02-19;271.68
Vorarlberg;2023-02-20;272.49
Vorarlberg;2023-02-21;273.7
Vorarlberg;2023-02-22;275.24
Vorarlberg;2023-02-23;276.9
Vorarlberg;2023-02-24;278.26
Vorarlberg;2023-02-25;278.9
Vorarlberg;2023-02-26;278.61
Vorarlberg;2023-02-27;276.98
Vorarlberg;2023-02-28;274.12
Vorarlberg;2023-03-01;270.18
Vorarlberg;2023-03-02;265.34
Vorarlberg;2023-03-03;259.89
Vorarlberg;2023-03-04;254.26
Vorarlberg;2023-03-05;248.79
Vorarlberg;2023-03-06;243.79
Vorarlberg;2023-03-07;239.39
Vorarlberg;2023-03-08;235.56
Vorarlberg;2023-03-09;232.05
Vorarlberg;2023-03-10;228.66
Vorarlberg;2023-03-11;225.03
Vorarlberg;2023-03-12;220.87
Vorarlberg;2023-03-13;216.0
Vorarlberg;2023-03-14;210.31
Vorarlberg;2023-03-15;203.84
Vorarlberg;2023-03-16;196.89
Vorarlberg;2023-03-17;189.67
Vorarlberg;2023-03-18;182.41
Vorarlberg;2023-03-19;175.23
Vorarlberg;2023-03-20;168.16
Vorarlberg;2023-03-21;161.14
Vorarlberg;2023-03-22;154.0
Vorarlberg;2023-03-23;146.62
Vorarlberg;2023-03-24;138.99
Vorarlberg;2023-03-25;131.36
Vorarlberg;2023-03-26;123.96
Vorarlberg;2023-03-27;117.02
Vorarlberg;2023-03-28;110.76
Vorarlberg;2023-03-29;105.14
Vorarlberg;2023-03-30;100.18
Vorarlberg;2023-03-31;95.75
Vorarlberg;2023-04-01;91.81
Vorarlberg;2023-04-02;88.32
Vorarlberg;2023-04-03;85.28
Vorarlberg;2023-04-04;82.65
Vorarlberg;2023-04-05;80.29
Vorarlberg;2023-04-06;78.05
Vorarlberg;2023-04-07;75.89
Vorarlberg;2023-04-08;73.7
Vorarlberg;2023-04-09;71.4
Vorarlberg;2023-04-10;69.09
Vorarlberg;2023-04-11;66.56
Vorarlberg;2023-04-12;63.83
Vorarlberg;2023-04-13;60.87
Vorarlberg;2023-04-14;57.83
Vorarlberg;2023-04-15;54.83
Vorarlberg;2023-04-16;52.01
Vorarlberg;2023-04-17;49.45
Vorarlberg;2023-04-18;47.19
Vorarlberg;2023-04-19;45.21
Vorarlberg;2023-04-20;43.43
Vorarlberg;2023-04-21;41.78
Vorarlberg;2023-04-22;40.23
Vorarlberg;2023-04-23;38.74
Vorarlberg;2023-04-24;37.35
Vorarlberg;2023-04-25;35.96
Vorarlberg;2023-04-26;34.56
Vorarlberg;2023-04-27;33.16
Vorarlberg;2023-04-28;31.73
Vorarlberg;2023-04-29;30.31
Vorarlberg;2023-04-30;28.88
Vorarlberg;2023-05-01;27.57
Vorarlberg;2023-05-02;26.41
Vorarlberg;2023-05-03;25.36
Vorarlberg;2023-05-04;24.52
Vorarlberg;2023-05-05;23.81
Vorarlberg;2023-05-06;23.23
Vorarlberg;2023-05-07;22.85
Vorarlberg;2023-05-08;22.62
Vorarlberg;2023-05-09;22.58
Vorarlberg;2023-05-10;22.6
Vorarlberg;2023-05-11;22.77
Vorarlberg;2023-05-12;23.0
Vorarlberg;2023-05-13;23.38
Vorarlberg;2023-05-14;23.77
Vorarlberg;2023-05-15;24.27
Vorarlberg;2023-05-16;24.83
Vorarlberg;2023-05-17;25.33
Vorarlberg;2023-05-18;25.81
Vorarlberg;2023-05-19;26.16
Vorarlberg;2023-05-20;26.4
Vorarlberg;2023-05-21;26.41
Vorarlberg;2023-05-22;26.1
Vorarlberg;2023-05-23;25.54
Vorarlberg;2023-05-24;24.76
Vorarlberg;2023-05-25;23.84
Vorarlberg;2023-05-26;22.83
Vorarlberg;2023-05-27;21.79
Vorarlberg;2023-05-28;20.66
Vorarlberg;2023-05-29;19.53
Vorarlberg;2023-05-30;18.41
Vorarlberg;2023-05-31;17.3
Vorarlberg;2023-06-01;16.2
Vorarlberg;2023-06-02;15.18
Vorarlberg;2023-06-03;14.18
Vorarlberg;2023-06-04;13.25
Vorarlberg;2023-06-05;12.37
Vorarlberg;2023-06-06;11.56
Vorarlberg;2023-06-07;10.83
Vorarlberg;2023-06-08;10.14
Vorarlberg;2023-06-09;9.48
Vorarlberg;2023-06-10;8.89
Vorarlberg;2023-06-11;8.34
Vorarlberg;2023-06-12;7.89
Vorarlberg;2023-06-13;7.46
Vorarlberg;2023-06-14;7.12
Vorarlberg;2023-06-15;6.78
Vorarlberg;2023-06-16;6.49
Vorarlberg;2023-06-17;6.21
Vorarlberg;2023-06-18;5.93
Vorarlberg;2023-06-19;5.67
Vorarlberg;2023-06-20;5.4
Vorarlberg;2023-06-21;5.12
Vorarlberg;2023-06-22;4.83
Vorarlberg;2023-06-23;4.61
Vorarlberg;2023-06-24;4.43
Vorarlberg;2023-06-25;4.22
Vorarlberg;2023-06-26;4.11
Vorarlberg;2023-06-27;4.05
Vorarlberg;2023-06-28;4.05
Vorarlberg;2023-06-29;4.1
Vorarlberg;2023-06-30;4.22
Vorarlberg;2023-07-01;4.37
Vorarlberg;2023-07-02;4.59
Vorarlberg;2023-07-03;4.83
Vorarlberg;2023-07-04;5.13
Vorarlberg;2023-07-05;5.41
Vorarlberg;2023-07-06;5.74
Vorarlberg;2023-07-07;6.11
Vorarlberg;2023-07-08;6.47
Vorarlberg;2023-07-09;6.84
Vorarlberg;2023-07-10;7.21
Vorarlberg;2023-07-11;7.5
Vorarlberg;2023-07-12;7.76
Vorarlberg;2023-07-13;7.94
Vorarlberg;2023-07-14;8.1
Vorarlberg;2023-07-15;8.24
Vorarlberg;2023-07-16;8.44
Vorarlberg;2023-07-17;8.69
Vorarlberg;2023-07-18;9.07
Vorarlberg;2023-07-19;9.55
Vorarlberg;2023-07-20;10.17
Vorarlberg;2023-07-21;10.85
Vorarlberg;2023-07-22;11.69
Vorarlberg;2023-07-23;12.65
Vorarlberg;2023-07-24;13.78
Vorarlberg;2023-07-25;15.1
Vorarlberg;2023-07-26;16.52
Vorarlberg;2023-07-27;18.07
Vorarlberg;2023-07-28;19.74
Vorarlberg;2023-07-29;21.55
Vorarlberg;2023-07-30;23.46
Vorarlberg;2023-07-31;25.53
Vorarlberg;2023-08-01;27.72
Vorarlberg;2023-08-02;29.95
Vorarlberg;2023-08-03;32.25
Vorarlberg;2023-08-04;34.55
Vorarlberg;2023-08-05;36.84
Vorarlberg;2023-08-06;39.11
Vorarlberg;2023-08-07;41.39
Vorarlberg;2023-08-08;43.56
Vorarlberg;2023-08-09;45.57
Vorarlberg;2023-08-10;47.34
Vorarlberg;2023-08-11;48.8
Vorarlberg;2023-08-12;49.93
Vorarlberg;2023-08-13;50.74
Vorarlberg;2023-08-14;51.16
Vorarlberg;2023-08-15;51.13
Vorarlberg;2023-08-16;50.75
Vorarlberg;2023-08-17;50.01
Vorarlberg;2023-08-18;49.04
Vorarlberg;2023-08-19;47.95
Vorarlberg;2023-08-20;46.84
Vorarlberg;2023-08-21;45.74
Vorarlberg;2023-08-22;44.74
Vorarlberg;2023-08-23;43.82
Vorarlberg;2023-08-24;43.08
Vorarlberg;2023-08-25;42.5
Vorarlberg;2023-08-26;42.19
Vorarlberg;2023-08-27;42.28
Vorarlberg;2023-08-28;42.84
Vorarlberg;2023-08-29;43.97
Vorarlberg;2023-08-30;45.72
Vorarlberg;2023-08-31;47.9
Vorarlberg;2023-09-01;50.47
Vorarlberg;2023-09-02;53.26
Vorarlberg;2023-09-03;56.22
Vorarlberg;2023-09-04;59.31
Vorarlberg;2023-09-05;62.42
Vorarlberg;2023-09-06;65.53
Vorarlberg;2023-09-07;68.55
Vorarlberg;2023-09-08;71.43
Vorarlberg;2023-09-09;74.01
Vorarlberg;2023-09-10;76.17
Vorarlberg;2023-09-11;77.85
Vorarlberg;2023-09-12;78.92
Vorarlberg;2023-09-13;79.48
Vorarlberg;2023-09-14;79.69
Vorarlberg;2023-09-15;79.78
Vorarlberg;2023-09-16;79.87
Vorarlberg;2023-09-17;80.16
Vorarlberg;2023-09-18;80.81
Vorarlberg;2023-09-19;81.95
Vorarlberg;2023-09-20;83.51
Vorarlberg;2023-09-21;85.53
Vorarlberg;2023-09-22;87.96
Vorarlberg;2023-09-23;90.66
Vorarlberg;2023-09-24;93.54
Vorarlberg;2023-09-25;96.47
Vorarlberg;2023-09-26;99.21
Vorarlberg;2023-09-27;101.5
Vorarlberg;2023-09-28;103.32
Vorarlberg;2023-09-29;104.71
Vorarlberg;2023-09-30;105.94
Vorarlberg;2023-10-01;107.22
Vorarlberg;2023-10-02;108.83
Vorarlberg;2023-10-03;110.74
Vorarlberg;2023-10-04;113.0
Vorarlberg;2023-10-05;115.44
Vorarlberg;2023-10-06;118.02
Vorarlberg;2023-10-07;120.56
Vorarlberg;2023-10-08;123.17
Vorarlberg;2023-10-09;125.76
Vorarlberg;2023-10-10;128.36
Vorarlberg;2023-10-11;131.01
Vorarlberg;2023-10-12;133.86
Vorarlberg;2023-10-13;136.92
Vorarlberg;2023-10-14;140.2
Vorarlberg;2023-10-15;143.75
Vorarlberg;2023-10-16;147.6
Vorarlberg;2023-10-17;151.68
Vorarlberg;2023-10-18;155.98
Vorarlberg;2023-10-19;160.47
Vorarlberg;2023-10-20;165.11
Vorarlberg;2023-10-21;169.89
Vorarlberg;2023-10-22;175.02
Vorarlberg;2023-10-23;180.51
Vorarlberg;2023-10-24;186.48
Vorarlberg;2023-10-25;192.92
Vorarlberg;2023-10-26;199.73
Vorarlberg;2023-10-27;206.93
Vorarlberg;2023-10-28;214.67
Vorarlberg;2023-10-29;223.2
Vorarlberg;2023-10-30;232.78
Vorarlberg;2023-10-31;243.45
Vorarlberg;2023-11-01;255.05
Vorarlberg;2023-11-02;267.38
Vorarlberg;2023-11-03;280.19
Vorarlberg;2023-11-04;293.23
Vorarlberg;2023-11-05;306.34
Vorarlberg;2023-11-06;319.36
Vorarlberg;2023-11-07;332.27
Vorarlberg;2023-11-08;345.05
Vorarlberg;2023-11-09;357.68
Vorarlberg;2023-11-10;370.15
Vorarlberg;2023-11-11;382.54
Vorarlberg;2023-11-12;394.87
Vorarlberg;2023-11-13;407.04
Vorarlberg;2023-11-14;419.14
Vorarlberg;2023-11-15;431.24
Vorarlberg;2023-11-16;443.46
Vorarlberg;2023-11-17;455.74
Vorarlberg;2023-11-18;467.93
Vorarlberg;2023-11-19;479.85
Vorarlberg;2023-11-20;491.24
Vorarlberg;2023-11-21;501.97
Vorarlberg;2023-11-22;511.94
Vorarlberg;2023-11-23;521.13
Vorarlberg;2023-11-24;529.56
Vorarlberg;2023-11-25;537.43
Vorarlberg;2023-11-26;544.64
Vorarlberg;2023-11-27;551.1
Vorarlberg;2023-11-28;556.57
Vorarlberg;2023-11-29;561.08
Vorarlberg;2023-11-30;564.89
Vorarlberg;2023-12-01;568.53
Vorarlberg;2023-12-02;572.66
Vorarlberg;2023-12-03;577.78
Vorarlberg;2023-12-04;584.36
Vorarlberg;2023-12-05;592.3
Vorarlberg;2023-12-06;601.36
Vorarlberg;2023-12-07;611.07
Vorarlberg;2023-12-08;621.08
Vorarlberg;2023-12-09;631.14
Vorarlberg;2023-12-10;641.19
Vorarlberg;2023-12-11;651.37
Vorarlberg;2023-12-12;661.96
Vorarlberg;2023-12-13;672.86
Vorarlberg;2023-12-14;683.51
Vorarlberg;2023-12-15;692.59
Vorarlberg;2023-12-16;698.51
Vorarlberg;2023-12-17;699.66
Vorarlberg;2023-12-18;695.1
Vorarlberg;2023-12-19;684.84
Vorarlberg;2023-12-20;669.19
Vorarlberg;2023-12-21;648.76
Vorarlberg;2023-12-22;624.36
Vorarlberg;2023-12-23;597.12
Vorarlberg;2023-12-24;568.12
Vorarlberg;2023-12-25;538.28
Vorarlberg;2023-12-26;508.41
Vorarlberg;2023-12-27;478.98
Vorarlberg;2023-12-28;450.29
Vorarlberg;2023-12-29;422.44
Vorarlberg;2023-12-30;395.59
Vorarlberg;2023-12-31;369.95
Vorarlberg;2024-01-01;345.89
Vorarlberg;2024-01-02;323.76
Vorarlberg;2024-01-03;303.7
Vorarlberg;2024-01-04;285.52
Vorarlberg;2024-01-05;268.93
Vorarlberg;2024-01-06;253.7
Vorarlberg;2024-01-07;239.67
Vorarlberg;2024-01-08;226.68
Vorarlberg;2024-01-09;214.61
Vorarlberg;2024-01-10;203.12
Vorarlberg;2024-01-11;192.17
Vorarlberg;2024-01-12;181.64
Vorarlberg;2024-01-13;171.64
Vorarlberg;2024-01-14;162.23
Vorarlberg;2024-01-15;153.48
Vorarlberg;2024-01-16;145.4
Vorarlberg;2024-01-17;138.04
Vorarlberg;2024-01-18;131.27
Vorarlberg;2024-01-19;124.96
Vorarlberg;2024-01-20;118.97
Vorarlberg;2024-01-21;113.25
Vorarlberg;2024-01-22;107.69
Vorarlberg;2024-01-23;102.29
Vorarlberg;2024-01-24;97.13
Vorarlberg;2024-01-25;92.13
Vorarlberg;2024-01-26;87.42
Vorarlberg;2024-01-27;83.03
Vorarlberg;2024-01-28;79.04
Vorarlberg;2024-01-29;75.65
Vorarlberg;2024-01-30;72.83
Vorarlberg;2024-01-31;70.57
Vorarlberg;2024-02-01;68.76
Vorarlberg;2024-02-02;67.23
Vorarlberg;2024-02-03;65.77
Vorarlberg;2024-02-04;64.17
Vorarlberg;2024-02-05;62.35
Vorarlberg;2024-02-06;60.29
Vorarlberg;2024-02-07;58.02
Vorarlberg;2024-02-08;55.59
Vorarlberg;2024-02-09;53.02
Vorarlberg;2024-02-10;50.44
Vorarlberg;2024-02-11;47.92
Vorarlberg;2024-02-12;45.5
Vorarlberg;2024-02-13;43.29
Vorarlberg;2024-02-14;41.19
Vorarlberg;2024-02-15;39.28
Vorarlberg;2024-02-16;37.46
Vorarlberg;2024-02-17;35.76
Vorarlberg;2024-02-18;34.05
Vorarlberg;2024-02-19;32.42
Vorarlberg;2024-02-20;30.83
Vorarlberg;2024-02-21;29.27
Vorarlberg;2024-02-22;27.74
Vorarlberg;2024-02-23;26.31
Vorarlberg;2024-02-24;24.87
Vorarlberg;2024-02-25;23.48
Vorarlberg;2024-02-26;22.09
Vorarlberg;2024-02-27;20.78
Vorarlberg;2024-02-28;19.47
Vorarlberg;2024-02-29;18.2
Vorarlberg;2024-03-01;16.97
Vorarlberg;2024-03-02;15.8
Vorarlberg;2024-03-03;14.74
Vorarlberg;2024-03-04;13.74
Vorarlberg;2024-03-05;12.91
Vorarlberg;2024-03-06;12.25
Vorarlberg;2024-03-07;11.7
Vorarlberg;2024-03-08;11.29
Vorarlberg;2024-03-09;10.96
Vorarlberg;2024-03-10;10.76
Vorarlberg;2024-03-11;10.64
Vorarlberg;2024-03-12;10.64
Vorarlberg;2024-03-13;10.65
Vorarlberg;2024-03-14;10.73
Vorarlberg;2024-03-15;10.77
Vorarlberg;2024-03-16;10.7
Vorarlberg;2024-03-17;10.54
Vorarlberg;2024-03-18;10.25
Vorarlberg;2024-03-19;9.86
Vorarlberg;2024-03-20;9.32
Vorarlberg;2024-03-21;8.78
Vorarlberg;2024-03-22;8.25
Vorarlberg;2024-03-23;7.73
Vorarlberg;2024-03-24;7.25
Vorarlberg;2024-03-25;6.85
Vorarlberg;2024-03-26;6.56
Vorarlberg;2024-03-27;6.36
Vorarlberg;2024-03-28;6.25
Vorarlberg;2024-03-29;6.2
Vorarlberg;2024-03-30;6.22
Vorarlberg;2024-03-31;6.25
Vorarlberg;2024-04-01;6.33
Vorarlberg;2024-04-02;6.42
Vorarlberg;2024-04-03;6.58
Vorarlberg;2024-04-04;6.81
Vorarlberg;2024-04-05;7.03
Vorarlberg;2024-04-06;7.32
Vorarlberg;2024-04-07;7.55
Vorarlberg;2024-04-08;7.83
Vorarlberg;2024-04-09;8.07
Vorarlberg;2024-04-10;8.27
Vorarlberg;2024-04-11;8.54
Vorarlberg;2024-04-12;8.78
Vorarlberg;2024-04-13;8.99
Vorarlberg;2024-04-14;9.22
Vorarlberg;2024-04-15;9.45
Vorarlberg;2024-04-16;9.69
Vorarlberg;2024-04-17;9.94
Vorarlberg;2024-04-18;10.23
Vorarlberg;2024-04-19;10.5
Vorarlberg;2024-04-20;10.8
Vorarlberg;2024-04-21;11.13
Vorarlberg;2024-04-22;11.52
Vorarlberg;2024-04-23;11.96
Vorarlberg;2024-04-24;12.5
Vorarlberg;2024-04-25;13.1
Vorarlberg;2024-04-26;13.8
Vorarlberg;2024-04-27;14.49
Vorarlberg;2024-04-28;15.2
Vorarlberg;2024-04-29;15.99
Vorarlberg;2024-04-30;16.77
Vorarlberg;2024-05-01;17.52
Vorarlberg;2024-05-02;18.23
Vorarlberg;2024-05-03;18.84
Vorarlberg;2024-05-04;19.3
Vorarlberg;2024-05-05;19.53
Vorarlberg;2024-05-06;19.63
Vorarlberg;2024-05-07;19.47
Vorarlberg;2024-05-08;19.26
Vorarlberg;2024-05-09;18.95
Vorarlberg;2024-05-10;18.64
Vorarlberg;2024-05-11;18.34
Vorarlberg;2024-05-12;18.07
Vorarlberg;2024-05-13;17.83
Vorarlberg;2024-05-14;17.64
Vorarlberg;2024-05-15;17.44
Vorarlberg;2024-05-16;17.26
Vorarlberg;2024-05-17;17.1
Vorarlberg;2024-05-18;16.95
Vorarlberg;2024-05-19;16.91
Vorarlberg;2024-05-20;16.87
Vorarlberg;2024-05-21;16.93
Vorarlberg;2024-05-22;17.09
Vorarlberg;2024-05-23;17.31
Vorarlberg;2024-05-24;17.57
Vorarlberg;2024-05-25;17.84
Vorarlberg;2024-05-26;18.09
Vorarlberg;2024-05-27;18.3
Vorarlberg;2024-05-28;18.55
Vorarlberg;2024-05-29;18.83
Vorarlberg;2024-05-30;19.18
Vorarlberg;2024-05-31;19.66
Vorarlberg;2024-06-01;20.23
Vorarlberg;2024-06-02;20.88
Vorarlberg;2024-06-03;21.65
Vorarlberg;2024-06-04;22.57
Vorarlberg;2024-06-05;23.56
Vorarlberg;2024-06-06;24.68
Vorarlberg;2024-06-07;25.91
Vorarlberg;2024-06-08;27.24
Vorarlberg;2024-06-09;28.75
Vorarlberg;2024-06-10;30.4
Vorarlberg;2024-06-11;32.29
Vorarlberg;2024-06-12;34.36
Vorarlberg;2024-06-13;36.63
Vorarlberg;2024-06-14;39.01
Vorarlberg;2024-06-15;41.58
Vorarlberg;2024-06-16;44.23
Vorarlberg;2024-06-17;47.05
Vorarlberg;2024-06-18;49.95
Vorarlberg;2024-06-19;52.97
Vorarlberg;2024-06-20;56.0
Vorarlberg;2024-06-21;59.04
Vorarlberg;2024-06-22;62.02
Vorarlberg;2024-06-23;64.84
Vorarlberg;2024-06-24;67.54
Vorarlberg;2024-06-25;70.07
Vorarlberg;2024-06-26;72.39
Vorarlberg;2024-06-27;74.52
Vorarlberg;2024-06-28;76.47
Vorarlberg;2024-06-29;78.22
Vorarlberg;2024-06-30;79.78
Vorarlberg;2024-07-01;81.19
Vorarlberg;2024-07-02;82.44
Vorarlberg;2024-07-03;83.7
Vorarlberg;2024-07-04;84.99
Vorarlberg;2024-07-05;86.37
Vorarlberg;2024-07-06;87.78
Vorarlberg;2024-07-07;89.2
Vorarlberg;2024-07-08;90.64
Vorarlberg;2024-07-09;92.1
Vorarlberg;2024-07-10;93.56
Vorarlberg;2024-07-11;94.99
Vorarlberg;2024-07-12;96.36
Vorarlberg;2024-07-13;97.67
Vorarlberg;2024-07-14;98.83
Vorarlberg;2024-07-15;99.89
Vorarlberg;2024-07-16;100.72
Vorarlberg;2024-07-17;101.31
Vorarlberg;2024-07-18;101.62
Vorarlberg;2024-07-19;101.62
Vorarlberg;2024-07-20;101.21
Vorarlberg;2024-07-21;100.44
Vorarlberg;2024-07-22;99.28
Vorarlberg;2024-07-23;97.96
Vorarlberg;2024-07-24;96.72
Vorarlberg;2024-07-25;95.61
Vorarlberg;2024-07-26;94.73
Vorarlberg;2024-07-27;94.17
Vorarlberg;2024-07-28;93.92
Vorarlberg;2024-07-29;94.15
Vorarlberg;2024-07-30;94.95
Vorarlberg;2024-07-31;96.41
Vorarlberg;2024-08-01;98.48
Vorarlberg;2024-08-02;101.0
Vorarlberg;2024-08-03;103.83
Vorarlberg;2024-08-04;106.87
Vorarlberg;2024-08-05;110.02
Vorarlberg;2024-08-06;113.19
Vorarlberg;2024-08-07;116.26
Vorarlberg;2024-08-08;119.15
Vorarlberg;2024-08-09;121.77
Vorarlberg;2024-08-10;124.04
Vorarlberg;2024-08-11;125.95
Vorarlberg;2024-08-12;127.5
Vorarlberg;2024-08-13;128.76
Vorarlberg;2024-08-14;129.88
Vorarlberg;2024-08-15;130.88
Vorarlberg;2024-08-16;131.7
Vorarlberg;2024-08-17;132.32
Vorarlberg;2024-08-18;132.71
Vorarlberg;2024-08-19;132.83
Vorarlberg;2024-08-20;132.71
Vorarlberg;2024-08-21;132.44
Vorarlberg;2024-08-22;132.04
Vorarlberg;2024-08-23;131.56
Vorarlberg;2024-08-24;131.0
Vorarlberg;2024-08-25;130.27
Vorarlberg;2024-08-26;129.43
Vorarlberg;2024-08-27;128.43
Vorarlberg;2024-08-28;127.4
Vorarlberg;2024-08-29;126.6
Vorarlberg;2024-08-30;126.14
Vorarlberg;2024-08-31;126.13
Vorarlberg;2024-09-01;126.76
Vorarlberg;2024-09-02;128.13
Vorarlberg;2024-09-03;130.45
Vorarlberg;2024-09-04;133.77
Vorarlberg;2024-09-05;138.07
Vorarlberg;2024-09-06;143.34
Vorarlberg;2024-09-07;149.52
Vorarlberg;2024-09-08;156.71
Vorarlberg;2024-09-09;165.01
Vorarlberg;2024-09-10;174.42
Vorarlberg;2024-09-11;184.91
Vorarlberg;2024-09-12;196.31
Vorarlberg;2024-09-13;208.41
Vorarlberg;2024-09-14;220.96
Vorarlberg;2024-09-15;233.66
Vorarlberg;2024-09-16;246.2
Vorarlberg;2024-09-17;258.37
Vorarlberg;2024-09-18;269.99
Vorarlberg;2024-09-19;281.12
Vorarlberg;2024-09-20;291.67
Vorarlberg;2024-09-21;301.63
Vorarlberg;2024-09-22;310.94
Vorarlberg;2024-09-23;319.33
Vorarlberg;2024-09-24;326.78
Vorarlberg;2024-09-25;333.22
Vorarlberg;2024-09-26;338.8
Vorarlberg;2024-09-27;343.52
Vorarlberg;2024-09-28;347.23
Vorarlberg;2024-09-29;349.74
Vorarlberg;2024-09-30;350.71
Vorarlberg;2024-10-01;349.93
Vorarlberg;2024-10-02;347.4
Vorarlberg;2024-10-03;343.38
Vorarlberg;2024-10-04;338.2
Vorarlberg;2024-10-05;332.19
Vorarlberg;2024-10-06;325.68
Vorarlberg;2024-10-07;318.92
Vorarlberg;2024-10-08;312.01
Vorarlberg;2024-10-09;305.02
Vorarlberg;2024-10-10;298.0
Vorarlberg;2024-10-11;290.97
Vorarlberg;2024-10-12;284.04
Vorarlberg;2024-10-13;277.28
Vorarlberg;2024-10-14;270.78
Vorarlberg;2024-10-15;264.47
Vorarlberg;2024-10-16;258.36
Vorarlberg;2024-10-17;252.28
Vorarlberg;2024-10-18;246.17
Vorarlberg;2024-10-19;239.83
Vorarlberg;2024-10-20;233.2
Vorarlberg;2024-10-21;226.23
Vorarlberg;2024-10-22;219.08
Vorarlberg;2024-10-23;211.83
Vorarlberg;2024-10-24;204.55
Vorarlberg;2024-10-25;197.31
Vorarlberg;2024-10-26;190.11
Vorarlberg;2024-10-27;182.94
Vorarlberg;2024-10-28;176.05
Vorarlberg;2024-10-29;169.43
Vorarlberg;2024-10-30;163.24
Vorarlberg;2024-10-31;157.4
Vorarlberg;2024-11-01;151.94
Vorarlberg;2024-11-02;146.65
Vorarlberg;2024-11-03;141.51
Vorarlberg;2024-11-04;136.34
Vorarlberg;2024-11-05;131.05
Vorarlberg;2024-11-06;125.66
Vorarlberg;2024-11-07;120.3
Vorarlberg;2024-11-08;115.14
Vorarlberg;2024-11-09;110.4
Vorarlberg;2024-11-10;106.26
Vorarlberg;2024-11-11;102.92
Vorarlberg;2024-11-12;100.43
Vorarlberg;2024-11-13;98.73
Vorarlberg;2024-11-14;97.75
Vorarlberg;2024-11-15;97.35
Vorarlberg;2024-11-16;97.48
Vorarlberg;2024-11-17;98.06
Vorarlberg;2024-11-18;99.14
Vorarlberg;2024-11-19;100.61
Vorarlberg;2024-11-20;102.44
Vorarlberg;2024-11-21;104.54
Vorarlberg;2024-11-22;106.92
Vorarlberg;2024-11-23;109.67
Vorarlberg;2024-11-24;112.83
Vorarlberg;2024-11-25;116.46
Vorarlberg;2024-11-26;120.72
Vorarlberg;2024-11-27;125.42
Vorarlberg;2024-11-28;130.47
Vorarlberg;2024-11-29;135.77
Vorarlberg;2024-11-30;141.13
Vorarlberg;2024-12-01;146.43
Vorarlberg;2024-12-02;151.52
Vorarlberg;2024-12-03;156.29
Vorarlberg;2024-12-04;160.56
Vorarlberg;2024-12-05;164.14
Vorarlberg;2024-12-06;166.92
Vorarlberg;2024-12-07;168.72
Vorarlberg;2024-12-08;169.37
Vorarlberg;2024-12-09;168.75
Vorarlberg;2024-12-10;166.81
Vorarlberg;2024-12-11;163.68
Vorarlberg;2024-12-12;159.55
Vorarlberg;2024-12-13;154.87
Vorarlberg;2024-12-14;149.89
Vorarlberg;2024-12-15;144.97
Vorarlberg;2024-12-16;140.28
Vorarlberg;2024-12-17;136.28
Vorarlberg;2024-12-18;132.94
Vorarlberg;2024-12-19;130.33
Vorarlberg;2024-12-20;128.34
Vorarlberg;2024-12-21;126.9
Vorarlberg;2024-12-22;126.01
Vorarlberg;2024-12-23;125.57
Vorarlberg;2024-12-24;125.42
Vorarlberg;2024-12-25;125.44
Vorarlberg;2024-12-26;125.29
Vorarlberg;2024-12-27;124.99
Vorarlberg;2024-12-28;124.2
Vorarlberg;2024-12-29;122.92
Vorarlberg;2024-12-30;121.02
Vorarlberg;2024-12-31;118.53
Vorarlberg;2025-01-01;115.42
Vorarlberg;2025-01-02;111.68
Vorarlberg;2025-01-03;107.45
Vorarlberg;2025-01-04;102.86
Vorarlberg;2025-01-05;98.1
Vorarlberg;2025-01-06;93.31
Vorarlberg;2025-01-07;88.61
Vorarlberg;2025-01-08;84.09
Vorarlberg;2025-01-09;79.84
Vorarlberg;2025-01-10;75.81
Vorarlberg;2025-01-11;72.04
Vorarlberg;2025-01-12;68.52
Vorarlberg;2025-01-13;65.32
Vorarlberg;2025-01-14;62.45
Vorarlberg;2025-01-15;59.85
Vorarlberg;2025-01-16;57.58
Vorarlberg;2025-01-17;55.5
Vorarlberg;2025-01-18;53.65
Vorarlberg;2025-01-19;51.96
Vorarlberg;2025-01-20;50.49
Vorarlberg;2025-01-21;49.19
Vorarlberg;2025-01-22;48.13
Vorarlberg;2025-01-23;47.2
Vorarlberg;2025-01-24;46.42
Vorarlberg;2025-01-25;45.72
Vorarlberg;2025-01-26;44.98
Vorarlberg;2025-01-27;44.2
Vorarlberg;2025-01-28;43.34
Vorarlberg;2025-01-29;42.33
Vorarlberg;2025-01-30;41.25
Vorarlberg;2025-01-31;40.17
Vorarlberg;2025-02-01;39.12
Vorarlberg;2025-02-02;38.11
Vorarlberg;2025-02-03;37.25
Vorarlberg;2025-02-04;36.45
Vorarlberg;2025-02-05;35.65
Vorarlberg;2025-02-06;34.89
Vorarlberg;2025-02-07;34.02
Vorarlberg;2025-02-08;33.12
Vorarlberg;2025-02-09;32.2
Vorarlberg;2025-02-10;31.32
Vorarlberg;2025-02-11;30.55
Vorarlberg;2025-02-12;29.86
Vorarlberg;2025-02-13;29.28
Vorarlberg;2025-02-14;28.72
Vorarlberg;2025-02-15;28.24
Vorarlberg;2025-02-16;27.72
Vorarlberg;2025-02-17;27.21
Vorarlberg;2025-02-18;26.68
Vorarlberg;2025-02-19;26.18
Vorarlberg;2025-02-20;25.72
Vorarlberg;2025-02-21;25.26
Vorarlberg;2025-02-22;24.77
Vorarlberg;2025-02-23;24.14
Vorarlberg;2025-02-24;23.4
Vorarlberg;2025-02-25;22.58
Vorarlberg;2025-02-26;21.74
Vorarlberg;2025-02-27;20.95
Vorarlberg;2025-02-28;20.18
Vorarlberg;2025-03-01;19.49
Vorarlberg;2025-03-02;18.84
Vorarlberg;2025-03-03;18.29
Vorarlberg;2025-03-04;17.78
Vorarlberg;2025-03-05;17.45
Vorarlberg;2025-03-06;17.2
Vorarlberg;2025-03-07;17.04
Vorarlberg;2025-03-08;16.87
Vorarlberg;2025-03-09;16.67
Vorarlberg;2025-03-10;16.45
Vorarlberg;2025-03-11;16.12
Vorarlberg;2025-03-12;15.78
Vorarlberg;2025-03-13;15.35
Vorarlberg;2025-03-14;14.89
Vorarlberg;2025-03-15;14.36
Vorarlberg;2025-03-16;13.83
Vorarlberg;2025-03-17;13.24
Vorarlberg;2025-03-18;12.71
Vorarlberg;2025-03-19;12.17
Vorarlberg;2025-03-20;11.7
Vorarlberg;2025-03-21;11.23
Vorarlberg;2025-03-22;10.76
Vorarlberg;2025-03-23;10.3
Vorarlberg;2025-03-24;9.8
Vorarlberg;2025-03-25;9.27
Vorarlberg;2025-03-26;8.75
Vorarlberg;2025-03-27;8.23
Vorarlberg;2025-03-28;7.77
Vorarlberg;2025-03-29;7.38
Vorarlberg;2025-03-30;7.05
Vorarlberg;2025-03-31;6.76
Vorarlberg;2025-04-01;6.58
Tirol;2022-09-01;78.65
Tirol;2022-09-02;78.4
Tirol;2022-09-03;78.44
Tirol;2022-09-04;78.94
Tirol;2022-09-05;80.03
Tirol;2022-09-06;81.79
Tirol;2022-09-07;84.11
Tirol;2022-09-08;86.92
Tirol;2022-09-09;90.02
Tirol;2022-09-10;93.31
Tirol;2022-09-11;96.72
Tirol;2022-09-12;100.24
Tirol;2022-09-13;103.83
Tirol;2022-09-14;107.68
Tirol;2022-09-15;111.76
Tirol;2022-09-16;116.17
Tirol;2022-09-17;121.1
Tirol;2022-09-18;126.59
Tirol;2022-09-19;132.79
Tirol;2022-09-20;139.67
Tirol;2022-09-21;147.16
Tirol;2022-09-22;155.21
Tirol;2022-09-23;163.39
Tirol;2022-09-24;171.52
Tirol;2022-09-25;179.4
Tirol;2022-09-26;186.89
Tirol;2022-09-27;193.92
Tirol;2022-09-28;200.56
Tirol;2022-09-29;206.64
Tirol;2022-09-30;212.09
Tirol;2022-10-01;216.69
Tirol;2022-10-02;220.21
Tirol;2022-10-03;222.47
Tirol;2022-10-04;223.49
Tirol;2022-10-05;223.48
Tirol;2022-10-06;222.6
Tirol;2022-10-07;221.13
Tirol;2022-10-08;219.11
Tirol;2022-10-09;216.55
Tirol;2022-10-10;213.48
Tirol;2022-10-11;209.86
Tirol;2022-10-12;205.7
Tirol;2022-10-13;200.9
Tirol;2022-10-14;195.54
Tirol;2022-10-15;189.29
Tirol;2022-10-16;182.16
Tirol;2022-10-17;174.0
Tirol;2022-10-18;165.1
Tirol;2022-10-19;155.65
Tirol;2022-10-20;146.02
Tirol;2022-10-21;136.49
Tirol;2022-10-22;127.22
Tirol;2022-10-23;118.55
Tirol;2022-10-24;110.61
Tirol;2022-10-25;103.42
Tirol;2022-10-26;96.96
Tirol;2022-10-27;91.14
Tirol;2022-10-28;85.98
Tirol;2022-10-29;81.32
Tirol;2022-10-30;77.3
Tirol;2022-10-31;73.92
Tirol;2022-11-01;71.23
Tirol;2022-11-02;69.19
Tirol;2022-11-03;67.72
Tirol;2022-11-04;66.66
Tirol;2022-11-05;66.13
Tirol;2022-11-06;66.09
Tirol;2022-11-07;66.51
Tirol;2022-11-08;67.5
Tirol;2022-11-09;68.93
Tirol;2022-11-10;70.67
Tirol;2022-11-11;72.78
Tirol;2022-11-12;75.12
Tirol;2022-11-13;77.64
Tirol;2022-11-14;80.38
Tirol;2022-11-15;83.29
Tirol;2022-11-16;86.29
Tirol;2022-11-17;89.3
Tirol;2022-11-18;92.4
Tirol;2022-11-19;95.47
Tirol;2022-11-20;98.66
Tirol;2022-11-21;101.93
Tirol;2022-11-22;105.29
Tirol;2022-11-23;108.8
Tirol;2022-11-24;112.48
Tirol;2022-11-25;116.18
Tirol;2022-11-26;119.85
Tirol;2022-11-27;123.45
Tirol;2022-11-28;126.97
Tirol;2022-11-29;130.59
Tirol;2022-11-30;134.33
Tirol;2022-12-01;138.13
Tirol;2022-12-02;141.78
Tirol;2022-12-03;144.98
Tirol;2022-12-04;149.12
Tirol;2022-12-05;150.15
Tirol;2022-12-06;151.07
Tirol;2022-12-07;151.39
Tirol;2022-12-08;151.34
Tirol;2022-12-09;151.08
Tirol;2022-12-10;150.79
Tirol;2022-12-11;150.59
Tirol;2022-12-12;150.64
Tirol;2022-12-13;150.89
Tirol;2022-12-14;151.19
Tirol;2022-12-15;151.53
Tirol;2022-12-16;151.85
Tirol;2022-12-17;152.09
Tirol;2022-12-18;152.2
Tirol;2022-12-19;152.22
Tirol;2022-12-20;152.19
Tirol;2022-12-21;152.16
Tirol;2022-12-22;152.09
Tirol;2022-12-23;151.96
Tirol;2022-12-24;151.72
Tirol;2022-12-25;151.26
Tirol;2022-12-26;150.45
Tirol;2022-12-27;149.15
Tirol;2022-12-28;147.4
Tirol;2022-12-29;145.17
Tirol;2022-12-30;142.44
Tirol;2022-12-31;139.31
Tirol;2023-01-01;135.74
Tirol;2023-01-02;131.83
Tirol;2023-01-03;127.68
Tirol;2023-01-04;123.51
Tirol;2023-01-05;119.44
Tirol;2023-01-06;115.59
Tirol;2023-01-07;112.14
Tirol;2023-01-08;109.15
Tirol;2023-01-09;106.69
Tirol;2023-01-10;104.93
Tirol;2023-01-11;103.8
Tirol;2023-01-12;103.17
Tirol;2023-01-13;102.99
Tirol;2023-01-14;103.25
Tirol;2023-01-15;103.84
Tirol;2023-01-16;104.93
Tirol;2023-01-17;106.54
Tirol;2023-01-18;108.73
Tirol;2023-01-19;111.46
Tirol;2023-01-20;114.79
Tirol;2023-01-21;118.74
Tirol;2023-01-22;123.38
Tirol;2023-01-23;128.81
Tirol;2023-01-24;135.04
Tirol;2023-01-25;141.97
Tirol;2023-01-26;149.37
Tirol;2023-01-27;157.09
Tirol;2023-01-28;164.92
Tirol;2023-01-29;172.67
Tirol;2023-01-30;180.28
Tirol;2023-01-31;187.77
Tirol;2023-02-01;195.15
Tirol;2023-02-02;202.48
Tirol;2023-02-03;209.8
Tirol;2023-02-04;217.17
Tirol;2023-02-05;224.57
Tirol;2023-02-06;232.02
Tirol;2023-02-07;239.55
Tirol;2023-02-08;247.21
Tirol;2023-02-09;254.84
Tirol;2023-02-10;262.43
Tirol;2023-02-11;269.64
Tirol;2023-02-12;276.23
Tirol;2023-02-13;281.98
Tirol;2023-02-14;286.55
Tirol;2023-02-15;289.77
Tirol;2023-02-16;291.47
Tirol;2023-02-17;292.03
Tirol;2023-02-18;291.72
Tirol;2023-02-19;290.97
Tirol;2023-02-20;290.14
Tirol;2023-02-21;289.35
Tirol;2023-02-22;288.68
Tirol;2023-02-23;288.03
Tirol;2023-02-24;287.21
Tirol;2023-02-25;285.94
Tirol;2023-02-26;284.06
Tirol;2023-02-27;281.38
Tirol;2023-02-28;277.96
Tirol;2023-03-01;273.9
Tirol;2023-03-02;269.33
Tirol;2023-03-03;264.24
Tirol;2023-03-04;258.62
Tirol;2023-03-05;252.33
Tirol;2023-03-06;245.31
Tirol;2023-03-07;237.75
Tirol;2023-03-08;229.75
Tirol;2023-03-09;221.46
Tirol;2023-03-10;212.98
Tirol;2023-03-11;204.43
Tirol;2023-03-12;195.89
Tirol;2023-03-13;187.64
Tirol;2023-03-14;179.71
Tirol;2023-03-15;172.35
Tirol;2023-03-16;165.51
Tirol;2023-03-17;159.09
Tirol;2023-03-18;152.93
Tirol;2023-03-19;147.13
Tirol;2023-03-20;141.6
Tirol;2023-03-21;136.52
Tirol;2023-03-22;131.97
Tirol;2023-03-23;127.91
Tirol;2023-03-24;124.03
Tirol;2023-03-25;120.19
Tirol;2023-03-26;116.19
Tirol;2023-03-27;112.06
Tirol;2023-03-28;107.89
Tirol;2023-03-29;103.79
Tirol;2023-03-30;99.83
Tirol;2023-03-31;96.07
Tirol;2023-04-01;92.54
Tirol;2023-04-02;89.29
Tirol;2023-04-03;86.27
Tirol;2023-04-04;83.51
Tirol;2023-04-05;80.86
Tirol;2023-04-06;78.3
Tirol;2023-04-07;75.79
Tirol;2023-04-08;73.31
Tirol;2023-04-09;70.96
Tirol;2023-04-10;68.76
Tirol;2023-04-11;66.66
Tirol;2023-04-12;64.85
Tirol;2023-04-13;63.14
Tirol;2023-04-14;61.6
Tirol;2023-04-15;60.21
Tirol;2023-04-16;58.91
Tirol;2023-04-17;57.65
Tirol;2023-04-18;56.52
Tirol;2023-04-19;55.33
Tirol;2023-04-20;54.23
Tirol;2023-04-21;53.11
Tirol;2023-04-22;52.02
Tirol;2023-04-23;50.83
Tirol;2023-04-24;49.65
Tirol;2023-04-25;48.33
Tirol;2023-04-26;46.93
Tirol;2023-04-27;45.42
Tirol;2023-04-28;43.75
Tirol;2023-04-29;41.97
Tirol;2023-04-30;40.14
Tirol;2023-05-01;38.28
Tirol;2023-05-02;36.37
Tirol;2023-05-03;34.48
Tirol;2023-05-04;32.71
Tirol;2023-05-05;31.04
Tirol;2023-05-06;29.53
Tirol;2023-05-07;28.21
Tirol;2023-05-08;27.18
Tirol;2023-05-09;26.47
Tirol;2023-05-10;26.13
Tirol;2023-05-11;26.19
Tirol;2023-05-12;26.47
Tirol;2023-05-13;26.97
Tirol;2023-05-14;27.62
Tirol;2023-05-15;28.27
Tirol;2023-05-16;28.94
Tirol;2023-05-17;29.45
Tirol;2023-05-18;29.93
Tirol;2023-05-19;30.24
Tirol;2023-05-20;30.36
Tirol;2023-05-21;30.29
Tirol;2023-05-22;29.98
Tirol;2023-05-23;29.41
Tirol;2023-05-24;28.58
Tirol;2023-05-25;27.56
Tirol;2023-05-26;26.37
Tirol;2023-05-27;25.09
Tirol;2023-05-28;23.79
Tirol;2023-05-29;22.52
Tirol;2023-05-30;21.27
Tirol;2023-05-31;20.11
Tirol;2023-06-01;19.04
Tirol;2023-06-02;18.06
Tirol;2023-06-03;17.19
Tirol;2023-06-04;16.4
Tirol;2023-06-05;15.75
Tirol;2023-06-06;15.16
Tirol;2023-06-07;14.7
Tirol;2023-06-08;14.32
Tirol;2023-06-09;14.02
Tirol;2023-06-10;13.73
Tirol;2023-06-11;13.52
Tirol;2023-06-12;13.29
Tirol;2023-06-13;13.19
Tirol;2023-06-14;13.08
Tirol;2023-06-15;13.04
Tirol;2023-06-16;13.0
Tirol;2023-06-17;12.86
Tirol;2023-06-18;12.75
Tirol;2023-06-19;12.52
Tirol;2023-06-20;12.26
Tirol;2023-06-21;11.96
Tirol;2023-06-22;11.66
Tirol;2023-06-23;11.35
Tirol;2023-06-24;11.12
Tirol;2023-06-25;10.89
Tirol;2023-06-26;10.7
Tirol;2023-06-27;10.62
Tirol;2023-06-28;10.58
Tirol;2023-06-29;10.61
Tirol;2023-06-30;10.66
Tirol;2023-07-01;10.7
Tirol;2023-07-02;10.74
Tirol;2023-07-03;10.75
Tirol;2023-07-04;10.79
Tirol;2023-07-05;10.77
Tirol;2023-07-06;10.79
Tirol;2023-07-07;10.77
Tirol;2023-07-08;10.77
Tirol;2023-07-09;10.77
Tirol;2023-07-10;10.86
Tirol;2023-07-11;10.98
Tirol;2023-07-12;11.22
Tirol;2023-07-13;11.56
Tirol;2023-07-14;11.99
Tirol;2023-07-15;12.5
Tirol;2023-07-16;13.04
Tirol;2023-07-17;13.61
Tirol;2023-07-18;14.2
Tirol;2023-07-19;14.88
Tirol;2023-07-20;15.53
Tirol;2023-07-21;16.31
Tirol;2023-07-22;17.12
Tirol;2023-07-23;17.96
Tirol;2023-07-24;18.95
Tirol;2023-07-25;20.0
Tirol;2023-07-26;21.19
Tirol;2023-07-27;22.44
Tirol;2023-07-28;23.67
Tirol;2023-07-29;24.93
Tirol;2023-07-30;26.03
Tirol;2023-07-31;26.96
Tirol;2023-08-01;27.81
Tirol;2023-08-02;28.61
Tirol;2023-08-03;29.36
Tirol;2023-08-04;30.18
Tirol;2023-08-05;31.09
Tirol;2023-08-06;32.07
Tirol;2023-08-07;33.13
Tirol;2023-08-08;34.26
Tirol;2023-08-09;35.38
Tirol;2023-08-10;36.53
Tirol;2023-08-11;37.65
Tirol;2023-08-12;38.64
Tirol;2023-08-13;39.65
Tirol;2023-08-14;40.51
Tirol;2023-08-15;41.26
Tirol;2023-08-16;41.84
Tirol;2023-08-17;42.31
Tirol;2023-08-18;42.67
Tirol;2023-08-19;42.93
Tirol;2023-08-20;43.17
Tirol;2023-08-21;43.41
Tirol;2023-08-22;43.74
Tirol;2023-08-23;44.18
Tirol;2023-08-24;44.71
Tirol;2023-08-25;45.38
Tirol;2023-08-26;46.31
Tirol;2023-08-27;47.64
Tirol;2023-08-28;49.36
Tirol;2023-08-29;51.64
Tirol;2023-08-30;54.33
Tirol;2023-08-31;57.31
Tirol;2023-09-01;60.48
Tirol;2023-09-02;63.67
Tirol;2023-09-03;66.81
Tirol;2023-09-04;69.78
Tirol;2023-09-05;72.53
Tirol;2023-09-06;74.96
Tirol;2023-09-07;77.03
Tirol;2023-09-08;78.97
Tirol;2023-09-09;80.7
Tirol;2023-09-10;82.39
Tirol;2023-09-11;84.09
Tirol;2023-09-12;85.77
Tirol;2023-09-13;87.29
Tirol;2023-09-14;88.64
Tirol;2023-09-15;89.89
Tirol;2023-09-16;91.2
Tirol;2023-09-17;92.76
Tirol;2023-09-18;94.78
Tirol;2023-09-19;97.18
Tirol;2023-09-20;99.96
Tirol;2023-09-21;102.83
Tirol;2023-09-22;105.75
Tirol;2023-09-23;108.77
Tirol;2023-09-24;111.9
Tirol;2023-09-25;115.29
Tirol;2023-09-26;119.1
Tirol;2023-09-27;123.37
Tirol;2023-09-28;128.11
Tirol;2023-09-29;133.15
Tirol;2023-09-30;138.35
Tirol;2023-10-01;143.47
Tirol;2023-10-02;148.1
Tirol;2023-10-03;151.89
Tirol;2023-10-04;154.42
Tirol;2023-10-05;155.36
Tirol;2023-10-06;155.07
Tirol;2023-10-07;154.06
Tirol;2023-10-08;152.9
Tirol;2023-10-09;152.16
Tirol;2023-10-10;152.09
Tirol;2023-10-11;152.62
Tirol;2023-10-12;153.68
Tirol;2023-10-13;154.98
Tirol;2023-10-14;156.44
Tirol;2023-10-15;158.09
Tirol;2023-10-16;159.85
Tirol;2023-10-17;161.67
Tirol;2023-10-18;163.4
Tirol;2023-10-19;165.08
Tirol;2023-10-20;166.58
Tirol;2023-10-21;168.07
Tirol;2023-10-22;169.52
Tirol;2023-10-23;171.01
Tirol;2023-10-24;172.66
Tirol;2023-10-25;174.44
Tirol;2023-10-26;176.44
Tirol;2023-10-27;178.63
Tirol;2023-10-28;181.17
Tirol;2023-10-29;184.09
Tirol;2023-10-30;187.58
Tirol;2023-10-31;191.62
Tirol;2023-11-01;196.23
Tirol;2023-11-02;201.11
Tirol;2023-11-03;206.36
Tirol;2023-11-04;211.81
Tirol;2023-11-05;217.6
Tirol;2023-11-06;223.67
Tirol;2023-11-07;230.18
Tirol;2023-11-08;237.03
Tirol;2023-11-09;244.41
Tirol;2023-11-10;252.27
Tirol;2023-11-11;260.93
Tirol;2023-11-12;270.47
Tirol;2023-11-13;281.25
Tirol;2023-11-14;293.57
Tirol;2023-11-15;307.31
Tirol;2023-11-16;322.31
Tirol;2023-11-17;338.2
Tirol;2023-11-18;354.5
Tirol;2023-11-19;370.78
Tirol;2023-11-20;386.61
Tirol;2023-11-21;401.36
Tirol;2023-11-22;414.52
Tirol;2023-11-23;425.7
Tirol;2023-11-24;435.25
Tirol;2023-11-25;443.68
Tirol;2023-11-26;451.68
Tirol;2023-11-27;459.63
Tirol;2023-11-28;467.51
Tirol;2023-11-29;474.75
Tirol;2023-11-30;480.86
Tirol;2023-12-01;485.69
Tirol;2023-12-02;489.49
Tirol;2023-12-03;492.54
Tirol;2023-12-04;495.14
Tirol;2023-12-05;497.55
Tirol;2023-12-06;500.05
Tirol;2023-12-07;502.87
Tirol;2023-12-08;506.02
Tirol;2023-12-09;509.36
Tirol;2023-12-10;512.78
Tirol;2023-12-11;516.01
Tirol;2023-12-12;518.74
Tirol;2023-12-13;520.29
Tirol;2023-12-14;520.24
Tirol;2023-12-15;518.43
Tirol;2023-12-16;515.12
Tirol;2023-12-17;510.31
Tirol;2023-12-18;504.06
Tirol;2023-12-19;496.55
Tirol;2023-12-20;487.93
Tirol;2023-12-21;478.38
Tirol;2023-12-22;468.16
Tirol;2023-12-23;457.33
Tirol;2023-12-24;445.93
Tirol;2023-12-25;433.9
Tirol;2023-12-26;421.09
Tirol;2023-12-27;407.4
Tirol;2023-12-28;392.74
Tirol;2023-12-29;377.42
Tirol;2023-12-30;361.59
Tirol;2023-12-31;345.56
Tirol;2024-01-01;329.67
Tirol;2024-01-02;313.96
Tirol;2024-01-03;298.6
Tirol;2024-01-04;283.63
Tirol;2024-01-05;269.0
Tirol;2024-01-06;254.82
Tirol;2024-01-07;241.03
Tirol;2024-01-08;227.88
Tirol;2024-01-09;215.32
Tirol;2024-01-10;203.48
Tirol;2024-01-11;192.35
Tirol;2024-01-12;181.92
Tirol;2024-01-13;172.02
Tirol;2024-01-14;162.71
Tirol;2024-01-15;154.01
Tirol;2024-01-16;145.92
Tirol;2024-01-17;138.29
Tirol;2024-01-18;131.12
Tirol;2024-01-19;124.29
Tirol;2024-01-20;117.76
Tirol;2024-01-21;111.67
Tirol;2024-01-22;106.01
Tirol;2024-01-23;100.93
Tirol;2024-01-24;96.41
Tirol;2024-01-25;92.38
Tirol;2024-01-26;88.73
Tirol;2024-01-27;85.21
Tirol;2024-01-28;81.76
Tirol;2024-01-29;78.2
Tirol;2024-01-30;74.59
Tirol;2024-01-31;70.85
Tirol;2024-02-01;67.16
Tirol;2024-02-02;63.47
Tirol;2024-02-03;59.89
Tirol;2024-02-04;56.37
Tirol;2024-02-05;53.06
Tirol;2024-02-06;49.89
Tirol;2024-02-07;46.93
Tirol;2024-02-08;44.17
Tirol;2024-02-09;41.67
Tirol;2024-02-10;39.38
Tirol;2024-02-11;37.31
Tirol;2024-02-12;35.4
Tirol;2024-02-13;33.74
Tirol;2024-02-14;32.28
Tirol;2024-02-15;30.98
Tirol;2024-02-16;29.8
Tirol;2024-02-17;28.71
Tirol;2024-02-18;27.8
Tirol;2024-02-19;27.0
Tirol;2024-02-20;26.35
Tirol;2024-02-21;25.89
Tirol;2024-02-22;25.58
Tirol;2024-02-23;25.4
Tirol;2024-02-24;25.29
Tirol;2024-02-25;25.17
Tirol;2024-02-26;25.07
Tirol;2024-02-27;24.87
Tirol;2024-02-28;24.59
Tirol;2024-02-29;24.18
Tirol;2024-03-01;23.68
Tirol;2024-03-02;23.11
Tirol;2024-03-03;22.49
Tirol;2024-03-04;21.82
Tirol;2024-03-05;21.08
Tirol;2024-03-06;20.25
Tirol;2024-03-07;19.29
Tirol;2024-03-08;18.29
Tirol;2024-03-09;17.21
Tirol;2024-03-10;16.22
Tirol;2024-03-11;15.22
Tirol;2024-03-12;14.28
Tirol;2024-03-13;13.5
Tirol;2024-03-14;12.73
Tirol;2024-03-15;12.08
Tirol;2024-03-16;11.43
Tirol;2024-03-17;10.82
Tirol;2024-03-18;10.33
Tirol;2024-03-19;9.88
Tirol;2024-03-20;9.57
Tirol;2024-03-21;9.32
Tirol;2024-03-22;9.1
Tirol;2024-03-23;8.96
Tirol;2024-03-24;8.85
Tirol;2024-03-25;8.82
Tirol;2024-03-26;8.82
Tirol;2024-03-27;8.85
Tirol;2024-03-28;8.89
Tirol;2024-03-29;8.91
Tirol;2024-03-30;8.92
Tirol;2024-03-31;8.96
Tirol;2024-04-01;8.98
Tirol;2024-04-02;8.97
Tirol;2024-04-03;8.93
Tirol;2024-04-04;8.85
Tirol;2024-04-05;8.82
Tirol;2024-04-06;8.73
Tirol;2024-04-07;8.66
Tirol;2024-04-08;8.63
Tirol;2024-04-09;8.69
Tirol;2024-04-10;8.83
Tirol;2024-04-11;8.96
Tirol;2024-04-12;9.24
Tirol;2024-04-13;9.51
Tirol;2024-04-14;9.83
Tirol;2024-04-15;10.25
Tirol;2024-04-16;10.72
Tirol;2024-04-17;11.27
Tirol;2024-04-18;11.84
Tirol;2024-04-19;12.46
Tirol;2024-04-20;13.15
Tirol;2024-04-21;13.87
Tirol;2024-04-22;14.7
Tirol;2024-04-23;15.62
Tirol;2024-04-24;16.65
Tirol;2024-04-25;17.71
Tirol;2024-04-26;18.84
Tirol;2024-04-27;19.91
Tirol;2024-04-28;20.88
Tirol;2024-04-29;21.72
Tirol;2024-04-30;22.36
Tirol;2024-05-01;22.88
Tirol;2024-05-02;23.19
Tirol;2024-05-03;23.41
Tirol;2024-05-04;23.59
Tirol;2024-05-05;23.79
Tirol;2024-05-06;24.15
Tirol;2024-05-07;24.62
Tirol;2024-05-08;25.16
Tirol;2024-05-09;25.84
Tirol;2024-05-10;26.51
Tirol;2024-05-11;27.16
Tirol;2024-05-12;27.76
Tirol;2024-05-13;28.21
Tirol;2024-05-14;28.52
Tirol;2024-05-15;28.65
Tirol;2024-05-16;28.52
Tirol;2024-05-17;28.28
Tirol;2024-05-18;28.0
Tirol;2024-05-19;27.73
Tirol;2024-05-20;27.52
Tirol;2024-05-21;27.47
Tirol;2024-05-22;27.6
Tirol;2024-05-23;27.94
Tirol;2024-05-24;28.4
Tirol;2024-05-25;29.07
Tirol;2024-05-26;29.89
Tirol;2024-05-27;30.83
Tirol;2024-05-28;31.88
Tirol;2024-05-29;33.09
Tirol;2024-05-30;34.38
Tirol;2024-05-31;35.76
Tirol;2024-06-01;37.2
Tirol;2024-06-02;38.78
Tirol;2024-06-03;40.39
Tirol;2024-06-04;42.11
Tirol;2024-06-05;43.8
Tirol;2024-06-06;45.58
Tirol;2024-06-07;47.32
Tirol;2024-06-08;49.14
Tirol;2024-06-09;51.14
Tirol;2024-06-10;53.31
Tirol;2024-06-11;55.79
Tirol;2024-06-12;58.49
Tirol;2024-06-13;61.48
Tirol;2024-06-14;64.62
Tirol;2024-06-15;67.79
Tirol;2024-06-16;70.92
Tirol;2024-06-17;73.89
Tirol;2024-06-18;76.6
Tirol;2024-06-19;79.01
Tirol;2024-06-20;81.16
Tirol;2024-06-21;83.09
Tirol;2024-06-22;84.83
Tirol;2024-06-23;86.5
Tirol;2024-06-24;88.11
Tirol;2024-06-25;89.76
Tirol;2024-06-26;91.47
Tirol;2024-06-27;93.22
Tirol;2024-06-28;95.11
Tirol;2024-06-29;97.07
Tirol;2024-06-30;99.13
Tirol;2024-07-01;101.19
Tirol;2024-07-02;103.17
Tirol;2024-07-03;104.92
Tirol;2024-07-04;106.25
Tirol;2024-07-05;107.25
Tirol;2024-07-06;108.04
Tirol;2024-07-07;108.84
Tirol;2024-07-08;109.78
Tirol;2024-07-09;111.01
Tirol;2024-07-10;112.37
Tirol;2024-07-11;113.85
Tirol;2024-07-12;115.31
Tirol;2024-07-13;116.72
Tirol;2024-07-14;117.94
Tirol;2024-07-15;118.97
Tirol;2024-07-16;119.53
Tirol;2024-07-17;119.35
Tirol;2024-07-18;118.25
Tirol;2024-07-19;116.32
Tirol;2024-07-20;113.87
Tirol;2024-07-21;111.2
Tirol;2024-07-22;108.52
Tirol;2024-07-23;106.14
Tirol;2024-07-24;104.07
Tirol;2024-07-25;102.34
Tirol;2024-07-26;100.9
Tirol;2024-07-27;99.7
Tirol;2024-07-28;98.68
Tirol;2024-07-29;97.77
Tirol;2024-07-30;96.96
Tirol;2024-07-31;96.32
Tirol;2024-08-01;95.82
Tirol;2024-08-02;95.41
Tirol;2024-08-03;95.1
Tirol;2024-08-04;94.87
Tirol;2024-08-05;94.65
Tirol;2024-08-06;94.53
Tirol;2024-08-07;94.49
Tirol;2024-08-08;94.45
Tirol;2024-08-09;94.59
Tirol;2024-08-10;94.82
Tirol;2024-08-11;95.27
Tirol;2024-08-12;96.1
Tirol;2024-08-13;97.28
Tirol;2024-08-14;98.78
Tirol;2024-08-15;100.6
Tirol;2024-08-16;102.52
Tirol;2024-08-17;104.62
Tirol;2024-08-18;106.75
Tirol;2024-08-19;109.03
Tirol;2024-08-20;111.38
Tirol;2024-08-21;113.91
Tirol;2024-08-22;116.65
Tirol;2024-08-23;119.52
Tirol;2024-08-24;122.45
Tirol;2024-08-25;125.29
Tirol;2024-08-26;127.97
Tirol;2024-08-27;130.41
Tirol;2024-08-28;132.44
Tirol;2024-08-29;134.13
Tirol;2024-08-30;135.51
Tirol;2024-08-31;136.79
Tirol;2024-09-01;138.1
Tirol;2024-09-02;139.56
Tirol;2024-09-03;141.3
Tirol;2024-09-04;143.38
Tirol;2024-09-05;145.87
Tirol;2024-09-06;148.82
Tirol;2024-09-07;152.39
Tirol;2024-09-08;156.9
Tirol;2024-09-09;162.55
Tirol;2024-09-10;169.55
Tirol;2024-09-11;177.92
Tirol;2024-09-12;187.44
Tirol;2024-09-13;197.74
Tirol;2024-09-14;208.67
Tirol;2024-09-15;219.85
Tirol;2024-09-16;231.19
Tirol;2024-09-17;242.26
Tirol;2024-09-18;252.81
Tirol;2024-09-19;262.53
Tirol;2024-09-20;271.39
Tirol;2024-09-21;279.44
Tirol;2024-09-22;286.78
Tirol;2024-09-23;293.28
Tirol;2024-09-24;298.73
Tirol;2024-09-25;302.9
Tirol;2024-09-26;305.58
Tirol;2024-09-27;306.96
Tirol;2024-09-28;307.5
Tirol;2024-09-29;307.72
Tirol;2024-09-30;308.0
Tirol;2024-10-01;308.51
Tirol;2024-10-02;309.4
Tirol;2024-10-03;310.44
Tirol;2024-10-04;311.48
Tirol;2024-10-05;312.17
Tirol;2024-10-06;312.33
Tirol;2024-10-07;311.64
Tirol;2024-10-08;309.73
Tirol;2024-10-09;306.49
Tirol;2024-10-10;301.93
Tirol;2024-10-11;296.24
Tirol;2024-10-12;289.65
Tirol;2024-10-13;282.41
Tirol;2024-10-14;274.69
Tirol;2024-10-15;266.6
Tirol;2024-10-16;258.02
Tirol;2024-10-17;249.06
Tirol;2024-10-18;239.64
Tirol;2024-10-19;229.97
Tirol;2024-10-20;220.11
Tirol;2024-10-21;210.24
Tirol;2024-10-22;200.32
Tirol;2024-10-23;190.48
Tirol;2024-10-24;180.82
Tirol;2024-10-25;171.31
Tirol;2024-10-26;162.14
Tirol;2024-10-27;153.32
Tirol;2024-10-28;145.13
Tirol;2024-10-29;137.61
Tirol;2024-10-30;130.71
Tirol;2024-10-31;124.36
Tirol;2024-11-01;118.44
Tirol;2024-11-02;112.92
Tirol;2024-11-03;107.82
Tirol;2024-11-04;103.18
Tirol;2024-11-05;99.04
Tirol;2024-11-06;95.36
Tirol;2024-11-07;92.16
Tirol;2024-11-08;89.27
Tirol;2024-11-09;86.82
Tirol;2024-11-10;84.71
Tirol;2024-11-11;82.93
Tirol;2024-11-12;81.67
Tirol;2024-11-13;80.86
Tirol;2024-11-14;80.52
Tirol;2024-11-15;80.51
Tirol;2024-11-16;80.77
Tirol;2024-11-17;81.13
Tirol;2024-11-18;81.62
Tirol;2024-11-19;82.08
Tirol;2024-11-20;82.57
Tirol;2024-11-21;83.16
Tirol;2024-11-22;83.79
Tirol;2024-11-23;84.43
Tirol;2024-11-24;85.18
Tirol;2024-11-25;85.92
Tirol;2024-11-26;86.81
Tirol;2024-11-27;87.76
Tirol;2024-11-28;88.8
Tirol;2024-11-29;89.84
Tirol;2024-11-30;90.9
Tirol;2024-12-01;91.83
Tirol;2024-12-02;92.67
Tirol;2024-12-03;93.34
Tirol;2024-12-04;93.77
Tirol;2024-12-05;93.91
Tirol;2024-12-06;93.86
Tirol;2024-12-07;93.63
Tirol;2024-12-08;93.39
Tirol;2024-12-09;93.12
Tirol;2024-12-10;92.98
Tirol;2024-12-11;92.87
Tirol;2024-12-12;92.83
Tirol;2024-12-13;92.77
Tirol;2024-12-14;92.66
Tirol;2024-12-15;92.51
Tirol;2024-12-16;92.38
Tirol;2024-12-17;92.17
Tirol;2024-12-18;92.06
Tirol;2024-12-19;91.94
Tirol;2024-12-20;91.93
Tirol;2024-12-21;91.93
Tirol;2024-12-22;91.86
Tirol;2024-12-23;91.71
Tirol;2024-12-24;91.5
Tirol;2024-12-25;91.11
Tirol;2024-12-26;90.56
Tirol;2024-12-27;89.9
Tirol;2024-12-28;89.03
Tirol;2024-12-29;87.91
Tirol;2024-12-30;86.51
Tirol;2024-12-31;84.77
Tirol;2025-01-01;82.69
Tirol;2025-01-02;80.53
Tirol;2025-01-03;78.22
Tirol;2025-01-04;75.84
Tirol;2025-01-05;73.47
Tirol;2025-01-06;71.0
Tirol;2025-01-07;68.62
Tirol;2025-01-08;66.25
Tirol;2025-01-09;63.97
Tirol;2025-01-10;61.71
Tirol;2025-01-11;59.55
Tirol;2025-01-12;57.48
Tirol;2025-01-13;55.6
Tirol;2025-01-14;53.94
Tirol;2025-01-15;52.52
Tirol;2025-01-16;51.33
Tirol;2025-01-17;50.35
Tirol;2025-01-18;49.55
Tirol;2025-01-19;48.91
Tirol;2025-01-20;48.41
Tirol;2025-01-21;48.1
Tirol;2025-01-22;47.91
Tirol;2025-01-23;47.99
Tirol;2025-01-24;48.22
Tirol;2025-01-25;48.59
Tirol;2025-01-26;49.03
Tirol;2025-01-27;49.6
Tirol;2025-01-28;50.13
Tirol;2025-01-29;50.61
Tirol;2025-01-30;50.82
Tirol;2025-01-31;50.85
Tirol;2025-02-01;50.63
Tirol;2025-02-02;50.24
Tirol;2025-02-03;49.73
Tirol;2025-02-04;49.05
Tirol;2025-02-05;48.25
Tirol;2025-02-06;47.17
Tirol;2025-02-07;46.04
Tirol;2025-02-08;44.77
Tirol;2025-02-09;43.57
Tirol;2025-02-10;42.43
Tirol;2025-02-11;41.42
Tirol;2025-02-12;40.66
Tirol;2025-02-13;40.13
Tirol;2025-02-14;39.72
Tirol;2025-02-15;39.51
Tirol;2025-02-16;39.4
Tirol;2025-02-17;39.31
Tirol;2025-02-18;39.04
Tirol;2025-02-19;38.5
Tirol;2025-02-20;37.46
Tirol;2025-02-21;36.0
Tirol;2025-02-22;34.21
Tirol;2025-02-23;32.31
Tirol;2025-02-24;30.37
Tirol;2025-02-25;28.49
Tirol;2025-02-26;26.75
Tirol;2025-02-27;25.17
Tirol;2025-02-28;23.66
Tirol;2025-03-01;22.33
Tirol;2025-03-02;20.99
Tirol;2025-03-03;19.81
Tirol;2025-03-04;18.7
Tirol;2025-03-05;17.64
Tirol;2025-03-06;16.64
Tirol;2025-03-07;15.67
Tirol;2025-03-08;14.8
Tirol;2025-03-09;13.95
Tirol;2025-03-10;13.2
Tirol;2025-03-11;12.52
Tirol;2025-03-12;11.96
Tirol;2025-03-13;11.41
Tirol;2025-03-14;10.93
Tirol;2025-03-15;10.5
Tirol;2025-03-16;10.08
Tirol;2025-03-17;9.66
Tirol;2025-03-18;9.25
Tirol;2025-03-19;8.85
Tirol;2025-03-20;8.48
Tirol;2025-03-21;8.1
Tirol;2025-03-22;7.8
Tirol;2025-03-23;7.53
Tirol;2025-03-24;7.31
Tirol;2025-03-25;7.21
Tirol;2025-03-26;7.23
Tirol;2025-03-27;7.26
Tirol;2025-03-28;7.44
Tirol;2025-03-29;7.64
Tirol;2025-03-30;7.85
Tirol;2025-03-31;8.11
Tirol;2025-04-01;8.38
Tirol;2025-04-02;8.99
Salzburg;2022-09-01;82.53
Salzburg;2022-09-02;82.4
Salzburg;2022-09-03;82.51
Salzburg;2022-09-04;82.84
Salzburg;2022-09-05;83.59
Salzburg;2022-09-06;84.56
Salzburg;2022-09-07;86.04
Salzburg;2022-09-08;87.78
Salzburg;2022-09-09;90.05
Salzburg;2022-09-10;92.81
Salzburg;2022-09-11;96.27
Salzburg;2022-09-12;100.44
Salzburg;2022-09-13;105.44
Salzburg;2022-09-14;111.25
Salzburg;2022-09-15;117.81
Salzburg;2022-09-16;124.88
Salzburg;2022-09-17;132.67
Salzburg;2022-09-18;141.12
Salzburg;2022-09-19;150.28
Salzburg;2022-09-20;160.18
Salzburg;2022-09-21;170.56
Salzburg;2022-09-22;181.34
Salzburg;2022-09-23;192.31
Salzburg;2022-09-24;203.16
Salzburg;2022-09-25;213.83
Salzburg;2022-09-26;224.03
Salzburg;2022-09-27;233.74
Salzburg;2022-09-28;242.77
Salzburg;2022-09-29;251.19
Salzburg;2022-09-30;258.76
Salzburg;2022-10-01;265.43
Salzburg;2022-10-02;270.76
Salzburg;2022-10-03;274.63
Salzburg;2022-10-04;276.93
Salzburg;2022-10-05;277.64
Salzburg;2022-10-06;276.82
Salzburg;2022-10-07;274.49
Salzburg;2022-10-08;270.51
Salzburg;2022-10-09;264.53
Salzburg;2022-10-10;256.6
Salzburg;2022-10-11;246.93
Salzburg;2022-10-12;235.99
Salzburg;2022-10-13;224.35
Salzburg;2022-10-14;212.29
Salzburg;2022-10-15;200.31
Salzburg;2022-10-16;188.63
Salzburg;2022-10-17;177.57
Salzburg;2022-10-18;167.45
Salzburg;2022-10-19;158.29
Salzburg;2022-10-20;149.89
Salzburg;2022-10-21;142.32
Salzburg;2022-10-22;135.22
Salzburg;2022-10-23;128.7
Salzburg;2022-10-24;122.54
Salzburg;2022-10-25;116.87
Salzburg;2022-10-26;111.56
Salzburg;2022-10-27;106.53
Salzburg;2022-10-28;101.96
Salzburg;2022-10-29;97.87
Salzburg;2022-10-30;94.29
Salzburg;2022-10-31;91.49
Salzburg;2022-11-01;89.33
Salzburg;2022-11-02;87.73
Salzburg;2022-11-03;86.48
Salzburg;2022-11-04;85.66
Salzburg;2022-11-05;85.0
Salzburg;2022-11-06;84.58
Salzburg;2022-11-07;84.33
Salzburg;2022-11-08;84.15
Salzburg;2022-11-09;83.96
Salzburg;2022-11-10;83.85
Salzburg;2022-11-11;83.69
Salzburg;2022-11-12;83.47
Salzburg;2022-11-13;83.26
Salzburg;2022-11-14;82.96
Salzburg;2022-11-15;82.82
Salzburg;2022-11-16;82.77
Salzburg;2022-11-17;83.06
Salzburg;2022-11-18;83.54
Salzburg;2022-11-19;84.28
Salzburg;2022-11-20;85.12
Salzburg;2022-11-21;86.17
Salzburg;2022-11-22;87.44
Salzburg;2022-11-23;88.92
Salzburg;2022-11-24;90.64
Salzburg;2022-11-25;92.4
Salzburg;2022-11-26;94.3
Salzburg;2022-11-27;96.08
Salzburg;2022-11-28;97.85
Salzburg;2022-11-29;99.67
Salzburg;2022-11-30;101.44
Salzburg;2022-12-01;103.23
Salzburg;2022-12-02;105.03
Salzburg;2022-12-03;106.88
Salzburg;2022-12-04;108.97
Salzburg;2022-12-05;109.98
Salzburg;2022-12-06;112.2
Salzburg;2022-12-07;114.84
Salzburg;2022-12-08;117.74
Salzburg;2022-12-09;120.76
Salzburg;2022-12-10;123.77
Salzburg;2022-12-11;126.53
Salzburg;2022-12-12;129.02
Salzburg;2022-12-13;131.23
Salzburg;2022-12-14;133.35
Salzburg;2022-12-15;135.45
Salzburg;2022-12-16;137.52
Salzburg;2022-12-17;139.42
Salzburg;2022-12-18;141.24
Salzburg;2022-12-19;142.75
Salzburg;2022-12-20;144.01
Salzburg;2022-12-21;144.84
Salzburg;2022-12-22;145.29
Salzburg;2022-12-23;145.5
Salzburg;2022-12-24;145.44
Salzburg;2022-12-25;145.19
Salzburg;2022-12-26;144.64
Salzburg;2022-12-27;143.75
Salzburg;2022-12-28;142.58
Salzburg;2022-12-29;141.06
Salzburg;2022-12-30;139.26
Salzburg;2022-12-31;137.27
Salzburg;2023-01-01;135.06
Salzburg;2023-01-02;132.97
Salzburg;2023-01-03;131.18
Salzburg;2023-01-04;129.88
Salzburg;2023-01-05;129.15
Salzburg;2023-01-06;128.81
Salzburg;2023-01-07;128.54
Salzburg;2023-01-08;128.08
Salzburg;2023-01-09;127.45
Salzburg;2023-01-10;126.44
Salzburg;2023-01-11;125.19
Salzburg;2023-01-12;123.84
Salzburg;2023-01-13;122.46
Salzburg;2023-01-14;121.25
Salzburg;2023-01-15;120.41
Salzburg;2023-01-16;120.14
Salzburg;2023-01-17;120.59
Salzburg;2023-01-18;121.79
Salzburg;2023-01-19;123.82
Salzburg;2023-01-20;126.56
Salzburg;2023-01-21;129.93
Salzburg;2023-01-22;134.0
Salzburg;2023-01-23;138.81
Salzburg;2023-01-24;144.48
Salzburg;2023-01-25;150.88
Salzburg;2023-01-26;157.83
Salzburg;2023-01-27;165.33
Salzburg;2023-01-28;173.22
Salzburg;2023-01-29;181.45
Salzburg;2023-01-30;190.15
Salzburg;2023-01-31;199.41
Salzburg;2023-02-01;209.16
Salzburg;2023-02-02;219.3
Salzburg;2023-02-03;229.46
Salzburg;2023-02-04;239.22
Salzburg;2023-02-05;248.14
Salzburg;2023-02-06;256.02
Salzburg;2023-02-07;262.74
Salzburg;2023-02-08;268.25
Salzburg;2023-02-09;272.77
Salzburg;2023-02-10;276.46
Salzburg;2023-02-11;279.41
Salzburg;2023-02-12;281.71
Salzburg;2023-02-13;283.35
Salzburg;2023-02-14;284.53
Salzburg;2023-02-15;285.34
Salzburg;2023-02-16;285.94
Salzburg;2023-02-17;286.35
Salzburg;2023-02-18;286.52
Salzburg;2023-02-19;286.56
Salzburg;2023-02-20;286.53
Salzburg;2023-02-21;286.53
Salzburg;2023-02-22;286.65
Salzburg;2023-02-23;286.83
Salzburg;2023-02-24;286.84
Salzburg;2023-02-25;286.44
Salzburg;2023-02-26;285.42
Salzburg;2023-02-27;283.59
Salzburg;2023-02-28;280.85
Salzburg;2023-03-01;277.19
Salzburg;2023-03-02;272.61
Salzburg;2023-03-03;267.04
Salzburg;2023-03-04;260.25
Salzburg;2023-03-05;252.15
Salzburg;2023-03-06;242.74
Salzburg;2023-03-07;232.52
Salzburg;2023-03-08;221.88
Salzburg;2023-03-09;211.25
Salzburg;2023-03-10;200.85
Salzburg;2023-03-11;190.84
Salzburg;2023-03-12;181.55
Salzburg;2023-03-13;173.15
Salzburg;2023-03-14;165.88
Salzburg;2023-03-15;159.8
Salzburg;2023-03-16;154.73
Salzburg;2023-03-17;150.26
Salzburg;2023-03-18;146.08
Salzburg;2023-03-19;141.87
Salzburg;2023-03-20;137.47
Salzburg;2023-03-21;132.93
Salzburg;2023-03-22;128.32
Salzburg;2023-03-23;123.61
Salzburg;2023-03-24;118.98
Salzburg;2023-03-25;114.34
Salzburg;2023-03-26;109.84
Salzburg;2023-03-27;105.43
Salzburg;2023-03-28;101.38
Salzburg;2023-03-29;97.54
Salzburg;2023-03-30;93.98
Salzburg;2023-03-31;90.78
Salzburg;2023-04-01;87.68
Salzburg;2023-04-02;84.79
Salzburg;2023-04-03;82.14
Salzburg;2023-04-04;79.83
Salzburg;2023-04-05;77.9
Salzburg;2023-04-06;76.31
Salzburg;2023-04-07;74.93
Salzburg;2023-04-08;73.79
Salzburg;2023-04-09;72.62
Salzburg;2023-04-10;71.53
Salzburg;2023-04-11;70.48
Salzburg;2023-04-12;69.44
Salzburg;2023-04-13;68.51
Salzburg;2023-04-14;67.65
Salzburg;2023-04-15;66.72
Salzburg;2023-04-16;65.85
Salzburg;2023-04-17;64.93
Salzburg;2023-04-18;64.2
Salzburg;2023-04-19;63.66
Salzburg;2023-04-20;63.31
Salzburg;2023-04-21;63.03
Salzburg;2023-04-22;62.7
Salzburg;2023-04-23;62.17
Salzburg;2023-04-24;61.36
Salzburg;2023-04-25;60.42
Salzburg;2023-04-26;59.46
Salzburg;2023-04-27;58.45
Salzburg;2023-04-28;57.54
Salzburg;2023-04-29;56.57
Salzburg;2023-04-30;55.64
Salzburg;2023-05-01;54.56
Salzburg;2023-05-02;53.44
Salzburg;2023-05-03;52.26
Salzburg;2023-05-04;50.86
Salzburg;2023-05-05;49.39
Salzburg;2023-05-06;47.75
Salzburg;2023-05-07;46.01
Salzburg;2023-05-08;44.18
Salzburg;2023-05-09;42.22
Salzburg;2023-05-10;40.32
Salzburg;2023-05-11;38.41
Salzburg;2023-05-12;36.58
Salzburg;2023-05-13;34.84
Salzburg;2023-05-14;33.2
Salzburg;2023-05-15;31.76
Salzburg;2023-05-16;30.42
Salzburg;2023-05-17;29.29
Salzburg;2023-05-18;28.27
Salzburg;2023-05-19;27.37
Salzburg;2023-05-20;26.49
Salzburg;2023-05-21;25.65
Salzburg;2023-05-22;24.72
Salzburg;2023-05-23;23.91
Salzburg;2023-05-24;23.17
Salzburg;2023-05-25;22.45
Salzburg;2023-05-26;21.89
Salzburg;2023-05-27;21.43
Salzburg;2023-05-28;20.95
Salzburg;2023-05-29;20.57
Salzburg;2023-05-30;20.19
Salzburg;2023-05-31;19.87
Salzburg;2023-06-01;19.56
Salzburg;2023-06-02;19.29
Salzburg;2023-06-03;19.06
Salzburg;2023-06-04;18.73
Salzburg;2023-06-05;18.5
Salzburg;2023-06-06;18.2
Salzburg;2023-06-07;17.87
Salzburg;2023-06-08;17.67
Salzburg;2023-06-09;17.48
Salzburg;2023-06-10;17.36
Salzburg;2023-06-11;17.25
Salzburg;2023-06-12;17.19
Salzburg;2023-06-13;17.16
Salzburg;2023-06-14;17.14
Salzburg;2023-06-15;17.15
Salzburg;2023-06-16;17.06
Salzburg;2023-06-17;17.05
Salzburg;2023-06-18;16.97
Salzburg;2023-06-19;16.8
Salzburg;2023-06-20;16.57
Salzburg;2023-06-21;16.36
Salzburg;2023-06-22;16.16
Salzburg;2023-06-23;15.91
Salzburg;2023-06-24;15.74
Salzburg;2023-06-25;15.57
Salzburg;2023-06-26;15.48
Salzburg;2023-06-27;15.48
Salzburg;2023-06-28;15.63
Salzburg;2023-06-29;15.86
Salzburg;2023-06-30;16.09
Salzburg;2023-07-01;16.47
Salzburg;2023-07-02;16.91
Salzburg;2023-07-03;17.34
Salzburg;2023-07-04;17.85
Salzburg;2023-07-05;18.43
Salzburg;2023-07-06;18.92
Salzburg;2023-07-07;19.5
Salzburg;2023-07-08;20.01
Salzburg;2023-07-09;20.5
Salzburg;2023-07-10;20.93
Salzburg;2023-07-11;21.27
Salzburg;2023-07-12;21.53
Salzburg;2023-07-13;21.72
Salzburg;2023-07-14;21.92
Salzburg;2023-07-15;21.97
Salzburg;2023-07-16;22.03
Salzburg;2023-07-17;22.2
Salzburg;2023-07-18;22.3
Salzburg;2023-07-19;22.59
Salzburg;2023-07-20;22.91
Salzburg;2023-07-21;23.23
Salzburg;2023-07-22;23.58
Salzburg;2023-07-23;23.93
Salzburg;2023-07-24;24.21
Salzburg;2023-07-25;24.58
Salzburg;2023-07-26;25.04
Salzburg;2023-07-27;25.59
Salzburg;2023-07-28;26.18
Salzburg;2023-07-29;26.84
Salzburg;2023-07-30;27.53
Salzburg;2023-07-31;28.24
Salzburg;2023-08-01;29.03
Salzburg;2023-08-02;30.0
Salzburg;2023-08-03;30.98
Salzburg;2023-08-04;32.11
Salzburg;2023-08-05;33.41
Salzburg;2023-08-06;34.79
Salzburg;2023-08-07;36.27
Salzburg;2023-08-08;37.94
Salzburg;2023-08-09;39.54
Salzburg;2023-08-10;41.18
Salzburg;2023-08-11;42.85
Salzburg;2023-08-12;44.37
Salzburg;2023-08-13;45.69
Salzburg;2023-08-14;46.93
Salzburg;2023-08-15;47.87
Salzburg;2023-08-16;48.73
Salzburg;2023-08-17;49.34
Salzburg;2023-08-18;49.93
Salzburg;2023-08-19;50.32
Salzburg;2023-08-20;50.5
Salzburg;2023-08-21;50.72
Salzburg;2023-08-22;50.72
Salzburg;2023-08-23;50.77
Salzburg;2023-08-24;50.81
Salzburg;2023-08-25;50.9
Salzburg;2023-08-26;51.17
Salzburg;2023-08-27;51.71
Salzburg;2023-08-28;52.51
Salzburg;2023-08-29;53.67
Salzburg;2023-08-30;55.11
Salzburg;2023-08-31;56.75
Salzburg;2023-09-01;58.53
Salzburg;2023-09-02;60.35
Salzburg;2023-09-03;62.17
Salzburg;2023-09-04;63.97
Salzburg;2023-09-05;65.99
Salzburg;2023-09-06;68.11
Salzburg;2023-09-07;70.58
Salzburg;2023-09-08;73.29
Salzburg;2023-09-09;76.17
Salzburg;2023-09-10;79.22
Salzburg;2023-09-11;82.4
Salzburg;2023-09-12;85.78
Salzburg;2023-09-13;89.31
Salzburg;2023-09-14;92.98
Salzburg;2023-09-15;96.82
Salzburg;2023-09-16;100.85
Salzburg;2023-09-17;105.11
Salzburg;2023-09-18;109.63
Salzburg;2023-09-19;114.42
Salzburg;2023-09-20;119.42
Salzburg;2023-09-21;124.54
Salzburg;2023-09-22;129.64
Salzburg;2023-09-23;134.62
Salzburg;2023-09-24;139.38
Salzburg;2023-09-25;143.72
Salzburg;2023-09-26;147.78
Salzburg;2023-09-27;151.36
Salzburg;2023-09-28;154.56
Salzburg;2023-09-29;157.34
Salzburg;2023-09-30;159.76
Salzburg;2023-10-01;161.7
Salzburg;2023-10-02;163.1
Salzburg;2023-10-03;164.1
Salzburg;2023-10-04;164.77
Salzburg;2023-10-05;165.18
Salzburg;2023-10-06;165.48
Salzburg;2023-10-07;165.52
Salzburg;2023-10-08;165.45
Salzburg;2023-10-09;165.01
Salzburg;2023-10-10;164.3
Salzburg;2023-10-11;163.02
Salzburg;2023-10-12;161.48
Salzburg;2023-10-13;159.77
Salzburg;2023-10-14;158.1
Salzburg;2023-10-15;156.89
Salzburg;2023-10-16;156.25
Salzburg;2023-10-17;156.25
Salzburg;2023-10-18;156.92
Salzburg;2023-10-19;158.19
Salzburg;2023-10-20;159.84
Salzburg;2023-10-21;161.94
Salzburg;2023-10-22;164.28
Salzburg;2023-10-23;166.82
Salzburg;2023-10-24;169.34
Salzburg;2023-10-25;171.63
Salzburg;2023-10-26;173.82
Salzburg;2023-10-27;175.76
Salzburg;2023-10-28;177.71
Salzburg;2023-10-29;179.69
Salzburg;2023-10-30;181.76
Salzburg;2023-10-31;184.01
Salzburg;2023-11-01;186.31
Salzburg;2023-11-02;188.77
Salzburg;2023-11-03;191.68
Salzburg;2023-11-04;195.06
Salzburg;2023-11-05;199.36
Salzburg;2023-11-06;204.65
Salzburg;2023-11-07;211.35
Salzburg;2023-11-08;219.27
Salzburg;2023-11-09;228.29
Salzburg;2023-11-10;237.81
Salzburg;2023-11-11;247.33
Salzburg;2023-11-12;256.51
Salzburg;2023-11-13;265.22
Salzburg;2023-11-14;273.57
Salzburg;2023-11-15;281.92
Salzburg;2023-11-16;290.51
Salzburg;2023-11-17;299.44
Salzburg;2023-11-18;308.79
Salzburg;2023-11-19;318.67
Salzburg;2023-11-20;329.11
Salzburg;2023-11-21;340.15
Salzburg;2023-11-22;351.81
Salzburg;2023-11-23;363.81
Salzburg;2023-11-24;375.96
Salzburg;2023-11-25;388.2
Salzburg;2023-11-26;400.21
Salzburg;2023-11-27;412.02
Salzburg;2023-11-28;423.59
Salzburg;2023-11-29;434.99
Salzburg;2023-11-30;446.28
Salzburg;2023-12-01;457.21
Salzburg;2023-12-02;467.62
Salzburg;2023-12-03;477.23
Salzburg;2023-12-04;485.9
Salzburg;2023-12-05;493.41
Salzburg;2023-12-06;499.62
Salzburg;2023-12-07;504.49
Salzburg;2023-12-08;507.78
Salzburg;2023-12-09;508.89
Salzburg;2023-12-10;507.56
Salzburg;2023-12-11;503.65
Salzburg;2023-12-12;497.45
Salzburg;2023-12-13;489.63
Salzburg;2023-12-14;480.9
Salzburg;2023-12-15;471.55
Salzburg;2023-12-16;461.77
Salzburg;2023-12-17;451.79
Salzburg;2023-12-18;441.77
Salzburg;2023-12-19;432.09
Salzburg;2023-12-20;422.94
Salzburg;2023-12-21;414.22
Salzburg;2023-12-22;405.79
Salzburg;2023-12-23;397.51
Salzburg;2023-12-24;389.14
Salzburg;2023-12-25;380.37
Salzburg;2023-12-26;371.02
Salzburg;2023-12-27;360.95
Salzburg;2023-12-28;350.34
Salzburg;2023-12-29;339.24
Salzburg;2023-12-30;327.79
Salzburg;2023-12-31;316.39
Salzburg;2024-01-01;304.95
Salzburg;2024-01-02;293.74
Salzburg;2024-01-03;282.68
Salzburg;2024-01-04;271.77
Salzburg;2024-01-05;260.87
Salzburg;2024-01-06;249.94
Salzburg;2024-01-07;238.8
Salzburg;2024-01-08;227.45
Salzburg;2024-01-09;216.2
Salzburg;2024-01-10;205.17
Salzburg;2024-01-11;194.48
Salzburg;2024-01-12;183.93
Salzburg;2024-01-13;173.56
Salzburg;2024-01-14;163.22
Salzburg;2024-01-15;153.0
Salzburg;2024-01-16;143.05
Salzburg;2024-01-17;133.36
Salzburg;2024-01-18;124.0
Salzburg;2024-01-19;115.13
Salzburg;2024-01-20;106.72
Salzburg;2024-01-21;98.99
Salzburg;2024-01-22;92.02
Salzburg;2024-01-23;85.85
Salzburg;2024-01-24;80.45
Salzburg;2024-01-25;75.6
Salzburg;2024-01-26;71.21
Salzburg;2024-01-27;67.09
Salzburg;2024-01-28;63.18
Salzburg;2024-01-29;59.46
Salzburg;2024-01-30;55.97
Salzburg;2024-01-31;52.65
Salzburg;2024-02-01;49.68
Salzburg;2024-02-02;46.97
Salzburg;2024-02-03;44.45
Salzburg;2024-02-04;42.16
Salzburg;2024-02-05;40.04
Salzburg;2024-02-06;38.24
Salzburg;2024-02-07;36.69
Salzburg;2024-02-08;35.3
Salzburg;2024-02-09;34.12
Salzburg;2024-02-10;33.03
Salzburg;2024-02-11;32.06
Salzburg;2024-02-12;31.14
Salzburg;2024-02-13;30.42
Salzburg;2024-02-14;29.67
Salzburg;2024-02-15;29.12
Salzburg;2024-02-16;28.51
Salzburg;2024-02-17;27.94
Salzburg;2024-02-18;27.32
Salzburg;2024-02-19;26.65
Salzburg;2024-02-20;25.95
Salzburg;2024-02-21;25.19
Salzburg;2024-02-22;24.45
Salzburg;2024-02-23;23.61
Salzburg;2024-02-24;22.71
Salzburg;2024-02-25;21.67
Salzburg;2024-02-26;20.61
Salzburg;2024-02-27;19.45
Salzburg;2024-02-28;18.25
Salzburg;2024-02-29;17.06
Salzburg;2024-03-01;15.96
Salzburg;2024-03-02;14.93
Salzburg;2024-03-03;13.99
Salzburg;2024-03-04;13.19
Salzburg;2024-03-05;12.5
Salzburg;2024-03-06;11.94
Salzburg;2024-03-07;11.46
Salzburg;2024-03-08;11.01
Salzburg;2024-03-09;10.65
Salzburg;2024-03-10;10.31
Salzburg;2024-03-11;9.98
Salzburg;2024-03-12;9.64
Salzburg;2024-03-13;9.3
Salzburg;2024-03-14;9.02
Salzburg;2024-03-15;8.75
Salzburg;2024-03-16;8.57
Salzburg;2024-03-17;8.4
Salzburg;2024-03-18;8.27
Salzburg;2024-03-19;8.31
Salzburg;2024-03-20;8.31
Salzburg;2024-03-21;8.5
Salzburg;2024-03-22;8.68
Salzburg;2024-03-23;8.81
Salzburg;2024-03-24;8.93
Salzburg;2024-03-25;9.04
Salzburg;2024-03-26;8.98
Salzburg;2024-03-27;8.91
Salzburg;2024-03-28;8.84
Salzburg;2024-03-29;8.67
Salzburg;2024-03-30;8.44
Salzburg;2024-03-31;8.25
Salzburg;2024-04-01;8.0
Salzburg;2024-04-02;7.74
Salzburg;2024-04-03;7.4
Salzburg;2024-04-04;7.13
Salzburg;2024-04-05;6.87
Salzburg;2024-04-06;6.62
Salzburg;2024-04-07;6.38
Salzburg;2024-04-08;6.25
Salzburg;2024-04-09;6.2
Salzburg;2024-04-10;6.24
Salzburg;2024-04-11;6.29
Salzburg;2024-04-12;6.44
Salzburg;2024-04-13;6.59
Salzburg;2024-04-14;6.74
Salzburg;2024-04-15;6.9
Salzburg;2024-04-16;7.12
Salzburg;2024-04-17;7.45
Salzburg;2024-04-18;7.77
Salzburg;2024-04-19;8.17
Salzburg;2024-04-20;8.57
Salzburg;2024-04-21;9.05
Salzburg;2024-04-22;9.55
Salzburg;2024-04-23;10.13
Salzburg;2024-04-24;10.8
Salzburg;2024-04-25;11.49
Salzburg;2024-04-26;12.27
Salzburg;2024-04-27;12.98
Salzburg;2024-04-28;13.72
Salzburg;2024-04-29;14.39
Salzburg;2024-04-30;14.93
Salzburg;2024-05-01;15.57
Salzburg;2024-05-02;16.05
Salzburg;2024-05-03;16.56
Salzburg;2024-05-04;17.01
Salzburg;2024-05-05;17.48
Salzburg;2024-05-06;17.9
Salzburg;2024-05-07;18.35
Salzburg;2024-05-08;18.9
Salzburg;2024-05-09;19.54
Salzburg;2024-05-10;20.29
Salzburg;2024-05-11;21.1
Salzburg;2024-05-12;21.92
Salzburg;2024-05-13;22.88
Salzburg;2024-05-14;23.85
Salzburg;2024-05-15;24.96
Salzburg;2024-05-16;26.08
Salzburg;2024-05-17;27.29
Salzburg;2024-05-18;28.56
Salzburg;2024-05-19;29.85
Salzburg;2024-05-20;31.2
Salzburg;2024-05-21;32.58
Salzburg;2024-05-22;34.07
Salzburg;2024-05-23;35.51
Salzburg;2024-05-24;36.97
Salzburg;2024-05-25;38.35
Salzburg;2024-05-26;39.49
Salzburg;2024-05-27;40.5
Salzburg;2024-05-28;41.35
Salzburg;2024-05-29;42.05
Salzburg;2024-05-30;42.69
Salzburg;2024-05-31;43.19
Salzburg;2024-06-01;43.71
Salzburg;2024-06-02;44.13
Salzburg;2024-06-03;44.63
Salzburg;2024-06-04;45.29
Salzburg;2024-06-05;46.15
Salzburg;2024-06-06;47.19
Salzburg;2024-06-07;48.5
Salzburg;2024-06-08;49.98
Salzburg;2024-06-09;51.56
Salzburg;2024-06-10;53.29
Salzburg;2024-06-11;55.15
Salzburg;2024-06-12;57.12
Salzburg;2024-06-13;59.14
Salzburg;2024-06-14;61.14
Salzburg;2024-06-15;63.13
Salzburg;2024-06-16;65.06
Salzburg;2024-06-17;66.76
Salzburg;2024-06-18;68.39
Salzburg;2024-06-19;69.88
Salzburg;2024-06-20;71.23
Salzburg;2024-06-21;72.51
Salzburg;2024-06-22;73.77
Salzburg;2024-06-23;75.07
Salzburg;2024-06-24;76.44
Salzburg;2024-06-25;78.01
Salzburg;2024-06-26;79.63
Salzburg;2024-06-27;81.42
Salzburg;2024-06-28;83.15
Salzburg;2024-06-29;84.73
Salzburg;2024-06-30;86.17
Salzburg;2024-07-01;87.4
Salzburg;2024-07-02;88.61
Salzburg;2024-07-03;89.96
Salzburg;2024-07-04;91.64
Salzburg;2024-07-05;93.46
Salzburg;2024-07-06;95.35
Salzburg;2024-07-07;97.41
Salzburg;2024-07-08;99.44
Salzburg;2024-07-09;101.44
Salzburg;2024-07-10;103.48
Salzburg;2024-07-11;105.34
Salzburg;2024-07-12;106.96
Salzburg;2024-07-13;107.95
Salzburg;2024-07-14;108.26
Salzburg;2024-07-15;107.65
Salzburg;2024-07-16;106.41
Salzburg;2024-07-17;104.86
Salzburg;2024-07-18;103.15
Salzburg;2024-07-19;101.39
Salzburg;2024-07-20;99.74
Salzburg;2024-07-21;98.26
Salzburg;2024-07-22;96.98
Salzburg;2024-07-23;96.2
Salzburg;2024-07-24;96.02
Salzburg;2024-07-25;96.3
Salzburg;2024-07-26;96.96
Salzburg;2024-07-27;97.91
Salzburg;2024-07-28;99.01
Salzburg;2024-07-29;100.17
Salzburg;2024-07-30;101.18
Salzburg;2024-07-31;102.1
Salzburg;2024-08-01;102.82
Salzburg;2024-08-02;103.24
Salzburg;2024-08-03;103.5
Salzburg;2024-08-04;103.52
Salzburg;2024-08-05;103.23
Salzburg;2024-08-06;102.63
Salzburg;2024-08-07;101.81
Salzburg;2024-08-08;100.89
Salzburg;2024-08-09;99.98
Salzburg;2024-08-10;99.12
Salzburg;2024-08-11;98.6
Salzburg;2024-08-12;98.39
Salzburg;2024-08-13;98.63
Salzburg;2024-08-14;99.27
Salzburg;2024-08-15;100.35
Salzburg;2024-08-16;101.61
Salzburg;2024-08-17;103.11
Salzburg;2024-08-18;104.72
Salzburg;2024-08-19;106.47
Salzburg;2024-08-20;108.26
Salzburg;2024-08-21;110.06
Salzburg;2024-08-22;111.82
Salzburg;2024-08-23;113.56
Salzburg;2024-08-24;115.22
Salzburg;2024-08-25;116.86
Salzburg;2024-08-26;118.51
Salzburg;2024-08-27;120.04
Salzburg;2024-08-28;121.65
Salzburg;2024-08-29;123.25
Salzburg;2024-08-30;124.9
Salzburg;2024-08-31;126.46
Salzburg;2024-09-01;127.92
Salzburg;2024-09-02;129.42
Salzburg;2024-09-03;130.89
Salzburg;2024-09-04;132.51
Salzburg;2024-09-05;134.33
Salzburg;2024-09-06;136.5
Salzburg;2024-09-07;139.1
Salzburg;2024-09-08;142.33
Salzburg;2024-09-09;146.48
Salzburg;2024-09-10;151.79
Salzburg;2024-09-11;158.35
Salzburg;2024-09-12;166.04
Salzburg;2024-09-13;174.74
Salzburg;2024-09-14;184.31
Salzburg;2024-09-15;194.59
Salzburg;2024-09-16;205.75
Salzburg;2024-09-17;217.67
Salzburg;2024-09-18;230.36
Salzburg;2024-09-19;243.64
Salzburg;2024-09-20;256.89
Salzburg;2024-09-21;269.71
Salzburg;2024-09-22;281.64
Salzburg;2024-09-23;292.21
Salzburg;2024-09-24;301.29
Salzburg;2024-09-25;308.93
Salzburg;2024-09-26;315.04
Salzburg;2024-09-27;319.77
Salzburg;2024-09-28;322.95
Salzburg;2024-09-29;324.38
Salzburg;2024-09-30;324.15
Salzburg;2024-10-01;322.71
Salzburg;2024-10-02;320.51
Salzburg;2024-10-03;317.82
Salzburg;2024-10-04;314.66
Salzburg;2024-10-05;310.94
Salzburg;2024-10-06;306.47
Salzburg;2024-10-07;301.41
Salzburg;2024-10-08;295.89
Salzburg;2024-10-09;290.27
Salzburg;2024-10-10;284.68
Salzburg;2024-10-11;279.14
Salzburg;2024-10-12;273.57
Salzburg;2024-10-13;267.87
Salzburg;2024-10-14;262.25
Salzburg;2024-10-15;256.82
Salzburg;2024-10-16;251.84
Salzburg;2024-10-17;247.17
Salzburg;2024-10-18;242.7
Salzburg;2024-10-19;237.94
Salzburg;2024-10-20;232.74
Salzburg;2024-10-21;226.88
Salzburg;2024-10-22;220.49
Salzburg;2024-10-23;213.6
Salzburg;2024-10-24;206.4
Salzburg;2024-10-25;198.88
Salzburg;2024-10-26;190.85
Salzburg;2024-10-27;182.34
Salzburg;2024-10-28;173.44
Salzburg;2024-10-29;164.42
Salzburg;2024-10-30;155.62
Salzburg;2024-10-31;147.32
Salzburg;2024-11-01;139.53
Salzburg;2024-11-02;132.35
Salzburg;2024-11-03;125.87
Salzburg;2024-11-04;120.17
Salzburg;2024-11-05;115.26
Salzburg;2024-11-06;111.04
Salzburg;2024-11-07;107.33
Salzburg;2024-11-08;104.01
Salzburg;2024-11-09;100.82
Salzburg;2024-11-10;97.83
Salzburg;2024-11-11;94.83
Salzburg;2024-11-12;91.95
Salzburg;2024-11-13;89.14
Salzburg;2024-11-14;86.5
Salzburg;2024-11-15;83.89
Salzburg;2024-11-16;81.53
Salzburg;2024-11-17;79.39
Salzburg;2024-11-18;77.53
Salzburg;2024-11-19;76.03
Salzburg;2024-11-20;74.76
Salzburg;2024-11-21;73.6
Salzburg;2024-11-22;72.67
Salzburg;2024-11-23;71.79
Salzburg;2024-11-24;70.9
Salzburg;2024-11-25;70.17
Salzburg;2024-11-26;69.59
Salzburg;2024-11-27;69.22
Salzburg;2024-11-28;69.31
Salzburg;2024-11-29;69.65
Salzburg;2024-11-30;70.27
Salzburg;2024-12-01;71.28
Salzburg;2024-12-02;72.73
Salzburg;2024-12-03;74.55
Salzburg;2024-12-04;76.61
Salzburg;2024-12-05;78.82
Salzburg;2024-12-06;80.94
Salzburg;2024-12-07;82.64
Salzburg;2024-12-08;83.78
Salzburg;2024-12-09;84.25
Salzburg;2024-12-10;84.16
Salzburg;2024-12-11;83.65
Salzburg;2024-12-12;83.0
Salzburg;2024-12-13;82.29
Salzburg;2024-12-14;81.6
Salzburg;2024-12-15;80.9
Salzburg;2024-12-16;80.21
Salzburg;2024-12-17;79.49
Salzburg;2024-12-18;78.74
Salzburg;2024-12-19;77.92
Salzburg;2024-12-20;77.16
Salzburg;2024-12-21;76.55
Salzburg;2024-12-22;76.15
Salzburg;2024-12-23;75.99
Salzburg;2024-12-24;76.04
Salzburg;2024-12-25;76.32
Salzburg;2024-12-26;76.62
Salzburg;2024-12-27;76.81
Salzburg;2024-12-28;76.85
Salzburg;2024-12-29;76.6
Salzburg;2024-12-30;76.05
Salzburg;2024-12-31;75.2
Salzburg;2025-01-01;74.05
Salzburg;2025-01-02;72.73
Salzburg;2025-01-03;71.31
Salzburg;2025-01-04;69.79
Salzburg;2025-01-05;68.24
Salzburg;2025-01-06;66.58
Salzburg;2025-01-07;64.94
Salzburg;2025-01-08;63.28
Salzburg;2025-01-09;61.51
Salzburg;2025-01-10;59.78
Salzburg;2025-01-11;57.87
Salzburg;2025-01-12;55.86
Salzburg;2025-01-13;53.69
Salzburg;2025-01-14;51.29
Salzburg;2025-01-15;48.82
Salzburg;2025-01-16;46.15
Salzburg;2025-01-17;43.53
Salzburg;2025-01-18;40.93
Salzburg;2025-01-19;38.38
Salzburg;2025-01-20;36.01
Salzburg;2025-01-21;33.77
Salzburg;2025-01-22;31.82
Salzburg;2025-01-23;30.04
Salzburg;2025-01-24;28.36
Salzburg;2025-01-25;26.87
Salzburg;2025-01-26;25.48
Salzburg;2025-01-27;24.2
Salzburg;2025-01-28;23.09
Salzburg;2025-01-29;22.09
Salzburg;2025-01-30;21.18
Salzburg;2025-01-31;20.44
Salzburg;2025-02-01;19.81
Salzburg;2025-02-02;19.27
Salzburg;2025-02-03;18.85
Salzburg;2025-02-04;18.58
Salzburg;2025-02-05;18.4
Salzburg;2025-02-06;18.28
Salzburg;2025-02-07;18.23
Salzburg;2025-02-08;18.15
Salzburg;2025-02-09;18.2
Salzburg;2025-02-10;18.2
Salzburg;2025-02-11;18.24
Salzburg;2025-02-12;18.3
Salzburg;2025-02-13;18.35
Salzburg;2025-02-14;18.46
Salzburg;2025-02-15;18.47
Salzburg;2025-02-16;18.44
Salzburg;2025-02-17;18.42
Salzburg;2025-02-18;18.34
Salzburg;2025-02-19;18.22
Salzburg;2025-02-20;18.13
Salzburg;2025-02-21;17.92
Salzburg;2025-02-22;17.73
Salzburg;2025-02-23;17.41
Salzburg;2025-02-24;16.99
Salzburg;2025-02-25;16.5
Salzburg;2025-02-26;15.94
Salzburg;2025-02-27;15.34
Salzburg;2025-02-28;14.74
Salzburg;2025-03-01;14.22
Salzburg;2025-03-02;13.66
Salzburg;2025-03-03;13.26
Salzburg;2025-03-04;12.77
Salzburg;2025-03-05;12.46
Salzburg;2025-03-06;12.2
Salzburg;2025-03-07;11.95
Salzburg;2025-03-08;11.64
Salzburg;2025-03-09;11.49
Salzburg;2025-03-10;11.3
Salzburg;2025-03-11;11.15
Salzburg;2025-03-12;10.96
Salzburg;2025-03-13;10.84
Salzburg;2025-03-14;10.69
Salzburg;2025-03-15;10.54
Salzburg;2025-03-16;10.47
Salzburg;2025-03-17;10.39
Salzburg;2025-03-18;10.4
Salzburg;2025-03-19;10.39
Salzburg;2025-03-20;10.3
Salzburg;2025-03-21;10.26
Salzburg;2025-03-22;10.12
Salzburg;2025-03-23;9.96
Salzburg;2025-03-24;9.6
Salzburg;2025-03-25;9.28
Salzburg;2025-03-26;8.79
Salzburg;2025-03-27;8.38
Salzburg;2025-03-28;7.89
Salzburg;2025-03-29;7.51
Salzburg;2025-03-30;7.16
Salzburg;2025-03-31;6.85
Salzburg;2025-04-01;6.65
Kärnten;2022-09-01;91.9
Kärnten;2022-09-02;92.62
Kärnten;2022-09-03;93.39
Kärnten;2022-09-04;94.31
Kärnten;2022-09-05;95.31
Kärnten;2022-09-06;96.51
Kärnten;2022-09-07;98.08
Kärnten;2022-09-08;100.12
Kärnten;2022-09-09;102.68
Kärnten;2022-09-10;105.81
Kärnten;2022-09-11;109.61
Kärnten;2022-09-12;114.18
Kärnten;2022-09-13;119.55
Kärnten;2022-09-14;125.68
Kärnten;2022-09-15;132.45
Kärnten;2022-09-16;139.85
Kärnten;2022-09-17;147.83
Kärnten;2022-09-18;156.37
Kärnten;2022-09-19;165.67
Kärnten;2022-09-20;175.48
Kärnten;2022-09-21;186.0
Kärnten;2022-09-22;196.91
Kärnten;2022-09-23;208.04
Kärnten;2022-09-24;219.31
Kärnten;2022-09-25;230.38
Kärnten;2022-09-26;241.02
Kärnten;2022-09-27;250.94
Kärnten;2022-09-28;259.78
Kärnten;2022-09-29;267.5
Kärnten;2022-09-30;274.1
Kärnten;2022-10-01;279.57
Kärnten;2022-10-02;283.92
Kärnten;2022-10-03;287.15
Kärnten;2022-10-04;289.31
Kärnten;2022-10-05;290.75
Kärnten;2022-10-06;291.31
Kärnten;2022-10-07;291.04
Kärnten;2022-10-08;289.65
Kärnten;2022-10-09;286.78
Kärnten;2022-10-10;282.22
Kärnten;2022-10-11;276.05
Kärnten;2022-10-12;268.38
Kärnten;2022-10-13;259.61
Kärnten;2022-10-14;250.01
Kärnten;2022-10-15;239.96
Kärnten;2022-10-16;229.65
Kärnten;2022-10-17;219.29
Kärnten;2022-10-18;209.05
Kärnten;2022-10-19;199.23
Kärnten;2022-10-20;189.76
Kärnten;2022-10-21;180.71
Kärnten;2022-10-22;172.14
Kärnten;2022-10-23;164.09
Kärnten;2022-10-24;156.55
Kärnten;2022-10-25;149.52
Kärnten;2022-10-26;142.91
Kärnten;2022-10-27;136.61
Kärnten;2022-10-28;130.62
Kärnten;2022-10-29;125.02
Kärnten;2022-10-30;119.79
Kärnten;2022-10-31;115.09
Kärnten;2022-11-01;110.85
Kärnten;2022-11-02;107.14
Kärnten;2022-11-03;103.91
Kärnten;2022-11-04;101.08
Kärnten;2022-11-05;98.68
Kärnten;2022-11-06;96.79
Kärnten;2022-11-07;95.46
Kärnten;2022-11-08;94.73
Kärnten;2022-11-09;94.64
Kärnten;2022-11-10;95.11
Kärnten;2022-11-11;95.94
Kärnten;2022-11-12;97.11
Kärnten;2022-11-13;98.37
Kärnten;2022-11-14;99.78
Kärnten;2022-11-15;101.31
Kärnten;2022-11-16;103.07
Kärnten;2022-11-17;105.0
Kärnten;2022-11-18;107.05
Kärnten;2022-11-19;109.11
Kärnten;2022-11-20;111.1
Kärnten;2022-11-21;113.19
Kärnten;2022-11-22;115.32
Kärnten;2022-11-23;117.58
Kärnten;2022-11-24;120.02
Kärnten;2022-11-25;122.47
Kärnten;2022-11-26;124.88
Kärnten;2022-11-27;127.06
Kärnten;2022-11-28;129.01
Kärnten;2022-11-29;130.56
Kärnten;2022-11-30;131.65
Kärnten;2022-12-01;132.48
Kärnten;2022-12-02;133.12
Kärnten;2022-12-03;133.71
Kärnten;2022-12-04;134.29
Kärnten;2022-12-05;135.11
Kärnten;2022-12-06;136.23
Kärnten;2022-12-07;137.72
Kärnten;2022-12-08;139.53
Kärnten;2022-12-09;141.62
Kärnten;2022-12-10;143.9
Kärnten;2022-12-11;146.35
Kärnten;2022-12-12;148.85
Kärnten;2022-12-13;151.62
Kärnten;2022-12-14;154.52
Kärnten;2022-12-15;157.5
Kärnten;2022-12-16;160.46
Kärnten;2022-12-17;163.2
Kärnten;2022-12-18;165.46
Kärnten;2022-12-19;167.15
Kärnten;2022-12-20;168.05
Kärnten;2022-12-21;168.34
Kärnten;2022-12-22;168.07
Kärnten;2022-12-23;167.33
Kärnten;2022-12-24;166.25
Kärnten;2022-12-25;164.94
Kärnten;2022-12-26;163.46
Kärnten;2022-12-27;161.71
Kärnten;2022-12-28;159.77
Kärnten;2022-12-29;157.57
Kärnten;2022-12-30;155.3
Kärnten;2022-12-31;152.88
Kärnten;2023-01-01;150.38
Kärnten;2023-01-02;147.72
Kärnten;2023-01-03;144.87
Kärnten;2023-01-04;141.89
Kärnten;2023-01-05;138.75
Kärnten;2023-01-06;135.6
Kärnten;2023-01-07;132.36
Kärnten;2023-01-08;129.22
Kärnten;2023-01-09;126.23
Kärnten;2023-01-10;123.45
Kärnten;2023-01-11;120.89
Kärnten;2023-01-12;118.63
Kärnten;2023-01-13;116.57
Kärnten;2023-01-14;114.64
Kärnten;2023-01-15;107.91
Kärnten;2023-01-16;106.33
Kärnten;2023-01-17;104.78
Kärnten;2023-01-18;103.44
Kärnten;2023-01-19;102.29
Kärnten;2023-01-20;101.47
Kärnten;2023-01-21;100.99
Kärnten;2023-01-22;101.03
Kärnten;2023-01-23;101.67
Kärnten;2023-01-24;103.01
Kärnten;2023-01-25;105.01
Kärnten;2023-01-26;107.58
Kärnten;2023-01-27;110.62
Kärnten;2023-01-28;114.03
Kärnten;2023-01-29;117.76
Kärnten;2023-01-30;121.77
Kärnten;2023-01-31;126.14
Kärnten;2023-02-01;130.88
Kärnten;2023-02-02;135.97
Kärnten;2023-02-03;141.12
Kärnten;2023-02-04;146.34
Kärnten;2023-02-05;151.52
Kärnten;2023-02-06;156.66
Kärnten;2023-02-07;161.77
Kärnten;2023-02-08;167.02
Kärnten;2023-02-09;172.4
Kärnten;2023-02-10;177.82
Kärnten;2023-02-11;183.26
Kärnten;2023-02-12;188.63
Kärnten;2023-02-13;194.01
Kärnten;2023-02-14;199.34
Kärnten;2023-02-15;204.8
Kärnten;2023-02-16;210.27
Kärnten;2023-02-17;215.54
Kärnten;2023-02-18;220.34
Kärnten;2023-02-19;224.47
Kärnten;2023-02-20;227.73
Kärnten;2023-02-21;230.24
Kärnten;2023-02-22;232.16
Kärnten;2023-02-23;233.6
Kärnten;2023-02-24;234.64
Kärnten;2023-02-25;235.43
Kärnten;2023-02-26;235.86
Kärnten;2023-02-27;235.88
Kärnten;2023-02-28;235.43
Kärnten;2023-03-01;234.43
Kärnten;2023-03-02;232.84
Kärnten;2023-03-03;230.74
Kärnten;2023-03-04;228.23
Kärnten;2023-03-05;225.22
Kärnten;2023-03-06;221.83
Kärnten;2023-03-07;218.13
Kärnten;2023-03-08;214.16
Kärnten;2023-03-09;210.03
Kärnten;2023-03-10;205.78
Kärnten;2023-03-11;201.28
Kärnten;2023-03-12;196.57
Kärnten;2023-03-13;191.67
Kärnten;2023-03-14;186.63
Kärnten;2023-03-15;181.43
Kärnten;2023-03-16;176.21
Kärnten;2023-03-17;170.93
Kärnten;2023-03-18;165.61
Kärnten;2023-03-19;160.28
Kärnten;2023-03-20;154.94
Kärnten;2023-03-21;149.66
Kärnten;2023-03-22;144.51
Kärnten;2023-03-23;139.45
Kärnten;2023-03-24;134.48
Kärnten;2023-03-25;129.46
Kärnten;2023-03-26;124.4
Kärnten;2023-03-27;119.4
Kärnten;2023-03-28;114.42
Kärnten;2023-03-29;109.67
Kärnten;2023-03-30;105.13
Kärnten;2023-03-31;100.89
Kärnten;2023-04-01;96.82
Kärnten;2023-04-02;93.06
Kärnten;2023-04-03;89.56
Kärnten;2023-04-04;86.47
Kärnten;2023-04-05;83.63
Kärnten;2023-04-06;81.08
Kärnten;2023-04-07;78.78
Kärnten;2023-04-08;76.57
Kärnten;2023-04-09;74.57
Kärnten;2023-04-10;72.71
Kärnten;2023-04-11;70.91
Kärnten;2023-04-12;69.23
Kärnten;2023-04-13;67.59
Kärnten;2023-04-14;65.97
Kärnten;2023-04-15;64.33
Kärnten;2023-04-16;62.67
Kärnten;2023-04-17;61.05
Kärnten;2023-04-18;59.48
Kärnten;2023-04-19;58.02
Kärnten;2023-04-20;56.62
Kärnten;2023-04-21;55.28
Kärnten;2023-04-22;54.02
Kärnten;2023-04-23;52.71
Kärnten;2023-04-24;51.42
Kärnten;2023-04-25;50.01
Kärnten;2023-04-26;48.51
Kärnten;2023-04-27;46.98
Kärnten;2023-04-28;45.43
Kärnten;2023-04-29;43.84
Kärnten;2023-04-30;42.24
Kärnten;2023-05-01;40.82
Kärnten;2023-05-02;39.42
Kärnten;2023-05-03;38.1
Kärnten;2023-05-04;36.88
Kärnten;2023-05-05;35.71
Kärnten;2023-05-06;34.57
Kärnten;2023-05-07;33.4
Kärnten;2023-05-08;32.23
Kärnten;2023-05-09;31.02
Kärnten;2023-05-10;29.81
Kärnten;2023-05-11;28.62
Kärnten;2023-05-12;27.43
Kärnten;2023-05-13;26.28
Kärnten;2023-05-14;25.21
Kärnten;2023-05-15;24.18
Kärnten;2023-05-16;23.24
Kärnten;2023-05-17;22.42
Kärnten;2023-05-18;21.68
Kärnten;2023-05-19;21.02
Kärnten;2023-05-20;20.35
Kärnten;2023-05-21;19.71
Kärnten;2023-05-22;19.07
Kärnten;2023-05-23;18.43
Kärnten;2023-05-24;17.81
Kärnten;2023-05-25;17.22
Kärnten;2023-05-26;16.64
Kärnten;2023-05-27;16.09
Kärnten;2023-05-28;15.54
Kärnten;2023-05-29;15.06
Kärnten;2023-05-30;14.64
Kärnten;2023-05-31;14.24
Kärnten;2023-06-01;13.89
Kärnten;2023-06-02;13.52
Kärnten;2023-06-03;13.21
Kärnten;2023-06-04;12.81
Kärnten;2023-06-05;12.42
Kärnten;2023-06-06;12.02
Kärnten;2023-06-07;11.59
Kärnten;2023-06-08;11.15
Kärnten;2023-06-09;10.7
Kärnten;2023-06-10;10.27
Kärnten;2023-06-11;9.86
Kärnten;2023-06-12;9.45
Kärnten;2023-06-13;9.03
Kärnten;2023-06-14;8.64
Kärnten;2023-06-15;8.25
Kärnten;2023-06-16;7.84
Kärnten;2023-06-17;7.49
Kärnten;2023-06-18;7.22
Kärnten;2023-06-19;6.97
Kärnten;2023-06-20;6.79
Kärnten;2023-06-21;6.63
Kärnten;2023-06-22;6.6
Kärnten;2023-06-23;6.56
Kärnten;2023-06-24;6.5
Kärnten;2023-06-25;6.52
Kärnten;2023-06-26;6.53
Kärnten;2023-06-27;6.51
Kärnten;2023-06-28;6.51
Kärnten;2023-06-29;6.52
Kärnten;2023-06-30;6.57
Kärnten;2023-07-01;6.62
Kärnten;2023-07-02;6.77
Kärnten;2023-07-03;6.94
Kärnten;2023-07-04;7.2
Kärnten;2023-07-05;7.5
Kärnten;2023-07-06;7.89
Kärnten;2023-07-07;8.25
Kärnten;2023-07-08;8.6
Kärnten;2023-07-09;8.92
Kärnten;2023-07-10;9.19
Kärnten;2023-07-11;9.38
Kärnten;2023-07-12;9.62
Kärnten;2023-07-13;9.82
Kärnten;2023-07-14;10.02
Kärnten;2023-07-15;10.27
Kärnten;2023-07-16;10.54
Kärnten;2023-07-17;10.85
Kärnten;2023-07-18;11.25
Kärnten;2023-07-19;11.7
Kärnten;2023-07-20;12.28
Kärnten;2023-07-21;12.89
Kärnten;2023-07-22;13.6
Kärnten;2023-07-23;14.36
Kärnten;2023-07-24;15.18
Kärnten;2023-07-25;16.13
Kärnten;2023-07-26;17.12
Kärnten;2023-07-27;18.17
Kärnten;2023-07-28;19.23
Kärnten;2023-07-29;20.21
Kärnten;2023-07-30;21.09
Kärnten;2023-07-31;21.84
Kärnten;2023-08-01;22.46
Kärnten;2023-08-02;22.96
Kärnten;2023-08-03;23.52
Kärnten;2023-08-04;24.06
Kärnten;2023-08-05;24.66
Kärnten;2023-08-06;25.36
Kärnten;2023-08-07;26.15
Kärnten;2023-08-08;27.09
Kärnten;2023-08-09;28.15
Kärnten;2023-08-10;29.28
Kärnten;2023-08-11;30.41
Kärnten;2023-08-12;31.66
Kärnten;2023-08-13;32.98
Kärnten;2023-08-14;34.37
Kärnten;2023-08-15;35.8
Kärnten;2023-08-16;37.35
Kärnten;2023-08-17;38.93
Kärnten;2023-08-18;40.63
Kärnten;2023-08-19;42.4
Kärnten;2023-08-20;44.18
Kärnten;2023-08-21;46.02
Kärnten;2023-08-22;47.93
Kärnten;2023-08-23;49.9
Kärnten;2023-08-24;51.78
Kärnten;2023-08-25;53.55
Kärnten;2023-08-26;55.07
Kärnten;2023-08-27;56.29
Kärnten;2023-08-28;57.12
Kärnten;2023-08-29;57.74
Kärnten;2023-08-30;58.25
Kärnten;2023-08-31;58.76
Kärnten;2023-09-01;59.29
Kärnten;2023-09-02;59.89
Kärnten;2023-09-03;60.57
Kärnten;2023-09-04;61.32
Kärnten;2023-09-05;62.22
Kärnten;2023-09-06;63.22
Kärnten;2023-09-07;64.27
Kärnten;2023-09-08;65.4
Kärnten;2023-09-09;66.63
Kärnten;2023-09-10;67.92
Kärnten;2023-09-11;69.26
Kärnten;2023-09-12;70.65
Kärnten;2023-09-13;72.14
Kärnten;2023-09-14;73.65
Kärnten;2023-09-15;75.16
Kärnten;2023-09-16;76.7
Kärnten;2023-09-17;78.25
Kärnten;2023-09-18;79.86
Kärnten;2023-09-19;81.6
Kärnten;2023-09-20;83.4
Kärnten;2023-09-21;85.46
Kärnten;2023-09-22;87.66
Kärnten;2023-09-23;90.11
Kärnten;2023-09-24;92.88
Kärnten;2023-09-25;95.92
Kärnten;2023-09-26;99.34
Kärnten;2023-09-27;103.07
Kärnten;2023-09-28;106.94
Kärnten;2023-09-29;110.91
Kärnten;2023-09-30;114.71
Kärnten;2023-10-01;118.3
Kärnten;2023-10-02;121.55
Kärnten;2023-10-03;124.32
Kärnten;2023-10-04;126.75
Kärnten;2023-10-05;128.88
Kärnten;2023-10-06;130.91
Kärnten;2023-10-07;132.98
Kärnten;2023-10-08;135.17
Kärnten;2023-10-09;137.61
Kärnten;2023-10-10;140.41
Kärnten;2023-10-11;143.4
Kärnten;2023-10-12;146.64
Kärnten;2023-10-13;149.91
Kärnten;2023-10-14;153.12
Kärnten;2023-10-15;156.15
Kärnten;2023-10-16;158.91
Kärnten;2023-10-17;161.32
Kärnten;2023-10-18;163.38
Kärnten;2023-10-19;165.12
Kärnten;2023-10-20;166.53
Kärnten;2023-10-21;167.61
Kärnten;2023-10-22;168.33
Kärnten;2023-10-23;168.77
Kärnten;2023-10-24;168.96
Kärnten;2023-10-25;169.13
Kärnten;2023-10-26;169.33
Kärnten;2023-10-27;169.75
Kärnten;2023-10-28;170.55
Kärnten;2023-10-29;171.85
Kärnten;2023-10-30;173.78
Kärnten;2023-10-31;176.53
Kärnten;2023-11-01;180.01
Kärnten;2023-11-02;184.31
Kärnten;2023-11-03;189.54
Kärnten;2023-11-04;195.74
Kärnten;2023-11-05;203.34
Kärnten;2023-11-06;212.32
Kärnten;2023-11-07;222.96
Kärnten;2023-11-08;235.1
Kärnten;2023-11-09;248.45
Kärnten;2023-11-10;262.77
Kärnten;2023-11-11;277.88
Kärnten;2023-11-12;293.56
Kärnten;2023-11-13;309.79
Kärnten;2023-11-14;326.58
Kärnten;2023-11-15;343.81
Kärnten;2023-11-16;361.53
Kärnten;2023-11-17;379.62
Kärnten;2023-11-18;398.05
Kärnten;2023-11-19;416.83
Kärnten;2023-11-20;436.0
Kärnten;2023-11-21;455.46
Kärnten;2023-11-22;475.07
Kärnten;2023-11-23;494.16
Kärnten;2023-11-24;512.09
Kärnten;2023-11-25;527.75
Kärnten;2023-11-26;540.28
Kärnten;2023-11-27;549.34
Kärnten;2023-11-28;555.25
Kärnten;2023-11-29;558.96
Kärnten;2023-11-30;561.17
Kärnten;2023-12-01;562.45
Kärnten;2023-12-02;563.09
Kärnten;2023-12-03;563.34
Kärnten;2023-12-04;563.38
Kärnten;2023-12-05;563.31
Kärnten;2023-12-06;563.19
Kärnten;2023-12-07;562.99
Kärnten;2023-12-08;562.62
Kärnten;2023-12-09;561.97
Kärnten;2023-12-10;560.78
Kärnten;2023-12-11;558.93
Kärnten;2023-12-12;556.15
Kärnten;2023-12-13;552.31
Kärnten;2023-12-14;547.32
Kärnten;2023-12-15;541.09
Kärnten;2023-12-16;533.53
Kärnten;2023-12-17;524.36
Kärnten;2023-12-18;513.55
Kärnten;2023-12-19;501.18
Kärnten;2023-12-20;487.63
Kärnten;2023-12-21;473.13
Kärnten;2023-12-22;458.1
Kärnten;2023-12-23;442.71
Kärnten;2023-12-24;427.09
Kärnten;2023-12-25;411.43
Kärnten;2023-12-26;395.82
Kärnten;2023-12-27;380.32
Kärnten;2023-12-28;364.9
Kärnten;2023-12-29;349.63
Kärnten;2023-12-30;334.49
Kärnten;2023-12-31;319.49
Kärnten;2024-01-01;304.58
Kärnten;2024-01-02;289.84
Kärnten;2024-01-03;275.17
Kärnten;2024-01-04;260.74
Kärnten;2024-01-05;246.58
Kärnten;2024-01-06;232.8
Kärnten;2024-01-07;219.54
Kärnten;2024-01-08;207.03
Kärnten;2024-01-09;195.31
Kärnten;2024-01-10;184.4
Kärnten;2024-01-11;174.28
Kärnten;2024-01-12;164.86
Kärnten;2024-01-13;156.04
Kärnten;2024-01-14;147.84
Kärnten;2024-01-15;140.26
Kärnten;2024-01-16;133.31
Kärnten;2024-01-17;126.91
Kärnten;2024-01-18;120.91
Kärnten;2024-01-19;115.15
Kärnten;2024-01-20;109.53
Kärnten;2024-01-21;103.93
Kärnten;2024-01-22;98.36
Kärnten;2024-01-23;92.96
Kärnten;2024-01-24;87.84
Kärnten;2024-01-25;82.98
Kärnten;2024-01-26;78.45
Kärnten;2024-01-27;74.26
Kärnten;2024-01-28;70.35
Kärnten;2024-01-29;66.9
Kärnten;2024-01-30;63.84
Kärnten;2024-01-31;61.17
Kärnten;2024-02-01;58.93
Kärnten;2024-02-02;56.91
Kärnten;2024-02-03;55.08
Kärnten;2024-02-04;53.3
Kärnten;2024-02-05;51.46
Kärnten;2024-02-06;49.48
Kärnten;2024-02-07;47.38
Kärnten;2024-02-08;45.02
Kärnten;2024-02-09;42.57
Kärnten;2024-02-10;40.16
Kärnten;2024-02-11;37.78
Kärnten;2024-02-12;35.48
Kärnten;2024-02-13;33.32
Kärnten;2024-02-14;31.32
Kärnten;2024-02-15;29.41
Kärnten;2024-02-16;27.58
Kärnten;2024-02-17;25.83
Kärnten;2024-02-18;24.14
Kärnten;2024-02-19;22.51
Kärnten;2024-02-20;21.01
Kärnten;2024-02-21;19.56
Kärnten;2024-02-22;18.18
Kärnten;2024-02-23;16.85
Kärnten;2024-02-24;15.63
Kärnten;2024-02-25;14.45
Kärnten;2024-02-26;13.37
Kärnten;2024-02-27;12.4
Kärnten;2024-02-28;11.53
Kärnten;2024-02-29;10.83
Kärnten;2024-03-01;10.19
Kärnten;2024-03-02;9.7
Kärnten;2024-03-03;9.24
Kärnten;2024-03-04;8.95
Kärnten;2024-03-05;8.64
Kärnten;2024-03-06;8.43
Kärnten;2024-03-07;8.23
Kärnten;2024-03-08;8.04
Kärnten;2024-03-09;7.91
Kärnten;2024-03-10;7.72
Kärnten;2024-03-11;7.56
Kärnten;2024-03-12;7.4
Kärnten;2024-03-13;7.18
Kärnten;2024-03-14;6.98
Kärnten;2024-03-15;6.74
Kärnten;2024-03-16;6.53
Kärnten;2024-03-17;6.28
Kärnten;2024-03-18;6.05
Kärnten;2024-03-19;5.82
Kärnten;2024-03-20;5.57
Kärnten;2024-03-21;5.37
Kärnten;2024-03-22;5.2
Kärnten;2024-03-23;5.02
Kärnten;2024-03-24;4.87
Kärnten;2024-03-25;4.75
Kärnten;2024-03-26;4.69
Kärnten;2024-03-27;4.63
Kärnten;2024-03-28;4.59
Kärnten;2024-03-29;4.62
Kärnten;2024-03-30;4.68
Kärnten;2024-03-31;4.73
Kärnten;2024-04-01;4.81
Kärnten;2024-04-02;4.91
Kärnten;2024-04-03;5.09
Kärnten;2024-04-04;5.25
Kärnten;2024-04-05;5.43
Kärnten;2024-04-06;5.59
Kärnten;2024-04-07;5.78
Kärnten;2024-04-08;5.98
Kärnten;2024-04-09;6.2
Kärnten;2024-04-10;6.42
Kärnten;2024-04-11;6.66
Kärnten;2024-04-12;6.89
Kärnten;2024-04-13;7.12
Kärnten;2024-04-14;7.32
Kärnten;2024-04-15;7.44
Kärnten;2024-04-16;7.52
Kärnten;2024-04-17;7.62
Kärnten;2024-04-18;7.67
Kärnten;2024-04-19;7.72
Kärnten;2024-04-20;7.73
Kärnten;2024-04-21;7.79
Kärnten;2024-04-22;7.89
Kärnten;2024-04-23;7.97
Kärnten;2024-04-24;8.08
Kärnten;2024-04-25;8.28
Kärnten;2024-04-26;8.45
Kärnten;2024-04-27;8.65
Kärnten;2024-04-28;8.82
Kärnten;2024-04-29;8.98
Kärnten;2024-04-30;9.17
Kärnten;2024-05-01;9.32
Kärnten;2024-05-02;9.47
Kärnten;2024-05-03;9.65
Kärnten;2024-05-04;9.84
Kärnten;2024-05-05;10.05
Kärnten;2024-05-06;10.34
Kärnten;2024-05-07;10.66
Kärnten;2024-05-08;11.01
Kärnten;2024-05-09;11.43
Kärnten;2024-05-10;11.87
Kärnten;2024-05-11;12.38
Kärnten;2024-05-12;12.98
Kärnten;2024-05-13;13.64
Kärnten;2024-05-14;14.27
Kärnten;2024-05-15;15.03
Kärnten;2024-05-16;15.83
Kärnten;2024-05-17;16.7
Kärnten;2024-05-18;17.52
Kärnten;2024-05-19;18.35
Kärnten;2024-05-20;19.13
Kärnten;2024-05-21;19.97
Kärnten;2024-05-22;20.79
Kärnten;2024-05-23;21.51
Kärnten;2024-05-24;22.21
Kärnten;2024-05-25;22.82
Kärnten;2024-05-26;23.25
Kärnten;2024-05-27;23.63
Kärnten;2024-05-28;23.9
Kärnten;2024-05-29;24.19
Kärnten;2024-05-30;24.53
Kärnten;2024-05-31;24.83
Kärnten;2024-06-01;25.2
Kärnten;2024-06-02;25.59
Kärnten;2024-06-03;26.0
Kärnten;2024-06-04;26.46
Kärnten;2024-06-05;27.01
Kärnten;2024-06-06;27.61
Kärnten;2024-06-07;28.21
Kärnten;2024-06-08;28.88
Kärnten;2024-06-09;29.59
Kärnten;2024-06-10;30.32
Kärnten;2024-06-11;31.1
Kärnten;2024-06-12;32.01
Kärnten;2024-06-13;33.09
Kärnten;2024-06-14;34.36
Kärnten;2024-06-15;35.69
Kärnten;2024-06-16;37.24
Kärnten;2024-06-17;38.96
Kärnten;2024-06-18;40.78
Kärnten;2024-06-19;42.67
Kärnten;2024-06-20;44.62
Kärnten;2024-06-21;46.49
Kärnten;2024-06-22;48.29
Kärnten;2024-06-23;50.03
Kärnten;2024-06-24;51.6
Kärnten;2024-06-25;53.22
Kärnten;2024-06-26;54.78
Kärnten;2024-06-27;56.4
Kärnten;2024-06-28;58.02
Kärnten;2024-06-29;59.64
Kärnten;2024-06-30;61.16
Kärnten;2024-07-01;62.7
Kärnten;2024-07-02;64.2
Kärnten;2024-07-03;65.7
Kärnten;2024-07-04;67.15
Kärnten;2024-07-05;68.59
Kärnten;2024-07-06;69.94
Kärnten;2024-07-07;71.15
Kärnten;2024-07-08;72.14
Kärnten;2024-07-09;72.99
Kärnten;2024-07-10;73.71
Kärnten;2024-07-11;74.31
Kärnten;2024-07-12;74.83
Kärnten;2024-07-13;75.19
Kärnten;2024-07-14;75.39
Kärnten;2024-07-15;75.52
Kärnten;2024-07-16;75.56
Kärnten;2024-07-17;75.73
Kärnten;2024-07-18;75.94
Kärnten;2024-07-19;76.27
Kärnten;2024-07-20;76.76
Kärnten;2024-07-21;77.33
Kärnten;2024-07-22;77.98
Kärnten;2024-07-23;78.85
Kärnten;2024-07-24;79.87
Kärnten;2024-07-25;81.12
Kärnten;2024-07-26;82.62
Kärnten;2024-07-27;84.44
Kärnten;2024-07-28;86.65
Kärnten;2024-07-29;89.28
Kärnten;2024-07-30;92.32
Kärnten;2024-07-31;95.64
Kärnten;2024-08-01;99.11
Kärnten;2024-08-02;102.54
Kärnten;2024-08-03;105.77
Kärnten;2024-08-04;108.56
Kärnten;2024-08-05;110.93
Kärnten;2024-08-06;112.89
Kärnten;2024-08-07;114.52
Kärnten;2024-08-08;116.0
Kärnten;2024-08-09;117.42
Kärnten;2024-08-10;118.8
Kärnten;2024-08-11;120.24
Kärnten;2024-08-12;121.79
Kärnten;2024-08-13;123.41
Kärnten;2024-08-14;125.12
Kärnten;2024-08-15;126.83
Kärnten;2024-08-16;128.48
Kärnten;2024-08-17;129.97
Kärnten;2024-08-18;131.2
Kärnten;2024-08-19;132.13
Kärnten;2024-08-20;132.91
Kärnten;2024-08-21;133.63
Kärnten;2024-08-22;134.48
Kärnten;2024-08-23;135.5
Kärnten;2024-08-24;136.68
Kärnten;2024-08-25;138.11
Kärnten;2024-08-26;139.71
Kärnten;2024-08-27;141.52
Kärnten;2024-08-28;143.46
Kärnten;2024-08-29;145.49
Kärnten;2024-08-30;147.51
Kärnten;2024-08-31;149.44
Kärnten;2024-09-01;151.15
Kärnten;2024-09-02;152.84
Kärnten;2024-09-03;154.61
Kärnten;2024-09-04;156.61
Kärnten;2024-09-05;159.04
Kärnten;2024-09-06;161.79
Kärnten;2024-09-07;164.88
Kärnten;2024-09-08;168.32
Kärnten;2024-09-09;172.21
Kärnten;2024-09-10;176.73
Kärnten;2024-09-11;182.1
Kärnten;2024-09-12;188.34
Kärnten;2024-09-13;195.46
Kärnten;2024-09-14;203.49
Kärnten;2024-09-15;212.47
Kärnten;2024-09-16;222.45
Kärnten;2024-09-17;233.31
Kärnten;2024-09-18;244.69
Kärnten;2024-09-19;256.43
Kärnten;2024-09-20;268.16
Kärnten;2024-09-21;279.55
Kärnten;2024-09-22;290.29
Kärnten;2024-09-23;300.12
Kärnten;2024-09-24;309.1
Kärnten;2024-09-25;317.26
Kärnten;2024-09-26;324.74
Kärnten;2024-09-27;331.46
Kärnten;2024-09-28;337.42
Kärnten;2024-09-29;342.45
Kärnten;2024-09-30;346.48
Kärnten;2024-10-01;349.7
Kärnten;2024-10-02;352.22
Kärnten;2024-10-03;354.01
Kärnten;2024-10-04;354.98
Kärnten;2024-10-05;354.72
Kärnten;2024-10-06;353.01
Kärnten;2024-10-07;349.74
Kärnten;2024-10-08;345.09
Kärnten;2024-10-09;339.55
Kärnten;2024-10-10;333.46
Kärnten;2024-10-11;327.0
Kärnten;2024-10-12;320.27
Kärnten;2024-10-13;313.28
Kärnten;2024-10-14;306.03
Kärnten;2024-10-15;298.44
Kärnten;2024-10-16;290.38
Kärnten;2024-10-17;281.97
Kärnten;2024-10-18;273.19
Kärnten;2024-10-19;264.13
Kärnten;2024-10-20;254.8
Kärnten;2024-10-21;245.21
Kärnten;2024-10-22;235.53
Kärnten;2024-10-23;225.71
Kärnten;2024-10-24;215.89
Kärnten;2024-10-25;206.12
Kärnten;2024-10-26;196.48
Kärnten;2024-10-27;187.06
Kärnten;2024-10-28;177.93
Kärnten;2024-10-29;169.31
Kärnten;2024-10-30;161.14
Kärnten;2024-10-31;153.56
Kärnten;2024-11-01;146.55
Kärnten;2024-11-02;140.1
Kärnten;2024-11-03;134.32
Kärnten;2024-11-04;129.29
Kärnten;2024-11-05;125.05
Kärnten;2024-11-06;121.46
Kärnten;2024-11-07;118.46
Kärnten;2024-11-08;115.83
Kärnten;2024-11-09;113.55
Kärnten;2024-11-10;111.61
Kärnten;2024-11-11;109.94
Kärnten;2024-11-12;108.52
Kärnten;2024-11-13;107.46
Kärnten;2024-11-14;106.59
Kärnten;2024-11-15;105.95
Kärnten;2024-11-16;105.51
Kärnten;2024-11-17;105.21
Kärnten;2024-11-18;105.24
Kärnten;2024-11-19;105.53
Kärnten;2024-11-20;106.17
Kärnten;2024-11-21;107.17
Kärnten;2024-11-22;108.43
Kärnten;2024-11-23;109.98
Kärnten;2024-11-24;111.72
Kärnten;2024-11-25;113.67
Kärnten;2024-11-26;115.79
Kärnten;2024-11-27;118.12
Kärnten;2024-11-28;120.62
Kärnten;2024-11-29;123.27
Kärnten;2024-11-30;125.97
Kärnten;2024-12-01;128.73
Kärnten;2024-12-02;131.45
Kärnten;2024-12-03;134.18
Kärnten;2024-12-04;136.85
Kärnten;2024-12-05;139.4
Kärnten;2024-12-06;141.69
Kärnten;2024-12-07;143.59
Kärnten;2024-12-08;144.96
Kärnten;2024-12-09;145.74
Kärnten;2024-12-10;145.85
Kärnten;2024-12-11;145.39
Kärnten;2024-12-12;144.48
Kärnten;2024-12-13;143.18
Kärnten;2024-12-14;141.67
Kärnten;2024-12-15;139.9
Kärnten;2024-12-16;138.03
Kärnten;2024-12-17;136.14
Kärnten;2024-12-18;134.36
Kärnten;2024-12-19;132.7
Kärnten;2024-12-20;131.13
Kärnten;2024-12-21;129.69
Kärnten;2024-12-22;128.4
Kärnten;2024-12-23;127.08
Kärnten;2024-12-24;125.84
Kärnten;2024-12-25;124.48
Kärnten;2024-12-26;122.96
Kärnten;2024-12-27;121.29
Kärnten;2024-12-28;119.39
Kärnten;2024-12-29;117.15
Kärnten;2024-12-30;114.52
Kärnten;2024-12-31;111.59
Kärnten;2025-01-01;108.39
Kärnten;2025-01-02;105.04
Kärnten;2025-01-03;101.51
Kärnten;2025-01-04;97.98
Kärnten;2025-01-05;94.42
Kärnten;2025-01-06;90.95
Kärnten;2025-01-07;87.51
Kärnten;2025-01-08;84.12
Kärnten;2025-01-09;80.77
Kärnten;2025-01-10;77.53
Kärnten;2025-01-11;74.36
Kärnten;2025-01-12;71.3
Kärnten;2025-01-13;68.39
Kärnten;2025-01-14;65.65
Kärnten;2025-01-15;63.16
Kärnten;2025-01-16;60.79
Kärnten;2025-01-17;58.53
Kärnten;2025-01-18;56.34
Kärnten;2025-01-19;54.2
Kärnten;2025-01-20;51.97
Kärnten;2025-01-21;49.62
Kärnten;2025-01-22;47.2
Kärnten;2025-01-23;44.71
Kärnten;2025-01-24;42.13
Kärnten;2025-01-25;39.61
Kärnten;2025-01-26;37.11
Kärnten;2025-01-27;34.8
Kärnten;2025-01-28;32.59
Kärnten;2025-01-29;30.55
Kärnten;2025-01-30;28.59
Kärnten;2025-01-31;26.8
Kärnten;2025-02-01;25.07
Kärnten;2025-02-02;23.4
Kärnten;2025-02-03;21.83
Kärnten;2025-02-04;20.33
Kärnten;2025-02-05;19.08
Kärnten;2025-02-06;17.94
Kärnten;2025-02-07;17.01
Kärnten;2025-02-08;16.19
Kärnten;2025-02-09;15.47
Kärnten;2025-02-10;14.94
Kärnten;2025-02-11;14.44
Kärnten;2025-02-12;14.1
Kärnten;2025-02-13;13.76
Kärnten;2025-02-14;13.46
Kärnten;2025-02-15;13.14
Kärnten;2025-02-16;12.81
Kärnten;2025-02-17;12.46
Kärnten;2025-02-18;12.04
Kärnten;2025-02-19;11.64
Kärnten;2025-02-20;11.13
Kärnten;2025-02-21;10.67
Kärnten;2025-02-22;10.22
Kärnten;2025-02-23;9.8
Kärnten;2025-02-24;9.46
Kärnten;2025-02-25;9.17
Kärnten;2025-02-26;8.97
Kärnten;2025-02-27;8.79
Kärnten;2025-02-28;8.69
Kärnten;2025-03-01;8.63
Kärnten;2025-03-02;8.6
Kärnten;2025-03-03;8.59
Kärnten;2025-03-04;8.6
Kärnten;2025-03-05;8.67
Kärnten;2025-03-06;8.68
Kärnten;2025-03-07;8.72
Kärnten;2025-03-08;8.79
Kärnten;2025-03-09;8.82
Kärnten;2025-03-10;8.84
Kärnten;2025-03-11;8.85
Kärnten;2025-03-12;8.8
Kärnten;2025-03-13;8.78
Kärnten;2025-03-14;8.69
Kärnten;2025-03-15;8.69
Kärnten;2025-03-16;8.66
Kärnten;2025-03-17;8.67
Kärnten;2025-03-18;8.68
Kärnten;2025-03-19;8.72
Kärnten;2025-03-20;8.82
Kärnten;2025-03-21;8.87
Kärnten;2025-03-22;8.93
Kärnten;2025-03-23;8.95
Kärnten;2025-03-24;8.96
Kärnten;2025-03-25;8.88
Kärnten;2025-03-26;8.82
Kärnten;2025-03-27;8.71
Kärnten;2025-03-28;8.69
Kärnten;2025-03-29;8.64
Kärnten;2025-03-30;8.61
Oberösterreich;2022-09-01;76.41
Oberösterreich;2022-09-02;77.19
Oberösterreich;2022-09-03;78.08
Oberösterreich;2022-09-04;79.01
Oberösterreich;2022-09-05;80.05
Oberösterreich;2022-09-06;81.29
Oberösterreich;2022-09-07;82.67
Oberösterreich;2022-09-08;84.39
Oberösterreich;2022-09-09;86.41
Oberösterreich;2022-09-10;88.81
Oberösterreich;2022-09-11;91.6
Oberösterreich;2022-09-12;94.98
Oberösterreich;2022-09-13;98.78
Oberösterreich;2022-09-14;103.13
Oberösterreich;2022-09-15;107.91
Oberösterreich;2022-09-16;113.18
Oberösterreich;2022-09-17;118.93
Oberösterreich;2022-09-18;125.4
Oberösterreich;2022-09-19;132.73
Oberösterreich;2022-09-20;140.96
Oberösterreich;2022-09-21;150.11
Oberösterreich;2022-09-22;160.11
Oberösterreich;2022-09-23;170.93
Oberösterreich;2022-09-24;182.34
Oberösterreich;2022-09-25;194.4
Oberösterreich;2022-09-26;206.82
Oberösterreich;2022-09-27;219.37
Oberösterreich;2022-09-28;231.58
Oberösterreich;2022-09-29;243.27
Oberösterreich;2022-09-30;254.02
Oberösterreich;2022-10-01;263.77
Oberösterreich;2022-10-02;271.93
Oberösterreich;2022-10-03;278.29
Oberösterreich;2022-10-04;282.58
Oberösterreich;2022-10-05;284.86
Oberösterreich;2022-10-06;285.19
Oberösterreich;2022-10-07;283.92
Oberösterreich;2022-10-08;281.03
Oberösterreich;2022-10-09;276.54
Oberösterreich;2022-10-10;270.38
Oberösterreich;2022-10-11;262.65
Oberösterreich;2022-10-12;253.58
Oberösterreich;2022-10-13;243.51
Oberösterreich;2022-10-14;232.73
Oberösterreich;2022-10-15;221.48
Oberösterreich;2022-10-16;210.13
Oberösterreich;2022-10-17;198.94
Oberösterreich;2022-10-18;188.22
Oberösterreich;2022-10-19;178.42
Oberösterreich;2022-10-20;169.37
Oberösterreich;2022-10-21;161.07
Oberösterreich;2022-10-22;153.3
Oberösterreich;2022-10-23;145.97
Oberösterreich;2022-10-24;138.99
Oberösterreich;2022-10-25;132.35
Oberösterreich;2022-10-26;126.04
Oberösterreich;2022-10-27;120.08
Oberösterreich;2022-10-28;114.4
Oberösterreich;2022-10-29;109.22
Oberösterreich;2022-10-30;104.64
Oberösterreich;2022-10-31;100.84
Oberösterreich;2022-11-01;97.63
Oberösterreich;2022-11-02;95.1
Oberösterreich;2022-11-03;93.0
Oberösterreich;2022-11-04;91.37
Oberösterreich;2022-11-05;90.01
Oberösterreich;2022-11-06;89.05
Oberösterreich;2022-11-07;88.37
Oberösterreich;2022-11-08;88.1
Oberösterreich;2022-11-09;88.29
Oberösterreich;2022-11-10;88.9
Oberösterreich;2022-11-11;89.79
Oberösterreich;2022-11-12;90.79
Oberösterreich;2022-11-13;91.88
Oberösterreich;2022-11-14;93.07
Oberösterreich;2022-11-15;94.32
Oberösterreich;2022-11-16;95.71
Oberösterreich;2022-11-17;97.12
Oberösterreich;2022-11-18;98.54
Oberösterreich;2022-11-19;99.98
Oberösterreich;2022-11-20;101.33
Oberösterreich;2022-11-21;102.67
Oberösterreich;2022-11-22;103.89
Oberösterreich;2022-11-23;105.08
Oberösterreich;2022-11-24;106.29
Oberösterreich;2022-11-25;107.49
Oberösterreich;2022-11-26;108.62
Oberösterreich;2022-11-27;109.69
Oberösterreich;2022-11-28;110.66
Oberösterreich;2022-11-29;111.66
Oberösterreich;2022-11-30;112.72
Oberösterreich;2022-12-01;113.8
Oberösterreich;2022-12-02;114.96
Oberösterreich;2022-12-03;116.18
Oberösterreich;2022-12-04;117.43
Oberösterreich;2022-12-05;118.81
Oberösterreich;2022-12-06;120.43
Oberösterreich;2022-12-07;122.34
Oberösterreich;2022-12-08;124.61
Oberösterreich;2022-12-09;126.91
Oberösterreich;2022-12-10;129.27
Oberösterreich;2022-12-11;131.41
Oberösterreich;2022-12-12;133.44
Oberösterreich;2022-12-13;135.34
Oberösterreich;2022-12-14;137.29
Oberösterreich;2022-12-15;139.19
Oberösterreich;2022-12-16;141.09
Oberösterreich;2022-12-17;142.73
Oberösterreich;2022-12-18;144.13
Oberösterreich;2022-12-19;145.09
Oberösterreich;2022-12-20;145.7
Oberösterreich;2022-12-21;145.96
Oberösterreich;2022-12-22;146.08
Oberösterreich;2022-12-23;145.94
Oberösterreich;2022-12-24;145.77
Oberösterreich;2022-12-25;145.42
Oberösterreich;2022-12-26;144.95
Oberösterreich;2022-12-27;144.16
Oberösterreich;2022-12-28;143.01
Oberösterreich;2022-12-29;141.5
Oberösterreich;2022-12-30;139.73
Oberösterreich;2022-12-31;137.63
Oberösterreich;2023-01-01;135.33
Oberösterreich;2023-01-02;132.81
Oberösterreich;2023-01-03;130.18
Oberösterreich;2023-01-04;127.36
Oberösterreich;2023-01-05;124.58
Oberösterreich;2023-01-06;121.92
Oberösterreich;2023-01-07;119.57
Oberösterreich;2023-01-08;117.67
Oberösterreich;2023-01-09;116.3
Oberösterreich;2023-01-10;115.63
Oberösterreich;2023-01-11;115.54
Oberösterreich;2023-01-12;116.05
Oberösterreich;2023-01-13;117.02
Oberösterreich;2023-01-14;118.37
Oberösterreich;2023-01-15;118.51
Oberösterreich;2023-01-16;120.53
Oberösterreich;2023-01-17;122.98
Oberösterreich;2023-01-18;125.93
Oberösterreich;2023-01-19;129.3
Oberösterreich;2023-01-20;132.99
Oberösterreich;2023-01-21;136.87
Oberösterreich;2023-01-22;140.92
Oberösterreich;2023-01-23;145.21
Oberösterreich;2023-01-24;149.91
Oberösterreich;2023-01-25;155.13
Oberösterreich;2023-01-26;160.97
Oberösterreich;2023-01-27;167.33
Oberösterreich;2023-01-28;174.13
Oberösterreich;2023-01-29;181.37
Oberösterreich;2023-01-30;189.1
Oberösterreich;2023-01-31;197.44
Oberösterreich;2023-02-01;206.35
Oberösterreich;2023-02-02;215.83
Oberösterreich;2023-02-03;225.89
Oberösterreich;2023-02-04;236.37
Oberösterreich;2023-02-05;247.2
Oberösterreich;2023-02-06;258.45
Oberösterreich;2023-02-07;270.0
Oberösterreich;2023-02-08;281.7
Oberösterreich;2023-02-09;293.52
Oberösterreich;2023-02-10;305.32
Oberösterreich;2023-02-11;316.94
Oberösterreich;2023-02-12;328.35
Oberösterreich;2023-02-13;339.45
Oberösterreich;2023-02-14;350.18
Oberösterreich;2023-02-15;360.36
Oberösterreich;2023-02-16;369.77
Oberösterreich;2023-02-17;378.17
Oberösterreich;2023-02-18;385.06
Oberösterreich;2023-02-19;389.77
Oberösterreich;2023-02-20;391.99
Oberösterreich;2023-02-21;391.63
Oberösterreich;2023-02-22;388.82
Oberösterreich;2023-02-23;384.27
Oberösterreich;2023-02-24;378.61
Oberösterreich;2023-02-25;372.24
Oberösterreich;2023-02-26;365.79
Oberösterreich;2023-02-27;359.41
Oberösterreich;2023-02-28;353.21
Oberösterreich;2023-03-01;347.25
Oberösterreich;2023-03-02;341.44
Oberösterreich;2023-03-03;335.7
Oberösterreich;2023-03-04;329.96
Oberösterreich;2023-03-05;324.36
Oberösterreich;2023-03-06;318.85
Oberösterreich;2023-03-07;313.63
Oberösterreich;2023-03-08;308.63
Oberösterreich;2023-03-09;303.9
Oberösterreich;2023-03-10;299.13
Oberösterreich;2023-03-11;294.23
Oberösterreich;2023-03-12;288.79
Oberösterreich;2023-03-13;282.61
Oberösterreich;2023-03-14;275.29
Oberösterreich;2023-03-15;266.75
Oberösterreich;2023-03-16;257.14
Oberösterreich;2023-03-17;246.78
Oberösterreich;2023-03-18;236.12
Oberösterreich;2023-03-19;225.52
Oberösterreich;2023-03-20;215.09
Oberösterreich;2023-03-21;205.16
Oberösterreich;2023-03-22;195.67
Oberösterreich;2023-03-23;186.61
Oberösterreich;2023-03-24;178.06
Oberösterreich;2023-03-25;169.88
Oberösterreich;2023-03-26;162.17
Oberösterreich;2023-03-27;155.17
Oberösterreich;2023-03-28;148.82
Oberösterreich;2023-03-29;143.41
Oberösterreich;2023-03-30;138.68
Oberösterreich;2023-03-31;134.6
Oberösterreich;2023-04-01;130.85
Oberösterreich;2023-04-02;127.44
Oberösterreich;2023-04-03;124.07
Oberösterreich;2023-04-04;120.66
Oberösterreich;2023-04-05;117.01
Oberösterreich;2023-04-06;113.12
Oberösterreich;2023-04-07;109.06
Oberösterreich;2023-04-08;104.83
Oberösterreich;2023-04-09;100.56
Oberösterreich;2023-04-10;96.35
Oberösterreich;2023-04-11;92.11
Oberösterreich;2023-04-12;88.02
Oberösterreich;2023-04-13;83.97
Oberösterreich;2023-04-14;80.05
Oberösterreich;2023-04-15;76.21
Oberösterreich;2023-04-16;72.53
Oberösterreich;2023-04-17;69.11
Oberösterreich;2023-04-18;65.85
Oberösterreich;2023-04-19;62.91
Oberösterreich;2023-04-20;60.25
Oberösterreich;2023-04-21;57.74
Oberösterreich;2023-04-22;55.47
Oberösterreich;2023-04-23;53.3
Oberösterreich;2023-04-24;51.23
Oberösterreich;2023-04-25;49.29
Oberösterreich;2023-04-26;47.4
Oberösterreich;2023-04-27;45.62
Oberösterreich;2023-04-28;43.94
Oberösterreich;2023-04-29;42.28
Oberösterreich;2023-04-30;40.66
Oberösterreich;2023-05-01;39.14
Oberösterreich;2023-05-02;37.7
Oberösterreich;2023-05-03;36.3
Oberösterreich;2023-05-04;35.0
Oberösterreich;2023-05-05;33.77
Oberösterreich;2023-05-06;32.54
Oberösterreich;2023-05-07;31.44
Oberösterreich;2023-05-08;30.37
Oberösterreich;2023-05-09;29.36
Oberösterreich;2023-05-10;28.55
Oberösterreich;2023-05-11;27.8
Oberösterreich;2023-05-12;27.17
Oberösterreich;2023-05-13;26.63
Oberösterreich;2023-05-14;26.18
Oberösterreich;2023-05-15;25.7
Oberösterreich;2023-05-16;25.31
Oberösterreich;2023-05-17;25.02
Oberösterreich;2023-05-18;24.65
Oberösterreich;2023-05-19;24.35
Oberösterreich;2023-05-20;23.94
Oberösterreich;2023-05-21;23.53
Oberösterreich;2023-05-22;22.99
Oberösterreich;2023-05-23;22.41
Oberösterreich;2023-05-24;21.75
Oberösterreich;2023-05-25;21.04
Oberösterreich;2023-05-26;20.28
Oberösterreich;2023-05-27;19.44
Oberösterreich;2023-05-28;18.63
Oberösterreich;2023-05-29;17.76
Oberösterreich;2023-05-30;16.9
Oberösterreich;2023-05-31;16.0
Oberösterreich;2023-06-01;15.19
Oberösterreich;2023-06-02;14.36
Oberösterreich;2023-06-03;13.54
Oberösterreich;2023-06-04;12.8
Oberösterreich;2023-06-05;12.19
Oberösterreich;2023-06-06;11.57
Oberösterreich;2023-06-07;11.1
Oberösterreich;2023-06-08;10.78
Oberösterreich;2023-06-09;10.5
Oberösterreich;2023-06-10;10.29
Oberösterreich;2023-06-11;10.14
Oberösterreich;2023-06-12;10.14
Oberösterreich;2023-06-13;10.19
Oberösterreich;2023-06-14;10.4
Oberösterreich;2023-06-15;10.59
Oberösterreich;2023-06-16;10.86
Oberösterreich;2023-06-17;11.2
Oberösterreich;2023-06-18;11.44
Oberösterreich;2023-06-19;11.65
Oberösterreich;2023-06-20;11.67
Oberösterreich;2023-06-21;11.48
Oberösterreich;2023-06-22;11.2
Oberösterreich;2023-06-23;10.75
Oberösterreich;2023-06-24;10.2
Oberösterreich;2023-06-25;9.65
Oberösterreich;2023-06-26;9.14
Oberösterreich;2023-06-27;8.64
Oberösterreich;2023-06-28;8.23
Oberösterreich;2023-06-29;7.86
Oberösterreich;2023-06-30;7.59
Oberösterreich;2023-07-01;7.38
Oberösterreich;2023-07-02;7.17
Oberösterreich;2023-07-03;7.05
Oberösterreich;2023-07-04;6.91
Oberösterreich;2023-07-05;6.91
Oberösterreich;2023-07-06;6.82
Oberösterreich;2023-07-07;6.8
Oberösterreich;2023-07-08;6.79
Oberösterreich;2023-07-09;6.84
Oberösterreich;2023-07-10;6.91
Oberösterreich;2023-07-11;7.02
Oberösterreich;2023-07-12;7.16
Oberösterreich;2023-07-13;7.29
Oberösterreich;2023-07-14;7.43
Oberösterreich;2023-07-15;7.64
Oberösterreich;2023-07-16;7.89
Oberösterreich;2023-07-17;8.09
Oberösterreich;2023-07-18;8.46
Oberösterreich;2023-07-19;8.78
Oberösterreich;2023-07-20;9.18
Oberösterreich;2023-07-21;9.7
Oberösterreich;2023-07-22;10.14
Oberösterreich;2023-07-23;10.59
Oberösterreich;2023-07-24;11.03
Oberösterreich;2023-07-25;11.5
Oberösterreich;2023-07-26;11.92
Oberösterreich;2023-07-27;12.25
Oberösterreich;2023-07-28;12.68
Oberösterreich;2023-07-29;13.19
Oberösterreich;2023-07-30;13.74
Oberösterreich;2023-07-31;14.32
Oberösterreich;2023-08-01;15.08
Oberösterreich;2023-08-02;15.95
Oberösterreich;2023-08-03;16.96
Oberösterreich;2023-08-04;17.97
Oberösterreich;2023-08-05;19.08
Oberösterreich;2023-08-06;20.22
Oberösterreich;2023-08-07;21.49
Oberösterreich;2023-08-08;22.78
Oberösterreich;2023-08-09;24.14
Oberösterreich;2023-08-10;25.43
Oberösterreich;2023-08-11;26.75
Oberösterreich;2023-08-12;27.97
Oberösterreich;2023-08-13;29.03
Oberösterreich;2023-08-14;30.02
Oberösterreich;2023-08-15;30.87
Oberösterreich;2023-08-16;31.47
Oberösterreich;2023-08-17;31.96
Oberösterreich;2023-08-18;32.32
Oberösterreich;2023-08-19;32.6
Oberösterreich;2023-08-20;32.83
Oberösterreich;2023-08-21;32.99
Oberösterreich;2023-08-22;33.17
Oberösterreich;2023-08-23;33.43
Oberösterreich;2023-08-24;33.82
Oberösterreich;2023-08-25;34.37
Oberösterreich;2023-08-26;35.08
Oberösterreich;2023-08-27;36.07
Oberösterreich;2023-08-28;37.32
Oberösterreich;2023-08-29;38.86
Oberösterreich;2023-08-30;40.59
Oberösterreich;2023-08-31;42.57
Oberösterreich;2023-09-01;44.62
Oberösterreich;2023-09-02;46.67
Oberösterreich;2023-09-03;48.69
Oberösterreich;2023-09-04;50.61
Oberösterreich;2023-09-05;52.33
Oberösterreich;2023-09-06;53.9
Oberösterreich;2023-09-07;55.26
Oberösterreich;2023-09-08;56.55
Oberösterreich;2023-09-09;57.69
Oberösterreich;2023-09-10;58.79
Oberösterreich;2023-09-11;59.88
Oberösterreich;2023-09-12;61.08
Oberösterreich;2023-09-13;62.5
Oberösterreich;2023-09-14;64.15
Oberösterreich;2023-09-15;65.98
Oberösterreich;2023-09-16;67.9
Oberösterreich;2023-09-17;69.87
Oberösterreich;2023-09-18;71.94
Oberösterreich;2023-09-19;73.98
Oberösterreich;2023-09-20;76.18
Oberösterreich;2023-09-21;78.39
Oberösterreich;2023-09-22;80.57
Oberösterreich;2023-09-23;82.68
Oberösterreich;2023-09-24;84.61
Oberösterreich;2023-09-25;86.24
Oberösterreich;2023-09-26;87.64
Oberösterreich;2023-09-27;88.77
Oberösterreich;2023-09-28;89.59
Oberösterreich;2023-09-29;90.12
Oberösterreich;2023-09-30;90.33
Oberösterreich;2023-10-01;90.21
Oberösterreich;2023-10-02;89.82
Oberösterreich;2023-10-03;89.15
Oberösterreich;2023-10-04;88.48
Oberösterreich;2023-10-05;87.91
Oberösterreich;2023-10-06;87.44
Oberösterreich;2023-10-07;87.1
Oberösterreich;2023-10-08;86.87
Oberösterreich;2023-10-09;86.94
Oberösterreich;2023-10-10;87.37
Oberösterreich;2023-10-11;88.32
Oberösterreich;2023-10-12;89.69
Oberösterreich;2023-10-13;91.52
Oberösterreich;2023-10-14;93.87
Oberösterreich;2023-10-15;96.74
Oberösterreich;2023-10-16;100.08
Oberösterreich;2023-10-17;104.03
Oberösterreich;2023-10-18;108.42
Oberösterreich;2023-10-19;113.06
Oberösterreich;2023-10-20;117.85
Oberösterreich;2023-10-21;122.69
Oberösterreich;2023-10-22;127.48
Oberösterreich;2023-10-23;132.11
Oberösterreich;2023-10-24;136.74
Oberösterreich;2023-10-25;141.22
Oberösterreich;2023-10-26;145.63
Oberösterreich;2023-10-27;149.82
Oberösterreich;2023-10-28;153.73
Oberösterreich;2023-10-29;157.25
Oberösterreich;2023-10-30;160.26
Oberösterreich;2023-10-31;162.93
Oberösterreich;2023-11-01;165.37
Oberösterreich;2023-11-02;167.84
Oberösterreich;2023-11-03;170.54
Oberösterreich;2023-11-04;173.77
Oberösterreich;2023-11-05;177.78
Oberösterreich;2023-11-06;182.71
Oberösterreich;2023-11-07;188.59
Oberösterreich;2023-11-08;195.28
Oberösterreich;2023-11-09;202.69
Oberösterreich;2023-11-10;210.64
Oberösterreich;2023-11-11;219.21
Oberösterreich;2023-11-12;228.51
Oberösterreich;2023-11-13;238.59
Oberösterreich;2023-11-14;249.51
Oberösterreich;2023-11-15;261.28
Oberösterreich;2023-11-16;273.9
Oberösterreich;2023-11-17;287.38
Oberösterreich;2023-11-18;301.8
Oberösterreich;2023-11-19;317.32
Oberösterreich;2023-11-20;333.83
Oberösterreich;2023-11-21;351.13
Oberösterreich;2023-11-22;368.62
Oberösterreich;2023-11-23;385.9
Oberösterreich;2023-11-24;402.5
Oberösterreich;2023-11-25;417.89
Oberösterreich;2023-11-26;431.37
Oberösterreich;2023-11-27;442.44
Oberösterreich;2023-11-28;450.8
Oberösterreich;2023-11-29;456.34
Oberösterreich;2023-11-30;459.56
Oberösterreich;2023-12-01;460.98
Oberösterreich;2023-12-02;461.09
Oberösterreich;2023-12-03;460.24
Oberösterreich;2023-12-04;458.86
Oberösterreich;2023-12-05;457.3
Oberösterreich;2023-12-06;455.87
Oberösterreich;2023-12-07;454.58
Oberösterreich;2023-12-08;453.27
Oberösterreich;2023-12-09;451.65
Oberösterreich;2023-12-10;449.54
Oberösterreich;2023-12-11;446.93
Oberösterreich;2023-12-12;444.2
Oberösterreich;2023-12-13;441.52
Oberösterreich;2023-12-14;439.01
Oberösterreich;2023-12-15;436.17
Oberösterreich;2023-12-16;432.65
Oberösterreich;2023-12-17;427.96
Oberösterreich;2023-12-18;421.71
Oberösterreich;2023-12-19;413.84
Oberösterreich;2023-12-20;404.5
Oberösterreich;2023-12-21;393.99
Oberösterreich;2023-12-22;382.84
Oberösterreich;2023-12-23;371.37
Oberösterreich;2023-12-24;359.68
Oberösterreich;2023-12-25;347.82
Oberösterreich;2023-12-26;335.35
Oberösterreich;2023-12-27;321.98
Oberösterreich;2023-12-28;307.63
Oberösterreich;2023-12-29;292.66
Oberösterreich;2023-12-30;277.31
Oberösterreich;2023-12-31;261.88
Oberösterreich;2024-01-01;246.54
Oberösterreich;2024-01-02;231.43
Oberösterreich;2024-01-03;216.48
Oberösterreich;2024-01-04;201.92
Oberösterreich;2024-01-05;187.81
Oberösterreich;2024-01-06;174.32
Oberösterreich;2024-01-07;161.69
Oberösterreich;2024-01-08;150.18
Oberösterreich;2024-01-09;139.8
Oberösterreich;2024-01-10;130.45
Oberösterreich;2024-01-11;121.96
Oberösterreich;2024-01-12;114.23
Oberösterreich;2024-01-13;107.22
Oberösterreich;2024-01-14;100.8
Oberösterreich;2024-01-15;95.02
Oberösterreich;2024-01-16;89.79
Oberösterreich;2024-01-17;85.14
Oberösterreich;2024-01-18;80.9
Oberösterreich;2024-01-19;77.01
Oberösterreich;2024-01-20;73.43
Oberösterreich;2024-01-21;70.1
Oberösterreich;2024-01-22;67.09
Oberösterreich;2024-01-23;64.25
Oberösterreich;2024-01-24;61.57
Oberösterreich;2024-01-25;58.98
Oberösterreich;2024-01-26;56.48
Oberösterreich;2024-01-27;53.99
Oberösterreich;2024-01-28;51.54
Oberösterreich;2024-01-29;49.19
Oberösterreich;2024-01-30;46.88
Oberösterreich;2024-01-31;44.75
Oberösterreich;2024-02-01;42.77
Oberösterreich;2024-02-02;40.89
Oberösterreich;2024-02-03;39.12
Oberösterreich;2024-02-04;37.51
Oberösterreich;2024-02-05;35.95
Oberösterreich;2024-02-06;34.5
Oberösterreich;2024-02-07;33.13
Oberösterreich;2024-02-08;31.76
Oberösterreich;2024-02-09;30.52
Oberösterreich;2024-02-10;29.35
Oberösterreich;2024-02-11;28.39
Oberösterreich;2024-02-12;27.51
Oberösterreich;2024-02-13;26.86
Oberösterreich;2024-02-14;26.4
Oberösterreich;2024-02-15;26.05
Oberösterreich;2024-02-16;25.61
Oberösterreich;2024-02-17;25.11
Oberösterreich;2024-02-18;24.32
Oberösterreich;2024-02-19;23.33
Oberösterreich;2024-02-20;22.04
Oberösterreich;2024-02-21;20.71
Oberösterreich;2024-02-22;19.32
Oberösterreich;2024-02-23;17.95
Oberösterreich;2024-02-24;16.61
Oberösterreich;2024-02-25;15.33
Oberösterreich;2024-02-26;14.14
Oberösterreich;2024-02-27;13.02
Oberösterreich;2024-02-28;12.04
Oberösterreich;2024-02-29;11.14
Oberösterreich;2024-03-01;10.39
Oberösterreich;2024-03-02;9.68
Oberösterreich;2024-03-03;9.06
Oberösterreich;2024-03-04;8.5
Oberösterreich;2024-03-05;8.01
Oberösterreich;2024-03-06;7.58
Oberösterreich;2024-03-07;7.16
Oberösterreich;2024-03-08;6.82
Oberösterreich;2024-03-09;6.53
Oberösterreich;2024-03-10;6.23
Oberösterreich;2024-03-11;5.97
Oberösterreich;2024-03-12;5.75
Oberösterreich;2024-03-13;5.6
Oberösterreich;2024-03-14;5.44
Oberösterreich;2024-03-15;5.27
Oberösterreich;2024-03-16;5.12
Oberösterreich;2024-03-17;4.97
Oberösterreich;2024-03-18;4.8
Oberösterreich;2024-03-19;4.65
Oberösterreich;2024-03-20;4.45
Oberösterreich;2024-03-21;4.31
Oberösterreich;2024-03-22;4.22
Oberösterreich;2024-03-23;4.06
Oberösterreich;2024-03-24;3.95
Oberösterreich;2024-03-25;3.84
Oberösterreich;2024-03-26;3.72
Oberösterreich;2024-03-27;3.67
Oberösterreich;2024-03-28;3.58
Oberösterreich;2024-03-29;3.53
Oberösterreich;2024-03-30;3.45
Oberösterreich;2024-03-31;3.39
Oberösterreich;2024-04-01;3.4
Oberösterreich;2024-04-02;3.28
Oberösterreich;2024-04-03;3.24
Oberösterreich;2024-04-04;3.2
Oberösterreich;2024-04-05;3.17
Oberösterreich;2024-04-06;3.07
Oberösterreich;2024-04-07;3.03
Oberösterreich;2024-04-08;2.99
Oberösterreich;2024-04-09;2.94
Oberösterreich;2024-04-10;2.91
Oberösterreich;2024-04-11;2.92
Oberösterreich;2024-04-12;2.87
Oberösterreich;2024-04-13;2.89
Oberösterreich;2024-04-14;3.0
Oberösterreich;2024-04-15;3.06
Oberösterreich;2024-04-16;3.2
Oberösterreich;2024-04-17;3.42
Oberösterreich;2024-04-18;3.61
Oberösterreich;2024-04-19;3.84
Oberösterreich;2024-04-20;4.1
Oberösterreich;2024-04-21;4.37
Oberösterreich;2024-04-22;4.62
Oberösterreich;2024-04-23;4.94
Oberösterreich;2024-04-24;5.2
Oberösterreich;2024-04-25;5.47
Oberösterreich;2024-04-26;5.73
Oberösterreich;2024-04-27;6.01
Oberösterreich;2024-04-28;6.27
Oberösterreich;2024-04-29;6.54
Oberösterreich;2024-04-30;6.89
Oberösterreich;2024-05-01;7.22
Oberösterreich;2024-05-02;7.58
Oberösterreich;2024-05-03;8.0
Oberösterreich;2024-05-04;8.43
Oberösterreich;2024-05-05;8.89
Oberösterreich;2024-05-06;9.36
Oberösterreich;2024-05-07;9.87
Oberösterreich;2024-05-08;10.46
Oberösterreich;2024-05-09;11.06
Oberösterreich;2024-05-10;11.67
Oberösterreich;2024-05-11;12.34
Oberösterreich;2024-05-12;12.99
Oberösterreich;2024-05-13;13.56
Oberösterreich;2024-05-14;14.09
Oberösterreich;2024-05-15;14.51
Oberösterreich;2024-05-16;14.88
Oberösterreich;2024-05-17;15.15
Oberösterreich;2024-05-18;15.41
Oberösterreich;2024-05-19;15.62
Oberösterreich;2024-05-20;15.72
Oberösterreich;2024-05-21;15.91
Oberösterreich;2024-05-22;15.98
Oberösterreich;2024-05-23;16.16
Oberösterreich;2024-05-24;16.33
Oberösterreich;2024-05-25;16.47
Oberösterreich;2024-05-26;16.72
Oberösterreich;2024-05-27;17.05
Oberösterreich;2024-05-28;17.36
Oberösterreich;2024-05-29;17.69
Oberösterreich;2024-05-30;18.03
Oberösterreich;2024-05-31;18.45
Oberösterreich;2024-06-01;18.84
Oberösterreich;2024-06-02;19.31
Oberösterreich;2024-06-03;19.83
Oberösterreich;2024-06-04;20.45
Oberösterreich;2024-06-05;21.14
Oberösterreich;2024-06-06;21.93
Oberösterreich;2024-06-07;22.82
Oberösterreich;2024-06-08;23.85
Oberösterreich;2024-06-09;25.05
Oberösterreich;2024-06-10;26.28
Oberösterreich;2024-06-11;27.65
Oberösterreich;2024-06-12;29.03
Oberösterreich;2024-06-13;30.42
Oberösterreich;2024-06-14;31.74
Oberösterreich;2024-06-15;32.96
Oberösterreich;2024-06-16;34.06
Oberösterreich;2024-06-17;35.03
Oberösterreich;2024-06-18;35.95
Oberösterreich;2024-06-19;36.88
Oberösterreich;2024-06-20;37.76
Oberösterreich;2024-06-21;38.62
Oberösterreich;2024-06-22;39.43
Oberösterreich;2024-06-23;40.22
Oberösterreich;2024-06-24;40.9
Oberösterreich;2024-06-25;41.55
Oberösterreich;2024-06-26;42.08
Oberösterreich;2024-06-27;42.62
Oberösterreich;2024-06-28;43.14
Oberösterreich;2024-06-29;43.72
Oberösterreich;2024-06-30;44.3
Oberösterreich;2024-07-01;44.92
Oberösterreich;2024-07-02;45.64
Oberösterreich;2024-07-03;46.37
Oberösterreich;2024-07-04;47.19
Oberösterreich;2024-07-05;47.92
Oberösterreich;2024-07-06;48.65
Oberösterreich;2024-07-07;49.32
Oberösterreich;2024-07-08;49.9
Oberösterreich;2024-07-09;50.3
Oberösterreich;2024-07-10;50.66
Oberösterreich;2024-07-11;50.85
Oberösterreich;2024-07-12;50.94
Oberösterreich;2024-07-13;50.97
Oberösterreich;2024-07-14;51.01
Oberösterreich;2024-07-15;51.07
Oberösterreich;2024-07-16;51.16
Oberösterreich;2024-07-17;51.3
Oberösterreich;2024-07-18;51.47
Oberösterreich;2024-07-19;51.7
Oberösterreich;2024-07-20;51.97
Oberösterreich;2024-07-21;52.37
Oberösterreich;2024-07-22;52.78
Oberösterreich;2024-07-23;53.31
Oberösterreich;2024-07-24;53.85
Oberösterreich;2024-07-25;54.42
Oberösterreich;2024-07-26;55.04
Oberösterreich;2024-07-27;55.69
Oberösterreich;2024-07-28;56.41
Oberösterreich;2024-07-29;57.2
Oberösterreich;2024-07-30;58.09
Oberösterreich;2024-07-31;59.15
Oberösterreich;2024-08-01;60.34
Oberösterreich;2024-08-02;61.6
Oberösterreich;2024-08-03;63.11
Oberösterreich;2024-08-04;64.76
Oberösterreich;2024-08-05;66.54
Oberösterreich;2024-08-06;68.28
Oberösterreich;2024-08-07;70.05
Oberösterreich;2024-08-08;71.64
Oberösterreich;2024-08-09;73.14
Oberösterreich;2024-08-10;74.52
Oberösterreich;2024-08-11;75.81
Oberösterreich;2024-08-12;77.03
Oberösterreich;2024-08-13;78.29
Oberösterreich;2024-08-14;79.63
Oberösterreich;2024-08-15;81.09
Oberösterreich;2024-08-16;82.75
Oberösterreich;2024-08-17;84.68
Oberösterreich;2024-08-18;86.84
Oberösterreich;2024-08-19;89.3
Oberösterreich;2024-08-20;91.82
Oberösterreich;2024-08-21;94.25
Oberösterreich;2024-08-22;96.6
Oberösterreich;2024-08-23;98.78
Oberösterreich;2024-08-24;100.84
Oberösterreich;2024-08-25;102.76
Oberösterreich;2024-08-26;104.61
Oberösterreich;2024-08-27;106.24
Oberösterreich;2024-08-28;107.78
Oberösterreich;2024-08-29;109.25
Oberösterreich;2024-08-30;110.57
Oberösterreich;2024-08-31;111.91
Oberösterreich;2024-09-01;113.21
Oberösterreich;2024-09-02;114.65
Oberösterreich;2024-09-03;116.15
Oberösterreich;2024-09-04;117.96
Oberösterreich;2024-09-05;120.0
Oberösterreich;2024-09-06;122.29
Oberösterreich;2024-09-07;124.97
Oberösterreich;2024-09-08;128.03
Oberösterreich;2024-09-09;131.63
Oberösterreich;2024-09-10;135.89
Oberösterreich;2024-09-11;140.89
Oberösterreich;2024-09-12;146.66
Oberösterreich;2024-09-13;153.32
Oberösterreich;2024-09-14;160.87
Oberösterreich;2024-09-15;169.53
Oberösterreich;2024-09-16;179.46
Oberösterreich;2024-09-17;190.54
Oberösterreich;2024-09-18;202.55
Oberösterreich;2024-09-19;215.04
Oberösterreich;2024-09-20;227.52
Oberösterreich;2024-09-21;239.56
Oberösterreich;2024-09-22;250.6
Oberösterreich;2024-09-23;260.3
Oberösterreich;2024-09-24;268.68
Oberösterreich;2024-09-25;275.69
Oberösterreich;2024-09-26;281.58
Oberösterreich;2024-09-27;286.54
Oberösterreich;2024-09-28;290.57
Oberösterreich;2024-09-29;293.66
Oberösterreich;2024-09-30;295.74
Oberösterreich;2024-10-01;296.87
Oberösterreich;2024-10-02;297.23
Oberösterreich;2024-10-03;296.76
Oberösterreich;2024-10-04;295.52
Oberösterreich;2024-10-05;293.52
Oberösterreich;2024-10-06;290.62
Oberösterreich;2024-10-07;287.06
Oberösterreich;2024-10-08;283.11
Oberösterreich;2024-10-09;279.09
Oberösterreich;2024-10-10;275.13
Oberösterreich;2024-10-11;271.05
Oberösterreich;2024-10-12;266.6
Oberösterreich;2024-10-13;261.43
Oberösterreich;2024-10-14;255.61
Oberösterreich;2024-10-15;249.23
Oberösterreich;2024-10-16;242.52
Oberösterreich;2024-10-17;235.61
Oberösterreich;2024-10-18;228.73
Oberösterreich;2024-10-19;221.73
Oberösterreich;2024-10-20;214.78
Oberösterreich;2024-10-21;208.07
Oberösterreich;2024-10-22;201.6
Oberösterreich;2024-10-23;195.75
Oberösterreich;2024-10-24;190.44
Oberösterreich;2024-10-25;185.54
Oberösterreich;2024-10-26;180.87
Oberösterreich;2024-10-27;176.37
Oberösterreich;2024-10-28;171.62
Oberösterreich;2024-10-29;166.43
Oberösterreich;2024-10-30;160.59
Oberösterreich;2024-10-31;154.13
Oberösterreich;2024-11-01;147.28
Oberösterreich;2024-11-02;140.46
Oberösterreich;2024-11-03;133.95
Oberösterreich;2024-11-04;127.98
Oberösterreich;2024-11-05;122.7
Oberösterreich;2024-11-06;118.14
Oberösterreich;2024-11-07;114.13
Oberösterreich;2024-11-08;110.67
Oberösterreich;2024-11-09;107.51
Oberösterreich;2024-11-10;104.58
Oberösterreich;2024-11-11;101.87
Oberösterreich;2024-11-12;99.45
Oberösterreich;2024-11-13;97.16
Oberösterreich;2024-11-14;95.12
Oberösterreich;2024-11-15;93.35
Oberösterreich;2024-11-16;91.74
Oberösterreich;2024-11-17;90.36
Oberösterreich;2024-11-18;89.28
Oberösterreich;2024-11-19;88.52
Oberösterreich;2024-11-20;87.99
Oberösterreich;2024-11-21;87.69
Oberösterreich;2024-11-22;87.7
Oberösterreich;2024-11-23;87.98
Oberösterreich;2024-11-24;88.65
Oberösterreich;2024-11-25;89.72
Oberösterreich;2024-11-26;91.21
Oberösterreich;2024-11-27;93.08
Oberösterreich;2024-11-28;95.25
Oberösterreich;2024-11-29;97.63
Oberösterreich;2024-11-30;99.95
Oberösterreich;2024-12-01;102.12
Oberösterreich;2024-12-02;104.11
Oberösterreich;2024-12-03;105.72
Oberösterreich;2024-12-04;107.09
Oberösterreich;2024-12-05;108.19
Oberösterreich;2024-12-06;109.07
Oberösterreich;2024-12-07;109.82
Oberösterreich;2024-12-08;110.4
Oberösterreich;2024-12-09;110.91
Oberösterreich;2024-12-10;111.34
Oberösterreich;2024-12-11;111.67
Oberösterreich;2024-12-12;111.88
Oberösterreich;2024-12-13;111.92
Oberösterreich;2024-12-14;111.83
Oberösterreich;2024-12-15;111.38
Oberösterreich;2024-12-16;110.65
Oberösterreich;2024-12-17;109.67
Oberösterreich;2024-12-18;108.5
Oberösterreich;2024-12-19;107.27
Oberösterreich;2024-12-20;106.0
Oberösterreich;2024-12-21;104.64
Oberösterreich;2024-12-22;103.36
Oberösterreich;2024-12-23;102.13
Oberösterreich;2024-12-24;100.82
Oberösterreich;2024-12-25;99.57
Oberösterreich;2024-12-26;98.23
Oberösterreich;2024-12-27;96.75
Oberösterreich;2024-12-28;95.11
Oberösterreich;2024-12-29;93.25
Oberösterreich;2024-12-30;91.09
Oberösterreich;2024-12-31;88.64
Oberösterreich;2025-01-01;86.05
Oberösterreich;2025-01-02;83.38
Oberösterreich;2025-01-03;80.57
Oberösterreich;2025-01-04;77.75
Oberösterreich;2025-01-05;74.87
Oberösterreich;2025-01-06;72.06
Oberösterreich;2025-01-07;69.21
Oberösterreich;2025-01-08;66.33
Oberösterreich;2025-01-09;63.56
Oberösterreich;2025-01-10;60.75
Oberösterreich;2025-01-11;58.03
Oberösterreich;2025-01-12;55.36
Oberösterreich;2025-01-13;52.85
Oberösterreich;2025-01-14;50.41
Oberösterreich;2025-01-15;48.15
Oberösterreich;2025-01-16;46.1
Oberösterreich;2025-01-17;44.21
Oberösterreich;2025-01-18;42.42
Oberösterreich;2025-01-19;40.75
Oberösterreich;2025-01-20;39.27
Oberösterreich;2025-01-21;37.99
Oberösterreich;2025-01-22;36.82
Oberösterreich;2025-01-23;35.84
Oberösterreich;2025-01-24;34.98
Oberösterreich;2025-01-25;34.17
Oberösterreich;2025-01-26;33.47
Oberösterreich;2025-01-27;32.7
Oberösterreich;2025-01-28;32.04
Oberösterreich;2025-01-29;31.48
Oberösterreich;2025-01-30;30.86
Oberösterreich;2025-01-31;30.34
Oberösterreich;2025-02-01;29.89
Oberösterreich;2025-02-02;29.48
Oberösterreich;2025-02-03;29.08
Oberösterreich;2025-02-04;28.71
Oberösterreich;2025-02-05;28.41
Oberösterreich;2025-02-06;28.06
Oberösterreich;2025-02-07;27.74
Oberösterreich;2025-02-08;27.36
Oberösterreich;2025-02-09;26.96
Oberösterreich;2025-02-10;26.45
Oberösterreich;2025-02-11;25.85
Oberösterreich;2025-02-12;25.09
Oberösterreich;2025-02-13;24.25
Oberösterreich;2025-02-14;23.39
Oberösterreich;2025-02-15;22.54
Oberösterreich;2025-02-16;21.71
Oberösterreich;2025-02-17;21.0
Oberösterreich;2025-02-18;20.27
Oberösterreich;2025-02-19;19.56
Oberösterreich;2025-02-20;18.82
Oberösterreich;2025-02-21;18.11
Oberösterreich;2025-02-22;17.36
Oberösterreich;2025-02-23;16.64
Oberösterreich;2025-02-24;16.03
Oberösterreich;2025-02-25;15.43
Oberösterreich;2025-02-26;14.88
Oberösterreich;2025-02-27;14.34
Oberösterreich;2025-02-28;13.89
Oberösterreich;2025-03-01;13.52
Oberösterreich;2025-03-02;13.25
Oberösterreich;2025-03-03;13.06
Oberösterreich;2025-03-04;13.04
Oberösterreich;2025-03-05;13.08
Oberösterreich;2025-03-06;13.29
Oberösterreich;2025-03-07;13.52
Oberösterreich;2025-03-08;13.77
Oberösterreich;2025-03-09;14.1
Oberösterreich;2025-03-10;14.45
Oberösterreich;2025-03-11;14.88
Oberösterreich;2025-03-12;15.25
Oberösterreich;2025-03-13;15.63
Oberösterreich;2025-03-14;16.03
Oberösterreich;2025-03-15;16.35
Oberösterreich;2025-03-16;16.6
Oberösterreich;2025-03-17;16.66
Oberösterreich;2025-03-18;16.61
Oberösterreich;2025-03-19;16.55
Oberösterreich;2025-03-20;16.33
Oberösterreich;2025-03-21;16.07
Oberösterreich;2025-03-22;15.7
Oberösterreich;2025-03-23;15.22
Oberösterreich;2025-03-24;14.71
Oberösterreich;2025-03-25;14.08
Oberösterreich;2025-03-26;13.44
Oberösterreich;2025-03-27;12.78
Oberösterreich;2025-03-28;12.18
Oberösterreich;2025-03-29;11.61
Oberösterreich;2025-03-30;11.22
Oberösterreich;2025-03-31;10.9
Oberösterreich;2025-04-01;10.66
Niederösterreich;2022-09-01;82.83
Niederösterreich;2022-09-02;82.48
Niederösterreich;2022-09-03;82.31
Niederösterreich;2022-09-04;82.34
Niederösterreich;2022-09-05;82.66
Niederösterreich;2022-09-06;83.28
Niederösterreich;2022-09-07;84.28
Niederösterreich;2022-09-08;85.68
Niederösterreich;2022-09-09;87.44
Niederösterreich;2022-09-10;89.52
Niederösterreich;2022-09-11;91.97
Niederösterreich;2022-09-12;94.77
Niederösterreich;2022-09-13;97.95
Niederösterreich;2022-09-14;101.55
Niederösterreich;2022-09-15;105.58
Niederösterreich;2022-09-16;110.07
Niederösterreich;2022-09-17;114.97
Niederösterreich;2022-09-18;120.28
Niederösterreich;2022-09-19;126.05
Niederösterreich;2022-09-20;132.15
Niederösterreich;2022-09-21;138.7
Niederösterreich;2022-09-22;145.52
Niederösterreich;2022-09-23;152.56
Niederösterreich;2022-09-24;159.71
Niederösterreich;2022-09-25;166.92
Niederösterreich;2022-09-26;174.02
Niederösterreich;2022-09-27;180.92
Niederösterreich;2022-09-28;187.46
Niederösterreich;2022-09-29;193.52
Niederösterreich;2022-09-30;199.11
Niederösterreich;2022-10-01;204.13
Niederösterreich;2022-10-02;208.6
Niederösterreich;2022-10-03;212.47
Niederösterreich;2022-10-04;215.59
Niederösterreich;2022-10-05;217.78
Niederösterreich;2022-10-06;218.99
Niederösterreich;2022-10-07;219.14
Niederösterreich;2022-10-08;218.24
Niederösterreich;2022-10-09;216.28
Niederösterreich;2022-10-10;213.31
Niederösterreich;2022-10-11;209.57
Niederösterreich;2022-10-12;205.33
Niederösterreich;2022-10-13;200.9
Niederösterreich;2022-10-14;196.34
Niederösterreich;2022-10-15;191.77
Niederösterreich;2022-10-16;187.13
Niederösterreich;2022-10-17;182.43
Niederösterreich;2022-10-18;177.61
Niederösterreich;2022-10-19;172.77
Niederösterreich;2022-10-20;167.92
Niederösterreich;2022-10-21;163.03
Niederösterreich;2022-10-22;158.17
Niederösterreich;2022-10-23;153.47
Niederösterreich;2022-10-24;148.85
Niederösterreich;2022-10-25;144.43
Niederösterreich;2022-10-26;140.21
Niederösterreich;2022-10-27;136.21
Niederösterreich;2022-10-28;132.46
Niederösterreich;2022-10-29;128.93
Niederösterreich;2022-10-30;125.66
Niederösterreich;2022-10-31;122.71
Niederösterreich;2022-11-01;120.11
Niederösterreich;2022-11-02;117.92
Niederösterreich;2022-11-03;116.07
Niederösterreich;2022-11-04;114.68
Niederösterreich;2022-11-05;113.51
Niederösterreich;2022-11-06;112.59
Niederösterreich;2022-11-07;111.91
Niederösterreich;2022-11-08;111.48
Niederösterreich;2022-11-09;111.32
Niederösterreich;2022-11-10;111.44
Niederösterreich;2022-11-11;111.83
Niederösterreich;2022-11-12;112.6
Niederösterreich;2022-11-13;113.69
Niederösterreich;2022-11-14;115.2
Niederösterreich;2022-11-15;117.11
Niederösterreich;2022-11-16;119.4
Niederösterreich;2022-11-17;122.02
Niederösterreich;2022-11-18;124.93
Niederösterreich;2022-11-19;128.02
Niederösterreich;2022-11-20;131.33
Niederösterreich;2022-11-21;134.77
Niederösterreich;2022-11-22;138.4
Niederösterreich;2022-11-23;142.17
Niederösterreich;2022-11-24;146.07
Niederösterreich;2022-11-25;150.13
Niederösterreich;2022-11-26;154.13
Niederösterreich;2022-11-27;158.08
Niederösterreich;2022-11-28;161.87
Niederösterreich;2022-11-29;165.55
Niederösterreich;2022-11-30;169.16
Niederösterreich;2022-12-01;172.73
Niederösterreich;2022-12-02;176.19
Niederösterreich;2022-12-03;179.47
Niederösterreich;2022-12-04;182.45
Niederösterreich;2022-12-05;185.15
Niederösterreich;2022-12-06;187.51
Niederösterreich;2022-12-07;189.59
Niederösterreich;2022-12-08;191.42
Niederösterreich;2022-12-09;192.98
Niederösterreich;2022-12-10;194.2
Niederösterreich;2022-12-11;195.07
Niederösterreich;2022-12-12;195.61
Niederösterreich;2022-12-13;195.91
Niederösterreich;2022-12-14;196.2
Niederösterreich;2022-12-15;196.48
Niederösterreich;2022-12-16;196.82
Niederösterreich;2022-12-17;197.0
Niederösterreich;2022-12-18;196.99
Niederösterreich;2022-12-19;196.66
Niederösterreich;2022-12-20;196.08
Niederösterreich;2022-12-21;195.27
Niederösterreich;2022-12-22;194.33
Niederösterreich;2022-12-23;193.3
Niederösterreich;2022-12-24;192.17
Niederösterreich;2022-12-25;190.94
Niederösterreich;2022-12-26;189.49
Niederösterreich;2022-12-27;187.73
Niederösterreich;2022-12-28;185.58
Niederösterreich;2022-12-29;182.98
Niederösterreich;2022-12-30;179.93
Niederösterreich;2022-12-31;176.47
Niederösterreich;2023-01-01;172.6
Niederösterreich;2023-01-02;168.45
Niederösterreich;2023-01-03;163.92
Niederösterreich;2023-01-04;159.14
Niederösterreich;2023-01-05;154.15
Niederösterreich;2023-01-06;149.1
Niederösterreich;2023-01-07;144.06
Niederösterreich;2023-01-08;139.17
Niederösterreich;2023-01-09;134.51
Niederösterreich;2023-01-10;130.08
Niederösterreich;2023-01-11;125.78
Niederösterreich;2023-01-12;121.7
Niederösterreich;2023-01-13;117.86
Niederösterreich;2023-01-14;114.37
Niederösterreich;2023-01-15;111.44
Niederösterreich;2023-01-16;109.17
Niederösterreich;2023-01-17;107.58
Niederösterreich;2023-01-18;106.35
Niederösterreich;2023-01-19;106.21
Niederösterreich;2023-01-20;106.79
Niederösterreich;2023-01-21;108.11
Niederösterreich;2023-01-22;115.63
Niederösterreich;2023-01-23;120.71
Niederösterreich;2023-01-24;124.54
Niederösterreich;2023-01-25;129.11
Niederösterreich;2023-01-26;134.23
Niederösterreich;2023-01-27;139.78
Niederösterreich;2023-01-28;145.49
Niederösterreich;2023-01-29;150.61
Niederösterreich;2023-01-30;156.14
Niederösterreich;2023-01-31;161.74
Niederösterreich;2023-02-01;167.44
Niederösterreich;2023-02-02;173.29
Niederösterreich;2023-02-03;179.24
Niederösterreich;2023-02-04;185.3
Niederösterreich;2023-02-05;191.41
Niederösterreich;2023-02-06;197.53
Niederösterreich;2023-02-07;202.55
Niederösterreich;2023-02-08;208.21
Niederösterreich;2023-02-09;213.76
Niederösterreich;2023-02-10;219.19
Niederösterreich;2023-02-11;224.39
Niederösterreich;2023-02-12;229.24
Niederösterreich;2023-02-13;233.61
Niederösterreich;2023-02-14;237.31
Niederösterreich;2023-02-15;240.23
Niederösterreich;2023-02-16;242.39
Niederösterreich;2023-02-17;243.94
Niederösterreich;2023-02-18;245.27
Niederösterreich;2023-02-19;246.56
Niederösterreich;2023-02-20;248.0
Niederösterreich;2023-02-21;249.59
Niederösterreich;2023-02-22;251.26
Niederösterreich;2023-02-23;252.86
Niederösterreich;2023-02-24;254.26
Niederösterreich;2023-02-25;255.39
Niederösterreich;2023-02-26;256.23
Niederösterreich;2023-02-27;256.88
Niederösterreich;2023-02-28;257.43
Niederösterreich;2023-03-01;258.02
Niederösterreich;2023-03-02;258.7
Niederösterreich;2023-03-03;259.43
Niederösterreich;2023-03-04;260.05
Niederösterreich;2023-03-05;260.36
Niederösterreich;2023-03-06;260.19
Niederösterreich;2023-03-07;259.41
Niederösterreich;2023-03-08;257.94
Niederösterreich;2023-03-09;255.69
Niederösterreich;2023-03-10;252.67
Niederösterreich;2023-03-11;248.98
Niederösterreich;2023-03-12;244.67
Niederösterreich;2023-03-13;239.87
Niederösterreich;2023-03-14;234.78
Niederösterreich;2023-03-15;229.57
Niederösterreich;2023-03-16;224.35
Niederösterreich;2023-03-17;219.09
Niederösterreich;2023-03-18;213.69
Niederösterreich;2023-03-19;208.02
Niederösterreich;2023-03-20;201.96
Niederösterreich;2023-03-21;195.55
Niederösterreich;2023-03-22;188.74
Niederösterreich;2023-03-23;181.6
Niederösterreich;2023-03-24;174.3
Niederösterreich;2023-03-25;166.91
Niederösterreich;2023-03-26;159.54
Niederösterreich;2023-03-27;152.34
Niederösterreich;2023-03-28;145.49
Niederösterreich;2023-03-29;139.1
Niederösterreich;2023-03-30;133.2
Niederösterreich;2023-03-31;127.79
Niederösterreich;2023-04-01;122.73
Niederösterreich;2023-04-02;118.04
Niederösterreich;2023-04-03;113.61
Niederösterreich;2023-04-04;109.38
Niederösterreich;2023-04-05;105.32
Niederösterreich;2023-04-06;101.41
Niederösterreich;2023-04-07;97.56
Niederösterreich;2023-04-08;93.83
Niederösterreich;2023-04-09;90.2
Niederösterreich;2023-04-10;86.67
Niederösterreich;2023-04-11;83.31
Niederösterreich;2023-04-12;80.12
Niederösterreich;2023-04-13;77.17
Niederösterreich;2023-04-14;74.46
Niederösterreich;2023-04-15;72.0
Niederösterreich;2023-04-16;69.84
Niederösterreich;2023-04-17;67.94
Niederösterreich;2023-04-18;66.3
Niederösterreich;2023-04-19;64.9
Niederösterreich;2023-04-20;63.63
Niederösterreich;2023-04-21;62.51
Niederösterreich;2023-04-22;61.4
Niederösterreich;2023-04-23;60.22
Niederösterreich;2023-04-24;59.03
Niederösterreich;2023-04-25;57.74
Niederösterreich;2023-04-26;56.41
Niederösterreich;2023-04-27;55.09
Niederösterreich;2023-04-28;53.75
Niederösterreich;2023-04-29;52.44
Niederösterreich;2023-04-30;51.12
Niederösterreich;2023-05-01;49.84
Niederösterreich;2023-05-02;48.56
Niederösterreich;2023-05-03;47.3
Niederösterreich;2023-05-04;46.05
Niederösterreich;2023-05-05;44.82
Niederösterreich;2023-05-06;43.55
Niederösterreich;2023-05-07;42.3
Niederösterreich;2023-05-08;41.04
Niederösterreich;2023-05-09;39.78
Niederösterreich;2023-05-10;38.58
Niederösterreich;2023-05-11;37.36
Niederösterreich;2023-05-12;36.2
Niederösterreich;2023-05-13;35.05
Niederösterreich;2023-05-14;33.9
Niederösterreich;2023-05-15;32.81
Niederösterreich;2023-05-16;31.79
Niederösterreich;2023-05-17;30.83
Niederösterreich;2023-05-18;29.96
Niederösterreich;2023-05-19;29.08
Niederösterreich;2023-05-20;28.25
Niederösterreich;2023-05-21;27.44
Niederösterreich;2023-05-22;26.55
Niederösterreich;2023-05-23;25.7
Niederösterreich;2023-05-24;24.82
Niederösterreich;2023-05-25;23.95
Niederösterreich;2023-05-26;23.08
Niederösterreich;2023-05-27;22.25
Niederösterreich;2023-05-28;21.45
Niederösterreich;2023-05-29;20.67
Niederösterreich;2023-05-30;19.93
Niederösterreich;2023-05-31;19.24
Niederösterreich;2023-06-01;18.61
Niederösterreich;2023-06-02;18.05
Niederösterreich;2023-06-03;17.55
Niederösterreich;2023-06-04;17.09
Niederösterreich;2023-06-05;16.72
Niederösterreich;2023-06-06;16.4
Niederösterreich;2023-06-07;16.14
Niederösterreich;2023-06-08;15.91
Niederösterreich;2023-06-09;15.73
Niederösterreich;2023-06-10;15.57
Niederösterreich;2023-06-11;15.4
Niederösterreich;2023-06-12;15.21
Niederösterreich;2023-06-13;15.0
Niederösterreich;2023-06-14;14.79
Niederösterreich;2023-06-15;14.56
Niederösterreich;2023-06-16;14.33
Niederösterreich;2023-06-17;14.09
Niederösterreich;2023-06-18;13.85
Niederösterreich;2023-06-19;13.58
Niederösterreich;2023-06-20;13.35
Niederösterreich;2023-06-21;13.03
Niederösterreich;2023-06-22;12.7
Niederösterreich;2023-06-23;12.36
Niederösterreich;2023-06-24;12.03
Niederösterreich;2023-06-25;11.73
Niederösterreich;2023-06-26;11.48
Niederösterreich;2023-06-27;11.27
Niederösterreich;2023-06-28;11.13
Niederösterreich;2023-06-29;11.01
Niederösterreich;2023-06-30;10.99
Niederösterreich;2023-07-01;10.92
Niederösterreich;2023-07-02;10.86
Niederösterreich;2023-07-03;10.79
Niederösterreich;2023-07-04;10.67
Niederösterreich;2023-07-05;10.57
Niederösterreich;2023-07-06;10.43
Niederösterreich;2023-07-07;10.34
Niederösterreich;2023-07-08;10.29
Niederösterreich;2023-07-09;10.29
Niederösterreich;2023-07-10;10.34
Niederösterreich;2023-07-11;10.46
Niederösterreich;2023-07-12;10.65
Niederösterreich;2023-07-13;10.91
Niederösterreich;2023-07-14;11.21
Niederösterreich;2023-07-15;11.53
Niederösterreich;2023-07-16;11.9
Niederösterreich;2023-07-17;12.26
Niederösterreich;2023-07-18;12.62
Niederösterreich;2023-07-19;12.97
Niederösterreich;2023-07-20;13.37
Niederösterreich;2023-07-21;13.77
Niederösterreich;2023-07-22;14.23
Niederösterreich;2023-07-23;14.67
Niederösterreich;2023-07-24;15.21
Niederösterreich;2023-07-25;15.8
Niederösterreich;2023-07-26;16.52
Niederösterreich;2023-07-27;17.35
Niederösterreich;2023-07-28;18.27
Niederösterreich;2023-07-29;19.34
Niederösterreich;2023-07-30;20.53
Niederösterreich;2023-07-31;21.88
Niederösterreich;2023-08-01;23.34
Niederösterreich;2023-08-02;24.95
Niederösterreich;2023-08-03;26.68
Niederösterreich;2023-08-04;28.5
Niederösterreich;2023-08-05;30.42
Niederösterreich;2023-08-06;32.37
Niederösterreich;2023-08-07;34.35
Niederösterreich;2023-08-08;36.24
Niederösterreich;2023-08-09;38.07
Niederösterreich;2023-08-10;39.78
Niederösterreich;2023-08-11;41.32
Niederösterreich;2023-08-12;42.77
Niederösterreich;2023-08-13;44.06
Niederösterreich;2023-08-14;45.27
Niederösterreich;2023-08-15;46.39
Niederösterreich;2023-08-16;47.48
Niederösterreich;2023-08-17;48.55
Niederösterreich;2023-08-18;49.66
Niederösterreich;2023-08-19;50.85
Niederösterreich;2023-08-20;52.1
Niederösterreich;2023-08-21;53.49
Niederösterreich;2023-08-22;55.02
Niederösterreich;2023-08-23;56.66
Niederösterreich;2023-08-24;58.43
Niederösterreich;2023-08-25;60.28
Niederösterreich;2023-08-26;62.22
Niederösterreich;2023-08-27;64.15
Niederösterreich;2023-08-28;66.07
Niederösterreich;2023-08-29;67.96
Niederösterreich;2023-08-30;69.8
Niederösterreich;2023-08-31;71.55
Niederösterreich;2023-09-01;73.26
Niederösterreich;2023-09-02;74.88
Niederösterreich;2023-09-03;76.42
Niederösterreich;2023-09-04;77.87
Niederösterreich;2023-09-05;79.18
Niederösterreich;2023-09-06;80.4
Niederösterreich;2023-09-07;81.5
Niederösterreich;2023-09-08;82.47
Niederösterreich;2023-09-09;83.36
Niederösterreich;2023-09-10;84.16
Niederösterreich;2023-09-11;84.85
Niederösterreich;2023-09-12;85.49
Niederösterreich;2023-09-13;86.08
Niederösterreich;2023-09-14;86.7
Niederösterreich;2023-09-15;87.3
Niederösterreich;2023-09-16;87.86
Niederösterreich;2023-09-17;88.37
Niederösterreich;2023-09-18;88.77
Niederösterreich;2023-09-19;89.05
Niederösterreich;2023-09-20;89.3
Niederösterreich;2023-09-21;89.58
Niederösterreich;2023-09-22;89.94
Niederösterreich;2023-09-23;90.46
Niederösterreich;2023-09-24;91.17
Niederösterreich;2023-09-25;92.08
Niederösterreich;2023-09-26;93.24
Niederösterreich;2023-09-27;94.57
Niederösterreich;2023-09-28;96.08
Niederösterreich;2023-09-29;97.7
Niederösterreich;2023-09-30;99.46
Niederösterreich;2023-10-01;101.28
Niederösterreich;2023-10-02;103.13
Niederösterreich;2023-10-03;104.97
Niederösterreich;2023-10-04;106.83
Niederösterreich;2023-10-05;108.82
Niederösterreich;2023-10-06;110.97
Niederösterreich;2023-10-07;113.3
Niederösterreich;2023-10-08;115.93
Niederösterreich;2023-10-09;118.74
Niederösterreich;2023-10-10;121.76
Niederösterreich;2023-10-11;124.87
Niederösterreich;2023-10-12;127.99
Niederösterreich;2023-10-13;131.16
Niederösterreich;2023-10-14;134.43
Niederösterreich;2023-10-15;137.83
Niederösterreich;2023-10-16;141.47
Niederösterreich;2023-10-17;145.27
Niederösterreich;2023-10-18;149.27
Niederösterreich;2023-10-19;153.37
Niederösterreich;2023-10-20;157.52
Niederösterreich;2023-10-21;161.66
Niederösterreich;2023-10-22;165.66
Niederösterreich;2023-10-23;169.57
Niederösterreich;2023-10-24;173.4
Niederösterreich;2023-10-25;177.24
Niederösterreich;2023-10-26;181.21
Niederösterreich;2023-10-27;185.33
Niederösterreich;2023-10-28;189.61
Niederösterreich;2023-10-29;194.07
Niederösterreich;2023-10-30;198.72
Niederösterreich;2023-10-31;203.65
Niederösterreich;2023-11-01;208.83
Niederösterreich;2023-11-02;214.32
Niederösterreich;2023-11-03;220.15
Niederösterreich;2023-11-04;226.35
Niederösterreich;2023-11-05;233.03
Niederösterreich;2023-11-06;240.28
Niederösterreich;2023-11-07;248.3
Niederösterreich;2023-11-08;257.13
Niederösterreich;2023-11-09;266.87
Niederösterreich;2023-11-10;277.31
Niederösterreich;2023-11-11;288.19
Niederösterreich;2023-11-12;299.36
Niederösterreich;2023-11-13;321.17
Niederösterreich;2023-11-14;332.87
Niederösterreich;2023-11-15;344.59
Niederösterreich;2023-11-16;356.37
Niederösterreich;2023-11-17;368.42
Niederösterreich;2023-11-18;380.91
Niederösterreich;2023-11-19;394.02
Niederösterreich;2023-11-20;407.81
Niederösterreich;2023-11-21;422.17
Niederösterreich;2023-11-22;436.86
Niederösterreich;2023-11-23;451.65
Niederösterreich;2023-11-24;466.32
Niederösterreich;2023-11-25;480.83
Niederösterreich;2023-11-26;495.03
Niederösterreich;2023-11-27;508.92
Niederösterreich;2023-11-28;522.49
Niederösterreich;2023-11-29;535.75
Niederösterreich;2023-11-30;548.66
Niederösterreich;2023-12-01;560.94
Niederösterreich;2023-12-02;572.29
Niederösterreich;2023-12-03;582.3
Niederösterreich;2023-12-04;590.85
Niederösterreich;2023-12-05;597.79
Niederösterreich;2023-12-06;606.22
Niederösterreich;2023-12-07;609.71
Niederösterreich;2023-12-08;611.9
Niederösterreich;2023-12-09;612.53
Niederösterreich;2023-12-10;611.34
Niederösterreich;2023-12-11;608.11
Niederösterreich;2023-12-12;602.86
Niederösterreich;2023-12-13;595.8
Niederösterreich;2023-12-14;587.26
Niederösterreich;2023-12-15;577.48
Niederösterreich;2023-12-16;566.64
Niederösterreich;2023-12-17;554.8
Niederösterreich;2023-12-18;541.83
Niederösterreich;2023-12-19;527.59
Niederösterreich;2023-12-20;511.9
Niederösterreich;2023-12-21;494.84
Niederösterreich;2023-12-22;476.65
Niederösterreich;2023-12-23;457.69
Niederösterreich;2023-12-24;438.27
Niederösterreich;2023-12-25;418.6
Niederösterreich;2023-12-26;398.89
Niederösterreich;2023-12-27;379.19
Niederösterreich;2023-12-28;359.68
Niederösterreich;2023-12-29;340.36
Niederösterreich;2023-12-30;321.35
Niederösterreich;2023-12-31;302.73
Niederösterreich;2024-01-01;284.68
Niederösterreich;2024-01-02;267.3
Niederösterreich;2024-01-03;250.77
Niederösterreich;2024-01-04;235.15
Niederösterreich;2024-01-05;220.52
Niederösterreich;2024-01-06;206.86
Niederösterreich;2024-01-07;194.26
Niederösterreich;2024-01-08;182.7
Niederösterreich;2024-01-09;172.12
Niederösterreich;2024-01-10;162.39
Niederösterreich;2024-01-11;153.41
Niederösterreich;2024-01-12;145.08
Niederösterreich;2024-01-13;137.35
Niederösterreich;2024-01-14;130.26
Niederösterreich;2024-01-15;123.74
Niederösterreich;2024-01-16;117.8
Niederösterreich;2024-01-17;112.42
Niederösterreich;2024-01-18;107.47
Niederösterreich;2024-01-19;102.9
Niederösterreich;2024-01-20;98.61
Niederösterreich;2024-01-21;94.58
Niederösterreich;2024-01-22;90.8
Niederösterreich;2024-01-23;87.23
Niederösterreich;2024-01-24;83.89
Niederösterreich;2024-01-25;80.7
Niederösterreich;2024-01-26;77.66
Niederösterreich;2024-01-27;74.68
Niederösterreich;2024-01-28;71.83
Niederösterreich;2024-01-29;69.07
Niederösterreich;2024-01-30;66.45
Niederösterreich;2024-01-31;64.0
Niederösterreich;2024-02-01;61.66
Niederösterreich;2024-02-02;59.44
Niederösterreich;2024-02-03;57.23
Niederösterreich;2024-02-04;54.95
Niederösterreich;2024-02-05;52.67
Niederösterreich;2024-02-06;50.33
Niederösterreich;2024-02-07;48.01
Niederösterreich;2024-02-08;45.73
Niederösterreich;2024-02-09;43.51
Niederösterreich;2024-02-10;41.39
Niederösterreich;2024-02-11;39.33
Niederösterreich;2024-02-12;37.4
Niederösterreich;2024-02-13;35.54
Niederösterreich;2024-02-14;33.8
Niederösterreich;2024-02-15;32.14
Niederösterreich;2024-02-16;30.56
Niederösterreich;2024-02-17;29.06
Niederösterreich;2024-02-18;27.64
Niederösterreich;2024-02-19;26.33
Niederösterreich;2024-02-20;25.1
Niederösterreich;2024-02-21;23.97
Niederösterreich;2024-02-22;22.93
Niederösterreich;2024-02-23;21.9
Niederösterreich;2024-02-24;20.95
Niederösterreich;2024-02-25;19.97
Niederösterreich;2024-02-26;19.05
Niederösterreich;2024-02-27;18.1
Niederösterreich;2024-02-28;17.22
Niederösterreich;2024-02-29;16.38
Niederösterreich;2024-03-01;15.59
Niederösterreich;2024-03-02;14.87
Niederösterreich;2024-03-03;14.18
Niederösterreich;2024-03-04;13.59
Niederösterreich;2024-03-05;13.09
Niederösterreich;2024-03-06;12.67
Niederösterreich;2024-03-07;12.32
Niederösterreich;2024-03-08;12.05
Niederösterreich;2024-03-09;11.83
Niederösterreich;2024-03-10;11.61
Niederösterreich;2024-03-11;11.41
Niederösterreich;2024-03-12;11.22
Niederösterreich;2024-03-13;11.07
Niederösterreich;2024-03-14;10.93
Niederösterreich;2024-03-15;10.82
Niederösterreich;2024-03-16;10.74
Niederösterreich;2024-03-17;10.68
Niederösterreich;2024-03-18;10.65
Niederösterreich;2024-03-19;10.69
Niederösterreich;2024-03-20;10.69
Niederösterreich;2024-03-21;10.71
Niederösterreich;2024-03-22;10.73
Niederösterreich;2024-03-23;10.72
Niederösterreich;2024-03-24;10.71
Niederösterreich;2024-03-25;10.63
Niederösterreich;2024-03-26;10.55
Niederösterreich;2024-03-27;10.43
Niederösterreich;2024-03-28;10.28
Niederösterreich;2024-03-29;10.12
Niederösterreich;2024-03-30;9.99
Niederösterreich;2024-03-31;9.81
Niederösterreich;2024-04-01;9.65
Niederösterreich;2024-04-02;9.46
Niederösterreich;2024-04-03;9.27
Niederösterreich;2024-04-04;9.1
Niederösterreich;2024-04-05;8.86
Niederösterreich;2024-04-06;8.68
Niederösterreich;2024-04-07;8.53
Niederösterreich;2024-04-08;8.4
Niederösterreich;2024-04-09;8.36
Niederösterreich;2024-04-10;8.39
Niederösterreich;2024-04-11;8.48
Niederösterreich;2024-04-12;8.64
Niederösterreich;2024-04-13;8.89
Niederösterreich;2024-04-14;9.15
Niederösterreich;2024-04-15;9.5
Niederösterreich;2024-04-16;9.9
Niederösterreich;2024-04-17;10.37
Niederösterreich;2024-04-18;10.88
Niederösterreich;2024-04-19;11.44
Niederösterreich;2024-04-20;12.06
Niederösterreich;2024-04-21;12.65
Niederösterreich;2024-04-22;13.24
Niederösterreich;2024-04-23;13.87
Niederösterreich;2024-04-24;14.48
Niederösterreich;2024-04-25;15.1
Niederösterreich;2024-04-26;15.73
Niederösterreich;2024-04-27;16.31
Niederösterreich;2024-04-28;16.85
Niederösterreich;2024-04-29;17.32
Niederösterreich;2024-04-30;17.72
Niederösterreich;2024-05-01;18.1
Niederösterreich;2024-05-02;18.41
Niederösterreich;2024-05-03;18.7
Niederösterreich;2024-05-04;18.95
Niederösterreich;2024-05-05;19.14
Niederösterreich;2024-05-06;19.28
Niederösterreich;2024-05-07;19.39
Niederösterreich;2024-05-08;19.47
Niederösterreich;2024-05-09;19.58
Niederösterreich;2024-05-10;19.64
Niederösterreich;2024-05-11;19.79
Niederösterreich;2024-05-12;19.91
Niederösterreich;2024-05-13;20.04
Niederösterreich;2024-05-14;20.19
Niederösterreich;2024-05-15;20.3
Niederösterreich;2024-05-16;20.39
Niederösterreich;2024-05-17;20.44
Niederösterreich;2024-05-18;20.47
Niederösterreich;2024-05-19;20.48
Niederösterreich;2024-05-20;20.55
Niederösterreich;2024-05-21;20.68
Niederösterreich;2024-05-22;20.89
Niederösterreich;2024-05-23;21.21
Niederösterreich;2024-05-24;21.59
Niederösterreich;2024-05-25;22.05
Niederösterreich;2024-05-26;22.58
Niederösterreich;2024-05-27;23.16
Niederösterreich;2024-05-28;23.79
Niederösterreich;2024-05-29;24.47
Niederösterreich;2024-05-30;25.22
Niederösterreich;2024-05-31;26.01
Niederösterreich;2024-06-01;26.88
Niederösterreich;2024-06-02;27.81
Niederösterreich;2024-06-03;28.84
Niederösterreich;2024-06-04;29.96
Niederösterreich;2024-06-05;31.2
Niederösterreich;2024-06-06;32.48
Niederösterreich;2024-06-07;33.82
Niederösterreich;2024-06-08;35.18
Niederösterreich;2024-06-09;36.54
Niederösterreich;2024-06-10;37.95
Niederösterreich;2024-06-11;39.39
Niederösterreich;2024-06-12;40.87
Niederösterreich;2024-06-13;42.4
Niederösterreich;2024-06-14;43.94
Niederösterreich;2024-06-15;45.55
Niederösterreich;2024-06-16;47.17
Niederösterreich;2024-06-17;48.78
Niederösterreich;2024-06-18;50.41
Niederösterreich;2024-06-19;51.99
Niederösterreich;2024-06-20;53.49
Niederösterreich;2024-06-21;54.92
Niederösterreich;2024-06-22;56.26
Niederösterreich;2024-06-23;57.51
Niederösterreich;2024-06-24;58.67
Niederösterreich;2024-06-25;59.67
Niederösterreich;2024-06-26;60.55
Niederösterreich;2024-06-27;61.28
Niederösterreich;2024-06-28;61.93
Niederösterreich;2024-06-29;62.54
Niederösterreich;2024-06-30;63.18
Niederösterreich;2024-07-01;63.86
Niederösterreich;2024-07-02;64.62
Niederösterreich;2024-07-03;65.5
Niederösterreich;2024-07-04;66.47
Niederösterreich;2024-07-05;67.48
Niederösterreich;2024-07-06;68.5
Niederösterreich;2024-07-07;69.48
Niederösterreich;2024-07-08;70.37
Niederösterreich;2024-07-09;71.21
Niederösterreich;2024-07-10;72.0
Niederösterreich;2024-07-11;72.74
Niederösterreich;2024-07-12;73.45
Niederösterreich;2024-07-13;74.06
Niederösterreich;2024-07-14;74.61
Niederösterreich;2024-07-15;75.02
Niederösterreich;2024-07-16;75.36
Niederösterreich;2024-07-17;75.67
Niederösterreich;2024-07-18;75.99
Niederösterreich;2024-07-19;76.35
Niederösterreich;2024-07-20;76.8
Niederösterreich;2024-07-21;77.33
Niederösterreich;2024-07-22;78.03
Niederösterreich;2024-07-23;78.98
Niederösterreich;2024-07-24;80.2
Niederösterreich;2024-07-25;81.64
Niederösterreich;2024-07-26;83.27
Niederösterreich;2024-07-27;85.0
Niederösterreich;2024-07-28;86.73
Niederösterreich;2024-07-29;88.42
Niederösterreich;2024-07-30;90.07
Niederösterreich;2024-07-31;91.7
Niederösterreich;2024-08-01;93.3
Niederösterreich;2024-08-02;94.84
Niederösterreich;2024-08-03;96.37
Niederösterreich;2024-08-04;97.85
Niederösterreich;2024-08-05;99.29
Niederösterreich;2024-08-06;100.72
Niederösterreich;2024-08-07;102.11
Niederösterreich;2024-08-08;103.49
Niederösterreich;2024-08-09;104.89
Niederösterreich;2024-08-10;106.31
Niederösterreich;2024-08-11;107.81
Niederösterreich;2024-08-12;109.33
Niederösterreich;2024-08-13;110.88
Niederösterreich;2024-08-14;112.45
Niederösterreich;2024-08-15;114.01
Niederösterreich;2024-08-16;115.58
Niederösterreich;2024-08-17;117.19
Niederösterreich;2024-08-18;118.86
Niederösterreich;2024-08-19;120.52
Niederösterreich;2024-08-20;122.11
Niederösterreich;2024-08-21;123.56
Niederösterreich;2024-08-22;124.81
Niederösterreich;2024-08-23;125.84
Niederösterreich;2024-08-24;126.59
Niederösterreich;2024-08-25;127.02
Niederösterreich;2024-08-26;127.16
Niederösterreich;2024-08-27;127.07
Niederösterreich;2024-08-28;126.82
Niederösterreich;2024-08-29;126.56
Niederösterreich;2024-08-30;126.26
Niederösterreich;2024-08-31;126.07
Niederösterreich;2024-09-01;126.07
Niederösterreich;2024-09-02;126.31
Niederösterreich;2024-09-03;126.92
Niederösterreich;2024-09-04;127.91
Niederösterreich;2024-09-05;129.3
Niederösterreich;2024-09-06;131.02
Niederösterreich;2024-09-07;133.06
Niederösterreich;2024-09-08;135.38
Niederösterreich;2024-09-09;137.98
Niederösterreich;2024-09-10;140.88
Niederösterreich;2024-09-11;144.11
Niederösterreich;2024-09-12;147.76
Niederösterreich;2024-09-13;151.79
Niederösterreich;2024-09-14;156.34
Niederösterreich;2024-09-15;161.45
Niederösterreich;2024-09-16;167.18
Niederösterreich;2024-09-17;173.39
Niederösterreich;2024-09-18;179.88
Niederösterreich;2024-09-19;186.41
Niederösterreich;2024-09-20;192.75
Niederösterreich;2024-09-21;198.6
Niederösterreich;2024-09-22;203.73
Niederösterreich;2024-09-23;207.97
Niederösterreich;2024-09-24;211.31
Niederösterreich;2024-09-25;213.84
Niederösterreich;2024-09-26;215.74
Niederösterreich;2024-09-27;217.28
Niederösterreich;2024-09-28;218.61
Niederösterreich;2024-09-29;219.89
Niederösterreich;2024-09-30;221.3
Niederösterreich;2024-10-01;222.89
Niederösterreich;2024-10-02;224.6
Niederösterreich;2024-10-03;226.4
Niederösterreich;2024-10-04;228.16
Niederösterreich;2024-10-05;229.69
Niederösterreich;2024-10-06;230.86
Niederösterreich;2024-10-07;231.49
Niederösterreich;2024-10-08;231.52
Niederösterreich;2024-10-09;230.82
Niederösterreich;2024-10-10;229.53
Niederösterreich;2024-10-11;227.66
Niederösterreich;2024-10-12;225.42
Niederösterreich;2024-10-13;222.87
Niederösterreich;2024-10-14;220.1
Niederösterreich;2024-10-15;217.19
Niederösterreich;2024-10-16;214.18
Niederösterreich;2024-10-17;211.07
Niederösterreich;2024-10-18;207.74
Niederösterreich;2024-10-19;204.13
Niederösterreich;2024-10-20;200.21
Niederösterreich;2024-10-21;195.87
Niederösterreich;2024-10-22;191.13
Niederösterreich;2024-10-23;186.1
Niederösterreich;2024-10-24;180.75
Niederösterreich;2024-10-25;175.25
Niederösterreich;2024-10-26;169.66
Niederösterreich;2024-10-27;164.14
Niederösterreich;2024-10-28;158.86
Niederösterreich;2024-10-29;153.9
Niederösterreich;2024-10-30;149.42
Niederösterreich;2024-10-31;145.35
Niederösterreich;2024-11-01;141.76
Niederösterreich;2024-11-02;138.52
Niederösterreich;2024-11-03;135.66
Niederösterreich;2024-11-04;133.09
Niederösterreich;2024-11-05;130.8
Niederösterreich;2024-11-06;128.65
Niederösterreich;2024-11-07;126.62
Niederösterreich;2024-11-08;124.67
Niederösterreich;2024-11-09;122.77
Niederösterreich;2024-11-10;120.96
Niederösterreich;2024-11-11;119.19
Niederösterreich;2024-11-12;117.43
Niederösterreich;2024-11-13;115.66
Niederösterreich;2024-11-14;113.86
Niederösterreich;2024-11-15;112.08
Niederösterreich;2024-11-16;110.35
Niederösterreich;2024-11-17;108.75
Niederösterreich;2024-11-18;107.41
Niederösterreich;2024-11-19;106.38
Niederösterreich;2024-11-20;105.67
Niederösterreich;2024-11-21;105.29
Niederösterreich;2024-11-22;105.22
Niederösterreich;2024-11-23;105.47
Niederösterreich;2024-11-24;105.96
Niederösterreich;2024-11-25;106.7
Niederösterreich;2024-11-26;107.7
Niederösterreich;2024-11-27;108.91
Niederösterreich;2024-11-28;110.22
Niederösterreich;2024-11-29;111.6
Niederösterreich;2024-11-30;112.9
Niederösterreich;2024-12-01;114.05
Niederösterreich;2024-12-02;115.04
Niederösterreich;2024-12-03;115.92
Niederösterreich;2024-12-04;116.77
Niederösterreich;2024-12-05;117.55
Niederösterreich;2024-12-06;118.26
Niederösterreich;2024-12-07;118.8
Niederösterreich;2024-12-08;119.18
Niederösterreich;2024-12-09;119.25
Niederösterreich;2024-12-10;119.0
Niederösterreich;2024-12-11;118.37
Niederösterreich;2024-12-12;117.43
Niederösterreich;2024-12-13;116.2
Niederösterreich;2024-12-14;114.76
Niederösterreich;2024-12-15;113.18
Niederösterreich;2024-12-16;111.46
Niederösterreich;2024-12-17;109.62
Niederösterreich;2024-12-18;107.64
Niederösterreich;2024-12-19;105.55
Niederösterreich;2024-12-20;103.38
Niederösterreich;2024-12-21;101.16
Niederösterreich;2024-12-22;98.93
Niederösterreich;2024-12-23;96.72
Niederösterreich;2024-12-24;94.54
Niederösterreich;2024-12-25;92.35
Niederösterreich;2024-12-26;90.14
Niederösterreich;2024-12-27;87.91
Niederösterreich;2024-12-28;85.6
Niederösterreich;2024-12-29;83.2
Niederösterreich;2024-12-30;80.69
Niederösterreich;2024-12-31;78.09
Niederösterreich;2025-01-01;75.45
Niederösterreich;2025-01-02;72.78
Niederösterreich;2025-01-03;70.1
Niederösterreich;2025-01-04;67.44
Niederösterreich;2025-01-05;64.8
Niederösterreich;2025-01-06;62.24
Niederösterreich;2025-01-07;59.7
Niederösterreich;2025-01-08;57.29
Niederösterreich;2025-01-09;54.99
Niederösterreich;2025-01-10;52.82
Niederösterreich;2025-01-11;50.78
Niederösterreich;2025-01-12;48.98
Niederösterreich;2025-01-13;47.38
Niederösterreich;2025-01-14;45.99
Niederösterreich;2025-01-15;44.78
Niederösterreich;2025-01-16;43.7
Niederösterreich;2025-01-17;42.74
Niederösterreich;2025-01-18;41.85
Niederösterreich;2025-01-19;41.05
Niederösterreich;2025-01-20;40.29
Niederösterreich;2025-01-21;39.56
Niederösterreich;2025-01-22;38.89
Niederösterreich;2025-01-23;38.2
Niederösterreich;2025-01-24;37.5
Niederösterreich;2025-01-25;36.83
Niederösterreich;2025-01-26;36.12
Niederösterreich;2025-01-27;35.36
Niederösterreich;2025-01-28;34.58
Niederösterreich;2025-01-29;33.77
Niederösterreich;2025-01-30;32.98
Niederösterreich;2025-01-31;32.16
Niederösterreich;2025-02-01;31.35
Niederösterreich;2025-02-02;30.62
Niederösterreich;2025-02-03;29.88
Niederösterreich;2025-02-04;29.23
Niederösterreich;2025-02-05;28.66
Niederösterreich;2025-02-06;28.15
Niederösterreich;2025-02-07;27.7
Niederösterreich;2025-02-08;27.29
Niederösterreich;2025-02-09;26.85
Niederösterreich;2025-02-10;26.4
Niederösterreich;2025-02-11;25.89
Niederösterreich;2025-02-12;25.36
Niederösterreich;2025-02-13;24.73
Niederösterreich;2025-02-14;24.1
Niederösterreich;2025-02-15;23.44
Niederösterreich;2025-02-16;22.79
Niederösterreich;2025-02-17;22.18
Niederösterreich;2025-02-18;21.57
Niederösterreich;2025-02-19;21.02
Niederösterreich;2025-02-20;20.46
Niederösterreich;2025-02-21;19.89
Niederösterreich;2025-02-22;19.31
Niederösterreich;2025-02-23;18.74
Niederösterreich;2025-02-24;18.21
Niederösterreich;2025-02-25;17.74
Niederösterreich;2025-02-26;17.3
Niederösterreich;2025-02-27;16.98
Niederösterreich;2025-02-28;16.72
Niederösterreich;2025-03-01;16.54
Niederösterreich;2025-03-02;16.37
Niederösterreich;2025-03-03;16.27
Niederösterreich;2025-03-04;16.2
Niederösterreich;2025-03-05;16.1
Niederösterreich;2025-03-06;16.03
Niederösterreich;2025-03-07;15.93
Niederösterreich;2025-03-08;15.82
Niederösterreich;2025-03-09;15.68
Niederösterreich;2025-03-10;15.46
Niederösterreich;2025-03-11;15.26
Niederösterreich;2025-03-12;15.05
Niederösterreich;2025-03-13;14.9
Niederösterreich;2025-03-14;14.76
Niederösterreich;2025-03-15;14.63
Niederösterreich;2025-03-16;14.47
Niederösterreich;2025-03-17;14.28
Niederösterreich;2025-03-18;14.08
Niederösterreich;2025-03-19;13.82
Niederösterreich;2025-03-20;13.54
Niederösterreich;2025-03-21;13.21
Niederösterreich;2025-03-22;12.85
Niederösterreich;2025-03-23;12.46
Niederösterreich;2025-03-24;12.09
Niederösterreich;2025-03-25;11.69
Niederösterreich;2025-03-26;11.33
Niederösterreich;2025-03-27;11.02
Niederösterreich;2025-03-28;10.74
Niederösterreich;2025-03-29;10.53
Niederösterreich;2025-03-30;10.4
Niederösterreich;2025-03-31;10.56
Niederösterreich;2025-04-01;10.59
Steiermark;2022-09-01;93.59
Steiermark;2022-09-02;94.86
Steiermark;2022-09-03;96.35
Steiermark;2022-09-04;98.1
Steiermark;2022-09-05;100.12
Steiermark;2022-09-06;102.65
Steiermark;2022-09-07;105.7
Steiermark;2022-09-08;109.53
Steiermark;2022-09-09;114.0
Steiermark;2022-09-10;119.04
Steiermark;2022-09-11;124.63
Steiermark;2022-09-12;130.76
Steiermark;2022-09-13;137.61
Steiermark;2022-09-14;145.02
Steiermark;2022-09-15;153.02
Steiermark;2022-09-16;161.2
Steiermark;2022-09-17;169.28
Steiermark;2022-09-18;176.77
Steiermark;2022-09-19;183.56
Steiermark;2022-09-20;189.83
Steiermark;2022-09-21;195.76
Steiermark;2022-09-22;201.8
Steiermark;2022-09-23;208.17
Steiermark;2022-09-24;214.92
Steiermark;2022-09-25;222.02
Steiermark;2022-09-26;229.49
Steiermark;2022-09-27;236.99
Steiermark;2022-09-28;243.98
Steiermark;2022-09-29;250.12
Steiermark;2022-09-30;255.26
Steiermark;2022-10-01;259.39
Steiermark;2022-10-02;262.41
Steiermark;2022-10-03;264.35
Steiermark;2022-10-04;265.43
Steiermark;2022-10-05;265.76
Steiermark;2022-10-06;265.35
Steiermark;2022-10-07;264.27
Steiermark;2022-10-08;262.08
Steiermark;2022-10-09;258.58
Steiermark;2022-10-10;253.68
Steiermark;2022-10-11;247.45
Steiermark;2022-10-12;240.29
Steiermark;2022-10-13;232.46
Steiermark;2022-10-14;224.09
Steiermark;2022-10-15;215.23
Steiermark;2022-10-16;205.74
Steiermark;2022-10-17;195.64
Steiermark;2022-10-18;185.24
Steiermark;2022-10-19;174.63
Steiermark;2022-10-20;164.08
Steiermark;2022-10-21;153.75
Steiermark;2022-10-22;143.79
Steiermark;2022-10-23;134.43
Steiermark;2022-10-24;125.59
Steiermark;2022-10-25;117.48
Steiermark;2022-10-26;110.12
Steiermark;2022-10-27;103.47
Steiermark;2022-10-28;97.59
Steiermark;2022-10-29;92.39
Steiermark;2022-10-30;87.96
Steiermark;2022-10-31;84.2
Steiermark;2022-11-01;81.18
Steiermark;2022-11-02;78.81
Steiermark;2022-11-03;76.96
Steiermark;2022-11-04;75.59
Steiermark;2022-11-05;74.63
Steiermark;2022-11-06;73.88
Steiermark;2022-11-07;73.39
Steiermark;2022-11-08;73.27
Steiermark;2022-11-09;73.64
Steiermark;2022-11-10;74.45
Steiermark;2022-11-11;75.74
Steiermark;2022-11-12;77.45
Steiermark;2022-11-13;79.56
Steiermark;2022-11-14;82.07
Steiermark;2022-11-15;84.94
Steiermark;2022-11-16;88.28
Steiermark;2022-11-17;92.0
Steiermark;2022-11-18;96.17
Steiermark;2022-11-19;100.53
Steiermark;2022-11-20;105.15
Steiermark;2022-11-21;110.05
Steiermark;2022-11-22;115.16
Steiermark;2022-11-23;120.48
Steiermark;2022-11-24;125.86
Steiermark;2022-11-25;131.24
Steiermark;2022-11-26;136.5
Steiermark;2022-11-27;141.53
Steiermark;2022-11-28;146.08
Steiermark;2022-11-29;150.28
Steiermark;2022-11-30;154.17
Steiermark;2022-12-01;157.66
Steiermark;2022-12-02;160.91
Steiermark;2022-12-03;163.9
Steiermark;2022-12-04;166.67
Steiermark;2022-12-05;169.16
Steiermark;2022-12-06;171.46
Steiermark;2022-12-07;173.49
Steiermark;2022-12-08;175.4
Steiermark;2022-12-09;177.01
Steiermark;2022-12-10;178.46
Steiermark;2022-12-11;179.69
Steiermark;2022-12-12;180.65
Steiermark;2022-12-13;181.67
Steiermark;2022-12-14;182.66
Steiermark;2022-12-15;183.68
Steiermark;2022-12-16;184.62
Steiermark;2022-12-17;185.3
Steiermark;2022-12-18;185.43
Steiermark;2022-12-19;184.85
Steiermark;2022-12-20;183.57
Steiermark;2022-12-21;181.88
Steiermark;2022-12-22;179.87
Steiermark;2022-12-23;177.67
Steiermark;2022-12-24;175.4
Steiermark;2022-12-25;173.02
Steiermark;2022-12-26;170.44
Steiermark;2022-12-27;167.77
Steiermark;2022-12-28;164.73
Steiermark;2022-12-29;161.47
Steiermark;2022-12-30;157.85
Steiermark;2022-12-31;153.94
Steiermark;2023-01-01;149.8
Steiermark;2023-01-02;145.63
Steiermark;2023-01-03;141.6
Steiermark;2023-01-04;137.94
Steiermark;2023-01-05;134.69
Steiermark;2023-01-06;131.89
Steiermark;2023-01-07;129.49
Steiermark;2023-01-08;127.5
Steiermark;2023-01-09;125.73
Steiermark;2023-01-10;124.25
Steiermark;2023-01-11;122.97
Steiermark;2023-01-12;121.95
Steiermark;2023-01-13;121.08
Steiermark;2023-01-14;120.39
Steiermark;2023-01-15;119.56
Steiermark;2023-01-16;119.52
Steiermark;2023-01-17;116.49
Steiermark;2023-01-18;117.09
Steiermark;2023-01-19;117.99
Steiermark;2023-01-20;119.16
Steiermark;2023-01-21;120.73
Steiermark;2023-01-22;122.52
Steiermark;2023-01-23;124.76
Steiermark;2023-01-24;127.42
Steiermark;2023-01-25;130.67
Steiermark;2023-01-26;134.39
Steiermark;2023-01-27;138.49
Steiermark;2023-01-28;142.92
Steiermark;2023-01-29;147.5
Steiermark;2023-01-30;152.19
Steiermark;2023-01-31;157.0
Steiermark;2023-02-01;161.96
Steiermark;2023-02-02;167.13
Steiermark;2023-02-03;172.36
Steiermark;2023-02-04;177.64
Steiermark;2023-02-05;182.71
Steiermark;2023-02-06;187.61
Steiermark;2023-02-07;192.29
Steiermark;2023-02-08;196.89
Steiermark;2023-02-09;201.47
Steiermark;2023-02-10;205.97
Steiermark;2023-02-11;210.26
Steiermark;2023-02-12;214.47
Steiermark;2023-02-13;218.47
Steiermark;2023-02-14;222.22
Steiermark;2023-02-15;225.92
Steiermark;2023-02-16;229.57
Steiermark;2023-02-17;233.26
Steiermark;2023-02-18;236.92
Steiermark;2023-02-19;240.69
Steiermark;2023-02-20;244.54
Steiermark;2023-02-21;248.42
Steiermark;2023-02-22;252.3
Steiermark;2023-02-23;256.07
Steiermark;2023-02-24;259.44
Steiermark;2023-02-25;262.12
Steiermark;2023-02-26;263.76
Steiermark;2023-02-27;264.16
Steiermark;2023-02-28;263.25
Steiermark;2023-03-01;261.27
Steiermark;2023-03-02;258.35
Steiermark;2023-03-03;254.8
Steiermark;2023-03-04;250.77
Steiermark;2023-03-05;246.33
Steiermark;2023-03-06;241.45
Steiermark;2023-03-07;236.16
Steiermark;2023-03-08;230.46
Steiermark;2023-03-09;224.37
Steiermark;2023-03-10;217.82
Steiermark;2023-03-11;210.93
Steiermark;2023-03-12;203.74
Steiermark;2023-03-13;196.22
Steiermark;2023-03-14;188.48
Steiermark;2023-03-15;180.64
Steiermark;2023-03-16;172.84
Steiermark;2023-03-17;165.15
Steiermark;2023-03-18;157.57
Steiermark;2023-03-19;150.28
Steiermark;2023-03-20;143.17
Steiermark;2023-03-21;136.39
Steiermark;2023-03-22;130.0
Steiermark;2023-03-23;123.96
Steiermark;2023-03-24;118.26
Steiermark;2023-03-25;112.9
Steiermark;2023-03-26;107.91
Steiermark;2023-03-27;103.19
Steiermark;2023-03-28;98.8
Steiermark;2023-03-29;94.61
Steiermark;2023-03-30;90.58
Steiermark;2023-03-31;86.75
Steiermark;2023-04-01;83.22
Steiermark;2023-04-02;79.97
Steiermark;2023-04-03;77.19
Steiermark;2023-04-04;74.68
Steiermark;2023-04-05;72.61
Steiermark;2023-04-06;70.75
Steiermark;2023-04-07;69.09
Steiermark;2023-04-08;67.66
Steiermark;2023-04-09;66.27
Steiermark;2023-04-10;65.04
Steiermark;2023-04-11;63.81
Steiermark;2023-04-12;62.7
Steiermark;2023-04-13;61.65
Steiermark;2023-04-14;60.5
Steiermark;2023-04-15;59.38
Steiermark;2023-04-16;58.09
Steiermark;2023-04-17;56.77
Steiermark;2023-04-18;55.36
Steiermark;2023-04-19;53.95
Steiermark;2023-04-20;52.6
Steiermark;2023-04-21;51.24
Steiermark;2023-04-22;49.82
Steiermark;2023-04-23;48.48
Steiermark;2023-04-24;47.11
Steiermark;2023-04-25;45.74
Steiermark;2023-04-26;44.28
Steiermark;2023-04-27;42.82
Steiermark;2023-04-28;41.32
Steiermark;2023-04-29;39.84
Steiermark;2023-04-30;38.43
Steiermark;2023-05-01;37.17
Steiermark;2023-05-02;35.95
Steiermark;2023-05-03;34.96
Steiermark;2023-05-04;34.17
Steiermark;2023-05-05;33.48
Steiermark;2023-05-06;32.8
Steiermark;2023-05-07;32.22
Steiermark;2023-05-08;31.66
Steiermark;2023-05-09;30.94
Steiermark;2023-05-10;30.25
Steiermark;2023-05-11;29.46
Steiermark;2023-05-12;28.68
Steiermark;2023-05-13;27.94
Steiermark;2023-05-14;27.22
Steiermark;2023-05-15;26.63
Steiermark;2023-05-16;26.17
Steiermark;2023-05-17;25.69
Steiermark;2023-05-18;25.31
Steiermark;2023-05-19;24.9
Steiermark;2023-05-20;24.44
Steiermark;2023-05-21;23.84
Steiermark;2023-05-22;23.12
Steiermark;2023-05-23;22.37
Steiermark;2023-05-24;21.57
Steiermark;2023-05-25;20.75
Steiermark;2023-05-26;19.94
Steiermark;2023-05-27;19.1
Steiermark;2023-05-28;18.33
Steiermark;2023-05-29;17.6
Steiermark;2023-05-30;16.84
Steiermark;2023-05-31;16.12
Steiermark;2023-06-01;15.44
Steiermark;2023-06-02;14.79
Steiermark;2023-06-03;14.15
Steiermark;2023-06-04;13.5
Steiermark;2023-06-05;12.95
Steiermark;2023-06-06;12.32
Steiermark;2023-06-07;11.78
Steiermark;2023-06-08;11.19
Steiermark;2023-06-09;10.68
Steiermark;2023-06-10;10.1
Steiermark;2023-06-11;9.59
Steiermark;2023-06-12;9.04
Steiermark;2023-06-13;8.57
Steiermark;2023-06-14;8.09
Steiermark;2023-06-15;7.71
Steiermark;2023-06-16;7.34
Steiermark;2023-06-17;7.05
Steiermark;2023-06-18;6.79
Steiermark;2023-06-19;6.58
Steiermark;2023-06-20;6.41
Steiermark;2023-06-21;6.33
Steiermark;2023-06-22;6.24
Steiermark;2023-06-23;6.21
Steiermark;2023-06-24;6.21
Steiermark;2023-06-25;6.26
Steiermark;2023-06-26;6.36
Steiermark;2023-06-27;6.49
Steiermark;2023-06-28;6.68
Steiermark;2023-06-29;6.87
Steiermark;2023-06-30;7.04
Steiermark;2023-07-01;7.27
Steiermark;2023-07-02;7.51
Steiermark;2023-07-03;7.72
Steiermark;2023-07-04;7.92
Steiermark;2023-07-05;8.13
Steiermark;2023-07-06;8.33
Steiermark;2023-07-07;8.6
Steiermark;2023-07-08;8.85
Steiermark;2023-07-09;9.04
Steiermark;2023-07-10;9.28
Steiermark;2023-07-11;9.51
Steiermark;2023-07-12;9.74
Steiermark;2023-07-13;9.98
Steiermark;2023-07-14;10.27
Steiermark;2023-07-15;10.51
Steiermark;2023-07-16;10.84
Steiermark;2023-07-17;11.24
Steiermark;2023-07-18;11.63
Steiermark;2023-07-19;12.1
Steiermark;2023-07-20;12.64
Steiermark;2023-07-21;13.16
Steiermark;2023-07-22;13.77
Steiermark;2023-07-23;14.39
Steiermark;2023-07-24;15.03
Steiermark;2023-07-25;15.83
Steiermark;2023-07-26;16.57
Steiermark;2023-07-27;17.33
Steiermark;2023-07-28;18.11
Steiermark;2023-07-29;18.96
Steiermark;2023-07-30;19.77
Steiermark;2023-07-31;20.75
Steiermark;2023-08-01;21.72
Steiermark;2023-08-02;22.93
Steiermark;2023-08-03;24.27
Steiermark;2023-08-04;25.92
Steiermark;2023-08-05;27.71
Steiermark;2023-08-06;29.78
Steiermark;2023-08-07;32.18
Steiermark;2023-08-08;34.7
Steiermark;2023-08-09;37.35
Steiermark;2023-08-10;39.91
Steiermark;2023-08-11;42.33
Steiermark;2023-08-12;44.53
Steiermark;2023-08-13;46.23
Steiermark;2023-08-14;47.58
Steiermark;2023-08-15;48.51
Steiermark;2023-08-16;49.22
Steiermark;2023-08-17;49.74
Steiermark;2023-08-18;50.28
Steiermark;2023-08-19;50.86
Steiermark;2023-08-20;51.51
Steiermark;2023-08-21;52.28
Steiermark;2023-08-22;53.14
Steiermark;2023-08-23;54.19
Steiermark;2023-08-24;55.33
Steiermark;2023-08-25;56.56
Steiermark;2023-08-26;57.77
Steiermark;2023-08-27;58.94
Steiermark;2023-08-28;60.03
Steiermark;2023-08-29;60.97
Steiermark;2023-08-30;61.82
Steiermark;2023-08-31;62.66
Steiermark;2023-09-01;63.42
Steiermark;2023-09-02;64.36
Steiermark;2023-09-03;65.32
Steiermark;2023-09-04;66.45
Steiermark;2023-09-05;67.79
Steiermark;2023-09-06;69.39
Steiermark;2023-09-07;71.22
Steiermark;2023-09-08;73.15
Steiermark;2023-09-09;75.02
Steiermark;2023-09-10;76.77
Steiermark;2023-09-11;78.29
Steiermark;2023-09-12;79.54
Steiermark;2023-09-13;80.57
Steiermark;2023-09-14;81.35
Steiermark;2023-09-15;82.01
Steiermark;2023-09-16;82.64
Steiermark;2023-09-17;83.23
Steiermark;2023-09-18;83.85
Steiermark;2023-09-19;84.6
Steiermark;2023-09-20;85.51
Steiermark;2023-09-21;86.68
Steiermark;2023-09-22;87.94
Steiermark;2023-09-23;89.53
Steiermark;2023-09-24;91.35
Steiermark;2023-09-25;93.38
Steiermark;2023-09-26;95.65
Steiermark;2023-09-27;98.21
Steiermark;2023-09-28;100.82
Steiermark;2023-09-29;103.53
Steiermark;2023-09-30;106.08
Steiermark;2023-10-01;108.45
Steiermark;2023-10-02;110.47
Steiermark;2023-10-03;112.26
Steiermark;2023-10-04;113.71
Steiermark;2023-10-05;115.06
Steiermark;2023-10-06;116.31
Steiermark;2023-10-07;117.59
Steiermark;2023-10-08;119.09
Steiermark;2023-10-09;120.77
Steiermark;2023-10-10;122.73
Steiermark;2023-10-11;124.99
Steiermark;2023-10-12;127.6
Steiermark;2023-10-13;130.61
Steiermark;2023-10-14;134.05
Steiermark;2023-10-15;138.11
Steiermark;2023-10-16;142.82
Steiermark;2023-10-17;148.14
Steiermark;2023-10-18;154.12
Steiermark;2023-10-19;160.46
Steiermark;2023-10-20;167.13
Steiermark;2023-10-21;173.72
Steiermark;2023-10-22;180.2
Steiermark;2023-10-23;186.31
Steiermark;2023-10-24;192.15
Steiermark;2023-10-25;197.81
Steiermark;2023-10-26;203.29
Steiermark;2023-10-27;208.6
Steiermark;2023-10-28;213.58
Steiermark;2023-10-29;218.1
Steiermark;2023-10-30;222.09
Steiermark;2023-10-31;225.46
Steiermark;2023-11-01;228.3
Steiermark;2023-11-02;230.68
Steiermark;2023-11-03;232.86
Steiermark;2023-11-04;235.25
Steiermark;2023-11-05;238.14
Steiermark;2023-11-06;241.87
Steiermark;2023-11-07;246.55
Steiermark;2023-11-08;252.2
Steiermark;2023-11-09;258.67
Steiermark;2023-11-10;265.81
Steiermark;2023-11-11;273.4
Steiermark;2023-11-12;281.21
Steiermark;2023-11-13;289.19
Steiermark;2023-11-14;297.24
Steiermark;2023-11-15;305.25
Steiermark;2023-11-16;313.41
Steiermark;2023-11-17;321.84
Steiermark;2023-11-18;330.75
Steiermark;2023-11-19;340.44
Steiermark;2023-11-20;351.13
Steiermark;2023-11-21;362.98
Steiermark;2023-11-22;375.91
Steiermark;2023-11-23;389.72
Steiermark;2023-11-24;404.29
Steiermark;2023-11-25;419.35
Steiermark;2023-11-26;434.6
Steiermark;2023-11-27;449.88
Steiermark;2023-11-28;464.9
Steiermark;2023-11-29;479.41
Steiermark;2023-11-30;493.27
Steiermark;2023-12-01;506.05
Steiermark;2023-12-02;517.38
Steiermark;2023-12-03;526.94
Steiermark;2023-12-04;534.66
Steiermark;2023-12-05;541.16
Steiermark;2023-12-06;547.0
Steiermark;2023-12-07;552.62
Steiermark;2023-12-08;557.86
Steiermark;2023-12-09;562.43
Steiermark;2023-12-10;565.83
Steiermark;2023-12-11;567.91
Steiermark;2023-12-12;568.83
Steiermark;2023-12-13;568.92
Steiermark;2023-12-14;568.6
Steiermark;2023-12-15;567.79
Steiermark;2023-12-16;566.04
Steiermark;2023-12-17;562.8
Steiermark;2023-12-18;557.61
Steiermark;2023-12-19;550.22
Steiermark;2023-12-20;540.73
Steiermark;2023-12-21;529.25
Steiermark;2023-12-22;516.14
Steiermark;2023-12-23;501.72
Steiermark;2023-12-24;486.38
Steiermark;2023-12-25;470.22
Steiermark;2023-12-26;453.43
Steiermark;2023-12-27;436.05
Steiermark;2023-12-28;418.04
Steiermark;2023-12-29;399.44
Steiermark;2023-12-30;380.42
Steiermark;2023-12-31;361.12
Steiermark;2024-01-01;341.68
Steiermark;2024-01-02;322.29
Steiermark;2024-01-03;303.07
Steiermark;2024-01-04;284.45
Steiermark;2024-01-05;266.63
Steiermark;2024-01-06;249.84
Steiermark;2024-01-07;234.36
Steiermark;2024-01-08;220.25
Steiermark;2024-01-09;207.67
Steiermark;2024-01-10;196.41
Steiermark;2024-01-11;186.29
Steiermark;2024-01-12;177.05
Steiermark;2024-01-13;168.43
Steiermark;2024-01-14;160.32
Steiermark;2024-01-15;152.43
Steiermark;2024-01-16;144.75
Steiermark;2024-01-17;137.37
Steiermark;2024-01-18;130.13
Steiermark;2024-01-19;123.26
Steiermark;2024-01-20;116.62
Steiermark;2024-01-21;110.3
Steiermark;2024-01-22;104.32
Steiermark;2024-01-23;98.73
Steiermark;2024-01-24;93.6
Steiermark;2024-01-25;89.03
Steiermark;2024-01-26;84.92
Steiermark;2024-01-27;81.14
Steiermark;2024-01-28;77.68
Steiermark;2024-01-29;74.52
Steiermark;2024-01-30;71.46
Steiermark;2024-01-31;68.47
Steiermark;2024-02-01;65.54
Steiermark;2024-02-02;62.55
Steiermark;2024-02-03;59.57
Steiermark;2024-02-04;56.51
Steiermark;2024-02-05;53.52
Steiermark;2024-02-06;50.49
Steiermark;2024-02-07;47.51
Steiermark;2024-02-08;44.57
Steiermark;2024-02-09;41.73
Steiermark;2024-02-10;39.02
Steiermark;2024-02-11;36.41
Steiermark;2024-02-12;33.93
Steiermark;2024-02-13;31.66
Steiermark;2024-02-14;29.52
Steiermark;2024-02-15;27.54
Steiermark;2024-02-16;25.67
Steiermark;2024-02-17;23.92
Steiermark;2024-02-18;22.21
Steiermark;2024-02-19;20.63
Steiermark;2024-02-20;19.06
Steiermark;2024-02-21;17.66
Steiermark;2024-02-22;16.3
Steiermark;2024-02-23;15.03
Steiermark;2024-02-24;13.84
Steiermark;2024-02-25;12.78
Steiermark;2024-02-26;11.86
Steiermark;2024-02-27;10.99
Steiermark;2024-02-28;10.22
Steiermark;2024-02-29;9.49
Steiermark;2024-03-01;8.87
Steiermark;2024-03-02;8.33
Steiermark;2024-03-03;7.88
Steiermark;2024-03-04;7.45
Steiermark;2024-03-05;7.11
Steiermark;2024-03-06;6.93
Steiermark;2024-03-07;6.74
Steiermark;2024-03-08;6.58
Steiermark;2024-03-09;6.55
Steiermark;2024-03-10;6.47
Steiermark;2024-03-11;6.44
Steiermark;2024-03-12;6.38
Steiermark;2024-03-13;6.34
Steiermark;2024-03-14;6.37
Steiermark;2024-03-15;6.36
Steiermark;2024-03-16;6.33
Steiermark;2024-03-17;6.39
Steiermark;2024-03-18;6.39
Steiermark;2024-03-19;6.47
Steiermark;2024-03-20;6.54
Steiermark;2024-03-21;6.69
Steiermark;2024-03-22;6.78
Steiermark;2024-03-23;6.93
Steiermark;2024-03-24;7.03
Steiermark;2024-03-25;7.07
Steiermark;2024-03-26;7.1
Steiermark;2024-03-27;7.03
Steiermark;2024-03-28;6.95
Steiermark;2024-03-29;6.85
Steiermark;2024-03-30;6.72
Steiermark;2024-03-31;6.53
Steiermark;2024-04-01;6.31
Steiermark;2024-04-02;6.12
Steiermark;2024-04-03;5.92
Steiermark;2024-04-04;5.71
Steiermark;2024-04-05;5.47
Steiermark;2024-04-06;5.28
Steiermark;2024-04-07;5.09
Steiermark;2024-04-08;4.94
Steiermark;2024-04-09;4.83
Steiermark;2024-04-10;4.7
Steiermark;2024-04-11;4.57
Steiermark;2024-04-12;4.47
Steiermark;2024-04-13;4.44
Steiermark;2024-04-14;4.37
Steiermark;2024-04-15;4.38
Steiermark;2024-04-16;4.41
Steiermark;2024-04-17;4.47
Steiermark;2024-04-18;4.53
Steiermark;2024-04-19;4.6
Steiermark;2024-04-20;4.69
Steiermark;2024-04-21;4.79
Steiermark;2024-04-22;4.89
Steiermark;2024-04-23;5.01
Steiermark;2024-04-24;5.14
Steiermark;2024-04-25;5.33
Steiermark;2024-04-26;5.45
Steiermark;2024-04-27;5.65
Steiermark;2024-04-28;5.83
Steiermark;2024-04-29;6.0
Steiermark;2024-04-30;6.16
Steiermark;2024-05-01;6.32
Steiermark;2024-05-02;6.48
Steiermark;2024-05-03;6.62
Steiermark;2024-05-04;6.79
Steiermark;2024-05-05;7.02
Steiermark;2024-05-06;7.19
Steiermark;2024-05-07;7.37
Steiermark;2024-05-08;7.51
Steiermark;2024-05-09;7.7
Steiermark;2024-05-10;7.92
Steiermark;2024-05-11;8.05
Steiermark;2024-05-12;8.27
Steiermark;2024-05-13;8.46
Steiermark;2024-05-14;8.71
Steiermark;2024-05-15;9.01
Steiermark;2024-05-16;9.36
Steiermark;2024-05-17;9.77
Steiermark;2024-05-18;10.23
Steiermark;2024-05-19;10.71
Steiermark;2024-05-20;11.2
Steiermark;2024-05-21;11.75
Steiermark;2024-05-22;12.38
Steiermark;2024-05-23;13.02
Steiermark;2024-05-24;13.74
Steiermark;2024-05-25;14.49
Steiermark;2024-05-26;15.29
Steiermark;2024-05-27;16.2
Steiermark;2024-05-28;17.12
Steiermark;2024-05-29;18.13
Steiermark;2024-05-30;19.19
Steiermark;2024-05-31;20.35
Steiermark;2024-06-01;21.59
Steiermark;2024-06-02;22.92
Steiermark;2024-06-03;24.34
Steiermark;2024-06-04;25.95
Steiermark;2024-06-05;27.62
Steiermark;2024-06-06;29.31
Steiermark;2024-06-07;31.07
Steiermark;2024-06-08;32.79
Steiermark;2024-06-09;34.38
Steiermark;2024-06-10;35.91
Steiermark;2024-06-11;37.32
Steiermark;2024-06-12;38.85
Steiermark;2024-06-13;40.35
Steiermark;2024-06-14;41.82
Steiermark;2024-06-15;43.41
Steiermark;2024-06-16;44.88
Steiermark;2024-06-17;46.24
Steiermark;2024-06-18;47.48
Steiermark;2024-06-19;48.48
Steiermark;2024-06-20;49.33
Steiermark;2024-06-21;50.01
Steiermark;2024-06-22;50.71
Steiermark;2024-06-23;51.36
Steiermark;2024-06-24;52.11
Steiermark;2024-06-25;52.92
Steiermark;2024-06-26;53.72
Steiermark;2024-06-27;54.43
Steiermark;2024-06-28;55.06
Steiermark;2024-06-29;55.7
Steiermark;2024-06-30;56.24
Steiermark;2024-07-01;56.83
Steiermark;2024-07-02;57.39
Steiermark;2024-07-03;58.05
Steiermark;2024-07-04;58.73
Steiermark;2024-07-05;59.45
Steiermark;2024-07-06;60.15
Steiermark;2024-07-07;60.8
Steiermark;2024-07-08;61.26
Steiermark;2024-07-09;61.65
Steiermark;2024-07-10;61.99
Steiermark;2024-07-11;62.19
Steiermark;2024-07-12;62.41
Steiermark;2024-07-13;62.63
Steiermark;2024-07-14;62.9
Steiermark;2024-07-15;63.22
Steiermark;2024-07-16;63.65
Steiermark;2024-07-17;64.13
Steiermark;2024-07-18;64.74
Steiermark;2024-07-19;65.39
Steiermark;2024-07-20;66.04
Steiermark;2024-07-21;66.68
Steiermark;2024-07-22;67.3
Steiermark;2024-07-23;67.92
Steiermark;2024-07-24;68.49
Steiermark;2024-07-25;69.05
Steiermark;2024-07-26;69.6
Steiermark;2024-07-27;70.11
Steiermark;2024-07-28;70.63
Steiermark;2024-07-29;71.28
Steiermark;2024-07-30;71.91
Steiermark;2024-07-31;72.71
Steiermark;2024-08-01;73.67
Steiermark;2024-08-02;74.69
Steiermark;2024-08-03;75.74
Steiermark;2024-08-04;76.84
Steiermark;2024-08-05;77.93
Steiermark;2024-08-06;79.03
Steiermark;2024-08-07;80.23
Steiermark;2024-08-08;81.63
Steiermark;2024-08-09;83.26
Steiermark;2024-08-10;85.14
Steiermark;2024-08-11;87.31
Steiermark;2024-08-12;89.81
Steiermark;2024-08-13;92.51
Steiermark;2024-08-14;95.4
Steiermark;2024-08-15;98.4
Steiermark;2024-08-16;101.43
Steiermark;2024-08-17;104.45
Steiermark;2024-08-18;107.59
Steiermark;2024-08-19;110.7
Steiermark;2024-08-20;113.81
Steiermark;2024-08-21;116.87
Steiermark;2024-08-22;119.85
Steiermark;2024-08-23;122.7
Steiermark;2024-08-24;125.34
Steiermark;2024-08-25;127.68
Steiermark;2024-08-26;129.79
Steiermark;2024-08-27;131.59
Steiermark;2024-08-28;133.2
Steiermark;2024-08-29;134.58
Steiermark;2024-08-30;135.93
Steiermark;2024-08-31;137.25
Steiermark;2024-09-01;138.71
Steiermark;2024-09-02;140.38
Steiermark;2024-09-03;142.47
Steiermark;2024-09-04;144.99
Steiermark;2024-09-05;147.96
Steiermark;2024-09-06;151.38
Steiermark;2024-09-07;155.36
Steiermark;2024-09-08;159.79
Steiermark;2024-09-09;164.78
Steiermark;2024-09-10;170.42
Steiermark;2024-09-11;176.85
Steiermark;2024-09-12;184.04
Steiermark;2024-09-13;192.01
Steiermark;2024-09-14;200.66
Steiermark;2024-09-15;209.99
Steiermark;2024-09-16;220.07
Steiermark;2024-09-17;230.64
Steiermark;2024-09-18;241.6
Steiermark;2024-09-19;252.74
Steiermark;2024-09-20;263.99
Steiermark;2024-09-21;275.18
Steiermark;2024-09-22;286.19
Steiermark;2024-09-23;296.63
Steiermark;2024-09-24;306.39
Steiermark;2024-09-25;315.17
Steiermark;2024-09-26;322.93
Steiermark;2024-09-27;329.82
Steiermark;2024-09-28;335.99
Steiermark;2024-09-29;341.61
Steiermark;2024-09-30;346.69
Steiermark;2024-10-01;351.33
Steiermark;2024-10-02;355.35
Steiermark;2024-10-03;358.78
Steiermark;2024-10-04;361.2
Steiermark;2024-10-05;362.2
Steiermark;2024-10-06;361.47
Steiermark;2024-10-07;358.71
Steiermark;2024-10-08;354.3
Steiermark;2024-10-09;348.58
Steiermark;2024-10-10;342.0
Steiermark;2024-10-11;334.81
Steiermark;2024-10-12;327.15
Steiermark;2024-10-13;319.14
Steiermark;2024-10-14;310.73
Steiermark;2024-10-15;302.09
Steiermark;2024-10-16;293.13
Steiermark;2024-10-17;283.99
Steiermark;2024-10-18;274.66
Steiermark;2024-10-19;265.15
Steiermark;2024-10-20;255.28
Steiermark;2024-10-21;244.99
Steiermark;2024-10-22;234.34
Steiermark;2024-10-23;223.48
Steiermark;2024-10-24;212.4
Steiermark;2024-10-25;201.31
Steiermark;2024-10-26;190.52
Steiermark;2024-10-27;180.07
Steiermark;2024-10-28;170.39
Steiermark;2024-10-29;161.48
Steiermark;2024-10-30;153.63
Steiermark;2024-10-31;146.72
Steiermark;2024-11-01;140.82
Steiermark;2024-11-02;135.67
Steiermark;2024-11-03;131.22
Steiermark;2024-11-04;127.21
Steiermark;2024-11-05;123.83
Steiermark;2024-11-06;120.94
Steiermark;2024-11-07;118.5
Steiermark;2024-11-08;116.45
Steiermark;2024-11-09;114.63
Steiermark;2024-11-10;112.86
Steiermark;2024-11-11;111.13
Steiermark;2024-11-12;109.4
Steiermark;2024-11-13;107.9
Steiermark;2024-11-14;106.55
Steiermark;2024-11-15;105.4
Steiermark;2024-11-16;104.63
Steiermark;2024-11-17;104.08
Steiermark;2024-11-18;103.96
Steiermark;2024-11-19;104.13
Steiermark;2024-11-20;104.58
Steiermark;2024-11-21;105.35
Steiermark;2024-11-22;106.33
Steiermark;2024-11-23;107.51
Steiermark;2024-11-24;108.86
Steiermark;2024-11-25;110.3
Steiermark;2024-11-26;111.82
Steiermark;2024-11-27;113.39
Steiermark;2024-11-28;114.96
Steiermark;2024-11-29;116.41
Steiermark;2024-11-30;117.64
Steiermark;2024-12-01;118.54
Steiermark;2024-12-02;119.07
Steiermark;2024-12-03;119.12
Steiermark;2024-12-04;118.75
Steiermark;2024-12-05;118.03
Steiermark;2024-12-06;116.86
Steiermark;2024-12-07;115.54
Steiermark;2024-12-08;114.07
Steiermark;2024-12-09;112.54
Steiermark;2024-12-10;111.05
Steiermark;2024-12-11;109.77
Steiermark;2024-12-12;108.68
Steiermark;2024-12-13;107.73
Steiermark;2024-12-14;106.84
Steiermark;2024-12-15;105.81
Steiermark;2024-12-16;104.67
Steiermark;2024-12-17;103.36
Steiermark;2024-12-18;101.93
Steiermark;2024-12-19;100.45
Steiermark;2024-12-20;99.01
Steiermark;2024-12-21;97.63
Steiermark;2024-12-22;96.3
Steiermark;2024-12-23;95.05
Steiermark;2024-12-24;93.9
Steiermark;2024-12-25;92.75
Steiermark;2024-12-26;91.54
Steiermark;2024-12-27;90.22
Steiermark;2024-12-28;88.69
Steiermark;2024-12-29;86.95
Steiermark;2024-12-30;84.84
Steiermark;2024-12-31;82.5
Steiermark;2025-01-01;79.96
Steiermark;2025-01-02;77.23
Steiermark;2025-01-03;74.34
Steiermark;2025-01-04;71.51
Steiermark;2025-01-05;68.61
Steiermark;2025-01-06;65.78
Steiermark;2025-01-07;63.09
Steiermark;2025-01-08;60.56
Steiermark;2025-01-09;58.11
Steiermark;2025-01-10;55.97
Steiermark;2025-01-11;53.93
Steiermark;2025-01-12;52.03
Steiermark;2025-01-13;50.39
Steiermark;2025-01-14;48.83
Steiermark;2025-01-15;47.47
Steiermark;2025-01-16;46.23
Steiermark;2025-01-17;45.05
Steiermark;2025-01-18;43.92
Steiermark;2025-01-19;42.83
Steiermark;2025-01-20;41.62
Steiermark;2025-01-21;40.45
Steiermark;2025-01-22;39.31
Steiermark;2025-01-23;38.18
Steiermark;2025-01-24;37.17
Steiermark;2025-01-25;36.23
Steiermark;2025-01-26;35.4
Steiermark;2025-01-27;34.73
Steiermark;2025-01-28;34.13
Steiermark;2025-01-29;33.62
Steiermark;2025-01-30;33.19
Steiermark;2025-01-31;32.81
Steiermark;2025-02-01;32.47
Steiermark;2025-02-02;32.17
Steiermark;2025-02-03;31.79
Steiermark;2025-02-04;31.38
Steiermark;2025-02-05;30.87
Steiermark;2025-02-06;30.31
Steiermark;2025-02-07;29.75
Steiermark;2025-02-08;29.13
Steiermark;2025-02-09;28.54
Steiermark;2025-02-10;27.86
Steiermark;2025-02-11;27.25
Steiermark;2025-02-12;26.65
Steiermark;2025-02-13;26.05
Steiermark;2025-02-14;25.39
Steiermark;2025-02-15;24.7
Steiermark;2025-02-16;23.9
Steiermark;2025-02-17;23.01
Steiermark;2025-02-18;22.13
Steiermark;2025-02-19;21.21
Steiermark;2025-02-20;20.3
Steiermark;2025-02-21;19.39
Steiermark;2025-02-22;18.49
Steiermark;2025-02-23;17.64
Steiermark;2025-02-24;16.88
Steiermark;2025-02-25;16.1
Steiermark;2025-02-26;15.4
Steiermark;2025-02-27;14.74
Steiermark;2025-02-28;14.16
Steiermark;2025-03-01;13.58
Steiermark;2025-03-02;13.02
Steiermark;2025-03-03;12.55
Steiermark;2025-03-04;12.1
Steiermark;2025-03-05;11.74
Steiermark;2025-03-06;11.39
Steiermark;2025-03-07;11.06
Steiermark;2025-03-08;10.8
Steiermark;2025-03-09;10.56
Steiermark;2025-03-10;10.26
Steiermark;2025-03-11;9.99
Steiermark;2025-03-12;9.72
Steiermark;2025-03-13;9.49
Steiermark;2025-03-14;9.26
Steiermark;2025-03-15;8.98
Steiermark;2025-03-16;8.77
Steiermark;2025-03-17;8.55
Steiermark;2025-03-18;8.4
Steiermark;2025-03-19;8.17
Steiermark;2025-03-20;8.03
Steiermark;2025-03-21;7.89
Steiermark;2025-03-22;7.81
Steiermark;2025-03-23;7.68
Steiermark;2025-03-24;7.48
Steiermark;2025-03-25;7.36
Steiermark;2025-03-26;7.18
Steiermark;2025-03-27;7.08
Steiermark;2025-03-28;6.91
Steiermark;2025-03-29;6.81
Steiermark;2025-03-30;6.73
Steiermark;2025-03-31;6.78
Steiermark;2025-04-01;6.79
Wien;2022-09-01;118.9
Wien;2022-09-02;117.7
Wien;2022-09-03;116.4
Wien;2022-09-04;115.2
Wien;2022-09-05;113.9
Wien;2022-09-06;112.7
Wien;2022-09-07;111.5
Wien;2022-09-08;110.6
Wien;2022-09-09;110.0
Wien;2022-09-10;109.9
Wien;2022-09-11;110.5
Wien;2022-09-12;112.0
Wien;2022-09-13;114.3
Wien;2022-09-14;117.4
Wien;2022-09-15;121.0
Wien;2022-09-16;125.2
Wien;2022-09-17;129.8
Wien;2022-09-18;134.9
Wien;2022-09-19;140.6
Wien;2022-09-20;146.8
Wien;2022-09-21;153.5
Wien;2022-09-22;160.6
Wien;2022-09-23;167.9
Wien;2022-09-24;175.2
Wien;2022-09-25;182.5
Wien;2022-09-26;189.8
Wien;2022-09-27;197.1
Wien;2022-09-28;204.7
Wien;2022-09-29;212.3
Wien;2022-09-30;219.7
Wien;2022-10-01;226.6
Wien;2022-10-02;232.5
Wien;2022-10-03;237.3
Wien;2022-10-04;240.9
Wien;2022-10-05;243.5
Wien;2022-10-06;245.1
Wien;2022-10-07;245.8
Wien;2022-10-08;245.6
Wien;2022-10-09;244.4
Wien;2022-10-10;241.9
Wien;2022-10-11;238.1
Wien;2022-10-12;233.3
Wien;2022-10-13;227.6
Wien;2022-10-14;221.5
Wien;2022-10-15;215.3
Wien;2022-10-16;209.3
Wien;2022-10-17;203.9
Wien;2022-10-18;198.9
Wien;2022-10-19;194.5
Wien;2022-10-20;190.4
Wien;2022-10-21;186.4
Wien;2022-10-22;182.5
Wien;2022-10-23;178.3
Wien;2022-10-24;173.9
Wien;2022-10-25;169.2
Wien;2022-10-26;164.4
Wien;2022-10-27;159.5
Wien;2022-10-28;154.7
Wien;2022-10-29;149.9
Wien;2022-10-30;145.4
Wien;2022-10-31;141.3
Wien;2022-11-01;137.6
Wien;2022-11-02;134.6
Wien;2022-11-03;132.1
Wien;2022-11-04;130.4
Wien;2022-11-05;129.3
Wien;2022-11-06;129.0
Wien;2022-11-07;129.7
Wien;2022-11-08;131.5
Wien;2022-11-09;134.3
Wien;2022-11-10;137.8
Wien;2022-11-11;141.9
Wien;2022-11-12;146.3
Wien;2022-11-13;150.8
Wien;2022-11-14;155.4
Wien;2022-11-15;160.0
Wien;2022-11-16;164.9
Wien;2022-11-17;169.8
Wien;2022-11-18;174.8
Wien;2022-11-19;179.6
Wien;2022-11-20;184.0
Wien;2022-11-21;188.0
Wien;2022-11-22;191.6
Wien;2022-11-23;194.7
Wien;2022-11-24;197.5
Wien;2022-11-25;200.0
Wien;2022-11-26;202.1
Wien;2022-11-27;203.9
Wien;2022-11-28;205.4
Wien;2022-11-29;206.7
Wien;2022-11-30;207.9
Wien;2022-12-01;209.1
Wien;2022-12-02;210.5
Wien;2022-12-03;212.0
Wien;2022-12-04;213.7
Wien;2022-12-05;215.8
Wien;2022-12-06;218.2
Wien;2022-12-07;221.0
Wien;2022-12-08;224.1
Wien;2022-12-09;227.6
Wien;2022-12-10;231.3
Wien;2022-12-11;235.4
Wien;2022-12-12;239.9
Wien;2022-12-13;244.8
Wien;2022-12-14;250.1
Wien;2022-12-15;255.4
Wien;2022-12-16;260.6
Wien;2022-12-17;265.1
Wien;2022-12-18;268.6
Wien;2022-12-19;270.7
Wien;2022-12-20;271.4
Wien;2022-12-21;270.8
Wien;2022-12-22;269.2
Wien;2022-12-23;266.8
Wien;2022-12-24;263.9
Wien;2022-12-25;260.6
Wien;2022-12-26;257.0
Wien;2022-12-27;252.9
Wien;2022-12-28;248.6
Wien;2022-12-29;243.9
Wien;2022-12-30;238.9
Wien;2022-12-31;233.5
Wien;2023-01-01;227.7
Wien;2023-01-02;221.5
Wien;2023-01-03;214.7
Wien;2023-01-04;207.6
Wien;2023-01-05;200.1
Wien;2023-01-06;192.6
Wien;2023-01-07;185.1
Wien;2023-01-08;177.9
Wien;2023-01-09;171.2
Wien;2023-01-10;165.0
Wien;2023-01-11;159.3
Wien;2023-01-12;154.2
Wien;2023-01-13;149.7
Wien;2023-01-14;145.9
Wien;2023-01-15;142.9
Wien;2023-01-16;140.9
Wien;2023-01-17;140.0
Wien;2023-01-18;140.2
Wien;2023-01-19;141.4
Wien;2023-01-20;143.5
Wien;2023-01-21;146.5
Wien;2023-01-22;150.4
Wien;2023-01-23;155.4
Wien;2023-01-24;161.3
Wien;2023-01-25;168.0
Wien;2023-01-26;175.3
Wien;2023-01-27;183.2
Wien;2023-01-28;191.7
Wien;2023-01-29;201.1
Wien;2023-01-30;211.4
Wien;2023-01-31;222.6
Wien;2023-02-01;234.6
Wien;2023-02-02;247.2
Wien;2023-02-03;259.6
Wien;2023-02-04;271.2
Wien;2023-02-05;281.5
Wien;2023-02-06;290.1
Wien;2023-02-07;296.9
Wien;2023-02-08;302.2
Wien;2023-02-09;306.5
Wien;2023-02-10;310.0
Wien;2023-02-11;312.9
Wien;2023-02-12;315.4
Wien;2023-02-13;317.5
Wien;2023-02-14;319.4
Wien;2023-02-15;321.2
Wien;2023-02-16;322.8
Wien;2023-02-17;324.3
Wien;2023-02-18;325.7
Wien;2023-02-19;326.9
Wien;2023-02-20;328.2
Wien;2023-02-21;329.7
Wien;2023-02-22;331.6
Wien;2023-02-23;333.9
Wien;2023-02-24;336.6
Wien;2023-02-25;339.5
Wien;2023-02-26;342.7
Wien;2023-02-27;345.9
Wien;2023-02-28;348.7
Wien;2023-03-01;350.8
Wien;2023-03-02;352.0
Wien;2023-03-03;352.4
Wien;2023-03-04;351.6
Wien;2023-03-05;349.7
Wien;2023-03-06;346.3
Wien;2023-03-07;341.7
Wien;2023-03-08;336.0
Wien;2023-03-09;329.4
Wien;2023-03-10;322.4
Wien;2023-03-11;315.0
Wien;2023-03-12;307.7
Wien;2023-03-13;300.5
Wien;2023-03-14;293.8
Wien;2023-03-15;287.5
Wien;2023-03-16;281.6
Wien;2023-03-17;275.7
Wien;2023-03-18;269.4
Wien;2023-03-19;262.5
Wien;2023-03-20;254.8
Wien;2023-03-21;246.6
Wien;2023-03-22;238.1
Wien;2023-03-23;229.6
Wien;2023-03-24;221.1
Wien;2023-03-25;212.6
Wien;2023-03-26;204.1
Wien;2023-03-27;195.7
Wien;2023-03-28;187.8
Wien;2023-03-29;180.5
Wien;2023-03-30;173.9
Wien;2023-03-31;167.9
Wien;2023-04-01;162.4
Wien;2023-04-02;157.6
Wien;2023-04-03;153.3
Wien;2023-04-04;149.5
Wien;2023-04-05;146.1
Wien;2023-04-06;143.1
Wien;2023-04-07;140.2
Wien;2023-04-08;137.4
Wien;2023-04-09;134.7
Wien;2023-04-10;131.8
Wien;2023-04-11;128.8
Wien;2023-04-12;125.6
Wien;2023-04-13;122.2
Wien;2023-04-14;118.7
Wien;2023-04-15;115.1
Wien;2023-04-16;111.4
Wien;2023-04-17;107.8
Wien;2023-04-18;104.3
Wien;2023-04-19;101.0
Wien;2023-04-20;97.7
Wien;2023-04-21;94.7
Wien;2023-04-22;91.8
Wien;2023-04-23;89.0
Wien;2023-04-24;86.5
Wien;2023-04-25;84.1
Wien;2023-04-26;81.8
Wien;2023-04-27;79.6
Wien;2023-04-28;77.5
Wien;2023-04-29;75.4
Wien;2023-04-30;73.3
Wien;2023-05-01;71.2
Wien;2023-05-02;69.0
Wien;2023-05-03;66.8
Wien;2023-05-04;64.6
Wien;2023-05-05;62.3
Wien;2023-05-06;60.1
Wien;2023-05-07;57.9
Wien;2023-05-08;55.7
Wien;2023-05-09;53.7
Wien;2023-05-10;51.7
Wien;2023-05-11;49.9
Wien;2023-05-12;48.1
Wien;2023-05-13;46.6
Wien;2023-05-14;45.2
Wien;2023-05-15;44.0
Wien;2023-05-16;43.1
Wien;2023-05-17;42.5
Wien;2023-05-18;42.1
Wien;2023-05-19;41.8
Wien;2023-05-20;41.6
Wien;2023-05-21;41.5
Wien;2023-05-22;41.3
Wien;2023-05-23;41.1
Wien;2023-05-24;40.8
Wien;2023-05-25;40.4
Wien;2023-05-26;40.0
Wien;2023-05-27;39.5
Wien;2023-05-28;38.9
Wien;2023-05-29;38.2
Wien;2023-05-30;37.5
Wien;2023-05-31;36.6
Wien;2023-06-01;35.7
Wien;2023-06-02;34.7
Wien;2023-06-03;33.7
Wien;2023-06-04;32.8
Wien;2023-06-05;31.9
Wien;2023-06-06;31.1
Wien;2023-06-07;30.4
Wien;2023-06-08;29.7
Wien;2023-06-09;29.1
Wien;2023-06-10;28.6
Wien;2023-06-11;28.0
Wien;2023-06-12;27.3
Wien;2023-06-13;26.6
Wien;2023-06-14;25.8
Wien;2023-06-15;25.0
Wien;2023-06-16;24.2
Wien;2023-06-17;23.4
Wien;2023-06-18;22.6
Wien;2023-06-19;21.9
Wien;2023-06-20;21.4
Wien;2023-06-21;21.0
Wien;2023-06-22;20.7
Wien;2023-06-23;20.5
Wien;2023-06-24;20.3
Wien;2023-06-25;20.2
Wien;2023-06-26;20.1
Wien;2023-06-27;20.0
Wien;2023-06-28;20.1
Wien;2023-06-29;20.2
Wien;2023-06-30;20.3
Wien;2023-07-01;20.5
Wien;2023-07-02;20.8
Wien;2023-07-03;21.0
Wien;2023-07-04;21.3
Wien;2023-07-05;21.6
Wien;2023-07-06;21.8
Wien;2023-07-07;22.0
Wien;2023-07-08;22.2
Wien;2023-07-09;22.4
Wien;2023-07-10;22.6
Wien;2023-07-11;22.8
Wien;2023-07-12;23.2
Wien;2023-07-13;23.6
Wien;2023-07-14;24.1
Wien;2023-07-15;24.8
Wien;2023-07-16;25.5
Wien;2023-07-17;26.4
Wien;2023-07-18;27.5
Wien;2023-07-19;28.6
Wien;2023-07-20;29.8
Wien;2023-07-21;31.1
Wien;2023-07-22;32.5
Wien;2023-07-23;33.9
Wien;2023-07-24;35.4
Wien;2023-07-25;37.0
Wien;2023-07-26;38.9
Wien;2023-07-27;41.0
Wien;2023-07-28;43.2
Wien;2023-07-29;45.7
Wien;2023-07-30;48.2
Wien;2023-07-31;50.9
Wien;2023-08-01;53.8
Wien;2023-08-02;57.0
Wien;2023-08-03;60.3
Wien;2023-08-04;63.8
Wien;2023-08-05;67.4
Wien;2023-08-06;70.9
Wien;2023-08-07;74.4
Wien;2023-08-08;77.7
Wien;2023-08-09;80.9
Wien;2023-08-10;84.0
Wien;2023-08-11;87.0
Wien;2023-08-12;90.1
Wien;2023-08-13;93.1
Wien;2023-08-14;96.0
Wien;2023-08-15;98.6
Wien;2023-08-16;100.9
Wien;2023-08-17;102.7
Wien;2023-08-18;104.1
Wien;2023-08-19;105.3
Wien;2023-08-20;106.4
Wien;2023-08-21;107.5
Wien;2023-08-22;108.7
Wien;2023-08-23;110.0
Wien;2023-08-24;111.6
Wien;2023-08-25;113.4
Wien;2023-08-26;115.3
Wien;2023-08-27;117.4
Wien;2023-08-28;119.4
Wien;2023-08-29;121.5
Wien;2023-08-30;123.7
Wien;2023-08-31;125.8
Wien;2023-09-01;127.8
Wien;2023-09-02;129.5
Wien;2023-09-03;130.9
Wien;2023-09-04;132.0
Wien;2023-09-05;132.8
Wien;2023-09-06;133.5
Wien;2023-09-07;134.1
Wien;2023-09-08;134.7
Wien;2023-09-09;135.3
Wien;2023-09-10;136.0
Wien;2023-09-11;136.6
Wien;2023-09-12;137.2
Wien;2023-09-13;137.6
Wien;2023-09-14;137.9
Wien;2023-09-15;137.9
Wien;2023-09-16;137.7
Wien;2023-09-17;137.3
Wien;2023-09-18;136.8
Wien;2023-09-19;136.2
Wien;2023-09-20;135.6
Wien;2023-09-21;135.2
Wien;2023-09-22;134.9
Wien;2023-09-23;134.9
Wien;2023-09-24;135.1
Wien;2023-09-25;135.6
Wien;2023-09-26;136.5
Wien;2023-09-27;137.9
Wien;2023-09-28;139.5
Wien;2023-09-29;141.5
Wien;2023-09-30;143.6
Wien;2023-10-01;145.8
Wien;2023-10-02;148.2
Wien;2023-10-03;150.6
Wien;2023-10-04;152.9
Wien;2023-10-05;155.3
Wien;2023-10-06;157.7
Wien;2023-10-07;160.2
Wien;2023-10-08;162.9
Wien;2023-10-09;165.8
Wien;2023-10-10;168.9
Wien;2023-10-11;172.3
Wien;2023-10-12;175.9
Wien;2023-10-13;179.6
Wien;2023-10-14;183.3
Wien;2023-10-15;186.9
Wien;2023-10-16;190.3
Wien;2023-10-17;193.2
Wien;2023-10-18;195.8
Wien;2023-10-19;198.0
Wien;2023-10-20;199.8
Wien;2023-10-21;201.5
Wien;2023-10-22;203.0
Wien;2023-10-23;204.6
Wien;2023-10-24;206.5
Wien;2023-10-25;208.9
Wien;2023-10-26;211.6
Wien;2023-10-27;214.6
Wien;2023-10-28;217.5
Wien;2023-10-29;220.2
Wien;2023-10-30;222.8
Wien;2023-10-31;225.4
Wien;2023-11-01;228.5
Wien;2023-11-02;232.8
Wien;2023-11-03;238.5
Wien;2023-11-04;245.8
Wien;2023-11-05;254.7
Wien;2023-11-06;265.2
Wien;2023-11-07;277.2
Wien;2023-11-08;290.3
Wien;2023-11-09;304.2
Wien;2023-11-10;318.4
Wien;2023-11-11;332.4
Wien;2023-11-12;345.8
Wien;2023-11-13;358.6
Wien;2023-11-14;370.6
Wien;2023-11-15;382.3
Wien;2023-11-16;393.9
Wien;2023-11-17;406.1
Wien;2023-11-18;419.4
Wien;2023-11-19;434.1
Wien;2023-11-20;450.6
Wien;2023-11-21;468.6
Wien;2023-11-22;487.9
Wien;2023-11-23;508.1
Wien;2023-11-24;529.0
Wien;2023-11-25;550.6
Wien;2023-11-26;573.1
Wien;2023-11-27;596.6
Wien;2023-11-28;621.3
Wien;2023-11-29;647.3
Wien;2023-11-30;674.0
Wien;2023-12-01;700.6
Wien;2023-12-02;726.1
Wien;2023-12-03;749.4
Wien;2023-12-04;769.3
Wien;2023-12-05;784.8
Wien;2023-12-06;795.6
Wien;2023-12-07;802.2
Wien;2023-12-08;805.5
Wien;2023-12-09;806.1
Wien;2023-12-10;804.2
Wien;2023-12-11;799.3
Wien;2023-12-12;790.2
Wien;2023-12-13;776.4
Wien;2023-12-14;758.2
Wien;2023-12-15;737.0
Wien;2023-12-16;714.2
Wien;2023-12-17;690.6
Wien;2023-12-18;666.6
Wien;2023-12-19;642.1
Wien;2023-12-20;616.7
Wien;2023-12-21;590.4
Wien;2023-12-22;563.5
Wien;2023-12-23;536.6
Wien;2023-12-24;510.2
Wien;2023-12-25;484.6
Wien;2023-12-26;460.3
Wien;2023-12-27;437.2
Wien;2023-12-28;415.5
Wien;2023-12-29;394.8
Wien;2023-12-30;375.3
Wien;2023-12-31;356.7
Wien;2024-01-01;339.1
Wien;2024-01-02;321.9
Wien;2024-01-03;304.9
Wien;2024-01-04;288.1
Wien;2024-01-05;271.8
Wien;2024-01-06;256.3
Wien;2024-01-07;242.2
Wien;2024-01-08;229.7
Wien;2024-01-09;218.7
Wien;2024-01-10;208.9
Wien;2024-01-11;200.0
Wien;2024-01-12;191.7
Wien;2024-01-13;184.0
Wien;2024-01-14;176.6
Wien;2024-01-15;169.5
Wien;2024-01-16;162.6
Wien;2024-01-17;155.7
Wien;2024-01-18;149.0
Wien;2024-01-19;142.4
Wien;2024-01-20;135.8
Wien;2024-01-21;129.5
Wien;2024-01-22;123.4
Wien;2024-01-23;117.5
Wien;2024-01-24;112.0
Wien;2024-01-25;106.7
Wien;2024-01-26;101.6
Wien;2024-01-27;96.8
Wien;2024-01-28;92.2
Wien;2024-01-29;87.8
Wien;2024-01-30;83.7
Wien;2024-01-31;79.9
Wien;2024-02-01;76.2
Wien;2024-02-02;72.8
Wien;2024-02-03;69.4
Wien;2024-02-04;66.1
Wien;2024-02-05;63.1
Wien;2024-02-06;60.2
Wien;2024-02-07;57.6
Wien;2024-02-08;55.3
Wien;2024-02-09;53.1
Wien;2024-02-10;50.9
Wien;2024-02-11;48.7
Wien;2024-02-12;46.5
Wien;2024-02-13;44.2
Wien;2024-02-14;42.0
Wien;2024-02-15;39.8
Wien;2024-02-16;37.8
Wien;2024-02-17;35.8
Wien;2024-02-18;34.1
Wien;2024-02-19;32.5
Wien;2024-02-20;31.1
Wien;2024-02-21;29.8
Wien;2024-02-22;28.8
Wien;2024-02-23;27.8
Wien;2024-02-24;26.9
Wien;2024-02-25;26.1
Wien;2024-02-26;25.3
Wien;2024-02-27;24.5
Wien;2024-02-28;23.9
Wien;2024-02-29;23.3
Wien;2024-03-01;22.7
Wien;2024-03-02;22.3
Wien;2024-03-03;21.8
Wien;2024-03-04;21.4
Wien;2024-03-05;21.1
Wien;2024-03-06;20.9
Wien;2024-03-07;20.7
Wien;2024-03-08;20.7
Wien;2024-03-09;20.7
Wien;2024-03-10;20.9
Wien;2024-03-11;21.1
Wien;2024-03-12;21.5
Wien;2024-03-13;22.0
Wien;2024-03-14;22.7
Wien;2024-03-15;23.5
Wien;2024-03-16;24.3
Wien;2024-03-17;25.0
Wien;2024-03-18;25.6
Wien;2024-03-19;25.9
Wien;2024-03-20;25.8
Wien;2024-03-21;25.5
Wien;2024-03-22;24.9
Wien;2024-03-23;24.1
Wien;2024-03-24;23.4
Wien;2024-03-25;22.6
Wien;2024-03-26;21.9
Wien;2024-03-27;21.2
Wien;2024-03-28;20.7
Wien;2024-03-29;20.1
Wien;2024-03-30;19.7
Wien;2024-03-31;19.2
Wien;2024-04-01;18.8
Wien;2024-04-02;18.4
Wien;2024-04-03;18.1
Wien;2024-04-04;17.9
Wien;2024-04-05;17.7
Wien;2024-04-06;17.6
Wien;2024-04-07;17.6
Wien;2024-04-08;17.7
Wien;2024-04-09;18.0
Wien;2024-04-10;18.3
Wien;2024-04-11;18.6
Wien;2024-04-12;19.0
Wien;2024-04-13;19.5
Wien;2024-04-14;20.0
Wien;2024-04-15;20.6
Wien;2024-04-16;21.4
Wien;2024-04-17;22.2
Wien;2024-04-18;23.1
Wien;2024-04-19;24.1
Wien;2024-04-20;25.1
Wien;2024-04-21;26.2
Wien;2024-04-22;27.3
Wien;2024-04-23;28.4
Wien;2024-04-24;29.5
Wien;2024-04-25;30.6
Wien;2024-04-26;31.7
Wien;2024-04-27;32.7
Wien;2024-04-28;33.6
Wien;2024-04-29;34.3
Wien;2024-04-30;34.9
Wien;2024-05-01;35.5
Wien;2024-05-02;36.0
Wien;2024-05-03;36.5
Wien;2024-05-04;37.0
Wien;2024-05-05;37.4
Wien;2024-05-06;37.8
Wien;2024-05-07;38.3
Wien;2024-05-08;38.7
Wien;2024-05-09;39.1
Wien;2024-05-10;39.5
Wien;2024-05-11;39.9
Wien;2024-05-12;40.3
Wien;2024-05-13;40.7
Wien;2024-05-14;41.0
Wien;2024-05-15;41.3
Wien;2024-05-16;41.6
Wien;2024-05-17;41.9
Wien;2024-05-18;42.3
Wien;2024-05-19;42.7
Wien;2024-05-20;43.3
Wien;2024-05-21;43.9
Wien;2024-05-22;44.7
Wien;2024-05-23;45.7
Wien;2024-05-24;46.7
Wien;2024-05-25;47.8
Wien;2024-05-26;49.0
Wien;2024-05-27;50.2
Wien;2024-05-28;51.6
Wien;2024-05-29;53.1
Wien;2024-05-30;54.6
Wien;2024-05-31;56.3
Wien;2024-06-01;57.9
Wien;2024-06-02;59.7
Wien;2024-06-03;61.6
Wien;2024-06-04;63.8
Wien;2024-06-05;66.3
Wien;2024-06-06;69.0
Wien;2024-06-07;71.9
Wien;2024-06-08;74.9
Wien;2024-06-09;77.8
Wien;2024-06-10;80.6
Wien;2024-06-11;83.2
Wien;2024-06-12;85.8
Wien;2024-06-13;88.4
Wien;2024-06-14;91.0
Wien;2024-06-15;93.9
Wien;2024-06-16;97.1
Wien;2024-06-17;100.7
Wien;2024-06-18;104.6
Wien;2024-06-19;108.7
Wien;2024-06-20;113.0
Wien;2024-06-21;117.3
Wien;2024-06-22;121.6
Wien;2024-06-23;125.8
Wien;2024-06-24;129.8
Wien;2024-06-25;133.5
Wien;2024-06-26;136.8
Wien;2024-06-27;139.8
Wien;2024-06-28;142.8
Wien;2024-06-29;145.7
Wien;2024-06-30;148.9
Wien;2024-07-01;152.2
Wien;2024-07-02;155.5
Wien;2024-07-03;158.6
Wien;2024-07-04;161.4
Wien;2024-07-05;163.9
Wien;2024-07-06;165.7
Wien;2024-07-07;166.9
Wien;2024-07-08;167.4
Wien;2024-07-09;167.3
Wien;2024-07-10;166.7
Wien;2024-07-11;165.7
Wien;2024-07-12;164.5
Wien;2024-07-13;163.0
Wien;2024-07-14;161.3
Wien;2024-07-15;159.2
Wien;2024-07-16;156.7
Wien;2024-07-17;153.7
Wien;2024-07-18;150.4
Wien;2024-07-19;147.0
Wien;2024-07-20;143.8
Wien;2024-07-21;140.9
Wien;2024-07-22;138.6
Wien;2024-07-23;136.9
Wien;2024-07-24;135.8
Wien;2024-07-25;135.2
Wien;2024-07-26;134.9
Wien;2024-07-27;134.6
Wien;2024-07-28;134.4
Wien;2024-07-29;134.4
Wien;2024-07-30;134.9
Wien;2024-07-31;136.3
Wien;2024-08-01;138.5
Wien;2024-08-02;141.1
Wien;2024-08-03;143.9
Wien;2024-08-04;146.3
Wien;2024-08-05;148.3
Wien;2024-08-06;149.7
Wien;2024-08-07;150.7
Wien;2024-08-08;151.3
Wien;2024-08-09;152.0
Wien;2024-08-10;152.9
Wien;2024-08-11;154.3
Wien;2024-08-12;156.3
Wien;2024-08-13;158.8
Wien;2024-08-14;161.9
Wien;2024-08-15;165.2
Wien;2024-08-16;168.9
Wien;2024-08-17;173.0
Wien;2024-08-18;177.4
Wien;2024-08-19;182.0
Wien;2024-08-20;186.6
Wien;2024-08-21;190.9
Wien;2024-08-22;194.8
Wien;2024-08-23;198.1
Wien;2024-08-24;200.9
Wien;2024-08-25;202.9
Wien;2024-08-26;204.3
Wien;2024-08-27;205.1
Wien;2024-08-28;205.5
Wien;2024-08-29;205.7
Wien;2024-08-30;205.8
Wien;2024-08-31;206.0
Wien;2024-09-01;206.5
Wien;2024-09-02;207.1
Wien;2024-09-03;207.8
Wien;2024-09-04;208.7
Wien;2024-09-05;209.6
Wien;2024-09-06;210.7
Wien;2024-09-07;212.3
Wien;2024-09-08;214.6
Wien;2024-09-09;217.6
Wien;2024-09-10;221.3
Wien;2024-09-11;225.5
Wien;2024-09-12;230.4
Wien;2024-09-13;236.0
Wien;2024-09-14;242.6
Wien;2024-09-15;250.5
Wien;2024-09-16;259.8
Wien;2024-09-17;270.2
Wien;2024-09-18;281.2
Wien;2024-09-19;292.2
Wien;2024-09-20;302.7
Wien;2024-09-21;312.2
Wien;2024-09-22;320.1
Wien;2024-09-23;326.0
Wien;2024-09-24;329.9
Wien;2024-09-25;331.9
Wien;2024-09-26;332.5
Wien;2024-09-27;332.2
Wien;2024-09-28;331.3
Wien;2024-09-29;330.1
Wien;2024-09-30;328.8
Wien;2024-10-01;327.0
Wien;2024-10-02;324.7
Wien;2024-10-03;321.8
Wien;2024-10-04;318.2
Wien;2024-10-05;313.8
Wien;2024-10-06;308.6
Wien;2024-10-07;302.8
Wien;2024-10-08;296.5
Wien;2024-10-09;290.3
Wien;2024-10-10;284.1
Wien;2024-10-11;278.0
Wien;2024-10-12;271.7
Wien;2024-10-13;265.3
Wien;2024-10-14;258.7
Wien;2024-10-15;252.2
Wien;2024-10-16;246.2
Wien;2024-10-17;240.6
Wien;2024-10-18;235.1
Wien;2024-10-19;229.6
Wien;2024-10-20;223.8
Wien;2024-10-21;217.6
Wien;2024-10-22;211.3
Wien;2024-10-23;205.3
Wien;2024-10-24;199.5
Wien;2024-10-25;194.1
Wien;2024-10-26;188.9
Wien;2024-10-27;183.9
Wien;2024-10-28;179.2
Wien;2024-10-29;174.6
Wien;2024-10-30;170.3
Wien;2024-10-31;166.0
Wien;2024-11-01;161.5
Wien;2024-11-02;156.8
Wien;2024-11-03;151.6
Wien;2024-11-04;145.8
Wien;2024-11-05;139.9
Wien;2024-11-06;134.0
Wien;2024-11-07;128.4
Wien;2024-11-08;123.1
Wien;2024-11-09;118.1
Wien;2024-11-10;113.6
Wien;2024-11-11;109.6
Wien;2024-11-12;106.2
Wien;2024-11-13;103.3
Wien;2024-11-14;101.0
Wien;2024-11-15;99.1
Wien;2024-11-16;97.5
Wien;2024-11-17;96.2
Wien;2024-11-18;95.3
Wien;2024-11-19;94.8
Wien;2024-11-20;94.5
Wien;2024-11-21;94.5
Wien;2024-11-22;94.7
Wien;2024-11-23;95.0
Wien;2024-11-24;95.3
Wien;2024-11-25;95.7
Wien;2024-11-26;96.2
Wien;2024-11-27;97.0
Wien;2024-11-28;97.9
Wien;2024-11-29;99.0
Wien;2024-11-30;100.1
Wien;2024-12-01;101.2
Wien;2024-12-02;102.3
Wien;2024-12-03;103.4
Wien;2024-12-04;104.7
Wien;2024-12-05;106.3
Wien;2024-12-06;108.0
Wien;2024-12-07;109.8
Wien;2024-12-08;111.9
Wien;2024-12-09;114.2
Wien;2024-12-10;116.8
Wien;2024-12-11;119.8
Wien;2024-12-12;123.1
Wien;2024-12-13;126.4
Wien;2024-12-14;129.6
Wien;2024-12-15;132.4
Wien;2024-12-16;134.3
Wien;2024-12-17;135.1
Wien;2024-12-18;134.5
Wien;2024-12-19;132.8
Wien;2024-12-20;130.1
Wien;2024-12-21;127.0
Wien;2024-12-22;123.6
Wien;2024-12-23;120.0
Wien;2024-12-24;116.4
Wien;2024-12-25;112.8
Wien;2024-12-26;109.2
Wien;2024-12-27;105.6
Wien;2024-12-28;102.0
Wien;2024-12-29;98.4
Wien;2024-12-30;94.8
Wien;2024-12-31;91.3
Wien;2025-01-01;87.7
Wien;2025-01-02;84.3
Wien;2025-01-03;80.8
Wien;2025-01-04;77.4
Wien;2025-01-05;74.1
Wien;2025-01-06;70.9
Wien;2025-01-07;67.9
Wien;2025-01-08;65.1
Wien;2025-01-09;62.4
Wien;2025-01-10;59.9
Wien;2025-01-11;57.5
Wien;2025-01-12;55.4
Wien;2025-01-13;53.4
Wien;2025-01-14;51.7
Wien;2025-01-15;50.1
Wien;2025-01-16;48.7
Wien;2025-01-17;47.5
Wien;2025-01-18;46.3
Wien;2025-01-19;45.2
Wien;2025-01-20;44.0
Wien;2025-01-21;43.0
Wien;2025-01-22;42.1
Wien;2025-01-23;41.3
Wien;2025-01-24;40.5
Wien;2025-01-25;39.9
Wien;2025-01-26;39.3
Wien;2025-01-27;38.7
Wien;2025-01-28;38.2
Wien;2025-01-29;37.7
Wien;2025-01-30;37.2
Wien;2025-01-31;36.7
Wien;2025-02-01;36.1
Wien;2025-02-02;35.6
Wien;2025-02-03;35.0
Wien;2025-02-04;34.4
Wien;2025-02-05;33.8
Wien;2025-02-06;33.2
Wien;2025-02-07;32.6
Wien;2025-02-08;32.1
Wien;2025-02-09;31.5
Wien;2025-02-10;31.0
Wien;2025-02-11;30.4
Wien;2025-02-12;29.9
Wien;2025-02-13;29.3
Wien;2025-02-14;28.8
Wien;2025-02-15;28.2
Wien;2025-02-16;27.6
Wien;2025-02-17;27.0
Wien;2025-02-18;26.4
Wien;2025-02-19;25.9
Wien;2025-02-20;25.4
Wien;2025-02-21;24.9
Wien;2025-02-22;24.5
Wien;2025-02-23;24.2
Wien;2025-02-24;24.0
Wien;2025-02-25;23.8
Wien;2025-02-26;23.7
Wien;2025-02-27;23.7
Wien;2025-02-28;23.7
Wien;2025-03-01;23.8
Wien;2025-03-02;23.8
Wien;2025-03-03;23.8
Wien;2025-03-04;23.8
Wien;2025-03-05;23.7
Wien;2025-03-06;23.6
Wien;2025-03-07;23.4
Wien;2025-03-08;23.2
Wien;2025-03-09;22.8
Wien;2025-03-10;22.4
Wien;2025-03-11;21.9
Wien;2025-03-12;21.3
Wien;2025-03-13;20.8
Wien;2025-03-14;20.3
Wien;2025-03-15;19.8
Wien;2025-03-16;19.4
Wien;2025-03-17;18.9
Wien;2025-03-18;18.5
Wien;2025-03-19;18.1
Wien;2025-03-20;17.7
Wien;2025-03-21;17.4
Wien;2025-03-22;17.1
Wien;2025-03-23;16.8
Wien;2025-03-24;16.7
Wien;2025-03-25;16.5
Wien;2025-03-26;16.4
Wien;2025-03-27;16.4
Wien;2025-03-28;16.3
Wien;2025-03-29;16.2
Wien;2025-03-30;16.2
Wien;2025-03-31;16.2
Wien;2025-04-01;16.2
Burgenland;2022-09-01;46.15
Burgenland;2022-09-02;45.9
Burgenland;2022-09-03;45.66
Burgenland;2022-09-04;45.46
Burgenland;2022-09-05;45.4
Burgenland;2022-09-06;45.33
Burgenland;2022-09-07;45.4
Burgenland;2022-09-08;45.6
Burgenland;2022-09-09;45.86
Burgenland;2022-09-10;46.22
Burgenland;2022-09-11;46.73
Burgenland;2022-09-12;47.37
Burgenland;2022-09-13;48.24
Burgenland;2022-09-14;49.29
Burgenland;2022-09-15;50.59
Burgenland;2022-09-16;52.13
Burgenland;2022-09-17;53.84
Burgenland;2022-09-18;55.96
Burgenland;2022-09-19;58.3
Burgenland;2022-09-20;61.02
Burgenland;2022-09-21;63.9
Burgenland;2022-09-22;67.07
Burgenland;2022-09-23;70.51
Burgenland;2022-09-24;74.29
Burgenland;2022-09-25;78.37
Burgenland;2022-09-26;82.76
Burgenland;2022-09-27;87.47
Burgenland;2022-09-28;92.34
Burgenland;2022-09-29;97.26
Burgenland;2022-09-30;101.98
Burgenland;2022-10-01;106.41
Burgenland;2022-10-02;110.55
Burgenland;2022-10-03;114.16
Burgenland;2022-10-04;117.23
Burgenland;2022-10-05;119.62
Burgenland;2022-10-06;121.48
Burgenland;2022-10-07;122.75
Burgenland;2022-10-08;123.55
Burgenland;2022-10-09;123.93
Burgenland;2022-10-10;123.91
Burgenland;2022-10-11;123.66
Burgenland;2022-10-12;123.13
Burgenland;2022-10-13;122.5
Burgenland;2022-10-14;121.5
Burgenland;2022-10-15;120.17
Burgenland;2022-10-16;118.44
Burgenland;2022-10-17;116.09
Burgenland;2022-10-18;113.35
Burgenland;2022-10-19;110.26
Burgenland;2022-10-20;107.0
Burgenland;2022-10-21;103.69
Burgenland;2022-10-22;100.41
Burgenland;2022-10-23;97.29
Burgenland;2022-10-24;94.27
Burgenland;2022-10-25;91.5
Burgenland;2022-10-26;88.85
Burgenland;2022-10-27;86.4
Burgenland;2022-10-28;84.05
Burgenland;2022-10-29;81.91
Burgenland;2022-10-30;79.94
Burgenland;2022-10-31;78.11
Burgenland;2022-11-01;76.55
Burgenland;2022-11-02;75.3
Burgenland;2022-11-03;74.28
Burgenland;2022-11-04;73.56
Burgenland;2022-11-05;73.17
Burgenland;2022-11-06;73.26
Burgenland;2022-11-07;73.69
Burgenland;2022-11-08;74.48
Burgenland;2022-11-09;75.58
Burgenland;2022-11-10;76.8
Burgenland;2022-11-11;78.1
Burgenland;2022-11-12;79.46
Burgenland;2022-11-13;80.85
Burgenland;2022-11-14;82.17
Burgenland;2022-11-15;83.49
Burgenland;2022-11-16;84.67
Burgenland;2022-11-17;85.74
Burgenland;2022-11-18;86.85
Burgenland;2022-11-19;87.84
Burgenland;2022-11-20;88.85
Burgenland;2022-11-21;89.96
Burgenland;2022-11-22;91.14
Burgenland;2022-11-23;92.43
Burgenland;2022-11-24;93.89
Burgenland;2022-11-25;95.58
Burgenland;2022-11-26;97.37
Burgenland;2022-11-27;99.24
Burgenland;2022-11-28;101.3
Burgenland;2022-11-29;103.51
Burgenland;2022-11-30;105.87
Burgenland;2022-12-01;108.35
Burgenland;2022-12-02;110.91
Burgenland;2022-12-03;113.42
Burgenland;2022-12-04;115.83
Burgenland;2022-12-05;118.05
Burgenland;2022-12-06;120.19
Burgenland;2022-12-07;122.1
Burgenland;2022-12-08;123.92
Burgenland;2022-12-09;125.73
Burgenland;2022-12-10;127.56
Burgenland;2022-12-11;129.31
Burgenland;2022-12-12;130.98
Burgenland;2022-12-13;132.43
Burgenland;2022-12-14;133.65
Burgenland;2022-12-15;134.64
Burgenland;2022-12-16;135.41
Burgenland;2022-12-17;135.92
Burgenland;2022-12-18;136.23
Burgenland;2022-12-19;136.39
Burgenland;2022-12-20;136.49
Burgenland;2022-12-21;136.67
Burgenland;2022-12-22;136.89
Burgenland;2022-12-23;137.16
Burgenland;2022-12-24;137.33
Burgenland;2022-12-25;137.27
Burgenland;2022-12-26;136.87
Burgenland;2022-12-27;135.86
Burgenland;2022-12-28;134.23
Burgenland;2022-12-29;131.89
Burgenland;2022-12-30;128.99
Burgenland;2022-12-31;125.69
Burgenland;2023-01-01;121.95
Burgenland;2023-01-02;117.97
Burgenland;2023-01-03;114.02
Burgenland;2023-01-04;110.08
Burgenland;2023-01-05;106.34
Burgenland;2023-01-06;102.87
Burgenland;2023-01-07;99.54
Burgenland;2023-01-08;96.37
Burgenland;2023-01-09;93.56
Burgenland;2023-01-10;91.03
Burgenland;2023-01-11;88.81
Burgenland;2023-01-12;87.02
Burgenland;2023-01-13;85.46
Burgenland;2023-01-14;84.22
Burgenland;2023-01-15;83.2
Burgenland;2023-01-16;82.5
Burgenland;2023-01-17;81.91
Burgenland;2023-01-18;76.77
Burgenland;2023-01-19;76.45
Burgenland;2023-01-20;76.27
Burgenland;2023-01-21;76.28
Burgenland;2023-01-22;76.43
Burgenland;2023-01-23;76.83
Burgenland;2023-01-24;78.57
Burgenland;2023-01-25;79.73
Burgenland;2023-01-26;81.15
Burgenland;2023-01-27;82.89
Burgenland;2023-01-28;84.81
Burgenland;2023-01-29;87.16
Burgenland;2023-01-30;89.85
Burgenland;2023-01-31;92.83
Burgenland;2023-02-01;96.08
Burgenland;2023-02-02;99.57
Burgenland;2023-02-03;103.19
Burgenland;2023-02-04;107.04
Burgenland;2023-02-05;111.02
Burgenland;2023-02-06;115.17
Burgenland;2023-02-07;119.43
Burgenland;2023-02-08;123.64
Burgenland;2023-02-09;127.81
Burgenland;2023-02-10;131.93
Burgenland;2023-02-11;135.82
Burgenland;2023-02-12;139.42
Burgenland;2023-02-13;142.76
Burgenland;2023-02-14;145.56
Burgenland;2023-02-15;147.96
Burgenland;2023-02-16;150.1
Burgenland;2023-02-17;152.11
Burgenland;2023-02-18;154.38
Burgenland;2023-02-19;156.99
Burgenland;2023-02-20;160.06
Burgenland;2023-02-21;163.55
Burgenland;2023-02-22;167.24
Burgenland;2023-02-23;170.84
Burgenland;2023-02-24;174.33
Burgenland;2023-02-25;177.45
Burgenland;2023-02-26;180.04
Burgenland;2023-02-27;182.04
Burgenland;2023-02-28;183.3
Burgenland;2023-03-01;183.87
Burgenland;2023-03-02;183.85
Burgenland;2023-03-03;183.29
Burgenland;2023-03-04;182.21
Burgenland;2023-03-05;180.62
Burgenland;2023-03-06;178.37
Burgenland;2023-03-07;175.36
Burgenland;2023-03-08;171.56
Burgenland;2023-03-09;167.13
Burgenland;2023-03-10;162.18
Burgenland;2023-03-11;157.02
Burgenland;2023-03-12;151.81
Burgenland;2023-03-13;146.59
Burgenland;2023-03-14;141.32
Burgenland;2023-03-15;136.04
Burgenland;2023-03-16;130.71
Burgenland;2023-03-17;125.35
Burgenland;2023-03-18;120.12
Burgenland;2023-03-19;114.97
Burgenland;2023-03-20;110.03
Burgenland;2023-03-21;105.31
Burgenland;2023-03-22;100.8
Burgenland;2023-03-23;96.42
Burgenland;2023-03-24;92.14
Burgenland;2023-03-25;88.03
Burgenland;2023-03-26;84.05
Burgenland;2023-03-27;80.23
Burgenland;2023-03-28;76.54
Burgenland;2023-03-29;73.06
Burgenland;2023-03-30;69.75
Burgenland;2023-03-31;66.64
Burgenland;2023-04-01;63.67
Burgenland;2023-04-02;60.95
Burgenland;2023-04-03;58.42
Burgenland;2023-04-04;56.15
Burgenland;2023-04-05;54.05
Burgenland;2023-04-06;52.13
Burgenland;2023-04-07;50.24
Burgenland;2023-04-08;48.48
Burgenland;2023-04-09;46.74
Burgenland;2023-04-10;45.03
Burgenland;2023-04-11;43.35
Burgenland;2023-04-12;41.63
Burgenland;2023-04-13;40.04
Burgenland;2023-04-14;38.5
Burgenland;2023-04-15;37.14
Burgenland;2023-04-16;36.04
Burgenland;2023-04-17;35.23
Burgenland;2023-04-18;34.64
Burgenland;2023-04-19;34.4
Burgenland;2023-04-20;34.33
Burgenland;2023-04-21;34.41
Burgenland;2023-04-22;34.67
Burgenland;2023-04-23;35.0
Burgenland;2023-04-24;35.49
Burgenland;2023-04-25;36.05
Burgenland;2023-04-26;36.68
Burgenland;2023-04-27;37.28
Burgenland;2023-04-28;37.92
Burgenland;2023-04-29;38.41
Burgenland;2023-04-30;38.73
Burgenland;2023-05-01;38.7
Burgenland;2023-05-02;38.3
Burgenland;2023-05-03;37.41
Burgenland;2023-05-04;36.14
Burgenland;2023-05-05;34.59
Burgenland;2023-05-06;32.88
Burgenland;2023-05-07;31.14
Burgenland;2023-05-08;29.4
Burgenland;2023-05-09;27.69
Burgenland;2023-05-10;26.15
Burgenland;2023-05-11;24.67
Burgenland;2023-05-12;23.34
Burgenland;2023-05-13;22.06
Burgenland;2023-05-14;20.97
Burgenland;2023-05-15;19.98
Burgenland;2023-05-16;19.14
Burgenland;2023-05-17;18.37
Burgenland;2023-05-18;17.71
Burgenland;2023-05-19;17.08
Burgenland;2023-05-20;16.45
Burgenland;2023-05-21;15.89
Burgenland;2023-05-22;15.25
Burgenland;2023-05-23;14.6
Burgenland;2023-05-24;14.02
Burgenland;2023-05-25;13.46
Burgenland;2023-05-26;12.9
Burgenland;2023-05-27;12.38
Burgenland;2023-05-28;11.9
Burgenland;2023-05-29;11.48
Burgenland;2023-05-30;11.08
Burgenland;2023-05-31;10.67
Burgenland;2023-06-01;10.32
Burgenland;2023-06-02;10.06
Burgenland;2023-06-03;9.8
Burgenland;2023-06-04;9.55
Burgenland;2023-06-05;9.32
Burgenland;2023-06-06;9.11
Burgenland;2023-06-07;8.9
Burgenland;2023-06-08;8.71
Burgenland;2023-06-09;8.54
Burgenland;2023-06-10;8.34
Burgenland;2023-06-11;8.17
Burgenland;2023-06-12;8.0
Burgenland;2023-06-13;7.87
Burgenland;2023-06-14;7.71
Burgenland;2023-06-15;7.58
Burgenland;2023-06-16;7.46
Burgenland;2023-06-17;7.37
Burgenland;2023-06-18;7.21
Burgenland;2023-06-19;7.14
Burgenland;2023-06-20;7.04
Burgenland;2023-06-21;6.93
Burgenland;2023-06-22;6.77
Burgenland;2023-06-23;6.63
Burgenland;2023-06-24;6.52
Burgenland;2023-06-25;6.41
Burgenland;2023-06-26;6.36
Burgenland;2023-06-27;6.28
Burgenland;2023-06-28;6.26
Burgenland;2023-06-29;6.24
Burgenland;2023-06-30;6.29
Burgenland;2023-07-01;6.35
Burgenland;2023-07-02;6.41
Burgenland;2023-07-03;6.52
Burgenland;2023-07-04;6.67
Burgenland;2023-07-05;6.92
Burgenland;2023-07-06;7.17
Burgenland;2023-07-07;7.53
Burgenland;2023-07-08;7.98
Burgenland;2023-07-09;8.57
Burgenland;2023-07-10;9.29
Burgenland;2023-07-11;10.09
Burgenland;2023-07-12;11.06
Burgenland;2023-07-13;12.1
Burgenland;2023-07-14;13.22
Burgenland;2023-07-15;14.3
Burgenland;2023-07-16;15.28
Burgenland;2023-07-17;16.1
Burgenland;2023-07-18;16.57
Burgenland;2023-07-19;16.7
Burgenland;2023-07-20;16.47
Burgenland;2023-07-21;15.96
Burgenland;2023-07-22;15.31
Burgenland;2023-07-23;14.55
Burgenland;2023-07-24;13.86
Burgenland;2023-07-25;13.24
Burgenland;2023-07-26;12.75
Burgenland;2023-07-27;12.32
Burgenland;2023-07-28;12.02
Burgenland;2023-07-29;11.87
Burgenland;2023-07-30;11.87
Burgenland;2023-07-31;12.08
Burgenland;2023-08-01;12.46
Burgenland;2023-08-02;13.0
Burgenland;2023-08-03;13.65
Burgenland;2023-08-04;14.49
Burgenland;2023-08-05;15.41
Burgenland;2023-08-06;16.53
Burgenland;2023-08-07;17.71
Burgenland;2023-08-08;19.05
Burgenland;2023-08-09;20.4
Burgenland;2023-08-10;21.79
Burgenland;2023-08-11;23.08
Burgenland;2023-08-12;24.38
Burgenland;2023-08-13;25.51
Burgenland;2023-08-14;26.54
Burgenland;2023-08-15;27.35
Burgenland;2023-08-16;28.01
Burgenland;2023-08-17;28.51
Burgenland;2023-08-18;29.01
Burgenland;2023-08-19;29.52
Burgenland;2023-08-20;30.16
Burgenland;2023-08-21;30.89
Burgenland;2023-08-22;31.86
Burgenland;2023-08-23;32.92
Burgenland;2023-08-24;34.15
Burgenland;2023-08-25;35.43
Burgenland;2023-08-26;36.76
Burgenland;2023-08-27;38.03
Burgenland;2023-08-28;39.3
Burgenland;2023-08-29;40.38
Burgenland;2023-08-30;41.32
Burgenland;2023-08-31;42.1
Burgenland;2023-09-01;42.69
Burgenland;2023-09-02;43.17
Burgenland;2023-09-03;43.5
Burgenland;2023-09-04;43.78
Burgenland;2023-09-05;43.96
Burgenland;2023-09-06;44.06
Burgenland;2023-09-07;44.16
Burgenland;2023-09-08;44.23
Burgenland;2023-09-09;44.38
Burgenland;2023-09-10;44.48
Burgenland;2023-09-11;44.55
Burgenland;2023-09-12;44.57
Burgenland;2023-09-13;44.51
Burgenland;2023-09-14;44.33
Burgenland;2023-09-15;44.11
Burgenland;2023-09-16;43.91
Burgenland;2023-09-17;43.74
Burgenland;2023-09-18;43.6
Burgenland;2023-09-19;43.53
Burgenland;2023-09-20;43.55
Burgenland;2023-09-21;43.7
Burgenland;2023-09-22;43.88
Burgenland;2023-09-23;44.15
Burgenland;2023-09-24;44.57
Burgenland;2023-09-25;45.09
Burgenland;2023-09-26;45.79
Burgenland;2023-09-27;46.55
Burgenland;2023-09-28;47.45
Burgenland;2023-09-29;48.38
Burgenland;2023-09-30;49.48
Burgenland;2023-10-01;50.63
Burgenland;2023-10-02;51.96
Burgenland;2023-10-03;53.34
Burgenland;2023-10-04;54.86
Burgenland;2023-10-05;56.53
Burgenland;2023-10-06;58.23
Burgenland;2023-10-07;60.09
Burgenland;2023-10-08;62.06
Burgenland;2023-10-09;64.1
Burgenland;2023-10-10;66.09
Burgenland;2023-10-11;68.06
Burgenland;2023-10-12;69.8
Burgenland;2023-10-13;71.5
Burgenland;2023-10-14;73.04
Burgenland;2023-10-15;74.46
Burgenland;2023-10-16;75.9
Burgenland;2023-10-17;77.23
Burgenland;2023-10-18;78.5
Burgenland;2023-10-19;79.68
Burgenland;2023-10-20;80.75
Burgenland;2023-10-21;81.77
Burgenland;2023-10-22;82.78
Burgenland;2023-10-23;83.82
Burgenland;2023-10-24;84.88
Burgenland;2023-10-25;86.0
Burgenland;2023-10-26;87.2
Burgenland;2023-10-27;88.48
Burgenland;2023-10-28;89.78
Burgenland;2023-10-29;91.2
Burgenland;2023-10-30;92.74
Burgenland;2023-10-31;94.34
Burgenland;2023-11-01;96.19
Burgenland;2023-11-02;98.24
Burgenland;2023-11-03;100.63
Burgenland;2023-11-04;103.5
Burgenland;2023-11-05;107.03
Burgenland;2023-11-06;111.24
Burgenland;2023-11-07;116.15
Burgenland;2023-11-08;121.56
Burgenland;2023-11-09;127.34
Burgenland;2023-11-10;133.48
Burgenland;2023-11-11;139.84
Burgenland;2023-11-12;146.42
Burgenland;2023-11-13;169.81
Burgenland;2023-11-14;178.48
Burgenland;2023-11-15;187.55
Burgenland;2023-11-16;197.08
Burgenland;2023-11-17;206.81
Burgenland;2023-11-18;216.77
Burgenland;2023-11-19;226.84
Burgenland;2023-11-20;237.05
Burgenland;2023-11-21;247.32
Burgenland;2023-11-22;257.61
Burgenland;2023-11-23;267.9
Burgenland;2023-11-24;277.96
Burgenland;2023-11-25;287.62
Burgenland;2023-11-26;296.74
Burgenland;2023-11-27;305.29
Burgenland;2023-11-28;313.22
Burgenland;2023-11-29;320.72
Burgenland;2023-11-30;327.82
Burgenland;2023-12-01;334.66
Burgenland;2023-12-02;341.32
Burgenland;2023-12-03;347.61
Burgenland;2023-12-04;353.22
Burgenland;2023-12-05;357.58
Burgenland;2023-12-06;437.98
Burgenland;2023-12-07;435.2
Burgenland;2023-12-08;430.77
Burgenland;2023-12-09;425.29
Burgenland;2023-12-10;419.43
Burgenland;2023-12-11;413.54
Burgenland;2023-12-12;407.84
Burgenland;2023-12-13;402.28
Burgenland;2023-12-14;396.62
Burgenland;2023-12-15;390.66
Burgenland;2023-12-16;384.09
Burgenland;2023-12-17;376.44
Burgenland;2023-12-18;367.61
Burgenland;2023-12-19;357.53
Burgenland;2023-12-20;346.37
Burgenland;2023-12-21;334.31
Burgenland;2023-12-22;321.41
Burgenland;2023-12-23;307.93
Burgenland;2023-12-24;293.83
Burgenland;2023-12-25;279.24
Burgenland;2023-12-26;264.13
Burgenland;2023-12-27;248.55
Burgenland;2023-12-28;232.74
Burgenland;2023-12-29;216.89
Burgenland;2023-12-30;201.28
Burgenland;2023-12-31;186.05
Burgenland;2024-01-01;171.5
Burgenland;2024-01-02;157.82
Burgenland;2024-01-03;145.2
Burgenland;2024-01-04;133.72
Burgenland;2024-01-05;123.39
Burgenland;2024-01-06;114.24
Burgenland;2024-01-07;106.29
Burgenland;2024-01-08;99.61
Burgenland;2024-01-09;94.07
Burgenland;2024-01-10;89.6
Burgenland;2024-01-11;86.05
Burgenland;2024-01-12;83.0
Burgenland;2024-01-13;80.39
Burgenland;2024-01-14;78.0
Burgenland;2024-01-15;75.69
Burgenland;2024-01-16;73.37
Burgenland;2024-01-17;70.88
Burgenland;2024-01-18;68.18
Burgenland;2024-01-19;65.35
Burgenland;2024-01-20;62.42
Burgenland;2024-01-21;59.59
Burgenland;2024-01-22;56.79
Burgenland;2024-01-23;54.09
Burgenland;2024-01-24;51.45
Burgenland;2024-01-25;48.9
Burgenland;2024-01-26;46.45
Burgenland;2024-01-27;44.07
Burgenland;2024-01-28;41.84
Burgenland;2024-01-29;39.76
Burgenland;2024-01-30;37.88
Burgenland;2024-01-31;36.12
Burgenland;2024-02-01;34.49
Burgenland;2024-02-02;32.89
Burgenland;2024-02-03;31.39
Burgenland;2024-02-04;30.01
Burgenland;2024-02-05;28.7
Burgenland;2024-02-06;27.45
Burgenland;2024-02-07;26.35
Burgenland;2024-02-08;25.41
Burgenland;2024-02-09;24.56
Burgenland;2024-02-10;23.85
Burgenland;2024-02-11;23.26
Burgenland;2024-02-12;22.76
Burgenland;2024-02-13;22.39
Burgenland;2024-02-14;22.04
Burgenland;2024-02-15;21.71
Burgenland;2024-02-16;21.41
Burgenland;2024-02-17;21.08
Burgenland;2024-02-18;20.61
Burgenland;2024-02-19;19.99
Burgenland;2024-02-20;19.25
Burgenland;2024-02-21;18.29
Burgenland;2024-02-22;17.22
Burgenland;2024-02-23;16.08
Burgenland;2024-02-24;14.97
Burgenland;2024-02-25;13.88
Burgenland;2024-02-26;12.92
Burgenland;2024-02-27;12.12
Burgenland;2024-02-28;11.43
Burgenland;2024-02-29;10.85
Burgenland;2024-03-01;10.37
Burgenland;2024-03-02;9.93
Burgenland;2024-03-03;9.53
Burgenland;2024-03-04;9.12
Burgenland;2024-03-05;8.75
Burgenland;2024-03-06;8.41
Burgenland;2024-03-07;8.09
Burgenland;2024-03-08;7.78
Burgenland;2024-03-09;7.54
Burgenland;2024-03-10;7.27
Burgenland;2024-03-11;6.98
Burgenland;2024-03-12;6.7
Burgenland;2024-03-13;6.5
Burgenland;2024-03-14;6.3
Burgenland;2024-03-15;6.15
Burgenland;2024-03-16;5.98
Burgenland;2024-03-17;5.81
Burgenland;2024-03-18;5.71
Burgenland;2024-03-19;5.54
Burgenland;2024-03-20;5.35
Burgenland;2024-03-21;5.16
Burgenland;2024-03-22;4.92
Burgenland;2024-03-23;4.72
Burgenland;2024-03-24;4.51
Burgenland;2024-03-25;4.34
Burgenland;2024-03-26;4.25
Burgenland;2024-03-27;4.12
Burgenland;2024-03-28;4.03
Burgenland;2024-03-29;3.99
Burgenland;2024-03-30;3.9
Burgenland;2024-03-31;3.83
Burgenland;2024-04-01;3.83
Burgenland;2024-04-02;3.78
Burgenland;2024-04-03;3.7
Burgenland;2024-04-04;3.59
Burgenland;2024-04-05;3.48
Burgenland;2024-04-06;3.33
Burgenland;2024-04-07;3.2
Burgenland;2024-04-08;3.06
Burgenland;2024-04-09;2.94
Burgenland;2024-04-10;2.82
Burgenland;2024-04-11;2.76
Burgenland;2024-04-12;2.68
Burgenland;2024-04-13;2.61
Burgenland;2024-04-14;2.6
Burgenland;2024-04-15;2.6
Burgenland;2024-04-16;2.6
Burgenland;2024-04-17;2.62
Burgenland;2024-04-18;2.7
Burgenland;2024-04-19;2.73
Burgenland;2024-04-20;2.85
Burgenland;2024-04-21;2.89
Burgenland;2024-04-22;3.0
Burgenland;2024-04-23;3.07
Burgenland;2024-04-24;3.13
Burgenland;2024-04-25;3.28
Burgenland;2024-04-26;3.35
Burgenland;2024-04-27;3.46
Burgenland;2024-04-28;3.61
Burgenland;2024-04-29;3.75
Burgenland;2024-04-30;3.9
Burgenland;2024-05-01;4.05
Burgenland;2024-05-02;4.15
Burgenland;2024-05-03;4.28
Burgenland;2024-05-04;4.4
Burgenland;2024-05-05;4.47
Burgenland;2024-05-06;4.52
Burgenland;2024-05-07;4.61
Burgenland;2024-05-08;4.67
Burgenland;2024-05-09;4.74
Burgenland;2024-05-10;4.78
Burgenland;2024-05-11;4.88
Burgenland;2024-05-12;4.94
Burgenland;2024-05-13;5.0
Burgenland;2024-05-14;5.12
Burgenland;2024-05-15;5.2
Burgenland;2024-05-16;5.32
Burgenland;2024-05-17;5.38
Burgenland;2024-05-18;5.48
Burgenland;2024-05-19;5.54
Burgenland;2024-05-20;5.64
Burgenland;2024-05-21;5.66
Burgenland;2024-05-22;5.71
Burgenland;2024-05-23;5.79
Burgenland;2024-05-24;5.82
Burgenland;2024-05-25;5.9
Burgenland;2024-05-26;6.04
Burgenland;2024-05-27;6.24
Burgenland;2024-05-28;6.43
Burgenland;2024-05-29;6.7
Burgenland;2024-05-30;6.99
Burgenland;2024-05-31;7.33
Burgenland;2024-06-01;7.7
Burgenland;2024-06-02;8.1
Burgenland;2024-06-03;8.56
Burgenland;2024-06-04;8.99
Burgenland;2024-06-05;9.53
Burgenland;2024-06-06;10.12
Burgenland;2024-06-07;10.72
Burgenland;2024-06-08;11.4
Burgenland;2024-06-09;12.16
Burgenland;2024-06-10;13.05
Burgenland;2024-06-11;14.12
Burgenland;2024-06-12;15.35
Burgenland;2024-06-13;16.67
Burgenland;2024-06-14;18.11
Burgenland;2024-06-15;19.62
Burgenland;2024-06-16;21.17
Burgenland;2024-06-17;22.66
Burgenland;2024-06-18;24.1
Burgenland;2024-06-19;25.39
Burgenland;2024-06-20;26.65
Burgenland;2024-06-21;27.82
Burgenland;2024-06-22;28.89
Burgenland;2024-06-23;29.88
Burgenland;2024-06-24;30.84
Burgenland;2024-06-25;31.74
Burgenland;2024-06-26;32.56
Burgenland;2024-06-27;33.28
Burgenland;2024-06-28;33.85
Burgenland;2024-06-29;34.3
Burgenland;2024-06-30;34.55
Burgenland;2024-07-01;34.55
Burgenland;2024-07-02;34.38
Burgenland;2024-07-03;34.11
Burgenland;2024-07-04;33.7
Burgenland;2024-07-05;33.29
Burgenland;2024-07-06;32.89
Burgenland;2024-07-07;32.43
Burgenland;2024-07-08;32.08
Burgenland;2024-07-09;31.9
Burgenland;2024-07-10;31.79
Burgenland;2024-07-11;31.83
Burgenland;2024-07-12;32.03
Burgenland;2024-07-13;32.37
Burgenland;2024-07-14;32.87
Burgenland;2024-07-15;33.55
Burgenland;2024-07-16;34.4
Burgenland;2024-07-17;35.39
Burgenland;2024-07-18;36.46
Burgenland;2024-07-19;37.6
Burgenland;2024-07-20;38.73
Burgenland;2024-07-21;39.88
Burgenland;2024-07-22;40.98
Burgenland;2024-07-23;42.08
Burgenland;2024-07-24;43.14
Burgenland;2024-07-25;44.16
Burgenland;2024-07-26;45.19
Burgenland;2024-07-27;46.19
Burgenland;2024-07-28;47.08
Burgenland;2024-07-29;47.94
Burgenland;2024-07-30;48.72
Burgenland;2024-07-31;49.39
Burgenland;2024-08-01;50.01
Burgenland;2024-08-02;50.53
Burgenland;2024-08-03;51.07
Burgenland;2024-08-04;51.61
Burgenland;2024-08-05;52.21
Burgenland;2024-08-06;52.77
Burgenland;2024-08-07;53.36
Burgenland;2024-08-08;53.89
Burgenland;2024-08-09;54.43
Burgenland;2024-08-10;54.9
Burgenland;2024-08-11;55.34
Burgenland;2024-08-12;55.82
Burgenland;2024-08-13;56.29
Burgenland;2024-08-14;56.78
Burgenland;2024-08-15;57.4
Burgenland;2024-08-16;58.0
Burgenland;2024-08-17;58.7
Burgenland;2024-08-18;59.46
Burgenland;2024-08-19;60.31
Burgenland;2024-08-20;61.11
Burgenland;2024-08-21;61.92
Burgenland;2024-08-22;62.77
Burgenland;2024-08-23;63.66
Burgenland;2024-08-24;64.64
Burgenland;2024-08-25;65.75
Burgenland;2024-08-26;66.94
Burgenland;2024-08-27;68.15
Burgenland;2024-08-28;69.38
Burgenland;2024-08-29;70.51
Burgenland;2024-08-30;71.49
Burgenland;2024-08-31;72.43
Burgenland;2024-09-01;73.24
Burgenland;2024-09-02;74.07
Burgenland;2024-09-03;74.87
Burgenland;2024-09-04;75.76
Burgenland;2024-09-05;76.79
Burgenland;2024-09-06;77.98
Burgenland;2024-09-07;79.4
Burgenland;2024-09-08;80.98
Burgenland;2024-09-09;82.76
Burgenland;2024-09-10;84.69
Burgenland;2024-09-11;86.62
Burgenland;2024-09-12;88.51
Burgenland;2024-09-13;90.38
Burgenland;2024-09-14;92.27
Burgenland;2024-09-15;94.23
Burgenland;2024-09-16;96.29
Burgenland;2024-09-17;98.57
Burgenland;2024-09-18;100.99
Burgenland;2024-09-19;103.63
Burgenland;2024-09-20;106.35
Burgenland;2024-09-21;109.18
Burgenland;2024-09-22;111.94
Burgenland;2024-09-23;114.61
Burgenland;2024-09-24;116.95
Burgenland;2024-09-25;118.81
Burgenland;2024-09-26;120.07
Burgenland;2024-09-27;120.82
Burgenland;2024-09-28;121.31
Burgenland;2024-09-29;121.69
Burgenland;2024-09-30;122.14
Burgenland;2024-10-01;122.96
Burgenland;2024-10-02;124.18
Burgenland;2024-10-03;125.86
Burgenland;2024-10-04;127.99
Burgenland;2024-10-05;130.36
Burgenland;2024-10-06;132.79
Burgenland;2024-10-07;135.07
Burgenland;2024-10-08;136.75
Burgenland;2024-10-09;137.67
Burgenland;2024-10-10;137.66
Burgenland;2024-10-11;136.89
Burgenland;2024-10-12;135.51
Burgenland;2024-10-13;133.81
Burgenland;2024-10-14;131.92
Burgenland;2024-10-15;129.95
Burgenland;2024-10-16;127.9
Burgenland;2024-10-17;125.77
Burgenland;2024-10-18;123.52
Burgenland;2024-10-19;121.17
Burgenland;2024-10-20;118.75
Burgenland;2024-10-21;116.37
Burgenland;2024-10-22;114.01
Burgenland;2024-10-23;111.7
Burgenland;2024-10-24;109.43
Burgenland;2024-10-25;107.16
Burgenland;2024-10-26;104.81
Burgenland;2024-10-27;102.31
Burgenland;2024-10-28;99.65
Burgenland;2024-10-29;96.82
Burgenland;2024-10-30;93.78
Burgenland;2024-10-31;90.67
Burgenland;2024-11-01;87.56
Burgenland;2024-11-02;84.6
Burgenland;2024-11-03;81.86
Burgenland;2024-11-04;79.51
Burgenland;2024-11-05;77.51
Burgenland;2024-11-06;75.91
Burgenland;2024-11-07;74.71
Burgenland;2024-11-08;73.84
Burgenland;2024-11-09;73.25
Burgenland;2024-11-10;72.83
Burgenland;2024-11-11;72.59
Burgenland;2024-11-12;72.5
Burgenland;2024-11-13;72.6
Burgenland;2024-11-14;72.75
Burgenland;2024-11-15;73.07
Burgenland;2024-11-16;73.55
Burgenland;2024-11-17;74.28
Burgenland;2024-11-18;75.27
Burgenland;2024-11-19;76.52
Burgenland;2024-11-20;77.95
Burgenland;2024-11-21;79.64
Burgenland;2024-11-22;81.49
Burgenland;2024-11-23;83.43
Burgenland;2024-11-24;85.39
Burgenland;2024-11-25;87.29
Burgenland;2024-11-26;89.04
Burgenland;2024-11-27;90.48
Burgenland;2024-11-28;91.72
Burgenland;2024-11-29;92.8
Burgenland;2024-11-30;93.71
Burgenland;2024-12-01;94.57
Burgenland;2024-12-02;95.42
Burgenland;2024-12-03;96.2
Burgenland;2024-12-04;96.88
Burgenland;2024-12-05;97.43
Burgenland;2024-12-06;97.85
Burgenland;2024-12-07;98.1
Burgenland;2024-12-08;98.38
Burgenland;2024-12-09;98.63
Burgenland;2024-12-10;98.93
Burgenland;2024-12-11;99.33
Burgenland;2024-12-12;99.84
Burgenland;2024-12-13;100.31
Burgenland;2024-12-14;100.67
Burgenland;2024-12-15;100.77
Burgenland;2024-12-16;100.54
Burgenland;2024-12-17;99.89
Burgenland;2024-12-18;98.83
Burgenland;2024-12-19;97.34
Burgenland;2024-12-20;95.6
Burgenland;2024-12-21;93.65
Burgenland;2024-12-22;91.59
Burgenland;2024-12-23;89.49
Burgenland;2024-12-24;87.32
Burgenland;2024-12-25;85.21
Burgenland;2024-12-26;83.06
Burgenland;2024-12-27;80.93
Burgenland;2024-12-28;78.77
Burgenland;2024-12-29;76.64
Burgenland;2024-12-30;74.48
Burgenland;2024-12-31;72.32
Burgenland;2025-01-01;70.19
Burgenland;2025-01-02;68.06
Burgenland;2025-01-03;65.92
Burgenland;2025-01-04;63.85
Burgenland;2025-01-05;61.83
Burgenland;2025-01-06;59.92
Burgenland;2025-01-07;58.19
Burgenland;2025-01-08;56.6
Burgenland;2025-01-09;55.26
Burgenland;2025-01-10;54.09
Burgenland;2025-01-11;53.11
Burgenland;2025-01-12;52.33
Burgenland;2025-01-13;51.7
Burgenland;2025-01-14;51.12
Burgenland;2025-01-15;50.51
Burgenland;2025-01-16;49.86
Burgenland;2025-01-17;49.16
Burgenland;2025-01-18;48.42
Burgenland;2025-01-19;47.65
Burgenland;2025-01-20;46.84
Burgenland;2025-01-21;45.93
Burgenland;2025-01-22;44.81
Burgenland;2025-01-23;43.45
Burgenland;2025-01-24;41.88
Burgenland;2025-01-25;40.18
Burgenland;2025-01-26;38.36
Burgenland;2025-01-27;36.43
Burgenland;2025-01-28;34.44
Burgenland;2025-01-29;32.42
Burgenland;2025-01-30;30.4
Burgenland;2025-01-31;28.35
Burgenland;2025-02-01;26.41
Burgenland;2025-02-02;24.55
Burgenland;2025-02-03;22.8
Burgenland;2025-02-04;21.3
Burgenland;2025-02-05;19.94
Burgenland;2025-02-06;18.67
Burgenland;2025-02-07;17.62
Burgenland;2025-02-08;16.69
Burgenland;2025-02-09;15.77
Burgenland;2025-02-10;14.99
Burgenland;2025-02-11;14.26
Burgenland;2025-02-12;13.6
Burgenland;2025-02-13;12.94
Burgenland;2025-02-14;12.29
Burgenland;2025-02-15;11.73
Burgenland;2025-02-16;11.2
Burgenland;2025-02-17;10.76
Burgenland;2025-02-18;10.42
Burgenland;2025-02-19;10.15
Burgenland;2025-02-20;9.98
Burgenland;2025-02-21;9.86
Burgenland;2025-02-22;9.88
Burgenland;2025-02-23;9.99
Burgenland;2025-02-24;10.24
Burgenland;2025-02-25;10.66
Burgenland;2025-02-26;11.15
Burgenland;2025-02-27;11.74
Burgenland;2025-02-28;12.41
Burgenland;2025-03-01;13.07
Burgenland;2025-03-02;13.69
Burgenland;2025-03-03;14.16
Burgenland;2025-03-04;14.49
Burgenland;2025-03-05;14.59
Burgenland;2025-03-06;14.53
Burgenland;2025-03-07;14.27
Burgenland;2025-03-08;13.86
Burgenland;2025-03-09;13.37
Burgenland;2025-03-10;12.85
Burgenland;2025-03-11;12.22
Burgenland;2025-03-12;11.6
Burgenland;2025-03-13;10.99
Burgenland;2025-03-14;10.41
Burgenland;2025-03-15;9.85
Burgenland;2025-03-16;9.35
Burgenland;2025-03-17;8.92
Burgenland;2025-03-18;8.48
Burgenland;2025-03-19;8.1
Burgenland;2025-03-20;7.77
Burgenland;2025-03-21;7.4
Burgenland;2025-03-22;7.13
Burgenland;2025-03-23;6.86
Burgenland;2025-03-24;6.6
Burgenland;2025-03-25;6.43
Burgenland;2025-03-26;6.37
Burgenland;2025-03-27;6.28
Burgenland;2025-03-28;6.25
Burgenland;2025-03-29;6.31
Burgenland;2025-03-30;6.45
Burgenland;2025-03-31;6.55
Burgenland;2025-04-01;6.75
Österreich;2022-09-01;98.88
Österreich;2022-09-02;98.51
Österreich;2022-09-03;98.18
Österreich;2022-09-04;97.33
Österreich;2022-09-05;97.26
Österreich;2022-09-06;97.39
Österreich;2022-09-07;97.72
Österreich;2022-09-08;98.4
Österreich;2022-09-09;99.41
Österreich;2022-09-10;100.86
Österreich;2022-09-11;102.85
Österreich;2022-09-12;105.52
Österreich;2022-09-13;108.82
Österreich;2022-09-14;112.78
Österreich;2022-09-15;117.23
Österreich;2022-09-16;122.18
Österreich;2022-09-17;127.53
Österreich;2022-09-18;133.32
Österreich;2022-09-19;139.64
Österreich;2022-09-20;146.42
Österreich;2022-09-21;153.68
Österreich;2022-09-22;161.37
Österreich;2022-09-23;169.34
Österreich;2022-09-24;177.45
Österreich;2022-09-25;185.68
Österreich;2022-09-26;193.93
Österreich;2022-09-27;202.14
Österreich;2022-09-28;210.3
Österreich;2022-09-29;218.18
Österreich;2022-09-30;225.59
Österreich;2022-10-01;232.32
Österreich;2022-10-02;237.99
Österreich;2022-10-03;242.49
Österreich;2022-10-04;245.72
Österreich;2022-10-05;247.79
Österreich;2022-10-06;248.73
Österreich;2022-10-07;248.64
Österreich;2022-10-08;247.45
Österreich;2022-10-09;245.08
Österreich;2022-10-10;241.37
Österreich;2022-10-11;236.38
Österreich;2022-10-12;230.4
Österreich;2022-10-13;223.61
Österreich;2022-10-14;216.36
Österreich;2022-10-15;208.87
Österreich;2022-10-16;201.33
Österreich;2022-10-17;194.0
Österreich;2022-10-18;186.91
Österreich;2022-10-19;180.25
Österreich;2022-10-20;173.9
Österreich;2022-10-21;167.81
Österreich;2022-10-22;161.95
Österreich;2022-10-23;156.19
Österreich;2022-10-24;150.56
Österreich;2022-10-25;145.04
Österreich;2022-10-26;139.71
Österreich;2022-10-27;134.55
Österreich;2022-10-28;129.65
Österreich;2022-10-29;125.0
Österreich;2022-10-30;120.74
Österreich;2022-10-31;116.98
Österreich;2022-11-01;113.69
Österreich;2022-11-02;111.02
Österreich;2022-11-03;108.82
Österreich;2022-11-04;107.21
Österreich;2022-11-05;106.07
Österreich;2022-11-06;105.5
Österreich;2022-11-07;105.57
Österreich;2022-11-08;106.38
Österreich;2022-11-09;107.88
Österreich;2022-11-10;109.91
Österreich;2022-11-11;112.37
Österreich;2022-11-12;115.1
Österreich;2022-11-13;117.98
Österreich;2022-11-14;121.02
Österreich;2022-11-15;124.18
Österreich;2022-11-16;127.59
Österreich;2022-11-17;131.09
Österreich;2022-11-18;134.71
Österreich;2022-11-19;138.29
Österreich;2022-11-20;141.71
Österreich;2022-11-21;144.99
Österreich;2022-11-22;148.13
Österreich;2022-11-23;151.09
Österreich;2022-11-24;153.98
Österreich;2022-11-25;156.75
Österreich;2022-11-26;159.31
Österreich;2022-11-27;161.7
Österreich;2022-11-28;163.87
Österreich;2022-11-29;165.9
Österreich;2022-11-30;167.83
Österreich;2022-12-01;169.7
Österreich;2022-12-02;171.61
Österreich;2022-12-03;173.5
Österreich;2022-12-04;174.86
Österreich;2022-12-05;176.3
Österreich;2022-12-06;178.39
Österreich;2022-12-07;180.66
Österreich;2022-12-08;183.09
Österreich;2022-12-09;185.65
Österreich;2022-12-10;188.25
Österreich;2022-12-11;190.93
Österreich;2022-12-12;193.71
Österreich;2022-12-13;196.62
Österreich;2022-12-14;199.71
Österreich;2022-12-15;202.81
Österreich;2022-12-16;205.86
Österreich;2022-12-17;208.51
Österreich;2022-12-18;210.59
Österreich;2022-12-19;211.84
Österreich;2022-12-20;212.26
Österreich;2022-12-21;211.92
Österreich;2022-12-22;210.97
Österreich;2022-12-23;209.53
Österreich;2022-12-24;207.76
Österreich;2022-12-25;205.68
Österreich;2022-12-26;203.32
Österreich;2022-12-27;200.54
Österreich;2022-12-28;197.45
Österreich;2022-12-29;193.97
Österreich;2022-12-30;190.16
Österreich;2022-12-31;185.99
Österreich;2023-01-01;181.5
Österreich;2023-01-02;176.73
Österreich;2023-01-03;171.65
Österreich;2023-01-04;166.45
Österreich;2023-01-05;161.14
Österreich;2023-01-06;155.94
Österreich;2023-01-07;150.88
Österreich;2023-01-08;146.11
Österreich;2023-01-09;141.76
Österreich;2023-01-10;137.85
Österreich;2023-01-11;134.34
Österreich;2023-01-12;131.3
Österreich;2023-01-13;128.68
Österreich;2023-01-14;126.56
Österreich;2023-01-15;124.29
Österreich;2023-01-16;123.48
Österreich;2023-01-17;123.2
Österreich;2023-01-18;123.66
Österreich;2023-01-19;125.08
Österreich;2023-01-20;127.16
Österreich;2023-01-21;129.88
Österreich;2023-01-22;133.38
Österreich;2023-01-23;137.63
Österreich;2023-01-24;142.35
Österreich;2023-01-25;147.94
Österreich;2023-01-26;154.09
Österreich;2023-01-27;160.77
Österreich;2023-01-28;167.88
Österreich;2023-01-29;175.22
Österreich;2023-01-30;183.34
Österreich;2023-01-31;192.04
Österreich;2023-02-01;201.25
Österreich;2023-02-02;210.89
Österreich;2023-02-03;220.57
Österreich;2023-02-04;229.98
Österreich;2023-02-05;238.83
Österreich;2023-02-06;246.96
Österreich;2023-02-07;253.61
Österreich;2023-02-08;260.16
Österreich;2023-02-09;266.19
Österreich;2023-02-10;271.78
Österreich;2023-02-11;276.94
Österreich;2023-02-12;281.74
Österreich;2023-02-13;286.12
Österreich;2023-02-14;290.09
Österreich;2023-02-15;293.65
Österreich;2023-02-16;296.72
Österreich;2023-02-17;299.37
Österreich;2023-02-18;301.6
Österreich;2023-02-19;303.36
Österreich;2023-02-20;304.8
Österreich;2023-02-21;305.98
Österreich;2023-02-22;307.01
Österreich;2023-02-23;307.92
Österreich;2023-02-24;308.73
Österreich;2023-02-25;309.32
Österreich;2023-02-26;309.75
Österreich;2023-02-27;309.87
Österreich;2023-02-28;309.53
Österreich;2023-03-01;308.66
Österreich;2023-03-02;307.22
Österreich;2023-03-03;305.25
Österreich;2023-03-04;302.6
Österreich;2023-03-05;299.29
Österreich;2023-03-06;295.17
Österreich;2023-03-07;290.41
Österreich;2023-03-08;285.08
Österreich;2023-03-09;279.27
Österreich;2023-03-10;273.17
Österreich;2023-03-11;266.78
Österreich;2023-03-12;260.26
Österreich;2023-03-13;253.62
Österreich;2023-03-14;247.01
Österreich;2023-03-15;240.44
Österreich;2023-03-16;233.95
Österreich;2023-03-17;227.41
Österreich;2023-03-18;220.69
Österreich;2023-03-19;213.75
Österreich;2023-03-20;206.5
Österreich;2023-03-21;199.14
Österreich;2023-03-22;191.72
Österreich;2023-03-23;184.38
Österreich;2023-03-24;177.11
Österreich;2023-03-25;169.91
Österreich;2023-03-26;162.81
Österreich;2023-03-27;155.92
Österreich;2023-03-28;149.44
Österreich;2023-03-29;143.48
Österreich;2023-03-30;138.05
Österreich;2023-03-31;133.12
Österreich;2023-04-01;128.56
Österreich;2023-04-02;124.48
Österreich;2023-04-03;120.74
Österreich;2023-04-04;117.33
Österreich;2023-04-05;114.17
Österreich;2023-04-06;111.21
Österreich;2023-04-07;108.33
Österreich;2023-04-08;105.51
Österreich;2023-04-09;102.76
Österreich;2023-04-10;99.97
Österreich;2023-04-11;97.17
Österreich;2023-04-12;94.35
Österreich;2023-04-13;91.49
Österreich;2023-04-14;88.65
Österreich;2023-04-15;85.82
Österreich;2023-04-16;83.03
Österreich;2023-04-17;80.37
Österreich;2023-04-18;77.85
Österreich;2023-04-19;75.52
Österreich;2023-04-20;73.29
Österreich;2023-04-21;71.23
Österreich;2023-04-22;69.26
Österreich;2023-04-23;67.33
Österreich;2023-04-24;65.51
Österreich;2023-04-25;63.73
Österreich;2023-04-26;61.97
Österreich;2023-04-27;60.25
Österreich;2023-04-28;58.57
Österreich;2023-04-29;56.88
Österreich;2023-04-30;55.19
Österreich;2023-05-01;53.53
Österreich;2023-05-02;51.84
Österreich;2023-05-03;50.17
Österreich;2023-05-04;48.53
Österreich;2023-05-05;46.87
Österreich;2023-05-06;45.26
Österreich;2023-05-07;43.7
Österreich;2023-05-08;42.16
Österreich;2023-05-09;40.74
Österreich;2023-05-10;39.4
Österreich;2023-05-11;38.18
Österreich;2023-05-12;37.01
Österreich;2023-05-13;36.02
Österreich;2023-05-14;35.11
Österreich;2023-05-15;34.32
Österreich;2023-05-16;33.69
Österreich;2023-05-17;33.21
Österreich;2023-05-18;32.82
Österreich;2023-05-19;32.48
Österreich;2023-05-20;32.13
Österreich;2023-05-21;31.8
Österreich;2023-05-22;31.35
Österreich;2023-05-23;30.86
Österreich;2023-05-24;30.29
Österreich;2023-05-25;29.65
Österreich;2023-05-26;29.0
Österreich;2023-05-27;28.29
Österreich;2023-05-28;27.55
Österreich;2023-05-29;26.78
Österreich;2023-05-30;26.02
Österreich;2023-05-31;25.19
Österreich;2023-06-01;24.4
Österreich;2023-06-02;23.59
Österreich;2023-06-03;22.8
Österreich;2023-06-04;22.07
Österreich;2023-06-05;21.4
Österreich;2023-06-06;20.77
Österreich;2023-06-07;20.23
Österreich;2023-06-08;19.73
Österreich;2023-06-09;19.29
Österreich;2023-06-10;18.92
Österreich;2023-06-11;18.52
Österreich;2023-06-12;18.11
Österreich;2023-06-13;17.72
Österreich;2023-06-14;17.32
Österreich;2023-06-15;16.92
Österreich;2023-06-16;16.54
Österreich;2023-06-17;16.17
Österreich;2023-06-18;15.79
Österreich;2023-06-19;15.43
Österreich;2023-06-20;15.12
Österreich;2023-06-21;14.83
Österreich;2023-06-22;14.56
Österreich;2023-06-23;14.32
Österreich;2023-06-24;14.07
Österreich;2023-06-25;13.88
Österreich;2023-06-26;13.71
Österreich;2023-06-27;13.57
Österreich;2023-06-28;13.55
Österreich;2023-06-29;13.56
Österreich;2023-06-30;13.6
Österreich;2023-07-01;13.7
Österreich;2023-07-02;13.85
Österreich;2023-07-03;13.97
Österreich;2023-07-04;14.13
Österreich;2023-07-05;14.33
Österreich;2023-07-06;14.47
Österreich;2023-07-07;14.63
Österreich;2023-07-08;14.8
Österreich;2023-07-09;14.98
Österreich;2023-07-10;15.18
Österreich;2023-07-11;15.38
Österreich;2023-07-12;15.68
Österreich;2023-07-13;15.99
Österreich;2023-07-14;16.35
Österreich;2023-07-15;16.81
Österreich;2023-07-16;17.29
Österreich;2023-07-17;17.85
Österreich;2023-07-18;18.52
Österreich;2023-07-19;19.21
Österreich;2023-07-20;19.97
Österreich;2023-07-21;20.79
Österreich;2023-07-22;21.67
Österreich;2023-07-23;22.56
Österreich;2023-07-24;23.53
Österreich;2023-07-25;24.58
Österreich;2023-07-26;25.79
Österreich;2023-07-27;27.11
Österreich;2023-07-28;28.5
Österreich;2023-07-29;30.07
Österreich;2023-07-30;31.64
Österreich;2023-07-31;33.33
Österreich;2023-08-01;35.13
Österreich;2023-08-02;37.11
Österreich;2023-08-03;39.18
Österreich;2023-08-04;41.38
Österreich;2023-08-05;43.67
Österreich;2023-08-06;45.97
Österreich;2023-08-07;48.32
Österreich;2023-08-08;50.62
Österreich;2023-08-09;52.87
Österreich;2023-08-10;55.05
Österreich;2023-08-11;57.15
Österreich;2023-08-12;59.21
Österreich;2023-08-13;61.13
Österreich;2023-08-14;62.93
Österreich;2023-08-15;64.49
Österreich;2023-08-16;65.85
Österreich;2023-08-17;66.93
Österreich;2023-08-18;67.81
Österreich;2023-08-19;68.59
Österreich;2023-08-20;69.32
Österreich;2023-08-21;70.07
Österreich;2023-08-22;70.9
Österreich;2023-08-23;71.83
Österreich;2023-08-24;72.93
Österreich;2023-08-25;74.17
Österreich;2023-08-26;75.52
Österreich;2023-08-27;77.05
Österreich;2023-08-28;78.62
Österreich;2023-08-29;80.35
Österreich;2023-08-30;82.22
Österreich;2023-08-31;84.13
Österreich;2023-09-01;86.04
Österreich;2023-09-02;87.86
Österreich;2023-09-03;89.54
Österreich;2023-09-04;91.08
Österreich;2023-09-05;92.48
Österreich;2023-09-06;93.79
Österreich;2023-09-07;95.03
Österreich;2023-09-08;96.24
Österreich;2023-09-09;97.4
Österreich;2023-09-10;98.56
Österreich;2023-09-11;99.63
Österreich;2023-09-12;100.67
Österreich;2023-09-13;101.61
Österreich;2023-09-14;102.51
Österreich;2023-09-15;103.29
Österreich;2023-09-16;104.01
Österreich;2023-09-17;104.7
Österreich;2023-09-18;105.43
Österreich;2023-09-19;106.2
Österreich;2023-09-20;107.07
Österreich;2023-09-21;108.1
Österreich;2023-09-22;109.21
Österreich;2023-09-23;110.51
Österreich;2023-09-24;111.93
Österreich;2023-09-25;113.47
Österreich;2023-09-26;115.22
Österreich;2023-09-27;117.17
Österreich;2023-09-28;119.17
Österreich;2023-09-29;121.3
Österreich;2023-09-30;123.4
Österreich;2023-10-01;125.46
Österreich;2023-10-02;127.47
Österreich;2023-10-03;129.33
Österreich;2023-10-04;131.02
Österreich;2023-10-05;132.63
Österreich;2023-10-06;134.16
Österreich;2023-10-07;135.71
Österreich;2023-10-08;137.39
Österreich;2023-10-09;139.25
Österreich;2023-10-10;141.34
Österreich;2023-10-11;143.68
Österreich;2023-10-12;146.22
Österreich;2023-10-13;148.93
Österreich;2023-10-14;151.76
Österreich;2023-10-15;154.73
Österreich;2023-10-16;157.79
Österreich;2023-10-17;160.84
Österreich;2023-10-18;163.91
Österreich;2023-10-19;166.91
Österreich;2023-10-20;169.8
Österreich;2023-10-21;172.66
Österreich;2023-10-22;175.43
Österreich;2023-10-23;178.21
Österreich;2023-10-24;181.11
Österreich;2023-10-25;184.22
Österreich;2023-10-26;187.48
Österreich;2023-10-27;190.87
Österreich;2023-10-28;194.27
Österreich;2023-10-29;197.64
Österreich;2023-10-30;201.05
Österreich;2023-10-31;204.57
Österreich;2023-11-01;208.41
Österreich;2023-11-02;212.88
Österreich;2023-11-03;218.12
Österreich;2023-11-04;224.26
Österreich;2023-11-05;231.41
Österreich;2023-11-06;239.62
Österreich;2023-11-07;248.93
Österreich;2023-11-08;259.13
Österreich;2023-11-09;270.08
Österreich;2023-11-10;281.47
Österreich;2023-11-11;293.05
Österreich;2023-11-12;304.62
Österreich;2023-11-13;318.62
Österreich;2023-11-14;330.21
Österreich;2023-11-15;341.93
Österreich;2023-11-16;353.92
Österreich;2023-11-17;366.44
Österreich;2023-11-18;379.69
Österreich;2023-11-19;393.83
Österreich;2023-11-20;408.96
Österreich;2023-11-21;424.88
Österreich;2023-11-22;441.32
Österreich;2023-11-23;457.94
Österreich;2023-11-24;474.55
Österreich;2023-11-25;491.03
Österreich;2023-11-26;507.33
Österreich;2023-11-27;523.41
Österreich;2023-11-28;539.29
Österreich;2023-11-29;555.0
Österreich;2023-11-30;570.37
Österreich;2023-12-01;585.11
Österreich;2023-12-02;598.9
Österreich;2023-12-03;611.32
Österreich;2023-12-04;621.97
Österreich;2023-12-05;630.51
Österreich;2023-12-06;637.2
Österreich;2023-12-07;641.49
Österreich;2023-12-08;644.18
Österreich;2023-12-09;645.35
Österreich;2023-12-10;644.97
Österreich;2023-12-11;642.79
Österreich;2023-12-12;638.38
Österreich;2023-12-13;631.59
Österreich;2023-12-14;622.56
Österreich;2023-12-15;611.75
Österreich;2023-12-16;599.59
Österreich;2023-12-17;586.2
Österreich;2023-12-18;571.6
Österreich;2023-12-19;555.75
Österreich;2023-12-20;538.56
Österreich;2023-12-21;520.14
Österreich;2023-12-22;500.83
Österreich;2023-12-23;481.06
Österreich;2023-12-24;461.17
Österreich;2023-12-25;441.36
Österreich;2023-12-26;421.84
Österreich;2023-12-27;402.56
Österreich;2023-12-28;383.62
Österreich;2023-12-29;364.97
Österreich;2023-12-30;346.78
Österreich;2023-12-31;329.04
Österreich;2024-01-01;311.92
Österreich;2024-01-02;295.25
Österreich;2024-01-03;278.98
Österreich;2024-01-04;263.19
Österreich;2024-01-05;248.0
Österreich;2024-01-06;233.56
Österreich;2024-01-07;220.16
Österreich;2024-01-08;207.93
Österreich;2024-01-09;196.85
Österreich;2024-01-10;186.75
Österreich;2024-01-11;177.46
Österreich;2024-01-12;168.79
Österreich;2024-01-13;160.7
Österreich;2024-01-14;153.03
Österreich;2024-01-15;145.8
Österreich;2024-01-16;138.94
Österreich;2024-01-17;132.37
Österreich;2024-01-18;126.12
Österreich;2024-01-19;120.11
Österreich;2024-01-20;114.27
Österreich;2024-01-21;108.74
Österreich;2024-01-22;103.47
Österreich;2024-01-23;98.48
Österreich;2024-01-24;93.84
Österreich;2024-01-25;89.45
Österreich;2024-01-26;85.29
Österreich;2024-01-27;81.35
Österreich;2024-01-28;77.59
Österreich;2024-01-29;74.01
Österreich;2024-01-30;70.66
Österreich;2024-01-31;67.53
Österreich;2024-02-01;64.56
Österreich;2024-02-02;61.79
Österreich;2024-02-03;59.06
Österreich;2024-02-04;56.4
Österreich;2024-02-05;53.89
Österreich;2024-02-06;51.43
Österreich;2024-02-07;49.13
Österreich;2024-02-08;46.96
Österreich;2024-02-09;44.89
Österreich;2024-02-10;42.87
Österreich;2024-02-11;40.93
Österreich;2024-02-12;39.05
Österreich;2024-02-13;37.24
Österreich;2024-02-14;35.55
Österreich;2024-02-15;33.93
Österreich;2024-02-16;32.42
Österreich;2024-02-17;30.93
Österreich;2024-02-18;29.55
Österreich;2024-02-19;28.21
Österreich;2024-02-20;26.94
Österreich;2024-02-21;25.73
Österreich;2024-02-22;24.67
Österreich;2024-02-23;23.63
Österreich;2024-02-24;22.66
Österreich;2024-02-25;21.74
Österreich;2024-02-26;20.85
Österreich;2024-02-27;19.97
Österreich;2024-02-28;19.2
Österreich;2024-02-29;18.46
Österreich;2024-03-01;17.75
Österreich;2024-03-02;17.15
Österreich;2024-03-03;16.55
Österreich;2024-03-04;16.02
Österreich;2024-03-05;15.57
Österreich;2024-03-06;15.21
Österreich;2024-03-07;14.86
Österreich;2024-03-08;14.62
Österreich;2024-03-09;14.41
Österreich;2024-03-10;14.28
Österreich;2024-03-11;14.18
Österreich;2024-03-12;14.17
Österreich;2024-03-13;14.23
Österreich;2024-03-14;14.39
Österreich;2024-03-15;14.59
Österreich;2024-03-16;14.8
Österreich;2024-03-17;14.97
Österreich;2024-03-18;15.11
Österreich;2024-03-19;15.14
Österreich;2024-03-20;15.0
Österreich;2024-03-21;14.82
Österreich;2024-03-22;14.51
Österreich;2024-03-23;14.13
Österreich;2024-03-24;13.79
Österreich;2024-03-25;13.41
Österreich;2024-03-26;13.08
Österreich;2024-03-27;12.75
Österreich;2024-03-28;12.5
Österreich;2024-03-29;12.21
Österreich;2024-03-30;12.0
Österreich;2024-03-31;11.76
Österreich;2024-04-01;11.56
Österreich;2024-04-02;11.34
Österreich;2024-04-03;11.17
Österreich;2024-04-04;11.05
Österreich;2024-04-05;10.92
Österreich;2024-04-06;10.84
Österreich;2024-04-07;10.8
Österreich;2024-04-08;10.83
Österreich;2024-04-09;10.96
Österreich;2024-04-10;11.1
Österreich;2024-04-11;11.27
Österreich;2024-04-12;11.5
Österreich;2024-04-13;11.79
Österreich;2024-04-14;12.09
Österreich;2024-04-15;12.45
Österreich;2024-04-16;12.92
Österreich;2024-04-17;13.42
Österreich;2024-04-18;13.96
Österreich;2024-04-19;14.57
Österreich;2024-04-20;15.19
Österreich;2024-04-21;15.86
Österreich;2024-04-22;16.55
Österreich;2024-04-23;17.27
Österreich;2024-04-24;18.0
Österreich;2024-04-25;18.75
Österreich;2024-04-26;19.51
Österreich;2024-04-27;20.22
Österreich;2024-04-28;20.87
Österreich;2024-04-29;21.43
Österreich;2024-04-30;21.93
Österreich;2024-05-01;22.41
Österreich;2024-05-02;22.82
Österreich;2024-05-03;23.22
Österreich;2024-05-04;23.61
Österreich;2024-05-05;23.94
Österreich;2024-05-06;24.27
Österreich;2024-05-07;24.65
Österreich;2024-05-08;24.99
Österreich;2024-05-09;25.36
Österreich;2024-05-10;25.73
Österreich;2024-05-11;26.12
Österreich;2024-05-12;26.52
Österreich;2024-05-13;26.9
Österreich;2024-05-14;27.24
Österreich;2024-05-15;27.55
Österreich;2024-05-16;27.85
Österreich;2024-05-17;28.13
Österreich;2024-05-18;28.44
Österreich;2024-05-19;28.76
Österreich;2024-05-20;29.16
Österreich;2024-05-21;29.6
Österreich;2024-05-22;30.15
Österreich;2024-05-23;30.82
Österreich;2024-05-24;31.52
Österreich;2024-05-25;32.27
Österreich;2024-05-26;33.08
Österreich;2024-05-27;33.9
Österreich;2024-05-28;34.82
Österreich;2024-05-29;35.79
Österreich;2024-05-30;36.78
Österreich;2024-05-31;37.89
Österreich;2024-06-01;38.98
Österreich;2024-06-02;40.18
Österreich;2024-06-03;41.47
Österreich;2024-06-04;42.95
Österreich;2024-06-05;44.59
Österreich;2024-06-06;46.37
Österreich;2024-06-07;48.27
Österreich;2024-06-08;50.26
Österreich;2024-06-09;52.27
Österreich;2024-06-10;54.27
Österreich;2024-06-11;56.27
Österreich;2024-06-12;58.32
Österreich;2024-06-13;60.43
Österreich;2024-06-14;62.56
Österreich;2024-06-15;64.83
Österreich;2024-06-16;67.21
Österreich;2024-06-17;69.72
Österreich;2024-06-18;72.32
Österreich;2024-06-19;74.96
Österreich;2024-06-20;77.63
Österreich;2024-06-21;80.25
Österreich;2024-06-22;82.82
Österreich;2024-06-23;85.32
Österreich;2024-06-24;87.7
Österreich;2024-06-25;89.95
Österreich;2024-06-26;91.99
Österreich;2024-06-27;93.89
Österreich;2024-06-28;95.77
Österreich;2024-06-29;97.6
Österreich;2024-06-30;99.52
Österreich;2024-07-01;101.46
Österreich;2024-07-02;103.41
Österreich;2024-07-03;105.29
Österreich;2024-07-04;107.05
Österreich;2024-07-05;108.67
Österreich;2024-07-06;109.99
Österreich;2024-07-07;111.06
Österreich;2024-07-08;111.81
Österreich;2024-07-09;112.3
Österreich;2024-07-10;112.58
Österreich;2024-07-11;112.66
Österreich;2024-07-12;112.62
Österreich;2024-07-13;112.39
Österreich;2024-07-14;112.0
Österreich;2024-07-15;111.36
Österreich;2024-07-16;110.47
Österreich;2024-07-17;109.3
Österreich;2024-07-18;107.92
Österreich;2024-07-19;106.43
Österreich;2024-07-20;104.99
Österreich;2024-07-21;103.66
Österreich;2024-07-22;102.6
Österreich;2024-07-23;101.88
Österreich;2024-07-24;101.5
Österreich;2024-07-25;101.44
Österreich;2024-07-26;101.6
Österreich;2024-07-27;101.84
Österreich;2024-07-28;102.2
Österreich;2024-07-29;102.72
Österreich;2024-07-30;103.5
Österreich;2024-07-31;104.73
Österreich;2024-08-01;106.36
Österreich;2024-08-02;108.16
Österreich;2024-08-03;110.09
Österreich;2024-08-04;111.86
Österreich;2024-08-05;113.45
Österreich;2024-08-06;114.76
Österreich;2024-08-07;115.88
Österreich;2024-08-08;116.8
Österreich;2024-08-09;117.76
Österreich;2024-08-10;118.78
Österreich;2024-08-11;120.04
Österreich;2024-08-12;121.58
Österreich;2024-08-13;123.39
Österreich;2024-08-14;125.52
Österreich;2024-08-15;127.8
Österreich;2024-08-16;130.27
Österreich;2024-08-17;132.96
Österreich;2024-08-18;135.8
Österreich;2024-08-19;138.74
Österreich;2024-08-20;141.68
Österreich;2024-08-21;144.46
Österreich;2024-08-22;147.06
Österreich;2024-08-23;149.37
Österreich;2024-08-24;151.42
Österreich;2024-08-25;153.06
Österreich;2024-08-26;154.4
Österreich;2024-08-27;155.39
Österreich;2024-08-28;156.15
Österreich;2024-08-29;156.8
Österreich;2024-08-30;157.37
Österreich;2024-08-31;158.01
Österreich;2024-09-01;158.81
Österreich;2024-09-02;159.78
Österreich;2024-09-03;160.95
Österreich;2024-09-04;162.43
Österreich;2024-09-05;164.14
Österreich;2024-09-06;166.18
Österreich;2024-09-07;168.7
Österreich;2024-09-08;171.81
Österreich;2024-09-09;175.59
Österreich;2024-09-10;180.11
Österreich;2024-09-11;185.32
Österreich;2024-09-12;191.28
Österreich;2024-09-13;197.95
Österreich;2024-09-14;205.43
Österreich;2024-09-15;213.82
Österreich;2024-09-16;223.17
Österreich;2024-09-17;233.28
Österreich;2024-09-18;243.81
Österreich;2024-09-19;254.38
Österreich;2024-09-20;264.63
Österreich;2024-09-21;274.2
Österreich;2024-09-22;282.7
Österreich;2024-09-23;289.8
Österreich;2024-09-24;295.48
Österreich;2024-09-25;299.73
Österreich;2024-09-26;302.82
Österreich;2024-09-27;305.01
Österreich;2024-09-28;306.51
Österreich;2024-09-29;307.45
Österreich;2024-09-30;307.96
Österreich;2024-10-01;307.92
Österreich;2024-10-02;307.41
Österreich;2024-10-03;306.38
Österreich;2024-10-04;304.77
Österreich;2024-10-05;302.44
Österreich;2024-10-06;299.33
Österreich;2024-10-07;295.5
Österreich;2024-10-08;291.03
Österreich;2024-10-09;286.25
Österreich;2024-10-10;281.2
Österreich;2024-10-11;275.94
Österreich;2024-10-12;270.38
Österreich;2024-10-13;264.55
Österreich;2024-10-14;258.46
Österreich;2024-10-15;252.29
Österreich;2024-10-16;246.21
Österreich;2024-10-17;240.21
Österreich;2024-10-18;234.17
Österreich;2024-10-19;228.01
Österreich;2024-10-20;221.59
Österreich;2024-10-21;214.9
Österreich;2024-10-22;208.08
Österreich;2024-10-23;201.38
Österreich;2024-10-24;194.78
Österreich;2024-10-25;188.39
Österreich;2024-10-26;182.11
Österreich;2024-10-27;175.97
Österreich;2024-10-28;170.06
Österreich;2024-10-29;164.29
Österreich;2024-10-30;158.77
Österreich;2024-10-31;153.4
Österreich;2024-11-01;148.13
Österreich;2024-11-02;142.98
Österreich;2024-11-03;137.88
Österreich;2024-11-04;132.81
Österreich;2024-11-05;127.98
Österreich;2024-11-06;123.42
Österreich;2024-11-07;119.21
Österreich;2024-11-08;115.31
Österreich;2024-11-09;111.7
Österreich;2024-11-10;108.42
Österreich;2024-11-11;105.49
Österreich;2024-11-12;102.95
Österreich;2024-11-13;100.76
Österreich;2024-11-14;98.96
Österreich;2024-11-15;97.45
Österreich;2024-11-16;96.2
Österreich;2024-11-17;95.19
Österreich;2024-11-18;94.52
Österreich;2024-11-19;94.18
Österreich;2024-11-20;94.06
Österreich;2024-11-21;94.21
Österreich;2024-11-22;94.59
Österreich;2024-11-23;95.13
Österreich;2024-11-24;95.82
Österreich;2024-11-25;96.68
Österreich;2024-11-26;97.75
Österreich;2024-11-27;99.07
Österreich;2024-11-28;100.54
Österreich;2024-11-29;102.16
Österreich;2024-11-30;103.77
Österreich;2024-12-01;105.34
Österreich;2024-12-02;106.84
Österreich;2024-12-03;108.24
Österreich;2024-12-04;109.62
Österreich;2024-12-05;110.99
Österreich;2024-12-06;112.24
Österreich;2024-12-07;113.36
Österreich;2024-12-08;114.42
Österreich;2024-12-09;115.36
Österreich;2024-12-10;116.23
Österreich;2024-12-11;117.09
Österreich;2024-12-12;117.95
Österreich;2024-12-13;118.69
Österreich;2024-12-14;119.32
Österreich;2024-12-15;119.69
Österreich;2024-12-16;119.63
Österreich;2024-12-17;119.1
Österreich;2024-12-18;118.0
Österreich;2024-12-19;116.46
Österreich;2024-12-20;114.56
Österreich;2024-12-21;112.53
Österreich;2024-12-22;110.43
Österreich;2024-12-23;108.3
Österreich;2024-12-24;106.2
Österreich;2024-12-25;104.11
Österreich;2024-12-26;101.97
Österreich;2024-12-27;99.77
Österreich;2024-12-28;97.45
Österreich;2024-12-29;95.0
Österreich;2024-12-30;92.37
Österreich;2024-12-31;89.62
Österreich;2025-01-01;86.69
Österreich;2025-01-02;83.76
Österreich;2025-01-03;80.7
Österreich;2025-01-04;77.65
Österreich;2025-01-05;74.62
Österreich;2025-01-06;71.64
Österreich;2025-01-07;68.77
Österreich;2025-01-08;66.01
Österreich;2025-01-09;63.36
Österreich;2025-01-10;60.84
Österreich;2025-01-11;58.41
Österreich;2025-01-12;56.18
Österreich;2025-01-13;54.08
Österreich;2025-01-14;52.19
Österreich;2025-01-15;50.43
Österreich;2025-01-16;48.84
Österreich;2025-01-17;47.41
Österreich;2025-01-18;46.03
Österreich;2025-01-19;44.76
Österreich;2025-01-20;43.5
Österreich;2025-01-21;42.38
Österreich;2025-01-22;41.35
Österreich;2025-01-23;40.43
Österreich;2025-01-24;39.55
Österreich;2025-01-25;38.79
Österreich;2025-01-26;38.05
Österreich;2025-01-27;37.33
Österreich;2025-01-28;36.68
Österreich;2025-01-29;36.04
Österreich;2025-01-30;35.38
Österreich;2025-01-31;34.74
Österreich;2025-02-01;34.07
Österreich;2025-02-02;33.45
Österreich;2025-02-03;32.8
Österreich;2025-02-04;32.17
Österreich;2025-02-05;31.57
Österreich;2025-02-06;30.96
Österreich;2025-02-07;30.37
Österreich;2025-02-08;29.8
Österreich;2025-02-09;29.2
Österreich;2025-02-10;28.65
Österreich;2025-02-11;28.05
Österreich;2025-02-12;27.51
Österreich;2025-02-13;26.94
Österreich;2025-02-14;26.41
Österreich;2025-02-15;25.85
Österreich;2025-02-16;25.3
Österreich;2025-02-17;24.76
Österreich;2025-02-18;24.21
Österreich;2025-02-19;23.68
Österreich;2025-02-20;23.1
Österreich;2025-02-21;22.49
Österreich;2025-02-22;21.9
Österreich;2025-02-23;21.32
Österreich;2025-02-24;20.81
Österreich;2025-02-25;20.3
Österreich;2025-02-26;19.86
Österreich;2025-02-27;19.5
Österreich;2025-02-28;19.17
Österreich;2025-03-01;18.93
Österreich;2025-03-02;18.67
Österreich;2025-03-03;18.46
Österreich;2025-03-04;18.28
Österreich;2025-03-05;18.09
Österreich;2025-03-06;17.93
Österreich;2025-03-07;17.75
Österreich;2025-03-08;17.57
Österreich;2025-03-09;17.32
Österreich;2025-03-10;17.07
Österreich;2025-03-11;16.78
Österreich;2025-03-12;16.46
Österreich;2025-03-13;16.18
Österreich;2025-03-14;15.91
Österreich;2025-03-15;15.63
Österreich;2025-03-16;15.39
Österreich;2025-03-17;15.08
Österreich;2025-03-18;14.8
Österreich;2025-03-19;14.51
Österreich;2025-03-20;14.21
Österreich;2025-03-21;13.94
Österreich;2025-03-22;13.65
Österreich;2025-03-23;13.34
Österreich;2025-03-24;13.1
Österreich;2025-03-25;12.8
Österreich;2025-03-26;12.56
Österreich;2025-03-27;12.36
Österreich;2025-03-28;12.14
Österreich;2025-03-29;11.96
Österreich;2025-03-30;11.86
Österreich;2025-03-31;11.92
Österreich;2025-04-01;11.9
