Gruppe;Datum;Genkopien pro EW / Tag * 10^6
Vorarlberg;2022-09-01;83.36
Vorarlberg;2022-09-02;84.34
Vorarlberg;2022-09-03;85.21
Vorarlberg;2022-09-04;81.82
Vorarlberg;2022-09-05;82.75
Vorarlberg;2022-09-06;83.84
Vorarlberg;2022-09-07;85.17
Vorarlberg;2022-09-08;86.73
Vorarlberg;2022-09-09;88.51
Vorarlberg;2022-09-10;90.56
Vorarlberg;2022-09-11;92.99
Vorarlberg;2022-09-12;95.91
Vorarlberg;2022-09-13;99.43
Vorarlberg;2022-09-14;103.6
Vorarlberg;2022-09-15;108.31
Vorarlberg;2022-09-16;113.35
Vorarlberg;2022-09-17;118.62
Vorarlberg;2022-09-18;123.86
Vorarlberg;2022-09-19;129.02
Vorarlberg;2022-09-20;134.14
Vorarlberg;2022-09-21;139.28
Vorarlberg;2022-09-22;144.49
Vorarlberg;2022-09-23;149.86
Vorarlberg;2022-09-24;155.55
Vorarlberg;2022-09-25;161.71
Vorarlberg;2022-09-26;168.41
Vorarlberg;2022-09-27;175.72
Vorarlberg;2022-09-28;183.58
Vorarlberg;2022-09-29;191.63
Vorarlberg;2022-09-30;199.66
Vorarlberg;2022-10-01;207.15
Vorarlberg;2022-10-02;213.78
Vorarlberg;2022-10-03;219.26
Vorarlberg;2022-10-04;223.58
Vorarlberg;2022-10-05;226.73
Vorarlberg;2022-10-06;228.64
Vorarlberg;2022-10-07;229.25
Vorarlberg;2022-10-08;228.48
Vorarlberg;2022-10-09;226.08
Vorarlberg;2022-10-10;222.04
Vorarlberg;2022-10-11;216.56
Vorarlberg;2022-10-12;209.97
Vorarlberg;2022-10-13;202.62
Vorarlberg;2022-10-14;194.75
Vorarlberg;2022-10-15;186.54
Vorarlberg;2022-10-16;178.2
Vorarlberg;2022-10-17;169.78
Vorarlberg;2022-10-18;161.56
Vorarlberg;2022-10-19;153.57
Vorarlberg;2022-10-20;145.84
Vorarlberg;2022-10-21;138.39
Vorarlberg;2022-10-22;131.24
Vorarlberg;2022-10-23;124.5
Vorarlberg;2022-10-24;118.2
Vorarlberg;2022-10-25;112.4
Vorarlberg;2022-10-26;107.11
Vorarlberg;2022-10-27;102.21
Vorarlberg;2022-10-28;97.68
Vorarlberg;2022-10-29;93.46
Vorarlberg;2022-10-30;89.55
Vorarlberg;2022-10-31;86.0
Vorarlberg;2022-11-01;82.75
Vorarlberg;2022-11-02;79.97
Vorarlberg;2022-11-03;77.53
Vorarlberg;2022-11-04;75.56
Vorarlberg;2022-11-05;74.1
Vorarlberg;2022-11-06;73.2
Vorarlberg;2022-11-07;72.96
Vorarlberg;2022-11-08;73.53
Vorarlberg;2022-11-09;74.88
Vorarlberg;2022-11-10;76.9
Vorarlberg;2022-11-11;79.48
Vorarlberg;2022-11-12;82.45
Vorarlberg;2022-11-13;85.84
Vorarlberg;2022-11-14;89.52
Vorarlberg;2022-11-15;93.56
Vorarlberg;2022-11-16;97.88
Vorarlberg;2022-11-17;102.34
Vorarlberg;2022-11-18;106.81
Vorarlberg;2022-11-19;111.26
Vorarlberg;2022-11-20;115.65
Vorarlberg;2022-11-21;119.98
Vorarlberg;2022-11-22;124.28
Vorarlberg;2022-11-23;128.58
Vorarlberg;2022-11-24;132.9
Vorarlberg;2022-11-25;137.23
Vorarlberg;2022-11-26;141.5
Vorarlberg;2022-11-27;145.77
Vorarlberg;2022-11-28;149.91
Vorarlberg;2022-11-29;153.81
Vorarlberg;2022-11-30;157.3
Vorarlberg;2022-12-01;160.4
Vorarlberg;2022-12-02;163.17
Vorarlberg;2022-12-03;165.68
Vorarlberg;2022-12-04;168.18
Vorarlberg;2022-12-05;170.69
Vorarlberg;2022-12-06;173.29
Vorarlberg;2022-12-07;176.1
Vorarlberg;2022-12-08;178.94
Vorarlberg;2022-12-09;181.7
Vorarlberg;2022-12-10;184.22
Vorarlberg;2022-12-11;186.32
Vorarlberg;2022-12-12;188.04
Vorarlberg;2022-12-13;189.51
Vorarlberg;2022-12-14;191.03
Vorarlberg;2022-12-15;192.63
Vorarlberg;2022-12-16;194.37
Vorarlberg;2022-12-17;196.09
Vorarlberg;2022-12-18;197.59
Vorarlberg;2022-12-19;198.73
Vorarlberg;2022-12-20;199.17
Vorarlberg;2022-12-21;198.81
Vorarlberg;2022-12-22;197.6
Vorarlberg;2022-12-23;195.59
Vorarlberg;2022-12-24;192.93
Vorarlberg;2022-12-25;189.64
Vorarlberg;2022-12-26;185.73
Vorarlberg;2022-12-27;181.19
Vorarlberg;2022-12-28;176.13
Vorarlberg;2022-12-29;170.58
Vorarlberg;2022-12-30;164.66
Vorarlberg;2022-12-31;158.44
Vorarlberg;2023-01-01;151.97
Vorarlberg;2023-01-02;145.38
Vorarlberg;2023-01-03;138.83
Vorarlberg;2023-01-04;132.42
Vorarlberg;2023-01-05;126.32
Vorarlberg;2023-01-06;120.55
Vorarlberg;2023-01-07;115.24
Vorarlberg;2023-01-08;110.46
Vorarlberg;2023-01-09;106.22
Vorarlberg;2023-01-10;102.6
Vorarlberg;2023-01-11;99.43
Vorarlberg;2023-01-12;96.7
Vorarlberg;2023-01-13;94.36
Vorarlberg;2023-01-14;92.46
Vorarlberg;2023-01-15;91.1
Vorarlberg;2023-01-16;90.37
Vorarlberg;2023-01-17;90.34
Vorarlberg;2023-01-18;90.98
Vorarlberg;2023-01-19;92.22
Vorarlberg;2023-01-20;93.95
Vorarlberg;2023-01-21;96.14
Vorarlberg;2023-01-22;98.91
Vorarlberg;2023-01-23;102.31
Vorarlberg;2023-01-24;106.39
Vorarlberg;2023-01-25;111.18
Vorarlberg;2023-01-26;116.61
Vorarlberg;2023-01-27;122.68
Vorarlberg;2023-01-28;129.31
Vorarlberg;2023-01-29;136.57
Vorarlberg;2023-01-30;144.58
Vorarlberg;2023-01-31;153.35
Vorarlberg;2023-02-01;162.79
Vorarlberg;2023-02-02;172.74
Vorarlberg;2023-02-03;182.93
Vorarlberg;2023-02-04;193.1
Vorarlberg;2023-02-05;203.01
Vorarlberg;2023-02-06;212.43
Vorarlberg;2023-02-07;221.18
Vorarlberg;2023-02-08;229.15
Vorarlberg;2023-02-09;236.27
Vorarlberg;2023-02-10;242.67
Vorarlberg;2023-02-11;248.51
Vorarlberg;2023-02-12;253.91
Vorarlberg;2023-02-13;258.78
Vorarlberg;2023-02-14;262.99
Vorarlberg;2023-02-15;266.28
Vorarlberg;2023-02-16;268.56
Vorarlberg;2023-02-17;270.02
Vorarlberg;2023-02-18;270.95
Vorarlberg;2023-02-19;271.64
Vorarlberg;2023-02-20;272.49
Vorarlberg;2023-02-21;273.67
Vorarlberg;2023-02-22;275.19
Vorarlberg;2023-02-23;276.85
Vorarlberg;2023-02-24;278.22
Vorarlberg;2023-02-25;278.88
Vorarlberg;2023-02-26;278.56
Vorarlberg;2023-02-27;276.95
Vorarlberg;2023-02-28;274.11
Vorarlberg;2023-03-01;270.14
Vorarlberg;2023-03-02;265.3
Vorarlberg;2023-03-03;259.89
Vorarlberg;2023-03-04;254.26
Vorarlberg;2023-03-05;248.79
Vorarlberg;2023-03-06;243.79
Vorarlberg;2023-03-07;239.4
Vorarlberg;2023-03-08;235.56
Vorarlberg;2023-03-09;232.06
Vorarlberg;2023-03-10;228.66
Vorarlberg;2023-03-11;225.01
Vorarlberg;2023-03-12;220.85
Vorarlberg;2023-03-13;216.0
Vorarlberg;2023-03-14;210.31
Vorarlberg;2023-03-15;203.84
Vorarlberg;2023-03-16;196.89
Vorarlberg;2023-03-17;189.67
Vorarlberg;2023-03-18;182.39
Vorarlberg;2023-03-19;175.25
Vorarlberg;2023-03-20;168.18
Vorarlberg;2023-03-21;161.14
Vorarlberg;2023-03-22;154.01
Vorarlberg;2023-03-23;146.61
Vorarlberg;2023-03-24;139.01
Vorarlberg;2023-03-25;131.38
Vorarlberg;2023-03-26;123.97
Vorarlberg;2023-03-27;117.06
Vorarlberg;2023-03-28;110.78
Vorarlberg;2023-03-29;105.18
Vorarlberg;2023-03-30;100.2
Vorarlberg;2023-03-31;95.77
Vorarlberg;2023-04-01;91.81
Vorarlberg;2023-04-02;88.33
Vorarlberg;2023-04-03;85.3
Vorarlberg;2023-04-04;82.67
Vorarlberg;2023-04-05;80.29
Vorarlberg;2023-04-06;78.05
Vorarlberg;2023-04-07;75.9
Vorarlberg;2023-04-08;73.7
Vorarlberg;2023-04-09;71.42
Vorarlberg;2023-04-10;69.09
Vorarlberg;2023-04-11;66.55
Vorarlberg;2023-04-12;63.83
Vorarlberg;2023-04-13;60.86
Vorarlberg;2023-04-14;57.83
Vorarlberg;2023-04-15;54.83
Vorarlberg;2023-04-16;52.01
Vorarlberg;2023-04-17;49.47
Vorarlberg;2023-04-18;47.19
Vorarlberg;2023-04-19;45.21
Vorarlberg;2023-04-20;43.43
Vorarlberg;2023-04-21;41.78
Vorarlberg;2023-04-22;40.23
Vorarlberg;2023-04-23;38.74
Vorarlberg;2023-04-24;37.35
Vorarlberg;2023-04-25;35.96
Vorarlberg;2023-04-26;34.57
Vorarlberg;2023-04-27;33.16
Vorarlberg;2023-04-28;31.75
Vorarlberg;2023-04-29;30.31
Vorarlberg;2023-04-30;28.88
Vorarlberg;2023-05-01;27.57
Vorarlberg;2023-05-02;26.41
Vorarlberg;2023-05-03;25.36
Vorarlberg;2023-05-04;24.52
Vorarlberg;2023-05-05;23.81
Vorarlberg;2023-05-06;23.24
Vorarlberg;2023-05-07;22.85
Vorarlberg;2023-05-08;22.62
Vorarlberg;2023-05-09;22.58
Vorarlberg;2023-05-10;22.6
Vorarlberg;2023-05-11;22.77
Vorarlberg;2023-05-12;23.0
Vorarlberg;2023-05-13;23.36
Vorarlberg;2023-05-14;23.77
Vorarlberg;2023-05-15;24.25
Vorarlberg;2023-05-16;24.81
Vorarlberg;2023-05-17;25.33
Vorarlberg;2023-05-18;25.81
Vorarlberg;2023-05-19;26.16
Vorarlberg;2023-05-20;26.38
Vorarlberg;2023-05-21;26.37
Vorarlberg;2023-05-22;26.1
Vorarlberg;2023-05-23;25.54
Vorarlberg;2023-05-24;24.76
Vorarlberg;2023-05-25;23.84
Vorarlberg;2023-05-26;22.83
Vorarlberg;2023-05-27;21.78
Vorarlberg;2023-05-28;20.66
Vorarlberg;2023-05-29;19.56
Vorarlberg;2023-05-30;18.41
Vorarlberg;2023-05-31;17.3
Vorarlberg;2023-06-01;16.24
Vorarlberg;2023-06-02;15.18
Vorarlberg;2023-06-03;14.18
Vorarlberg;2023-06-04;13.25
Vorarlberg;2023-06-05;12.37
Vorarlberg;2023-06-06;11.56
Vorarlberg;2023-06-07;10.83
Vorarlberg;2023-06-08;10.14
Vorarlberg;2023-06-09;9.48
Vorarlberg;2023-06-10;8.89
Vorarlberg;2023-06-11;8.34
Vorarlberg;2023-06-12;7.89
Vorarlberg;2023-06-13;7.46
Vorarlberg;2023-06-14;7.12
Vorarlberg;2023-06-15;6.8
Vorarlberg;2023-06-16;6.49
Vorarlberg;2023-06-17;6.21
Vorarlberg;2023-06-18;5.93
Vorarlberg;2023-06-19;5.67
Vorarlberg;2023-06-20;5.4
Vorarlberg;2023-06-21;5.12
Vorarlberg;2023-06-22;4.83
Vorarlberg;2023-06-23;4.61
Vorarlberg;2023-06-24;4.43
Vorarlberg;2023-06-25;4.22
Vorarlberg;2023-06-26;4.11
Vorarlberg;2023-06-27;4.05
Vorarlberg;2023-06-28;4.05
Vorarlberg;2023-06-29;4.1
Vorarlberg;2023-06-30;4.22
Vorarlberg;2023-07-01;4.36
Vorarlberg;2023-07-02;4.59
Vorarlberg;2023-07-03;4.83
Vorarlberg;2023-07-04;5.13
Vorarlberg;2023-07-05;5.4
Vorarlberg;2023-07-06;5.77
Vorarlberg;2023-07-07;6.11
Vorarlberg;2023-07-08;6.47
Vorarlberg;2023-07-09;6.84
Vorarlberg;2023-07-10;7.21
Vorarlberg;2023-07-11;7.5
Vorarlberg;2023-07-12;7.76
Vorarlberg;2023-07-13;7.92
Vorarlberg;2023-07-14;8.1
Vorarlberg;2023-07-15;8.24
Vorarlberg;2023-07-16;8.44
Vorarlberg;2023-07-17;8.69
Vorarlberg;2023-07-18;9.07
Vorarlberg;2023-07-19;9.55
Vorarlberg;2023-07-20;10.17
Vorarlberg;2023-07-21;10.85
Vorarlberg;2023-07-22;11.71
Vorarlberg;2023-07-23;12.68
Vorarlberg;2023-07-24;13.78
Vorarlberg;2023-07-25;15.1
Vorarlberg;2023-07-26;16.52
Vorarlberg;2023-07-27;18.07
Vorarlberg;2023-07-28;19.77
Vorarlberg;2023-07-29;21.55
Vorarlberg;2023-07-30;23.46
Vorarlberg;2023-07-31;25.53
Vorarlberg;2023-08-01;27.72
Vorarlberg;2023-08-02;29.93
Vorarlberg;2023-08-03;32.25
Vorarlberg;2023-08-04;34.55
Vorarlberg;2023-08-05;36.84
Vorarlberg;2023-08-06;39.11
Vorarlberg;2023-08-07;41.39
Vorarlberg;2023-08-08;43.56
Vorarlberg;2023-08-09;45.55
Vorarlberg;2023-08-10;47.34
Vorarlberg;2023-08-11;48.8
Vorarlberg;2023-08-12;49.93
Vorarlberg;2023-08-13;50.69
Vorarlberg;2023-08-14;51.14
Vorarlberg;2023-08-15;51.11
Vorarlberg;2023-08-16;50.75
Vorarlberg;2023-08-17;50.01
Vorarlberg;2023-08-18;49.04
Vorarlberg;2023-08-19;47.96
Vorarlberg;2023-08-20;46.84
Vorarlberg;2023-08-21;45.75
Vorarlberg;2023-08-22;44.74
Vorarlberg;2023-08-23;43.87
Vorarlberg;2023-08-24;43.08
Vorarlberg;2023-08-25;42.5
Vorarlberg;2023-08-26;42.19
Vorarlberg;2023-08-27;42.28
Vorarlberg;2023-08-28;42.84
Vorarlberg;2023-08-29;44.0
Vorarlberg;2023-08-30;45.72
Vorarlberg;2023-08-31;47.92
Vorarlberg;2023-09-01;50.47
Vorarlberg;2023-09-02;53.26
Vorarlberg;2023-09-03;56.22
Vorarlberg;2023-09-04;59.31
Vorarlberg;2023-09-05;62.42
Vorarlberg;2023-09-06;65.53
Vorarlberg;2023-09-07;68.55
Vorarlberg;2023-09-08;71.41
Vorarlberg;2023-09-09;74.01
Vorarlberg;2023-09-10;76.17
Vorarlberg;2023-09-11;77.83
Vorarlberg;2023-09-12;78.9
Vorarlberg;2023-09-13;79.48
Vorarlberg;2023-09-14;79.69
Vorarlberg;2023-09-15;79.76
Vorarlberg;2023-09-16;79.88
Vorarlberg;2023-09-17;80.16
Vorarlberg;2023-09-18;80.83
Vorarlberg;2023-09-19;81.95
Vorarlberg;2023-09-20;83.51
Vorarlberg;2023-09-21;85.54
Vorarlberg;2023-09-22;87.96
Vorarlberg;2023-09-23;90.66
Vorarlberg;2023-09-24;93.54
Vorarlberg;2023-09-25;96.47
Vorarlberg;2023-09-26;99.21
Vorarlberg;2023-09-27;101.52
Vorarlberg;2023-09-28;103.32
Vorarlberg;2023-09-29;104.71
Vorarlberg;2023-09-30;105.94
Vorarlberg;2023-10-01;107.22
Vorarlberg;2023-10-02;108.84
Vorarlberg;2023-10-03;110.76
Vorarlberg;2023-10-04;113.0
Vorarlberg;2023-10-05;115.44
Vorarlberg;2023-10-06;118.02
Vorarlberg;2023-10-07;120.58
Vorarlberg;2023-10-08;123.2
Vorarlberg;2023-10-09;125.78
Vorarlberg;2023-10-10;128.36
Vorarlberg;2023-10-11;131.04
Vorarlberg;2023-10-12;133.86
Vorarlberg;2023-10-13;136.92
Vorarlberg;2023-10-14;140.25
Vorarlberg;2023-10-15;143.79
Vorarlberg;2023-10-16;147.62
Vorarlberg;2023-10-17;151.7
Vorarlberg;2023-10-18;156.01
Vorarlberg;2023-10-19;160.47
Vorarlberg;2023-10-20;165.11
Vorarlberg;2023-10-21;169.92
Vorarlberg;2023-10-22;175.03
Vorarlberg;2023-10-23;180.53
Vorarlberg;2023-10-24;186.5
Vorarlberg;2023-10-25;192.94
Vorarlberg;2023-10-26;199.77
Vorarlberg;2023-10-27;206.97
Vorarlberg;2023-10-28;214.7
Vorarlberg;2023-10-29;223.26
Vorarlberg;2023-10-30;232.85
Vorarlberg;2023-10-31;243.47
Vorarlberg;2023-11-01;255.08
Vorarlberg;2023-11-02;267.4
Vorarlberg;2023-11-03;280.17
Vorarlberg;2023-11-04;293.24
Vorarlberg;2023-11-05;306.34
Vorarlberg;2023-11-06;319.37
Vorarlberg;2023-11-07;332.27
Vorarlberg;2023-11-08;345.06
Vorarlberg;2023-11-09;357.63
Vorarlberg;2023-11-10;370.15
Vorarlberg;2023-11-11;382.57
Vorarlberg;2023-11-12;394.85
Vorarlberg;2023-11-13;407.03
Vorarlberg;2023-11-14;419.13
Vorarlberg;2023-11-15;431.22
Vorarlberg;2023-11-16;443.44
Vorarlberg;2023-11-17;455.73
Vorarlberg;2023-11-18;467.9
Vorarlberg;2023-11-19;479.82
Vorarlberg;2023-11-20;491.21
Vorarlberg;2023-11-21;501.96
Vorarlberg;2023-11-22;511.92
Vorarlberg;2023-11-23;521.11
Vorarlberg;2023-11-24;529.55
Vorarlberg;2023-11-25;537.43
Vorarlberg;2023-11-26;544.64
Vorarlberg;2023-11-27;551.09
Vorarlberg;2023-11-28;556.6
Vorarlberg;2023-11-29;561.09
Vorarlberg;2023-11-30;564.89
Vorarlberg;2023-12-01;568.57
Vorarlberg;2023-12-02;572.7
Vorarlberg;2023-12-03;577.87
Vorarlberg;2023-12-04;584.43
Vorarlberg;2023-12-05;592.35
Vorarlberg;2023-12-06;601.37
Vorarlberg;2023-12-07;611.11
Vorarlberg;2023-12-08;621.1
Vorarlberg;2023-12-09;631.14
Vorarlberg;2023-12-10;641.19
Vorarlberg;2023-12-11;651.37
Vorarlberg;2023-12-12;661.9
Vorarlberg;2023-12-13;672.82
Vorarlberg;2023-12-14;683.42
Vorarlberg;2023-12-15;692.46
Vorarlberg;2023-12-16;698.34
Vorarlberg;2023-12-17;699.47
Vorarlberg;2023-12-18;694.89
Vorarlberg;2023-12-19;684.61
Vorarlberg;2023-12-20;669.02
Vorarlberg;2023-12-21;648.58
Vorarlberg;2023-12-22;624.22
Vorarlberg;2023-12-23;597.0
Vorarlberg;2023-12-24;568.05
Vorarlberg;2023-12-25;538.25
Vorarlberg;2023-12-26;508.39
Vorarlberg;2023-12-27;478.97
Vorarlberg;2023-12-28;450.28
Vorarlberg;2023-12-29;422.49
Vorarlberg;2023-12-30;395.63
Vorarlberg;2023-12-31;370.0
Vorarlberg;2024-01-01;345.97
Vorarlberg;2024-01-02;323.84
Vorarlberg;2024-01-03;303.77
Vorarlberg;2024-01-04;285.58
Vorarlberg;2024-01-05;268.99
Vorarlberg;2024-01-06;253.76
Vorarlberg;2024-01-07;239.72
Vorarlberg;2024-01-08;226.74
Vorarlberg;2024-01-09;214.65
Vorarlberg;2024-01-10;203.18
Vorarlberg;2024-01-11;192.2
Vorarlberg;2024-01-12;181.66
Vorarlberg;2024-01-13;171.64
Vorarlberg;2024-01-14;162.25
Vorarlberg;2024-01-15;153.5
Vorarlberg;2024-01-16;145.47
Vorarlberg;2024-01-17;138.06
Vorarlberg;2024-01-18;131.31
Vorarlberg;2024-01-19;125.0
Vorarlberg;2024-01-20;118.99
Vorarlberg;2024-01-21;113.27
Vorarlberg;2024-01-22;107.69
Vorarlberg;2024-01-23;102.33
Vorarlberg;2024-01-24;97.17
Vorarlberg;2024-01-25;92.17
Vorarlberg;2024-01-26;87.42
Vorarlberg;2024-01-27;83.06
Vorarlberg;2024-01-28;79.08
Vorarlberg;2024-01-29;75.65
Vorarlberg;2024-01-30;72.83
Vorarlberg;2024-01-31;70.59
Vorarlberg;2024-02-01;68.76
Vorarlberg;2024-02-02;67.23
Vorarlberg;2024-02-03;65.77
Vorarlberg;2024-02-04;64.15
Vorarlberg;2024-02-05;62.35
Vorarlberg;2024-02-06;60.29
Vorarlberg;2024-02-07;58.02
Vorarlberg;2024-02-08;55.59
Vorarlberg;2024-02-09;53.02
Vorarlberg;2024-02-10;50.44
Vorarlberg;2024-02-11;47.92
Vorarlberg;2024-02-12;45.5
Vorarlberg;2024-02-13;43.29
Vorarlberg;2024-02-14;41.21
Vorarlberg;2024-02-15;39.28
Vorarlberg;2024-02-16;37.46
Vorarlberg;2024-02-17;35.76
Vorarlberg;2024-02-18;34.05
Vorarlberg;2024-02-19;32.42
Vorarlberg;2024-02-20;30.85
Vorarlberg;2024-02-21;29.27
Vorarlberg;2024-02-22;27.74
Vorarlberg;2024-02-23;26.31
Vorarlberg;2024-02-24;24.87
Vorarlberg;2024-02-25;23.48
Vorarlberg;2024-02-26;22.09
Vorarlberg;2024-02-27;20.78
Vorarlberg;2024-02-28;19.47
Vorarlberg;2024-02-29;18.2
Vorarlberg;2024-03-01;16.99
Vorarlberg;2024-03-02;15.8
Vorarlberg;2024-03-03;14.74
Vorarlberg;2024-03-04;13.74
Vorarlberg;2024-03-05;12.93
Vorarlberg;2024-03-06;12.25
Vorarlberg;2024-03-07;11.7
Vorarlberg;2024-03-08;11.31
Vorarlberg;2024-03-09;10.98
Vorarlberg;2024-03-10;10.76
Vorarlberg;2024-03-11;10.64
Vorarlberg;2024-03-12;10.64
Vorarlberg;2024-03-13;10.65
Vorarlberg;2024-03-14;10.73
Vorarlberg;2024-03-15;10.77
Vorarlberg;2024-03-16;10.7
Vorarlberg;2024-03-17;10.56
Vorarlberg;2024-03-18;10.25
Vorarlberg;2024-03-19;9.86
Vorarlberg;2024-03-20;9.32
Vorarlberg;2024-03-21;8.78
Vorarlberg;2024-03-22;8.25
Vorarlberg;2024-03-23;7.73
Vorarlberg;2024-03-24;7.25
Vorarlberg;2024-03-25;6.87
Vorarlberg;2024-03-26;6.58
Vorarlberg;2024-03-27;6.36
Vorarlberg;2024-03-28;6.25
Vorarlberg;2024-03-29;6.2
Vorarlberg;2024-03-30;6.22
Vorarlberg;2024-03-31;6.25
Vorarlberg;2024-04-01;6.33
Vorarlberg;2024-04-02;6.42
Vorarlberg;2024-04-03;6.58
Vorarlberg;2024-04-04;6.81
Vorarlberg;2024-04-05;7.04
Vorarlberg;2024-04-06;7.32
Vorarlberg;2024-04-07;7.53
Vorarlberg;2024-04-08;7.83
Vorarlberg;2024-04-09;8.07
Vorarlberg;2024-04-10;8.27
Vorarlberg;2024-04-11;8.54
Vorarlberg;2024-04-12;8.76
Vorarlberg;2024-04-13;8.99
Vorarlberg;2024-04-14;9.22
Vorarlberg;2024-04-15;9.45
Vorarlberg;2024-04-16;9.7
Vorarlberg;2024-04-17;9.94
Vorarlberg;2024-04-18;10.23
Vorarlberg;2024-04-19;10.5
Vorarlberg;2024-04-20;10.8
Vorarlberg;2024-04-21;11.13
Vorarlberg;2024-04-22;11.52
Vorarlberg;2024-04-23;11.96
Vorarlberg;2024-04-24;12.5
Vorarlberg;2024-04-25;13.1
Vorarlberg;2024-04-26;13.8
Vorarlberg;2024-04-27;14.49
Vorarlberg;2024-04-28;15.2
Vorarlberg;2024-04-29;15.99
Vorarlberg;2024-04-30;16.77
Vorarlberg;2024-05-01;17.52
Vorarlberg;2024-05-02;18.23
Vorarlberg;2024-05-03;18.84
Vorarlberg;2024-05-04;19.3
Vorarlberg;2024-05-05;19.53
Vorarlberg;2024-05-06;19.61
Vorarlberg;2024-05-07;19.45
Vorarlberg;2024-05-08;19.26
Vorarlberg;2024-05-09;18.95
Vorarlberg;2024-05-10;18.64
Vorarlberg;2024-05-11;18.34
Vorarlberg;2024-05-12;18.07
Vorarlberg;2024-05-13;17.83
Vorarlberg;2024-05-14;17.62
Vorarlberg;2024-05-15;17.44
Vorarlberg;2024-05-16;17.26
Vorarlberg;2024-05-17;17.1
Vorarlberg;2024-05-18;16.95
Vorarlberg;2024-05-19;16.91
Vorarlberg;2024-05-20;16.89
Vorarlberg;2024-05-21;16.94
Vorarlberg;2024-05-22;17.11
Vorarlberg;2024-05-23;17.33
Vorarlberg;2024-05-24;17.57
Vorarlberg;2024-05-25;17.86
Vorarlberg;2024-05-26;18.09
Vorarlberg;2024-05-27;18.3
Vorarlberg;2024-05-28;18.54
Vorarlberg;2024-05-29;18.83
Vorarlberg;2024-05-30;19.2
Vorarlberg;2024-05-31;19.66
Vorarlberg;2024-06-01;20.23
Vorarlberg;2024-06-02;20.88
Vorarlberg;2024-06-03;21.65
Vorarlberg;2024-06-04;22.58
Vorarlberg;2024-06-05;23.56
Vorarlberg;2024-06-06;24.68
Vorarlberg;2024-06-07;25.92
Vorarlberg;2024-06-08;27.24
Vorarlberg;2024-06-09;28.75
Vorarlberg;2024-06-10;30.41
Vorarlberg;2024-06-11;32.29
Vorarlberg;2024-06-12;34.37
Vorarlberg;2024-06-13;36.63
Vorarlberg;2024-06-14;39.01
Vorarlberg;2024-06-15;41.58
Vorarlberg;2024-06-16;44.23
Vorarlberg;2024-06-17;47.05
Vorarlberg;2024-06-18;49.95
Vorarlberg;2024-06-19;52.97
Vorarlberg;2024-06-20;56.02
Vorarlberg;2024-06-21;59.03
Vorarlberg;2024-06-22;62.02
Vorarlberg;2024-06-23;64.84
Vorarlberg;2024-06-24;67.54
Vorarlberg;2024-06-25;70.05
Vorarlberg;2024-06-26;72.39
Vorarlberg;2024-06-27;74.52
Vorarlberg;2024-06-28;76.46
Vorarlberg;2024-06-29;78.22
Vorarlberg;2024-06-30;79.78
Vorarlberg;2024-07-01;81.18
Vorarlberg;2024-07-02;82.44
Vorarlberg;2024-07-03;83.7
Vorarlberg;2024-07-04;84.98
Vorarlberg;2024-07-05;86.37
Vorarlberg;2024-07-06;87.77
Vorarlberg;2024-07-07;89.18
Vorarlberg;2024-07-08;90.64
Vorarlberg;2024-07-09;92.09
Vorarlberg;2024-07-10;93.56
Vorarlberg;2024-07-11;94.97
Vorarlberg;2024-07-12;96.36
Vorarlberg;2024-07-13;97.67
Vorarlberg;2024-07-14;98.83
Vorarlberg;2024-07-15;99.87
Vorarlberg;2024-07-16;100.72
Vorarlberg;2024-07-17;101.31
Vorarlberg;2024-07-18;101.62
Vorarlberg;2024-07-19;101.6
Vorarlberg;2024-07-20;101.21
Vorarlberg;2024-07-21;100.44
Vorarlberg;2024-07-22;99.28
Vorarlberg;2024-07-23;97.96
Vorarlberg;2024-07-24;96.7
Vorarlberg;2024-07-25;95.61
Vorarlberg;2024-07-26;94.74
Vorarlberg;2024-07-27;94.17
Vorarlberg;2024-07-28;93.94
Vorarlberg;2024-07-29;94.17
Vorarlberg;2024-07-30;94.98
Vorarlberg;2024-07-31;96.43
Vorarlberg;2024-08-01;98.5
Vorarlberg;2024-08-02;101.0
Vorarlberg;2024-08-03;103.83
Vorarlberg;2024-08-04;106.87
Vorarlberg;2024-08-05;110.04
Vorarlberg;2024-08-06;113.19
Vorarlberg;2024-08-07;116.26
Vorarlberg;2024-08-08;119.15
Vorarlberg;2024-08-09;121.75
Vorarlberg;2024-08-10;124.04
Vorarlberg;2024-08-11;125.95
Vorarlberg;2024-08-12;127.5
Vorarlberg;2024-08-13;128.78
Vorarlberg;2024-08-14;129.86
Vorarlberg;2024-08-15;130.86
Vorarlberg;2024-08-16;131.68
Vorarlberg;2024-08-17;132.3
Vorarlberg;2024-08-18;132.69
Vorarlberg;2024-08-19;132.81
Vorarlberg;2024-08-20;132.69
Vorarlberg;2024-08-21;132.39
Vorarlberg;2024-08-22;132.05
Vorarlberg;2024-08-23;131.56
Vorarlberg;2024-08-24;131.0
Vorarlberg;2024-08-25;130.24
Vorarlberg;2024-08-26;129.41
Vorarlberg;2024-08-27;128.43
Vorarlberg;2024-08-28;127.43
Vorarlberg;2024-08-29;126.6
Vorarlberg;2024-08-30;126.15
Vorarlberg;2024-08-31;126.16
Vorarlberg;2024-09-01;126.78
Vorarlberg;2024-09-02;128.15
Vorarlberg;2024-09-03;130.49
Vorarlberg;2024-09-04;133.79
Vorarlberg;2024-09-05;138.12
Vorarlberg;2024-09-06;143.37
Vorarlberg;2024-09-07;149.55
Vorarlberg;2024-09-08;156.8
Vorarlberg;2024-09-09;165.05
Vorarlberg;2024-09-10;174.44
Vorarlberg;2024-09-11;184.93
Vorarlberg;2024-09-12;196.34
Vorarlberg;2024-09-13;208.42
Vorarlberg;2024-09-14;220.98
Vorarlberg;2024-09-15;233.65
Vorarlberg;2024-09-16;246.21
Vorarlberg;2024-09-17;258.33
Vorarlberg;2024-09-18;269.97
Vorarlberg;2024-09-19;281.08
Vorarlberg;2024-09-20;291.65
Vorarlberg;2024-09-21;301.6
Vorarlberg;2024-09-22;310.88
Vorarlberg;2024-09-23;319.29
Vorarlberg;2024-09-24;326.73
Vorarlberg;2024-09-25;333.17
Vorarlberg;2024-09-26;338.74
Vorarlberg;2024-09-27;343.43
Vorarlberg;2024-09-28;347.17
Vorarlberg;2024-09-29;349.68
Vorarlberg;2024-09-30;350.62
Vorarlberg;2024-10-01;349.89
Vorarlberg;2024-10-02;347.36
Vorarlberg;2024-10-03;343.33
Vorarlberg;2024-10-04;338.16
Vorarlberg;2024-10-05;332.17
Vorarlberg;2024-10-06;325.66
Vorarlberg;2024-10-07;318.89
Vorarlberg;2024-10-08;312.0
Vorarlberg;2024-10-09;305.04
Vorarlberg;2024-10-10;298.0
Vorarlberg;2024-10-11;290.96
Vorarlberg;2024-10-12;284.04
Vorarlberg;2024-10-13;277.3
Vorarlberg;2024-10-14;270.8
Vorarlberg;2024-10-15;264.5
Vorarlberg;2024-10-16;258.36
Vorarlberg;2024-10-17;252.28
Vorarlberg;2024-10-18;246.15
Vorarlberg;2024-10-19;239.83
Vorarlberg;2024-10-20;233.18
Vorarlberg;2024-10-21;226.23
Vorarlberg;2024-10-22;219.09
Vorarlberg;2024-10-23;211.83
Vorarlberg;2024-10-24;204.55
Vorarlberg;2024-10-25;197.31
Vorarlberg;2024-10-26;190.11
Vorarlberg;2024-10-27;182.98
Vorarlberg;2024-10-28;176.09
Vorarlberg;2024-10-29;169.44
Vorarlberg;2024-10-30;163.24
Vorarlberg;2024-10-31;157.42
Vorarlberg;2024-11-01;151.94
Vorarlberg;2024-11-02;146.67
Vorarlberg;2024-11-03;141.49
Vorarlberg;2024-11-04;136.33
Vorarlberg;2024-11-05;131.07
Vorarlberg;2024-11-06;125.7
Vorarlberg;2024-11-07;120.32
Vorarlberg;2024-11-08;115.18
Vorarlberg;2024-11-09;110.4
Vorarlberg;2024-11-10;106.3
Vorarlberg;2024-11-11;102.93
Vorarlberg;2024-11-12;100.44
Vorarlberg;2024-11-13;98.76
Vorarlberg;2024-11-14;97.78
Vorarlberg;2024-11-15;97.38
Vorarlberg;2024-11-16;97.48
Vorarlberg;2024-11-17;98.11
Vorarlberg;2024-11-18;99.16
Vorarlberg;2024-11-19;100.62
Vorarlberg;2024-11-20;102.45
Vorarlberg;2024-11-21;104.54
Vorarlberg;2024-11-22;106.93
Vorarlberg;2024-11-23;109.65
Vorarlberg;2024-11-24;112.86
Vorarlberg;2024-11-25;116.47
Vorarlberg;2024-11-26;120.72
Vorarlberg;2024-11-27;125.42
Vorarlberg;2024-11-28;130.47
Vorarlberg;2024-11-29;135.76
Vorarlberg;2024-11-30;141.13
Vorarlberg;2024-12-01;146.4
Vorarlberg;2024-12-02;151.52
Vorarlberg;2024-12-03;156.26
Vorarlberg;2024-12-04;160.53
Vorarlberg;2024-12-05;164.12
Vorarlberg;2024-12-06;166.88
Vorarlberg;2024-12-07;168.67
Vorarlberg;2024-12-08;169.34
Vorarlberg;2024-12-09;168.73
Vorarlberg;2024-12-10;166.8
Vorarlberg;2024-12-11;163.66
Vorarlberg;2024-12-12;159.53
Vorarlberg;2024-12-13;154.87
Vorarlberg;2024-12-14;149.89
Vorarlberg;2024-12-15;144.95
Vorarlberg;2024-12-16;140.28
Vorarlberg;2024-12-17;136.28
Vorarlberg;2024-12-18;132.96
Vorarlberg;2024-12-19;130.33
Vorarlberg;2024-12-20;128.34
Vorarlberg;2024-12-21;126.92
Vorarlberg;2024-12-22;126.01
Vorarlberg;2024-12-23;125.6
Vorarlberg;2024-12-24;125.42
Vorarlberg;2024-12-25;125.44
Vorarlberg;2024-12-26;125.3
Vorarlberg;2024-12-27;124.97
Vorarlberg;2024-12-28;124.18
Vorarlberg;2024-12-29;122.89
Vorarlberg;2024-12-30;121.0
Vorarlberg;2024-12-31;118.49
Vorarlberg;2025-01-01;115.4
Vorarlberg;2025-01-02;111.68
Vorarlberg;2025-01-03;107.43
Vorarlberg;2025-01-04;102.86
Vorarlberg;2025-01-05;98.1
Vorarlberg;2025-01-06;93.31
Vorarlberg;2025-01-07;88.61
Vorarlberg;2025-01-08;84.09
Vorarlberg;2025-01-09;79.84
Vorarlberg;2025-01-10;75.81
Vorarlberg;2025-01-11;72.04
Vorarlberg;2025-01-12;68.55
Vorarlberg;2025-01-13;65.32
Vorarlberg;2025-01-14;62.45
Vorarlberg;2025-01-15;59.87
Vorarlberg;2025-01-16;57.58
Vorarlberg;2025-01-17;55.52
Vorarlberg;2025-01-18;53.66
Vorarlberg;2025-01-19;51.98
Vorarlberg;2025-01-20;50.49
Vorarlberg;2025-01-21;49.2
Vorarlberg;2025-01-22;48.15
Vorarlberg;2025-01-23;47.23
Vorarlberg;2025-01-24;46.44
Vorarlberg;2025-01-25;45.73
Vorarlberg;2025-01-26;45.0
Vorarlberg;2025-01-27;44.24
Vorarlberg;2025-01-28;43.38
Vorarlberg;2025-01-29;42.4
Vorarlberg;2025-01-30;41.31
Vorarlberg;2025-01-31;40.22
Vorarlberg;2025-02-01;39.17
Vorarlberg;2025-02-02;38.19
Vorarlberg;2025-02-03;37.34
Vorarlberg;2025-02-04;36.56
Vorarlberg;2025-02-05;35.81
Vorarlberg;2025-02-06;35.03
Vorarlberg;2025-02-07;34.2
Vorarlberg;2025-02-08;33.3
Vorarlberg;2025-02-09;32.41
Vorarlberg;2025-02-10;31.52
Vorarlberg;2025-02-11;30.74
Vorarlberg;2025-02-12;30.04
Vorarlberg;2025-02-13;29.44
Vorarlberg;2025-02-14;28.87
Vorarlberg;2025-02-15;28.38
Vorarlberg;2025-02-16;27.84
Vorarlberg;2025-02-17;27.29
Vorarlberg;2025-02-18;26.77
Vorarlberg;2025-02-19;26.26
Vorarlberg;2025-02-20;25.79
Vorarlberg;2025-02-21;25.34
Vorarlberg;2025-02-22;24.82
Vorarlberg;2025-02-23;24.2
Vorarlberg;2025-02-24;23.46
Vorarlberg;2025-02-25;22.64
Vorarlberg;2025-02-26;21.84
Vorarlberg;2025-02-27;21.04
Vorarlberg;2025-02-28;20.28
Vorarlberg;2025-03-01;19.61
Vorarlberg;2025-03-02;18.98
Vorarlberg;2025-03-03;18.44
Vorarlberg;2025-03-04;18.01
Vorarlberg;2025-03-05;17.72
Vorarlberg;2025-03-06;17.49
Vorarlberg;2025-03-07;17.39
Vorarlberg;2025-03-08;17.23
Vorarlberg;2025-03-09;17.08
Vorarlberg;2025-03-10;16.93
Vorarlberg;2025-03-11;16.68
Vorarlberg;2025-03-12;16.4
Vorarlberg;2025-03-13;16.07
Vorarlberg;2025-03-14;15.74
Vorarlberg;2025-03-15;15.34
Vorarlberg;2025-03-16;14.95
Vorarlberg;2025-03-17;14.57
Vorarlberg;2025-03-18;14.29
Tirol;2022-09-01;78.67
Tirol;2022-09-02;78.4
Tirol;2022-09-03;78.44
Tirol;2022-09-04;79.0
Tirol;2022-09-05;80.11
Tirol;2022-09-06;81.79
Tirol;2022-09-07;84.11
Tirol;2022-09-08;86.92
Tirol;2022-09-09;90.02
Tirol;2022-09-10;93.39
Tirol;2022-09-11;96.78
Tirol;2022-09-12;100.24
Tirol;2022-09-13;103.89
Tirol;2022-09-14;107.68
Tirol;2022-09-15;111.76
Tirol;2022-09-16;116.17
Tirol;2022-09-17;121.1
Tirol;2022-09-18;126.59
Tirol;2022-09-19;132.79
Tirol;2022-09-20;139.71
Tirol;2022-09-21;147.24
Tirol;2022-09-22;155.23
Tirol;2022-09-23;163.39
Tirol;2022-09-24;171.52
Tirol;2022-09-25;179.4
Tirol;2022-09-26;186.89
Tirol;2022-09-27;193.92
Tirol;2022-09-28;200.48
Tirol;2022-09-29;206.62
Tirol;2022-09-30;212.07
Tirol;2022-10-01;216.69
Tirol;2022-10-02;220.19
Tirol;2022-10-03;222.39
Tirol;2022-10-04;223.41
Tirol;2022-10-05;223.39
Tirol;2022-10-06;222.6
Tirol;2022-10-07;221.09
Tirol;2022-10-08;219.09
Tirol;2022-10-09;216.55
Tirol;2022-10-10;213.46
Tirol;2022-10-11;209.84
Tirol;2022-10-12;205.66
Tirol;2022-10-13;200.88
Tirol;2022-10-14;195.44
Tirol;2022-10-15;189.29
Tirol;2022-10-16;182.14
Tirol;2022-10-17;174.0
Tirol;2022-10-18;165.04
Tirol;2022-10-19;155.65
Tirol;2022-10-20;146.02
Tirol;2022-10-21;136.51
Tirol;2022-10-22;127.22
Tirol;2022-10-23;118.57
Tirol;2022-10-24;110.63
Tirol;2022-10-25;103.42
Tirol;2022-10-26;96.96
Tirol;2022-10-27;91.22
Tirol;2022-10-28;85.98
Tirol;2022-10-29;81.36
Tirol;2022-10-30;77.34
Tirol;2022-10-31;74.0
Tirol;2022-11-01;71.31
Tirol;2022-11-02;69.19
Tirol;2022-11-03;67.72
Tirol;2022-11-04;66.68
Tirol;2022-11-05;66.15
Tirol;2022-11-06;66.09
Tirol;2022-11-07;66.52
Tirol;2022-11-08;67.5
Tirol;2022-11-09;68.93
Tirol;2022-11-10;70.67
Tirol;2022-11-11;72.78
Tirol;2022-11-12;75.12
Tirol;2022-11-13;77.64
Tirol;2022-11-14;80.4
Tirol;2022-11-15;83.29
Tirol;2022-11-16;86.29
Tirol;2022-11-17;89.3
Tirol;2022-11-18;92.42
Tirol;2022-11-19;95.47
Tirol;2022-11-20;98.68
Tirol;2022-11-21;101.93
Tirol;2022-11-22;105.29
Tirol;2022-11-23;108.8
Tirol;2022-11-24;112.48
Tirol;2022-11-25;116.18
Tirol;2022-11-26;119.85
Tirol;2022-11-27;123.45
Tirol;2022-11-28;126.97
Tirol;2022-11-29;130.59
Tirol;2022-11-30;134.33
Tirol;2022-12-01;138.13
Tirol;2022-12-02;141.76
Tirol;2022-12-03;144.98
Tirol;2022-12-04;149.1
Tirol;2022-12-05;150.11
Tirol;2022-12-06;151.01
Tirol;2022-12-07;151.4
Tirol;2022-12-08;151.35
Tirol;2022-12-09;151.08
Tirol;2022-12-10;150.74
Tirol;2022-12-11;150.59
Tirol;2022-12-12;150.65
Tirol;2022-12-13;150.9
Tirol;2022-12-14;151.19
Tirol;2022-12-15;151.53
Tirol;2022-12-16;151.83
Tirol;2022-12-17;152.08
Tirol;2022-12-18;152.18
Tirol;2022-12-19;152.26
Tirol;2022-12-20;152.18
Tirol;2022-12-21;152.15
Tirol;2022-12-22;152.07
Tirol;2022-12-23;151.96
Tirol;2022-12-24;151.7
Tirol;2022-12-25;151.2
Tirol;2022-12-26;150.44
Tirol;2022-12-27;149.15
Tirol;2022-12-28;147.4
Tirol;2022-12-29;145.16
Tirol;2022-12-30;142.44
Tirol;2022-12-31;139.31
Tirol;2023-01-01;135.72
Tirol;2023-01-02;131.81
Tirol;2023-01-03;127.67
Tirol;2023-01-04;123.5
Tirol;2023-01-05;119.44
Tirol;2023-01-06;115.59
Tirol;2023-01-07;112.16
Tirol;2023-01-08;109.15
Tirol;2023-01-09;106.77
Tirol;2023-01-10;104.97
Tirol;2023-01-11;103.81
Tirol;2023-01-12;103.22
Tirol;2023-01-13;103.05
Tirol;2023-01-14;103.26
Tirol;2023-01-15;103.86
Tirol;2023-01-16;104.94
Tirol;2023-01-17;106.55
Tirol;2023-01-18;108.74
Tirol;2023-01-19;111.48
Tirol;2023-01-20;114.79
Tirol;2023-01-21;118.77
Tirol;2023-01-22;123.41
Tirol;2023-01-23;128.81
Tirol;2023-01-24;135.07
Tirol;2023-01-25;141.96
Tirol;2023-01-26;149.37
Tirol;2023-01-27;157.13
Tirol;2023-01-28;164.97
Tirol;2023-01-29;172.67
Tirol;2023-01-30;180.29
Tirol;2023-01-31;187.76
Tirol;2023-02-01;195.13
Tirol;2023-02-02;202.47
Tirol;2023-02-03;209.78
Tirol;2023-02-04;217.17
Tirol;2023-02-05;224.56
Tirol;2023-02-06;232.01
Tirol;2023-02-07;239.55
Tirol;2023-02-08;247.19
Tirol;2023-02-09;254.86
Tirol;2023-02-10;262.37
Tirol;2023-02-11;269.56
Tirol;2023-02-12;276.18
Tirol;2023-02-13;281.93
Tirol;2023-02-14;286.52
Tirol;2023-02-15;289.7
Tirol;2023-02-16;291.47
Tirol;2023-02-17;291.95
Tirol;2023-02-18;291.67
Tirol;2023-02-19;290.98
Tirol;2023-02-20;290.14
Tirol;2023-02-21;289.35
Tirol;2023-02-22;288.67
Tirol;2023-02-23;288.02
Tirol;2023-02-24;287.19
Tirol;2023-02-25;285.92
Tirol;2023-02-26;284.05
Tirol;2023-02-27;281.36
Tirol;2023-02-28;277.93
Tirol;2023-03-01;273.88
Tirol;2023-03-02;269.32
Tirol;2023-03-03;264.24
Tirol;2023-03-04;258.61
Tirol;2023-03-05;252.31
Tirol;2023-03-06;245.32
Tirol;2023-03-07;237.77
Tirol;2023-03-08;229.76
Tirol;2023-03-09;221.46
Tirol;2023-03-10;212.99
Tirol;2023-03-11;204.44
Tirol;2023-03-12;195.9
Tirol;2023-03-13;187.64
Tirol;2023-03-14;179.72
Tirol;2023-03-15;172.37
Tirol;2023-03-16;165.51
Tirol;2023-03-17;159.09
Tirol;2023-03-18;152.98
Tirol;2023-03-19;147.13
Tirol;2023-03-20;141.61
Tirol;2023-03-21;136.53
Tirol;2023-03-22;132.02
Tirol;2023-03-23;127.9
Tirol;2023-03-24;124.04
Tirol;2023-03-25;120.2
Tirol;2023-03-26;116.21
Tirol;2023-03-27;112.05
Tirol;2023-03-28;107.89
Tirol;2023-03-29;103.79
Tirol;2023-03-30;99.83
Tirol;2023-03-31;96.08
Tirol;2023-04-01;92.53
Tirol;2023-04-02;89.29
Tirol;2023-04-03;86.27
Tirol;2023-04-04;83.51
Tirol;2023-04-05;80.86
Tirol;2023-04-06;78.3
Tirol;2023-04-07;75.79
Tirol;2023-04-08;73.32
Tirol;2023-04-09;70.96
Tirol;2023-04-10;68.75
Tirol;2023-04-11;66.7
Tirol;2023-04-12;64.85
Tirol;2023-04-13;63.14
Tirol;2023-04-14;61.59
Tirol;2023-04-15;60.21
Tirol;2023-04-16;58.9
Tirol;2023-04-17;57.65
Tirol;2023-04-18;56.52
Tirol;2023-04-19;55.33
Tirol;2023-04-20;54.22
Tirol;2023-04-21;53.11
Tirol;2023-04-22;52.02
Tirol;2023-04-23;50.83
Tirol;2023-04-24;49.65
Tirol;2023-04-25;48.34
Tirol;2023-04-26;46.93
Tirol;2023-04-27;45.43
Tirol;2023-04-28;43.76
Tirol;2023-04-29;41.98
Tirol;2023-04-30;40.14
Tirol;2023-05-01;38.28
Tirol;2023-05-02;36.37
Tirol;2023-05-03;34.48
Tirol;2023-05-04;32.72
Tirol;2023-05-05;31.04
Tirol;2023-05-06;29.53
Tirol;2023-05-07;28.21
Tirol;2023-05-08;27.19
Tirol;2023-05-09;26.47
Tirol;2023-05-10;26.15
Tirol;2023-05-11;26.19
Tirol;2023-05-12;26.49
Tirol;2023-05-13;26.97
Tirol;2023-05-14;27.62
Tirol;2023-05-15;28.28
Tirol;2023-05-16;28.94
Tirol;2023-05-17;29.45
Tirol;2023-05-18;29.93
Tirol;2023-05-19;30.2
Tirol;2023-05-20;30.36
Tirol;2023-05-21;30.29
Tirol;2023-05-22;29.98
Tirol;2023-05-23;29.41
Tirol;2023-05-24;28.58
Tirol;2023-05-25;27.56
Tirol;2023-05-26;26.37
Tirol;2023-05-27;25.09
Tirol;2023-05-28;23.79
Tirol;2023-05-29;22.52
Tirol;2023-05-30;21.27
Tirol;2023-05-31;20.11
Tirol;2023-06-01;19.04
Tirol;2023-06-02;18.06
Tirol;2023-06-03;17.19
Tirol;2023-06-04;16.4
Tirol;2023-06-05;15.75
Tirol;2023-06-06;15.16
Tirol;2023-06-07;14.7
Tirol;2023-06-08;14.32
Tirol;2023-06-09;14.02
Tirol;2023-06-10;13.73
Tirol;2023-06-11;13.52
Tirol;2023-06-12;13.29
Tirol;2023-06-13;13.19
Tirol;2023-06-14;13.08
Tirol;2023-06-15;13.04
Tirol;2023-06-16;13.0
Tirol;2023-06-17;12.86
Tirol;2023-06-18;12.75
Tirol;2023-06-19;12.51
Tirol;2023-06-20;12.26
Tirol;2023-06-21;11.96
Tirol;2023-06-22;11.67
Tirol;2023-06-23;11.35
Tirol;2023-06-24;11.12
Tirol;2023-06-25;10.89
Tirol;2023-06-26;10.7
Tirol;2023-06-27;10.62
Tirol;2023-06-28;10.58
Tirol;2023-06-29;10.61
Tirol;2023-06-30;10.66
Tirol;2023-07-01;10.7
Tirol;2023-07-02;10.74
Tirol;2023-07-03;10.76
Tirol;2023-07-04;10.79
Tirol;2023-07-05;10.77
Tirol;2023-07-06;10.79
Tirol;2023-07-07;10.77
Tirol;2023-07-08;10.77
Tirol;2023-07-09;10.77
Tirol;2023-07-10;10.86
Tirol;2023-07-11;10.98
Tirol;2023-07-12;11.22
Tirol;2023-07-13;11.56
Tirol;2023-07-14;11.99
Tirol;2023-07-15;12.5
Tirol;2023-07-16;13.04
Tirol;2023-07-17;13.61
Tirol;2023-07-18;14.2
Tirol;2023-07-19;14.89
Tirol;2023-07-20;15.53
Tirol;2023-07-21;16.31
Tirol;2023-07-22;17.12
Tirol;2023-07-23;17.96
Tirol;2023-07-24;18.95
Tirol;2023-07-25;20.0
Tirol;2023-07-26;21.19
Tirol;2023-07-27;22.44
Tirol;2023-07-28;23.67
Tirol;2023-07-29;24.92
Tirol;2023-07-30;26.03
Tirol;2023-07-31;26.96
Tirol;2023-08-01;27.81
Tirol;2023-08-02;28.6
Tirol;2023-08-03;29.36
Tirol;2023-08-04;30.19
Tirol;2023-08-05;31.09
Tirol;2023-08-06;32.03
Tirol;2023-08-07;33.13
Tirol;2023-08-08;34.26
Tirol;2023-08-09;35.38
Tirol;2023-08-10;36.53
Tirol;2023-08-11;37.65
Tirol;2023-08-12;38.66
Tirol;2023-08-13;39.65
Tirol;2023-08-14;40.49
Tirol;2023-08-15;41.26
Tirol;2023-08-16;41.84
Tirol;2023-08-17;42.31
Tirol;2023-08-18;42.67
Tirol;2023-08-19;42.93
Tirol;2023-08-20;43.16
Tirol;2023-08-21;43.45
Tirol;2023-08-22;43.74
Tirol;2023-08-23;44.18
Tirol;2023-08-24;44.71
Tirol;2023-08-25;45.38
Tirol;2023-08-26;46.31
Tirol;2023-08-27;47.63
Tirol;2023-08-28;49.38
Tirol;2023-08-29;51.64
Tirol;2023-08-30;54.33
Tirol;2023-08-31;57.31
Tirol;2023-09-01;60.49
Tirol;2023-09-02;63.69
Tirol;2023-09-03;66.81
Tirol;2023-09-04;69.79
Tirol;2023-09-05;72.52
Tirol;2023-09-06;74.96
Tirol;2023-09-07;77.03
Tirol;2023-09-08;78.97
Tirol;2023-09-09;80.69
Tirol;2023-09-10;82.39
Tirol;2023-09-11;84.08
Tirol;2023-09-12;85.76
Tirol;2023-09-13;87.29
Tirol;2023-09-14;88.65
Tirol;2023-09-15;89.89
Tirol;2023-09-16;91.2
Tirol;2023-09-17;92.81
Tirol;2023-09-18;94.78
Tirol;2023-09-19;97.18
Tirol;2023-09-20;99.96
Tirol;2023-09-21;102.82
Tirol;2023-09-22;105.75
Tirol;2023-09-23;108.76
Tirol;2023-09-24;111.9
Tirol;2023-09-25;115.33
Tirol;2023-09-26;119.08
Tirol;2023-09-27;123.37
Tirol;2023-09-28;128.11
Tirol;2023-09-29;133.15
Tirol;2023-09-30;138.35
Tirol;2023-10-01;143.4
Tirol;2023-10-02;148.09
Tirol;2023-10-03;151.88
Tirol;2023-10-04;154.37
Tirol;2023-10-05;155.38
Tirol;2023-10-06;155.08
Tirol;2023-10-07;154.06
Tirol;2023-10-08;152.91
Tirol;2023-10-09;152.17
Tirol;2023-10-10;152.1
Tirol;2023-10-11;152.67
Tirol;2023-10-12;153.68
Tirol;2023-10-13;154.98
Tirol;2023-10-14;156.45
Tirol;2023-10-15;158.09
Tirol;2023-10-16;159.83
Tirol;2023-10-17;161.67
Tirol;2023-10-18;163.41
Tirol;2023-10-19;165.08
Tirol;2023-10-20;166.58
Tirol;2023-10-21;168.07
Tirol;2023-10-22;169.52
Tirol;2023-10-23;171.06
Tirol;2023-10-24;172.66
Tirol;2023-10-25;174.45
Tirol;2023-10-26;176.44
Tirol;2023-10-27;178.65
Tirol;2023-10-28;181.17
Tirol;2023-10-29;184.11
Tirol;2023-10-30;187.62
Tirol;2023-10-31;191.67
Tirol;2023-11-01;196.23
Tirol;2023-11-02;201.16
Tirol;2023-11-03;206.36
Tirol;2023-11-04;211.83
Tirol;2023-11-05;217.61
Tirol;2023-11-06;223.68
Tirol;2023-11-07;230.18
Tirol;2023-11-08;237.09
Tirol;2023-11-09;244.41
Tirol;2023-11-10;252.34
Tirol;2023-11-11;260.94
Tirol;2023-11-12;270.5
Tirol;2023-11-13;281.3
Tirol;2023-11-14;293.59
Tirol;2023-11-15;307.32
Tirol;2023-11-16;322.33
Tirol;2023-11-17;338.2
Tirol;2023-11-18;354.49
Tirol;2023-11-19;370.79
Tirol;2023-11-20;386.59
Tirol;2023-11-21;401.32
Tirol;2023-11-22;414.45
Tirol;2023-11-23;425.68
Tirol;2023-11-24;435.17
Tirol;2023-11-25;443.66
Tirol;2023-11-26;451.63
Tirol;2023-11-27;459.59
Tirol;2023-11-28;467.45
Tirol;2023-11-29;474.68
Tirol;2023-11-30;480.81
Tirol;2023-12-01;485.63
Tirol;2023-12-02;489.48
Tirol;2023-12-03;492.52
Tirol;2023-12-04;495.15
Tirol;2023-12-05;497.54
Tirol;2023-12-06;500.06
Tirol;2023-12-07;502.87
Tirol;2023-12-08;506.02
Tirol;2023-12-09;509.33
Tirol;2023-12-10;512.74
Tirol;2023-12-11;516.03
Tirol;2023-12-12;518.68
Tirol;2023-12-13;520.22
Tirol;2023-12-14;520.18
Tirol;2023-12-15;518.42
Tirol;2023-12-16;515.04
Tirol;2023-12-17;510.22
Tirol;2023-12-18;504.03
Tirol;2023-12-19;496.54
Tirol;2023-12-20;487.9
Tirol;2023-12-21;478.37
Tirol;2023-12-22;468.16
Tirol;2023-12-23;457.3
Tirol;2023-12-24;445.92
Tirol;2023-12-25;433.88
Tirol;2023-12-26;421.07
Tirol;2023-12-27;407.4
Tirol;2023-12-28;392.74
Tirol;2023-12-29;377.37
Tirol;2023-12-30;361.57
Tirol;2023-12-31;345.57
Tirol;2024-01-01;329.66
Tirol;2024-01-02;313.98
Tirol;2024-01-03;298.6
Tirol;2024-01-04;283.64
Tirol;2024-01-05;269.02
Tirol;2024-01-06;254.83
Tirol;2024-01-07;241.1
Tirol;2024-01-08;227.89
Tirol;2024-01-09;215.33
Tirol;2024-01-10;203.54
Tirol;2024-01-11;192.43
Tirol;2024-01-12;181.93
Tirol;2024-01-13;172.02
Tirol;2024-01-14;162.72
Tirol;2024-01-15;154.01
Tirol;2024-01-16;145.92
Tirol;2024-01-17;138.3
Tirol;2024-01-18;131.12
Tirol;2024-01-19;124.31
Tirol;2024-01-20;117.78
Tirol;2024-01-21;111.68
Tirol;2024-01-22;106.06
Tirol;2024-01-23;100.94
Tirol;2024-01-24;96.42
Tirol;2024-01-25;92.44
Tirol;2024-01-26;88.73
Tirol;2024-01-27;85.22
Tirol;2024-01-28;81.78
Tirol;2024-01-29;78.22
Tirol;2024-01-30;74.55
Tirol;2024-01-31;70.86
Tirol;2024-02-01;67.16
Tirol;2024-02-02;63.47
Tirol;2024-02-03;59.89
Tirol;2024-02-04;56.38
Tirol;2024-02-05;53.05
Tirol;2024-02-06;49.89
Tirol;2024-02-07;46.93
Tirol;2024-02-08;44.17
Tirol;2024-02-09;41.69
Tirol;2024-02-10;39.38
Tirol;2024-02-11;37.3
Tirol;2024-02-12;35.41
Tirol;2024-02-13;33.74
Tirol;2024-02-14;32.28
Tirol;2024-02-15;30.97
Tirol;2024-02-16;29.79
Tirol;2024-02-17;28.71
Tirol;2024-02-18;27.8
Tirol;2024-02-19;27.0
Tirol;2024-02-20;26.36
Tirol;2024-02-21;25.9
Tirol;2024-02-22;25.59
Tirol;2024-02-23;25.4
Tirol;2024-02-24;25.29
Tirol;2024-02-25;25.17
Tirol;2024-02-26;25.07
Tirol;2024-02-27;24.87
Tirol;2024-02-28;24.59
Tirol;2024-02-29;24.18
Tirol;2024-03-01;23.68
Tirol;2024-03-02;23.11
Tirol;2024-03-03;22.49
Tirol;2024-03-04;21.82
Tirol;2024-03-05;21.08
Tirol;2024-03-06;20.25
Tirol;2024-03-07;19.29
Tirol;2024-03-08;18.29
Tirol;2024-03-09;17.21
Tirol;2024-03-10;16.22
Tirol;2024-03-11;15.22
Tirol;2024-03-12;14.28
Tirol;2024-03-13;13.5
Tirol;2024-03-14;12.77
Tirol;2024-03-15;12.08
Tirol;2024-03-16;11.44
Tirol;2024-03-17;10.87
Tirol;2024-03-18;10.33
Tirol;2024-03-19;9.92
Tirol;2024-03-20;9.57
Tirol;2024-03-21;9.32
Tirol;2024-03-22;9.1
Tirol;2024-03-23;8.96
Tirol;2024-03-24;8.85
Tirol;2024-03-25;8.84
Tirol;2024-03-26;8.82
Tirol;2024-03-27;8.85
Tirol;2024-03-28;8.89
Tirol;2024-03-29;8.91
Tirol;2024-03-30;8.92
Tirol;2024-03-31;8.96
Tirol;2024-04-01;8.97
Tirol;2024-04-02;8.97
Tirol;2024-04-03;8.93
Tirol;2024-04-04;8.85
Tirol;2024-04-05;8.82
Tirol;2024-04-06;8.73
Tirol;2024-04-07;8.66
Tirol;2024-04-08;8.67
Tirol;2024-04-09;8.69
Tirol;2024-04-10;8.83
Tirol;2024-04-11;9.0
Tirol;2024-04-12;9.24
Tirol;2024-04-13;9.51
Tirol;2024-04-14;9.83
Tirol;2024-04-15;10.25
Tirol;2024-04-16;10.72
Tirol;2024-04-17;11.27
Tirol;2024-04-18;11.84
Tirol;2024-04-19;12.46
Tirol;2024-04-20;13.15
Tirol;2024-04-21;13.87
Tirol;2024-04-22;14.7
Tirol;2024-04-23;15.62
Tirol;2024-04-24;16.65
Tirol;2024-04-25;17.71
Tirol;2024-04-26;18.84
Tirol;2024-04-27;19.9
Tirol;2024-04-28;20.88
Tirol;2024-04-29;21.72
Tirol;2024-04-30;22.36
Tirol;2024-05-01;22.88
Tirol;2024-05-02;23.19
Tirol;2024-05-03;23.43
Tirol;2024-05-04;23.59
Tirol;2024-05-05;23.79
Tirol;2024-05-06;24.15
Tirol;2024-05-07;24.63
Tirol;2024-05-08;25.16
Tirol;2024-05-09;25.84
Tirol;2024-05-10;26.51
Tirol;2024-05-11;27.16
Tirol;2024-05-12;27.76
Tirol;2024-05-13;28.21
Tirol;2024-05-14;28.52
Tirol;2024-05-15;28.63
Tirol;2024-05-16;28.51
Tirol;2024-05-17;28.29
Tirol;2024-05-18;27.98
Tirol;2024-05-19;27.73
Tirol;2024-05-20;27.52
Tirol;2024-05-21;27.48
Tirol;2024-05-22;27.61
Tirol;2024-05-23;27.95
Tirol;2024-05-24;28.45
Tirol;2024-05-25;29.07
Tirol;2024-05-26;29.89
Tirol;2024-05-27;30.83
Tirol;2024-05-28;31.88
Tirol;2024-05-29;33.09
Tirol;2024-05-30;34.39
Tirol;2024-05-31;35.76
Tirol;2024-06-01;37.26
Tirol;2024-06-02;38.78
Tirol;2024-06-03;40.39
Tirol;2024-06-04;42.1
Tirol;2024-06-05;43.81
Tirol;2024-06-06;45.58
Tirol;2024-06-07;47.32
Tirol;2024-06-08;49.14
Tirol;2024-06-09;51.14
Tirol;2024-06-10;53.31
Tirol;2024-06-11;55.79
Tirol;2024-06-12;58.51
Tirol;2024-06-13;61.48
Tirol;2024-06-14;64.64
Tirol;2024-06-15;67.79
Tirol;2024-06-16;70.92
Tirol;2024-06-17;73.87
Tirol;2024-06-18;76.6
Tirol;2024-06-19;79.01
Tirol;2024-06-20;81.16
Tirol;2024-06-21;83.09
Tirol;2024-06-22;84.83
Tirol;2024-06-23;86.49
Tirol;2024-06-24;88.15
Tirol;2024-06-25;89.76
Tirol;2024-06-26;91.47
Tirol;2024-06-27;93.2
Tirol;2024-06-28;95.11
Tirol;2024-06-29;97.07
Tirol;2024-06-30;99.14
Tirol;2024-07-01;101.18
Tirol;2024-07-02;103.17
Tirol;2024-07-03;104.93
Tirol;2024-07-04;106.25
Tirol;2024-07-05;107.25
Tirol;2024-07-06;108.04
Tirol;2024-07-07;108.85
Tirol;2024-07-08;109.78
Tirol;2024-07-09;110.99
Tirol;2024-07-10;112.38
Tirol;2024-07-11;113.85
Tirol;2024-07-12;115.3
Tirol;2024-07-13;116.72
Tirol;2024-07-14;117.94
Tirol;2024-07-15;118.97
Tirol;2024-07-16;119.52
Tirol;2024-07-17;119.31
Tirol;2024-07-18;118.22
Tirol;2024-07-19;116.32
Tirol;2024-07-20;113.86
Tirol;2024-07-21;111.2
Tirol;2024-07-22;108.53
Tirol;2024-07-23;106.14
Tirol;2024-07-24;104.07
Tirol;2024-07-25;102.35
Tirol;2024-07-26;100.92
Tirol;2024-07-27;99.7
Tirol;2024-07-28;98.68
Tirol;2024-07-29;97.77
Tirol;2024-07-30;96.96
Tirol;2024-07-31;96.33
Tirol;2024-08-01;95.83
Tirol;2024-08-02;95.41
Tirol;2024-08-03;95.11
Tirol;2024-08-04;94.87
Tirol;2024-08-05;94.65
Tirol;2024-08-06;94.53
Tirol;2024-08-07;94.49
Tirol;2024-08-08;94.45
Tirol;2024-08-09;94.59
Tirol;2024-08-10;94.82
Tirol;2024-08-11;95.32
Tirol;2024-08-12;96.11
Tirol;2024-08-13;97.28
Tirol;2024-08-14;98.79
Tirol;2024-08-15;100.6
Tirol;2024-08-16;102.53
Tirol;2024-08-17;104.62
Tirol;2024-08-18;106.8
Tirol;2024-08-19;109.03
Tirol;2024-08-20;111.4
Tirol;2024-08-21;113.93
Tirol;2024-08-22;116.65
Tirol;2024-08-23;119.52
Tirol;2024-08-24;122.45
Tirol;2024-08-25;125.29
Tirol;2024-08-26;127.97
Tirol;2024-08-27;130.4
Tirol;2024-08-28;132.44
Tirol;2024-08-29;134.13
Tirol;2024-08-30;135.51
Tirol;2024-08-31;136.8
Tirol;2024-09-01;138.09
Tirol;2024-09-02;139.57
Tirol;2024-09-03;141.32
Tirol;2024-09-04;143.41
Tirol;2024-09-05;145.89
Tirol;2024-09-06;148.84
Tirol;2024-09-07;152.41
Tirol;2024-09-08;156.92
Tirol;2024-09-09;162.57
Tirol;2024-09-10;169.62
Tirol;2024-09-11;177.99
Tirol;2024-09-12;187.44
Tirol;2024-09-13;197.79
Tirol;2024-09-14;208.68
Tirol;2024-09-15;219.85
Tirol;2024-09-16;231.17
Tirol;2024-09-17;242.27
Tirol;2024-09-18;252.8
Tirol;2024-09-19;262.51
Tirol;2024-09-20;271.38
Tirol;2024-09-21;279.42
Tirol;2024-09-22;286.73
Tirol;2024-09-23;293.21
Tirol;2024-09-24;298.73
Tirol;2024-09-25;302.82
Tirol;2024-09-26;305.51
Tirol;2024-09-27;306.95
Tirol;2024-09-28;307.48
Tirol;2024-09-29;307.71
Tirol;2024-09-30;307.98
Tirol;2024-10-01;308.5
Tirol;2024-10-02;309.37
Tirol;2024-10-03;310.42
Tirol;2024-10-04;311.46
Tirol;2024-10-05;312.14
Tirol;2024-10-06;312.31
Tirol;2024-10-07;311.6
Tirol;2024-10-08;309.7
Tirol;2024-10-09;306.45
Tirol;2024-10-10;301.92
Tirol;2024-10-11;296.18
Tirol;2024-10-12;289.6
Tirol;2024-10-13;282.39
Tirol;2024-10-14;274.69
Tirol;2024-10-15;266.59
Tirol;2024-10-16;258.01
Tirol;2024-10-17;249.05
Tirol;2024-10-18;239.63
Tirol;2024-10-19;229.97
Tirol;2024-10-20;220.12
Tirol;2024-10-21;210.23
Tirol;2024-10-22;200.33
Tirol;2024-10-23;190.48
Tirol;2024-10-24;180.82
Tirol;2024-10-25;171.35
Tirol;2024-10-26;162.15
Tirol;2024-10-27;153.37
Tirol;2024-10-28;145.14
Tirol;2024-10-29;137.63
Tirol;2024-10-30;130.74
Tirol;2024-10-31;124.38
Tirol;2024-11-01;118.5
Tirol;2024-11-02;112.95
Tirol;2024-11-03;107.88
Tirol;2024-11-04;103.23
Tirol;2024-11-05;99.07
Tirol;2024-11-06;95.38
Tirol;2024-11-07;92.15
Tirol;2024-11-08;89.33
Tirol;2024-11-09;86.81
Tirol;2024-11-10;84.7
Tirol;2024-11-11;82.94
Tirol;2024-11-12;81.67
Tirol;2024-11-13;80.86
Tirol;2024-11-14;80.52
Tirol;2024-11-15;80.51
Tirol;2024-11-16;80.77
Tirol;2024-11-17;81.18
Tirol;2024-11-18;81.62
Tirol;2024-11-19;82.11
Tirol;2024-11-20;82.63
Tirol;2024-11-21;83.2
Tirol;2024-11-22;83.79
Tirol;2024-11-23;84.43
Tirol;2024-11-24;85.18
Tirol;2024-11-25;85.92
Tirol;2024-11-26;86.82
Tirol;2024-11-27;87.76
Tirol;2024-11-28;88.8
Tirol;2024-11-29;89.83
Tirol;2024-11-30;90.9
Tirol;2024-12-01;91.83
Tirol;2024-12-02;92.66
Tirol;2024-12-03;93.34
Tirol;2024-12-04;93.73
Tirol;2024-12-05;93.91
Tirol;2024-12-06;93.86
Tirol;2024-12-07;93.63
Tirol;2024-12-08;93.4
Tirol;2024-12-09;93.12
Tirol;2024-12-10;92.98
Tirol;2024-12-11;92.87
Tirol;2024-12-12;92.82
Tirol;2024-12-13;92.75
Tirol;2024-12-14;92.63
Tirol;2024-12-15;92.5
Tirol;2024-12-16;92.38
Tirol;2024-12-17;92.15
Tirol;2024-12-18;92.06
Tirol;2024-12-19;91.94
Tirol;2024-12-20;91.93
Tirol;2024-12-21;91.91
Tirol;2024-12-22;91.86
Tirol;2024-12-23;91.71
Tirol;2024-12-24;91.5
Tirol;2024-12-25;91.12
Tirol;2024-12-26;90.56
Tirol;2024-12-27;89.88
Tirol;2024-12-28;89.03
Tirol;2024-12-29;87.91
Tirol;2024-12-30;86.51
Tirol;2024-12-31;84.76
Tirol;2025-01-01;82.69
Tirol;2025-01-02;80.48
Tirol;2025-01-03;78.16
Tirol;2025-01-04;75.84
Tirol;2025-01-05;73.43
Tirol;2025-01-06;71.0
Tirol;2025-01-07;68.65
Tirol;2025-01-08;66.26
Tirol;2025-01-09;63.97
Tirol;2025-01-10;61.72
Tirol;2025-01-11;59.56
Tirol;2025-01-12;57.48
Tirol;2025-01-13;55.6
Tirol;2025-01-14;53.95
Tirol;2025-01-15;52.52
Tirol;2025-01-16;51.35
Tirol;2025-01-17;50.37
Tirol;2025-01-18;49.55
Tirol;2025-01-19;48.91
Tirol;2025-01-20;48.41
Tirol;2025-01-21;48.11
Tirol;2025-01-22;47.93
Tirol;2025-01-23;47.99
Tirol;2025-01-24;48.22
Tirol;2025-01-25;48.58
Tirol;2025-01-26;49.03
Tirol;2025-01-27;49.6
Tirol;2025-01-28;50.12
Tirol;2025-01-29;50.6
Tirol;2025-01-30;50.82
Tirol;2025-01-31;50.85
Tirol;2025-02-01;50.63
Tirol;2025-02-02;50.24
Tirol;2025-02-03;49.71
Tirol;2025-02-04;49.05
Tirol;2025-02-05;48.24
Tirol;2025-02-06;47.17
Tirol;2025-02-07;46.03
Tirol;2025-02-08;44.77
Tirol;2025-02-09;43.56
Tirol;2025-02-10;42.42
Tirol;2025-02-11;41.42
Tirol;2025-02-12;40.66
Tirol;2025-02-13;40.12
Tirol;2025-02-14;39.72
Tirol;2025-02-15;39.51
Tirol;2025-02-16;39.4
Tirol;2025-02-17;39.31
Tirol;2025-02-18;39.04
Tirol;2025-02-19;38.5
Tirol;2025-02-20;37.46
Tirol;2025-02-21;36.0
Tirol;2025-02-22;34.21
Tirol;2025-02-23;32.31
Tirol;2025-02-24;30.38
Tirol;2025-02-25;28.49
Tirol;2025-02-26;26.75
Tirol;2025-02-27;25.18
Tirol;2025-02-28;23.66
Tirol;2025-03-01;22.33
Tirol;2025-03-02;21.01
Tirol;2025-03-03;19.85
Tirol;2025-03-04;18.72
Tirol;2025-03-05;17.66
Tirol;2025-03-06;16.67
Tirol;2025-03-07;15.72
Tirol;2025-03-08;14.85
Tirol;2025-03-09;14.03
Tirol;2025-03-10;13.29
Tirol;2025-03-11;12.65
Tirol;2025-03-12;12.05
Tirol;2025-03-13;11.57
Tirol;2025-03-14;11.1
Tirol;2025-03-15;10.66
Tirol;2025-03-16;10.29
Tirol;2025-03-17;9.89
Tirol;2025-03-18;9.54
Tirol;2025-03-19;9.21
Tirol;2025-03-20;8.88
Tirol;2025-03-21;8.57
Tirol;2025-03-22;8.33
Tirol;2025-03-23;8.09
Tirol;2025-03-24;7.96
Salzburg;2022-09-01;82.53
Salzburg;2022-09-02;82.4
Salzburg;2022-09-03;82.51
Salzburg;2022-09-04;82.86
Salzburg;2022-09-05;83.59
Salzburg;2022-09-06;84.64
Salzburg;2022-09-07;86.04
Salzburg;2022-09-08;87.86
Salzburg;2022-09-09;90.06
Salzburg;2022-09-10;92.83
Salzburg;2022-09-11;96.28
Salzburg;2022-09-12;100.54
Salzburg;2022-09-13;105.54
Salzburg;2022-09-14;111.33
Salzburg;2022-09-15;117.83
Salzburg;2022-09-16;124.97
Salzburg;2022-09-17;132.68
Salzburg;2022-09-18;141.12
Salzburg;2022-09-19;150.37
Salzburg;2022-09-20;160.18
Salzburg;2022-09-21;170.56
Salzburg;2022-09-22;181.34
Salzburg;2022-09-23;192.31
Salzburg;2022-09-24;203.16
Salzburg;2022-09-25;213.83
Salzburg;2022-09-26;224.02
Salzburg;2022-09-27;233.72
Salzburg;2022-09-28;242.76
Salzburg;2022-09-29;251.09
Salzburg;2022-09-30;258.76
Salzburg;2022-10-01;265.34
Salzburg;2022-10-02;270.67
Salzburg;2022-10-03;274.55
Salzburg;2022-10-04;276.83
Salzburg;2022-10-05;277.54
Salzburg;2022-10-06;276.72
Salzburg;2022-10-07;274.39
Salzburg;2022-10-08;270.41
Salzburg;2022-10-09;264.45
Salzburg;2022-10-10;256.52
Salzburg;2022-10-11;246.93
Salzburg;2022-10-12;235.99
Salzburg;2022-10-13;224.35
Salzburg;2022-10-14;212.29
Salzburg;2022-10-15;200.31
Salzburg;2022-10-16;188.63
Salzburg;2022-10-17;177.67
Salzburg;2022-10-18;167.53
Salzburg;2022-10-19;158.29
Salzburg;2022-10-20;149.99
Salzburg;2022-10-21;142.32
Salzburg;2022-10-22;135.3
Salzburg;2022-10-23;128.72
Salzburg;2022-10-24;122.62
Salzburg;2022-10-25;116.89
Salzburg;2022-10-26;111.57
Salzburg;2022-10-27;106.53
Salzburg;2022-10-28;101.96
Salzburg;2022-10-29;97.87
Salzburg;2022-10-30;94.38
Salzburg;2022-10-31;91.5
Salzburg;2022-11-01;89.34
Salzburg;2022-11-02;87.73
Salzburg;2022-11-03;86.56
Salzburg;2022-11-04;85.66
Salzburg;2022-11-05;85.1
Salzburg;2022-11-06;84.58
Salzburg;2022-11-07;84.33
Salzburg;2022-11-08;84.15
Salzburg;2022-11-09;83.98
Salzburg;2022-11-10;83.85
Salzburg;2022-11-11;83.7
Salzburg;2022-11-12;83.48
Salzburg;2022-11-13;83.26
Salzburg;2022-11-14;82.96
Salzburg;2022-11-15;82.82
Salzburg;2022-11-16;82.86
Salzburg;2022-11-17;83.06
Salzburg;2022-11-18;83.54
Salzburg;2022-11-19;84.28
Salzburg;2022-11-20;85.12
Salzburg;2022-11-21;86.17
Salzburg;2022-11-22;87.44
Salzburg;2022-11-23;88.93
Salzburg;2022-11-24;90.64
Salzburg;2022-11-25;92.4
Salzburg;2022-11-26;94.3
Salzburg;2022-11-27;96.1
Salzburg;2022-11-28;97.86
Salzburg;2022-11-29;99.67
Salzburg;2022-11-30;101.44
Salzburg;2022-12-01;103.23
Salzburg;2022-12-02;105.01
Salzburg;2022-12-03;106.88
Salzburg;2022-12-04;108.98
Salzburg;2022-12-05;109.98
Salzburg;2022-12-06;112.2
Salzburg;2022-12-07;114.85
Salzburg;2022-12-08;117.75
Salzburg;2022-12-09;120.77
Salzburg;2022-12-10;123.77
Salzburg;2022-12-11;126.53
Salzburg;2022-12-12;128.95
Salzburg;2022-12-13;131.23
Salzburg;2022-12-14;133.35
Salzburg;2022-12-15;135.44
Salzburg;2022-12-16;137.52
Salzburg;2022-12-17;139.42
Salzburg;2022-12-18;141.24
Salzburg;2022-12-19;142.76
Salzburg;2022-12-20;143.92
Salzburg;2022-12-21;144.84
Salzburg;2022-12-22;145.29
Salzburg;2022-12-23;145.5
Salzburg;2022-12-24;145.44
Salzburg;2022-12-25;145.19
Salzburg;2022-12-26;144.64
Salzburg;2022-12-27;143.76
Salzburg;2022-12-28;142.58
Salzburg;2022-12-29;141.06
Salzburg;2022-12-30;139.26
Salzburg;2022-12-31;137.21
Salzburg;2023-01-01;135.06
Salzburg;2023-01-02;132.96
Salzburg;2023-01-03;131.18
Salzburg;2023-01-04;129.88
Salzburg;2023-01-05;129.14
Salzburg;2023-01-06;128.81
Salzburg;2023-01-07;128.54
Salzburg;2023-01-08;128.08
Salzburg;2023-01-09;127.44
Salzburg;2023-01-10;126.44
Salzburg;2023-01-11;125.18
Salzburg;2023-01-12;123.84
Salzburg;2023-01-13;122.46
Salzburg;2023-01-14;121.25
Salzburg;2023-01-15;120.41
Salzburg;2023-01-16;120.14
Salzburg;2023-01-17;120.6
Salzburg;2023-01-18;121.88
Salzburg;2023-01-19;123.83
Salzburg;2023-01-20;126.57
Salzburg;2023-01-21;129.93
Salzburg;2023-01-22;134.01
Salzburg;2023-01-23;138.89
Salzburg;2023-01-24;144.48
Salzburg;2023-01-25;150.89
Salzburg;2023-01-26;157.91
Salzburg;2023-01-27;165.41
Salzburg;2023-01-28;173.22
Salzburg;2023-01-29;181.54
Salzburg;2023-01-30;190.15
Salzburg;2023-01-31;199.41
Salzburg;2023-02-01;209.16
Salzburg;2023-02-02;219.3
Salzburg;2023-02-03;229.46
Salzburg;2023-02-04;239.14
Salzburg;2023-02-05;248.14
Salzburg;2023-02-06;256.01
Salzburg;2023-02-07;262.65
Salzburg;2023-02-08;268.25
Salzburg;2023-02-09;272.76
Salzburg;2023-02-10;276.46
Salzburg;2023-02-11;279.41
Salzburg;2023-02-12;281.62
Salzburg;2023-02-13;283.34
Salzburg;2023-02-14;284.53
Salzburg;2023-02-15;285.32
Salzburg;2023-02-16;285.92
Salzburg;2023-02-17;286.34
Salzburg;2023-02-18;286.52
Salzburg;2023-02-19;286.54
Salzburg;2023-02-20;286.53
Salzburg;2023-02-21;286.53
Salzburg;2023-02-22;286.65
Salzburg;2023-02-23;286.83
Salzburg;2023-02-24;286.84
Salzburg;2023-02-25;286.44
Salzburg;2023-02-26;285.42
Salzburg;2023-02-27;283.58
Salzburg;2023-02-28;280.84
Salzburg;2023-03-01;277.19
Salzburg;2023-03-02;272.6
Salzburg;2023-03-03;267.03
Salzburg;2023-03-04;260.24
Salzburg;2023-03-05;252.15
Salzburg;2023-03-06;242.73
Salzburg;2023-03-07;232.52
Salzburg;2023-03-08;221.87
Salzburg;2023-03-09;211.23
Salzburg;2023-03-10;200.85
Salzburg;2023-03-11;190.92
Salzburg;2023-03-12;181.55
Salzburg;2023-03-13;173.15
Salzburg;2023-03-14;165.88
Salzburg;2023-03-15;159.8
Salzburg;2023-03-16;154.73
Salzburg;2023-03-17;150.26
Salzburg;2023-03-18;146.08
Salzburg;2023-03-19;141.87
Salzburg;2023-03-20;137.47
Salzburg;2023-03-21;132.93
Salzburg;2023-03-22;128.32
Salzburg;2023-03-23;123.62
Salzburg;2023-03-24;118.98
Salzburg;2023-03-25;114.34
Salzburg;2023-03-26;109.84
Salzburg;2023-03-27;105.45
Salzburg;2023-03-28;101.39
Salzburg;2023-03-29;97.54
Salzburg;2023-03-30;94.06
Salzburg;2023-03-31;90.78
Salzburg;2023-04-01;87.68
Salzburg;2023-04-02;84.79
Salzburg;2023-04-03;82.14
Salzburg;2023-04-04;79.84
Salzburg;2023-04-05;77.9
Salzburg;2023-04-06;76.31
Salzburg;2023-04-07;75.01
Salzburg;2023-04-08;73.79
Salzburg;2023-04-09;72.6
Salzburg;2023-04-10;71.53
Salzburg;2023-04-11;70.48
Salzburg;2023-04-12;69.44
Salzburg;2023-04-13;68.51
Salzburg;2023-04-14;67.66
Salzburg;2023-04-15;66.72
Salzburg;2023-04-16;65.85
Salzburg;2023-04-17;65.0
Salzburg;2023-04-18;64.2
Salzburg;2023-04-19;63.66
Salzburg;2023-04-20;63.31
Salzburg;2023-04-21;63.03
Salzburg;2023-04-22;62.7
Salzburg;2023-04-23;62.17
Salzburg;2023-04-24;61.36
Salzburg;2023-04-25;60.42
Salzburg;2023-04-26;59.46
Salzburg;2023-04-27;58.45
Salzburg;2023-04-28;57.54
Salzburg;2023-04-29;56.57
Salzburg;2023-04-30;55.64
Salzburg;2023-05-01;54.56
Salzburg;2023-05-02;53.44
Salzburg;2023-05-03;52.26
Salzburg;2023-05-04;50.86
Salzburg;2023-05-05;49.39
Salzburg;2023-05-06;47.75
Salzburg;2023-05-07;46.01
Salzburg;2023-05-08;44.18
Salzburg;2023-05-09;42.22
Salzburg;2023-05-10;40.32
Salzburg;2023-05-11;38.41
Salzburg;2023-05-12;36.58
Salzburg;2023-05-13;34.84
Salzburg;2023-05-14;33.28
Salzburg;2023-05-15;31.76
Salzburg;2023-05-16;30.42
Salzburg;2023-05-17;29.29
Salzburg;2023-05-18;28.28
Salzburg;2023-05-19;27.37
Salzburg;2023-05-20;26.49
Salzburg;2023-05-21;25.65
Salzburg;2023-05-22;24.72
Salzburg;2023-05-23;23.91
Salzburg;2023-05-24;23.17
Salzburg;2023-05-25;22.45
Salzburg;2023-05-26;21.89
Salzburg;2023-05-27;21.43
Salzburg;2023-05-28;20.95
Salzburg;2023-05-29;20.57
Salzburg;2023-05-30;20.19
Salzburg;2023-05-31;19.87
Salzburg;2023-06-01;19.63
Salzburg;2023-06-02;19.29
Salzburg;2023-06-03;19.06
Salzburg;2023-06-04;18.73
Salzburg;2023-06-05;18.5
Salzburg;2023-06-06;18.2
Salzburg;2023-06-07;17.87
Salzburg;2023-06-08;17.67
Salzburg;2023-06-09;17.48
Salzburg;2023-06-10;17.36
Salzburg;2023-06-11;17.25
Salzburg;2023-06-12;17.19
Salzburg;2023-06-13;17.16
Salzburg;2023-06-14;17.14
Salzburg;2023-06-15;17.15
Salzburg;2023-06-16;17.06
Salzburg;2023-06-17;17.05
Salzburg;2023-06-18;16.9
Salzburg;2023-06-19;16.8
Salzburg;2023-06-20;16.57
Salzburg;2023-06-21;16.36
Salzburg;2023-06-22;16.16
Salzburg;2023-06-23;15.91
Salzburg;2023-06-24;15.74
Salzburg;2023-06-25;15.57
Salzburg;2023-06-26;15.48
Salzburg;2023-06-27;15.48
Salzburg;2023-06-28;15.63
Salzburg;2023-06-29;15.86
Salzburg;2023-06-30;16.09
Salzburg;2023-07-01;16.47
Salzburg;2023-07-02;16.91
Salzburg;2023-07-03;17.34
Salzburg;2023-07-04;17.85
Salzburg;2023-07-05;18.43
Salzburg;2023-07-06;18.92
Salzburg;2023-07-07;19.5
Salzburg;2023-07-08;20.01
Salzburg;2023-07-09;20.5
Salzburg;2023-07-10;20.93
Salzburg;2023-07-11;21.27
Salzburg;2023-07-12;21.53
Salzburg;2023-07-13;21.72
Salzburg;2023-07-14;21.92
Salzburg;2023-07-15;21.97
Salzburg;2023-07-16;22.03
Salzburg;2023-07-17;22.2
Salzburg;2023-07-18;22.32
Salzburg;2023-07-19;22.6
Salzburg;2023-07-20;22.91
Salzburg;2023-07-21;23.23
Salzburg;2023-07-22;23.58
Salzburg;2023-07-23;23.93
Salzburg;2023-07-24;24.21
Salzburg;2023-07-25;24.58
Salzburg;2023-07-26;25.04
Salzburg;2023-07-27;25.59
Salzburg;2023-07-28;26.18
Salzburg;2023-07-29;26.86
Salzburg;2023-07-30;27.53
Salzburg;2023-07-31;28.24
Salzburg;2023-08-01;29.03
Salzburg;2023-08-02;30.0
Salzburg;2023-08-03;30.98
Salzburg;2023-08-04;32.11
Salzburg;2023-08-05;33.41
Salzburg;2023-08-06;34.79
Salzburg;2023-08-07;36.27
Salzburg;2023-08-08;37.94
Salzburg;2023-08-09;39.54
Salzburg;2023-08-10;41.18
Salzburg;2023-08-11;42.85
Salzburg;2023-08-12;44.37
Salzburg;2023-08-13;45.69
Salzburg;2023-08-14;46.86
Salzburg;2023-08-15;47.87
Salzburg;2023-08-16;48.73
Salzburg;2023-08-17;49.34
Salzburg;2023-08-18;49.85
Salzburg;2023-08-19;50.23
Salzburg;2023-08-20;50.5
Salzburg;2023-08-21;50.72
Salzburg;2023-08-22;50.72
Salzburg;2023-08-23;50.77
Salzburg;2023-08-24;50.81
Salzburg;2023-08-25;50.9
Salzburg;2023-08-26;51.17
Salzburg;2023-08-27;51.71
Salzburg;2023-08-28;52.51
Salzburg;2023-08-29;53.67
Salzburg;2023-08-30;55.11
Salzburg;2023-08-31;56.75
Salzburg;2023-09-01;58.53
Salzburg;2023-09-02;60.35
Salzburg;2023-09-03;62.17
Salzburg;2023-09-04;64.05
Salzburg;2023-09-05;65.99
Salzburg;2023-09-06;68.18
Salzburg;2023-09-07;70.58
Salzburg;2023-09-08;73.29
Salzburg;2023-09-09;76.17
Salzburg;2023-09-10;79.22
Salzburg;2023-09-11;82.4
Salzburg;2023-09-12;85.78
Salzburg;2023-09-13;89.31
Salzburg;2023-09-14;92.98
Salzburg;2023-09-15;96.82
Salzburg;2023-09-16;100.85
Salzburg;2023-09-17;105.11
Salzburg;2023-09-18;109.63
Salzburg;2023-09-19;114.42
Salzburg;2023-09-20;119.42
Salzburg;2023-09-21;124.55
Salzburg;2023-09-22;129.64
Salzburg;2023-09-23;134.62
Salzburg;2023-09-24;139.31
Salzburg;2023-09-25;143.72
Salzburg;2023-09-26;147.7
Salzburg;2023-09-27;151.36
Salzburg;2023-09-28;154.49
Salzburg;2023-09-29;157.34
Salzburg;2023-09-30;159.76
Salzburg;2023-10-01;161.62
Salzburg;2023-10-02;163.1
Salzburg;2023-10-03;164.1
Salzburg;2023-10-04;164.76
Salzburg;2023-10-05;165.18
Salzburg;2023-10-06;165.39
Salzburg;2023-10-07;165.52
Salzburg;2023-10-08;165.44
Salzburg;2023-10-09;165.01
Salzburg;2023-10-10;164.3
Salzburg;2023-10-11;163.01
Salzburg;2023-10-12;161.48
Salzburg;2023-10-13;159.76
Salzburg;2023-10-14;158.18
Salzburg;2023-10-15;156.89
Salzburg;2023-10-16;156.25
Salzburg;2023-10-17;156.25
Salzburg;2023-10-18;156.93
Salzburg;2023-10-19;158.2
Salzburg;2023-10-20;159.92
Salzburg;2023-10-21;161.94
Salzburg;2023-10-22;164.28
Salzburg;2023-10-23;166.82
Salzburg;2023-10-24;169.35
Salzburg;2023-10-25;171.63
Salzburg;2023-10-26;173.82
Salzburg;2023-10-27;175.76
Salzburg;2023-10-28;177.72
Salzburg;2023-10-29;179.77
Salzburg;2023-10-30;181.85
Salzburg;2023-10-31;184.01
Salzburg;2023-11-01;186.32
Salzburg;2023-11-02;188.86
Salzburg;2023-11-03;191.69
Salzburg;2023-11-04;195.16
Salzburg;2023-11-05;199.36
Salzburg;2023-11-06;204.73
Salzburg;2023-11-07;211.36
Salzburg;2023-11-08;219.36
Salzburg;2023-11-09;228.29
Salzburg;2023-11-10;237.81
Salzburg;2023-11-11;247.33
Salzburg;2023-11-12;256.52
Salzburg;2023-11-13;265.22
Salzburg;2023-11-14;273.57
Salzburg;2023-11-15;281.92
Salzburg;2023-11-16;290.51
Salzburg;2023-11-17;299.45
Salzburg;2023-11-18;308.8
Salzburg;2023-11-19;318.67
Salzburg;2023-11-20;329.11
Salzburg;2023-11-21;340.15
Salzburg;2023-11-22;351.81
Salzburg;2023-11-23;363.81
Salzburg;2023-11-24;375.96
Salzburg;2023-11-25;388.19
Salzburg;2023-11-26;400.21
Salzburg;2023-11-27;411.93
Salzburg;2023-11-28;423.5
Salzburg;2023-11-29;434.98
Salzburg;2023-11-30;446.2
Salzburg;2023-12-01;457.12
Salzburg;2023-12-02;467.53
Salzburg;2023-12-03;477.21
Salzburg;2023-12-04;485.82
Salzburg;2023-12-05;493.3
Salzburg;2023-12-06;499.6
Salzburg;2023-12-07;504.48
Salzburg;2023-12-08;507.67
Salzburg;2023-12-09;508.85
Salzburg;2023-12-10;507.46
Salzburg;2023-12-11;503.53
Salzburg;2023-12-12;497.34
Salzburg;2023-12-13;489.61
Salzburg;2023-12-14;480.87
Salzburg;2023-12-15;471.54
Salzburg;2023-12-16;461.75
Salzburg;2023-12-17;451.79
Salzburg;2023-12-18;441.75
Salzburg;2023-12-19;432.08
Salzburg;2023-12-20;422.94
Salzburg;2023-12-21;414.22
Salzburg;2023-12-22;405.79
Salzburg;2023-12-23;397.51
Salzburg;2023-12-24;389.06
Salzburg;2023-12-25;380.31
Salzburg;2023-12-26;370.96
Salzburg;2023-12-27;360.96
Salzburg;2023-12-28;350.26
Salzburg;2023-12-29;339.16
Salzburg;2023-12-30;327.79
Salzburg;2023-12-31;316.31
Salzburg;2024-01-01;304.97
Salzburg;2024-01-02;293.76
Salzburg;2024-01-03;282.68
Salzburg;2024-01-04;271.77
Salzburg;2024-01-05;260.88
Salzburg;2024-01-06;249.95
Salzburg;2024-01-07;238.8
Salzburg;2024-01-08;227.45
Salzburg;2024-01-09;216.2
Salzburg;2024-01-10;205.18
Salzburg;2024-01-11;194.49
Salzburg;2024-01-12;183.93
Salzburg;2024-01-13;173.58
Salzburg;2024-01-14;163.22
Salzburg;2024-01-15;153.02
Salzburg;2024-01-16;143.05
Salzburg;2024-01-17;133.36
Salzburg;2024-01-18;124.0
Salzburg;2024-01-19;115.13
Salzburg;2024-01-20;106.71
Salzburg;2024-01-21;99.01
Salzburg;2024-01-22;92.02
Salzburg;2024-01-23;85.85
Salzburg;2024-01-24;80.45
Salzburg;2024-01-25;75.62
Salzburg;2024-01-26;71.21
Salzburg;2024-01-27;67.09
Salzburg;2024-01-28;63.18
Salzburg;2024-01-29;59.46
Salzburg;2024-01-30;55.97
Salzburg;2024-01-31;52.74
Salzburg;2024-02-01;49.68
Salzburg;2024-02-02;46.97
Salzburg;2024-02-03;44.45
Salzburg;2024-02-04;42.16
Salzburg;2024-02-05;40.04
Salzburg;2024-02-06;38.24
Salzburg;2024-02-07;36.69
Salzburg;2024-02-08;35.31
Salzburg;2024-02-09;34.12
Salzburg;2024-02-10;33.03
Salzburg;2024-02-11;32.06
Salzburg;2024-02-12;31.14
Salzburg;2024-02-13;30.42
Salzburg;2024-02-14;29.67
Salzburg;2024-02-15;29.12
Salzburg;2024-02-16;28.51
Salzburg;2024-02-17;27.94
Salzburg;2024-02-18;27.32
Salzburg;2024-02-19;26.65
Salzburg;2024-02-20;25.95
Salzburg;2024-02-21;25.19
Salzburg;2024-02-22;24.45
Salzburg;2024-02-23;23.61
Salzburg;2024-02-24;22.71
Salzburg;2024-02-25;21.67
Salzburg;2024-02-26;20.61
Salzburg;2024-02-27;19.45
Salzburg;2024-02-28;18.24
Salzburg;2024-02-29;17.06
Salzburg;2024-03-01;15.96
Salzburg;2024-03-02;14.93
Salzburg;2024-03-03;14.0
Salzburg;2024-03-04;13.19
Salzburg;2024-03-05;12.5
Salzburg;2024-03-06;11.94
Salzburg;2024-03-07;11.46
Salzburg;2024-03-08;11.01
Salzburg;2024-03-09;10.65
Salzburg;2024-03-10;10.31
Salzburg;2024-03-11;9.98
Salzburg;2024-03-12;9.64
Salzburg;2024-03-13;9.3
Salzburg;2024-03-14;9.02
Salzburg;2024-03-15;8.75
Salzburg;2024-03-16;8.57
Salzburg;2024-03-17;8.4
Salzburg;2024-03-18;8.27
Salzburg;2024-03-19;8.31
Salzburg;2024-03-20;8.39
Salzburg;2024-03-21;8.5
Salzburg;2024-03-22;8.68
Salzburg;2024-03-23;8.81
Salzburg;2024-03-24;8.93
Salzburg;2024-03-25;9.04
Salzburg;2024-03-26;8.98
Salzburg;2024-03-27;8.91
Salzburg;2024-03-28;8.84
Salzburg;2024-03-29;8.67
Salzburg;2024-03-30;8.44
Salzburg;2024-03-31;8.25
Salzburg;2024-04-01;8.0
Salzburg;2024-04-02;7.74
Salzburg;2024-04-03;7.4
Salzburg;2024-04-04;7.13
Salzburg;2024-04-05;6.87
Salzburg;2024-04-06;6.63
Salzburg;2024-04-07;6.38
Salzburg;2024-04-08;6.32
Salzburg;2024-04-09;6.2
Salzburg;2024-04-10;6.24
Salzburg;2024-04-11;6.29
Salzburg;2024-04-12;6.44
Salzburg;2024-04-13;6.59
Salzburg;2024-04-14;6.74
Salzburg;2024-04-15;6.9
Salzburg;2024-04-16;7.14
Salzburg;2024-04-17;7.45
Salzburg;2024-04-18;7.77
Salzburg;2024-04-19;8.17
Salzburg;2024-04-20;8.57
Salzburg;2024-04-21;9.05
Salzburg;2024-04-22;9.55
Salzburg;2024-04-23;10.13
Salzburg;2024-04-24;10.8
Salzburg;2024-04-25;11.49
Salzburg;2024-04-26;12.27
Salzburg;2024-04-27;12.98
Salzburg;2024-04-28;13.72
Salzburg;2024-04-29;14.39
Salzburg;2024-04-30;14.93
Salzburg;2024-05-01;15.57
Salzburg;2024-05-02;16.06
Salzburg;2024-05-03;16.56
Salzburg;2024-05-04;17.01
Salzburg;2024-05-05;17.48
Salzburg;2024-05-06;17.9
Salzburg;2024-05-07;18.35
Salzburg;2024-05-08;18.9
Salzburg;2024-05-09;19.55
Salzburg;2024-05-10;20.29
Salzburg;2024-05-11;21.1
Salzburg;2024-05-12;21.92
Salzburg;2024-05-13;22.88
Salzburg;2024-05-14;23.85
Salzburg;2024-05-15;24.96
Salzburg;2024-05-16;26.08
Salzburg;2024-05-17;27.29
Salzburg;2024-05-18;28.56
Salzburg;2024-05-19;29.85
Salzburg;2024-05-20;31.2
Salzburg;2024-05-21;32.58
Salzburg;2024-05-22;34.07
Salzburg;2024-05-23;35.51
Salzburg;2024-05-24;36.97
Salzburg;2024-05-25;38.34
Salzburg;2024-05-26;39.49
Salzburg;2024-05-27;40.5
Salzburg;2024-05-28;41.35
Salzburg;2024-05-29;42.05
Salzburg;2024-05-30;42.69
Salzburg;2024-05-31;43.18
Salzburg;2024-06-01;43.71
Salzburg;2024-06-02;44.13
Salzburg;2024-06-03;44.63
Salzburg;2024-06-04;45.29
Salzburg;2024-06-05;46.15
Salzburg;2024-06-06;47.19
Salzburg;2024-06-07;48.5
Salzburg;2024-06-08;49.98
Salzburg;2024-06-09;51.56
Salzburg;2024-06-10;53.36
Salzburg;2024-06-11;55.15
Salzburg;2024-06-12;57.12
Salzburg;2024-06-13;59.16
Salzburg;2024-06-14;61.14
Salzburg;2024-06-15;63.13
Salzburg;2024-06-16;65.06
Salzburg;2024-06-17;66.77
Salzburg;2024-06-18;68.39
Salzburg;2024-06-19;69.88
Salzburg;2024-06-20;71.23
Salzburg;2024-06-21;72.51
Salzburg;2024-06-22;73.77
Salzburg;2024-06-23;75.07
Salzburg;2024-06-24;76.44
Salzburg;2024-06-25;78.01
Salzburg;2024-06-26;79.64
Salzburg;2024-06-27;81.42
Salzburg;2024-06-28;83.15
Salzburg;2024-06-29;84.73
Salzburg;2024-06-30;86.17
Salzburg;2024-07-01;87.4
Salzburg;2024-07-02;88.61
Salzburg;2024-07-03;89.96
Salzburg;2024-07-04;91.64
Salzburg;2024-07-05;93.46
Salzburg;2024-07-06;95.35
Salzburg;2024-07-07;97.41
Salzburg;2024-07-08;99.44
Salzburg;2024-07-09;101.44
Salzburg;2024-07-10;103.48
Salzburg;2024-07-11;105.34
Salzburg;2024-07-12;106.96
Salzburg;2024-07-13;107.95
Salzburg;2024-07-14;108.19
Salzburg;2024-07-15;107.65
Salzburg;2024-07-16;106.41
Salzburg;2024-07-17;104.78
Salzburg;2024-07-18;103.07
Salzburg;2024-07-19;101.4
Salzburg;2024-07-20;99.74
Salzburg;2024-07-21;98.26
Salzburg;2024-07-22;97.0
Salzburg;2024-07-23;96.28
Salzburg;2024-07-24;96.02
Salzburg;2024-07-25;96.3
Salzburg;2024-07-26;96.96
Salzburg;2024-07-27;97.91
Salzburg;2024-07-28;99.01
Salzburg;2024-07-29;100.17
Salzburg;2024-07-30;101.19
Salzburg;2024-07-31;102.1
Salzburg;2024-08-01;102.75
Salzburg;2024-08-02;103.24
Salzburg;2024-08-03;103.5
Salzburg;2024-08-04;103.5
Salzburg;2024-08-05;103.21
Salzburg;2024-08-06;102.62
Salzburg;2024-08-07;101.89
Salzburg;2024-08-08;100.88
Salzburg;2024-08-09;99.98
Salzburg;2024-08-10;99.12
Salzburg;2024-08-11;98.6
Salzburg;2024-08-12;98.39
Salzburg;2024-08-13;98.63
Salzburg;2024-08-14;99.27
Salzburg;2024-08-15;100.35
Salzburg;2024-08-16;101.61
Salzburg;2024-08-17;103.11
Salzburg;2024-08-18;104.73
Salzburg;2024-08-19;106.47
Salzburg;2024-08-20;108.26
Salzburg;2024-08-21;110.08
Salzburg;2024-08-22;111.82
Salzburg;2024-08-23;113.56
Salzburg;2024-08-24;115.22
Salzburg;2024-08-25;116.87
Salzburg;2024-08-26;118.51
Salzburg;2024-08-27;120.04
Salzburg;2024-08-28;121.65
Salzburg;2024-08-29;123.25
Salzburg;2024-08-30;124.9
Salzburg;2024-08-31;126.46
Salzburg;2024-09-01;127.92
Salzburg;2024-09-02;129.42
Salzburg;2024-09-03;130.89
Salzburg;2024-09-04;132.52
Salzburg;2024-09-05;134.35
Salzburg;2024-09-06;136.52
Salzburg;2024-09-07;139.18
Salzburg;2024-09-08;142.42
Salzburg;2024-09-09;146.5
Salzburg;2024-09-10;151.81
Salzburg;2024-09-11;158.36
Salzburg;2024-09-12;166.11
Salzburg;2024-09-13;174.83
Salzburg;2024-09-14;184.33
Salzburg;2024-09-15;194.68
Salzburg;2024-09-16;205.75
Salzburg;2024-09-17;217.68
Salzburg;2024-09-18;230.36
Salzburg;2024-09-19;243.62
Salzburg;2024-09-20;256.88
Salzburg;2024-09-21;269.69
Salzburg;2024-09-22;281.61
Salzburg;2024-09-23;292.19
Salzburg;2024-09-24;301.28
Salzburg;2024-09-25;308.82
Salzburg;2024-09-26;315.03
Salzburg;2024-09-27;319.67
Salzburg;2024-09-28;322.85
Salzburg;2024-09-29;324.29
Salzburg;2024-09-30;324.14
Salzburg;2024-10-01;322.71
Salzburg;2024-10-02;320.49
Salzburg;2024-10-03;317.82
Salzburg;2024-10-04;314.65
Salzburg;2024-10-05;310.94
Salzburg;2024-10-06;306.45
Salzburg;2024-10-07;301.39
Salzburg;2024-10-08;295.88
Salzburg;2024-10-09;290.26
Salzburg;2024-10-10;284.68
Salzburg;2024-10-11;279.14
Salzburg;2024-10-12;273.57
Salzburg;2024-10-13;267.87
Salzburg;2024-10-14;262.25
Salzburg;2024-10-15;256.82
Salzburg;2024-10-16;251.85
Salzburg;2024-10-17;247.17
Salzburg;2024-10-18;242.63
Salzburg;2024-10-19;237.94
Salzburg;2024-10-20;232.74
Salzburg;2024-10-21;226.9
Salzburg;2024-10-22;220.42
Salzburg;2024-10-23;213.61
Salzburg;2024-10-24;206.4
Salzburg;2024-10-25;198.81
Salzburg;2024-10-26;190.86
Salzburg;2024-10-27;182.35
Salzburg;2024-10-28;173.44
Salzburg;2024-10-29;164.43
Salzburg;2024-10-30;155.62
Salzburg;2024-10-31;147.33
Salzburg;2024-11-01;139.55
Salzburg;2024-11-02;132.37
Salzburg;2024-11-03;125.88
Salzburg;2024-11-04;120.26
Salzburg;2024-11-05;115.33
Salzburg;2024-11-06;111.11
Salzburg;2024-11-07;107.35
Salzburg;2024-11-08;104.01
Salzburg;2024-11-09;100.82
Salzburg;2024-11-10;97.83
Salzburg;2024-11-11;94.83
Salzburg;2024-11-12;91.97
Salzburg;2024-11-13;89.21
Salzburg;2024-11-14;86.5
Salzburg;2024-11-15;83.89
Salzburg;2024-11-16;81.54
Salzburg;2024-11-17;79.4
Salzburg;2024-11-18;77.54
Salzburg;2024-11-19;76.03
Salzburg;2024-11-20;74.76
Salzburg;2024-11-21;73.6
Salzburg;2024-11-22;72.67
Salzburg;2024-11-23;71.79
Salzburg;2024-11-24;70.91
Salzburg;2024-11-25;70.18
Salzburg;2024-11-26;69.59
Salzburg;2024-11-27;69.23
Salzburg;2024-11-28;69.31
Salzburg;2024-11-29;69.65
Salzburg;2024-11-30;70.27
Salzburg;2024-12-01;71.28
Salzburg;2024-12-02;72.73
Salzburg;2024-12-03;74.55
Salzburg;2024-12-04;76.61
Salzburg;2024-12-05;78.82
Salzburg;2024-12-06;80.94
Salzburg;2024-12-07;82.64
Salzburg;2024-12-08;83.78
Salzburg;2024-12-09;84.25
Salzburg;2024-12-10;84.08
Salzburg;2024-12-11;83.65
Salzburg;2024-12-12;83.0
Salzburg;2024-12-13;82.29
Salzburg;2024-12-14;81.6
Salzburg;2024-12-15;80.9
Salzburg;2024-12-16;80.2
Salzburg;2024-12-17;79.49
Salzburg;2024-12-18;78.73
Salzburg;2024-12-19;77.92
Salzburg;2024-12-20;77.16
Salzburg;2024-12-21;76.54
Salzburg;2024-12-22;76.14
Salzburg;2024-12-23;75.99
Salzburg;2024-12-24;76.12
Salzburg;2024-12-25;76.31
Salzburg;2024-12-26;76.61
Salzburg;2024-12-27;76.81
Salzburg;2024-12-28;76.85
Salzburg;2024-12-29;76.6
Salzburg;2024-12-30;76.05
Salzburg;2024-12-31;75.13
Salzburg;2025-01-01;74.05
Salzburg;2025-01-02;72.73
Salzburg;2025-01-03;71.3
Salzburg;2025-01-04;69.79
Salzburg;2025-01-05;68.24
Salzburg;2025-01-06;66.58
Salzburg;2025-01-07;64.94
Salzburg;2025-01-08;63.28
Salzburg;2025-01-09;61.51
Salzburg;2025-01-10;59.78
Salzburg;2025-01-11;57.87
Salzburg;2025-01-12;55.86
Salzburg;2025-01-13;53.69
Salzburg;2025-01-14;51.29
Salzburg;2025-01-15;48.75
Salzburg;2025-01-16;46.15
Salzburg;2025-01-17;43.53
Salzburg;2025-01-18;40.93
Salzburg;2025-01-19;38.38
Salzburg;2025-01-20;36.01
Salzburg;2025-01-21;33.77
Salzburg;2025-01-22;31.82
Salzburg;2025-01-23;30.04
Salzburg;2025-01-24;28.36
Salzburg;2025-01-25;26.87
Salzburg;2025-01-26;25.49
Salzburg;2025-01-27;24.2
Salzburg;2025-01-28;23.09
Salzburg;2025-01-29;22.09
Salzburg;2025-01-30;21.18
Salzburg;2025-01-31;20.44
Salzburg;2025-02-01;19.81
Salzburg;2025-02-02;19.27
Salzburg;2025-02-03;18.92
Salzburg;2025-02-04;18.58
Salzburg;2025-02-05;18.4
Salzburg;2025-02-06;18.28
Salzburg;2025-02-07;18.23
Salzburg;2025-02-08;18.15
Salzburg;2025-02-09;18.19
Salzburg;2025-02-10;18.2
Salzburg;2025-02-11;18.24
Salzburg;2025-02-12;18.3
Salzburg;2025-02-13;18.34
Salzburg;2025-02-14;18.46
Salzburg;2025-02-15;18.47
Salzburg;2025-02-16;18.44
Salzburg;2025-02-17;18.41
Salzburg;2025-02-18;18.34
Salzburg;2025-02-19;18.22
Salzburg;2025-02-20;18.13
Salzburg;2025-02-21;17.92
Salzburg;2025-02-22;17.73
Salzburg;2025-02-23;17.42
Salzburg;2025-02-24;16.99
Salzburg;2025-02-25;16.49
Salzburg;2025-02-26;15.96
Salzburg;2025-02-27;15.43
Salzburg;2025-02-28;14.83
Salzburg;2025-03-01;14.25
Salzburg;2025-03-02;13.76
Salzburg;2025-03-03;13.37
Salzburg;2025-03-04;12.98
Salzburg;2025-03-05;12.66
Salzburg;2025-03-06;12.42
Salzburg;2025-03-07;12.18
Salzburg;2025-03-08;12.05
Salzburg;2025-03-09;11.92
Salzburg;2025-03-10;11.83
Salzburg;2025-03-11;11.78
Salzburg;2025-03-12;11.73
Salzburg;2025-03-13;11.82
Salzburg;2025-03-14;11.8
Salzburg;2025-03-15;11.97
Salzburg;2025-03-16;12.12
Salzburg;2025-03-17;12.4
Salzburg;2025-03-18;11.63
Salzburg;2025-03-19;12.1
Salzburg;2025-03-20;12.16
Salzburg;2025-03-21;12.67
Salzburg;2025-03-22;13.09
Salzburg;2025-03-23;13.59
Kärnten;2022-09-01;91.9
Kärnten;2022-09-02;92.65
Kärnten;2022-09-03;93.42
Kärnten;2022-09-04;94.31
Kärnten;2022-09-05;95.31
Kärnten;2022-09-06;96.51
Kärnten;2022-09-07;98.13
Kärnten;2022-09-08;100.2
Kärnten;2022-09-09;102.75
Kärnten;2022-09-10;105.84
Kärnten;2022-09-11;109.61
Kärnten;2022-09-12;114.2
Kärnten;2022-09-13;119.55
Kärnten;2022-09-14;125.68
Kärnten;2022-09-15;132.45
Kärnten;2022-09-16;139.85
Kärnten;2022-09-17;147.85
Kärnten;2022-09-18;156.45
Kärnten;2022-09-19;165.67
Kärnten;2022-09-20;175.56
Kärnten;2022-09-21;186.0
Kärnten;2022-09-22;196.91
Kärnten;2022-09-23;208.04
Kärnten;2022-09-24;219.28
Kärnten;2022-09-25;230.38
Kärnten;2022-09-26;241.02
Kärnten;2022-09-27;250.87
Kärnten;2022-09-28;259.73
Kärnten;2022-09-29;267.41
Kärnten;2022-09-30;274.02
Kärnten;2022-10-01;279.5
Kärnten;2022-10-02;283.85
Kärnten;2022-10-03;287.05
Kärnten;2022-10-04;289.26
Kärnten;2022-10-05;290.65
Kärnten;2022-10-06;291.26
Kärnten;2022-10-07;290.94
Kärnten;2022-10-08;289.55
Kärnten;2022-10-09;286.68
Kärnten;2022-10-10;282.2
Kärnten;2022-10-11;275.95
Kärnten;2022-10-12;268.35
Kärnten;2022-10-13;259.56
Kärnten;2022-10-14;250.01
Kärnten;2022-10-15;239.91
Kärnten;2022-10-16;229.65
Kärnten;2022-10-17;219.29
Kärnten;2022-10-18;209.09
Kärnten;2022-10-19;199.23
Kärnten;2022-10-20;189.81
Kärnten;2022-10-21;180.74
Kärnten;2022-10-22;172.16
Kärnten;2022-10-23;164.12
Kärnten;2022-10-24;156.56
Kärnten;2022-10-25;149.52
Kärnten;2022-10-26;142.91
Kärnten;2022-10-27;136.61
Kärnten;2022-10-28;130.64
Kärnten;2022-10-29;125.07
Kärnten;2022-10-30;119.89
Kärnten;2022-10-31;115.12
Kärnten;2022-11-01;110.9
Kärnten;2022-11-02;107.19
Kärnten;2022-11-03;103.91
Kärnten;2022-11-04;101.13
Kärnten;2022-11-05;98.73
Kärnten;2022-11-06;96.81
Kärnten;2022-11-07;95.46
Kärnten;2022-11-08;94.73
Kärnten;2022-11-09;94.64
Kärnten;2022-11-10;95.11
Kärnten;2022-11-11;96.01
Kärnten;2022-11-12;97.14
Kärnten;2022-11-13;98.37
Kärnten;2022-11-14;99.78
Kärnten;2022-11-15;101.31
Kärnten;2022-11-16;103.1
Kärnten;2022-11-17;105.0
Kärnten;2022-11-18;107.05
Kärnten;2022-11-19;109.11
Kärnten;2022-11-20;111.13
Kärnten;2022-11-21;113.19
Kärnten;2022-11-22;115.32
Kärnten;2022-11-23;117.58
Kärnten;2022-11-24;120.02
Kärnten;2022-11-25;122.47
Kärnten;2022-11-26;124.88
Kärnten;2022-11-27;127.06
Kärnten;2022-11-28;128.99
Kärnten;2022-11-29;130.56
Kärnten;2022-11-30;131.65
Kärnten;2022-12-01;132.48
Kärnten;2022-12-02;133.12
Kärnten;2022-12-03;133.66
Kärnten;2022-12-04;134.31
Kärnten;2022-12-05;135.11
Kärnten;2022-12-06;136.23
Kärnten;2022-12-07;137.72
Kärnten;2022-12-08;139.55
Kärnten;2022-12-09;141.62
Kärnten;2022-12-10;143.9
Kärnten;2022-12-11;146.35
Kärnten;2022-12-12;148.85
Kärnten;2022-12-13;151.62
Kärnten;2022-12-14;154.52
Kärnten;2022-12-15;157.55
Kärnten;2022-12-16;160.46
Kärnten;2022-12-17;163.16
Kärnten;2022-12-18;165.46
Kärnten;2022-12-19;167.07
Kärnten;2022-12-20;168.05
Kärnten;2022-12-21;168.34
Kärnten;2022-12-22;168.05
Kärnten;2022-12-23;167.31
Kärnten;2022-12-24;166.24
Kärnten;2022-12-25;164.94
Kärnten;2022-12-26;163.44
Kärnten;2022-12-27;161.68
Kärnten;2022-12-28;159.77
Kärnten;2022-12-29;157.57
Kärnten;2022-12-30;155.3
Kärnten;2022-12-31;152.86
Kärnten;2023-01-01;150.38
Kärnten;2023-01-02;147.7
Kärnten;2023-01-03;144.87
Kärnten;2023-01-04;141.93
Kärnten;2023-01-05;138.75
Kärnten;2023-01-06;135.58
Kärnten;2023-01-07;132.36
Kärnten;2023-01-08;129.22
Kärnten;2023-01-09;126.23
Kärnten;2023-01-10;123.45
Kärnten;2023-01-11;120.94
Kärnten;2023-01-12;118.64
Kärnten;2023-01-13;116.6
Kärnten;2023-01-14;114.64
Kärnten;2023-01-15;107.94
Kärnten;2023-01-16;106.33
Kärnten;2023-01-17;104.8
Kärnten;2023-01-18;103.46
Kärnten;2023-01-19;102.32
Kärnten;2023-01-20;101.5
Kärnten;2023-01-21;101.05
Kärnten;2023-01-22;101.03
Kärnten;2023-01-23;101.71
Kärnten;2023-01-24;103.02
Kärnten;2023-01-25;105.01
Kärnten;2023-01-26;107.58
Kärnten;2023-01-27;110.67
Kärnten;2023-01-28;114.03
Kärnten;2023-01-29;117.76
Kärnten;2023-01-30;121.78
Kärnten;2023-01-31;126.2
Kärnten;2023-02-01;130.95
Kärnten;2023-02-02;135.97
Kärnten;2023-02-03;141.12
Kärnten;2023-02-04;146.34
Kärnten;2023-02-05;151.52
Kärnten;2023-02-06;156.66
Kärnten;2023-02-07;161.77
Kärnten;2023-02-08;167.02
Kärnten;2023-02-09;172.4
Kärnten;2023-02-10;177.82
Kärnten;2023-02-11;183.26
Kärnten;2023-02-12;188.63
Kärnten;2023-02-13;193.97
Kärnten;2023-02-14;199.34
Kärnten;2023-02-15;204.78
Kärnten;2023-02-16;210.27
Kärnten;2023-02-17;215.52
Kärnten;2023-02-18;220.32
Kärnten;2023-02-19;224.43
Kärnten;2023-02-20;227.71
Kärnten;2023-02-21;230.21
Kärnten;2023-02-22;232.13
Kärnten;2023-02-23;233.55
Kärnten;2023-02-24;234.64
Kärnten;2023-02-25;235.41
Kärnten;2023-02-26;235.84
Kärnten;2023-02-27;235.86
Kärnten;2023-02-28;235.43
Kärnten;2023-03-01;234.35
Kärnten;2023-03-02;232.8
Kärnten;2023-03-03;230.69
Kärnten;2023-03-04;228.19
Kärnten;2023-03-05;225.16
Kärnten;2023-03-06;221.83
Kärnten;2023-03-07;218.13
Kärnten;2023-03-08;214.19
Kärnten;2023-03-09;210.03
Kärnten;2023-03-10;205.78
Kärnten;2023-03-11;201.28
Kärnten;2023-03-12;196.57
Kärnten;2023-03-13;191.67
Kärnten;2023-03-14;186.62
Kärnten;2023-03-15;181.43
Kärnten;2023-03-16;176.21
Kärnten;2023-03-17;170.9
Kärnten;2023-03-18;165.61
Kärnten;2023-03-19;160.24
Kärnten;2023-03-20;154.96
Kärnten;2023-03-21;149.67
Kärnten;2023-03-22;144.51
Kärnten;2023-03-23;139.45
Kärnten;2023-03-24;134.48
Kärnten;2023-03-25;129.46
Kärnten;2023-03-26;124.44
Kärnten;2023-03-27;119.4
Kärnten;2023-03-28;114.46
Kärnten;2023-03-29;109.67
Kärnten;2023-03-30;105.16
Kärnten;2023-03-31;100.89
Kärnten;2023-04-01;96.82
Kärnten;2023-04-02;93.07
Kärnten;2023-04-03;89.63
Kärnten;2023-04-04;86.47
Kärnten;2023-04-05;83.63
Kärnten;2023-04-06;81.12
Kärnten;2023-04-07;78.76
Kärnten;2023-04-08;76.6
Kärnten;2023-04-09;74.57
Kärnten;2023-04-10;72.71
Kärnten;2023-04-11;70.91
Kärnten;2023-04-12;69.23
Kärnten;2023-04-13;67.57
Kärnten;2023-04-14;65.96
Kärnten;2023-04-15;64.33
Kärnten;2023-04-16;62.67
Kärnten;2023-04-17;61.05
Kärnten;2023-04-18;59.48
Kärnten;2023-04-19;58.02
Kärnten;2023-04-20;56.64
Kärnten;2023-04-21;55.28
Kärnten;2023-04-22;54.02
Kärnten;2023-04-23;52.71
Kärnten;2023-04-24;51.4
Kärnten;2023-04-25;50.01
Kärnten;2023-04-26;48.51
Kärnten;2023-04-27;46.98
Kärnten;2023-04-28;45.43
Kärnten;2023-04-29;43.84
Kärnten;2023-04-30;42.24
Kärnten;2023-05-01;40.81
Kärnten;2023-05-02;39.42
Kärnten;2023-05-03;38.1
Kärnten;2023-05-04;36.92
Kärnten;2023-05-05;35.75
Kärnten;2023-05-06;34.57
Kärnten;2023-05-07;33.44
Kärnten;2023-05-08;32.24
Kärnten;2023-05-09;31.02
Kärnten;2023-05-10;29.81
Kärnten;2023-05-11;28.62
Kärnten;2023-05-12;27.43
Kärnten;2023-05-13;26.28
Kärnten;2023-05-14;25.21
Kärnten;2023-05-15;24.18
Kärnten;2023-05-16;23.28
Kärnten;2023-05-17;22.42
Kärnten;2023-05-18;21.68
Kärnten;2023-05-19;21.02
Kärnten;2023-05-20;20.38
Kärnten;2023-05-21;19.71
Kärnten;2023-05-22;19.07
Kärnten;2023-05-23;18.43
Kärnten;2023-05-24;17.81
Kärnten;2023-05-25;17.22
Kärnten;2023-05-26;16.64
Kärnten;2023-05-27;16.09
Kärnten;2023-05-28;15.58
Kärnten;2023-05-29;15.06
Kärnten;2023-05-30;14.64
Kärnten;2023-05-31;14.24
Kärnten;2023-06-01;13.89
Kärnten;2023-06-02;13.52
Kärnten;2023-06-03;13.21
Kärnten;2023-06-04;12.81
Kärnten;2023-06-05;12.42
Kärnten;2023-06-06;12.02
Kärnten;2023-06-07;11.59
Kärnten;2023-06-08;11.15
Kärnten;2023-06-09;10.7
Kärnten;2023-06-10;10.27
Kärnten;2023-06-11;9.86
Kärnten;2023-06-12;9.45
Kärnten;2023-06-13;9.03
Kärnten;2023-06-14;8.64
Kärnten;2023-06-15;8.25
Kärnten;2023-06-16;7.84
Kärnten;2023-06-17;7.49
Kärnten;2023-06-18;7.22
Kärnten;2023-06-19;6.97
Kärnten;2023-06-20;6.79
Kärnten;2023-06-21;6.63
Kärnten;2023-06-22;6.6
Kärnten;2023-06-23;6.56
Kärnten;2023-06-24;6.5
Kärnten;2023-06-25;6.52
Kärnten;2023-06-26;6.53
Kärnten;2023-06-27;6.51
Kärnten;2023-06-28;6.51
Kärnten;2023-06-29;6.52
Kärnten;2023-06-30;6.57
Kärnten;2023-07-01;6.62
Kärnten;2023-07-02;6.77
Kärnten;2023-07-03;6.94
Kärnten;2023-07-04;7.2
Kärnten;2023-07-05;7.54
Kärnten;2023-07-06;7.89
Kärnten;2023-07-07;8.25
Kärnten;2023-07-08;8.6
Kärnten;2023-07-09;8.92
Kärnten;2023-07-10;9.19
Kärnten;2023-07-11;9.38
Kärnten;2023-07-12;9.62
Kärnten;2023-07-13;9.82
Kärnten;2023-07-14;10.02
Kärnten;2023-07-15;10.27
Kärnten;2023-07-16;10.54
Kärnten;2023-07-17;10.89
Kärnten;2023-07-18;11.25
Kärnten;2023-07-19;11.7
Kärnten;2023-07-20;12.28
Kärnten;2023-07-21;12.89
Kärnten;2023-07-22;13.6
Kärnten;2023-07-23;14.36
Kärnten;2023-07-24;15.18
Kärnten;2023-07-25;16.13
Kärnten;2023-07-26;17.12
Kärnten;2023-07-27;18.2
Kärnten;2023-07-28;19.23
Kärnten;2023-07-29;20.21
Kärnten;2023-07-30;21.09
Kärnten;2023-07-31;21.84
Kärnten;2023-08-01;22.46
Kärnten;2023-08-02;22.96
Kärnten;2023-08-03;23.52
Kärnten;2023-08-04;24.06
Kärnten;2023-08-05;24.66
Kärnten;2023-08-06;25.36
Kärnten;2023-08-07;26.19
Kärnten;2023-08-08;27.09
Kärnten;2023-08-09;28.15
Kärnten;2023-08-10;29.28
Kärnten;2023-08-11;30.41
Kärnten;2023-08-12;31.66
Kärnten;2023-08-13;32.98
Kärnten;2023-08-14;34.37
Kärnten;2023-08-15;35.8
Kärnten;2023-08-16;37.35
Kärnten;2023-08-17;38.93
Kärnten;2023-08-18;40.63
Kärnten;2023-08-19;42.4
Kärnten;2023-08-20;44.18
Kärnten;2023-08-21;46.02
Kärnten;2023-08-22;47.93
Kärnten;2023-08-23;49.9
Kärnten;2023-08-24;51.74
Kärnten;2023-08-25;53.55
Kärnten;2023-08-26;55.07
Kärnten;2023-08-27;56.29
Kärnten;2023-08-28;57.12
Kärnten;2023-08-29;57.74
Kärnten;2023-08-30;58.25
Kärnten;2023-08-31;58.76
Kärnten;2023-09-01;59.29
Kärnten;2023-09-02;59.9
Kärnten;2023-09-03;60.57
Kärnten;2023-09-04;61.34
Kärnten;2023-09-05;62.22
Kärnten;2023-09-06;63.22
Kärnten;2023-09-07;64.27
Kärnten;2023-09-08;65.4
Kärnten;2023-09-09;66.63
Kärnten;2023-09-10;67.96
Kärnten;2023-09-11;69.26
Kärnten;2023-09-12;70.65
Kärnten;2023-09-13;72.14
Kärnten;2023-09-14;73.63
Kärnten;2023-09-15;75.17
Kärnten;2023-09-16;76.7
Kärnten;2023-09-17;78.25
Kärnten;2023-09-18;79.86
Kärnten;2023-09-19;81.6
Kärnten;2023-09-20;83.4
Kärnten;2023-09-21;85.47
Kärnten;2023-09-22;87.66
Kärnten;2023-09-23;90.11
Kärnten;2023-09-24;92.88
Kärnten;2023-09-25;95.92
Kärnten;2023-09-26;99.37
Kärnten;2023-09-27;103.07
Kärnten;2023-09-28;106.94
Kärnten;2023-09-29;110.87
Kärnten;2023-09-30;114.72
Kärnten;2023-10-01;118.3
Kärnten;2023-10-02;121.51
Kärnten;2023-10-03;124.32
Kärnten;2023-10-04;126.75
Kärnten;2023-10-05;128.88
Kärnten;2023-10-06;130.91
Kärnten;2023-10-07;132.98
Kärnten;2023-10-08;135.17
Kärnten;2023-10-09;137.61
Kärnten;2023-10-10;140.41
Kärnten;2023-10-11;143.4
Kärnten;2023-10-12;146.61
Kärnten;2023-10-13;149.91
Kärnten;2023-10-14;153.13
Kärnten;2023-10-15;156.15
Kärnten;2023-10-16;158.91
Kärnten;2023-10-17;161.32
Kärnten;2023-10-18;163.38
Kärnten;2023-10-19;165.12
Kärnten;2023-10-20;166.51
Kärnten;2023-10-21;167.6
Kärnten;2023-10-22;168.37
Kärnten;2023-10-23;168.75
Kärnten;2023-10-24;168.96
Kärnten;2023-10-25;169.13
Kärnten;2023-10-26;169.36
Kärnten;2023-10-27;169.79
Kärnten;2023-10-28;170.62
Kärnten;2023-10-29;171.92
Kärnten;2023-10-30;173.86
Kärnten;2023-10-31;176.56
Kärnten;2023-11-01;180.05
Kärnten;2023-11-02;184.38
Kärnten;2023-11-03;189.62
Kärnten;2023-11-04;195.82
Kärnten;2023-11-05;203.37
Kärnten;2023-11-06;212.39
Kärnten;2023-11-07;223.05
Kärnten;2023-11-08;235.1
Kärnten;2023-11-09;248.49
Kärnten;2023-11-10;262.84
Kärnten;2023-11-11;277.88
Kärnten;2023-11-12;293.59
Kärnten;2023-11-13;309.82
Kärnten;2023-11-14;326.58
Kärnten;2023-11-15;343.85
Kärnten;2023-11-16;361.53
Kärnten;2023-11-17;379.62
Kärnten;2023-11-18;398.06
Kärnten;2023-11-19;416.87
Kärnten;2023-11-20;436.0
Kärnten;2023-11-21;455.45
Kärnten;2023-11-22;475.0
Kärnten;2023-11-23;494.09
Kärnten;2023-11-24;511.95
Kärnten;2023-11-25;527.64
Kärnten;2023-11-26;540.16
Kärnten;2023-11-27;549.2
Kärnten;2023-11-28;555.18
Kärnten;2023-11-29;558.89
Kärnten;2023-11-30;561.1
Kärnten;2023-12-01;562.38
Kärnten;2023-12-02;563.03
Kärnten;2023-12-03;563.3
Kärnten;2023-12-04;563.36
Kärnten;2023-12-05;563.3
Kärnten;2023-12-06;563.2
Kärnten;2023-12-07;563.01
Kärnten;2023-12-08;562.63
Kärnten;2023-12-09;561.95
Kärnten;2023-12-10;560.77
Kärnten;2023-12-11;558.9
Kärnten;2023-12-12;556.13
Kärnten;2023-12-13;552.27
Kärnten;2023-12-14;547.26
Kärnten;2023-12-15;541.05
Kärnten;2023-12-16;533.44
Kärnten;2023-12-17;524.31
Kärnten;2023-12-18;513.47
Kärnten;2023-12-19;501.13
Kärnten;2023-12-20;487.59
Kärnten;2023-12-21;473.11
Kärnten;2023-12-22;458.08
Kärnten;2023-12-23;442.71
Kärnten;2023-12-24;427.09
Kärnten;2023-12-25;411.43
Kärnten;2023-12-26;395.82
Kärnten;2023-12-27;380.28
Kärnten;2023-12-28;364.88
Kärnten;2023-12-29;349.63
Kärnten;2023-12-30;334.52
Kärnten;2023-12-31;319.45
Kärnten;2024-01-01;304.61
Kärnten;2024-01-02;289.86
Kärnten;2024-01-03;275.2
Kärnten;2024-01-04;260.78
Kärnten;2024-01-05;246.58
Kärnten;2024-01-06;232.82
Kärnten;2024-01-07;219.54
Kärnten;2024-01-08;207.03
Kärnten;2024-01-09;195.34
Kärnten;2024-01-10;184.49
Kärnten;2024-01-11;174.35
Kärnten;2024-01-12;164.87
Kärnten;2024-01-13;156.06
Kärnten;2024-01-14;147.84
Kärnten;2024-01-15;140.29
Kärnten;2024-01-16;133.36
Kärnten;2024-01-17;126.96
Kärnten;2024-01-18;120.91
Kärnten;2024-01-19;115.15
Kärnten;2024-01-20;109.53
Kärnten;2024-01-21;103.93
Kärnten;2024-01-22;98.37
Kärnten;2024-01-23;92.96
Kärnten;2024-01-24;87.84
Kärnten;2024-01-25;82.98
Kärnten;2024-01-26;78.45
Kärnten;2024-01-27;74.26
Kärnten;2024-01-28;70.41
Kärnten;2024-01-29;66.9
Kärnten;2024-01-30;63.86
Kärnten;2024-01-31;61.2
Kärnten;2024-02-01;58.93
Kärnten;2024-02-02;56.95
Kärnten;2024-02-03;55.08
Kärnten;2024-02-04;53.3
Kärnten;2024-02-05;51.46
Kärnten;2024-02-06;49.48
Kärnten;2024-02-07;47.38
Kärnten;2024-02-08;45.0
Kärnten;2024-02-09;42.57
Kärnten;2024-02-10;40.16
Kärnten;2024-02-11;37.78
Kärnten;2024-02-12;35.48
Kärnten;2024-02-13;33.32
Kärnten;2024-02-14;31.32
Kärnten;2024-02-15;29.41
Kärnten;2024-02-16;27.58
Kärnten;2024-02-17;25.83
Kärnten;2024-02-18;24.14
Kärnten;2024-02-19;22.53
Kärnten;2024-02-20;21.01
Kärnten;2024-02-21;19.56
Kärnten;2024-02-22;18.18
Kärnten;2024-02-23;16.85
Kärnten;2024-02-24;15.63
Kärnten;2024-02-25;14.47
Kärnten;2024-02-26;13.37
Kärnten;2024-02-27;12.4
Kärnten;2024-02-28;11.56
Kärnten;2024-02-29;10.83
Kärnten;2024-03-01;10.19
Kärnten;2024-03-02;9.7
Kärnten;2024-03-03;9.24
Kärnten;2024-03-04;8.95
Kärnten;2024-03-05;8.64
Kärnten;2024-03-06;8.43
Kärnten;2024-03-07;8.23
Kärnten;2024-03-08;8.04
Kärnten;2024-03-09;7.91
Kärnten;2024-03-10;7.72
Kärnten;2024-03-11;7.56
Kärnten;2024-03-12;7.4
Kärnten;2024-03-13;7.18
Kärnten;2024-03-14;6.98
Kärnten;2024-03-15;6.74
Kärnten;2024-03-16;6.53
Kärnten;2024-03-17;6.28
Kärnten;2024-03-18;6.05
Kärnten;2024-03-19;5.82
Kärnten;2024-03-20;5.57
Kärnten;2024-03-21;5.37
Kärnten;2024-03-22;5.2
Kärnten;2024-03-23;5.02
Kärnten;2024-03-24;4.87
Kärnten;2024-03-25;4.75
Kärnten;2024-03-26;4.69
Kärnten;2024-03-27;4.63
Kärnten;2024-03-28;4.59
Kärnten;2024-03-29;4.62
Kärnten;2024-03-30;4.68
Kärnten;2024-03-31;4.73
Kärnten;2024-04-01;4.81
Kärnten;2024-04-02;4.91
Kärnten;2024-04-03;5.09
Kärnten;2024-04-04;5.25
Kärnten;2024-04-05;5.43
Kärnten;2024-04-06;5.59
Kärnten;2024-04-07;5.78
Kärnten;2024-04-08;5.98
Kärnten;2024-04-09;6.2
Kärnten;2024-04-10;6.42
Kärnten;2024-04-11;6.66
Kärnten;2024-04-12;6.89
Kärnten;2024-04-13;7.12
Kärnten;2024-04-14;7.32
Kärnten;2024-04-15;7.44
Kärnten;2024-04-16;7.52
Kärnten;2024-04-17;7.62
Kärnten;2024-04-18;7.67
Kärnten;2024-04-19;7.72
Kärnten;2024-04-20;7.75
Kärnten;2024-04-21;7.79
Kärnten;2024-04-22;7.89
Kärnten;2024-04-23;7.97
Kärnten;2024-04-24;8.09
Kärnten;2024-04-25;8.28
Kärnten;2024-04-26;8.45
Kärnten;2024-04-27;8.65
Kärnten;2024-04-28;8.82
Kärnten;2024-04-29;9.02
Kärnten;2024-04-30;9.17
Kärnten;2024-05-01;9.32
Kärnten;2024-05-02;9.47
Kärnten;2024-05-03;9.65
Kärnten;2024-05-04;9.84
Kärnten;2024-05-05;10.05
Kärnten;2024-05-06;10.34
Kärnten;2024-05-07;10.66
Kärnten;2024-05-08;11.01
Kärnten;2024-05-09;11.43
Kärnten;2024-05-10;11.87
Kärnten;2024-05-11;12.38
Kärnten;2024-05-12;12.98
Kärnten;2024-05-13;13.64
Kärnten;2024-05-14;14.34
Kärnten;2024-05-15;15.05
Kärnten;2024-05-16;15.83
Kärnten;2024-05-17;16.7
Kärnten;2024-05-18;17.52
Kärnten;2024-05-19;18.35
Kärnten;2024-05-20;19.13
Kärnten;2024-05-21;19.97
Kärnten;2024-05-22;20.79
Kärnten;2024-05-23;21.51
Kärnten;2024-05-24;22.21
Kärnten;2024-05-25;22.78
Kärnten;2024-05-26;23.25
Kärnten;2024-05-27;23.63
Kärnten;2024-05-28;23.9
Kärnten;2024-05-29;24.19
Kärnten;2024-05-30;24.53
Kärnten;2024-05-31;24.83
Kärnten;2024-06-01;25.2
Kärnten;2024-06-02;25.59
Kärnten;2024-06-03;26.0
Kärnten;2024-06-04;26.46
Kärnten;2024-06-05;26.99
Kärnten;2024-06-06;27.61
Kärnten;2024-06-07;28.21
Kärnten;2024-06-08;28.88
Kärnten;2024-06-09;29.59
Kärnten;2024-06-10;30.32
Kärnten;2024-06-11;31.1
Kärnten;2024-06-12;32.01
Kärnten;2024-06-13;33.12
Kärnten;2024-06-14;34.36
Kärnten;2024-06-15;35.69
Kärnten;2024-06-16;37.24
Kärnten;2024-06-17;38.96
Kärnten;2024-06-18;40.78
Kärnten;2024-06-19;42.67
Kärnten;2024-06-20;44.62
Kärnten;2024-06-21;46.49
Kärnten;2024-06-22;48.31
Kärnten;2024-06-23;50.03
Kärnten;2024-06-24;51.62
Kärnten;2024-06-25;53.22
Kärnten;2024-06-26;54.78
Kärnten;2024-06-27;56.36
Kärnten;2024-06-28;58.02
Kärnten;2024-06-29;59.64
Kärnten;2024-06-30;61.16
Kärnten;2024-07-01;62.7
Kärnten;2024-07-02;64.2
Kärnten;2024-07-03;65.7
Kärnten;2024-07-04;67.15
Kärnten;2024-07-05;68.59
Kärnten;2024-07-06;69.94
Kärnten;2024-07-07;71.15
Kärnten;2024-07-08;72.14
Kärnten;2024-07-09;72.99
Kärnten;2024-07-10;73.71
Kärnten;2024-07-11;74.31
Kärnten;2024-07-12;74.78
Kärnten;2024-07-13;75.19
Kärnten;2024-07-14;75.39
Kärnten;2024-07-15;75.52
Kärnten;2024-07-16;75.56
Kärnten;2024-07-17;75.73
Kärnten;2024-07-18;75.94
Kärnten;2024-07-19;76.29
Kärnten;2024-07-20;76.76
Kärnten;2024-07-21;77.33
Kärnten;2024-07-22;78.03
Kärnten;2024-07-23;78.85
Kärnten;2024-07-24;79.89
Kärnten;2024-07-25;81.12
Kärnten;2024-07-26;82.62
Kärnten;2024-07-27;84.44
Kärnten;2024-07-28;86.65
Kärnten;2024-07-29;89.28
Kärnten;2024-07-30;92.32
Kärnten;2024-07-31;95.64
Kärnten;2024-08-01;99.11
Kärnten;2024-08-02;102.52
Kärnten;2024-08-03;105.74
Kärnten;2024-08-04;108.56
Kärnten;2024-08-05;110.93
Kärnten;2024-08-06;112.85
Kärnten;2024-08-07;114.52
Kärnten;2024-08-08;116.0
Kärnten;2024-08-09;117.42
Kärnten;2024-08-10;118.8
Kärnten;2024-08-11;120.24
Kärnten;2024-08-12;121.79
Kärnten;2024-08-13;123.41
Kärnten;2024-08-14;125.12
Kärnten;2024-08-15;126.83
Kärnten;2024-08-16;128.48
Kärnten;2024-08-17;129.97
Kärnten;2024-08-18;131.2
Kärnten;2024-08-19;132.13
Kärnten;2024-08-20;132.91
Kärnten;2024-08-21;133.62
Kärnten;2024-08-22;134.48
Kärnten;2024-08-23;135.5
Kärnten;2024-08-24;136.68
Kärnten;2024-08-25;138.11
Kärnten;2024-08-26;139.71
Kärnten;2024-08-27;141.52
Kärnten;2024-08-28;143.46
Kärnten;2024-08-29;145.49
Kärnten;2024-08-30;147.51
Kärnten;2024-08-31;149.4
Kärnten;2024-09-01;151.18
Kärnten;2024-09-02;152.81
Kärnten;2024-09-03;154.56
Kärnten;2024-09-04;156.63
Kärnten;2024-09-05;159.06
Kärnten;2024-09-06;161.86
Kärnten;2024-09-07;164.92
Kärnten;2024-09-08;168.33
Kärnten;2024-09-09;172.22
Kärnten;2024-09-10;176.76
Kärnten;2024-09-11;182.14
Kärnten;2024-09-12;188.39
Kärnten;2024-09-13;195.5
Kärnten;2024-09-14;203.52
Kärnten;2024-09-15;212.54
Kärnten;2024-09-16;222.52
Kärnten;2024-09-17;233.31
Kärnten;2024-09-18;244.69
Kärnten;2024-09-19;256.43
Kärnten;2024-09-20;268.16
Kärnten;2024-09-21;279.53
Kärnten;2024-09-22;290.25
Kärnten;2024-09-23;300.12
Kärnten;2024-09-24;309.03
Kärnten;2024-09-25;317.19
Kärnten;2024-09-26;324.67
Kärnten;2024-09-27;331.46
Kärnten;2024-09-28;337.38
Kärnten;2024-09-29;342.42
Kärnten;2024-09-30;346.44
Kärnten;2024-10-01;349.68
Kärnten;2024-10-02;352.13
Kärnten;2024-10-03;353.97
Kärnten;2024-10-04;354.89
Kärnten;2024-10-05;354.68
Kärnten;2024-10-06;352.97
Kärnten;2024-10-07;349.71
Kärnten;2024-10-08;345.07
Kärnten;2024-10-09;339.54
Kärnten;2024-10-10;333.46
Kärnten;2024-10-11;326.99
Kärnten;2024-10-12;320.25
Kärnten;2024-10-13;313.27
Kärnten;2024-10-14;306.03
Kärnten;2024-10-15;298.39
Kärnten;2024-10-16;290.37
Kärnten;2024-10-17;281.97
Kärnten;2024-10-18;273.19
Kärnten;2024-10-19;264.13
Kärnten;2024-10-20;254.78
Kärnten;2024-10-21;245.21
Kärnten;2024-10-22;235.48
Kärnten;2024-10-23;225.71
Kärnten;2024-10-24;215.9
Kärnten;2024-10-25;206.12
Kärnten;2024-10-26;196.47
Kärnten;2024-10-27;187.03
Kärnten;2024-10-28;177.96
Kärnten;2024-10-29;169.3
Kärnten;2024-10-30;161.17
Kärnten;2024-10-31;153.59
Kärnten;2024-11-01;146.6
Kärnten;2024-11-02;140.13
Kärnten;2024-11-03;134.38
Kärnten;2024-11-04;129.35
Kärnten;2024-11-05;125.05
Kärnten;2024-11-06;121.5
Kärnten;2024-11-07;118.46
Kärnten;2024-11-08;115.9
Kärnten;2024-11-09;113.61
Kärnten;2024-11-10;111.61
Kärnten;2024-11-11;109.94
Kärnten;2024-11-12;108.57
Kärnten;2024-11-13;107.46
Kärnten;2024-11-14;106.63
Kärnten;2024-11-15;105.99
Kärnten;2024-11-16;105.52
Kärnten;2024-11-17;105.27
Kärnten;2024-11-18;105.24
Kärnten;2024-11-19;105.53
Kärnten;2024-11-20;106.17
Kärnten;2024-11-21;107.17
Kärnten;2024-11-22;108.47
Kärnten;2024-11-23;110.0
Kärnten;2024-11-24;111.75
Kärnten;2024-11-25;113.68
Kärnten;2024-11-26;115.79
Kärnten;2024-11-27;118.14
Kärnten;2024-11-28;120.62
Kärnten;2024-11-29;123.27
Kärnten;2024-11-30;125.97
Kärnten;2024-12-01;128.73
Kärnten;2024-12-02;131.45
Kärnten;2024-12-03;134.18
Kärnten;2024-12-04;136.83
Kärnten;2024-12-05;139.38
Kärnten;2024-12-06;141.67
Kärnten;2024-12-07;143.59
Kärnten;2024-12-08;144.96
Kärnten;2024-12-09;145.72
Kärnten;2024-12-10;145.83
Kärnten;2024-12-11;145.38
Kärnten;2024-12-12;144.48
Kärnten;2024-12-13;143.18
Kärnten;2024-12-14;141.63
Kärnten;2024-12-15;139.9
Kärnten;2024-12-16;138.03
Kärnten;2024-12-17;136.14
Kärnten;2024-12-18;134.37
Kärnten;2024-12-19;132.7
Kärnten;2024-12-20;131.13
Kärnten;2024-12-21;129.69
Kärnten;2024-12-22;128.4
Kärnten;2024-12-23;127.1
Kärnten;2024-12-24;125.84
Kärnten;2024-12-25;124.48
Kärnten;2024-12-26;122.98
Kärnten;2024-12-27;121.28
Kärnten;2024-12-28;119.35
Kärnten;2024-12-29;117.15
Kärnten;2024-12-30;114.52
Kärnten;2024-12-31;111.59
Kärnten;2025-01-01;108.39
Kärnten;2025-01-02;105.0
Kärnten;2025-01-03;101.51
Kärnten;2025-01-04;97.98
Kärnten;2025-01-05;94.42
Kärnten;2025-01-06;90.93
Kärnten;2025-01-07;87.51
Kärnten;2025-01-08;84.12
Kärnten;2025-01-09;80.77
Kärnten;2025-01-10;77.53
Kärnten;2025-01-11;74.36
Kärnten;2025-01-12;71.3
Kärnten;2025-01-13;68.39
Kärnten;2025-01-14;65.65
Kärnten;2025-01-15;63.12
Kärnten;2025-01-16;60.75
Kärnten;2025-01-17;58.53
Kärnten;2025-01-18;56.34
Kärnten;2025-01-19;54.2
Kärnten;2025-01-20;51.97
Kärnten;2025-01-21;49.62
Kärnten;2025-01-22;47.2
Kärnten;2025-01-23;44.71
Kärnten;2025-01-24;42.13
Kärnten;2025-01-25;39.61
Kärnten;2025-01-26;37.15
Kärnten;2025-01-27;34.8
Kärnten;2025-01-28;32.59
Kärnten;2025-01-29;30.55
Kärnten;2025-01-30;28.59
Kärnten;2025-01-31;26.8
Kärnten;2025-02-01;25.07
Kärnten;2025-02-02;23.4
Kärnten;2025-02-03;21.83
Kärnten;2025-02-04;20.35
Kärnten;2025-02-05;19.08
Kärnten;2025-02-06;18.0
Kärnten;2025-02-07;17.01
Kärnten;2025-02-08;16.21
Kärnten;2025-02-09;15.47
Kärnten;2025-02-10;14.94
Kärnten;2025-02-11;14.48
Kärnten;2025-02-12;14.1
Kärnten;2025-02-13;13.76
Kärnten;2025-02-14;13.46
Kärnten;2025-02-15;13.14
Kärnten;2025-02-16;12.81
Kärnten;2025-02-17;12.46
Kärnten;2025-02-18;12.06
Kärnten;2025-02-19;11.64
Kärnten;2025-02-20;11.13
Kärnten;2025-02-21;10.7
Kärnten;2025-02-22;10.28
Kärnten;2025-02-23;9.81
Kärnten;2025-02-24;9.49
Kärnten;2025-02-25;9.2
Kärnten;2025-02-26;9.01
Kärnten;2025-02-27;8.86
Kärnten;2025-02-28;8.78
Kärnten;2025-03-01;8.72
Kärnten;2025-03-02;8.72
Kärnten;2025-03-03;8.75
Kärnten;2025-03-04;8.79
Kärnten;2025-03-05;8.83
Kärnten;2025-03-06;8.93
Kärnten;2025-03-07;9.05
Kärnten;2025-03-08;9.18
Kärnten;2025-03-09;9.27
Kärnten;2025-03-10;9.35
Kärnten;2025-03-11;9.46
Kärnten;2025-03-12;9.56
Kärnten;2025-03-13;9.66
Kärnten;2025-03-14;9.79
Kärnten;2025-03-15;9.92
Kärnten;2025-03-16;10.11
Kärnten;2025-03-17;10.37
Kärnten;2025-03-18;10.64
Kärnten;2025-03-19;10.95
Oberösterreich;2022-09-01;76.41
Oberösterreich;2022-09-02;77.19
Oberösterreich;2022-09-03;78.1
Oberösterreich;2022-09-04;79.01
Oberösterreich;2022-09-05;80.07
Oberösterreich;2022-09-06;81.29
Oberösterreich;2022-09-07;82.74
Oberösterreich;2022-09-08;84.4
Oberösterreich;2022-09-09;86.41
Oberösterreich;2022-09-10;88.81
Oberösterreich;2022-09-11;91.6
Oberösterreich;2022-09-12;94.98
Oberösterreich;2022-09-13;98.85
Oberösterreich;2022-09-14;103.13
Oberösterreich;2022-09-15;107.91
Oberösterreich;2022-09-16;113.18
Oberösterreich;2022-09-17;118.93
Oberösterreich;2022-09-18;125.4
Oberösterreich;2022-09-19;132.73
Oberösterreich;2022-09-20;140.96
Oberösterreich;2022-09-21;150.11
Oberösterreich;2022-09-22;160.11
Oberösterreich;2022-09-23;170.93
Oberösterreich;2022-09-24;182.34
Oberösterreich;2022-09-25;194.4
Oberösterreich;2022-09-26;206.82
Oberösterreich;2022-09-27;219.38
Oberösterreich;2022-09-28;231.58
Oberösterreich;2022-09-29;243.27
Oberösterreich;2022-09-30;254.02
Oberösterreich;2022-10-01;263.68
Oberösterreich;2022-10-02;271.92
Oberösterreich;2022-10-03;278.28
Oberösterreich;2022-10-04;282.58
Oberösterreich;2022-10-05;284.79
Oberösterreich;2022-10-06;285.19
Oberösterreich;2022-10-07;283.9
Oberösterreich;2022-10-08;281.0
Oberösterreich;2022-10-09;276.53
Oberösterreich;2022-10-10;270.35
Oberösterreich;2022-10-11;262.63
Oberösterreich;2022-10-12;253.58
Oberösterreich;2022-10-13;243.49
Oberösterreich;2022-10-14;232.73
Oberösterreich;2022-10-15;221.48
Oberösterreich;2022-10-16;210.11
Oberösterreich;2022-10-17;198.94
Oberösterreich;2022-10-18;188.29
Oberösterreich;2022-10-19;178.42
Oberösterreich;2022-10-20;169.37
Oberösterreich;2022-10-21;161.09
Oberösterreich;2022-10-22;153.3
Oberösterreich;2022-10-23;145.97
Oberösterreich;2022-10-24;138.99
Oberösterreich;2022-10-25;132.35
Oberösterreich;2022-10-26;126.04
Oberösterreich;2022-10-27;120.1
Oberösterreich;2022-10-28;114.41
Oberösterreich;2022-10-29;109.31
Oberösterreich;2022-10-30;104.73
Oberösterreich;2022-10-31;100.84
Oberösterreich;2022-11-01;97.63
Oberösterreich;2022-11-02;95.1
Oberösterreich;2022-11-03;93.0
Oberösterreich;2022-11-04;91.37
Oberösterreich;2022-11-05;90.1
Oberösterreich;2022-11-06;89.07
Oberösterreich;2022-11-07;88.37
Oberösterreich;2022-11-08;88.12
Oberösterreich;2022-11-09;88.3
Oberösterreich;2022-11-10;88.92
Oberösterreich;2022-11-11;89.81
Oberösterreich;2022-11-12;90.8
Oberösterreich;2022-11-13;91.88
Oberösterreich;2022-11-14;93.09
Oberösterreich;2022-11-15;94.34
Oberösterreich;2022-11-16;95.71
Oberösterreich;2022-11-17;97.12
Oberösterreich;2022-11-18;98.54
Oberösterreich;2022-11-19;99.98
Oberösterreich;2022-11-20;101.33
Oberösterreich;2022-11-21;102.67
Oberösterreich;2022-11-22;103.87
Oberösterreich;2022-11-23;105.08
Oberösterreich;2022-11-24;106.29
Oberösterreich;2022-11-25;107.49
Oberösterreich;2022-11-26;108.62
Oberösterreich;2022-11-27;109.68
Oberösterreich;2022-11-28;110.66
Oberösterreich;2022-11-29;111.66
Oberösterreich;2022-11-30;112.72
Oberösterreich;2022-12-01;113.78
Oberösterreich;2022-12-02;114.96
Oberösterreich;2022-12-03;116.18
Oberösterreich;2022-12-04;117.43
Oberösterreich;2022-12-05;118.81
Oberösterreich;2022-12-06;120.43
Oberösterreich;2022-12-07;122.34
Oberösterreich;2022-12-08;124.61
Oberösterreich;2022-12-09;126.91
Oberösterreich;2022-12-10;129.27
Oberösterreich;2022-12-11;131.41
Oberösterreich;2022-12-12;133.42
Oberösterreich;2022-12-13;135.34
Oberösterreich;2022-12-14;137.28
Oberösterreich;2022-12-15;139.19
Oberösterreich;2022-12-16;141.09
Oberösterreich;2022-12-17;142.73
Oberösterreich;2022-12-18;144.13
Oberösterreich;2022-12-19;145.09
Oberösterreich;2022-12-20;145.7
Oberösterreich;2022-12-21;145.96
Oberösterreich;2022-12-22;146.01
Oberösterreich;2022-12-23;145.94
Oberösterreich;2022-12-24;145.77
Oberösterreich;2022-12-25;145.42
Oberösterreich;2022-12-26;144.94
Oberösterreich;2022-12-27;144.16
Oberösterreich;2022-12-28;143.01
Oberösterreich;2022-12-29;141.5
Oberösterreich;2022-12-30;139.73
Oberösterreich;2022-12-31;137.63
Oberösterreich;2023-01-01;135.33
Oberösterreich;2023-01-02;132.81
Oberösterreich;2023-01-03;130.18
Oberösterreich;2023-01-04;127.36
Oberösterreich;2023-01-05;124.58
Oberösterreich;2023-01-06;121.94
Oberösterreich;2023-01-07;119.57
Oberösterreich;2023-01-08;117.67
Oberösterreich;2023-01-09;116.3
Oberösterreich;2023-01-10;115.65
Oberösterreich;2023-01-11;115.54
Oberösterreich;2023-01-12;116.06
Oberösterreich;2023-01-13;117.04
Oberösterreich;2023-01-14;118.37
Oberösterreich;2023-01-15;118.53
Oberösterreich;2023-01-16;120.53
Oberösterreich;2023-01-17;122.99
Oberösterreich;2023-01-18;125.94
Oberösterreich;2023-01-19;129.32
Oberösterreich;2023-01-20;133.01
Oberösterreich;2023-01-21;136.89
Oberösterreich;2023-01-22;140.93
Oberösterreich;2023-01-23;145.22
Oberösterreich;2023-01-24;149.91
Oberösterreich;2023-01-25;155.2
Oberösterreich;2023-01-26;160.97
Oberösterreich;2023-01-27;167.35
Oberösterreich;2023-01-28;174.13
Oberösterreich;2023-01-29;181.38
Oberösterreich;2023-01-30;189.1
Oberösterreich;2023-01-31;197.45
Oberösterreich;2023-02-01;206.35
Oberösterreich;2023-02-02;215.89
Oberösterreich;2023-02-03;225.89
Oberösterreich;2023-02-04;236.38
Oberösterreich;2023-02-05;247.2
Oberösterreich;2023-02-06;258.45
Oberösterreich;2023-02-07;270.0
Oberösterreich;2023-02-08;281.7
Oberösterreich;2023-02-09;293.52
Oberösterreich;2023-02-10;305.32
Oberösterreich;2023-02-11;316.94
Oberösterreich;2023-02-12;328.34
Oberösterreich;2023-02-13;339.44
Oberösterreich;2023-02-14;350.18
Oberösterreich;2023-02-15;360.34
Oberösterreich;2023-02-16;369.76
Oberösterreich;2023-02-17;378.16
Oberösterreich;2023-02-18;384.99
Oberösterreich;2023-02-19;389.75
Oberösterreich;2023-02-20;391.98
Oberösterreich;2023-02-21;391.55
Oberösterreich;2023-02-22;388.8
Oberösterreich;2023-02-23;384.27
Oberösterreich;2023-02-24;378.58
Oberösterreich;2023-02-25;372.23
Oberösterreich;2023-02-26;365.78
Oberösterreich;2023-02-27;359.39
Oberösterreich;2023-02-28;353.19
Oberösterreich;2023-03-01;347.22
Oberösterreich;2023-03-02;341.42
Oberösterreich;2023-03-03;335.66
Oberösterreich;2023-03-04;329.94
Oberösterreich;2023-03-05;324.34
Oberösterreich;2023-03-06;318.83
Oberösterreich;2023-03-07;313.62
Oberösterreich;2023-03-08;308.63
Oberösterreich;2023-03-09;303.88
Oberösterreich;2023-03-10;299.12
Oberösterreich;2023-03-11;294.17
Oberösterreich;2023-03-12;288.78
Oberösterreich;2023-03-13;282.62
Oberösterreich;2023-03-14;275.28
Oberösterreich;2023-03-15;266.77
Oberösterreich;2023-03-16;257.15
Oberösterreich;2023-03-17;246.78
Oberösterreich;2023-03-18;236.12
Oberösterreich;2023-03-19;225.52
Oberösterreich;2023-03-20;215.1
Oberösterreich;2023-03-21;205.18
Oberösterreich;2023-03-22;195.68
Oberösterreich;2023-03-23;186.63
Oberösterreich;2023-03-24;178.08
Oberösterreich;2023-03-25;169.89
Oberösterreich;2023-03-26;162.25
Oberösterreich;2023-03-27;155.17
Oberösterreich;2023-03-28;148.9
Oberösterreich;2023-03-29;143.43
Oberösterreich;2023-03-30;138.7
Oberösterreich;2023-03-31;134.61
Oberösterreich;2023-04-01;130.88
Oberösterreich;2023-04-02;127.44
Oberösterreich;2023-04-03;124.08
Oberösterreich;2023-04-04;120.67
Oberösterreich;2023-04-05;117.02
Oberösterreich;2023-04-06;113.11
Oberösterreich;2023-04-07;109.04
Oberösterreich;2023-04-08;104.81
Oberösterreich;2023-04-09;100.54
Oberösterreich;2023-04-10;96.35
Oberösterreich;2023-04-11;92.1
Oberösterreich;2023-04-12;88.02
Oberösterreich;2023-04-13;83.97
Oberösterreich;2023-04-14;80.03
Oberösterreich;2023-04-15;76.21
Oberösterreich;2023-04-16;72.53
Oberösterreich;2023-04-17;69.11
Oberösterreich;2023-04-18;65.85
Oberösterreich;2023-04-19;62.98
Oberösterreich;2023-04-20;60.26
Oberösterreich;2023-04-21;57.74
Oberösterreich;2023-04-22;55.47
Oberösterreich;2023-04-23;53.3
Oberösterreich;2023-04-24;51.24
Oberösterreich;2023-04-25;49.31
Oberösterreich;2023-04-26;47.4
Oberösterreich;2023-04-27;45.63
Oberösterreich;2023-04-28;43.94
Oberösterreich;2023-04-29;42.3
Oberösterreich;2023-04-30;40.66
Oberösterreich;2023-05-01;39.14
Oberösterreich;2023-05-02;37.7
Oberösterreich;2023-05-03;36.31
Oberösterreich;2023-05-04;35.0
Oberösterreich;2023-05-05;33.77
Oberösterreich;2023-05-06;32.54
Oberösterreich;2023-05-07;31.44
Oberösterreich;2023-05-08;30.37
Oberösterreich;2023-05-09;29.36
Oberösterreich;2023-05-10;28.55
Oberösterreich;2023-05-11;27.8
Oberösterreich;2023-05-12;27.17
Oberösterreich;2023-05-13;26.63
Oberösterreich;2023-05-14;26.18
Oberösterreich;2023-05-15;25.7
Oberösterreich;2023-05-16;25.31
Oberösterreich;2023-05-17;25.02
Oberösterreich;2023-05-18;24.65
Oberösterreich;2023-05-19;24.35
Oberösterreich;2023-05-20;23.94
Oberösterreich;2023-05-21;23.53
Oberösterreich;2023-05-22;22.99
Oberösterreich;2023-05-23;22.41
Oberösterreich;2023-05-24;21.75
Oberösterreich;2023-05-25;21.04
Oberösterreich;2023-05-26;20.28
Oberösterreich;2023-05-27;19.44
Oberösterreich;2023-05-28;18.63
Oberösterreich;2023-05-29;17.76
Oberösterreich;2023-05-30;16.9
Oberösterreich;2023-05-31;16.0
Oberösterreich;2023-06-01;15.19
Oberösterreich;2023-06-02;14.36
Oberösterreich;2023-06-03;13.54
Oberösterreich;2023-06-04;12.8
Oberösterreich;2023-06-05;12.19
Oberösterreich;2023-06-06;11.57
Oberösterreich;2023-06-07;11.1
Oberösterreich;2023-06-08;10.78
Oberösterreich;2023-06-09;10.5
Oberösterreich;2023-06-10;10.29
Oberösterreich;2023-06-11;10.14
Oberösterreich;2023-06-12;10.14
Oberösterreich;2023-06-13;10.21
Oberösterreich;2023-06-14;10.4
Oberösterreich;2023-06-15;10.59
Oberösterreich;2023-06-16;10.86
Oberösterreich;2023-06-17;11.2
Oberösterreich;2023-06-18;11.44
Oberösterreich;2023-06-19;11.65
Oberösterreich;2023-06-20;11.67
Oberösterreich;2023-06-21;11.49
Oberösterreich;2023-06-22;11.2
Oberösterreich;2023-06-23;10.75
Oberösterreich;2023-06-24;10.2
Oberösterreich;2023-06-25;9.65
Oberösterreich;2023-06-26;9.14
Oberösterreich;2023-06-27;8.64
Oberösterreich;2023-06-28;8.23
Oberösterreich;2023-06-29;7.86
Oberösterreich;2023-06-30;7.59
Oberösterreich;2023-07-01;7.38
Oberösterreich;2023-07-02;7.17
Oberösterreich;2023-07-03;7.05
Oberösterreich;2023-07-04;6.91
Oberösterreich;2023-07-05;6.91
Oberösterreich;2023-07-06;6.82
Oberösterreich;2023-07-07;6.8
Oberösterreich;2023-07-08;6.79
Oberösterreich;2023-07-09;6.84
Oberösterreich;2023-07-10;6.91
Oberösterreich;2023-07-11;7.02
Oberösterreich;2023-07-12;7.16
Oberösterreich;2023-07-13;7.3
Oberösterreich;2023-07-14;7.43
Oberösterreich;2023-07-15;7.65
Oberösterreich;2023-07-16;7.91
Oberösterreich;2023-07-17;8.09
Oberösterreich;2023-07-18;8.46
Oberösterreich;2023-07-19;8.78
Oberösterreich;2023-07-20;9.2
Oberösterreich;2023-07-21;9.7
Oberösterreich;2023-07-22;10.14
Oberösterreich;2023-07-23;10.59
Oberösterreich;2023-07-24;11.05
Oberösterreich;2023-07-25;11.5
Oberösterreich;2023-07-26;11.92
Oberösterreich;2023-07-27;12.27
Oberösterreich;2023-07-28;12.68
Oberösterreich;2023-07-29;13.19
Oberösterreich;2023-07-30;13.74
Oberösterreich;2023-07-31;14.32
Oberösterreich;2023-08-01;15.09
Oberösterreich;2023-08-02;15.95
Oberösterreich;2023-08-03;16.96
Oberösterreich;2023-08-04;17.99
Oberösterreich;2023-08-05;19.08
Oberösterreich;2023-08-06;20.22
Oberösterreich;2023-08-07;21.49
Oberösterreich;2023-08-08;22.78
Oberösterreich;2023-08-09;24.14
Oberösterreich;2023-08-10;25.43
Oberösterreich;2023-08-11;26.75
Oberösterreich;2023-08-12;27.97
Oberösterreich;2023-08-13;29.03
Oberösterreich;2023-08-14;30.02
Oberösterreich;2023-08-15;30.87
Oberösterreich;2023-08-16;31.47
Oberösterreich;2023-08-17;31.96
Oberösterreich;2023-08-18;32.32
Oberösterreich;2023-08-19;32.6
Oberösterreich;2023-08-20;32.83
Oberösterreich;2023-08-21;32.99
Oberösterreich;2023-08-22;33.16
Oberösterreich;2023-08-23;33.43
Oberösterreich;2023-08-24;33.83
Oberösterreich;2023-08-25;34.37
Oberösterreich;2023-08-26;35.08
Oberösterreich;2023-08-27;36.07
Oberösterreich;2023-08-28;37.32
Oberösterreich;2023-08-29;38.86
Oberösterreich;2023-08-30;40.59
Oberösterreich;2023-08-31;42.57
Oberösterreich;2023-09-01;44.62
Oberösterreich;2023-09-02;46.67
Oberösterreich;2023-09-03;48.69
Oberösterreich;2023-09-04;50.61
Oberösterreich;2023-09-05;52.33
Oberösterreich;2023-09-06;53.9
Oberösterreich;2023-09-07;55.26
Oberösterreich;2023-09-08;56.55
Oberösterreich;2023-09-09;57.69
Oberösterreich;2023-09-10;58.79
Oberösterreich;2023-09-11;59.88
Oberösterreich;2023-09-12;61.08
Oberösterreich;2023-09-13;62.5
Oberösterreich;2023-09-14;64.15
Oberösterreich;2023-09-15;65.98
Oberösterreich;2023-09-16;67.9
Oberösterreich;2023-09-17;69.87
Oberösterreich;2023-09-18;71.94
Oberösterreich;2023-09-19;73.98
Oberösterreich;2023-09-20;76.18
Oberösterreich;2023-09-21;78.39
Oberösterreich;2023-09-22;80.57
Oberösterreich;2023-09-23;82.68
Oberösterreich;2023-09-24;84.61
Oberösterreich;2023-09-25;86.24
Oberösterreich;2023-09-26;87.64
Oberösterreich;2023-09-27;88.77
Oberösterreich;2023-09-28;89.6
Oberösterreich;2023-09-29;90.12
Oberösterreich;2023-09-30;90.33
Oberösterreich;2023-10-01;90.22
Oberösterreich;2023-10-02;89.82
Oberösterreich;2023-10-03;89.15
Oberösterreich;2023-10-04;88.48
Oberösterreich;2023-10-05;87.91
Oberösterreich;2023-10-06;87.44
Oberösterreich;2023-10-07;87.1
Oberösterreich;2023-10-08;86.86
Oberösterreich;2023-10-09;86.94
Oberösterreich;2023-10-10;87.37
Oberösterreich;2023-10-11;88.32
Oberösterreich;2023-10-12;89.69
Oberösterreich;2023-10-13;91.52
Oberösterreich;2023-10-14;93.87
Oberösterreich;2023-10-15;96.74
Oberösterreich;2023-10-16;100.1
Oberösterreich;2023-10-17;104.03
Oberösterreich;2023-10-18;108.42
Oberösterreich;2023-10-19;113.06
Oberösterreich;2023-10-20;117.87
Oberösterreich;2023-10-21;122.69
Oberösterreich;2023-10-22;127.49
Oberösterreich;2023-10-23;132.12
Oberösterreich;2023-10-24;136.74
Oberösterreich;2023-10-25;141.24
Oberösterreich;2023-10-26;145.63
Oberösterreich;2023-10-27;149.82
Oberösterreich;2023-10-28;153.73
Oberösterreich;2023-10-29;157.26
Oberösterreich;2023-10-30;160.26
Oberösterreich;2023-10-31;162.93
Oberösterreich;2023-11-01;165.37
Oberösterreich;2023-11-02;167.85
Oberösterreich;2023-11-03;170.55
Oberösterreich;2023-11-04;173.79
Oberösterreich;2023-11-05;177.79
Oberösterreich;2023-11-06;182.72
Oberösterreich;2023-11-07;188.59
Oberösterreich;2023-11-08;195.28
Oberösterreich;2023-11-09;202.69
Oberösterreich;2023-11-10;210.65
Oberösterreich;2023-11-11;219.22
Oberösterreich;2023-11-12;228.51
Oberösterreich;2023-11-13;238.61
Oberösterreich;2023-11-14;249.52
Oberösterreich;2023-11-15;261.29
Oberösterreich;2023-11-16;273.91
Oberösterreich;2023-11-17;287.4
Oberösterreich;2023-11-18;301.82
Oberösterreich;2023-11-19;317.32
Oberösterreich;2023-11-20;333.85
Oberösterreich;2023-11-21;351.06
Oberösterreich;2023-11-22;368.61
Oberösterreich;2023-11-23;385.9
Oberösterreich;2023-11-24;402.47
Oberösterreich;2023-11-25;417.8
Oberösterreich;2023-11-26;431.33
Oberösterreich;2023-11-27;442.41
Oberösterreich;2023-11-28;450.78
Oberösterreich;2023-11-29;456.3
Oberösterreich;2023-11-30;459.53
Oberösterreich;2023-12-01;460.96
Oberösterreich;2023-12-02;461.01
Oberösterreich;2023-12-03;460.21
Oberösterreich;2023-12-04;458.84
Oberösterreich;2023-12-05;457.29
Oberösterreich;2023-12-06;455.86
Oberösterreich;2023-12-07;454.58
Oberösterreich;2023-12-08;453.27
Oberösterreich;2023-12-09;451.63
Oberösterreich;2023-12-10;449.52
Oberösterreich;2023-12-11;446.89
Oberösterreich;2023-12-12;444.15
Oberösterreich;2023-12-13;441.54
Oberösterreich;2023-12-14;438.97
Oberösterreich;2023-12-15;436.13
Oberösterreich;2023-12-16;432.61
Oberösterreich;2023-12-17;427.92
Oberösterreich;2023-12-18;421.67
Oberösterreich;2023-12-19;413.83
Oberösterreich;2023-12-20;404.48
Oberösterreich;2023-12-21;393.98
Oberösterreich;2023-12-22;382.83
Oberösterreich;2023-12-23;371.3
Oberösterreich;2023-12-24;359.69
Oberösterreich;2023-12-25;347.82
Oberösterreich;2023-12-26;335.36
Oberösterreich;2023-12-27;321.98
Oberösterreich;2023-12-28;307.64
Oberösterreich;2023-12-29;292.67
Oberösterreich;2023-12-30;277.3
Oberösterreich;2023-12-31;261.89
Oberösterreich;2024-01-01;246.56
Oberösterreich;2024-01-02;231.44
Oberösterreich;2024-01-03;216.49
Oberösterreich;2024-01-04;201.92
Oberösterreich;2024-01-05;187.83
Oberösterreich;2024-01-06;174.34
Oberösterreich;2024-01-07;161.72
Oberösterreich;2024-01-08;150.19
Oberösterreich;2024-01-09;139.83
Oberösterreich;2024-01-10;130.46
Oberösterreich;2024-01-11;121.97
Oberösterreich;2024-01-12;114.23
Oberösterreich;2024-01-13;107.22
Oberösterreich;2024-01-14;100.83
Oberösterreich;2024-01-15;95.03
Oberösterreich;2024-01-16;89.8
Oberösterreich;2024-01-17;85.14
Oberösterreich;2024-01-18;80.91
Oberösterreich;2024-01-19;77.02
Oberösterreich;2024-01-20;73.43
Oberösterreich;2024-01-21;70.12
Oberösterreich;2024-01-22;67.09
Oberösterreich;2024-01-23;64.25
Oberösterreich;2024-01-24;61.57
Oberösterreich;2024-01-25;58.98
Oberösterreich;2024-01-26;56.48
Oberösterreich;2024-01-27;53.99
Oberösterreich;2024-01-28;51.55
Oberösterreich;2024-01-29;49.19
Oberösterreich;2024-01-30;46.89
Oberösterreich;2024-01-31;44.75
Oberösterreich;2024-02-01;42.77
Oberösterreich;2024-02-02;40.89
Oberösterreich;2024-02-03;39.12
Oberösterreich;2024-02-04;37.52
Oberösterreich;2024-02-05;35.94
Oberösterreich;2024-02-06;34.5
Oberösterreich;2024-02-07;33.13
Oberösterreich;2024-02-08;31.76
Oberösterreich;2024-02-09;30.52
Oberösterreich;2024-02-10;29.35
Oberösterreich;2024-02-11;28.39
Oberösterreich;2024-02-12;27.51
Oberösterreich;2024-02-13;26.86
Oberösterreich;2024-02-14;26.4
Oberösterreich;2024-02-15;26.05
Oberösterreich;2024-02-16;25.61
Oberösterreich;2024-02-17;25.11
Oberösterreich;2024-02-18;24.34
Oberösterreich;2024-02-19;23.33
Oberösterreich;2024-02-20;22.04
Oberösterreich;2024-02-21;20.71
Oberösterreich;2024-02-22;19.32
Oberösterreich;2024-02-23;17.95
Oberösterreich;2024-02-24;16.61
Oberösterreich;2024-02-25;15.33
Oberösterreich;2024-02-26;14.14
Oberösterreich;2024-02-27;13.02
Oberösterreich;2024-02-28;12.04
Oberösterreich;2024-02-29;11.14
Oberösterreich;2024-03-01;10.39
Oberösterreich;2024-03-02;9.68
Oberösterreich;2024-03-03;9.06
Oberösterreich;2024-03-04;8.5
Oberösterreich;2024-03-05;8.01
Oberösterreich;2024-03-06;7.58
Oberösterreich;2024-03-07;7.16
Oberösterreich;2024-03-08;6.82
Oberösterreich;2024-03-09;6.53
Oberösterreich;2024-03-10;6.23
Oberösterreich;2024-03-11;5.97
Oberösterreich;2024-03-12;5.75
Oberösterreich;2024-03-13;5.6
Oberösterreich;2024-03-14;5.44
Oberösterreich;2024-03-15;5.27
Oberösterreich;2024-03-16;5.12
Oberösterreich;2024-03-17;4.97
Oberösterreich;2024-03-18;4.8
Oberösterreich;2024-03-19;4.65
Oberösterreich;2024-03-20;4.45
Oberösterreich;2024-03-21;4.31
Oberösterreich;2024-03-22;4.22
Oberösterreich;2024-03-23;4.06
Oberösterreich;2024-03-24;3.95
Oberösterreich;2024-03-25;3.84
Oberösterreich;2024-03-26;3.72
Oberösterreich;2024-03-27;3.66
Oberösterreich;2024-03-28;3.58
Oberösterreich;2024-03-29;3.53
Oberösterreich;2024-03-30;3.45
Oberösterreich;2024-03-31;3.39
Oberösterreich;2024-04-01;3.4
Oberösterreich;2024-04-02;3.28
Oberösterreich;2024-04-03;3.24
Oberösterreich;2024-04-04;3.2
Oberösterreich;2024-04-05;3.17
Oberösterreich;2024-04-06;3.07
Oberösterreich;2024-04-07;3.03
Oberösterreich;2024-04-08;2.99
Oberösterreich;2024-04-09;2.94
Oberösterreich;2024-04-10;2.91
Oberösterreich;2024-04-11;2.92
Oberösterreich;2024-04-12;2.87
Oberösterreich;2024-04-13;2.89
Oberösterreich;2024-04-14;3.0
Oberösterreich;2024-04-15;3.06
Oberösterreich;2024-04-16;3.2
Oberösterreich;2024-04-17;3.42
Oberösterreich;2024-04-18;3.61
Oberösterreich;2024-04-19;3.84
Oberösterreich;2024-04-20;4.1
Oberösterreich;2024-04-21;4.37
Oberösterreich;2024-04-22;4.62
Oberösterreich;2024-04-23;4.94
Oberösterreich;2024-04-24;5.2
Oberösterreich;2024-04-25;5.46
Oberösterreich;2024-04-26;5.73
Oberösterreich;2024-04-27;6.01
Oberösterreich;2024-04-28;6.27
Oberösterreich;2024-04-29;6.54
Oberösterreich;2024-04-30;6.89
Oberösterreich;2024-05-01;7.22
Oberösterreich;2024-05-02;7.58
Oberösterreich;2024-05-03;8.0
Oberösterreich;2024-05-04;8.43
Oberösterreich;2024-05-05;8.89
Oberösterreich;2024-05-06;9.36
Oberösterreich;2024-05-07;9.88
Oberösterreich;2024-05-08;10.46
Oberösterreich;2024-05-09;11.07
Oberösterreich;2024-05-10;11.67
Oberösterreich;2024-05-11;12.34
Oberösterreich;2024-05-12;12.99
Oberösterreich;2024-05-13;13.56
Oberösterreich;2024-05-14;14.09
Oberösterreich;2024-05-15;14.51
Oberösterreich;2024-05-16;14.86
Oberösterreich;2024-05-17;15.15
Oberösterreich;2024-05-18;15.41
Oberösterreich;2024-05-19;15.62
Oberösterreich;2024-05-20;15.72
Oberösterreich;2024-05-21;15.91
Oberösterreich;2024-05-22;15.98
Oberösterreich;2024-05-23;16.16
Oberösterreich;2024-05-24;16.33
Oberösterreich;2024-05-25;16.49
Oberösterreich;2024-05-26;16.72
Oberösterreich;2024-05-27;17.05
Oberösterreich;2024-05-28;17.36
Oberösterreich;2024-05-29;17.69
Oberösterreich;2024-05-30;18.03
Oberösterreich;2024-05-31;18.43
Oberösterreich;2024-06-01;18.84
Oberösterreich;2024-06-02;19.32
Oberösterreich;2024-06-03;19.81
Oberösterreich;2024-06-04;20.45
Oberösterreich;2024-06-05;21.15
Oberösterreich;2024-06-06;21.93
Oberösterreich;2024-06-07;22.82
Oberösterreich;2024-06-08;23.85
Oberösterreich;2024-06-09;25.05
Oberösterreich;2024-06-10;26.28
Oberösterreich;2024-06-11;27.64
Oberösterreich;2024-06-12;29.03
Oberösterreich;2024-06-13;30.42
Oberösterreich;2024-06-14;31.74
Oberösterreich;2024-06-15;32.96
Oberösterreich;2024-06-16;34.06
Oberösterreich;2024-06-17;35.03
Oberösterreich;2024-06-18;35.95
Oberösterreich;2024-06-19;36.88
Oberösterreich;2024-06-20;37.76
Oberösterreich;2024-06-21;38.62
Oberösterreich;2024-06-22;39.43
Oberösterreich;2024-06-23;40.22
Oberösterreich;2024-06-24;40.9
Oberösterreich;2024-06-25;41.55
Oberösterreich;2024-06-26;42.07
Oberösterreich;2024-06-27;42.62
Oberösterreich;2024-06-28;43.14
Oberösterreich;2024-06-29;43.72
Oberösterreich;2024-06-30;44.3
Oberösterreich;2024-07-01;44.92
Oberösterreich;2024-07-02;45.63
Oberösterreich;2024-07-03;46.37
Oberösterreich;2024-07-04;47.17
Oberösterreich;2024-07-05;47.92
Oberösterreich;2024-07-06;48.65
Oberösterreich;2024-07-07;49.32
Oberösterreich;2024-07-08;49.89
Oberösterreich;2024-07-09;50.29
Oberösterreich;2024-07-10;50.66
Oberösterreich;2024-07-11;50.85
Oberösterreich;2024-07-12;50.94
Oberösterreich;2024-07-13;50.97
Oberösterreich;2024-07-14;51.01
Oberösterreich;2024-07-15;51.07
Oberösterreich;2024-07-16;51.16
Oberösterreich;2024-07-17;51.31
Oberösterreich;2024-07-18;51.47
Oberösterreich;2024-07-19;51.7
Oberösterreich;2024-07-20;51.97
Oberösterreich;2024-07-21;52.37
Oberösterreich;2024-07-22;52.78
Oberösterreich;2024-07-23;53.31
Oberösterreich;2024-07-24;53.85
Oberösterreich;2024-07-25;54.43
Oberösterreich;2024-07-26;55.06
Oberösterreich;2024-07-27;55.69
Oberösterreich;2024-07-28;56.41
Oberösterreich;2024-07-29;57.2
Oberösterreich;2024-07-30;58.09
Oberösterreich;2024-07-31;59.16
Oberösterreich;2024-08-01;60.34
Oberösterreich;2024-08-02;61.6
Oberösterreich;2024-08-03;63.12
Oberösterreich;2024-08-04;64.76
Oberösterreich;2024-08-05;66.53
Oberösterreich;2024-08-06;68.28
Oberösterreich;2024-08-07;70.05
Oberösterreich;2024-08-08;71.64
Oberösterreich;2024-08-09;73.14
Oberösterreich;2024-08-10;74.52
Oberösterreich;2024-08-11;75.81
Oberösterreich;2024-08-12;77.03
Oberösterreich;2024-08-13;78.29
Oberösterreich;2024-08-14;79.63
Oberösterreich;2024-08-15;81.09
Oberösterreich;2024-08-16;82.75
Oberösterreich;2024-08-17;84.68
Oberösterreich;2024-08-18;86.85
Oberösterreich;2024-08-19;89.3
Oberösterreich;2024-08-20;91.82
Oberösterreich;2024-08-21;94.25
Oberösterreich;2024-08-22;96.6
Oberösterreich;2024-08-23;98.78
Oberösterreich;2024-08-24;100.83
Oberösterreich;2024-08-25;102.75
Oberösterreich;2024-08-26;104.61
Oberösterreich;2024-08-27;106.24
Oberösterreich;2024-08-28;107.78
Oberösterreich;2024-08-29;109.25
Oberösterreich;2024-08-30;110.57
Oberösterreich;2024-08-31;111.91
Oberösterreich;2024-09-01;113.22
Oberösterreich;2024-09-02;114.65
Oberösterreich;2024-09-03;116.15
Oberösterreich;2024-09-04;117.96
Oberösterreich;2024-09-05;120.0
Oberösterreich;2024-09-06;122.29
Oberösterreich;2024-09-07;124.98
Oberösterreich;2024-09-08;128.03
Oberösterreich;2024-09-09;131.63
Oberösterreich;2024-09-10;135.89
Oberösterreich;2024-09-11;140.89
Oberösterreich;2024-09-12;146.68
Oberösterreich;2024-09-13;153.32
Oberösterreich;2024-09-14;160.89
Oberösterreich;2024-09-15;169.54
Oberösterreich;2024-09-16;179.46
Oberösterreich;2024-09-17;190.54
Oberösterreich;2024-09-18;202.55
Oberösterreich;2024-09-19;215.03
Oberösterreich;2024-09-20;227.52
Oberösterreich;2024-09-21;239.56
Oberösterreich;2024-09-22;250.59
Oberösterreich;2024-09-23;260.3
Oberösterreich;2024-09-24;268.62
Oberösterreich;2024-09-25;275.68
Oberösterreich;2024-09-26;281.58
Oberösterreich;2024-09-27;286.52
Oberösterreich;2024-09-28;290.55
Oberösterreich;2024-09-29;293.58
Oberösterreich;2024-09-30;295.72
Oberösterreich;2024-10-01;296.86
Oberösterreich;2024-10-02;297.21
Oberösterreich;2024-10-03;296.75
Oberösterreich;2024-10-04;295.52
Oberösterreich;2024-10-05;293.52
Oberösterreich;2024-10-06;290.63
Oberösterreich;2024-10-07;287.04
Oberösterreich;2024-10-08;283.11
Oberösterreich;2024-10-09;279.09
Oberösterreich;2024-10-10;275.13
Oberösterreich;2024-10-11;271.06
Oberösterreich;2024-10-12;266.58
Oberösterreich;2024-10-13;261.43
Oberösterreich;2024-10-14;255.58
Oberösterreich;2024-10-15;249.21
Oberösterreich;2024-10-16;242.52
Oberösterreich;2024-10-17;235.61
Oberösterreich;2024-10-18;228.71
Oberösterreich;2024-10-19;221.72
Oberösterreich;2024-10-20;214.78
Oberösterreich;2024-10-21;208.05
Oberösterreich;2024-10-22;201.6
Oberösterreich;2024-10-23;195.75
Oberösterreich;2024-10-24;190.44
Oberösterreich;2024-10-25;185.54
Oberösterreich;2024-10-26;180.87
Oberösterreich;2024-10-27;176.37
Oberösterreich;2024-10-28;171.62
Oberösterreich;2024-10-29;166.43
Oberösterreich;2024-10-30;160.6
Oberösterreich;2024-10-31;154.14
Oberösterreich;2024-11-01;147.3
Oberösterreich;2024-11-02;140.47
Oberösterreich;2024-11-03;133.96
Oberösterreich;2024-11-04;127.99
Oberösterreich;2024-11-05;122.72
Oberösterreich;2024-11-06;118.15
Oberösterreich;2024-11-07;114.14
Oberösterreich;2024-11-08;110.68
Oberösterreich;2024-11-09;107.52
Oberösterreich;2024-11-10;104.6
Oberösterreich;2024-11-11;101.87
Oberösterreich;2024-11-12;99.45
Oberösterreich;2024-11-13;97.16
Oberösterreich;2024-11-14;95.12
Oberösterreich;2024-11-15;93.35
Oberösterreich;2024-11-16;91.76
Oberösterreich;2024-11-17;90.36
Oberösterreich;2024-11-18;89.29
Oberösterreich;2024-11-19;88.53
Oberösterreich;2024-11-20;87.99
Oberösterreich;2024-11-21;87.7
Oberösterreich;2024-11-22;87.72
Oberösterreich;2024-11-23;87.99
Oberösterreich;2024-11-24;88.65
Oberösterreich;2024-11-25;89.72
Oberösterreich;2024-11-26;91.21
Oberösterreich;2024-11-27;93.08
Oberösterreich;2024-11-28;95.25
Oberösterreich;2024-11-29;97.63
Oberösterreich;2024-11-30;99.95
Oberösterreich;2024-12-01;102.12
Oberösterreich;2024-12-02;104.09
Oberösterreich;2024-12-03;105.72
Oberösterreich;2024-12-04;107.09
Oberösterreich;2024-12-05;108.19
Oberösterreich;2024-12-06;109.06
Oberösterreich;2024-12-07;109.82
Oberösterreich;2024-12-08;110.4
Oberösterreich;2024-12-09;110.91
Oberösterreich;2024-12-10;111.34
Oberösterreich;2024-12-11;111.64
Oberösterreich;2024-12-12;111.86
Oberösterreich;2024-12-13;111.92
Oberösterreich;2024-12-14;111.83
Oberösterreich;2024-12-15;111.37
Oberösterreich;2024-12-16;110.65
Oberösterreich;2024-12-17;109.67
Oberösterreich;2024-12-18;108.5
Oberösterreich;2024-12-19;107.27
Oberösterreich;2024-12-20;106.0
Oberösterreich;2024-12-21;104.64
Oberösterreich;2024-12-22;103.36
Oberösterreich;2024-12-23;102.13
Oberösterreich;2024-12-24;100.82
Oberösterreich;2024-12-25;99.57
Oberösterreich;2024-12-26;98.21
Oberösterreich;2024-12-27;96.75
Oberösterreich;2024-12-28;95.11
Oberösterreich;2024-12-29;93.23
Oberösterreich;2024-12-30;91.09
Oberösterreich;2024-12-31;88.62
Oberösterreich;2025-01-01;86.07
Oberösterreich;2025-01-02;83.38
Oberösterreich;2025-01-03;80.59
Oberösterreich;2025-01-04;77.76
Oberösterreich;2025-01-05;74.89
Oberösterreich;2025-01-06;72.08
Oberösterreich;2025-01-07;69.24
Oberösterreich;2025-01-08;66.37
Oberösterreich;2025-01-09;63.6
Oberösterreich;2025-01-10;60.81
Oberösterreich;2025-01-11;58.1
Oberösterreich;2025-01-12;55.45
Oberösterreich;2025-01-13;52.94
Oberösterreich;2025-01-14;50.52
Oberösterreich;2025-01-15;48.28
Oberösterreich;2025-01-16;46.25
Oberösterreich;2025-01-17;44.4
Oberösterreich;2025-01-18;42.65
Oberösterreich;2025-01-19;41.01
Oberösterreich;2025-01-20;39.57
Oberösterreich;2025-01-21;38.34
Oberösterreich;2025-01-22;37.25
Oberösterreich;2025-01-23;36.33
Oberösterreich;2025-01-24;35.54
Oberösterreich;2025-01-25;34.78
Oberösterreich;2025-01-26;34.16
Oberösterreich;2025-01-27;33.46
Oberösterreich;2025-01-28;32.84
Oberösterreich;2025-01-29;32.3
Oberösterreich;2025-01-30;31.71
Oberösterreich;2025-01-31;31.16
Oberösterreich;2025-02-01;30.7
Oberösterreich;2025-02-02;30.26
Oberösterreich;2025-02-03;29.83
Oberösterreich;2025-02-04;29.41
Oberösterreich;2025-02-05;29.05
Oberösterreich;2025-02-06;28.64
Oberösterreich;2025-02-07;28.28
Oberösterreich;2025-02-08;27.83
Oberösterreich;2025-02-09;27.38
Oberösterreich;2025-02-10;26.84
Oberösterreich;2025-02-11;26.2
Oberösterreich;2025-02-12;25.42
Oberösterreich;2025-02-13;24.56
Oberösterreich;2025-02-14;23.7
Oberösterreich;2025-02-15;22.85
Oberösterreich;2025-02-16;22.01
Oberösterreich;2025-02-17;21.29
Oberösterreich;2025-02-18;20.58
Oberösterreich;2025-02-19;19.89
Oberösterreich;2025-02-20;19.13
Oberösterreich;2025-02-21;18.43
Oberösterreich;2025-02-22;17.68
Oberösterreich;2025-02-23;16.99
Oberösterreich;2025-02-24;16.39
Oberösterreich;2025-02-25;15.78
Oberösterreich;2025-02-26;15.23
Oberösterreich;2025-02-27;14.76
Oberösterreich;2025-02-28;14.32
Oberösterreich;2025-03-01;13.98
Oberösterreich;2025-03-02;13.73
Oberösterreich;2025-03-03;13.62
Oberösterreich;2025-03-04;13.63
Oberösterreich;2025-03-05;13.74
Oberösterreich;2025-03-06;13.97
Oberösterreich;2025-03-07;14.25
Oberösterreich;2025-03-08;14.6
Oberösterreich;2025-03-09;15.04
Oberösterreich;2025-03-10;15.51
Oberösterreich;2025-03-11;16.06
Oberösterreich;2025-03-12;16.64
Oberösterreich;2025-03-13;17.32
Oberösterreich;2025-03-14;17.95
Oberösterreich;2025-03-15;18.54
Oberösterreich;2025-03-16;19.15
Oberösterreich;2025-03-17;19.66
Oberösterreich;2025-03-18;20.19
Niederösterreich;2022-09-01;82.83
Niederösterreich;2022-09-02;82.48
Niederösterreich;2022-09-03;82.31
Niederösterreich;2022-09-04;82.34
Niederösterreich;2022-09-05;82.66
Niederösterreich;2022-09-06;83.28
Niederösterreich;2022-09-07;84.3
Niederösterreich;2022-09-08;85.66
Niederösterreich;2022-09-09;87.44
Niederösterreich;2022-09-10;89.53
Niederösterreich;2022-09-11;91.95
Niederösterreich;2022-09-12;94.77
Niederösterreich;2022-09-13;97.95
Niederösterreich;2022-09-14;101.55
Niederösterreich;2022-09-15;105.61
Niederösterreich;2022-09-16;110.07
Niederösterreich;2022-09-17;114.97
Niederösterreich;2022-09-18;120.28
Niederösterreich;2022-09-19;126.05
Niederösterreich;2022-09-20;132.17
Niederösterreich;2022-09-21;138.7
Niederösterreich;2022-09-22;145.52
Niederösterreich;2022-09-23;152.56
Niederösterreich;2022-09-24;159.71
Niederösterreich;2022-09-25;166.92
Niederösterreich;2022-09-26;174.02
Niederösterreich;2022-09-27;180.9
Niederösterreich;2022-09-28;187.47
Niederösterreich;2022-09-29;193.52
Niederösterreich;2022-09-30;199.09
Niederösterreich;2022-10-01;204.14
Niederösterreich;2022-10-02;208.6
Niederösterreich;2022-10-03;212.47
Niederösterreich;2022-10-04;215.57
Niederösterreich;2022-10-05;217.73
Niederösterreich;2022-10-06;218.97
Niederösterreich;2022-10-07;219.12
Niederösterreich;2022-10-08;218.2
Niederösterreich;2022-10-09;216.25
Niederösterreich;2022-10-10;213.31
Niederösterreich;2022-10-11;209.57
Niederösterreich;2022-10-12;205.32
Niederösterreich;2022-10-13;200.9
Niederösterreich;2022-10-14;196.34
Niederösterreich;2022-10-15;191.77
Niederösterreich;2022-10-16;187.13
Niederösterreich;2022-10-17;182.43
Niederösterreich;2022-10-18;177.61
Niederösterreich;2022-10-19;172.77
Niederösterreich;2022-10-20;167.92
Niederösterreich;2022-10-21;163.01
Niederösterreich;2022-10-22;158.19
Niederösterreich;2022-10-23;153.47
Niederösterreich;2022-10-24;148.85
Niederösterreich;2022-10-25;144.41
Niederösterreich;2022-10-26;140.21
Niederösterreich;2022-10-27;136.21
Niederösterreich;2022-10-28;132.46
Niederösterreich;2022-10-29;128.94
Niederösterreich;2022-10-30;125.67
Niederösterreich;2022-10-31;122.72
Niederösterreich;2022-11-01;120.12
Niederösterreich;2022-11-02;117.94
Niederösterreich;2022-11-03;116.1
Niederösterreich;2022-11-04;114.68
Niederösterreich;2022-11-05;113.51
Niederösterreich;2022-11-06;112.6
Niederösterreich;2022-11-07;111.93
Niederösterreich;2022-11-08;111.48
Niederösterreich;2022-11-09;111.3
Niederösterreich;2022-11-10;111.42
Niederösterreich;2022-11-11;111.83
Niederösterreich;2022-11-12;112.6
Niederösterreich;2022-11-13;113.69
Niederösterreich;2022-11-14;115.21
Niederösterreich;2022-11-15;117.11
Niederösterreich;2022-11-16;119.4
Niederösterreich;2022-11-17;122.02
Niederösterreich;2022-11-18;124.91
Niederösterreich;2022-11-19;128.02
Niederösterreich;2022-11-20;131.32
Niederösterreich;2022-11-21;134.75
Niederösterreich;2022-11-22;138.38
Niederösterreich;2022-11-23;142.19
Niederösterreich;2022-11-24;146.07
Niederösterreich;2022-11-25;150.13
Niederösterreich;2022-11-26;154.13
Niederösterreich;2022-11-27;158.08
Niederösterreich;2022-11-28;161.87
Niederösterreich;2022-11-29;165.55
Niederösterreich;2022-11-30;169.18
Niederösterreich;2022-12-01;172.73
Niederösterreich;2022-12-02;176.19
Niederösterreich;2022-12-03;179.47
Niederösterreich;2022-12-04;182.47
Niederösterreich;2022-12-05;185.16
Niederösterreich;2022-12-06;187.51
Niederösterreich;2022-12-07;189.63
Niederösterreich;2022-12-08;191.44
Niederösterreich;2022-12-09;193.0
Niederösterreich;2022-12-10;194.2
Niederösterreich;2022-12-11;195.07
Niederösterreich;2022-12-12;195.61
Niederösterreich;2022-12-13;195.91
Niederösterreich;2022-12-14;196.2
Niederösterreich;2022-12-15;196.5
Niederösterreich;2022-12-16;196.82
Niederösterreich;2022-12-17;197.0
Niederösterreich;2022-12-18;196.98
Niederösterreich;2022-12-19;196.64
Niederösterreich;2022-12-20;196.05
Niederösterreich;2022-12-21;195.21
Niederösterreich;2022-12-22;194.32
Niederösterreich;2022-12-23;193.3
Niederösterreich;2022-12-24;192.16
Niederösterreich;2022-12-25;190.94
Niederösterreich;2022-12-26;189.48
Niederösterreich;2022-12-27;187.69
Niederösterreich;2022-12-28;185.56
Niederösterreich;2022-12-29;182.97
Niederösterreich;2022-12-30;179.89
Niederösterreich;2022-12-31;176.47
Niederösterreich;2023-01-01;172.62
Niederösterreich;2023-01-02;168.43
Niederösterreich;2023-01-03;163.92
Niederösterreich;2023-01-04;159.14
Niederösterreich;2023-01-05;154.15
Niederösterreich;2023-01-06;149.1
Niederösterreich;2023-01-07;144.06
Niederösterreich;2023-01-08;139.18
Niederösterreich;2023-01-09;134.51
Niederösterreich;2023-01-10;130.08
Niederösterreich;2023-01-11;125.8
Niederösterreich;2023-01-12;121.7
Niederösterreich;2023-01-13;117.87
Niederösterreich;2023-01-14;114.38
Niederösterreich;2023-01-15;111.44
Niederösterreich;2023-01-16;109.16
Niederösterreich;2023-01-17;107.59
Niederösterreich;2023-01-18;106.34
Niederösterreich;2023-01-19;106.21
Niederösterreich;2023-01-20;106.8
Niederösterreich;2023-01-21;108.14
Niederösterreich;2023-01-22;115.68
Niederösterreich;2023-01-23;120.74
Niederösterreich;2023-01-24;124.59
Niederösterreich;2023-01-25;129.11
Niederösterreich;2023-01-26;134.25
Niederösterreich;2023-01-27;139.77
Niederösterreich;2023-01-28;145.52
Niederösterreich;2023-01-29;150.62
Niederösterreich;2023-01-30;156.15
Niederösterreich;2023-01-31;161.74
Niederösterreich;2023-02-01;167.45
Niederösterreich;2023-02-02;173.28
Niederösterreich;2023-02-03;179.25
Niederösterreich;2023-02-04;185.31
Niederösterreich;2023-02-05;191.44
Niederösterreich;2023-02-06;197.55
Niederösterreich;2023-02-07;202.57
Niederösterreich;2023-02-08;208.22
Niederösterreich;2023-02-09;213.78
Niederösterreich;2023-02-10;219.19
Niederösterreich;2023-02-11;224.41
Niederösterreich;2023-02-12;229.24
Niederösterreich;2023-02-13;233.6
Niederösterreich;2023-02-14;237.29
Niederösterreich;2023-02-15;240.22
Niederösterreich;2023-02-16;242.37
Niederösterreich;2023-02-17;243.94
Niederösterreich;2023-02-18;245.26
Niederösterreich;2023-02-19;246.56
Niederösterreich;2023-02-20;248.0
Niederösterreich;2023-02-21;249.59
Niederösterreich;2023-02-22;251.26
Niederösterreich;2023-02-23;252.85
Niederösterreich;2023-02-24;254.25
Niederösterreich;2023-02-25;255.38
Niederösterreich;2023-02-26;256.23
Niederösterreich;2023-02-27;256.89
Niederösterreich;2023-02-28;257.43
Niederösterreich;2023-03-01;258.02
Niederösterreich;2023-03-02;258.7
Niederösterreich;2023-03-03;259.41
Niederösterreich;2023-03-04;260.03
Niederösterreich;2023-03-05;260.34
Niederösterreich;2023-03-06;260.17
Niederösterreich;2023-03-07;259.41
Niederösterreich;2023-03-08;257.92
Niederösterreich;2023-03-09;255.68
Niederösterreich;2023-03-10;252.66
Niederösterreich;2023-03-11;248.95
Niederösterreich;2023-03-12;244.62
Niederösterreich;2023-03-13;239.84
Niederösterreich;2023-03-14;234.75
Niederösterreich;2023-03-15;229.56
Niederösterreich;2023-03-16;224.34
Niederösterreich;2023-03-17;219.09
Niederösterreich;2023-03-18;213.68
Niederösterreich;2023-03-19;208.04
Niederösterreich;2023-03-20;201.96
Niederösterreich;2023-03-21;195.55
Niederösterreich;2023-03-22;188.71
Niederösterreich;2023-03-23;181.61
Niederösterreich;2023-03-24;174.29
Niederösterreich;2023-03-25;166.91
Niederösterreich;2023-03-26;159.54
Niederösterreich;2023-03-27;152.35
Niederösterreich;2023-03-28;145.49
Niederösterreich;2023-03-29;139.1
Niederösterreich;2023-03-30;133.2
Niederösterreich;2023-03-31;127.79
Niederösterreich;2023-04-01;122.75
Niederösterreich;2023-04-02;118.05
Niederösterreich;2023-04-03;113.62
Niederösterreich;2023-04-04;109.38
Niederösterreich;2023-04-05;105.33
Niederösterreich;2023-04-06;101.42
Niederösterreich;2023-04-07;97.59
Niederösterreich;2023-04-08;93.84
Niederösterreich;2023-04-09;90.21
Niederösterreich;2023-04-10;86.66
Niederösterreich;2023-04-11;83.29
Niederösterreich;2023-04-12;80.12
Niederösterreich;2023-04-13;77.17
Niederösterreich;2023-04-14;74.48
Niederösterreich;2023-04-15;72.03
Niederösterreich;2023-04-16;69.85
Niederösterreich;2023-04-17;67.96
Niederösterreich;2023-04-18;66.32
Niederösterreich;2023-04-19;64.9
Niederösterreich;2023-04-20;63.67
Niederösterreich;2023-04-21;62.51
Niederösterreich;2023-04-22;61.4
Niederösterreich;2023-04-23;60.24
Niederösterreich;2023-04-24;59.01
Niederösterreich;2023-04-25;57.75
Niederösterreich;2023-04-26;56.43
Niederösterreich;2023-04-27;55.09
Niederösterreich;2023-04-28;53.77
Niederösterreich;2023-04-29;52.45
Niederösterreich;2023-04-30;51.12
Niederösterreich;2023-05-01;49.85
Niederösterreich;2023-05-02;48.56
Niederösterreich;2023-05-03;47.3
Niederösterreich;2023-05-04;46.06
Niederösterreich;2023-05-05;44.82
Niederösterreich;2023-05-06;43.55
Niederösterreich;2023-05-07;42.3
Niederösterreich;2023-05-08;41.04
Niederösterreich;2023-05-09;39.79
Niederösterreich;2023-05-10;38.58
Niederösterreich;2023-05-11;37.36
Niederösterreich;2023-05-12;36.2
Niederösterreich;2023-05-13;35.04
Niederösterreich;2023-05-14;33.91
Niederösterreich;2023-05-15;32.81
Niederösterreich;2023-05-16;31.8
Niederösterreich;2023-05-17;30.83
Niederösterreich;2023-05-18;29.96
Niederösterreich;2023-05-19;29.11
Niederösterreich;2023-05-20;28.25
Niederösterreich;2023-05-21;27.44
Niederösterreich;2023-05-22;26.55
Niederösterreich;2023-05-23;25.69
Niederösterreich;2023-05-24;24.82
Niederösterreich;2023-05-25;23.94
Niederösterreich;2023-05-26;23.07
Niederösterreich;2023-05-27;22.25
Niederösterreich;2023-05-28;21.45
Niederösterreich;2023-05-29;20.67
Niederösterreich;2023-05-30;19.93
Niederösterreich;2023-05-31;19.25
Niederösterreich;2023-06-01;18.61
Niederösterreich;2023-06-02;18.05
Niederösterreich;2023-06-03;17.55
Niederösterreich;2023-06-04;17.07
Niederösterreich;2023-06-05;16.71
Niederösterreich;2023-06-06;16.4
Niederösterreich;2023-06-07;16.14
Niederösterreich;2023-06-08;15.91
Niederösterreich;2023-06-09;15.74
Niederösterreich;2023-06-10;15.57
Niederösterreich;2023-06-11;15.4
Niederösterreich;2023-06-12;15.21
Niederösterreich;2023-06-13;15.0
Niederösterreich;2023-06-14;14.78
Niederösterreich;2023-06-15;14.57
Niederösterreich;2023-06-16;14.33
Niederösterreich;2023-06-17;14.09
Niederösterreich;2023-06-18;13.85
Niederösterreich;2023-06-19;13.59
Niederösterreich;2023-06-20;13.35
Niederösterreich;2023-06-21;13.05
Niederösterreich;2023-06-22;12.7
Niederösterreich;2023-06-23;12.36
Niederösterreich;2023-06-24;12.03
Niederösterreich;2023-06-25;11.73
Niederösterreich;2023-06-26;11.48
Niederösterreich;2023-06-27;11.27
Niederösterreich;2023-06-28;11.13
Niederösterreich;2023-06-29;11.01
Niederösterreich;2023-06-30;10.99
Niederösterreich;2023-07-01;10.92
Niederösterreich;2023-07-02;10.87
Niederösterreich;2023-07-03;10.79
Niederösterreich;2023-07-04;10.67
Niederösterreich;2023-07-05;10.57
Niederösterreich;2023-07-06;10.42
Niederösterreich;2023-07-07;10.34
Niederösterreich;2023-07-08;10.29
Niederösterreich;2023-07-09;10.29
Niederösterreich;2023-07-10;10.34
Niederösterreich;2023-07-11;10.46
Niederösterreich;2023-07-12;10.65
Niederösterreich;2023-07-13;10.91
Niederösterreich;2023-07-14;11.21
Niederösterreich;2023-07-15;11.53
Niederösterreich;2023-07-16;11.9
Niederösterreich;2023-07-17;12.25
Niederösterreich;2023-07-18;12.62
Niederösterreich;2023-07-19;12.98
Niederösterreich;2023-07-20;13.37
Niederösterreich;2023-07-21;13.78
Niederösterreich;2023-07-22;14.23
Niederösterreich;2023-07-23;14.67
Niederösterreich;2023-07-24;15.2
Niederösterreich;2023-07-25;15.81
Niederösterreich;2023-07-26;16.52
Niederösterreich;2023-07-27;17.35
Niederösterreich;2023-07-28;18.28
Niederösterreich;2023-07-29;19.34
Niederösterreich;2023-07-30;20.53
Niederösterreich;2023-07-31;21.88
Niederösterreich;2023-08-01;23.34
Niederösterreich;2023-08-02;24.96
Niederösterreich;2023-08-03;26.68
Niederösterreich;2023-08-04;28.52
Niederösterreich;2023-08-05;30.42
Niederösterreich;2023-08-06;32.37
Niederösterreich;2023-08-07;34.35
Niederösterreich;2023-08-08;36.24
Niederösterreich;2023-08-09;38.07
Niederösterreich;2023-08-10;39.78
Niederösterreich;2023-08-11;41.33
Niederösterreich;2023-08-12;42.76
Niederösterreich;2023-08-13;44.06
Niederösterreich;2023-08-14;45.27
Niederösterreich;2023-08-15;46.39
Niederösterreich;2023-08-16;47.46
Niederösterreich;2023-08-17;48.55
Niederösterreich;2023-08-18;49.67
Niederösterreich;2023-08-19;50.85
Niederösterreich;2023-08-20;52.1
Niederösterreich;2023-08-21;53.5
Niederösterreich;2023-08-22;55.03
Niederösterreich;2023-08-23;56.66
Niederösterreich;2023-08-24;58.43
Niederösterreich;2023-08-25;60.29
Niederösterreich;2023-08-26;62.21
Niederösterreich;2023-08-27;64.13
Niederösterreich;2023-08-28;66.07
Niederösterreich;2023-08-29;67.93
Niederösterreich;2023-08-30;69.8
Niederösterreich;2023-08-31;71.53
Niederösterreich;2023-09-01;73.25
Niederösterreich;2023-09-02;74.88
Niederösterreich;2023-09-03;76.42
Niederösterreich;2023-09-04;77.86
Niederösterreich;2023-09-05;79.18
Niederösterreich;2023-09-06;80.4
Niederösterreich;2023-09-07;81.48
Niederösterreich;2023-09-08;82.46
Niederösterreich;2023-09-09;83.36
Niederösterreich;2023-09-10;84.16
Niederösterreich;2023-09-11;84.85
Niederösterreich;2023-09-12;85.49
Niederösterreich;2023-09-13;86.08
Niederösterreich;2023-09-14;86.68
Niederösterreich;2023-09-15;87.29
Niederösterreich;2023-09-16;87.86
Niederösterreich;2023-09-17;88.36
Niederösterreich;2023-09-18;88.78
Niederösterreich;2023-09-19;89.06
Niederösterreich;2023-09-20;89.31
Niederösterreich;2023-09-21;89.58
Niederösterreich;2023-09-22;89.94
Niederösterreich;2023-09-23;90.47
Niederösterreich;2023-09-24;91.17
Niederösterreich;2023-09-25;92.09
Niederösterreich;2023-09-26;93.25
Niederösterreich;2023-09-27;94.58
Niederösterreich;2023-09-28;96.08
Niederösterreich;2023-09-29;97.72
Niederösterreich;2023-09-30;99.48
Niederösterreich;2023-10-01;101.29
Niederösterreich;2023-10-02;103.11
Niederösterreich;2023-10-03;104.96
Niederösterreich;2023-10-04;106.84
Niederösterreich;2023-10-05;108.82
Niederösterreich;2023-10-06;110.97
Niederösterreich;2023-10-07;113.32
Niederösterreich;2023-10-08;115.92
Niederösterreich;2023-10-09;118.75
Niederösterreich;2023-10-10;121.75
Niederösterreich;2023-10-11;124.86
Niederösterreich;2023-10-12;128.0
Niederösterreich;2023-10-13;131.16
Niederösterreich;2023-10-14;134.44
Niederösterreich;2023-10-15;137.83
Niederösterreich;2023-10-16;141.46
Niederösterreich;2023-10-17;145.28
Niederösterreich;2023-10-18;149.25
Niederösterreich;2023-10-19;153.38
Niederösterreich;2023-10-20;157.52
Niederösterreich;2023-10-21;161.66
Niederösterreich;2023-10-22;165.67
Niederösterreich;2023-10-23;169.58
Niederösterreich;2023-10-24;173.41
Niederösterreich;2023-10-25;177.27
Niederösterreich;2023-10-26;181.23
Niederösterreich;2023-10-27;185.36
Niederösterreich;2023-10-28;189.62
Niederösterreich;2023-10-29;194.06
Niederösterreich;2023-10-30;198.72
Niederösterreich;2023-10-31;203.66
Niederösterreich;2023-11-01;208.84
Niederösterreich;2023-11-02;214.32
Niederösterreich;2023-11-03;220.15
Niederösterreich;2023-11-04;226.36
Niederösterreich;2023-11-05;233.04
Niederösterreich;2023-11-06;240.3
Niederösterreich;2023-11-07;248.32
Niederösterreich;2023-11-08;257.15
Niederösterreich;2023-11-09;266.86
Niederösterreich;2023-11-10;277.3
Niederösterreich;2023-11-11;288.19
Niederösterreich;2023-11-12;299.37
Niederösterreich;2023-11-13;321.17
Niederösterreich;2023-11-14;332.88
Niederösterreich;2023-11-15;344.61
Niederösterreich;2023-11-16;356.41
Niederösterreich;2023-11-17;368.45
Niederösterreich;2023-11-18;380.92
Niederösterreich;2023-11-19;394.05
Niederösterreich;2023-11-20;407.85
Niederösterreich;2023-11-21;422.2
Niederösterreich;2023-11-22;436.88
Niederösterreich;2023-11-23;451.66
Niederösterreich;2023-11-24;466.37
Niederösterreich;2023-11-25;480.82
Niederösterreich;2023-11-26;495.02
Niederösterreich;2023-11-27;508.89
Niederösterreich;2023-11-28;522.45
Niederösterreich;2023-11-29;535.73
Niederösterreich;2023-11-30;548.62
Niederösterreich;2023-12-01;560.9
Niederösterreich;2023-12-02;572.21
Niederösterreich;2023-12-03;582.24
Niederösterreich;2023-12-04;590.75
Niederösterreich;2023-12-05;597.73
Niederösterreich;2023-12-06;606.14
Niederösterreich;2023-12-07;609.65
Niederösterreich;2023-12-08;611.8
Niederösterreich;2023-12-09;612.44
Niederösterreich;2023-12-10;611.27
Niederösterreich;2023-12-11;608.03
Niederösterreich;2023-12-12;602.79
Niederösterreich;2023-12-13;595.77
Niederösterreich;2023-12-14;587.2
Niederösterreich;2023-12-15;577.43
Niederösterreich;2023-12-16;566.61
Niederösterreich;2023-12-17;554.74
Niederösterreich;2023-12-18;541.8
Niederösterreich;2023-12-19;527.54
Niederösterreich;2023-12-20;511.87
Niederösterreich;2023-12-21;494.83
Niederösterreich;2023-12-22;476.63
Niederösterreich;2023-12-23;457.68
Niederösterreich;2023-12-24;438.25
Niederösterreich;2023-12-25;418.6
Niederösterreich;2023-12-26;398.88
Niederösterreich;2023-12-27;379.22
Niederösterreich;2023-12-28;359.7
Niederösterreich;2023-12-29;340.38
Niederösterreich;2023-12-30;321.37
Niederösterreich;2023-12-31;302.76
Niederösterreich;2024-01-01;284.69
Niederösterreich;2024-01-02;267.33
Niederösterreich;2024-01-03;250.81
Niederösterreich;2024-01-04;235.19
Niederösterreich;2024-01-05;220.57
Niederösterreich;2024-01-06;206.9
Niederösterreich;2024-01-07;194.29
Niederösterreich;2024-01-08;182.73
Niederösterreich;2024-01-09;172.14
Niederösterreich;2024-01-10;162.44
Niederösterreich;2024-01-11;153.45
Niederösterreich;2024-01-12;145.12
Niederösterreich;2024-01-13;137.41
Niederösterreich;2024-01-14;130.28
Niederösterreich;2024-01-15;123.75
Niederösterreich;2024-01-16;117.86
Niederösterreich;2024-01-17;112.43
Niederösterreich;2024-01-18;107.49
Niederösterreich;2024-01-19;102.89
Niederösterreich;2024-01-20;98.62
Niederösterreich;2024-01-21;94.6
Niederösterreich;2024-01-22;90.81
Niederösterreich;2024-01-23;87.26
Niederösterreich;2024-01-24;83.88
Niederösterreich;2024-01-25;80.71
Niederösterreich;2024-01-26;77.65
Niederösterreich;2024-01-27;74.67
Niederösterreich;2024-01-28;71.81
Niederösterreich;2024-01-29;69.06
Niederösterreich;2024-01-30;66.45
Niederösterreich;2024-01-31;64.01
Niederösterreich;2024-02-01;61.67
Niederösterreich;2024-02-02;59.45
Niederösterreich;2024-02-03;57.23
Niederösterreich;2024-02-04;54.97
Niederösterreich;2024-02-05;52.67
Niederösterreich;2024-02-06;50.33
Niederösterreich;2024-02-07;48.01
Niederösterreich;2024-02-08;45.72
Niederösterreich;2024-02-09;43.51
Niederösterreich;2024-02-10;41.4
Niederösterreich;2024-02-11;39.33
Niederösterreich;2024-02-12;37.4
Niederösterreich;2024-02-13;35.54
Niederösterreich;2024-02-14;33.81
Niederösterreich;2024-02-15;32.15
Niederösterreich;2024-02-16;30.58
Niederösterreich;2024-02-17;29.06
Niederösterreich;2024-02-18;27.65
Niederösterreich;2024-02-19;26.33
Niederösterreich;2024-02-20;25.11
Niederösterreich;2024-02-21;23.97
Niederösterreich;2024-02-22;22.93
Niederösterreich;2024-02-23;21.91
Niederösterreich;2024-02-24;20.95
Niederösterreich;2024-02-25;19.97
Niederösterreich;2024-02-26;19.06
Niederösterreich;2024-02-27;18.11
Niederösterreich;2024-02-28;17.23
Niederösterreich;2024-02-29;16.37
Niederösterreich;2024-03-01;15.59
Niederösterreich;2024-03-02;14.87
Niederösterreich;2024-03-03;14.18
Niederösterreich;2024-03-04;13.59
Niederösterreich;2024-03-05;13.09
Niederösterreich;2024-03-06;12.67
Niederösterreich;2024-03-07;12.32
Niederösterreich;2024-03-08;12.05
Niederösterreich;2024-03-09;11.84
Niederösterreich;2024-03-10;11.62
Niederösterreich;2024-03-11;11.41
Niederösterreich;2024-03-12;11.22
Niederösterreich;2024-03-13;11.07
Niederösterreich;2024-03-14;10.93
Niederösterreich;2024-03-15;10.82
Niederösterreich;2024-03-16;10.74
Niederösterreich;2024-03-17;10.68
Niederösterreich;2024-03-18;10.65
Niederösterreich;2024-03-19;10.69
Niederösterreich;2024-03-20;10.69
Niederösterreich;2024-03-21;10.71
Niederösterreich;2024-03-22;10.73
Niederösterreich;2024-03-23;10.72
Niederösterreich;2024-03-24;10.71
Niederösterreich;2024-03-25;10.62
Niederösterreich;2024-03-26;10.55
Niederösterreich;2024-03-27;10.42
Niederösterreich;2024-03-28;10.28
Niederösterreich;2024-03-29;10.12
Niederösterreich;2024-03-30;9.99
Niederösterreich;2024-03-31;9.81
Niederösterreich;2024-04-01;9.67
Niederösterreich;2024-04-02;9.46
Niederösterreich;2024-04-03;9.29
Niederösterreich;2024-04-04;9.1
Niederösterreich;2024-04-05;8.86
Niederösterreich;2024-04-06;8.68
Niederösterreich;2024-04-07;8.53
Niederösterreich;2024-04-08;8.4
Niederösterreich;2024-04-09;8.36
Niederösterreich;2024-04-10;8.41
Niederösterreich;2024-04-11;8.48
Niederösterreich;2024-04-12;8.63
Niederösterreich;2024-04-13;8.89
Niederösterreich;2024-04-14;9.15
Niederösterreich;2024-04-15;9.5
Niederösterreich;2024-04-16;9.9
Niederösterreich;2024-04-17;10.37
Niederösterreich;2024-04-18;10.9
Niederösterreich;2024-04-19;11.44
Niederösterreich;2024-04-20;12.06
Niederösterreich;2024-04-21;12.65
Niederösterreich;2024-04-22;13.24
Niederösterreich;2024-04-23;13.87
Niederösterreich;2024-04-24;14.48
Niederösterreich;2024-04-25;15.1
Niederösterreich;2024-04-26;15.73
Niederösterreich;2024-04-27;16.31
Niederösterreich;2024-04-28;16.85
Niederösterreich;2024-04-29;17.32
Niederösterreich;2024-04-30;17.72
Niederösterreich;2024-05-01;18.1
Niederösterreich;2024-05-02;18.42
Niederösterreich;2024-05-03;18.7
Niederösterreich;2024-05-04;18.94
Niederösterreich;2024-05-05;19.14
Niederösterreich;2024-05-06;19.28
Niederösterreich;2024-05-07;19.39
Niederösterreich;2024-05-08;19.47
Niederösterreich;2024-05-09;19.58
Niederösterreich;2024-05-10;19.64
Niederösterreich;2024-05-11;19.79
Niederösterreich;2024-05-12;19.91
Niederösterreich;2024-05-13;20.04
Niederösterreich;2024-05-14;20.19
Niederösterreich;2024-05-15;20.3
Niederösterreich;2024-05-16;20.39
Niederösterreich;2024-05-17;20.44
Niederösterreich;2024-05-18;20.47
Niederösterreich;2024-05-19;20.48
Niederösterreich;2024-05-20;20.55
Niederösterreich;2024-05-21;20.68
Niederösterreich;2024-05-22;20.89
Niederösterreich;2024-05-23;21.21
Niederösterreich;2024-05-24;21.6
Niederösterreich;2024-05-25;22.04
Niederösterreich;2024-05-26;22.56
Niederösterreich;2024-05-27;23.16
Niederösterreich;2024-05-28;23.79
Niederösterreich;2024-05-29;24.47
Niederösterreich;2024-05-30;25.21
Niederösterreich;2024-05-31;26.02
Niederösterreich;2024-06-01;26.89
Niederösterreich;2024-06-02;27.81
Niederösterreich;2024-06-03;28.86
Niederösterreich;2024-06-04;29.96
Niederösterreich;2024-06-05;31.2
Niederösterreich;2024-06-06;32.49
Niederösterreich;2024-06-07;33.81
Niederösterreich;2024-06-08;35.18
Niederösterreich;2024-06-09;36.54
Niederösterreich;2024-06-10;37.95
Niederösterreich;2024-06-11;39.39
Niederösterreich;2024-06-12;40.87
Niederösterreich;2024-06-13;42.4
Niederösterreich;2024-06-14;43.95
Niederösterreich;2024-06-15;45.55
Niederösterreich;2024-06-16;47.16
Niederösterreich;2024-06-17;48.79
Niederösterreich;2024-06-18;50.41
Niederösterreich;2024-06-19;51.99
Niederösterreich;2024-06-20;53.48
Niederösterreich;2024-06-21;54.92
Niederösterreich;2024-06-22;56.26
Niederösterreich;2024-06-23;57.53
Niederösterreich;2024-06-24;58.66
Niederösterreich;2024-06-25;59.67
Niederösterreich;2024-06-26;60.54
Niederösterreich;2024-06-27;61.29
Niederösterreich;2024-06-28;61.93
Niederösterreich;2024-06-29;62.55
Niederösterreich;2024-06-30;63.18
Niederösterreich;2024-07-01;63.85
Niederösterreich;2024-07-02;64.62
Niederösterreich;2024-07-03;65.5
Niederösterreich;2024-07-04;66.47
Niederösterreich;2024-07-05;67.48
Niederösterreich;2024-07-06;68.5
Niederösterreich;2024-07-07;69.47
Niederösterreich;2024-07-08;70.37
Niederösterreich;2024-07-09;71.21
Niederösterreich;2024-07-10;71.99
Niederösterreich;2024-07-11;72.74
Niederösterreich;2024-07-12;73.45
Niederösterreich;2024-07-13;74.07
Niederösterreich;2024-07-14;74.59
Niederösterreich;2024-07-15;75.01
Niederösterreich;2024-07-16;75.34
Niederösterreich;2024-07-17;75.67
Niederösterreich;2024-07-18;75.99
Niederösterreich;2024-07-19;76.35
Niederösterreich;2024-07-20;76.79
Niederösterreich;2024-07-21;77.34
Niederösterreich;2024-07-22;78.03
Niederösterreich;2024-07-23;78.98
Niederösterreich;2024-07-24;80.2
Niederösterreich;2024-07-25;81.67
Niederösterreich;2024-07-26;83.28
Niederösterreich;2024-07-27;85.01
Niederösterreich;2024-07-28;86.73
Niederösterreich;2024-07-29;88.4
Niederösterreich;2024-07-30;90.07
Niederösterreich;2024-07-31;91.7
Niederösterreich;2024-08-01;93.3
Niederösterreich;2024-08-02;94.85
Niederösterreich;2024-08-03;96.37
Niederösterreich;2024-08-04;97.86
Niederösterreich;2024-08-05;99.32
Niederösterreich;2024-08-06;100.75
Niederösterreich;2024-08-07;102.11
Niederösterreich;2024-08-08;103.49
Niederösterreich;2024-08-09;104.88
Niederösterreich;2024-08-10;106.32
Niederösterreich;2024-08-11;107.81
Niederösterreich;2024-08-12;109.33
Niederösterreich;2024-08-13;110.89
Niederösterreich;2024-08-14;112.43
Niederösterreich;2024-08-15;114.01
Niederösterreich;2024-08-16;115.58
Niederösterreich;2024-08-17;117.2
Niederösterreich;2024-08-18;118.86
Niederösterreich;2024-08-19;120.51
Niederösterreich;2024-08-20;122.1
Niederösterreich;2024-08-21;123.56
Niederösterreich;2024-08-22;124.8
Niederösterreich;2024-08-23;125.83
Niederösterreich;2024-08-24;126.56
Niederösterreich;2024-08-25;127.02
Niederösterreich;2024-08-26;127.16
Niederösterreich;2024-08-27;127.04
Niederösterreich;2024-08-28;126.84
Niederösterreich;2024-08-29;126.55
Niederösterreich;2024-08-30;126.29
Niederösterreich;2024-08-31;126.09
Niederösterreich;2024-09-01;126.07
Niederösterreich;2024-09-02;126.32
Niederösterreich;2024-09-03;126.93
Niederösterreich;2024-09-04;127.95
Niederösterreich;2024-09-05;129.32
Niederösterreich;2024-09-06;131.05
Niederösterreich;2024-09-07;133.09
Niederösterreich;2024-09-08;135.38
Niederösterreich;2024-09-09;137.98
Niederösterreich;2024-09-10;140.9
Niederösterreich;2024-09-11;144.14
Niederösterreich;2024-09-12;147.77
Niederösterreich;2024-09-13;151.8
Niederösterreich;2024-09-14;156.35
Niederösterreich;2024-09-15;161.46
Niederösterreich;2024-09-16;167.18
Niederösterreich;2024-09-17;173.39
Niederösterreich;2024-09-18;179.88
Niederösterreich;2024-09-19;186.39
Niederösterreich;2024-09-20;192.72
Niederösterreich;2024-09-21;198.58
Niederösterreich;2024-09-22;203.72
Niederösterreich;2024-09-23;207.97
Niederösterreich;2024-09-24;211.28
Niederösterreich;2024-09-25;213.82
Niederösterreich;2024-09-26;215.74
Niederösterreich;2024-09-27;217.26
Niederösterreich;2024-09-28;218.59
Niederösterreich;2024-09-29;219.88
Niederösterreich;2024-09-30;221.32
Niederösterreich;2024-10-01;222.88
Niederösterreich;2024-10-02;224.61
Niederösterreich;2024-10-03;226.41
Niederösterreich;2024-10-04;228.14
Niederösterreich;2024-10-05;229.68
Niederösterreich;2024-10-06;230.84
Niederösterreich;2024-10-07;231.48
Niederösterreich;2024-10-08;231.5
Niederösterreich;2024-10-09;230.81
Niederösterreich;2024-10-10;229.52
Niederösterreich;2024-10-11;227.67
Niederösterreich;2024-10-12;225.4
Niederösterreich;2024-10-13;222.88
Niederösterreich;2024-10-14;220.1
Niederösterreich;2024-10-15;217.18
Niederösterreich;2024-10-16;214.19
Niederösterreich;2024-10-17;211.03
Niederösterreich;2024-10-18;207.73
Niederösterreich;2024-10-19;204.13
Niederösterreich;2024-10-20;200.2
Niederösterreich;2024-10-21;195.84
Niederösterreich;2024-10-22;191.13
Niederösterreich;2024-10-23;186.06
Niederösterreich;2024-10-24;180.75
Niederösterreich;2024-10-25;175.22
Niederösterreich;2024-10-26;169.64
Niederösterreich;2024-10-27;164.14
Niederösterreich;2024-10-28;158.87
Niederösterreich;2024-10-29;153.91
Niederösterreich;2024-10-30;149.42
Niederösterreich;2024-10-31;145.39
Niederösterreich;2024-11-01;141.77
Niederösterreich;2024-11-02;138.56
Niederösterreich;2024-11-03;135.7
Niederösterreich;2024-11-04;133.12
Niederösterreich;2024-11-05;130.79
Niederösterreich;2024-11-06;128.68
Niederösterreich;2024-11-07;126.64
Niederösterreich;2024-11-08;124.69
Niederösterreich;2024-11-09;122.8
Niederösterreich;2024-11-10;120.98
Niederösterreich;2024-11-11;119.21
Niederösterreich;2024-11-12;117.44
Niederösterreich;2024-11-13;115.67
Niederösterreich;2024-11-14;113.86
Niederösterreich;2024-11-15;112.08
Niederösterreich;2024-11-16;110.36
Niederösterreich;2024-11-17;108.76
Niederösterreich;2024-11-18;107.42
Niederösterreich;2024-11-19;106.39
Niederösterreich;2024-11-20;105.68
Niederösterreich;2024-11-21;105.29
Niederösterreich;2024-11-22;105.23
Niederösterreich;2024-11-23;105.45
Niederösterreich;2024-11-24;105.96
Niederösterreich;2024-11-25;106.7
Niederösterreich;2024-11-26;107.71
Niederösterreich;2024-11-27;108.91
Niederösterreich;2024-11-28;110.23
Niederösterreich;2024-11-29;111.6
Niederösterreich;2024-11-30;112.91
Niederösterreich;2024-12-01;114.06
Niederösterreich;2024-12-02;115.06
Niederösterreich;2024-12-03;115.93
Niederösterreich;2024-12-04;116.76
Niederösterreich;2024-12-05;117.56
Niederösterreich;2024-12-06;118.26
Niederösterreich;2024-12-07;118.81
Niederösterreich;2024-12-08;119.17
Niederösterreich;2024-12-09;119.25
Niederösterreich;2024-12-10;119.0
Niederösterreich;2024-12-11;118.38
Niederösterreich;2024-12-12;117.44
Niederösterreich;2024-12-13;116.22
Niederösterreich;2024-12-14;114.77
Niederösterreich;2024-12-15;113.19
Niederösterreich;2024-12-16;111.5
Niederösterreich;2024-12-17;109.66
Niederösterreich;2024-12-18;107.69
Niederösterreich;2024-12-19;105.59
Niederösterreich;2024-12-20;103.44
Niederösterreich;2024-12-21;101.21
Niederösterreich;2024-12-22;98.99
Niederösterreich;2024-12-23;96.81
Niederösterreich;2024-12-24;94.61
Niederösterreich;2024-12-25;92.44
Niederösterreich;2024-12-26;90.23
Niederösterreich;2024-12-27;88.0
Niederösterreich;2024-12-28;85.68
Niederösterreich;2024-12-29;83.27
Niederösterreich;2024-12-30;80.77
Niederösterreich;2024-12-31;78.16
Niederösterreich;2025-01-01;75.52
Niederösterreich;2025-01-02;72.84
Niederösterreich;2025-01-03;70.16
Niederösterreich;2025-01-04;67.48
Niederösterreich;2025-01-05;64.85
Niederösterreich;2025-01-06;62.27
Niederösterreich;2025-01-07;59.75
Niederösterreich;2025-01-08;57.33
Niederösterreich;2025-01-09;55.01
Niederösterreich;2025-01-10;52.85
Niederösterreich;2025-01-11;50.82
Niederösterreich;2025-01-12;49.01
Niederösterreich;2025-01-13;47.4
Niederösterreich;2025-01-14;46.0
Niederösterreich;2025-01-15;44.79
Niederösterreich;2025-01-16;43.73
Niederösterreich;2025-01-17;42.75
Niederösterreich;2025-01-18;41.9
Niederösterreich;2025-01-19;41.08
Niederösterreich;2025-01-20;40.33
Niederösterreich;2025-01-21;39.59
Niederösterreich;2025-01-22;38.92
Niederösterreich;2025-01-23;38.23
Niederösterreich;2025-01-24;37.54
Niederösterreich;2025-01-25;36.88
Niederösterreich;2025-01-26;36.17
Niederösterreich;2025-01-27;35.42
Niederösterreich;2025-01-28;34.64
Niederösterreich;2025-01-29;33.83
Niederösterreich;2025-01-30;33.02
Niederösterreich;2025-01-31;32.2
Niederösterreich;2025-02-01;31.39
Niederösterreich;2025-02-02;30.66
Niederösterreich;2025-02-03;29.91
Niederösterreich;2025-02-04;29.26
Niederösterreich;2025-02-05;28.68
Niederösterreich;2025-02-06;28.19
Niederösterreich;2025-02-07;27.72
Niederösterreich;2025-02-08;27.31
Niederösterreich;2025-02-09;26.88
Niederösterreich;2025-02-10;26.42
Niederösterreich;2025-02-11;25.94
Niederösterreich;2025-02-12;25.38
Niederösterreich;2025-02-13;24.77
Niederösterreich;2025-02-14;24.15
Niederösterreich;2025-02-15;23.51
Niederösterreich;2025-02-16;22.88
Niederösterreich;2025-02-17;22.27
Niederösterreich;2025-02-18;21.7
Niederösterreich;2025-02-19;21.14
Niederösterreich;2025-02-20;20.61
Niederösterreich;2025-02-21;20.06
Niederösterreich;2025-02-22;19.51
Niederösterreich;2025-02-23;18.97
Niederösterreich;2025-02-24;18.45
Niederösterreich;2025-02-25;18.01
Niederösterreich;2025-02-26;17.64
Niederösterreich;2025-02-27;17.31
Niederösterreich;2025-02-28;17.1
Niederösterreich;2025-03-01;16.94
Niederösterreich;2025-03-02;16.81
Niederösterreich;2025-03-03;16.75
Niederösterreich;2025-03-04;16.69
Niederösterreich;2025-03-05;16.64
Niederösterreich;2025-03-06;16.59
Niederösterreich;2025-03-07;16.52
Niederösterreich;2025-03-08;16.42
Niederösterreich;2025-03-09;16.29
Niederösterreich;2025-03-10;16.13
Niederösterreich;2025-03-11;15.98
Niederösterreich;2025-03-12;15.85
Niederösterreich;2025-03-13;15.78
Niederösterreich;2025-03-14;15.73
Niederösterreich;2025-03-15;15.73
Niederösterreich;2025-03-16;15.75
Niederösterreich;2025-03-17;15.79
Niederösterreich;2025-03-18;15.83
Niederösterreich;2025-03-19;16.33
Niederösterreich;2025-03-20;16.36
Niederösterreich;2025-03-21;15.94
Niederösterreich;2025-03-22;16.0
Niederösterreich;2025-03-23;16.08
Steiermark;2022-09-01;93.61
Steiermark;2022-09-02;94.86
Steiermark;2022-09-03;96.44
Steiermark;2022-09-04;98.17
Steiermark;2022-09-05;100.19
Steiermark;2022-09-06;102.65
Steiermark;2022-09-07;105.79
Steiermark;2022-09-08;109.53
Steiermark;2022-09-09;114.0
Steiermark;2022-09-10;119.05
Steiermark;2022-09-11;124.63
Steiermark;2022-09-12;130.83
Steiermark;2022-09-13;137.61
Steiermark;2022-09-14;145.02
Steiermark;2022-09-15;153.02
Steiermark;2022-09-16;161.2
Steiermark;2022-09-17;169.28
Steiermark;2022-09-18;176.77
Steiermark;2022-09-19;183.56
Steiermark;2022-09-20;189.83
Steiermark;2022-09-21;195.76
Steiermark;2022-09-22;201.8
Steiermark;2022-09-23;208.17
Steiermark;2022-09-24;214.92
Steiermark;2022-09-25;222.02
Steiermark;2022-09-26;229.49
Steiermark;2022-09-27;236.92
Steiermark;2022-09-28;243.91
Steiermark;2022-09-29;250.12
Steiermark;2022-09-30;255.26
Steiermark;2022-10-01;259.32
Steiermark;2022-10-02;262.31
Steiermark;2022-10-03;264.26
Steiermark;2022-10-04;265.35
Steiermark;2022-10-05;265.66
Steiermark;2022-10-06;265.34
Steiermark;2022-10-07;264.19
Steiermark;2022-10-08;262.06
Steiermark;2022-10-09;258.57
Steiermark;2022-10-10;253.68
Steiermark;2022-10-11;247.44
Steiermark;2022-10-12;240.29
Steiermark;2022-10-13;232.44
Steiermark;2022-10-14;224.09
Steiermark;2022-10-15;215.16
Steiermark;2022-10-16;205.68
Steiermark;2022-10-17;195.64
Steiermark;2022-10-18;185.24
Steiermark;2022-10-19;174.63
Steiermark;2022-10-20;164.08
Steiermark;2022-10-21;153.75
Steiermark;2022-10-22;143.87
Steiermark;2022-10-23;134.43
Steiermark;2022-10-24;125.67
Steiermark;2022-10-25;117.5
Steiermark;2022-10-26;110.12
Steiermark;2022-10-27;103.5
Steiermark;2022-10-28;97.59
Steiermark;2022-10-29;92.46
Steiermark;2022-10-30;87.96
Steiermark;2022-10-31;84.27
Steiermark;2022-11-01;81.26
Steiermark;2022-11-02;78.81
Steiermark;2022-11-03;77.03
Steiermark;2022-11-04;75.67
Steiermark;2022-11-05;74.64
Steiermark;2022-11-06;73.88
Steiermark;2022-11-07;73.46
Steiermark;2022-11-08;73.34
Steiermark;2022-11-09;73.64
Steiermark;2022-11-10;74.45
Steiermark;2022-11-11;75.74
Steiermark;2022-11-12;77.46
Steiermark;2022-11-13;79.56
Steiermark;2022-11-14;82.07
Steiermark;2022-11-15;85.01
Steiermark;2022-11-16;88.28
Steiermark;2022-11-17;92.07
Steiermark;2022-11-18;96.17
Steiermark;2022-11-19;100.53
Steiermark;2022-11-20;105.24
Steiermark;2022-11-21;110.05
Steiermark;2022-11-22;115.16
Steiermark;2022-11-23;120.5
Steiermark;2022-11-24;125.86
Steiermark;2022-11-25;131.26
Steiermark;2022-11-26;136.51
Steiermark;2022-11-27;141.53
Steiermark;2022-11-28;146.08
Steiermark;2022-11-29;150.28
Steiermark;2022-11-30;154.17
Steiermark;2022-12-01;157.67
Steiermark;2022-12-02;160.91
Steiermark;2022-12-03;163.9
Steiermark;2022-12-04;166.67
Steiermark;2022-12-05;169.16
Steiermark;2022-12-06;171.46
Steiermark;2022-12-07;173.49
Steiermark;2022-12-08;175.4
Steiermark;2022-12-09;177.01
Steiermark;2022-12-10;178.46
Steiermark;2022-12-11;179.61
Steiermark;2022-12-12;180.65
Steiermark;2022-12-13;181.66
Steiermark;2022-12-14;182.59
Steiermark;2022-12-15;183.68
Steiermark;2022-12-16;184.62
Steiermark;2022-12-17;185.3
Steiermark;2022-12-18;185.43
Steiermark;2022-12-19;184.78
Steiermark;2022-12-20;183.55
Steiermark;2022-12-21;181.86
Steiermark;2022-12-22;179.8
Steiermark;2022-12-23;177.66
Steiermark;2022-12-24;175.38
Steiermark;2022-12-25;173.0
Steiermark;2022-12-26;170.43
Steiermark;2022-12-27;167.7
Steiermark;2022-12-28;164.73
Steiermark;2022-12-29;161.4
Steiermark;2022-12-30;157.85
Steiermark;2022-12-31;153.93
Steiermark;2023-01-01;149.81
Steiermark;2023-01-02;145.63
Steiermark;2023-01-03;141.62
Steiermark;2023-01-04;137.94
Steiermark;2023-01-05;134.7
Steiermark;2023-01-06;131.89
Steiermark;2023-01-07;129.58
Steiermark;2023-01-08;127.5
Steiermark;2023-01-09;125.79
Steiermark;2023-01-10;124.25
Steiermark;2023-01-11;122.97
Steiermark;2023-01-12;121.95
Steiermark;2023-01-13;121.08
Steiermark;2023-01-14;120.47
Steiermark;2023-01-15;119.63
Steiermark;2023-01-16;119.52
Steiermark;2023-01-17;116.49
Steiermark;2023-01-18;117.09
Steiermark;2023-01-19;117.99
Steiermark;2023-01-20;119.24
Steiermark;2023-01-21;120.73
Steiermark;2023-01-22;122.59
Steiermark;2023-01-23;124.77
Steiermark;2023-01-24;127.43
Steiermark;2023-01-25;130.67
Steiermark;2023-01-26;134.39
Steiermark;2023-01-27;138.51
Steiermark;2023-01-28;142.92
Steiermark;2023-01-29;147.5
Steiermark;2023-01-30;152.19
Steiermark;2023-01-31;157.0
Steiermark;2023-02-01;161.96
Steiermark;2023-02-02;167.13
Steiermark;2023-02-03;172.35
Steiermark;2023-02-04;177.64
Steiermark;2023-02-05;182.71
Steiermark;2023-02-06;187.54
Steiermark;2023-02-07;192.31
Steiermark;2023-02-08;196.89
Steiermark;2023-02-09;201.47
Steiermark;2023-02-10;205.9
Steiermark;2023-02-11;210.26
Steiermark;2023-02-12;214.47
Steiermark;2023-02-13;218.45
Steiermark;2023-02-14;222.2
Steiermark;2023-02-15;225.92
Steiermark;2023-02-16;229.56
Steiermark;2023-02-17;233.25
Steiermark;2023-02-18;236.92
Steiermark;2023-02-19;240.69
Steiermark;2023-02-20;244.48
Steiermark;2023-02-21;248.41
Steiermark;2023-02-22;252.3
Steiermark;2023-02-23;256.07
Steiermark;2023-02-24;259.44
Steiermark;2023-02-25;262.11
Steiermark;2023-02-26;263.75
Steiermark;2023-02-27;264.14
Steiermark;2023-02-28;263.24
Steiermark;2023-03-01;261.18
Steiermark;2023-03-02;258.34
Steiermark;2023-03-03;254.8
Steiermark;2023-03-04;250.77
Steiermark;2023-03-05;246.32
Steiermark;2023-03-06;241.45
Steiermark;2023-03-07;236.16
Steiermark;2023-03-08;230.46
Steiermark;2023-03-09;224.3
Steiermark;2023-03-10;217.82
Steiermark;2023-03-11;210.93
Steiermark;2023-03-12;203.68
Steiermark;2023-03-13;196.15
Steiermark;2023-03-14;188.47
Steiermark;2023-03-15;180.66
Steiermark;2023-03-16;172.85
Steiermark;2023-03-17;165.15
Steiermark;2023-03-18;157.64
Steiermark;2023-03-19;150.28
Steiermark;2023-03-20;143.17
Steiermark;2023-03-21;136.39
Steiermark;2023-03-22;130.0
Steiermark;2023-03-23;123.96
Steiermark;2023-03-24;118.26
Steiermark;2023-03-25;112.9
Steiermark;2023-03-26;107.91
Steiermark;2023-03-27;103.25
Steiermark;2023-03-28;98.81
Steiermark;2023-03-29;94.61
Steiermark;2023-03-30;90.58
Steiermark;2023-03-31;86.75
Steiermark;2023-04-01;83.22
Steiermark;2023-04-02;80.03
Steiermark;2023-04-03;77.19
Steiermark;2023-04-04;74.75
Steiermark;2023-04-05;72.61
Steiermark;2023-04-06;70.75
Steiermark;2023-04-07;69.09
Steiermark;2023-04-08;67.66
Steiermark;2023-04-09;66.27
Steiermark;2023-04-10;65.04
Steiermark;2023-04-11;63.81
Steiermark;2023-04-12;62.7
Steiermark;2023-04-13;61.66
Steiermark;2023-04-14;60.5
Steiermark;2023-04-15;59.38
Steiermark;2023-04-16;58.09
Steiermark;2023-04-17;56.77
Steiermark;2023-04-18;55.35
Steiermark;2023-04-19;53.95
Steiermark;2023-04-20;52.6
Steiermark;2023-04-21;51.24
Steiermark;2023-04-22;49.82
Steiermark;2023-04-23;48.49
Steiermark;2023-04-24;47.17
Steiermark;2023-04-25;45.74
Steiermark;2023-04-26;44.28
Steiermark;2023-04-27;42.82
Steiermark;2023-04-28;41.32
Steiermark;2023-04-29;39.84
Steiermark;2023-04-30;38.43
Steiermark;2023-05-01;37.17
Steiermark;2023-05-02;35.96
Steiermark;2023-05-03;34.96
Steiermark;2023-05-04;34.17
Steiermark;2023-05-05;33.48
Steiermark;2023-05-06;32.8
Steiermark;2023-05-07;32.22
Steiermark;2023-05-08;31.66
Steiermark;2023-05-09;30.95
Steiermark;2023-05-10;30.25
Steiermark;2023-05-11;29.46
Steiermark;2023-05-12;28.68
Steiermark;2023-05-13;27.94
Steiermark;2023-05-14;27.22
Steiermark;2023-05-15;26.63
Steiermark;2023-05-16;26.17
Steiermark;2023-05-17;25.69
Steiermark;2023-05-18;25.31
Steiermark;2023-05-19;24.9
Steiermark;2023-05-20;24.44
Steiermark;2023-05-21;23.84
Steiermark;2023-05-22;23.12
Steiermark;2023-05-23;22.37
Steiermark;2023-05-24;21.57
Steiermark;2023-05-25;20.75
Steiermark;2023-05-26;19.94
Steiermark;2023-05-27;19.1
Steiermark;2023-05-28;18.33
Steiermark;2023-05-29;17.6
Steiermark;2023-05-30;16.84
Steiermark;2023-05-31;16.12
Steiermark;2023-06-01;15.44
Steiermark;2023-06-02;14.79
Steiermark;2023-06-03;14.15
Steiermark;2023-06-04;13.5
Steiermark;2023-06-05;12.95
Steiermark;2023-06-06;12.32
Steiermark;2023-06-07;11.78
Steiermark;2023-06-08;11.19
Steiermark;2023-06-09;10.67
Steiermark;2023-06-10;10.1
Steiermark;2023-06-11;9.58
Steiermark;2023-06-12;9.04
Steiermark;2023-06-13;8.57
Steiermark;2023-06-14;8.1
Steiermark;2023-06-15;7.71
Steiermark;2023-06-16;7.34
Steiermark;2023-06-17;7.05
Steiermark;2023-06-18;6.79
Steiermark;2023-06-19;6.58
Steiermark;2023-06-20;6.41
Steiermark;2023-06-21;6.33
Steiermark;2023-06-22;6.24
Steiermark;2023-06-23;6.21
Steiermark;2023-06-24;6.23
Steiermark;2023-06-25;6.26
Steiermark;2023-06-26;6.36
Steiermark;2023-06-27;6.49
Steiermark;2023-06-28;6.68
Steiermark;2023-06-29;6.87
Steiermark;2023-06-30;7.04
Steiermark;2023-07-01;7.27
Steiermark;2023-07-02;7.51
Steiermark;2023-07-03;7.72
Steiermark;2023-07-04;7.92
Steiermark;2023-07-05;8.13
Steiermark;2023-07-06;8.33
Steiermark;2023-07-07;8.6
Steiermark;2023-07-08;8.85
Steiermark;2023-07-09;9.04
Steiermark;2023-07-10;9.28
Steiermark;2023-07-11;9.51
Steiermark;2023-07-12;9.74
Steiermark;2023-07-13;9.96
Steiermark;2023-07-14;10.27
Steiermark;2023-07-15;10.51
Steiermark;2023-07-16;10.84
Steiermark;2023-07-17;11.24
Steiermark;2023-07-18;11.63
Steiermark;2023-07-19;12.1
Steiermark;2023-07-20;12.64
Steiermark;2023-07-21;13.16
Steiermark;2023-07-22;13.77
Steiermark;2023-07-23;14.39
Steiermark;2023-07-24;15.1
Steiermark;2023-07-25;15.83
Steiermark;2023-07-26;16.57
Steiermark;2023-07-27;17.33
Steiermark;2023-07-28;18.11
Steiermark;2023-07-29;18.96
Steiermark;2023-07-30;19.77
Steiermark;2023-07-31;20.75
Steiermark;2023-08-01;21.79
Steiermark;2023-08-02;22.93
Steiermark;2023-08-03;24.27
Steiermark;2023-08-04;25.92
Steiermark;2023-08-05;27.71
Steiermark;2023-08-06;29.8
Steiermark;2023-08-07;32.18
Steiermark;2023-08-08;34.7
Steiermark;2023-08-09;37.35
Steiermark;2023-08-10;39.91
Steiermark;2023-08-11;42.33
Steiermark;2023-08-12;44.47
Steiermark;2023-08-13;46.23
Steiermark;2023-08-14;47.58
Steiermark;2023-08-15;48.51
Steiermark;2023-08-16;49.22
Steiermark;2023-08-17;49.74
Steiermark;2023-08-18;50.28
Steiermark;2023-08-19;50.86
Steiermark;2023-08-20;51.51
Steiermark;2023-08-21;52.29
Steiermark;2023-08-22;53.15
Steiermark;2023-08-23;54.19
Steiermark;2023-08-24;55.33
Steiermark;2023-08-25;56.57
Steiermark;2023-08-26;57.77
Steiermark;2023-08-27;58.94
Steiermark;2023-08-28;60.03
Steiermark;2023-08-29;60.96
Steiermark;2023-08-30;61.82
Steiermark;2023-08-31;62.67
Steiermark;2023-09-01;63.42
Steiermark;2023-09-02;64.36
Steiermark;2023-09-03;65.32
Steiermark;2023-09-04;66.45
Steiermark;2023-09-05;67.79
Steiermark;2023-09-06;69.39
Steiermark;2023-09-07;71.22
Steiermark;2023-09-08;73.15
Steiermark;2023-09-09;75.01
Steiermark;2023-09-10;76.76
Steiermark;2023-09-11;78.29
Steiermark;2023-09-12;79.54
Steiermark;2023-09-13;80.5
Steiermark;2023-09-14;81.35
Steiermark;2023-09-15;82.0
Steiermark;2023-09-16;82.64
Steiermark;2023-09-17;83.23
Steiermark;2023-09-18;83.91
Steiermark;2023-09-19;84.61
Steiermark;2023-09-20;85.51
Steiermark;2023-09-21;86.68
Steiermark;2023-09-22;88.02
Steiermark;2023-09-23;89.52
Steiermark;2023-09-24;91.36
Steiermark;2023-09-25;93.38
Steiermark;2023-09-26;95.72
Steiermark;2023-09-27;98.21
Steiermark;2023-09-28;100.82
Steiermark;2023-09-29;103.53
Steiermark;2023-09-30;106.08
Steiermark;2023-10-01;108.45
Steiermark;2023-10-02;110.47
Steiermark;2023-10-03;112.26
Steiermark;2023-10-04;113.71
Steiermark;2023-10-05;115.06
Steiermark;2023-10-06;116.32
Steiermark;2023-10-07;117.66
Steiermark;2023-10-08;119.09
Steiermark;2023-10-09;120.77
Steiermark;2023-10-10;122.73
Steiermark;2023-10-11;124.99
Steiermark;2023-10-12;127.61
Steiermark;2023-10-13;130.61
Steiermark;2023-10-14;134.05
Steiermark;2023-10-15;138.11
Steiermark;2023-10-16;142.82
Steiermark;2023-10-17;148.15
Steiermark;2023-10-18;154.12
Steiermark;2023-10-19;160.46
Steiermark;2023-10-20;167.14
Steiermark;2023-10-21;173.73
Steiermark;2023-10-22;180.2
Steiermark;2023-10-23;186.31
Steiermark;2023-10-24;192.15
Steiermark;2023-10-25;197.82
Steiermark;2023-10-26;203.3
Steiermark;2023-10-27;208.61
Steiermark;2023-10-28;213.51
Steiermark;2023-10-29;218.04
Steiermark;2023-10-30;222.09
Steiermark;2023-10-31;225.46
Steiermark;2023-11-01;228.31
Steiermark;2023-11-02;230.69
Steiermark;2023-11-03;232.87
Steiermark;2023-11-04;235.27
Steiermark;2023-11-05;238.16
Steiermark;2023-11-06;241.89
Steiermark;2023-11-07;246.57
Steiermark;2023-11-08;252.2
Steiermark;2023-11-09;258.68
Steiermark;2023-11-10;265.81
Steiermark;2023-11-11;273.4
Steiermark;2023-11-12;281.21
Steiermark;2023-11-13;289.21
Steiermark;2023-11-14;297.24
Steiermark;2023-11-15;305.34
Steiermark;2023-11-16;313.42
Steiermark;2023-11-17;321.85
Steiermark;2023-11-18;330.75
Steiermark;2023-11-19;340.45
Steiermark;2023-11-20;351.19
Steiermark;2023-11-21;362.99
Steiermark;2023-11-22;375.92
Steiermark;2023-11-23;389.78
Steiermark;2023-11-24;404.34
Steiermark;2023-11-25;419.35
Steiermark;2023-11-26;434.61
Steiermark;2023-11-27;449.8
Steiermark;2023-11-28;464.83
Steiermark;2023-11-29;479.4
Steiermark;2023-11-30;493.27
Steiermark;2023-12-01;506.04
Steiermark;2023-12-02;517.37
Steiermark;2023-12-03;526.87
Steiermark;2023-12-04;534.66
Steiermark;2023-12-05;541.16
Steiermark;2023-12-06;546.93
Steiermark;2023-12-07;552.53
Steiermark;2023-12-08;557.78
Steiermark;2023-12-09;562.34
Steiermark;2023-12-10;565.8
Steiermark;2023-12-11;567.83
Steiermark;2023-12-12;568.73
Steiermark;2023-12-13;568.87
Steiermark;2023-12-14;568.56
Steiermark;2023-12-15;567.69
Steiermark;2023-12-16;565.95
Steiermark;2023-12-17;562.7
Steiermark;2023-12-18;557.51
Steiermark;2023-12-19;550.12
Steiermark;2023-12-20;540.64
Steiermark;2023-12-21;529.17
Steiermark;2023-12-22;516.07
Steiermark;2023-12-23;501.64
Steiermark;2023-12-24;486.31
Steiermark;2023-12-25;470.22
Steiermark;2023-12-26;453.44
Steiermark;2023-12-27;435.98
Steiermark;2023-12-28;417.97
Steiermark;2023-12-29;399.44
Steiermark;2023-12-30;380.42
Steiermark;2023-12-31;361.13
Steiermark;2024-01-01;341.69
Steiermark;2024-01-02;322.31
Steiermark;2024-01-03;303.15
Steiermark;2024-01-04;284.47
Steiermark;2024-01-05;266.71
Steiermark;2024-01-06;249.92
Steiermark;2024-01-07;234.38
Steiermark;2024-01-08;220.35
Steiermark;2024-01-09;207.69
Steiermark;2024-01-10;196.41
Steiermark;2024-01-11;186.29
Steiermark;2024-01-12;177.07
Steiermark;2024-01-13;168.51
Steiermark;2024-01-14;160.32
Steiermark;2024-01-15;152.43
Steiermark;2024-01-16;144.84
Steiermark;2024-01-17;137.36
Steiermark;2024-01-18;130.19
Steiermark;2024-01-19;123.26
Steiermark;2024-01-20;116.62
Steiermark;2024-01-21;110.29
Steiermark;2024-01-22;104.32
Steiermark;2024-01-23;98.74
Steiermark;2024-01-24;93.61
Steiermark;2024-01-25;89.03
Steiermark;2024-01-26;84.92
Steiermark;2024-01-27;81.15
Steiermark;2024-01-28;77.68
Steiermark;2024-01-29;74.52
Steiermark;2024-01-30;71.46
Steiermark;2024-01-31;68.47
Steiermark;2024-02-01;65.54
Steiermark;2024-02-02;62.55
Steiermark;2024-02-03;59.57
Steiermark;2024-02-04;56.51
Steiermark;2024-02-05;53.52
Steiermark;2024-02-06;50.49
Steiermark;2024-02-07;47.51
Steiermark;2024-02-08;44.57
Steiermark;2024-02-09;41.73
Steiermark;2024-02-10;39.02
Steiermark;2024-02-11;36.41
Steiermark;2024-02-12;33.93
Steiermark;2024-02-13;31.66
Steiermark;2024-02-14;29.52
Steiermark;2024-02-15;27.54
Steiermark;2024-02-16;25.67
Steiermark;2024-02-17;23.92
Steiermark;2024-02-18;22.21
Steiermark;2024-02-19;20.63
Steiermark;2024-02-20;19.07
Steiermark;2024-02-21;17.66
Steiermark;2024-02-22;16.3
Steiermark;2024-02-23;15.03
Steiermark;2024-02-24;13.84
Steiermark;2024-02-25;12.78
Steiermark;2024-02-26;11.86
Steiermark;2024-02-27;10.99
Steiermark;2024-02-28;10.22
Steiermark;2024-02-29;9.5
Steiermark;2024-03-01;8.87
Steiermark;2024-03-02;8.33
Steiermark;2024-03-03;7.88
Steiermark;2024-03-04;7.45
Steiermark;2024-03-05;7.17
Steiermark;2024-03-06;6.93
Steiermark;2024-03-07;6.74
Steiermark;2024-03-08;6.58
Steiermark;2024-03-09;6.55
Steiermark;2024-03-10;6.47
Steiermark;2024-03-11;6.44
Steiermark;2024-03-12;6.38
Steiermark;2024-03-13;6.34
Steiermark;2024-03-14;6.37
Steiermark;2024-03-15;6.36
Steiermark;2024-03-16;6.33
Steiermark;2024-03-17;6.39
Steiermark;2024-03-18;6.39
Steiermark;2024-03-19;6.47
Steiermark;2024-03-20;6.54
Steiermark;2024-03-21;6.69
Steiermark;2024-03-22;6.78
Steiermark;2024-03-23;6.93
Steiermark;2024-03-24;7.03
Steiermark;2024-03-25;7.07
Steiermark;2024-03-26;7.1
Steiermark;2024-03-27;7.03
Steiermark;2024-03-28;6.95
Steiermark;2024-03-29;6.85
Steiermark;2024-03-30;6.72
Steiermark;2024-03-31;6.53
Steiermark;2024-04-01;6.31
Steiermark;2024-04-02;6.12
Steiermark;2024-04-03;5.92
Steiermark;2024-04-04;5.71
Steiermark;2024-04-05;5.47
Steiermark;2024-04-06;5.28
Steiermark;2024-04-07;5.07
Steiermark;2024-04-08;4.94
Steiermark;2024-04-09;4.83
Steiermark;2024-04-10;4.7
Steiermark;2024-04-11;4.57
Steiermark;2024-04-12;4.47
Steiermark;2024-04-13;4.44
Steiermark;2024-04-14;4.37
Steiermark;2024-04-15;4.38
Steiermark;2024-04-16;4.41
Steiermark;2024-04-17;4.47
Steiermark;2024-04-18;4.53
Steiermark;2024-04-19;4.6
Steiermark;2024-04-20;4.69
Steiermark;2024-04-21;4.79
Steiermark;2024-04-22;4.89
Steiermark;2024-04-23;5.01
Steiermark;2024-04-24;5.14
Steiermark;2024-04-25;5.33
Steiermark;2024-04-26;5.45
Steiermark;2024-04-27;5.65
Steiermark;2024-04-28;5.83
Steiermark;2024-04-29;6.01
Steiermark;2024-04-30;6.16
Steiermark;2024-05-01;6.32
Steiermark;2024-05-02;6.48
Steiermark;2024-05-03;6.62
Steiermark;2024-05-04;6.79
Steiermark;2024-05-05;7.02
Steiermark;2024-05-06;7.19
Steiermark;2024-05-07;7.37
Steiermark;2024-05-08;7.51
Steiermark;2024-05-09;7.7
Steiermark;2024-05-10;7.92
Steiermark;2024-05-11;8.06
Steiermark;2024-05-12;8.27
Steiermark;2024-05-13;8.46
Steiermark;2024-05-14;8.71
Steiermark;2024-05-15;9.01
Steiermark;2024-05-16;9.36
Steiermark;2024-05-17;9.77
Steiermark;2024-05-18;10.23
Steiermark;2024-05-19;10.7
Steiermark;2024-05-20;11.2
Steiermark;2024-05-21;11.75
Steiermark;2024-05-22;12.38
Steiermark;2024-05-23;13.02
Steiermark;2024-05-24;13.74
Steiermark;2024-05-25;14.49
Steiermark;2024-05-26;15.29
Steiermark;2024-05-27;16.2
Steiermark;2024-05-28;17.12
Steiermark;2024-05-29;18.19
Steiermark;2024-05-30;19.19
Steiermark;2024-05-31;20.35
Steiermark;2024-06-01;21.59
Steiermark;2024-06-02;22.92
Steiermark;2024-06-03;24.34
Steiermark;2024-06-04;25.95
Steiermark;2024-06-05;27.62
Steiermark;2024-06-06;29.31
Steiermark;2024-06-07;31.07
Steiermark;2024-06-08;32.79
Steiermark;2024-06-09;34.38
Steiermark;2024-06-10;35.91
Steiermark;2024-06-11;37.32
Steiermark;2024-06-12;38.85
Steiermark;2024-06-13;40.34
Steiermark;2024-06-14;41.82
Steiermark;2024-06-15;43.39
Steiermark;2024-06-16;44.87
Steiermark;2024-06-17;46.24
Steiermark;2024-06-18;47.48
Steiermark;2024-06-19;48.48
Steiermark;2024-06-20;49.33
Steiermark;2024-06-21;50.01
Steiermark;2024-06-22;50.71
Steiermark;2024-06-23;51.36
Steiermark;2024-06-24;52.11
Steiermark;2024-06-25;52.92
Steiermark;2024-06-26;53.72
Steiermark;2024-06-27;54.43
Steiermark;2024-06-28;55.06
Steiermark;2024-06-29;55.7
Steiermark;2024-06-30;56.24
Steiermark;2024-07-01;56.83
Steiermark;2024-07-02;57.39
Steiermark;2024-07-03;58.05
Steiermark;2024-07-04;58.73
Steiermark;2024-07-05;59.45
Steiermark;2024-07-06;60.15
Steiermark;2024-07-07;60.8
Steiermark;2024-07-08;61.26
Steiermark;2024-07-09;61.65
Steiermark;2024-07-10;61.99
Steiermark;2024-07-11;62.19
Steiermark;2024-07-12;62.41
Steiermark;2024-07-13;62.63
Steiermark;2024-07-14;62.9
Steiermark;2024-07-15;63.22
Steiermark;2024-07-16;63.65
Steiermark;2024-07-17;64.13
Steiermark;2024-07-18;64.75
Steiermark;2024-07-19;65.39
Steiermark;2024-07-20;66.04
Steiermark;2024-07-21;66.7
Steiermark;2024-07-22;67.3
Steiermark;2024-07-23;67.92
Steiermark;2024-07-24;68.49
Steiermark;2024-07-25;69.05
Steiermark;2024-07-26;69.6
Steiermark;2024-07-27;70.11
Steiermark;2024-07-28;70.63
Steiermark;2024-07-29;71.28
Steiermark;2024-07-30;71.97
Steiermark;2024-07-31;72.77
Steiermark;2024-08-01;73.69
Steiermark;2024-08-02;74.69
Steiermark;2024-08-03;75.8
Steiermark;2024-08-04;76.83
Steiermark;2024-08-05;77.93
Steiermark;2024-08-06;79.03
Steiermark;2024-08-07;80.28
Steiermark;2024-08-08;81.63
Steiermark;2024-08-09;83.26
Steiermark;2024-08-10;85.14
Steiermark;2024-08-11;87.36
Steiermark;2024-08-12;89.81
Steiermark;2024-08-13;92.55
Steiermark;2024-08-14;95.4
Steiermark;2024-08-15;98.4
Steiermark;2024-08-16;101.41
Steiermark;2024-08-17;104.45
Steiermark;2024-08-18;107.59
Steiermark;2024-08-19;110.7
Steiermark;2024-08-20;113.81
Steiermark;2024-08-21;116.88
Steiermark;2024-08-22;119.85
Steiermark;2024-08-23;122.7
Steiermark;2024-08-24;125.34
Steiermark;2024-08-25;127.67
Steiermark;2024-08-26;129.79
Steiermark;2024-08-27;131.6
Steiermark;2024-08-28;133.14
Steiermark;2024-08-29;134.58
Steiermark;2024-08-30;135.93
Steiermark;2024-08-31;137.25
Steiermark;2024-09-01;138.73
Steiermark;2024-09-02;140.45
Steiermark;2024-09-03;142.47
Steiermark;2024-09-04;144.99
Steiermark;2024-09-05;147.98
Steiermark;2024-09-06;151.46
Steiermark;2024-09-07;155.36
Steiermark;2024-09-08;159.8
Steiermark;2024-09-09;164.79
Steiermark;2024-09-10;170.49
Steiermark;2024-09-11;176.86
Steiermark;2024-09-12;184.04
Steiermark;2024-09-13;192.01
Steiermark;2024-09-14;200.67
Steiermark;2024-09-15;210.07
Steiermark;2024-09-16;220.08
Steiermark;2024-09-17;230.64
Steiermark;2024-09-18;241.59
Steiermark;2024-09-19;252.75
Steiermark;2024-09-20;264.04
Steiermark;2024-09-21;275.17
Steiermark;2024-09-22;286.18
Steiermark;2024-09-23;296.6
Steiermark;2024-09-24;306.37
Steiermark;2024-09-25;315.07
Steiermark;2024-09-26;322.84
Steiermark;2024-09-27;329.8
Steiermark;2024-09-28;335.99
Steiermark;2024-09-29;341.59
Steiermark;2024-09-30;346.66
Steiermark;2024-10-01;351.24
Steiermark;2024-10-02;355.35
Steiermark;2024-10-03;358.69
Steiermark;2024-10-04;361.11
Steiermark;2024-10-05;362.12
Steiermark;2024-10-06;361.33
Steiermark;2024-10-07;358.63
Steiermark;2024-10-08;354.22
Steiermark;2024-10-09;348.5
Steiermark;2024-10-10;341.9
Steiermark;2024-10-11;334.74
Steiermark;2024-10-12;327.13
Steiermark;2024-10-13;319.07
Steiermark;2024-10-14;310.74
Steiermark;2024-10-15;302.02
Steiermark;2024-10-16;293.12
Steiermark;2024-10-17;283.98
Steiermark;2024-10-18;274.67
Steiermark;2024-10-19;265.15
Steiermark;2024-10-20;255.28
Steiermark;2024-10-21;244.99
Steiermark;2024-10-22;234.34
Steiermark;2024-10-23;223.49
Steiermark;2024-10-24;212.4
Steiermark;2024-10-25;201.38
Steiermark;2024-10-26;190.53
Steiermark;2024-10-27;180.15
Steiermark;2024-10-28;170.39
Steiermark;2024-10-29;161.49
Steiermark;2024-10-30;153.63
Steiermark;2024-10-31;146.81
Steiermark;2024-11-01;140.9
Steiermark;2024-11-02;135.75
Steiermark;2024-11-03;131.22
Steiermark;2024-11-04;127.29
Steiermark;2024-11-05;123.83
Steiermark;2024-11-06;120.94
Steiermark;2024-11-07;118.5
Steiermark;2024-11-08;116.45
Steiermark;2024-11-09;114.63
Steiermark;2024-11-10;112.86
Steiermark;2024-11-11;111.13
Steiermark;2024-11-12;109.47
Steiermark;2024-11-13;107.9
Steiermark;2024-11-14;106.56
Steiermark;2024-11-15;105.4
Steiermark;2024-11-16;104.63
Steiermark;2024-11-17;104.09
Steiermark;2024-11-18;103.96
Steiermark;2024-11-19;104.13
Steiermark;2024-11-20;104.65
Steiermark;2024-11-21;105.35
Steiermark;2024-11-22;106.32
Steiermark;2024-11-23;107.52
Steiermark;2024-11-24;108.86
Steiermark;2024-11-25;110.28
Steiermark;2024-11-26;111.82
Steiermark;2024-11-27;113.39
Steiermark;2024-11-28;114.96
Steiermark;2024-11-29;116.39
Steiermark;2024-11-30;117.64
Steiermark;2024-12-01;118.53
Steiermark;2024-12-02;119.07
Steiermark;2024-12-03;119.12
Steiermark;2024-12-04;118.74
Steiermark;2024-12-05;117.95
Steiermark;2024-12-06;116.86
Steiermark;2024-12-07;115.54
Steiermark;2024-12-08;114.07
Steiermark;2024-12-09;112.54
Steiermark;2024-12-10;111.05
Steiermark;2024-12-11;109.77
Steiermark;2024-12-12;108.68
Steiermark;2024-12-13;107.73
Steiermark;2024-12-14;106.84
Steiermark;2024-12-15;105.81
Steiermark;2024-12-16;104.67
Steiermark;2024-12-17;103.36
Steiermark;2024-12-18;101.93
Steiermark;2024-12-19;100.46
Steiermark;2024-12-20;99.03
Steiermark;2024-12-21;97.64
Steiermark;2024-12-22;96.31
Steiermark;2024-12-23;95.06
Steiermark;2024-12-24;93.91
Steiermark;2024-12-25;92.7
Steiermark;2024-12-26;91.56
Steiermark;2024-12-27;90.24
Steiermark;2024-12-28;88.71
Steiermark;2024-12-29;86.97
Steiermark;2024-12-30;84.85
Steiermark;2024-12-31;82.51
Steiermark;2025-01-01;79.97
Steiermark;2025-01-02;77.19
Steiermark;2025-01-03;74.37
Steiermark;2025-01-04;71.55
Steiermark;2025-01-05;68.64
Steiermark;2025-01-06;65.82
Steiermark;2025-01-07;63.14
Steiermark;2025-01-08;60.62
Steiermark;2025-01-09;58.24
Steiermark;2025-01-10;56.05
Steiermark;2025-01-11;54.03
Steiermark;2025-01-12;52.15
Steiermark;2025-01-13;50.51
Steiermark;2025-01-14;48.98
Steiermark;2025-01-15;47.64
Steiermark;2025-01-16;46.43
Steiermark;2025-01-17;45.28
Steiermark;2025-01-18;44.18
Steiermark;2025-01-19;43.11
Steiermark;2025-01-20;42.02
Steiermark;2025-01-21;40.8
Steiermark;2025-01-22;39.68
Steiermark;2025-01-23;38.57
Steiermark;2025-01-24;37.57
Steiermark;2025-01-25;36.63
Steiermark;2025-01-26;35.78
Steiermark;2025-01-27;35.08
Steiermark;2025-01-28;34.46
Steiermark;2025-01-29;33.91
Steiermark;2025-01-30;33.45
Steiermark;2025-01-31;33.04
Steiermark;2025-02-01;32.67
Steiermark;2025-02-02;32.33
Steiermark;2025-02-03;31.93
Steiermark;2025-02-04;31.5
Steiermark;2025-02-05;30.98
Steiermark;2025-02-06;30.4
Steiermark;2025-02-07;29.82
Steiermark;2025-02-08;29.19
Steiermark;2025-02-09;28.59
Steiermark;2025-02-10;27.9
Steiermark;2025-02-11;27.29
Steiermark;2025-02-12;26.68
Steiermark;2025-02-13;26.01
Steiermark;2025-02-14;25.4
Steiermark;2025-02-15;24.73
Steiermark;2025-02-16;23.91
Steiermark;2025-02-17;23.02
Steiermark;2025-02-18;22.14
Steiermark;2025-02-19;21.22
Steiermark;2025-02-20;20.3
Steiermark;2025-02-21;19.4
Steiermark;2025-02-22;18.49
Steiermark;2025-02-23;17.72
Steiermark;2025-02-24;16.88
Steiermark;2025-02-25;16.1
Steiermark;2025-02-26;15.4
Steiermark;2025-02-27;14.74
Steiermark;2025-02-28;14.16
Steiermark;2025-03-01;13.58
Steiermark;2025-03-02;13.08
Steiermark;2025-03-03;12.63
Steiermark;2025-03-04;12.19
Steiermark;2025-03-05;11.81
Steiermark;2025-03-06;11.47
Steiermark;2025-03-07;11.2
Steiermark;2025-03-08;10.88
Steiermark;2025-03-09;10.63
Steiermark;2025-03-10;10.42
Steiermark;2025-03-11;10.22
Steiermark;2025-03-12;9.96
Steiermark;2025-03-13;9.79
Steiermark;2025-03-14;9.58
Steiermark;2025-03-15;9.38
Steiermark;2025-03-16;9.24
Steiermark;2025-03-17;9.16
Steiermark;2025-03-18;9.02
Steiermark;2025-03-19;9.75
Steiermark;2025-03-20;9.77
Steiermark;2025-03-21;9.8
Steiermark;2025-03-22;9.9
Steiermark;2025-03-23;9.95
Wien;2022-09-01;118.9
Wien;2022-09-02;117.7
Wien;2022-09-03;116.4
Wien;2022-09-04;115.2
Wien;2022-09-05;113.9
Wien;2022-09-06;112.7
Wien;2022-09-07;111.6
Wien;2022-09-08;110.6
Wien;2022-09-09;110.0
Wien;2022-09-10;109.9
Wien;2022-09-11;110.5
Wien;2022-09-12;112.0
Wien;2022-09-13;114.3
Wien;2022-09-14;117.4
Wien;2022-09-15;121.0
Wien;2022-09-16;125.2
Wien;2022-09-17;129.8
Wien;2022-09-18;134.9
Wien;2022-09-19;140.6
Wien;2022-09-20;146.8
Wien;2022-09-21;153.5
Wien;2022-09-22;160.6
Wien;2022-09-23;167.9
Wien;2022-09-24;175.2
Wien;2022-09-25;182.5
Wien;2022-09-26;189.8
Wien;2022-09-27;197.1
Wien;2022-09-28;204.7
Wien;2022-09-29;212.3
Wien;2022-09-30;219.7
Wien;2022-10-01;226.6
Wien;2022-10-02;232.5
Wien;2022-10-03;237.3
Wien;2022-10-04;240.9
Wien;2022-10-05;243.4
Wien;2022-10-06;245.0
Wien;2022-10-07;245.8
Wien;2022-10-08;245.6
Wien;2022-10-09;244.3
Wien;2022-10-10;241.8
Wien;2022-10-11;238.1
Wien;2022-10-12;233.2
Wien;2022-10-13;227.6
Wien;2022-10-14;221.5
Wien;2022-10-15;215.3
Wien;2022-10-16;209.3
Wien;2022-10-17;203.9
Wien;2022-10-18;198.9
Wien;2022-10-19;194.5
Wien;2022-10-20;190.4
Wien;2022-10-21;186.4
Wien;2022-10-22;182.5
Wien;2022-10-23;178.3
Wien;2022-10-24;173.9
Wien;2022-10-25;169.2
Wien;2022-10-26;164.4
Wien;2022-10-27;159.5
Wien;2022-10-28;154.7
Wien;2022-10-29;150.0
Wien;2022-10-30;145.4
Wien;2022-10-31;141.3
Wien;2022-11-01;137.6
Wien;2022-11-02;134.6
Wien;2022-11-03;132.2
Wien;2022-11-04;130.4
Wien;2022-11-05;129.3
Wien;2022-11-06;129.1
Wien;2022-11-07;129.8
Wien;2022-11-08;131.5
Wien;2022-11-09;134.3
Wien;2022-11-10;137.8
Wien;2022-11-11;141.9
Wien;2022-11-12;146.3
Wien;2022-11-13;150.8
Wien;2022-11-14;155.4
Wien;2022-11-15;160.0
Wien;2022-11-16;164.9
Wien;2022-11-17;169.8
Wien;2022-11-18;174.8
Wien;2022-11-19;179.6
Wien;2022-11-20;184.0
Wien;2022-11-21;188.0
Wien;2022-11-22;191.5
Wien;2022-11-23;194.7
Wien;2022-11-24;197.5
Wien;2022-11-25;200.0
Wien;2022-11-26;202.1
Wien;2022-11-27;203.9
Wien;2022-11-28;205.4
Wien;2022-11-29;206.7
Wien;2022-11-30;207.9
Wien;2022-12-01;209.1
Wien;2022-12-02;210.5
Wien;2022-12-03;212.0
Wien;2022-12-04;213.7
Wien;2022-12-05;215.8
Wien;2022-12-06;218.2
Wien;2022-12-07;221.0
Wien;2022-12-08;224.2
Wien;2022-12-09;227.6
Wien;2022-12-10;231.3
Wien;2022-12-11;235.4
Wien;2022-12-12;239.9
Wien;2022-12-13;244.8
Wien;2022-12-14;250.1
Wien;2022-12-15;255.4
Wien;2022-12-16;260.6
Wien;2022-12-17;265.1
Wien;2022-12-18;268.5
Wien;2022-12-19;270.6
Wien;2022-12-20;271.3
Wien;2022-12-21;270.7
Wien;2022-12-22;269.1
Wien;2022-12-23;266.8
Wien;2022-12-24;263.9
Wien;2022-12-25;260.6
Wien;2022-12-26;256.9
Wien;2022-12-27;252.9
Wien;2022-12-28;248.6
Wien;2022-12-29;243.9
Wien;2022-12-30;238.8
Wien;2022-12-31;233.5
Wien;2023-01-01;227.7
Wien;2023-01-02;221.4
Wien;2023-01-03;214.7
Wien;2023-01-04;207.6
Wien;2023-01-05;200.1
Wien;2023-01-06;192.6
Wien;2023-01-07;185.1
Wien;2023-01-08;178.0
Wien;2023-01-09;171.2
Wien;2023-01-10;165.0
Wien;2023-01-11;159.3
Wien;2023-01-12;154.2
Wien;2023-01-13;149.8
Wien;2023-01-14;146.0
Wien;2023-01-15;143.0
Wien;2023-01-16;141.0
Wien;2023-01-17;140.1
Wien;2023-01-18;140.2
Wien;2023-01-19;141.4
Wien;2023-01-20;143.5
Wien;2023-01-21;146.5
Wien;2023-01-22;150.5
Wien;2023-01-23;155.5
Wien;2023-01-24;161.3
Wien;2023-01-25;168.0
Wien;2023-01-26;175.3
Wien;2023-01-27;183.2
Wien;2023-01-28;191.8
Wien;2023-01-29;201.1
Wien;2023-01-30;211.4
Wien;2023-01-31;222.6
Wien;2023-02-01;234.6
Wien;2023-02-02;247.1
Wien;2023-02-03;259.5
Wien;2023-02-04;271.2
Wien;2023-02-05;281.5
Wien;2023-02-06;290.0
Wien;2023-02-07;296.8
Wien;2023-02-08;302.2
Wien;2023-02-09;306.5
Wien;2023-02-10;309.9
Wien;2023-02-11;312.9
Wien;2023-02-12;315.3
Wien;2023-02-13;317.5
Wien;2023-02-14;319.4
Wien;2023-02-15;321.2
Wien;2023-02-16;322.8
Wien;2023-02-17;324.3
Wien;2023-02-18;325.7
Wien;2023-02-19;326.9
Wien;2023-02-20;328.2
Wien;2023-02-21;329.7
Wien;2023-02-22;331.6
Wien;2023-02-23;333.9
Wien;2023-02-24;336.6
Wien;2023-02-25;339.5
Wien;2023-02-26;342.7
Wien;2023-02-27;345.9
Wien;2023-02-28;348.7
Wien;2023-03-01;350.8
Wien;2023-03-02;352.0
Wien;2023-03-03;352.3
Wien;2023-03-04;351.6
Wien;2023-03-05;349.6
Wien;2023-03-06;346.3
Wien;2023-03-07;341.7
Wien;2023-03-08;336.0
Wien;2023-03-09;329.4
Wien;2023-03-10;322.3
Wien;2023-03-11;315.0
Wien;2023-03-12;307.6
Wien;2023-03-13;300.5
Wien;2023-03-14;293.8
Wien;2023-03-15;287.5
Wien;2023-03-16;281.6
Wien;2023-03-17;275.7
Wien;2023-03-18;269.4
Wien;2023-03-19;262.5
Wien;2023-03-20;254.8
Wien;2023-03-21;246.6
Wien;2023-03-22;238.1
Wien;2023-03-23;229.6
Wien;2023-03-24;221.1
Wien;2023-03-25;212.6
Wien;2023-03-26;204.1
Wien;2023-03-27;195.7
Wien;2023-03-28;187.8
Wien;2023-03-29;180.5
Wien;2023-03-30;173.9
Wien;2023-03-31;167.9
Wien;2023-04-01;162.4
Wien;2023-04-02;157.6
Wien;2023-04-03;153.3
Wien;2023-04-04;149.5
Wien;2023-04-05;146.1
Wien;2023-04-06;143.1
Wien;2023-04-07;140.2
Wien;2023-04-08;137.4
Wien;2023-04-09;134.7
Wien;2023-04-10;131.8
Wien;2023-04-11;128.8
Wien;2023-04-12;125.6
Wien;2023-04-13;122.2
Wien;2023-04-14;118.7
Wien;2023-04-15;115.1
Wien;2023-04-16;111.4
Wien;2023-04-17;107.9
Wien;2023-04-18;104.3
Wien;2023-04-19;101.0
Wien;2023-04-20;97.8
Wien;2023-04-21;94.7
Wien;2023-04-22;91.8
Wien;2023-04-23;89.0
Wien;2023-04-24;86.5
Wien;2023-04-25;84.1
Wien;2023-04-26;81.8
Wien;2023-04-27;79.6
Wien;2023-04-28;77.5
Wien;2023-04-29;75.4
Wien;2023-04-30;73.3
Wien;2023-05-01;71.2
Wien;2023-05-02;69.0
Wien;2023-05-03;66.8
Wien;2023-05-04;64.6
Wien;2023-05-05;62.3
Wien;2023-05-06;60.1
Wien;2023-05-07;57.9
Wien;2023-05-08;55.7
Wien;2023-05-09;53.7
Wien;2023-05-10;51.7
Wien;2023-05-11;49.9
Wien;2023-05-12;48.1
Wien;2023-05-13;46.6
Wien;2023-05-14;45.2
Wien;2023-05-15;44.0
Wien;2023-05-16;43.2
Wien;2023-05-17;42.5
Wien;2023-05-18;42.1
Wien;2023-05-19;41.8
Wien;2023-05-20;41.6
Wien;2023-05-21;41.5
Wien;2023-05-22;41.3
Wien;2023-05-23;41.1
Wien;2023-05-24;40.8
Wien;2023-05-25;40.4
Wien;2023-05-26;40.0
Wien;2023-05-27;39.5
Wien;2023-05-28;38.9
Wien;2023-05-29;38.2
Wien;2023-05-30;37.5
Wien;2023-05-31;36.6
Wien;2023-06-01;35.7
Wien;2023-06-02;34.7
Wien;2023-06-03;33.7
Wien;2023-06-04;32.8
Wien;2023-06-05;31.9
Wien;2023-06-06;31.1
Wien;2023-06-07;30.4
Wien;2023-06-08;29.7
Wien;2023-06-09;29.1
Wien;2023-06-10;28.6
Wien;2023-06-11;28.0
Wien;2023-06-12;27.3
Wien;2023-06-13;26.6
Wien;2023-06-14;25.8
Wien;2023-06-15;25.0
Wien;2023-06-16;24.2
Wien;2023-06-17;23.4
Wien;2023-06-18;22.6
Wien;2023-06-19;21.9
Wien;2023-06-20;21.4
Wien;2023-06-21;21.0
Wien;2023-06-22;20.7
Wien;2023-06-23;20.5
Wien;2023-06-24;20.3
Wien;2023-06-25;20.2
Wien;2023-06-26;20.1
Wien;2023-06-27;20.0
Wien;2023-06-28;20.1
Wien;2023-06-29;20.2
Wien;2023-06-30;20.3
Wien;2023-07-01;20.5
Wien;2023-07-02;20.8
Wien;2023-07-03;21.0
Wien;2023-07-04;21.3
Wien;2023-07-05;21.6
Wien;2023-07-06;21.8
Wien;2023-07-07;22.0
Wien;2023-07-08;22.2
Wien;2023-07-09;22.4
Wien;2023-07-10;22.6
Wien;2023-07-11;22.8
Wien;2023-07-12;23.2
Wien;2023-07-13;23.6
Wien;2023-07-14;24.1
Wien;2023-07-15;24.8
Wien;2023-07-16;25.5
Wien;2023-07-17;26.4
Wien;2023-07-18;27.5
Wien;2023-07-19;28.6
Wien;2023-07-20;29.8
Wien;2023-07-21;31.1
Wien;2023-07-22;32.5
Wien;2023-07-23;33.9
Wien;2023-07-24;35.4
Wien;2023-07-25;37.0
Wien;2023-07-26;38.9
Wien;2023-07-27;41.0
Wien;2023-07-28;43.3
Wien;2023-07-29;45.7
Wien;2023-07-30;48.2
Wien;2023-07-31;50.9
Wien;2023-08-01;53.8
Wien;2023-08-02;57.0
Wien;2023-08-03;60.3
Wien;2023-08-04;63.8
Wien;2023-08-05;67.4
Wien;2023-08-06;70.9
Wien;2023-08-07;74.4
Wien;2023-08-08;77.7
Wien;2023-08-09;80.9
Wien;2023-08-10;84.0
Wien;2023-08-11;87.0
Wien;2023-08-12;90.0
Wien;2023-08-13;93.1
Wien;2023-08-14;96.0
Wien;2023-08-15;98.6
Wien;2023-08-16;100.8
Wien;2023-08-17;102.7
Wien;2023-08-18;104.1
Wien;2023-08-19;105.3
Wien;2023-08-20;106.4
Wien;2023-08-21;107.5
Wien;2023-08-22;108.7
Wien;2023-08-23;110.0
Wien;2023-08-24;111.6
Wien;2023-08-25;113.4
Wien;2023-08-26;115.3
Wien;2023-08-27;117.4
Wien;2023-08-28;119.4
Wien;2023-08-29;121.5
Wien;2023-08-30;123.7
Wien;2023-08-31;125.8
Wien;2023-09-01;127.8
Wien;2023-09-02;129.5
Wien;2023-09-03;130.9
Wien;2023-09-04;132.0
Wien;2023-09-05;132.8
Wien;2023-09-06;133.5
Wien;2023-09-07;134.1
Wien;2023-09-08;134.7
Wien;2023-09-09;135.3
Wien;2023-09-10;136.0
Wien;2023-09-11;136.6
Wien;2023-09-12;137.2
Wien;2023-09-13;137.6
Wien;2023-09-14;137.9
Wien;2023-09-15;137.9
Wien;2023-09-16;137.7
Wien;2023-09-17;137.3
Wien;2023-09-18;136.8
Wien;2023-09-19;136.2
Wien;2023-09-20;135.6
Wien;2023-09-21;135.2
Wien;2023-09-22;134.9
Wien;2023-09-23;134.9
Wien;2023-09-24;135.1
Wien;2023-09-25;135.6
Wien;2023-09-26;136.6
Wien;2023-09-27;137.9
Wien;2023-09-28;139.5
Wien;2023-09-29;141.5
Wien;2023-09-30;143.6
Wien;2023-10-01;145.9
Wien;2023-10-02;148.2
Wien;2023-10-03;150.6
Wien;2023-10-04;152.9
Wien;2023-10-05;155.3
Wien;2023-10-06;157.7
Wien;2023-10-07;160.2
Wien;2023-10-08;162.9
Wien;2023-10-09;165.8
Wien;2023-10-10;168.9
Wien;2023-10-11;172.3
Wien;2023-10-12;175.9
Wien;2023-10-13;179.6
Wien;2023-10-14;183.3
Wien;2023-10-15;186.9
Wien;2023-10-16;190.2
Wien;2023-10-17;193.2
Wien;2023-10-18;195.8
Wien;2023-10-19;198.0
Wien;2023-10-20;199.8
Wien;2023-10-21;201.5
Wien;2023-10-22;203.0
Wien;2023-10-23;204.7
Wien;2023-10-24;206.6
Wien;2023-10-25;208.9
Wien;2023-10-26;211.6
Wien;2023-10-27;214.6
Wien;2023-10-28;217.5
Wien;2023-10-29;220.2
Wien;2023-10-30;222.8
Wien;2023-10-31;225.4
Wien;2023-11-01;228.6
Wien;2023-11-02;232.8
Wien;2023-11-03;238.5
Wien;2023-11-04;245.8
Wien;2023-11-05;254.7
Wien;2023-11-06;265.3
Wien;2023-11-07;277.3
Wien;2023-11-08;290.4
Wien;2023-11-09;304.2
Wien;2023-11-10;318.4
Wien;2023-11-11;332.4
Wien;2023-11-12;345.9
Wien;2023-11-13;358.6
Wien;2023-11-14;370.6
Wien;2023-11-15;382.3
Wien;2023-11-16;394.0
Wien;2023-11-17;406.2
Wien;2023-11-18;419.4
Wien;2023-11-19;434.1
Wien;2023-11-20;450.6
Wien;2023-11-21;468.7
Wien;2023-11-22;487.9
Wien;2023-11-23;508.1
Wien;2023-11-24;529.0
Wien;2023-11-25;550.6
Wien;2023-11-26;573.1
Wien;2023-11-27;596.6
Wien;2023-11-28;621.3
Wien;2023-11-29;647.3
Wien;2023-11-30;674.0
Wien;2023-12-01;700.6
Wien;2023-12-02;726.0
Wien;2023-12-03;749.3
Wien;2023-12-04;769.1
Wien;2023-12-05;784.6
Wien;2023-12-06;795.4
Wien;2023-12-07;802.0
Wien;2023-12-08;805.3
Wien;2023-12-09;805.9
Wien;2023-12-10;804.1
Wien;2023-12-11;799.1
Wien;2023-12-12;790.1
Wien;2023-12-13;776.2
Wien;2023-12-14;758.1
Wien;2023-12-15;736.9
Wien;2023-12-16;714.1
Wien;2023-12-17;690.5
Wien;2023-12-18;666.6
Wien;2023-12-19;642.1
Wien;2023-12-20;616.7
Wien;2023-12-21;590.4
Wien;2023-12-22;563.5
Wien;2023-12-23;536.6
Wien;2023-12-24;510.2
Wien;2023-12-25;484.7
Wien;2023-12-26;460.3
Wien;2023-12-27;437.3
Wien;2023-12-28;415.5
Wien;2023-12-29;394.9
Wien;2023-12-30;375.3
Wien;2023-12-31;356.8
Wien;2024-01-01;339.1
Wien;2024-01-02;321.9
Wien;2024-01-03;305.0
Wien;2024-01-04;288.2
Wien;2024-01-05;271.8
Wien;2024-01-06;256.4
Wien;2024-01-07;242.3
Wien;2024-01-08;229.7
Wien;2024-01-09;218.7
Wien;2024-01-10;208.9
Wien;2024-01-11;200.0
Wien;2024-01-12;191.7
Wien;2024-01-13;184.0
Wien;2024-01-14;176.6
Wien;2024-01-15;169.5
Wien;2024-01-16;162.6
Wien;2024-01-17;155.8
Wien;2024-01-18;149.0
Wien;2024-01-19;142.4
Wien;2024-01-20;135.8
Wien;2024-01-21;129.5
Wien;2024-01-22;123.4
Wien;2024-01-23;117.5
Wien;2024-01-24;112.0
Wien;2024-01-25;106.7
Wien;2024-01-26;101.6
Wien;2024-01-27;96.8
Wien;2024-01-28;92.2
Wien;2024-01-29;87.8
Wien;2024-01-30;83.7
Wien;2024-01-31;79.9
Wien;2024-02-01;76.3
Wien;2024-02-02;72.8
Wien;2024-02-03;69.4
Wien;2024-02-04;66.2
Wien;2024-02-05;63.1
Wien;2024-02-06;60.2
Wien;2024-02-07;57.6
Wien;2024-02-08;55.3
Wien;2024-02-09;53.1
Wien;2024-02-10;50.9
Wien;2024-02-11;48.7
Wien;2024-02-12;46.5
Wien;2024-02-13;44.2
Wien;2024-02-14;42.0
Wien;2024-02-15;39.8
Wien;2024-02-16;37.8
Wien;2024-02-17;35.8
Wien;2024-02-18;34.1
Wien;2024-02-19;32.5
Wien;2024-02-20;31.1
Wien;2024-02-21;29.8
Wien;2024-02-22;28.8
Wien;2024-02-23;27.8
Wien;2024-02-24;26.9
Wien;2024-02-25;26.1
Wien;2024-02-26;25.3
Wien;2024-02-27;24.5
Wien;2024-02-28;23.9
Wien;2024-02-29;23.3
Wien;2024-03-01;22.7
Wien;2024-03-02;22.3
Wien;2024-03-03;21.8
Wien;2024-03-04;21.4
Wien;2024-03-05;21.1
Wien;2024-03-06;20.9
Wien;2024-03-07;20.7
Wien;2024-03-08;20.7
Wien;2024-03-09;20.8
Wien;2024-03-10;20.9
Wien;2024-03-11;21.1
Wien;2024-03-12;21.5
Wien;2024-03-13;22.0
Wien;2024-03-14;22.7
Wien;2024-03-15;23.5
Wien;2024-03-16;24.3
Wien;2024-03-17;25.0
Wien;2024-03-18;25.6
Wien;2024-03-19;25.9
Wien;2024-03-20;25.8
Wien;2024-03-21;25.5
Wien;2024-03-22;24.9
Wien;2024-03-23;24.1
Wien;2024-03-24;23.4
Wien;2024-03-25;22.6
Wien;2024-03-26;21.9
Wien;2024-03-27;21.2
Wien;2024-03-28;20.7
Wien;2024-03-29;20.1
Wien;2024-03-30;19.7
Wien;2024-03-31;19.2
Wien;2024-04-01;18.8
Wien;2024-04-02;18.4
Wien;2024-04-03;18.1
Wien;2024-04-04;17.9
Wien;2024-04-05;17.7
Wien;2024-04-06;17.6
Wien;2024-04-07;17.6
Wien;2024-04-08;17.7
Wien;2024-04-09;18.0
Wien;2024-04-10;18.3
Wien;2024-04-11;18.6
Wien;2024-04-12;19.0
Wien;2024-04-13;19.5
Wien;2024-04-14;20.0
Wien;2024-04-15;20.6
Wien;2024-04-16;21.4
Wien;2024-04-17;22.2
Wien;2024-04-18;23.1
Wien;2024-04-19;24.1
Wien;2024-04-20;25.1
Wien;2024-04-21;26.2
Wien;2024-04-22;27.3
Wien;2024-04-23;28.4
Wien;2024-04-24;29.5
Wien;2024-04-25;30.6
Wien;2024-04-26;31.7
Wien;2024-04-27;32.7
Wien;2024-04-28;33.6
Wien;2024-04-29;34.3
Wien;2024-04-30;34.9
Wien;2024-05-01;35.5
Wien;2024-05-02;36.0
Wien;2024-05-03;36.5
Wien;2024-05-04;37.0
Wien;2024-05-05;37.4
Wien;2024-05-06;37.8
Wien;2024-05-07;38.3
Wien;2024-05-08;38.7
Wien;2024-05-09;39.1
Wien;2024-05-10;39.5
Wien;2024-05-11;39.9
Wien;2024-05-12;40.3
Wien;2024-05-13;40.7
Wien;2024-05-14;41.0
Wien;2024-05-15;41.3
Wien;2024-05-16;41.6
Wien;2024-05-17;41.9
Wien;2024-05-18;42.3
Wien;2024-05-19;42.7
Wien;2024-05-20;43.3
Wien;2024-05-21;43.9
Wien;2024-05-22;44.7
Wien;2024-05-23;45.7
Wien;2024-05-24;46.7
Wien;2024-05-25;47.8
Wien;2024-05-26;49.0
Wien;2024-05-27;50.2
Wien;2024-05-28;51.6
Wien;2024-05-29;53.1
Wien;2024-05-30;54.6
Wien;2024-05-31;56.3
Wien;2024-06-01;58.0
Wien;2024-06-02;59.7
Wien;2024-06-03;61.7
Wien;2024-06-04;63.8
Wien;2024-06-05;66.3
Wien;2024-06-06;69.0
Wien;2024-06-07;71.9
Wien;2024-06-08;74.9
Wien;2024-06-09;77.8
Wien;2024-06-10;80.6
Wien;2024-06-11;83.2
Wien;2024-06-12;85.8
Wien;2024-06-13;88.4
Wien;2024-06-14;91.1
Wien;2024-06-15;93.9
Wien;2024-06-16;97.1
Wien;2024-06-17;100.7
Wien;2024-06-18;104.6
Wien;2024-06-19;108.7
Wien;2024-06-20;113.0
Wien;2024-06-21;117.3
Wien;2024-06-22;121.6
Wien;2024-06-23;125.8
Wien;2024-06-24;129.8
Wien;2024-06-25;133.5
Wien;2024-06-26;136.8
Wien;2024-06-27;139.8
Wien;2024-06-28;142.8
Wien;2024-06-29;145.7
Wien;2024-06-30;148.9
Wien;2024-07-01;152.1
Wien;2024-07-02;155.5
Wien;2024-07-03;158.6
Wien;2024-07-04;161.4
Wien;2024-07-05;163.8
Wien;2024-07-06;165.7
Wien;2024-07-07;166.9
Wien;2024-07-08;167.4
Wien;2024-07-09;167.3
Wien;2024-07-10;166.7
Wien;2024-07-11;165.7
Wien;2024-07-12;164.5
Wien;2024-07-13;163.0
Wien;2024-07-14;161.2
Wien;2024-07-15;159.2
Wien;2024-07-16;156.6
Wien;2024-07-17;153.7
Wien;2024-07-18;150.4
Wien;2024-07-19;147.0
Wien;2024-07-20;143.8
Wien;2024-07-21;140.9
Wien;2024-07-22;138.6
Wien;2024-07-23;136.9
Wien;2024-07-24;135.8
Wien;2024-07-25;135.2
Wien;2024-07-26;134.9
Wien;2024-07-27;134.6
Wien;2024-07-28;134.4
Wien;2024-07-29;134.4
Wien;2024-07-30;135.0
Wien;2024-07-31;136.3
Wien;2024-08-01;138.5
Wien;2024-08-02;141.1
Wien;2024-08-03;143.9
Wien;2024-08-04;146.3
Wien;2024-08-05;148.3
Wien;2024-08-06;149.7
Wien;2024-08-07;150.7
Wien;2024-08-08;151.3
Wien;2024-08-09;152.0
Wien;2024-08-10;152.9
Wien;2024-08-11;154.3
Wien;2024-08-12;156.3
Wien;2024-08-13;158.9
Wien;2024-08-14;161.9
Wien;2024-08-15;165.2
Wien;2024-08-16;168.9
Wien;2024-08-17;173.0
Wien;2024-08-18;177.4
Wien;2024-08-19;182.0
Wien;2024-08-20;186.6
Wien;2024-08-21;190.9
Wien;2024-08-22;194.8
Wien;2024-08-23;198.1
Wien;2024-08-24;200.8
Wien;2024-08-25;202.9
Wien;2024-08-26;204.3
Wien;2024-08-27;205.1
Wien;2024-08-28;205.5
Wien;2024-08-29;205.7
Wien;2024-08-30;205.8
Wien;2024-08-31;206.0
Wien;2024-09-01;206.5
Wien;2024-09-02;207.1
Wien;2024-09-03;207.9
Wien;2024-09-04;208.7
Wien;2024-09-05;209.6
Wien;2024-09-06;210.7
Wien;2024-09-07;212.3
Wien;2024-09-08;214.6
Wien;2024-09-09;217.6
Wien;2024-09-10;221.3
Wien;2024-09-11;225.6
Wien;2024-09-12;230.4
Wien;2024-09-13;236.0
Wien;2024-09-14;242.6
Wien;2024-09-15;250.5
Wien;2024-09-16;259.8
Wien;2024-09-17;270.2
Wien;2024-09-18;281.2
Wien;2024-09-19;292.1
Wien;2024-09-20;302.6
Wien;2024-09-21;312.1
Wien;2024-09-22;320.0
Wien;2024-09-23;326.0
Wien;2024-09-24;329.9
Wien;2024-09-25;331.9
Wien;2024-09-26;332.5
Wien;2024-09-27;332.2
Wien;2024-09-28;331.3
Wien;2024-09-29;330.1
Wien;2024-09-30;328.7
Wien;2024-10-01;327.0
Wien;2024-10-02;324.7
Wien;2024-10-03;321.8
Wien;2024-10-04;318.1
Wien;2024-10-05;313.8
Wien;2024-10-06;308.6
Wien;2024-10-07;302.7
Wien;2024-10-08;296.5
Wien;2024-10-09;290.3
Wien;2024-10-10;284.1
Wien;2024-10-11;278.0
Wien;2024-10-12;271.7
Wien;2024-10-13;265.3
Wien;2024-10-14;258.7
Wien;2024-10-15;252.2
Wien;2024-10-16;246.2
Wien;2024-10-17;240.6
Wien;2024-10-18;235.1
Wien;2024-10-19;229.6
Wien;2024-10-20;223.8
Wien;2024-10-21;217.6
Wien;2024-10-22;211.3
Wien;2024-10-23;205.3
Wien;2024-10-24;199.5
Wien;2024-10-25;194.1
Wien;2024-10-26;188.9
Wien;2024-10-27;183.9
Wien;2024-10-28;179.2
Wien;2024-10-29;174.6
Wien;2024-10-30;170.3
Wien;2024-10-31;166.0
Wien;2024-11-01;161.5
Wien;2024-11-02;156.8
Wien;2024-11-03;151.5
Wien;2024-11-04;145.8
Wien;2024-11-05;139.9
Wien;2024-11-06;134.0
Wien;2024-11-07;128.4
Wien;2024-11-08;123.1
Wien;2024-11-09;118.2
Wien;2024-11-10;113.7
Wien;2024-11-11;109.7
Wien;2024-11-12;106.2
Wien;2024-11-13;103.4
Wien;2024-11-14;101.0
Wien;2024-11-15;99.1
Wien;2024-11-16;97.5
Wien;2024-11-17;96.3
Wien;2024-11-18;95.4
Wien;2024-11-19;94.8
Wien;2024-11-20;94.5
Wien;2024-11-21;94.5
Wien;2024-11-22;94.7
Wien;2024-11-23;95.0
Wien;2024-11-24;95.3
Wien;2024-11-25;95.7
Wien;2024-11-26;96.2
Wien;2024-11-27;97.0
Wien;2024-11-28;97.9
Wien;2024-11-29;99.0
Wien;2024-11-30;100.1
Wien;2024-12-01;101.2
Wien;2024-12-02;102.3
Wien;2024-12-03;103.4
Wien;2024-12-04;104.7
Wien;2024-12-05;106.3
Wien;2024-12-06;108.0
Wien;2024-12-07;109.8
Wien;2024-12-08;111.9
Wien;2024-12-09;114.2
Wien;2024-12-10;116.8
Wien;2024-12-11;119.8
Wien;2024-12-12;123.1
Wien;2024-12-13;126.4
Wien;2024-12-14;129.6
Wien;2024-12-15;132.3
Wien;2024-12-16;134.3
Wien;2024-12-17;135.0
Wien;2024-12-18;134.5
Wien;2024-12-19;132.7
Wien;2024-12-20;130.1
Wien;2024-12-21;127.0
Wien;2024-12-22;123.5
Wien;2024-12-23;120.0
Wien;2024-12-24;116.4
Wien;2024-12-25;112.8
Wien;2024-12-26;109.2
Wien;2024-12-27;105.6
Wien;2024-12-28;102.0
Wien;2024-12-29;98.4
Wien;2024-12-30;94.8
Wien;2024-12-31;91.3
Wien;2025-01-01;87.7
Wien;2025-01-02;84.3
Wien;2025-01-03;80.8
Wien;2025-01-04;77.4
Wien;2025-01-05;74.1
Wien;2025-01-06;70.9
Wien;2025-01-07;67.9
Wien;2025-01-08;65.1
Wien;2025-01-09;62.4
Wien;2025-01-10;59.9
Wien;2025-01-11;57.6
Wien;2025-01-12;55.4
Wien;2025-01-13;53.4
Wien;2025-01-14;51.7
Wien;2025-01-15;50.1
Wien;2025-01-16;48.8
Wien;2025-01-17;47.5
Wien;2025-01-18;46.3
Wien;2025-01-19;45.2
Wien;2025-01-20;44.1
Wien;2025-01-21;43.0
Wien;2025-01-22;42.1
Wien;2025-01-23;41.3
Wien;2025-01-24;40.5
Wien;2025-01-25;39.9
Wien;2025-01-26;39.3
Wien;2025-01-27;38.7
Wien;2025-01-28;38.2
Wien;2025-01-29;37.7
Wien;2025-01-30;37.2
Wien;2025-01-31;36.7
Wien;2025-02-01;36.1
Wien;2025-02-02;35.6
Wien;2025-02-03;35.0
Wien;2025-02-04;34.4
Wien;2025-02-05;33.8
Wien;2025-02-06;33.2
Wien;2025-02-07;32.6
Wien;2025-02-08;32.1
Wien;2025-02-09;31.5
Wien;2025-02-10;31.0
Wien;2025-02-11;30.4
Wien;2025-02-12;29.9
Wien;2025-02-13;29.3
Wien;2025-02-14;28.8
Wien;2025-02-15;28.2
Wien;2025-02-16;27.6
Wien;2025-02-17;27.0
Wien;2025-02-18;26.4
Wien;2025-02-19;25.9
Wien;2025-02-20;25.4
Wien;2025-02-21;24.9
Wien;2025-02-22;24.5
Wien;2025-02-23;24.2
Wien;2025-02-24;24.0
Wien;2025-02-25;23.8
Wien;2025-02-26;23.7
Wien;2025-02-27;23.7
Wien;2025-02-28;23.8
Wien;2025-03-01;23.8
Wien;2025-03-02;23.9
Wien;2025-03-03;23.9
Wien;2025-03-04;23.9
Wien;2025-03-05;23.8
Wien;2025-03-06;23.7
Wien;2025-03-07;23.6
Wien;2025-03-08;23.4
Wien;2025-03-09;23.1
Wien;2025-03-10;22.7
Wien;2025-03-11;22.3
Wien;2025-03-12;21.8
Wien;2025-03-13;21.4
Wien;2025-03-14;21.0
Wien;2025-03-15;20.7
Wien;2025-03-16;20.4
Wien;2025-03-17;20.1
Wien;2025-03-18;19.9
Wien;2025-03-19;19.7
Wien;2025-03-20;19.6
Wien;2025-03-21;19.5
Wien;2025-03-22;19.5
Wien;2025-03-23;19.4
Burgenland;2022-09-01;46.15
Burgenland;2022-09-02;45.9
Burgenland;2022-09-03;45.66
Burgenland;2022-09-04;45.46
Burgenland;2022-09-05;45.4
Burgenland;2022-09-06;45.33
Burgenland;2022-09-07;45.4
Burgenland;2022-09-08;45.6
Burgenland;2022-09-09;45.86
Burgenland;2022-09-10;46.22
Burgenland;2022-09-11;46.73
Burgenland;2022-09-12;47.43
Burgenland;2022-09-13;48.24
Burgenland;2022-09-14;49.29
Burgenland;2022-09-15;50.59
Burgenland;2022-09-16;52.13
Burgenland;2022-09-17;53.89
Burgenland;2022-09-18;55.96
Burgenland;2022-09-19;58.3
Burgenland;2022-09-20;61.03
Burgenland;2022-09-21;63.9
Burgenland;2022-09-22;67.13
Burgenland;2022-09-23;70.56
Burgenland;2022-09-24;74.29
Burgenland;2022-09-25;78.37
Burgenland;2022-09-26;82.76
Burgenland;2022-09-27;87.47
Burgenland;2022-09-28;92.34
Burgenland;2022-09-29;97.26
Burgenland;2022-09-30;101.97
Burgenland;2022-10-01;106.41
Burgenland;2022-10-02;110.55
Burgenland;2022-10-03;114.16
Burgenland;2022-10-04;117.22
Burgenland;2022-10-05;119.62
Burgenland;2022-10-06;121.41
Burgenland;2022-10-07;122.69
Burgenland;2022-10-08;123.55
Burgenland;2022-10-09;123.93
Burgenland;2022-10-10;123.91
Burgenland;2022-10-11;123.66
Burgenland;2022-10-12;123.13
Burgenland;2022-10-13;122.44
Burgenland;2022-10-14;121.5
Burgenland;2022-10-15;120.17
Burgenland;2022-10-16;118.38
Burgenland;2022-10-17;116.09
Burgenland;2022-10-18;113.35
Burgenland;2022-10-19;110.26
Burgenland;2022-10-20;107.0
Burgenland;2022-10-21;103.68
Burgenland;2022-10-22;100.41
Burgenland;2022-10-23;97.29
Burgenland;2022-10-24;94.33
Burgenland;2022-10-25;91.5
Burgenland;2022-10-26;88.85
Burgenland;2022-10-27;86.4
Burgenland;2022-10-28;84.05
Burgenland;2022-10-29;81.91
Burgenland;2022-10-30;79.94
Burgenland;2022-10-31;78.11
Burgenland;2022-11-01;76.55
Burgenland;2022-11-02;75.3
Burgenland;2022-11-03;74.28
Burgenland;2022-11-04;73.56
Burgenland;2022-11-05;73.23
Burgenland;2022-11-06;73.26
Burgenland;2022-11-07;73.69
Burgenland;2022-11-08;74.48
Burgenland;2022-11-09;75.58
Burgenland;2022-11-10;76.8
Burgenland;2022-11-11;78.1
Burgenland;2022-11-12;79.46
Burgenland;2022-11-13;80.85
Burgenland;2022-11-14;82.17
Burgenland;2022-11-15;83.49
Burgenland;2022-11-16;84.67
Burgenland;2022-11-17;85.74
Burgenland;2022-11-18;86.85
Burgenland;2022-11-19;87.84
Burgenland;2022-11-20;88.85
Burgenland;2022-11-21;89.96
Burgenland;2022-11-22;91.14
Burgenland;2022-11-23;92.43
Burgenland;2022-11-24;93.95
Burgenland;2022-11-25;95.58
Burgenland;2022-11-26;97.37
Burgenland;2022-11-27;99.24
Burgenland;2022-11-28;101.3
Burgenland;2022-11-29;103.51
Burgenland;2022-11-30;105.87
Burgenland;2022-12-01;108.35
Burgenland;2022-12-02;110.91
Burgenland;2022-12-03;113.47
Burgenland;2022-12-04;115.83
Burgenland;2022-12-05;118.05
Burgenland;2022-12-06;120.19
Burgenland;2022-12-07;122.1
Burgenland;2022-12-08;123.92
Burgenland;2022-12-09;125.73
Burgenland;2022-12-10;127.56
Burgenland;2022-12-11;129.31
Burgenland;2022-12-12;130.98
Burgenland;2022-12-13;132.43
Burgenland;2022-12-14;133.65
Burgenland;2022-12-15;134.64
Burgenland;2022-12-16;135.41
Burgenland;2022-12-17;135.92
Burgenland;2022-12-18;136.23
Burgenland;2022-12-19;136.33
Burgenland;2022-12-20;136.49
Burgenland;2022-12-21;136.61
Burgenland;2022-12-22;136.89
Burgenland;2022-12-23;137.1
Burgenland;2022-12-24;137.33
Burgenland;2022-12-25;137.27
Burgenland;2022-12-26;136.87
Burgenland;2022-12-27;135.86
Burgenland;2022-12-28;134.23
Burgenland;2022-12-29;131.89
Burgenland;2022-12-30;128.99
Burgenland;2022-12-31;125.69
Burgenland;2023-01-01;121.95
Burgenland;2023-01-02;117.97
Burgenland;2023-01-03;114.02
Burgenland;2023-01-04;110.08
Burgenland;2023-01-05;106.34
Burgenland;2023-01-06;102.87
Burgenland;2023-01-07;99.54
Burgenland;2023-01-08;96.37
Burgenland;2023-01-09;93.56
Burgenland;2023-01-10;91.03
Burgenland;2023-01-11;88.81
Burgenland;2023-01-12;87.02
Burgenland;2023-01-13;85.46
Burgenland;2023-01-14;84.22
Burgenland;2023-01-15;83.2
Burgenland;2023-01-16;82.5
Burgenland;2023-01-17;81.92
Burgenland;2023-01-18;76.79
Burgenland;2023-01-19;76.47
Burgenland;2023-01-20;76.34
Burgenland;2023-01-21;76.29
Burgenland;2023-01-22;76.43
Burgenland;2023-01-23;76.84
Burgenland;2023-01-24;78.57
Burgenland;2023-01-25;79.74
Burgenland;2023-01-26;81.2
Burgenland;2023-01-27;82.89
Burgenland;2023-01-28;84.86
Burgenland;2023-01-29;87.18
Burgenland;2023-01-30;89.86
Burgenland;2023-01-31;92.84
Burgenland;2023-02-01;96.1
Burgenland;2023-02-02;99.57
Burgenland;2023-02-03;103.19
Burgenland;2023-02-04;107.04
Burgenland;2023-02-05;111.02
Burgenland;2023-02-06;115.17
Burgenland;2023-02-07;119.43
Burgenland;2023-02-08;123.68
Burgenland;2023-02-09;127.87
Burgenland;2023-02-10;131.93
Burgenland;2023-02-11;135.82
Burgenland;2023-02-12;139.41
Burgenland;2023-02-13;142.71
Burgenland;2023-02-14;145.56
Burgenland;2023-02-15;147.97
Burgenland;2023-02-16;150.11
Burgenland;2023-02-17;152.12
Burgenland;2023-02-18;154.38
Burgenland;2023-02-19;156.99
Burgenland;2023-02-20;160.05
Burgenland;2023-02-21;163.55
Burgenland;2023-02-22;167.2
Burgenland;2023-02-23;170.82
Burgenland;2023-02-24;174.32
Burgenland;2023-02-25;177.42
Burgenland;2023-02-26;180.0
Burgenland;2023-02-27;182.02
Burgenland;2023-02-28;183.26
Burgenland;2023-03-01;183.85
Burgenland;2023-03-02;183.84
Burgenland;2023-03-03;183.28
Burgenland;2023-03-04;182.2
Burgenland;2023-03-05;180.61
Burgenland;2023-03-06;178.36
Burgenland;2023-03-07;175.36
Burgenland;2023-03-08;171.56
Burgenland;2023-03-09;167.11
Burgenland;2023-03-10;162.18
Burgenland;2023-03-11;157.04
Burgenland;2023-03-12;151.8
Burgenland;2023-03-13;146.59
Burgenland;2023-03-14;141.32
Burgenland;2023-03-15;136.05
Burgenland;2023-03-16;130.72
Burgenland;2023-03-17;125.35
Burgenland;2023-03-18;120.12
Burgenland;2023-03-19;114.97
Burgenland;2023-03-20;110.03
Burgenland;2023-03-21;105.31
Burgenland;2023-03-22;100.8
Burgenland;2023-03-23;96.42
Burgenland;2023-03-24;92.16
Burgenland;2023-03-25;88.03
Burgenland;2023-03-26;84.07
Burgenland;2023-03-27;80.23
Burgenland;2023-03-28;76.56
Burgenland;2023-03-29;73.06
Burgenland;2023-03-30;69.75
Burgenland;2023-03-31;66.64
Burgenland;2023-04-01;63.68
Burgenland;2023-04-02;60.98
Burgenland;2023-04-03;58.48
Burgenland;2023-04-04;56.15
Burgenland;2023-04-05;54.06
Burgenland;2023-04-06;52.13
Burgenland;2023-04-07;50.24
Burgenland;2023-04-08;48.48
Burgenland;2023-04-09;46.74
Burgenland;2023-04-10;45.03
Burgenland;2023-04-11;43.36
Burgenland;2023-04-12;41.67
Burgenland;2023-04-13;40.04
Burgenland;2023-04-14;38.51
Burgenland;2023-04-15;37.14
Burgenland;2023-04-16;36.05
Burgenland;2023-04-17;35.23
Burgenland;2023-04-18;34.65
Burgenland;2023-04-19;34.41
Burgenland;2023-04-20;34.33
Burgenland;2023-04-21;34.41
Burgenland;2023-04-22;34.66
Burgenland;2023-04-23;35.05
Burgenland;2023-04-24;35.47
Burgenland;2023-04-25;36.05
Burgenland;2023-04-26;36.68
Burgenland;2023-04-27;37.28
Burgenland;2023-04-28;37.92
Burgenland;2023-04-29;38.41
Burgenland;2023-04-30;38.69
Burgenland;2023-05-01;38.7
Burgenland;2023-05-02;38.26
Burgenland;2023-05-03;37.41
Burgenland;2023-05-04;36.14
Burgenland;2023-05-05;34.59
Burgenland;2023-05-06;32.88
Burgenland;2023-05-07;31.14
Burgenland;2023-05-08;29.36
Burgenland;2023-05-09;27.69
Burgenland;2023-05-10;26.15
Burgenland;2023-05-11;24.67
Burgenland;2023-05-12;23.34
Burgenland;2023-05-13;22.07
Burgenland;2023-05-14;20.98
Burgenland;2023-05-15;19.98
Burgenland;2023-05-16;19.14
Burgenland;2023-05-17;18.42
Burgenland;2023-05-18;17.71
Burgenland;2023-05-19;17.09
Burgenland;2023-05-20;16.49
Burgenland;2023-05-21;15.87
Burgenland;2023-05-22;15.25
Burgenland;2023-05-23;14.6
Burgenland;2023-05-24;14.02
Burgenland;2023-05-25;13.46
Burgenland;2023-05-26;12.9
Burgenland;2023-05-27;12.38
Burgenland;2023-05-28;11.9
Burgenland;2023-05-29;11.48
Burgenland;2023-05-30;11.08
Burgenland;2023-05-31;10.67
Burgenland;2023-06-01;10.32
Burgenland;2023-06-02;10.06
Burgenland;2023-06-03;9.8
Burgenland;2023-06-04;9.55
Burgenland;2023-06-05;9.32
Burgenland;2023-06-06;9.11
Burgenland;2023-06-07;8.9
Burgenland;2023-06-08;8.71
Burgenland;2023-06-09;8.54
Burgenland;2023-06-10;8.34
Burgenland;2023-06-11;8.17
Burgenland;2023-06-12;8.0
Burgenland;2023-06-13;7.87
Burgenland;2023-06-14;7.71
Burgenland;2023-06-15;7.58
Burgenland;2023-06-16;7.46
Burgenland;2023-06-17;7.37
Burgenland;2023-06-18;7.21
Burgenland;2023-06-19;7.14
Burgenland;2023-06-20;7.04
Burgenland;2023-06-21;6.93
Burgenland;2023-06-22;6.77
Burgenland;2023-06-23;6.63
Burgenland;2023-06-24;6.52
Burgenland;2023-06-25;6.41
Burgenland;2023-06-26;6.36
Burgenland;2023-06-27;6.28
Burgenland;2023-06-28;6.26
Burgenland;2023-06-29;6.24
Burgenland;2023-06-30;6.29
Burgenland;2023-07-01;6.35
Burgenland;2023-07-02;6.41
Burgenland;2023-07-03;6.52
Burgenland;2023-07-04;6.71
Burgenland;2023-07-05;6.92
Burgenland;2023-07-06;7.21
Burgenland;2023-07-07;7.57
Burgenland;2023-07-08;8.02
Burgenland;2023-07-09;8.57
Burgenland;2023-07-10;9.29
Burgenland;2023-07-11;10.09
Burgenland;2023-07-12;11.06
Burgenland;2023-07-13;12.1
Burgenland;2023-07-14;13.22
Burgenland;2023-07-15;14.3
Burgenland;2023-07-16;15.28
Burgenland;2023-07-17;16.1
Burgenland;2023-07-18;16.57
Burgenland;2023-07-19;16.7
Burgenland;2023-07-20;16.42
Burgenland;2023-07-21;15.96
Burgenland;2023-07-22;15.31
Burgenland;2023-07-23;14.55
Burgenland;2023-07-24;13.86
Burgenland;2023-07-25;13.24
Burgenland;2023-07-26;12.75
Burgenland;2023-07-27;12.32
Burgenland;2023-07-28;12.02
Burgenland;2023-07-29;11.87
Burgenland;2023-07-30;11.88
Burgenland;2023-07-31;12.08
Burgenland;2023-08-01;12.46
Burgenland;2023-08-02;13.0
Burgenland;2023-08-03;13.7
Burgenland;2023-08-04;14.49
Burgenland;2023-08-05;15.41
Burgenland;2023-08-06;16.53
Burgenland;2023-08-07;17.75
Burgenland;2023-08-08;19.05
Burgenland;2023-08-09;20.4
Burgenland;2023-08-10;21.79
Burgenland;2023-08-11;23.08
Burgenland;2023-08-12;24.38
Burgenland;2023-08-13;25.51
Burgenland;2023-08-14;26.54
Burgenland;2023-08-15;27.35
Burgenland;2023-08-16;28.01
Burgenland;2023-08-17;28.51
Burgenland;2023-08-18;29.02
Burgenland;2023-08-19;29.52
Burgenland;2023-08-20;30.16
Burgenland;2023-08-21;30.94
Burgenland;2023-08-22;31.86
Burgenland;2023-08-23;32.92
Burgenland;2023-08-24;34.15
Burgenland;2023-08-25;35.43
Burgenland;2023-08-26;36.76
Burgenland;2023-08-27;38.03
Burgenland;2023-08-28;39.3
Burgenland;2023-08-29;40.38
Burgenland;2023-08-30;41.32
Burgenland;2023-08-31;42.1
Burgenland;2023-09-01;42.67
Burgenland;2023-09-02;43.17
Burgenland;2023-09-03;43.5
Burgenland;2023-09-04;43.78
Burgenland;2023-09-05;43.96
Burgenland;2023-09-06;44.06
Burgenland;2023-09-07;44.16
Burgenland;2023-09-08;44.23
Burgenland;2023-09-09;44.38
Burgenland;2023-09-10;44.47
Burgenland;2023-09-11;44.55
Burgenland;2023-09-12;44.57
Burgenland;2023-09-13;44.52
Burgenland;2023-09-14;44.33
Burgenland;2023-09-15;44.11
Burgenland;2023-09-16;43.91
Burgenland;2023-09-17;43.76
Burgenland;2023-09-18;43.6
Burgenland;2023-09-19;43.53
Burgenland;2023-09-20;43.59
Burgenland;2023-09-21;43.7
Burgenland;2023-09-22;43.88
Burgenland;2023-09-23;44.2
Burgenland;2023-09-24;44.57
Burgenland;2023-09-25;45.09
Burgenland;2023-09-26;45.79
Burgenland;2023-09-27;46.55
Burgenland;2023-09-28;47.45
Burgenland;2023-09-29;48.38
Burgenland;2023-09-30;49.48
Burgenland;2023-10-01;50.63
Burgenland;2023-10-02;51.96
Burgenland;2023-10-03;53.34
Burgenland;2023-10-04;54.86
Burgenland;2023-10-05;56.53
Burgenland;2023-10-06;58.23
Burgenland;2023-10-07;60.09
Burgenland;2023-10-08;62.06
Burgenland;2023-10-09;64.1
Burgenland;2023-10-10;66.09
Burgenland;2023-10-11;68.06
Burgenland;2023-10-12;69.84
Burgenland;2023-10-13;71.48
Burgenland;2023-10-14;73.04
Burgenland;2023-10-15;74.46
Burgenland;2023-10-16;75.9
Burgenland;2023-10-17;77.27
Burgenland;2023-10-18;78.5
Burgenland;2023-10-19;79.68
Burgenland;2023-10-20;80.74
Burgenland;2023-10-21;81.76
Burgenland;2023-10-22;82.78
Burgenland;2023-10-23;83.8
Burgenland;2023-10-24;84.88
Burgenland;2023-10-25;86.0
Burgenland;2023-10-26;87.2
Burgenland;2023-10-27;88.48
Burgenland;2023-10-28;89.82
Burgenland;2023-10-29;91.21
Burgenland;2023-10-30;92.74
Burgenland;2023-10-31;94.35
Burgenland;2023-11-01;96.2
Burgenland;2023-11-02;98.25
Burgenland;2023-11-03;100.64
Burgenland;2023-11-04;103.52
Burgenland;2023-11-05;107.05
Burgenland;2023-11-06;111.25
Burgenland;2023-11-07;116.17
Burgenland;2023-11-08;121.57
Burgenland;2023-11-09;127.36
Burgenland;2023-11-10;133.49
Burgenland;2023-11-11;139.85
Burgenland;2023-11-12;146.44
Burgenland;2023-11-13;169.84
Burgenland;2023-11-14;178.52
Burgenland;2023-11-15;187.58
Burgenland;2023-11-16;197.08
Burgenland;2023-11-17;206.81
Burgenland;2023-11-18;216.76
Burgenland;2023-11-19;226.84
Burgenland;2023-11-20;237.03
Burgenland;2023-11-21;247.3
Burgenland;2023-11-22;257.59
Burgenland;2023-11-23;267.86
Burgenland;2023-11-24;277.93
Burgenland;2023-11-25;287.58
Burgenland;2023-11-26;296.71
Burgenland;2023-11-27;305.2
Burgenland;2023-11-28;313.18
Burgenland;2023-11-29;320.67
Burgenland;2023-11-30;327.8
Burgenland;2023-12-01;334.62
Burgenland;2023-12-02;341.28
Burgenland;2023-12-03;347.59
Burgenland;2023-12-04;353.19
Burgenland;2023-12-05;357.49
Burgenland;2023-12-06;437.96
Burgenland;2023-12-07;435.15
Burgenland;2023-12-08;430.7
Burgenland;2023-12-09;425.27
Burgenland;2023-12-10;419.42
Burgenland;2023-12-11;413.55
Burgenland;2023-12-12;407.86
Burgenland;2023-12-13;402.24
Burgenland;2023-12-14;396.6
Burgenland;2023-12-15;390.66
Burgenland;2023-12-16;384.0
Burgenland;2023-12-17;376.35
Burgenland;2023-12-18;367.55
Burgenland;2023-12-19;357.47
Burgenland;2023-12-20;346.36
Burgenland;2023-12-21;334.24
Burgenland;2023-12-22;321.37
Burgenland;2023-12-23;307.89
Burgenland;2023-12-24;293.84
Burgenland;2023-12-25;279.21
Burgenland;2023-12-26;264.1
Burgenland;2023-12-27;248.55
Burgenland;2023-12-28;232.75
Burgenland;2023-12-29;216.95
Burgenland;2023-12-30;201.35
Burgenland;2023-12-31;186.12
Burgenland;2024-01-01;171.54
Burgenland;2024-01-02;157.88
Burgenland;2024-01-03;145.23
Burgenland;2024-01-04;133.79
Burgenland;2024-01-05;123.46
Burgenland;2024-01-06;114.3
Burgenland;2024-01-07;106.33
Burgenland;2024-01-08;99.65
Burgenland;2024-01-09;94.15
Burgenland;2024-01-10;89.68
Burgenland;2024-01-11;86.05
Burgenland;2024-01-12;83.0
Burgenland;2024-01-13;80.4
Burgenland;2024-01-14;78.02
Burgenland;2024-01-15;75.71
Burgenland;2024-01-16;73.38
Burgenland;2024-01-17;70.88
Burgenland;2024-01-18;68.18
Burgenland;2024-01-19;65.35
Burgenland;2024-01-20;62.42
Burgenland;2024-01-21;59.59
Burgenland;2024-01-22;56.79
Burgenland;2024-01-23;54.09
Burgenland;2024-01-24;51.45
Burgenland;2024-01-25;48.91
Burgenland;2024-01-26;46.45
Burgenland;2024-01-27;44.08
Burgenland;2024-01-28;41.84
Burgenland;2024-01-29;39.76
Burgenland;2024-01-30;37.87
Burgenland;2024-01-31;36.14
Burgenland;2024-02-01;34.48
Burgenland;2024-02-02;32.89
Burgenland;2024-02-03;31.38
Burgenland;2024-02-04;30.01
Burgenland;2024-02-05;28.7
Burgenland;2024-02-06;27.45
Burgenland;2024-02-07;26.35
Burgenland;2024-02-08;25.41
Burgenland;2024-02-09;24.56
Burgenland;2024-02-10;23.86
Burgenland;2024-02-11;23.26
Burgenland;2024-02-12;22.76
Burgenland;2024-02-13;22.39
Burgenland;2024-02-14;22.04
Burgenland;2024-02-15;21.71
Burgenland;2024-02-16;21.41
Burgenland;2024-02-17;21.08
Burgenland;2024-02-18;20.6
Burgenland;2024-02-19;19.99
Burgenland;2024-02-20;19.2
Burgenland;2024-02-21;18.29
Burgenland;2024-02-22;17.22
Burgenland;2024-02-23;16.09
Burgenland;2024-02-24;14.97
Burgenland;2024-02-25;13.88
Burgenland;2024-02-26;12.95
Burgenland;2024-02-27;12.12
Burgenland;2024-02-28;11.46
Burgenland;2024-02-29;10.85
Burgenland;2024-03-01;10.37
Burgenland;2024-03-02;9.93
Burgenland;2024-03-03;9.53
Burgenland;2024-03-04;9.12
Burgenland;2024-03-05;8.75
Burgenland;2024-03-06;8.41
Burgenland;2024-03-07;8.09
Burgenland;2024-03-08;7.78
Burgenland;2024-03-09;7.54
Burgenland;2024-03-10;7.27
Burgenland;2024-03-11;6.98
Burgenland;2024-03-12;6.7
Burgenland;2024-03-13;6.5
Burgenland;2024-03-14;6.3
Burgenland;2024-03-15;6.15
Burgenland;2024-03-16;5.99
Burgenland;2024-03-17;5.81
Burgenland;2024-03-18;5.67
Burgenland;2024-03-19;5.54
Burgenland;2024-03-20;5.35
Burgenland;2024-03-21;5.16
Burgenland;2024-03-22;4.92
Burgenland;2024-03-23;4.72
Burgenland;2024-03-24;4.51
Burgenland;2024-03-25;4.34
Burgenland;2024-03-26;4.25
Burgenland;2024-03-27;4.12
Burgenland;2024-03-28;4.03
Burgenland;2024-03-29;3.99
Burgenland;2024-03-30;3.9
Burgenland;2024-03-31;3.83
Burgenland;2024-04-01;3.83
Burgenland;2024-04-02;3.78
Burgenland;2024-04-03;3.7
Burgenland;2024-04-04;3.59
Burgenland;2024-04-05;3.48
Burgenland;2024-04-06;3.33
Burgenland;2024-04-07;3.2
Burgenland;2024-04-08;3.06
Burgenland;2024-04-09;2.94
Burgenland;2024-04-10;2.82
Burgenland;2024-04-11;2.76
Burgenland;2024-04-12;2.68
Burgenland;2024-04-13;2.61
Burgenland;2024-04-14;2.6
Burgenland;2024-04-15;2.6
Burgenland;2024-04-16;2.6
Burgenland;2024-04-17;2.62
Burgenland;2024-04-18;2.7
Burgenland;2024-04-19;2.73
Burgenland;2024-04-20;2.85
Burgenland;2024-04-21;2.89
Burgenland;2024-04-22;3.0
Burgenland;2024-04-23;3.06
Burgenland;2024-04-24;3.13
Burgenland;2024-04-25;3.28
Burgenland;2024-04-26;3.35
Burgenland;2024-04-27;3.46
Burgenland;2024-04-28;3.61
Burgenland;2024-04-29;3.75
Burgenland;2024-04-30;3.9
Burgenland;2024-05-01;4.05
Burgenland;2024-05-02;4.15
Burgenland;2024-05-03;4.28
Burgenland;2024-05-04;4.38
Burgenland;2024-05-05;4.47
Burgenland;2024-05-06;4.52
Burgenland;2024-05-07;4.61
Burgenland;2024-05-08;4.67
Burgenland;2024-05-09;4.74
Burgenland;2024-05-10;4.78
Burgenland;2024-05-11;4.88
Burgenland;2024-05-12;4.94
Burgenland;2024-05-13;5.0
Burgenland;2024-05-14;5.12
Burgenland;2024-05-15;5.2
Burgenland;2024-05-16;5.32
Burgenland;2024-05-17;5.38
Burgenland;2024-05-18;5.48
Burgenland;2024-05-19;5.54
Burgenland;2024-05-20;5.64
Burgenland;2024-05-21;5.66
Burgenland;2024-05-22;5.71
Burgenland;2024-05-23;5.79
Burgenland;2024-05-24;5.82
Burgenland;2024-05-25;5.9
Burgenland;2024-05-26;6.04
Burgenland;2024-05-27;6.24
Burgenland;2024-05-28;6.43
Burgenland;2024-05-29;6.7
Burgenland;2024-05-30;6.99
Burgenland;2024-05-31;7.34
Burgenland;2024-06-01;7.71
Burgenland;2024-06-02;8.1
Burgenland;2024-06-03;8.56
Burgenland;2024-06-04;8.99
Burgenland;2024-06-05;9.53
Burgenland;2024-06-06;10.12
Burgenland;2024-06-07;10.72
Burgenland;2024-06-08;11.4
Burgenland;2024-06-09;12.16
Burgenland;2024-06-10;13.05
Burgenland;2024-06-11;14.12
Burgenland;2024-06-12;15.35
Burgenland;2024-06-13;16.67
Burgenland;2024-06-14;18.11
Burgenland;2024-06-15;19.67
Burgenland;2024-06-16;21.16
Burgenland;2024-06-17;22.61
Burgenland;2024-06-18;24.09
Burgenland;2024-06-19;25.39
Burgenland;2024-06-20;26.65
Burgenland;2024-06-21;27.82
Burgenland;2024-06-22;28.89
Burgenland;2024-06-23;29.88
Burgenland;2024-06-24;30.84
Burgenland;2024-06-25;31.74
Burgenland;2024-06-26;32.56
Burgenland;2024-06-27;33.28
Burgenland;2024-06-28;33.85
Burgenland;2024-06-29;34.3
Burgenland;2024-06-30;34.57
Burgenland;2024-07-01;34.55
Burgenland;2024-07-02;34.38
Burgenland;2024-07-03;34.11
Burgenland;2024-07-04;33.7
Burgenland;2024-07-05;33.29
Burgenland;2024-07-06;32.89
Burgenland;2024-07-07;32.47
Burgenland;2024-07-08;32.09
Burgenland;2024-07-09;31.9
Burgenland;2024-07-10;31.79
Burgenland;2024-07-11;31.83
Burgenland;2024-07-12;32.03
Burgenland;2024-07-13;32.37
Burgenland;2024-07-14;32.87
Burgenland;2024-07-15;33.57
Burgenland;2024-07-16;34.41
Burgenland;2024-07-17;35.39
Burgenland;2024-07-18;36.46
Burgenland;2024-07-19;37.62
Burgenland;2024-07-20;38.73
Burgenland;2024-07-21;39.88
Burgenland;2024-07-22;40.98
Burgenland;2024-07-23;42.08
Burgenland;2024-07-24;43.16
Burgenland;2024-07-25;44.16
Burgenland;2024-07-26;45.19
Burgenland;2024-07-27;46.19
Burgenland;2024-07-28;47.08
Burgenland;2024-07-29;47.94
Burgenland;2024-07-30;48.72
Burgenland;2024-07-31;49.39
Burgenland;2024-08-01;50.0
Burgenland;2024-08-02;50.53
Burgenland;2024-08-03;51.07
Burgenland;2024-08-04;51.61
Burgenland;2024-08-05;52.21
Burgenland;2024-08-06;52.77
Burgenland;2024-08-07;53.36
Burgenland;2024-08-08;53.89
Burgenland;2024-08-09;54.41
Burgenland;2024-08-10;54.9
Burgenland;2024-08-11;55.34
Burgenland;2024-08-12;55.79
Burgenland;2024-08-13;56.29
Burgenland;2024-08-14;56.78
Burgenland;2024-08-15;57.4
Burgenland;2024-08-16;58.01
Burgenland;2024-08-17;58.72
Burgenland;2024-08-18;59.47
Burgenland;2024-08-19;60.32
Burgenland;2024-08-20;61.11
Burgenland;2024-08-21;61.92
Burgenland;2024-08-22;62.78
Burgenland;2024-08-23;63.66
Burgenland;2024-08-24;64.64
Burgenland;2024-08-25;65.75
Burgenland;2024-08-26;66.94
Burgenland;2024-08-27;68.15
Burgenland;2024-08-28;69.39
Burgenland;2024-08-29;70.51
Burgenland;2024-08-30;71.51
Burgenland;2024-08-31;72.43
Burgenland;2024-09-01;73.24
Burgenland;2024-09-02;74.07
Burgenland;2024-09-03;74.87
Burgenland;2024-09-04;75.79
Burgenland;2024-09-05;76.8
Burgenland;2024-09-06;78.01
Burgenland;2024-09-07;79.4
Burgenland;2024-09-08;80.98
Burgenland;2024-09-09;82.8
Burgenland;2024-09-10;84.71
Burgenland;2024-09-11;86.62
Burgenland;2024-09-12;88.51
Burgenland;2024-09-13;90.4
Burgenland;2024-09-14;92.27
Burgenland;2024-09-15;94.23
Burgenland;2024-09-16;96.33
Burgenland;2024-09-17;98.57
Burgenland;2024-09-18;100.97
Burgenland;2024-09-19;103.62
Burgenland;2024-09-20;106.35
Burgenland;2024-09-21;109.16
Burgenland;2024-09-22;111.92
Burgenland;2024-09-23;114.59
Burgenland;2024-09-24;116.91
Burgenland;2024-09-25;118.78
Burgenland;2024-09-26;120.05
Burgenland;2024-09-27;120.83
Burgenland;2024-09-28;121.31
Burgenland;2024-09-29;121.66
Burgenland;2024-09-30;122.15
Burgenland;2024-10-01;122.96
Burgenland;2024-10-02;124.18
Burgenland;2024-10-03;125.86
Burgenland;2024-10-04;128.0
Burgenland;2024-10-05;130.36
Burgenland;2024-10-06;132.78
Burgenland;2024-10-07;135.01
Burgenland;2024-10-08;136.75
Burgenland;2024-10-09;137.67
Burgenland;2024-10-10;137.65
Burgenland;2024-10-11;136.83
Burgenland;2024-10-12;135.51
Burgenland;2024-10-13;133.8
Burgenland;2024-10-14;131.95
Burgenland;2024-10-15;129.95
Burgenland;2024-10-16;127.91
Burgenland;2024-10-17;125.76
Burgenland;2024-10-18;123.5
Burgenland;2024-10-19;121.16
Burgenland;2024-10-20;118.75
Burgenland;2024-10-21;116.38
Burgenland;2024-10-22;114.01
Burgenland;2024-10-23;111.69
Burgenland;2024-10-24;109.43
Burgenland;2024-10-25;107.15
Burgenland;2024-10-26;104.81
Burgenland;2024-10-27;102.31
Burgenland;2024-10-28;99.65
Burgenland;2024-10-29;96.82
Burgenland;2024-10-30;93.78
Burgenland;2024-10-31;90.7
Burgenland;2024-11-01;87.56
Burgenland;2024-11-02;84.64
Burgenland;2024-11-03;81.89
Burgenland;2024-11-04;79.52
Burgenland;2024-11-05;77.51
Burgenland;2024-11-06;75.96
Burgenland;2024-11-07;74.74
Burgenland;2024-11-08;73.85
Burgenland;2024-11-09;73.26
Burgenland;2024-11-10;72.84
Burgenland;2024-11-11;72.59
Burgenland;2024-11-12;72.5
Burgenland;2024-11-13;72.61
Burgenland;2024-11-14;72.76
Burgenland;2024-11-15;73.07
Burgenland;2024-11-16;73.55
Burgenland;2024-11-17;74.29
Burgenland;2024-11-18;75.27
Burgenland;2024-11-19;76.52
Burgenland;2024-11-20;77.99
Burgenland;2024-11-21;79.65
Burgenland;2024-11-22;81.5
Burgenland;2024-11-23;83.44
Burgenland;2024-11-24;85.39
Burgenland;2024-11-25;87.29
Burgenland;2024-11-26;89.03
Burgenland;2024-11-27;90.48
Burgenland;2024-11-28;91.72
Burgenland;2024-11-29;92.8
Burgenland;2024-11-30;93.71
Burgenland;2024-12-01;94.58
Burgenland;2024-12-02;95.42
Burgenland;2024-12-03;96.23
Burgenland;2024-12-04;96.91
Burgenland;2024-12-05;97.45
Burgenland;2024-12-06;97.87
Burgenland;2024-12-07;98.15
Burgenland;2024-12-08;98.42
Burgenland;2024-12-09;98.69
Burgenland;2024-12-10;99.01
Burgenland;2024-12-11;99.42
Burgenland;2024-12-12;99.94
Burgenland;2024-12-13;100.43
Burgenland;2024-12-14;100.79
Burgenland;2024-12-15;100.95
Burgenland;2024-12-16;100.72
Burgenland;2024-12-17;100.12
Burgenland;2024-12-18;99.08
Burgenland;2024-12-19;97.61
Burgenland;2024-12-20;95.94
Burgenland;2024-12-21;93.97
Burgenland;2024-12-22;91.98
Burgenland;2024-12-23;89.9
Burgenland;2024-12-24;87.76
Burgenland;2024-12-25;85.65
Burgenland;2024-12-26;83.51
Burgenland;2024-12-27;81.35
Burgenland;2024-12-28;79.18
Burgenland;2024-12-29;77.03
Burgenland;2024-12-30;74.87
Burgenland;2024-12-31;72.68
Burgenland;2025-01-01;70.56
Burgenland;2025-01-02;68.4
Burgenland;2025-01-03;66.24
Burgenland;2025-01-04;64.11
Burgenland;2025-01-05;62.07
Burgenland;2025-01-06;60.13
Burgenland;2025-01-07;58.37
Burgenland;2025-01-08;56.76
Burgenland;2025-01-09;55.39
Burgenland;2025-01-10;54.19
Burgenland;2025-01-11;53.21
Burgenland;2025-01-12;52.45
Burgenland;2025-01-13;51.76
Burgenland;2025-01-14;51.18
Burgenland;2025-01-15;50.53
Burgenland;2025-01-16;49.89
Burgenland;2025-01-17;49.19
Burgenland;2025-01-18;48.44
Burgenland;2025-01-19;47.68
Burgenland;2025-01-20;46.87
Burgenland;2025-01-21;45.93
Burgenland;2025-01-22;44.81
Burgenland;2025-01-23;43.45
Burgenland;2025-01-24;41.88
Burgenland;2025-01-25;40.19
Burgenland;2025-01-26;38.36
Burgenland;2025-01-27;36.46
Burgenland;2025-01-28;34.44
Burgenland;2025-01-29;32.43
Burgenland;2025-01-30;30.4
Burgenland;2025-01-31;28.35
Burgenland;2025-02-01;26.41
Burgenland;2025-02-02;24.55
Burgenland;2025-02-03;22.82
Burgenland;2025-02-04;21.33
Burgenland;2025-02-05;19.96
Burgenland;2025-02-06;18.75
Burgenland;2025-02-07;17.63
Burgenland;2025-02-08;16.72
Burgenland;2025-02-09;15.8
Burgenland;2025-02-10;15.03
Burgenland;2025-02-11;14.31
Burgenland;2025-02-12;13.67
Burgenland;2025-02-13;13.01
Burgenland;2025-02-14;12.39
Burgenland;2025-02-15;11.83
Burgenland;2025-02-16;11.31
Burgenland;2025-02-17;10.89
Burgenland;2025-02-18;10.58
Burgenland;2025-02-19;10.32
Burgenland;2025-02-20;10.15
Burgenland;2025-02-21;10.1
Burgenland;2025-02-22;10.12
Burgenland;2025-02-23;10.26
Burgenland;2025-02-24;10.49
Burgenland;2025-02-25;10.92
Burgenland;2025-02-26;11.43
Burgenland;2025-02-27;12.07
Burgenland;2025-02-28;12.69
Burgenland;2025-03-01;13.34
Burgenland;2025-03-02;13.96
Burgenland;2025-03-03;14.48
Burgenland;2025-03-04;14.86
Burgenland;2025-03-05;14.97
Burgenland;2025-03-06;14.93
Burgenland;2025-03-07;14.72
Burgenland;2025-03-08;14.38
Burgenland;2025-03-09;13.94
Burgenland;2025-03-10;13.4
Burgenland;2025-03-11;12.89
Burgenland;2025-03-12;12.37
Burgenland;2025-03-13;11.86
Burgenland;2025-03-14;11.36
Burgenland;2025-03-15;10.96
Burgenland;2025-03-16;10.6
Burgenland;2025-03-17;10.35
Burgenland;2025-03-18;10.13
Österreich;2022-09-01;98.88
Österreich;2022-09-02;98.52
Österreich;2022-09-03;98.19
Österreich;2022-09-04;97.34
Österreich;2022-09-05;97.27
Österreich;2022-09-06;97.4
Österreich;2022-09-07;97.79
Österreich;2022-09-08;98.41
Österreich;2022-09-09;99.42
Österreich;2022-09-10;100.87
Österreich;2022-09-11;102.86
Österreich;2022-09-12;105.53
Österreich;2022-09-13;108.84
Österreich;2022-09-14;112.78
Österreich;2022-09-15;117.23
Österreich;2022-09-16;122.18
Österreich;2022-09-17;127.54
Österreich;2022-09-18;133.33
Österreich;2022-09-19;139.64
Österreich;2022-09-20;146.43
Österreich;2022-09-21;153.69
Österreich;2022-09-22;161.37
Österreich;2022-09-23;169.34
Österreich;2022-09-24;177.45
Österreich;2022-09-25;185.68
Österreich;2022-09-26;193.93
Österreich;2022-09-27;202.13
Österreich;2022-09-28;210.29
Österreich;2022-09-29;218.17
Österreich;2022-09-30;225.58
Österreich;2022-10-01;232.3
Österreich;2022-10-02;237.97
Österreich;2022-10-03;242.46
Österreich;2022-10-04;245.69
Österreich;2022-10-05;247.71
Österreich;2022-10-06;248.67
Österreich;2022-10-07;248.61
Österreich;2022-10-08;247.43
Österreich;2022-10-09;245.02
Österreich;2022-10-10;241.31
Österreich;2022-10-11;236.37
Österreich;2022-10-12;230.34
Österreich;2022-10-13;223.6
Österreich;2022-10-14;216.35
Österreich;2022-10-15;208.86
Österreich;2022-10-16;201.32
Österreich;2022-10-17;194.01
Österreich;2022-10-18;186.92
Österreich;2022-10-19;180.25
Österreich;2022-10-20;173.91
Österreich;2022-10-21;167.82
Österreich;2022-10-22;161.96
Österreich;2022-10-23;156.2
Österreich;2022-10-24;150.57
Österreich;2022-10-25;145.04
Österreich;2022-10-26;139.71
Österreich;2022-10-27;134.56
Österreich;2022-10-28;129.66
Österreich;2022-10-29;125.06
Österreich;2022-10-30;120.76
Österreich;2022-10-31;116.99
Österreich;2022-11-01;113.7
Österreich;2022-11-02;111.03
Österreich;2022-11-03;108.87
Österreich;2022-11-04;107.22
Österreich;2022-11-05;106.09
Österreich;2022-11-06;105.55
Österreich;2022-11-07;105.63
Österreich;2022-11-08;106.39
Österreich;2022-11-09;107.88
Österreich;2022-11-10;109.91
Österreich;2022-11-11;112.38
Österreich;2022-11-12;115.1
Österreich;2022-11-13;117.98
Österreich;2022-11-14;121.03
Österreich;2022-11-15;124.19
Österreich;2022-11-16;127.6
Österreich;2022-11-17;131.1
Österreich;2022-11-18;134.72
Österreich;2022-11-19;138.29
Österreich;2022-11-20;141.72
Österreich;2022-11-21;144.99
Österreich;2022-11-22;148.08
Österreich;2022-11-23;151.1
Österreich;2022-11-24;153.98
Österreich;2022-11-25;156.75
Österreich;2022-11-26;159.31
Österreich;2022-11-27;161.7
Österreich;2022-11-28;163.87
Österreich;2022-11-29;165.9
Österreich;2022-11-30;167.83
Österreich;2022-12-01;169.7
Österreich;2022-12-02;171.61
Österreich;2022-12-03;173.49
Österreich;2022-12-04;174.87
Österreich;2022-12-05;176.3
Österreich;2022-12-06;178.39
Österreich;2022-12-07;180.67
Österreich;2022-12-08;183.13
Österreich;2022-12-09;185.65
Österreich;2022-12-10;188.25
Österreich;2022-12-11;190.93
Österreich;2022-12-12;193.7
Österreich;2022-12-13;196.62
Österreich;2022-12-14;199.71
Österreich;2022-12-15;202.81
Österreich;2022-12-16;205.86
Österreich;2022-12-17;208.51
Österreich;2022-12-18;210.54
Österreich;2022-12-19;211.79
Österreich;2022-12-20;212.21
Österreich;2022-12-21;211.86
Österreich;2022-12-22;210.91
Österreich;2022-12-23;209.52
Österreich;2022-12-24;207.75
Österreich;2022-12-25;205.67
Österreich;2022-12-26;203.27
Österreich;2022-12-27;200.53
Österreich;2022-12-28;197.45
Österreich;2022-12-29;193.96
Österreich;2022-12-30;190.11
Österreich;2022-12-31;185.99
Österreich;2023-01-01;181.5
Österreich;2023-01-02;176.68
Österreich;2023-01-03;171.65
Österreich;2023-01-04;166.45
Österreich;2023-01-05;161.14
Österreich;2023-01-06;155.95
Österreich;2023-01-07;150.89
Österreich;2023-01-08;146.16
Österreich;2023-01-09;141.77
Österreich;2023-01-10;137.85
Österreich;2023-01-11;134.34
Österreich;2023-01-12;131.3
Österreich;2023-01-13;128.74
Österreich;2023-01-14;126.62
Österreich;2023-01-15;124.35
Österreich;2023-01-16;123.53
Österreich;2023-01-17;123.25
Österreich;2023-01-18;123.67
Österreich;2023-01-19;125.09
Österreich;2023-01-20;127.17
Österreich;2023-01-21;129.89
Österreich;2023-01-22;133.44
Österreich;2023-01-23;137.69
Österreich;2023-01-24;142.36
Österreich;2023-01-25;147.95
Österreich;2023-01-26;154.1
Österreich;2023-01-27;160.78
Österreich;2023-01-28;167.93
Österreich;2023-01-29;175.22
Österreich;2023-01-30;183.35
Österreich;2023-01-31;192.04
Österreich;2023-02-01;201.25
Österreich;2023-02-02;210.86
Österreich;2023-02-03;220.52
Österreich;2023-02-04;229.97
Österreich;2023-02-05;238.84
Österreich;2023-02-06;246.91
Österreich;2023-02-07;253.57
Österreich;2023-02-08;260.16
Österreich;2023-02-09;266.19
Österreich;2023-02-10;271.73
Österreich;2023-02-11;276.94
Österreich;2023-02-12;281.69
Österreich;2023-02-13;286.1
Österreich;2023-02-14;290.08
Österreich;2023-02-15;293.63
Österreich;2023-02-16;296.71
Österreich;2023-02-17;299.36
Österreich;2023-02-18;301.58
Österreich;2023-02-19;303.35
Österreich;2023-02-20;304.79
Österreich;2023-02-21;305.97
Österreich;2023-02-22;307.0
Österreich;2023-02-23;307.91
Österreich;2023-02-24;308.72
Österreich;2023-02-25;309.31
Österreich;2023-02-26;309.74
Österreich;2023-02-27;309.86
Österreich;2023-02-28;309.52
Österreich;2023-03-01;308.65
Österreich;2023-03-02;307.21
Österreich;2023-03-03;305.2
Österreich;2023-03-04;302.59
Österreich;2023-03-05;299.24
Österreich;2023-03-06;295.16
Österreich;2023-03-07;290.41
Österreich;2023-03-08;285.08
Österreich;2023-03-09;279.27
Österreich;2023-03-10;273.13
Österreich;2023-03-11;266.77
Österreich;2023-03-12;260.2
Österreich;2023-03-13;253.61
Österreich;2023-03-14;247.0
Österreich;2023-03-15;240.44
Österreich;2023-03-16;233.95
Österreich;2023-03-17;227.41
Österreich;2023-03-18;220.7
Österreich;2023-03-19;213.75
Österreich;2023-03-20;206.51
Österreich;2023-03-21;199.14
Österreich;2023-03-22;191.73
Österreich;2023-03-23;184.38
Österreich;2023-03-24;177.12
Österreich;2023-03-25;169.92
Österreich;2023-03-26;162.83
Österreich;2023-03-27;155.92
Österreich;2023-03-28;149.46
Österreich;2023-03-29;143.49
Österreich;2023-03-30;138.06
Österreich;2023-03-31;133.12
Österreich;2023-04-01;128.57
Österreich;2023-04-02;124.48
Österreich;2023-04-03;120.75
Österreich;2023-04-04;117.34
Österreich;2023-04-05;114.17
Österreich;2023-04-06;111.21
Österreich;2023-04-07;108.33
Österreich;2023-04-08;105.51
Österreich;2023-04-09;102.75
Österreich;2023-04-10;99.97
Österreich;2023-04-11;97.17
Österreich;2023-04-12;94.35
Österreich;2023-04-13;91.49
Österreich;2023-04-14;88.65
Österreich;2023-04-15;85.82
Österreich;2023-04-16;83.03
Österreich;2023-04-17;80.42
Österreich;2023-04-18;77.85
Österreich;2023-04-19;75.53
Österreich;2023-04-20;73.34
Österreich;2023-04-21;71.23
Österreich;2023-04-22;69.26
Österreich;2023-04-23;67.33
Österreich;2023-04-24;65.52
Österreich;2023-04-25;63.73
Österreich;2023-04-26;61.97
Österreich;2023-04-27;60.25
Österreich;2023-04-28;58.57
Österreich;2023-04-29;56.88
Österreich;2023-04-30;55.19
Österreich;2023-05-01;53.53
Österreich;2023-05-02;51.84
Österreich;2023-05-03;50.17
Österreich;2023-05-04;48.53
Österreich;2023-05-05;46.87
Österreich;2023-05-06;45.26
Österreich;2023-05-07;43.7
Österreich;2023-05-08;42.17
Österreich;2023-05-09;40.74
Österreich;2023-05-10;39.4
Österreich;2023-05-11;38.18
Österreich;2023-05-12;37.02
Österreich;2023-05-13;36.02
Österreich;2023-05-14;35.12
Österreich;2023-05-15;34.32
Österreich;2023-05-16;33.73
Österreich;2023-05-17;33.21
Österreich;2023-05-18;32.82
Österreich;2023-05-19;32.48
Österreich;2023-05-20;32.13
Österreich;2023-05-21;31.8
Österreich;2023-05-22;31.35
Österreich;2023-05-23;30.86
Österreich;2023-05-24;30.29
Österreich;2023-05-25;29.65
Österreich;2023-05-26;29.0
Österreich;2023-05-27;28.29
Österreich;2023-05-28;27.55
Österreich;2023-05-29;26.78
Österreich;2023-05-30;26.02
Österreich;2023-05-31;25.19
Österreich;2023-06-01;24.4
Österreich;2023-06-02;23.59
Österreich;2023-06-03;22.8
Österreich;2023-06-04;22.07
Österreich;2023-06-05;21.4
Österreich;2023-06-06;20.77
Österreich;2023-06-07;20.23
Österreich;2023-06-08;19.73
Österreich;2023-06-09;19.29
Österreich;2023-06-10;18.92
Österreich;2023-06-11;18.52
Österreich;2023-06-12;18.11
Österreich;2023-06-13;17.72
Österreich;2023-06-14;17.32
Österreich;2023-06-15;16.93
Österreich;2023-06-16;16.54
Österreich;2023-06-17;16.17
Österreich;2023-06-18;15.78
Österreich;2023-06-19;15.43
Österreich;2023-06-20;15.12
Österreich;2023-06-21;14.83
Österreich;2023-06-22;14.56
Österreich;2023-06-23;14.32
Österreich;2023-06-24;14.07
Österreich;2023-06-25;13.88
Österreich;2023-06-26;13.71
Österreich;2023-06-27;13.57
Österreich;2023-06-28;13.55
Österreich;2023-06-29;13.56
Österreich;2023-06-30;13.6
Österreich;2023-07-01;13.69
Österreich;2023-07-02;13.85
Österreich;2023-07-03;13.97
Österreich;2023-07-04;14.14
Österreich;2023-07-05;14.33
Österreich;2023-07-06;14.47
Österreich;2023-07-07;14.63
Österreich;2023-07-08;14.8
Österreich;2023-07-09;14.98
Österreich;2023-07-10;15.18
Österreich;2023-07-11;15.38
Österreich;2023-07-12;15.68
Österreich;2023-07-13;15.99
Österreich;2023-07-14;16.35
Österreich;2023-07-15;16.81
Österreich;2023-07-16;17.29
Österreich;2023-07-17;17.85
Österreich;2023-07-18;18.52
Österreich;2023-07-19;19.21
Österreich;2023-07-20;19.97
Österreich;2023-07-21;20.79
Österreich;2023-07-22;21.67
Österreich;2023-07-23;22.56
Österreich;2023-07-24;23.53
Österreich;2023-07-25;24.58
Österreich;2023-07-26;25.79
Österreich;2023-07-27;27.11
Österreich;2023-07-28;28.54
Österreich;2023-07-29;30.07
Österreich;2023-07-30;31.64
Österreich;2023-07-31;33.33
Österreich;2023-08-01;35.14
Österreich;2023-08-02;37.11
Österreich;2023-08-03;39.18
Österreich;2023-08-04;41.39
Österreich;2023-08-05;43.67
Österreich;2023-08-06;45.97
Österreich;2023-08-07;48.33
Österreich;2023-08-08;50.62
Österreich;2023-08-09;52.87
Österreich;2023-08-10;55.05
Österreich;2023-08-11;57.15
Österreich;2023-08-12;59.16
Österreich;2023-08-13;61.12
Österreich;2023-08-14;62.92
Österreich;2023-08-15;64.49
Österreich;2023-08-16;65.81
Österreich;2023-08-17;66.93
Österreich;2023-08-18;67.81
Österreich;2023-08-19;68.59
Österreich;2023-08-20;69.32
Österreich;2023-08-21;70.08
Österreich;2023-08-22;70.9
Österreich;2023-08-23;71.83
Österreich;2023-08-24;72.93
Österreich;2023-08-25;74.17
Österreich;2023-08-26;75.52
Österreich;2023-08-27;77.04
Österreich;2023-08-28;78.62
Österreich;2023-08-29;80.35
Österreich;2023-08-30;82.22
Österreich;2023-08-31;84.13
Österreich;2023-09-01;86.04
Österreich;2023-09-02;87.86
Österreich;2023-09-03;89.54
Österreich;2023-09-04;91.09
Österreich;2023-09-05;92.47
Österreich;2023-09-06;93.8
Österreich;2023-09-07;95.02
Österreich;2023-09-08;96.24
Österreich;2023-09-09;97.4
Österreich;2023-09-10;98.56
Österreich;2023-09-11;99.63
Österreich;2023-09-12;100.67
Österreich;2023-09-13;101.61
Österreich;2023-09-14;102.5
Österreich;2023-09-15;103.28
Österreich;2023-09-16;104.01
Österreich;2023-09-17;104.7
Österreich;2023-09-18;105.44
Österreich;2023-09-19;106.2
Österreich;2023-09-20;107.07
Österreich;2023-09-21;108.1
Österreich;2023-09-22;109.22
Österreich;2023-09-23;110.51
Österreich;2023-09-24;111.92
Österreich;2023-09-25;113.48
Österreich;2023-09-26;115.26
Österreich;2023-09-27;117.17
Österreich;2023-09-28;119.17
Österreich;2023-09-29;121.3
Österreich;2023-09-30;123.41
Österreich;2023-10-01;125.49
Österreich;2023-10-02;127.47
Österreich;2023-10-03;129.33
Österreich;2023-10-04;131.02
Österreich;2023-10-05;132.63
Österreich;2023-10-06;134.16
Österreich;2023-10-07;135.71
Österreich;2023-10-08;137.39
Österreich;2023-10-09;139.25
Österreich;2023-10-10;141.34
Österreich;2023-10-11;143.68
Österreich;2023-10-12;146.22
Österreich;2023-10-13;148.93
Österreich;2023-10-14;151.77
Österreich;2023-10-15;154.73
Österreich;2023-10-16;157.76
Österreich;2023-10-17;160.84
Österreich;2023-10-18;163.91
Österreich;2023-10-19;166.91
Österreich;2023-10-20;169.8
Österreich;2023-10-21;172.67
Österreich;2023-10-22;175.44
Österreich;2023-10-23;178.26
Österreich;2023-10-24;181.16
Österreich;2023-10-25;184.23
Österreich;2023-10-26;187.48
Österreich;2023-10-27;190.88
Österreich;2023-10-28;194.28
Österreich;2023-10-29;197.66
Österreich;2023-10-30;201.07
Österreich;2023-10-31;204.58
Österreich;2023-11-01;208.46
Österreich;2023-11-02;212.9
Österreich;2023-11-03;218.13
Österreich;2023-11-04;224.28
Österreich;2023-11-05;231.42
Österreich;2023-11-06;239.67
Österreich;2023-11-07;248.98
Österreich;2023-11-08;259.18
Österreich;2023-11-09;270.08
Österreich;2023-11-10;281.48
Österreich;2023-11-11;293.06
Österreich;2023-11-12;304.67
Österreich;2023-11-13;318.63
Österreich;2023-11-14;330.21
Österreich;2023-11-15;341.95
Österreich;2023-11-16;353.97
Österreich;2023-11-17;366.48
Österreich;2023-11-18;379.69
Österreich;2023-11-19;393.83
Österreich;2023-11-20;408.97
Österreich;2023-11-21;424.91
Österreich;2023-11-22;441.31
Österreich;2023-11-23;457.94
Österreich;2023-11-24;474.53
Österreich;2023-11-25;491.01
Österreich;2023-11-26;507.31
Österreich;2023-11-27;523.38
Österreich;2023-11-28;539.27
Österreich;2023-11-29;554.99
Österreich;2023-11-30;570.34
Österreich;2023-12-01;585.09
Österreich;2023-12-02;598.83
Österreich;2023-12-03;611.26
Österreich;2023-12-04;621.88
Österreich;2023-12-05;630.42
Österreich;2023-12-06;637.1
Österreich;2023-12-07;641.4
Österreich;2023-12-08;644.07
Österreich;2023-12-09;645.24
Österreich;2023-12-10;644.91
Österreich;2023-12-11;642.68
Österreich;2023-12-12;638.3
Österreich;2023-12-13;631.49
Österreich;2023-12-14;622.49
Österreich;2023-12-15;611.69
Österreich;2023-12-16;599.52
Österreich;2023-12-17;586.12
Österreich;2023-12-18;571.57
Österreich;2023-12-19;555.72
Österreich;2023-12-20;538.53
Österreich;2023-12-21;520.12
Österreich;2023-12-22;500.81
Österreich;2023-12-23;481.04
Österreich;2023-12-24;461.16
Österreich;2023-12-25;441.4
Österreich;2023-12-26;421.84
Österreich;2023-12-27;402.6
Österreich;2023-12-28;383.62
Österreich;2023-12-29;365.01
Österreich;2023-12-30;346.78
Österreich;2023-12-31;329.09
Österreich;2024-01-01;311.93
Österreich;2024-01-02;295.26
Österreich;2024-01-03;279.04
Österreich;2024-01-04;263.25
Österreich;2024-01-05;248.02
Österreich;2024-01-06;233.62
Österreich;2024-01-07;220.22
Österreich;2024-01-08;207.95
Österreich;2024-01-09;196.86
Österreich;2024-01-10;186.77
Österreich;2024-01-11;177.48
Österreich;2024-01-12;168.8
Österreich;2024-01-13;160.71
Österreich;2024-01-14;153.04
Österreich;2024-01-15;145.81
Österreich;2024-01-16;138.96
Österreich;2024-01-17;132.42
Österreich;2024-01-18;126.13
Österreich;2024-01-19;120.11
Österreich;2024-01-20;114.27
Österreich;2024-01-21;108.75
Österreich;2024-01-22;103.48
Österreich;2024-01-23;98.48
Österreich;2024-01-24;93.84
Österreich;2024-01-25;89.46
Österreich;2024-01-26;85.29
Österreich;2024-01-27;81.35
Österreich;2024-01-28;77.59
Österreich;2024-01-29;74.01
Österreich;2024-01-30;70.66
Österreich;2024-01-31;67.54
Österreich;2024-02-01;64.61
Österreich;2024-02-02;61.79
Österreich;2024-02-03;59.06
Österreich;2024-02-04;56.45
Österreich;2024-02-05;53.89
Österreich;2024-02-06;51.43
Österreich;2024-02-07;49.13
Österreich;2024-02-08;46.96
Österreich;2024-02-09;44.89
Österreich;2024-02-10;42.87
Österreich;2024-02-11;40.93
Österreich;2024-02-12;39.05
Österreich;2024-02-13;37.24
Österreich;2024-02-14;35.55
Österreich;2024-02-15;33.93
Österreich;2024-02-16;32.42
Österreich;2024-02-17;30.93
Österreich;2024-02-18;29.55
Österreich;2024-02-19;28.21
Österreich;2024-02-20;26.94
Österreich;2024-02-21;25.74
Österreich;2024-02-22;24.68
Österreich;2024-02-23;23.64
Österreich;2024-02-24;22.66
Österreich;2024-02-25;21.74
Österreich;2024-02-26;20.85
Österreich;2024-02-27;19.97
Österreich;2024-02-28;19.2
Österreich;2024-02-29;18.45
Österreich;2024-03-01;17.75
Österreich;2024-03-02;17.15
Österreich;2024-03-03;16.55
Österreich;2024-03-04;16.02
Österreich;2024-03-05;15.58
Österreich;2024-03-06;15.21
Österreich;2024-03-07;14.86
Österreich;2024-03-08;14.62
Österreich;2024-03-09;14.45
Österreich;2024-03-10;14.28
Österreich;2024-03-11;14.18
Österreich;2024-03-12;14.17
Österreich;2024-03-13;14.23
Österreich;2024-03-14;14.39
Österreich;2024-03-15;14.59
Österreich;2024-03-16;14.8
Österreich;2024-03-17;14.98
Österreich;2024-03-18;15.11
Österreich;2024-03-19;15.15
Österreich;2024-03-20;15.01
Österreich;2024-03-21;14.82
Österreich;2024-03-22;14.51
Österreich;2024-03-23;14.13
Österreich;2024-03-24;13.79
Österreich;2024-03-25;13.41
Österreich;2024-03-26;13.08
Österreich;2024-03-27;12.74
Österreich;2024-03-28;12.5
Österreich;2024-03-29;12.21
Österreich;2024-03-30;12.0
Österreich;2024-03-31;11.76
Österreich;2024-04-01;11.56
Österreich;2024-04-02;11.34
Österreich;2024-04-03;11.17
Österreich;2024-04-04;11.05
Österreich;2024-04-05;10.92
Österreich;2024-04-06;10.84
Österreich;2024-04-07;10.8
Österreich;2024-04-08;10.84
Österreich;2024-04-09;10.96
Österreich;2024-04-10;11.11
Österreich;2024-04-11;11.28
Österreich;2024-04-12;11.5
Österreich;2024-04-13;11.79
Österreich;2024-04-14;12.09
Österreich;2024-04-15;12.45
Österreich;2024-04-16;12.92
Österreich;2024-04-17;13.42
Österreich;2024-04-18;13.96
Österreich;2024-04-19;14.57
Österreich;2024-04-20;15.19
Österreich;2024-04-21;15.86
Österreich;2024-04-22;16.55
Österreich;2024-04-23;17.27
Österreich;2024-04-24;18.0
Österreich;2024-04-25;18.75
Österreich;2024-04-26;19.51
Österreich;2024-04-27;20.22
Österreich;2024-04-28;20.87
Österreich;2024-04-29;21.44
Österreich;2024-04-30;21.93
Österreich;2024-05-01;22.41
Österreich;2024-05-02;22.82
Österreich;2024-05-03;23.23
Österreich;2024-05-04;23.61
Österreich;2024-05-05;23.94
Österreich;2024-05-06;24.27
Österreich;2024-05-07;24.65
Österreich;2024-05-08;24.99
Österreich;2024-05-09;25.36
Österreich;2024-05-10;25.73
Österreich;2024-05-11;26.12
Österreich;2024-05-12;26.52
Österreich;2024-05-13;26.9
Österreich;2024-05-14;27.24
Österreich;2024-05-15;27.55
Österreich;2024-05-16;27.84
Österreich;2024-05-17;28.13
Österreich;2024-05-18;28.44
Österreich;2024-05-19;28.76
Österreich;2024-05-20;29.16
Österreich;2024-05-21;29.6
Österreich;2024-05-22;30.15
Österreich;2024-05-23;30.82
Österreich;2024-05-24;31.52
Österreich;2024-05-25;32.27
Österreich;2024-05-26;33.07
Österreich;2024-05-27;33.9
Österreich;2024-05-28;34.81
Österreich;2024-05-29;35.79
Österreich;2024-05-30;36.78
Österreich;2024-05-31;37.88
Österreich;2024-06-01;39.02
Österreich;2024-06-02;40.19
Österreich;2024-06-03;41.51
Österreich;2024-06-04;42.95
Österreich;2024-06-05;44.59
Österreich;2024-06-06;46.37
Österreich;2024-06-07;48.27
Österreich;2024-06-08;50.26
Österreich;2024-06-09;52.27
Österreich;2024-06-10;54.28
Österreich;2024-06-11;56.27
Österreich;2024-06-12;58.33
Österreich;2024-06-13;60.43
Österreich;2024-06-14;62.61
Österreich;2024-06-15;64.84
Österreich;2024-06-16;67.21
Österreich;2024-06-17;69.72
Österreich;2024-06-18;72.32
Österreich;2024-06-19;74.96
Österreich;2024-06-20;77.63
Österreich;2024-06-21;80.25
Österreich;2024-06-22;82.82
Österreich;2024-06-23;85.32
Österreich;2024-06-24;87.71
Österreich;2024-06-25;89.95
Österreich;2024-06-26;91.99
Österreich;2024-06-27;93.89
Österreich;2024-06-28;95.77
Österreich;2024-06-29;97.6
Österreich;2024-06-30;99.52
Österreich;2024-07-01;101.42
Österreich;2024-07-02;103.41
Österreich;2024-07-03;105.29
Österreich;2024-07-04;107.04
Österreich;2024-07-05;108.63
Österreich;2024-07-06;109.99
Österreich;2024-07-07;111.06
Österreich;2024-07-08;111.81
Österreich;2024-07-09;112.3
Österreich;2024-07-10;112.58
Österreich;2024-07-11;112.66
Österreich;2024-07-12;112.62
Österreich;2024-07-13;112.39
Österreich;2024-07-14;111.96
Österreich;2024-07-15;111.36
Österreich;2024-07-16;110.43
Österreich;2024-07-17;109.29
Österreich;2024-07-18;107.91
Österreich;2024-07-19;106.43
Österreich;2024-07-20;104.98
Österreich;2024-07-21;103.67
Österreich;2024-07-22;102.6
Österreich;2024-07-23;101.88
Österreich;2024-07-24;101.5
Österreich;2024-07-25;101.44
Österreich;2024-07-26;101.6
Österreich;2024-07-27;101.85
Österreich;2024-07-28;102.2
Österreich;2024-07-29;102.72
Österreich;2024-07-30;103.54
Österreich;2024-07-31;104.74
Österreich;2024-08-01;106.35
Österreich;2024-08-02;108.16
Österreich;2024-08-03;110.1
Österreich;2024-08-04;111.86
Österreich;2024-08-05;113.45
Österreich;2024-08-06;114.76
Österreich;2024-08-07;115.89
Österreich;2024-08-08;116.8
Österreich;2024-08-09;117.75
Österreich;2024-08-10;118.78
Österreich;2024-08-11;120.04
Österreich;2024-08-12;121.58
Österreich;2024-08-13;123.44
Österreich;2024-08-14;125.52
Österreich;2024-08-15;127.79
Österreich;2024-08-16;130.27
Österreich;2024-08-17;132.96
Österreich;2024-08-18;135.8
Österreich;2024-08-19;138.74
Österreich;2024-08-20;141.68
Österreich;2024-08-21;144.46
Österreich;2024-08-22;147.06
Österreich;2024-08-23;149.37
Österreich;2024-08-24;151.37
Österreich;2024-08-25;153.06
Österreich;2024-08-26;154.4
Österreich;2024-08-27;155.38
Österreich;2024-08-28;156.15
Österreich;2024-08-29;156.8
Österreich;2024-08-30;157.37
Österreich;2024-08-31;158.01
Österreich;2024-09-01;158.82
Österreich;2024-09-02;159.79
Österreich;2024-09-03;160.99
Österreich;2024-09-04;162.44
Österreich;2024-09-05;164.15
Österreich;2024-09-06;166.19
Österreich;2024-09-07;168.71
Österreich;2024-09-08;171.82
Österreich;2024-09-09;175.6
Österreich;2024-09-10;180.13
Österreich;2024-09-11;185.38
Österreich;2024-09-12;191.29
Österreich;2024-09-13;197.96
Österreich;2024-09-14;205.43
Österreich;2024-09-15;213.83
Österreich;2024-09-16;223.18
Österreich;2024-09-17;233.27
Österreich;2024-09-18;243.8
Österreich;2024-09-19;254.33
Österreich;2024-09-20;264.58
Österreich;2024-09-21;274.15
Österreich;2024-09-22;282.64
Österreich;2024-09-23;289.79
Österreich;2024-09-24;295.46
Österreich;2024-09-25;299.7
Österreich;2024-09-26;302.8
Österreich;2024-09-27;305.0
Österreich;2024-09-28;306.49
Österreich;2024-09-29;307.42
Österreich;2024-09-30;307.9
Österreich;2024-10-01;307.91
Österreich;2024-10-02;307.4
Österreich;2024-10-03;306.37
Österreich;2024-10-04;304.71
Österreich;2024-10-05;302.43
Österreich;2024-10-06;299.32
Österreich;2024-10-07;295.45
Österreich;2024-10-08;291.02
Österreich;2024-10-09;286.24
Österreich;2024-10-10;281.19
Österreich;2024-10-11;275.93
Österreich;2024-10-12;270.37
Österreich;2024-10-13;264.55
Österreich;2024-10-14;258.46
Österreich;2024-10-15;252.28
Österreich;2024-10-16;246.21
Österreich;2024-10-17;240.21
Österreich;2024-10-18;234.16
Österreich;2024-10-19;228.0
Österreich;2024-10-20;221.59
Österreich;2024-10-21;214.89
Österreich;2024-10-22;208.07
Österreich;2024-10-23;201.37
Österreich;2024-10-24;194.78
Österreich;2024-10-25;188.38
Österreich;2024-10-26;182.11
Österreich;2024-10-27;175.98
Österreich;2024-10-28;170.06
Österreich;2024-10-29;164.29
Österreich;2024-10-30;158.78
Österreich;2024-10-31;153.42
Österreich;2024-11-01;148.15
Österreich;2024-11-02;143.0
Österreich;2024-11-03;137.85
Österreich;2024-11-04;132.83
Österreich;2024-11-05;127.99
Österreich;2024-11-06;123.44
Österreich;2024-11-07;119.22
Österreich;2024-11-08;115.33
Österreich;2024-11-09;111.75
Österreich;2024-11-10;108.47
Österreich;2024-11-11;105.53
Österreich;2024-11-12;102.96
Österreich;2024-11-13;100.81
Österreich;2024-11-14;98.96
Österreich;2024-11-15;97.46
Österreich;2024-11-16;96.2
Österreich;2024-11-17;95.24
Österreich;2024-11-18;94.57
Österreich;2024-11-19;94.18
Österreich;2024-11-20;94.07
Österreich;2024-11-21;94.22
Österreich;2024-11-22;94.59
Österreich;2024-11-23;95.13
Österreich;2024-11-24;95.82
Österreich;2024-11-25;96.68
Österreich;2024-11-26;97.75
Österreich;2024-11-27;99.07
Österreich;2024-11-28;100.54
Österreich;2024-11-29;102.16
Österreich;2024-11-30;103.78
Österreich;2024-12-01;105.34
Österreich;2024-12-02;106.84
Österreich;2024-12-03;108.24
Österreich;2024-12-04;109.61
Österreich;2024-12-05;110.98
Österreich;2024-12-06;112.24
Österreich;2024-12-07;113.36
Österreich;2024-12-08;114.42
Österreich;2024-12-09;115.36
Österreich;2024-12-10;116.23
Österreich;2024-12-11;117.09
Österreich;2024-12-12;117.95
Österreich;2024-12-13;118.69
Österreich;2024-12-14;119.31
Österreich;2024-12-15;119.65
Österreich;2024-12-16;119.64
Österreich;2024-12-17;119.07
Österreich;2024-12-18;118.01
Österreich;2024-12-19;116.43
Österreich;2024-12-20;114.58
Österreich;2024-12-21;112.54
Österreich;2024-12-22;110.41
Österreich;2024-12-23;108.32
Österreich;2024-12-24;106.22
Österreich;2024-12-25;104.13
Österreich;2024-12-26;101.99
Österreich;2024-12-27;99.79
Österreich;2024-12-28;97.47
Österreich;2024-12-29;95.01
Österreich;2024-12-30;92.39
Österreich;2024-12-31;89.63
Österreich;2025-01-01;86.71
Österreich;2025-01-02;83.77
Österreich;2025-01-03;80.71
Österreich;2025-01-04;77.66
Österreich;2025-01-05;74.63
Österreich;2025-01-06;71.65
Österreich;2025-01-07;68.79
Österreich;2025-01-08;66.03
Österreich;2025-01-09;63.37
Österreich;2025-01-10;60.85
Österreich;2025-01-11;58.47
Österreich;2025-01-12;56.21
Österreich;2025-01-13;54.11
Österreich;2025-01-14;52.21
Österreich;2025-01-15;50.45
Österreich;2025-01-16;48.92
Österreich;2025-01-17;47.45
Österreich;2025-01-18;46.09
Österreich;2025-01-19;44.81
Österreich;2025-01-20;43.61
Österreich;2025-01-21;42.45
Österreich;2025-01-22;41.44
Österreich;2025-01-23;40.53
Österreich;2025-01-24;39.65
Österreich;2025-01-25;38.9
Österreich;2025-01-26;38.18
Österreich;2025-01-27;37.47
Österreich;2025-01-28;36.82
Österreich;2025-01-29;36.18
Österreich;2025-01-30;35.52
Österreich;2025-01-31;34.88
Österreich;2025-02-01;34.2
Österreich;2025-02-02;33.58
Österreich;2025-02-03;32.93
Österreich;2025-02-04;32.29
Österreich;2025-02-05;31.68
Österreich;2025-02-06;31.06
Österreich;2025-02-07;30.46
Österreich;2025-02-08;29.88
Österreich;2025-02-09;29.28
Österreich;2025-02-10;28.72
Österreich;2025-02-11;28.13
Österreich;2025-02-12;27.58
Österreich;2025-02-13;26.99
Österreich;2025-02-14;26.47
Österreich;2025-02-15;25.92
Österreich;2025-02-16;25.36
Österreich;2025-02-17;24.82
Österreich;2025-02-18;24.28
Österreich;2025-02-19;23.75
Österreich;2025-02-20;23.17
Österreich;2025-02-21;22.57
Österreich;2025-02-22;21.98
Österreich;2025-02-23;21.41
Österreich;2025-02-24;20.9
Österreich;2025-02-25;20.39
Österreich;2025-02-26;19.97
Österreich;2025-02-27;19.62
Österreich;2025-02-28;19.34
Österreich;2025-03-01;19.06
Österreich;2025-03-02;18.86
Österreich;2025-03-03;18.67
Österreich;2025-03-04;18.51
Österreich;2025-03-05;18.34
Österreich;2025-03-06;18.2
Österreich;2025-03-07;18.07
Österreich;2025-03-08;17.92
Österreich;2025-03-09;17.74
Österreich;2025-03-10;17.53
Österreich;2025-03-11;17.34
Österreich;2025-03-12;17.11
Österreich;2025-03-13;16.97
Österreich;2025-03-14;16.81
Österreich;2025-03-15;16.71
Österreich;2025-03-16;16.62
Österreich;2025-03-17;16.54
Österreich;2025-03-18;16.46
