Gruppe;Datum;Genkopien pro EW / Tag * 10^6
Vorarlberg;2022-09-01;83.29
Vorarlberg;2022-09-02;84.3
Vorarlberg;2022-09-03;85.21
Vorarlberg;2022-09-04;81.92
Vorarlberg;2022-09-05;82.81
Vorarlberg;2022-09-06;83.86
Vorarlberg;2022-09-07;85.21
Vorarlberg;2022-09-08;86.75
Vorarlberg;2022-09-09;88.52
Vorarlberg;2022-09-10;90.58
Vorarlberg;2022-09-11;93.02
Vorarlberg;2022-09-12;95.97
Vorarlberg;2022-09-13;99.48
Vorarlberg;2022-09-14;103.62
Vorarlberg;2022-09-15;108.34
Vorarlberg;2022-09-16;113.42
Vorarlberg;2022-09-17;118.65
Vorarlberg;2022-09-18;123.87
Vorarlberg;2022-09-19;129.06
Vorarlberg;2022-09-20;134.21
Vorarlberg;2022-09-21;139.3
Vorarlberg;2022-09-22;144.52
Vorarlberg;2022-09-23;149.92
Vorarlberg;2022-09-24;155.59
Vorarlberg;2022-09-25;161.73
Vorarlberg;2022-09-26;168.45
Vorarlberg;2022-09-27;175.74
Vorarlberg;2022-09-28;183.58
Vorarlberg;2022-09-29;191.64
Vorarlberg;2022-09-30;199.66
Vorarlberg;2022-10-01;207.11
Vorarlberg;2022-10-02;213.72
Vorarlberg;2022-10-03;219.24
Vorarlberg;2022-10-04;223.54
Vorarlberg;2022-10-05;226.65
Vorarlberg;2022-10-06;228.6
Vorarlberg;2022-10-07;229.22
Vorarlberg;2022-10-08;228.43
Vorarlberg;2022-10-09;226.05
Vorarlberg;2022-10-10;222.01
Vorarlberg;2022-10-11;216.56
Vorarlberg;2022-10-12;209.98
Vorarlberg;2022-10-13;202.63
Vorarlberg;2022-10-14;194.77
Vorarlberg;2022-10-15;186.56
Vorarlberg;2022-10-16;178.21
Vorarlberg;2022-10-17;169.81
Vorarlberg;2022-10-18;161.54
Vorarlberg;2022-10-19;153.53
Vorarlberg;2022-10-20;145.84
Vorarlberg;2022-10-21;138.39
Vorarlberg;2022-10-22;131.25
Vorarlberg;2022-10-23;124.5
Vorarlberg;2022-10-24;118.2
Vorarlberg;2022-10-25;112.4
Vorarlberg;2022-10-26;107.14
Vorarlberg;2022-10-27;102.24
Vorarlberg;2022-10-28;97.68
Vorarlberg;2022-10-29;93.43
Vorarlberg;2022-10-30;89.57
Vorarlberg;2022-10-31;86.0
Vorarlberg;2022-11-01;82.78
Vorarlberg;2022-11-02;79.94
Vorarlberg;2022-11-03;77.53
Vorarlberg;2022-11-04;75.58
Vorarlberg;2022-11-05;74.1
Vorarlberg;2022-11-06;73.19
Vorarlberg;2022-11-07;72.97
Vorarlberg;2022-11-08;73.54
Vorarlberg;2022-11-09;74.88
Vorarlberg;2022-11-10;76.89
Vorarlberg;2022-11-11;79.45
Vorarlberg;2022-11-12;82.45
Vorarlberg;2022-11-13;85.79
Vorarlberg;2022-11-14;89.54
Vorarlberg;2022-11-15;93.57
Vorarlberg;2022-11-16;97.86
Vorarlberg;2022-11-17;102.3
Vorarlberg;2022-11-18;106.79
Vorarlberg;2022-11-19;111.25
Vorarlberg;2022-11-20;115.66
Vorarlberg;2022-11-21;120.0
Vorarlberg;2022-11-22;124.28
Vorarlberg;2022-11-23;128.57
Vorarlberg;2022-11-24;132.9
Vorarlberg;2022-11-25;137.2
Vorarlberg;2022-11-26;141.51
Vorarlberg;2022-11-27;145.78
Vorarlberg;2022-11-28;149.94
Vorarlberg;2022-11-29;153.79
Vorarlberg;2022-11-30;157.31
Vorarlberg;2022-12-01;160.4
Vorarlberg;2022-12-02;163.17
Vorarlberg;2022-12-03;165.71
Vorarlberg;2022-12-04;168.18
Vorarlberg;2022-12-05;170.69
Vorarlberg;2022-12-06;173.32
Vorarlberg;2022-12-07;176.1
Vorarlberg;2022-12-08;178.94
Vorarlberg;2022-12-09;181.7
Vorarlberg;2022-12-10;184.22
Vorarlberg;2022-12-11;186.3
Vorarlberg;2022-12-12;188.01
Vorarlberg;2022-12-13;189.51
Vorarlberg;2022-12-14;191.03
Vorarlberg;2022-12-15;192.64
Vorarlberg;2022-12-16;194.38
Vorarlberg;2022-12-17;196.07
Vorarlberg;2022-12-18;197.59
Vorarlberg;2022-12-19;198.67
Vorarlberg;2022-12-20;199.16
Vorarlberg;2022-12-21;198.79
Vorarlberg;2022-12-22;197.6
Vorarlberg;2022-12-23;195.59
Vorarlberg;2022-12-24;192.92
Vorarlberg;2022-12-25;189.62
Vorarlberg;2022-12-26;185.73
Vorarlberg;2022-12-27;181.2
Vorarlberg;2022-12-28;176.15
Vorarlberg;2022-12-29;170.59
Vorarlberg;2022-12-30;164.68
Vorarlberg;2022-12-31;158.47
Vorarlberg;2023-01-01;152.01
Vorarlberg;2023-01-02;145.43
Vorarlberg;2023-01-03;138.84
Vorarlberg;2023-01-04;132.44
Vorarlberg;2023-01-05;126.34
Vorarlberg;2023-01-06;120.57
Vorarlberg;2023-01-07;115.25
Vorarlberg;2023-01-08;110.44
Vorarlberg;2023-01-09;106.21
Vorarlberg;2023-01-10;102.56
Vorarlberg;2023-01-11;99.45
Vorarlberg;2023-01-12;96.7
Vorarlberg;2023-01-13;94.33
Vorarlberg;2023-01-14;92.42
Vorarlberg;2023-01-15;91.08
Vorarlberg;2023-01-16;90.37
Vorarlberg;2023-01-17;90.36
Vorarlberg;2023-01-18;90.97
Vorarlberg;2023-01-19;92.2
Vorarlberg;2023-01-20;93.96
Vorarlberg;2023-01-21;96.2
Vorarlberg;2023-01-22;98.94
Vorarlberg;2023-01-23;102.34
Vorarlberg;2023-01-24;106.42
Vorarlberg;2023-01-25;111.22
Vorarlberg;2023-01-26;116.65
Vorarlberg;2023-01-27;122.71
Vorarlberg;2023-01-28;129.33
Vorarlberg;2023-01-29;136.58
Vorarlberg;2023-01-30;144.59
Vorarlberg;2023-01-31;153.33
Vorarlberg;2023-02-01;162.79
Vorarlberg;2023-02-02;172.71
Vorarlberg;2023-02-03;182.91
Vorarlberg;2023-02-04;193.07
Vorarlberg;2023-02-05;202.98
Vorarlberg;2023-02-06;212.42
Vorarlberg;2023-02-07;221.14
Vorarlberg;2023-02-08;229.12
Vorarlberg;2023-02-09;236.24
Vorarlberg;2023-02-10;242.67
Vorarlberg;2023-02-11;248.52
Vorarlberg;2023-02-12;253.92
Vorarlberg;2023-02-13;258.81
Vorarlberg;2023-02-14;263.01
Vorarlberg;2023-02-15;266.27
Vorarlberg;2023-02-16;268.58
Vorarlberg;2023-02-17;270.01
Vorarlberg;2023-02-18;270.93
Vorarlberg;2023-02-19;271.64
Vorarlberg;2023-02-20;272.49
Vorarlberg;2023-02-21;273.65
Vorarlberg;2023-02-22;275.22
Vorarlberg;2023-02-23;276.84
Vorarlberg;2023-02-24;278.19
Vorarlberg;2023-02-25;278.9
Vorarlberg;2023-02-26;278.52
Vorarlberg;2023-02-27;276.96
Vorarlberg;2023-02-28;274.06
Vorarlberg;2023-03-01;270.09
Vorarlberg;2023-03-02;265.27
Vorarlberg;2023-03-03;259.87
Vorarlberg;2023-03-04;254.22
Vorarlberg;2023-03-05;248.78
Vorarlberg;2023-03-06;243.76
Vorarlberg;2023-03-07;239.38
Vorarlberg;2023-03-08;235.57
Vorarlberg;2023-03-09;232.05
Vorarlberg;2023-03-10;228.65
Vorarlberg;2023-03-11;225.01
Vorarlberg;2023-03-12;220.86
Vorarlberg;2023-03-13;216.0
Vorarlberg;2023-03-14;210.3
Vorarlberg;2023-03-15;203.85
Vorarlberg;2023-03-16;196.9
Vorarlberg;2023-03-17;189.67
Vorarlberg;2023-03-18;182.41
Vorarlberg;2023-03-19;175.22
Vorarlberg;2023-03-20;168.16
Vorarlberg;2023-03-21;161.16
Vorarlberg;2023-03-22;153.98
Vorarlberg;2023-03-23;146.59
Vorarlberg;2023-03-24;139.01
Vorarlberg;2023-03-25;131.39
Vorarlberg;2023-03-26;124.0
Vorarlberg;2023-03-27;117.07
Vorarlberg;2023-03-28;110.81
Vorarlberg;2023-03-29;105.19
Vorarlberg;2023-03-30;100.23
Vorarlberg;2023-03-31;95.76
Vorarlberg;2023-04-01;91.8
Vorarlberg;2023-04-02;88.33
Vorarlberg;2023-04-03;85.31
Vorarlberg;2023-04-04;82.66
Vorarlberg;2023-04-05;80.29
Vorarlberg;2023-04-06;78.06
Vorarlberg;2023-04-07;75.86
Vorarlberg;2023-04-08;73.67
Vorarlberg;2023-04-09;71.41
Vorarlberg;2023-04-10;69.06
Vorarlberg;2023-04-11;66.54
Vorarlberg;2023-04-12;63.77
Vorarlberg;2023-04-13;60.86
Vorarlberg;2023-04-14;57.82
Vorarlberg;2023-04-15;54.84
Vorarlberg;2023-04-16;52.03
Vorarlberg;2023-04-17;49.45
Vorarlberg;2023-04-18;47.22
Vorarlberg;2023-04-19;45.23
Vorarlberg;2023-04-20;43.46
Vorarlberg;2023-04-21;41.81
Vorarlberg;2023-04-22;40.23
Vorarlberg;2023-04-23;38.75
Vorarlberg;2023-04-24;37.35
Vorarlberg;2023-04-25;35.95
Vorarlberg;2023-04-26;34.57
Vorarlberg;2023-04-27;33.17
Vorarlberg;2023-04-28;31.73
Vorarlberg;2023-04-29;30.31
Vorarlberg;2023-04-30;28.9
Vorarlberg;2023-05-01;27.59
Vorarlberg;2023-05-02;26.41
Vorarlberg;2023-05-03;25.37
Vorarlberg;2023-05-04;24.48
Vorarlberg;2023-05-05;23.81
Vorarlberg;2023-05-06;23.27
Vorarlberg;2023-05-07;22.86
Vorarlberg;2023-05-08;22.64
Vorarlberg;2023-05-09;22.58
Vorarlberg;2023-05-10;22.63
Vorarlberg;2023-05-11;22.77
Vorarlberg;2023-05-12;23.0
Vorarlberg;2023-05-13;23.38
Vorarlberg;2023-05-14;23.8
Vorarlberg;2023-05-15;24.32
Vorarlberg;2023-05-16;24.83
Vorarlberg;2023-05-17;25.35
Vorarlberg;2023-05-18;25.81
Vorarlberg;2023-05-19;26.18
Vorarlberg;2023-05-20;26.4
Vorarlberg;2023-05-21;26.4
Vorarlberg;2023-05-22;26.09
Vorarlberg;2023-05-23;25.53
Vorarlberg;2023-05-24;24.77
Vorarlberg;2023-05-25;23.84
Vorarlberg;2023-05-26;22.85
Vorarlberg;2023-05-27;21.78
Vorarlberg;2023-05-28;20.66
Vorarlberg;2023-05-29;19.54
Vorarlberg;2023-05-30;18.41
Vorarlberg;2023-05-31;17.3
Vorarlberg;2023-06-01;16.23
Vorarlberg;2023-06-02;15.18
Vorarlberg;2023-06-03;14.19
Vorarlberg;2023-06-04;13.25
Vorarlberg;2023-06-05;12.37
Vorarlberg;2023-06-06;11.56
Vorarlberg;2023-06-07;10.83
Vorarlberg;2023-06-08;10.11
Vorarlberg;2023-06-09;9.49
Vorarlberg;2023-06-10;8.91
Vorarlberg;2023-06-11;8.36
Vorarlberg;2023-06-12;7.89
Vorarlberg;2023-06-13;7.46
Vorarlberg;2023-06-14;7.12
Vorarlberg;2023-06-15;6.78
Vorarlberg;2023-06-16;6.49
Vorarlberg;2023-06-17;6.21
Vorarlberg;2023-06-18;5.93
Vorarlberg;2023-06-19;5.67
Vorarlberg;2023-06-20;5.38
Vorarlberg;2023-06-21;5.12
Vorarlberg;2023-06-22;4.83
Vorarlberg;2023-06-23;4.61
Vorarlberg;2023-06-24;4.43
Vorarlberg;2023-06-25;4.22
Vorarlberg;2023-06-26;4.11
Vorarlberg;2023-06-27;4.05
Vorarlberg;2023-06-28;4.05
Vorarlberg;2023-06-29;4.1
Vorarlberg;2023-06-30;4.22
Vorarlberg;2023-07-01;4.4
Vorarlberg;2023-07-02;4.59
Vorarlberg;2023-07-03;4.83
Vorarlberg;2023-07-04;5.1
Vorarlberg;2023-07-05;5.41
Vorarlberg;2023-07-06;5.77
Vorarlberg;2023-07-07;6.11
Vorarlberg;2023-07-08;6.47
Vorarlberg;2023-07-09;6.82
Vorarlberg;2023-07-10;7.19
Vorarlberg;2023-07-11;7.48
Vorarlberg;2023-07-12;7.76
Vorarlberg;2023-07-13;7.95
Vorarlberg;2023-07-14;8.1
Vorarlberg;2023-07-15;8.24
Vorarlberg;2023-07-16;8.4
Vorarlberg;2023-07-17;8.69
Vorarlberg;2023-07-18;9.07
Vorarlberg;2023-07-19;9.55
Vorarlberg;2023-07-20;10.17
Vorarlberg;2023-07-21;10.85
Vorarlberg;2023-07-22;11.69
Vorarlberg;2023-07-23;12.68
Vorarlberg;2023-07-24;13.83
Vorarlberg;2023-07-25;15.09
Vorarlberg;2023-07-26;16.52
Vorarlberg;2023-07-27;18.07
Vorarlberg;2023-07-28;19.74
Vorarlberg;2023-07-29;21.55
Vorarlberg;2023-07-30;23.48
Vorarlberg;2023-07-31;25.53
Vorarlberg;2023-08-01;27.72
Vorarlberg;2023-08-02;29.97
Vorarlberg;2023-08-03;32.25
Vorarlberg;2023-08-04;34.55
Vorarlberg;2023-08-05;36.85
Vorarlberg;2023-08-06;39.12
Vorarlberg;2023-08-07;41.39
Vorarlberg;2023-08-08;43.51
Vorarlberg;2023-08-09;45.52
Vorarlberg;2023-08-10;47.3
Vorarlberg;2023-08-11;48.75
Vorarlberg;2023-08-12;49.9
Vorarlberg;2023-08-13;50.69
Vorarlberg;2023-08-14;51.09
Vorarlberg;2023-08-15;51.11
Vorarlberg;2023-08-16;50.71
Vorarlberg;2023-08-17;50.01
Vorarlberg;2023-08-18;49.02
Vorarlberg;2023-08-19;47.93
Vorarlberg;2023-08-20;46.84
Vorarlberg;2023-08-21;45.75
Vorarlberg;2023-08-22;44.74
Vorarlberg;2023-08-23;43.85
Vorarlberg;2023-08-24;43.13
Vorarlberg;2023-08-25;42.53
Vorarlberg;2023-08-26;42.22
Vorarlberg;2023-08-27;42.29
Vorarlberg;2023-08-28;42.88
Vorarlberg;2023-08-29;44.05
Vorarlberg;2023-08-30;45.77
Vorarlberg;2023-08-31;47.95
Vorarlberg;2023-09-01;50.5
Vorarlberg;2023-09-02;53.28
Vorarlberg;2023-09-03;56.25
Vorarlberg;2023-09-04;59.32
Vorarlberg;2023-09-05;62.45
Vorarlberg;2023-09-06;65.55
Vorarlberg;2023-09-07;68.56
Vorarlberg;2023-09-08;71.39
Vorarlberg;2023-09-09;73.99
Vorarlberg;2023-09-10;76.15
Vorarlberg;2023-09-11;77.76
Vorarlberg;2023-09-12;78.85
Vorarlberg;2023-09-13;79.43
Vorarlberg;2023-09-14;79.66
Vorarlberg;2023-09-15;79.74
Vorarlberg;2023-09-16;79.87
Vorarlberg;2023-09-17;80.19
Vorarlberg;2023-09-18;80.85
Vorarlberg;2023-09-19;81.95
Vorarlberg;2023-09-20;83.53
Vorarlberg;2023-09-21;85.56
Vorarlberg;2023-09-22;87.98
Vorarlberg;2023-09-23;90.65
Vorarlberg;2023-09-24;93.55
Vorarlberg;2023-09-25;96.46
Vorarlberg;2023-09-26;99.2
Vorarlberg;2023-09-27;101.5
Vorarlberg;2023-09-28;103.31
Vorarlberg;2023-09-29;104.68
Vorarlberg;2023-09-30;105.93
Vorarlberg;2023-10-01;107.25
Vorarlberg;2023-10-02;108.82
Vorarlberg;2023-10-03;110.75
Vorarlberg;2023-10-04;113.01
Vorarlberg;2023-10-05;115.44
Vorarlberg;2023-10-06;118.02
Vorarlberg;2023-10-07;120.61
Vorarlberg;2023-10-08;123.23
Vorarlberg;2023-10-09;125.81
Vorarlberg;2023-10-10;128.35
Vorarlberg;2023-10-11;131.05
Vorarlberg;2023-10-12;133.89
Vorarlberg;2023-10-13;136.95
Vorarlberg;2023-10-14;140.23
Vorarlberg;2023-10-15;143.82
Vorarlberg;2023-10-16;147.63
Vorarlberg;2023-10-17;151.72
Vorarlberg;2023-10-18;155.99
Vorarlberg;2023-10-19;160.47
Vorarlberg;2023-10-20;165.1
Vorarlberg;2023-10-21;169.93
Vorarlberg;2023-10-22;175.04
Vorarlberg;2023-10-23;180.54
Vorarlberg;2023-10-24;186.5
Vorarlberg;2023-10-25;192.94
Vorarlberg;2023-10-26;199.75
Vorarlberg;2023-10-27;206.94
Vorarlberg;2023-10-28;214.69
Vorarlberg;2023-10-29;223.25
Vorarlberg;2023-10-30;232.82
Vorarlberg;2023-10-31;243.52
Vorarlberg;2023-11-01;255.1
Vorarlberg;2023-11-02;267.42
Vorarlberg;2023-11-03;280.26
Vorarlberg;2023-11-04;293.31
Vorarlberg;2023-11-05;306.37
Vorarlberg;2023-11-06;319.4
Vorarlberg;2023-11-07;332.35
Vorarlberg;2023-11-08;345.1
Vorarlberg;2023-11-09;357.68
Vorarlberg;2023-11-10;370.17
Vorarlberg;2023-11-11;382.57
Vorarlberg;2023-11-12;394.88
Vorarlberg;2023-11-13;407.05
Vorarlberg;2023-11-14;419.15
Vorarlberg;2023-11-15;431.28
Vorarlberg;2023-11-16;443.5
Vorarlberg;2023-11-17;455.77
Vorarlberg;2023-11-18;467.95
Vorarlberg;2023-11-19;479.84
Vorarlberg;2023-11-20;491.2
Vorarlberg;2023-11-21;501.94
Vorarlberg;2023-11-22;511.87
Vorarlberg;2023-11-23;521.06
Vorarlberg;2023-11-24;529.49
Vorarlberg;2023-11-25;537.32
Vorarlberg;2023-11-26;544.51
Vorarlberg;2023-11-27;550.94
Vorarlberg;2023-11-28;556.42
Vorarlberg;2023-11-29;560.96
Vorarlberg;2023-11-30;564.78
Vorarlberg;2023-12-01;568.47
Vorarlberg;2023-12-02;572.65
Vorarlberg;2023-12-03;577.82
Vorarlberg;2023-12-04;584.37
Vorarlberg;2023-12-05;592.32
Vorarlberg;2023-12-06;601.35
Vorarlberg;2023-12-07;611.1
Vorarlberg;2023-12-08;621.14
Vorarlberg;2023-12-09;631.24
Vorarlberg;2023-12-10;641.25
Vorarlberg;2023-12-11;651.46
Vorarlberg;2023-12-12;662.05
Vorarlberg;2023-12-13;672.98
Vorarlberg;2023-12-14;683.57
Vorarlberg;2023-12-15;692.62
Vorarlberg;2023-12-16;698.49
Vorarlberg;2023-12-17;699.57
Vorarlberg;2023-12-18;694.92
Vorarlberg;2023-12-19;684.57
Vorarlberg;2023-12-20;668.89
Vorarlberg;2023-12-21;648.41
Vorarlberg;2023-12-22;624.02
Vorarlberg;2023-12-23;596.81
Vorarlberg;2023-12-24;567.83
Vorarlberg;2023-12-25;538.06
Vorarlberg;2023-12-26;508.21
Vorarlberg;2023-12-27;478.84
Vorarlberg;2023-12-28;450.16
Vorarlberg;2023-12-29;422.39
Vorarlberg;2023-12-30;395.56
Vorarlberg;2023-12-31;369.95
Vorarlberg;2024-01-01;345.92
Vorarlberg;2024-01-02;323.83
Vorarlberg;2024-01-03;303.79
Vorarlberg;2024-01-04;285.63
Vorarlberg;2024-01-05;269.02
Vorarlberg;2024-01-06;253.8
Vorarlberg;2024-01-07;239.76
Vorarlberg;2024-01-08;226.78
Vorarlberg;2024-01-09;214.69
Vorarlberg;2024-01-10;203.22
Vorarlberg;2024-01-11;192.24
Vorarlberg;2024-01-12;181.7
Vorarlberg;2024-01-13;171.67
Vorarlberg;2024-01-14;162.26
Vorarlberg;2024-01-15;153.51
Vorarlberg;2024-01-16;145.43
Vorarlberg;2024-01-17;138.09
Vorarlberg;2024-01-18;131.29
Vorarlberg;2024-01-19;124.98
Vorarlberg;2024-01-20;119.02
Vorarlberg;2024-01-21;113.28
Vorarlberg;2024-01-22;107.69
Vorarlberg;2024-01-23;102.35
Vorarlberg;2024-01-24;97.17
Vorarlberg;2024-01-25;92.19
Vorarlberg;2024-01-26;87.48
Vorarlberg;2024-01-27;83.05
Vorarlberg;2024-01-28;79.11
Vorarlberg;2024-01-29;75.67
Vorarlberg;2024-01-30;72.86
Vorarlberg;2024-01-31;70.59
Vorarlberg;2024-02-01;68.8
Vorarlberg;2024-02-02;67.23
Vorarlberg;2024-02-03;65.76
Vorarlberg;2024-02-04;64.16
Vorarlberg;2024-02-05;62.35
Vorarlberg;2024-02-06;60.29
Vorarlberg;2024-02-07;58.01
Vorarlberg;2024-02-08;55.55
Vorarlberg;2024-02-09;53.02
Vorarlberg;2024-02-10;50.45
Vorarlberg;2024-02-11;47.9
Vorarlberg;2024-02-12;45.5
Vorarlberg;2024-02-13;43.29
Vorarlberg;2024-02-14;41.19
Vorarlberg;2024-02-15;39.28
Vorarlberg;2024-02-16;37.48
Vorarlberg;2024-02-17;35.72
Vorarlberg;2024-02-18;34.05
Vorarlberg;2024-02-19;32.42
Vorarlberg;2024-02-20;30.83
Vorarlberg;2024-02-21;29.27
Vorarlberg;2024-02-22;27.76
Vorarlberg;2024-02-23;26.31
Vorarlberg;2024-02-24;24.87
Vorarlberg;2024-02-25;23.48
Vorarlberg;2024-02-26;22.11
Vorarlberg;2024-02-27;20.79
Vorarlberg;2024-02-28;19.47
Vorarlberg;2024-02-29;18.2
Vorarlberg;2024-03-01;16.97
Vorarlberg;2024-03-02;15.81
Vorarlberg;2024-03-03;14.75
Vorarlberg;2024-03-04;13.76
Vorarlberg;2024-03-05;12.9
Vorarlberg;2024-03-06;12.25
Vorarlberg;2024-03-07;11.7
Vorarlberg;2024-03-08;11.29
Vorarlberg;2024-03-09;10.96
Vorarlberg;2024-03-10;10.76
Vorarlberg;2024-03-11;10.64
Vorarlberg;2024-03-12;10.64
Vorarlberg;2024-03-13;10.66
Vorarlberg;2024-03-14;10.73
Vorarlberg;2024-03-15;10.77
Vorarlberg;2024-03-16;10.72
Vorarlberg;2024-03-17;10.56
Vorarlberg;2024-03-18;10.27
Vorarlberg;2024-03-19;9.86
Vorarlberg;2024-03-20;9.32
Vorarlberg;2024-03-21;8.8
Vorarlberg;2024-03-22;8.25
Vorarlberg;2024-03-23;7.73
Vorarlberg;2024-03-24;7.26
Vorarlberg;2024-03-25;6.87
Vorarlberg;2024-03-26;6.56
Vorarlberg;2024-03-27;6.36
Vorarlberg;2024-03-28;6.25
Vorarlberg;2024-03-29;6.18
Vorarlberg;2024-03-30;6.22
Vorarlberg;2024-03-31;6.25
Vorarlberg;2024-04-01;6.31
Vorarlberg;2024-04-02;6.42
Vorarlberg;2024-04-03;6.58
Vorarlberg;2024-04-04;6.82
Vorarlberg;2024-04-05;7.01
Vorarlberg;2024-04-06;7.32
Vorarlberg;2024-04-07;7.53
Vorarlberg;2024-04-08;7.82
Vorarlberg;2024-04-09;8.07
Vorarlberg;2024-04-10;8.27
Vorarlberg;2024-04-11;8.53
Vorarlberg;2024-04-12;8.76
Vorarlberg;2024-04-13;8.99
Vorarlberg;2024-04-14;9.23
Vorarlberg;2024-04-15;9.45
Vorarlberg;2024-04-16;9.69
Vorarlberg;2024-04-17;9.94
Vorarlberg;2024-04-18;10.23
Vorarlberg;2024-04-19;10.48
Vorarlberg;2024-04-20;10.8
Vorarlberg;2024-04-21;11.13
Vorarlberg;2024-04-22;11.54
Vorarlberg;2024-04-23;11.96
Vorarlberg;2024-04-24;12.5
Vorarlberg;2024-04-25;13.1
Vorarlberg;2024-04-26;13.8
Vorarlberg;2024-04-27;14.49
Vorarlberg;2024-04-28;15.22
Vorarlberg;2024-04-29;16.01
Vorarlberg;2024-04-30;16.79
Vorarlberg;2024-05-01;17.54
Vorarlberg;2024-05-02;18.23
Vorarlberg;2024-05-03;18.84
Vorarlberg;2024-05-04;19.31
Vorarlberg;2024-05-05;19.53
Vorarlberg;2024-05-06;19.61
Vorarlberg;2024-05-07;19.47
Vorarlberg;2024-05-08;19.27
Vorarlberg;2024-05-09;18.95
Vorarlberg;2024-05-10;18.65
Vorarlberg;2024-05-11;18.34
Vorarlberg;2024-05-12;18.05
Vorarlberg;2024-05-13;17.83
Vorarlberg;2024-05-14;17.62
Vorarlberg;2024-05-15;17.44
Vorarlberg;2024-05-16;17.26
Vorarlberg;2024-05-17;17.07
Vorarlberg;2024-05-18;16.95
Vorarlberg;2024-05-19;16.89
Vorarlberg;2024-05-20;16.86
Vorarlberg;2024-05-21;16.94
Vorarlberg;2024-05-22;17.09
Vorarlberg;2024-05-23;17.32
Vorarlberg;2024-05-24;17.57
Vorarlberg;2024-05-25;17.83
Vorarlberg;2024-05-26;18.1
Vorarlberg;2024-05-27;18.3
Vorarlberg;2024-05-28;18.54
Vorarlberg;2024-05-29;18.83
Vorarlberg;2024-05-30;19.18
Vorarlberg;2024-05-31;19.64
Vorarlberg;2024-06-01;20.24
Vorarlberg;2024-06-02;20.88
Vorarlberg;2024-06-03;21.65
Vorarlberg;2024-06-04;22.58
Vorarlberg;2024-06-05;23.61
Vorarlberg;2024-06-06;24.7
Vorarlberg;2024-06-07;25.92
Vorarlberg;2024-06-08;27.24
Vorarlberg;2024-06-09;28.75
Vorarlberg;2024-06-10;30.43
Vorarlberg;2024-06-11;32.29
Vorarlberg;2024-06-12;34.37
Vorarlberg;2024-06-13;36.64
Vorarlberg;2024-06-14;39.01
Vorarlberg;2024-06-15;41.57
Vorarlberg;2024-06-16;44.25
Vorarlberg;2024-06-17;47.04
Vorarlberg;2024-06-18;49.95
Vorarlberg;2024-06-19;52.97
Vorarlberg;2024-06-20;56.0
Vorarlberg;2024-06-21;59.04
Vorarlberg;2024-06-22;61.99
Vorarlberg;2024-06-23;64.84
Vorarlberg;2024-06-24;67.54
Vorarlberg;2024-06-25;70.05
Vorarlberg;2024-06-26;72.36
Vorarlberg;2024-06-27;74.5
Vorarlberg;2024-06-28;76.46
Vorarlberg;2024-06-29;78.22
Vorarlberg;2024-06-30;79.79
Vorarlberg;2024-07-01;81.17
Vorarlberg;2024-07-02;82.45
Vorarlberg;2024-07-03;83.71
Vorarlberg;2024-07-04;84.99
Vorarlberg;2024-07-05;86.37
Vorarlberg;2024-07-06;87.78
Vorarlberg;2024-07-07;89.21
Vorarlberg;2024-07-08;90.63
Vorarlberg;2024-07-09;92.1
Vorarlberg;2024-07-10;93.56
Vorarlberg;2024-07-11;94.99
Vorarlberg;2024-07-12;96.38
Vorarlberg;2024-07-13;97.7
Vorarlberg;2024-07-14;98.86
Vorarlberg;2024-07-15;99.93
Vorarlberg;2024-07-16;100.74
Vorarlberg;2024-07-17;101.34
Vorarlberg;2024-07-18;101.64
Vorarlberg;2024-07-19;101.6
Vorarlberg;2024-07-20;101.21
Vorarlberg;2024-07-21;100.4
Vorarlberg;2024-07-22;99.26
Vorarlberg;2024-07-23;97.95
Vorarlberg;2024-07-24;96.68
Vorarlberg;2024-07-25;95.59
Vorarlberg;2024-07-26;94.73
Vorarlberg;2024-07-27;94.18
Vorarlberg;2024-07-28;93.92
Vorarlberg;2024-07-29;94.15
Vorarlberg;2024-07-30;94.98
Vorarlberg;2024-07-31;96.44
Vorarlberg;2024-08-01;98.46
Vorarlberg;2024-08-02;100.98
Vorarlberg;2024-08-03;103.81
Vorarlberg;2024-08-04;106.83
Vorarlberg;2024-08-05;110.0
Vorarlberg;2024-08-06;113.15
Vorarlberg;2024-08-07;116.26
Vorarlberg;2024-08-08;119.13
Vorarlberg;2024-08-09;121.76
Vorarlberg;2024-08-10;124.04
Vorarlberg;2024-08-11;125.99
Vorarlberg;2024-08-12;127.51
Vorarlberg;2024-08-13;128.82
Vorarlberg;2024-08-14;129.89
Vorarlberg;2024-08-15;130.89
Vorarlberg;2024-08-16;131.72
Vorarlberg;2024-08-17;132.34
Vorarlberg;2024-08-18;132.73
Vorarlberg;2024-08-19;132.83
Vorarlberg;2024-08-20;132.74
Vorarlberg;2024-08-21;132.44
Vorarlberg;2024-08-22;132.06
Vorarlberg;2024-08-23;131.56
Vorarlberg;2024-08-24;130.99
Vorarlberg;2024-08-25;130.28
Vorarlberg;2024-08-26;129.4
Vorarlberg;2024-08-27;128.43
Vorarlberg;2024-08-28;127.44
Vorarlberg;2024-08-29;126.67
Vorarlberg;2024-08-30;126.16
Vorarlberg;2024-08-31;126.18
Vorarlberg;2024-09-01;126.79
Vorarlberg;2024-09-02;128.19
Vorarlberg;2024-09-03;130.5
Vorarlberg;2024-09-04;133.82
Vorarlberg;2024-09-05;138.13
Vorarlberg;2024-09-06;143.34
Vorarlberg;2024-09-07;149.57
Vorarlberg;2024-09-08;156.74
Vorarlberg;2024-09-09;165.06
Vorarlberg;2024-09-10;174.45
Vorarlberg;2024-09-11;184.9
Vorarlberg;2024-09-12;196.34
Vorarlberg;2024-09-13;208.45
Vorarlberg;2024-09-14;220.98
Vorarlberg;2024-09-15;233.66
Vorarlberg;2024-09-16;246.21
Vorarlberg;2024-09-17;258.36
Vorarlberg;2024-09-18;270.0
Vorarlberg;2024-09-19;281.11
Vorarlberg;2024-09-20;291.68
Vorarlberg;2024-09-21;301.65
Vorarlberg;2024-09-22;310.94
Vorarlberg;2024-09-23;319.37
Vorarlberg;2024-09-24;326.81
Vorarlberg;2024-09-25;333.23
Vorarlberg;2024-09-26;338.78
Vorarlberg;2024-09-27;343.47
Vorarlberg;2024-09-28;347.19
Vorarlberg;2024-09-29;349.65
Vorarlberg;2024-09-30;350.59
Vorarlberg;2024-10-01;349.8
Vorarlberg;2024-10-02;347.27
Vorarlberg;2024-10-03;343.26
Vorarlberg;2024-10-04;338.09
Vorarlberg;2024-10-05;332.09
Vorarlberg;2024-10-06;325.62
Vorarlberg;2024-10-07;318.86
Vorarlberg;2024-10-08;311.96
Vorarlberg;2024-10-09;304.99
Vorarlberg;2024-10-10;297.94
Vorarlberg;2024-10-11;290.93
Vorarlberg;2024-10-12;284.01
Vorarlberg;2024-10-13;277.28
Vorarlberg;2024-10-14;270.74
Vorarlberg;2024-10-15;264.48
Vorarlberg;2024-10-16;258.35
Vorarlberg;2024-10-17;252.29
Vorarlberg;2024-10-18;246.16
Vorarlberg;2024-10-19;239.83
Vorarlberg;2024-10-20;233.19
Vorarlberg;2024-10-21;226.24
Vorarlberg;2024-10-22;219.1
Vorarlberg;2024-10-23;211.85
Vorarlberg;2024-10-24;204.59
Vorarlberg;2024-10-25;197.32
Vorarlberg;2024-10-26;190.11
Vorarlberg;2024-10-27;182.98
Vorarlberg;2024-10-28;176.06
Vorarlberg;2024-10-29;169.45
Vorarlberg;2024-10-30;163.24
Vorarlberg;2024-10-31;157.44
Vorarlberg;2024-11-01;151.97
Vorarlberg;2024-11-02;146.71
Vorarlberg;2024-11-03;141.53
Vorarlberg;2024-11-04;136.36
Vorarlberg;2024-11-05;131.12
Vorarlberg;2024-11-06;125.74
Vorarlberg;2024-11-07;120.36
Vorarlberg;2024-11-08;115.22
Vorarlberg;2024-11-09;110.42
Vorarlberg;2024-11-10;106.32
Vorarlberg;2024-11-11;102.97
Vorarlberg;2024-11-12;100.46
Vorarlberg;2024-11-13;98.75
Vorarlberg;2024-11-14;97.77
Vorarlberg;2024-11-15;97.37
Vorarlberg;2024-11-16;97.48
Vorarlberg;2024-11-17;98.1
Vorarlberg;2024-11-18;99.16
Vorarlberg;2024-11-19;100.64
Vorarlberg;2024-11-20;102.43
Vorarlberg;2024-11-21;104.54
Vorarlberg;2024-11-22;106.96
Vorarlberg;2024-11-23;109.68
Vorarlberg;2024-11-24;112.83
Vorarlberg;2024-11-25;116.49
Vorarlberg;2024-11-26;120.67
Vorarlberg;2024-11-27;125.43
Vorarlberg;2024-11-28;130.47
Vorarlberg;2024-11-29;135.76
Vorarlberg;2024-11-30;141.13
Vorarlberg;2024-12-01;146.42
Vorarlberg;2024-12-02;151.51
Vorarlberg;2024-12-03;156.28
Vorarlberg;2024-12-04;160.54
Vorarlberg;2024-12-05;164.09
Vorarlberg;2024-12-06;166.88
Vorarlberg;2024-12-07;168.66
Vorarlberg;2024-12-08;169.33
Vorarlberg;2024-12-09;168.69
Vorarlberg;2024-12-10;166.75
Vorarlberg;2024-12-11;163.61
Vorarlberg;2024-12-12;159.52
Vorarlberg;2024-12-13;154.83
Vorarlberg;2024-12-14;149.87
Vorarlberg;2024-12-15;144.93
Vorarlberg;2024-12-16;140.34
Vorarlberg;2024-12-17;136.29
Vorarlberg;2024-12-18;132.97
Vorarlberg;2024-12-19;130.38
Vorarlberg;2024-12-20;128.38
Vorarlberg;2024-12-21;126.95
Vorarlberg;2024-12-22;126.04
Vorarlberg;2024-12-23;125.6
Vorarlberg;2024-12-24;125.46
Vorarlberg;2024-12-25;125.44
Vorarlberg;2024-12-26;125.33
Vorarlberg;2024-12-27;124.99
Vorarlberg;2024-12-28;124.23
Vorarlberg;2024-12-29;122.93
Vorarlberg;2024-12-30;121.05
Vorarlberg;2024-12-31;118.54
Vorarlberg;2025-01-01;115.42
Vorarlberg;2025-01-02;111.67
Vorarlberg;2025-01-03;107.43
Vorarlberg;2025-01-04;102.86
Vorarlberg;2025-01-05;98.08
Vorarlberg;2025-01-06;93.32
Vorarlberg;2025-01-07;88.63
Vorarlberg;2025-01-08;84.11
Vorarlberg;2025-01-09;79.87
Vorarlberg;2025-01-10;75.82
Vorarlberg;2025-01-11;72.06
Vorarlberg;2025-01-12;68.54
Vorarlberg;2025-01-13;65.35
Vorarlberg;2025-01-14;62.45
Vorarlberg;2025-01-15;59.91
Vorarlberg;2025-01-16;57.59
Vorarlberg;2025-01-17;55.52
Vorarlberg;2025-01-18;53.64
Vorarlberg;2025-01-19;51.96
Vorarlberg;2025-01-20;50.5
Vorarlberg;2025-01-21;49.21
Vorarlberg;2025-01-22;48.13
Vorarlberg;2025-01-23;47.21
Vorarlberg;2025-01-24;46.44
Vorarlberg;2025-01-25;45.72
Vorarlberg;2025-01-26;44.98
Vorarlberg;2025-01-27;44.22
Vorarlberg;2025-01-28;43.34
Vorarlberg;2025-01-29;42.35
Vorarlberg;2025-01-30;41.29
Vorarlberg;2025-01-31;40.18
Vorarlberg;2025-02-01;39.1
Vorarlberg;2025-02-02;38.11
Vorarlberg;2025-02-03;37.22
Vorarlberg;2025-02-04;36.43
Vorarlberg;2025-02-05;35.67
Vorarlberg;2025-02-06;34.87
Vorarlberg;2025-02-07;34.02
Vorarlberg;2025-02-08;33.12
Vorarlberg;2025-02-09;32.21
Vorarlberg;2025-02-10;31.36
Vorarlberg;2025-02-11;30.57
Vorarlberg;2025-02-12;29.86
Vorarlberg;2025-02-13;29.27
Vorarlberg;2025-02-14;28.72
Vorarlberg;2025-02-15;28.24
Vorarlberg;2025-02-16;27.76
Vorarlberg;2025-02-17;27.18
Vorarlberg;2025-02-18;26.66
Vorarlberg;2025-02-19;26.15
Vorarlberg;2025-02-20;25.71
Vorarlberg;2025-02-21;25.25
Vorarlberg;2025-02-22;24.75
Vorarlberg;2025-02-23;24.13
Vorarlberg;2025-02-24;23.37
Vorarlberg;2025-02-25;22.56
Vorarlberg;2025-02-26;21.73
Vorarlberg;2025-02-27;20.95
Vorarlberg;2025-02-28;20.19
Vorarlberg;2025-03-01;19.46
Vorarlberg;2025-03-02;18.84
Vorarlberg;2025-03-03;18.29
Vorarlberg;2025-03-04;17.78
Vorarlberg;2025-03-05;17.46
Vorarlberg;2025-03-06;17.21
Vorarlberg;2025-03-07;17.05
Vorarlberg;2025-03-08;16.88
Vorarlberg;2025-03-09;16.67
Vorarlberg;2025-03-10;16.46
Vorarlberg;2025-03-11;16.12
Vorarlberg;2025-03-12;15.76
Vorarlberg;2025-03-13;15.34
Vorarlberg;2025-03-14;14.87
Vorarlberg;2025-03-15;14.35
Vorarlberg;2025-03-16;13.8
Vorarlberg;2025-03-17;13.24
Vorarlberg;2025-03-18;12.65
Vorarlberg;2025-03-19;12.13
Vorarlberg;2025-03-20;11.62
Vorarlberg;2025-03-21;11.15
Vorarlberg;2025-03-22;10.69
Vorarlberg;2025-03-23;10.18
Vorarlberg;2025-03-24;9.65
Vorarlberg;2025-03-25;9.13
Vorarlberg;2025-03-26;8.56
Vorarlberg;2025-03-27;8.01
Vorarlberg;2025-03-28;7.52
Vorarlberg;2025-03-29;7.08
Vorarlberg;2025-03-30;6.65
Vorarlberg;2025-03-31;6.34
Vorarlberg;2025-04-01;6.11
Vorarlberg;2025-04-02;5.93
Vorarlberg;2025-04-03;5.83
Vorarlberg;2025-04-04;5.74
Vorarlberg;2025-04-05;5.72
Vorarlberg;2025-04-06;5.71
Vorarlberg;2025-04-07;5.74
Vorarlberg;2025-04-08;5.84
Vorarlberg;2025-04-09;5.94
Vorarlberg;2025-04-10;6.1
Vorarlberg;2025-04-11;6.28
Vorarlberg;2025-04-12;6.56
Vorarlberg;2025-04-13;6.81
Vorarlberg;2025-04-14;7.21
Vorarlberg;2025-04-15;7.66
Vorarlberg;2025-04-16;8.23
Vorarlberg;2025-04-17;8.82
Vorarlberg;2025-04-18;9.45
Vorarlberg;2025-04-19;10.07
Vorarlberg;2025-04-20;10.67
Vorarlberg;2025-04-21;11.23
Vorarlberg;2025-04-22;11.67
Vorarlberg;2025-04-23;12.06
Vorarlberg;2025-04-24;12.38
Vorarlberg;2025-04-25;12.64
Vorarlberg;2025-04-26;12.85
Vorarlberg;2025-04-27;12.96
Vorarlberg;2025-04-28;12.96
Vorarlberg;2025-04-29;12.88
Vorarlberg;2025-04-30;12.73
Vorarlberg;2025-05-01;12.55
Vorarlberg;2025-05-02;12.42
Vorarlberg;2025-05-03;12.3
Vorarlberg;2025-05-04;12.24
Vorarlberg;2025-05-05;12.26
Vorarlberg;2025-05-06;12.33
Vorarlberg;2025-05-07;12.46
Vorarlberg;2025-05-08;12.62
Vorarlberg;2025-05-09;12.86
Vorarlberg;2025-05-10;13.12
Vorarlberg;2025-05-11;13.45
Vorarlberg;2025-05-12;13.84
Vorarlberg;2025-05-13;14.32
Vorarlberg;2025-05-14;14.91
Vorarlberg;2025-05-15;15.52
Vorarlberg;2025-05-16;16.16
Vorarlberg;2025-05-17;16.78
Vorarlberg;2025-05-18;17.38
Vorarlberg;2025-05-19;17.93
Vorarlberg;2025-05-20;18.48
Vorarlberg;2025-05-21;19.01
Vorarlberg;2025-05-22;19.56
Vorarlberg;2025-05-23;20.12
Vorarlberg;2025-05-24;20.66
Vorarlberg;2025-05-25;21.17
Vorarlberg;2025-05-26;21.72
Vorarlberg;2025-05-27;22.25
Vorarlberg;2025-05-28;22.75
Vorarlberg;2025-05-29;23.28
Vorarlberg;2025-05-30;23.83
Vorarlberg;2025-05-31;24.35
Vorarlberg;2025-06-01;24.81
Vorarlberg;2025-06-02;25.19
Vorarlberg;2025-06-03;25.56
Vorarlberg;2025-06-04;25.9
Vorarlberg;2025-06-05;26.17
Vorarlberg;2025-06-06;26.39
Vorarlberg;2025-06-07;26.65
Vorarlberg;2025-06-08;26.94
Vorarlberg;2025-06-09;27.31
Vorarlberg;2025-06-10;27.78
Vorarlberg;2025-06-11;28.35
Vorarlberg;2025-06-12;29.01
Vorarlberg;2025-06-13;29.69
Vorarlberg;2025-06-14;30.29
Vorarlberg;2025-06-15;30.81
Vorarlberg;2025-06-16;31.08
Vorarlberg;2025-06-17;31.15
Vorarlberg;2025-06-18;31.01
Vorarlberg;2025-06-19;30.7
Vorarlberg;2025-06-20;30.31
Vorarlberg;2025-06-21;29.89
Vorarlberg;2025-06-22;29.47
Vorarlberg;2025-06-23;29.11
Vorarlberg;2025-06-24;28.85
Vorarlberg;2025-06-25;28.6
Vorarlberg;2025-06-26;28.5
Vorarlberg;2025-06-27;28.46
Vorarlberg;2025-06-28;28.46
Vorarlberg;2025-06-29;28.58
Vorarlberg;2025-06-30;28.81
Vorarlberg;2025-07-01;29.15
Vorarlberg;2025-07-02;29.61
Vorarlberg;2025-07-03;30.14
Vorarlberg;2025-07-04;30.74
Vorarlberg;2025-07-05;31.34
Vorarlberg;2025-07-06;31.93
Vorarlberg;2025-07-07;32.54
Vorarlberg;2025-07-08;33.2
Vorarlberg;2025-07-09;33.93
Vorarlberg;2025-07-10;34.76
Vorarlberg;2025-07-11;35.64
Vorarlberg;2025-07-12;36.42
Vorarlberg;2025-07-13;37.04
Vorarlberg;2025-07-14;37.4
Vorarlberg;2025-07-15;37.55
Vorarlberg;2025-07-16;37.47
Vorarlberg;2025-07-17;37.44
Vorarlberg;2025-07-18;37.44
Vorarlberg;2025-07-19;37.58
Vorarlberg;2025-07-20;37.94
Vorarlberg;2025-07-21;38.55
Vorarlberg;2025-07-22;39.56
Vorarlberg;2025-07-23;40.8
Vorarlberg;2025-07-24;42.3
Vorarlberg;2025-07-25;43.96
Vorarlberg;2025-07-26;45.8
Vorarlberg;2025-07-27;47.8
Vorarlberg;2025-07-28;49.95
Vorarlberg;2025-07-29;52.34
Vorarlberg;2025-07-30;54.89
Vorarlberg;2025-07-31;57.55
Vorarlberg;2025-08-01;60.22
Vorarlberg;2025-08-02;62.78
Vorarlberg;2025-08-03;65.14
Vorarlberg;2025-08-04;67.25
Vorarlberg;2025-08-05;69.04
Vorarlberg;2025-08-06;70.53
Vorarlberg;2025-08-07;71.75
Vorarlberg;2025-08-08;72.74
Vorarlberg;2025-08-09;73.6
Vorarlberg;2025-08-10;74.23
Vorarlberg;2025-08-11;74.75
Vorarlberg;2025-08-12;75.18
Tirol;2022-09-01;78.69
Tirol;2022-09-02;78.44
Tirol;2022-09-03;78.48
Tirol;2022-09-04;79.04
Tirol;2022-09-05;80.13
Tirol;2022-09-06;81.87
Tirol;2022-09-07;84.19
Tirol;2022-09-08;86.96
Tirol;2022-09-09;90.11
Tirol;2022-09-10;93.39
Tirol;2022-09-11;96.78
Tirol;2022-09-12;100.3
Tirol;2022-09-13;103.89
Tirol;2022-09-14;107.7
Tirol;2022-09-15;111.82
Tirol;2022-09-16;116.27
Tirol;2022-09-17;121.14
Tirol;2022-09-18;126.63
Tirol;2022-09-19;132.83
Tirol;2022-09-20;139.73
Tirol;2022-09-21;147.28
Tirol;2022-09-22;155.17
Tirol;2022-09-23;163.37
Tirol;2022-09-24;171.5
Tirol;2022-09-25;179.36
Tirol;2022-09-26;186.81
Tirol;2022-09-27;193.84
Tirol;2022-09-28;200.46
Tirol;2022-09-29;206.52
Tirol;2022-09-30;211.97
Tirol;2022-10-01;216.57
Tirol;2022-10-02;220.05
Tirol;2022-10-03;222.33
Tirol;2022-10-04;223.35
Tirol;2022-10-05;223.32
Tirol;2022-10-06;222.46
Tirol;2022-10-07;220.97
Tirol;2022-10-08;218.95
Tirol;2022-10-09;216.43
Tirol;2022-10-10;213.34
Tirol;2022-10-11;209.78
Tirol;2022-10-12;205.58
Tirol;2022-10-13;200.84
Tirol;2022-10-14;195.42
Tirol;2022-10-15;189.21
Tirol;2022-10-16;182.06
Tirol;2022-10-17;173.96
Tirol;2022-10-18;165.04
Tirol;2022-10-19;155.65
Tirol;2022-10-20;146.02
Tirol;2022-10-21;136.51
Tirol;2022-10-22;127.32
Tirol;2022-10-23;118.59
Tirol;2022-10-24;110.65
Tirol;2022-10-25;103.5
Tirol;2022-10-26;97.06
Tirol;2022-10-27;91.24
Tirol;2022-10-28;86.06
Tirol;2022-10-29;81.44
Tirol;2022-10-30;77.42
Tirol;2022-10-31;74.04
Tirol;2022-11-01;71.33
Tirol;2022-11-02;69.29
Tirol;2022-11-03;67.76
Tirol;2022-11-04;66.76
Tirol;2022-11-05;66.23
Tirol;2022-11-06;66.13
Tirol;2022-11-07;66.62
Tirol;2022-11-08;67.54
Tirol;2022-11-09;68.95
Tirol;2022-11-10;70.77
Tirol;2022-11-11;72.8
Tirol;2022-11-12;75.14
Tirol;2022-11-13;77.64
Tirol;2022-11-14;80.4
Tirol;2022-11-15;83.31
Tirol;2022-11-16;86.29
Tirol;2022-11-17;89.3
Tirol;2022-11-18;92.42
Tirol;2022-11-19;95.49
Tirol;2022-11-20;98.68
Tirol;2022-11-21;101.95
Tirol;2022-11-22;105.31
Tirol;2022-11-23;108.8
Tirol;2022-11-24;112.5
Tirol;2022-11-25;116.2
Tirol;2022-11-26;119.85
Tirol;2022-11-27;123.45
Tirol;2022-11-28;126.97
Tirol;2022-11-29;130.59
Tirol;2022-11-30;134.33
Tirol;2022-12-01;138.13
Tirol;2022-12-02;141.68
Tirol;2022-12-03;144.88
Tirol;2022-12-04;149.14
Tirol;2022-12-05;150.13
Tirol;2022-12-06;151.02
Tirol;2022-12-07;151.4
Tirol;2022-12-08;151.34
Tirol;2022-12-09;151.09
Tirol;2022-12-10;150.76
Tirol;2022-12-11;150.62
Tirol;2022-12-12;150.67
Tirol;2022-12-13;150.89
Tirol;2022-12-14;151.17
Tirol;2022-12-15;151.51
Tirol;2022-12-16;151.83
Tirol;2022-12-17;152.07
Tirol;2022-12-18;152.17
Tirol;2022-12-19;152.23
Tirol;2022-12-20;152.16
Tirol;2022-12-21;152.14
Tirol;2022-12-22;152.04
Tirol;2022-12-23;151.96
Tirol;2022-12-24;151.69
Tirol;2022-12-25;151.2
Tirol;2022-12-26;150.36
Tirol;2022-12-27;149.14
Tirol;2022-12-28;147.38
Tirol;2022-12-29;145.11
Tirol;2022-12-30;142.42
Tirol;2022-12-31;139.28
Tirol;2023-01-01;135.72
Tirol;2023-01-02;131.79
Tirol;2023-01-03;127.67
Tirol;2023-01-04;123.49
Tirol;2023-01-05;119.46
Tirol;2023-01-06;115.63
Tirol;2023-01-07;112.18
Tirol;2023-01-08;109.18
Tirol;2023-01-09;106.8
Tirol;2023-01-10;105.05
Tirol;2023-01-11;103.85
Tirol;2023-01-12;103.26
Tirol;2023-01-13;103.1
Tirol;2023-01-14;103.29
Tirol;2023-01-15;103.95
Tirol;2023-01-16;105.02
Tirol;2023-01-17;106.61
Tirol;2023-01-18;108.79
Tirol;2023-01-19;111.57
Tirol;2023-01-20;114.9
Tirol;2023-01-21;118.82
Tirol;2023-01-22;123.48
Tirol;2023-01-23;128.93
Tirol;2023-01-24;135.1
Tirol;2023-01-25;142.01
Tirol;2023-01-26;149.45
Tirol;2023-01-27;157.15
Tirol;2023-01-28;164.95
Tirol;2023-01-29;172.7
Tirol;2023-01-30;180.29
Tirol;2023-01-31;187.73
Tirol;2023-02-01;195.11
Tirol;2023-02-02;202.44
Tirol;2023-02-03;209.81
Tirol;2023-02-04;217.14
Tirol;2023-02-05;224.53
Tirol;2023-02-06;231.99
Tirol;2023-02-07;239.52
Tirol;2023-02-08;247.18
Tirol;2023-02-09;254.81
Tirol;2023-02-10;262.33
Tirol;2023-02-11;269.52
Tirol;2023-02-12;276.11
Tirol;2023-02-13;281.86
Tirol;2023-02-14;286.41
Tirol;2023-02-15;289.64
Tirol;2023-02-16;291.37
Tirol;2023-02-17;291.93
Tirol;2023-02-18;291.63
Tirol;2023-02-19;290.89
Tirol;2023-02-20;290.06
Tirol;2023-02-21;289.27
Tirol;2023-02-22;288.6
Tirol;2023-02-23;287.98
Tirol;2023-02-24;287.16
Tirol;2023-02-25;285.88
Tirol;2023-02-26;283.95
Tirol;2023-02-27;281.26
Tirol;2023-02-28;277.83
Tirol;2023-03-01;273.82
Tirol;2023-03-02;269.28
Tirol;2023-03-03;264.19
Tirol;2023-03-04;258.57
Tirol;2023-03-05;252.25
Tirol;2023-03-06;245.3
Tirol;2023-03-07;237.7
Tirol;2023-03-08;229.74
Tirol;2023-03-09;221.47
Tirol;2023-03-10;212.97
Tirol;2023-03-11;204.43
Tirol;2023-03-12;195.96
Tirol;2023-03-13;187.63
Tirol;2023-03-14;179.76
Tirol;2023-03-15;172.39
Tirol;2023-03-16;165.56
Tirol;2023-03-17;159.09
Tirol;2023-03-18;153.01
Tirol;2023-03-19;147.14
Tirol;2023-03-20;141.63
Tirol;2023-03-21;136.56
Tirol;2023-03-22;132.05
Tirol;2023-03-23;127.94
Tirol;2023-03-24;124.04
Tirol;2023-03-25;120.21
Tirol;2023-03-26;116.21
Tirol;2023-03-27;112.08
Tirol;2023-03-28;107.91
Tirol;2023-03-29;103.81
Tirol;2023-03-30;99.86
Tirol;2023-03-31;96.1
Tirol;2023-04-01;92.56
Tirol;2023-04-02;89.31
Tirol;2023-04-03;86.32
Tirol;2023-04-04;83.52
Tirol;2023-04-05;80.89
Tirol;2023-04-06;78.32
Tirol;2023-04-07;75.79
Tirol;2023-04-08;73.35
Tirol;2023-04-09;70.97
Tirol;2023-04-10;68.79
Tirol;2023-04-11;66.73
Tirol;2023-04-12;64.85
Tirol;2023-04-13;63.14
Tirol;2023-04-14;61.65
Tirol;2023-04-15;60.22
Tirol;2023-04-16;58.9
Tirol;2023-04-17;57.69
Tirol;2023-04-18;56.52
Tirol;2023-04-19;55.37
Tirol;2023-04-20;54.22
Tirol;2023-04-21;53.11
Tirol;2023-04-22;52.02
Tirol;2023-04-23;50.83
Tirol;2023-04-24;49.65
Tirol;2023-04-25;48.34
Tirol;2023-04-26;46.93
Tirol;2023-04-27;45.42
Tirol;2023-04-28;43.76
Tirol;2023-04-29;41.98
Tirol;2023-04-30;40.14
Tirol;2023-05-01;38.28
Tirol;2023-05-02;36.37
Tirol;2023-05-03;34.48
Tirol;2023-05-04;32.72
Tirol;2023-05-05;31.04
Tirol;2023-05-06;29.55
Tirol;2023-05-07;28.21
Tirol;2023-05-08;27.19
Tirol;2023-05-09;26.5
Tirol;2023-05-10;26.15
Tirol;2023-05-11;26.19
Tirol;2023-05-12;26.5
Tirol;2023-05-13;26.97
Tirol;2023-05-14;27.62
Tirol;2023-05-15;28.28
Tirol;2023-05-16;28.9
Tirol;2023-05-17;29.46
Tirol;2023-05-18;29.89
Tirol;2023-05-19;30.2
Tirol;2023-05-20;30.36
Tirol;2023-05-21;30.29
Tirol;2023-05-22;29.96
Tirol;2023-05-23;29.38
Tirol;2023-05-24;28.56
Tirol;2023-05-25;27.56
Tirol;2023-05-26;26.37
Tirol;2023-05-27;25.07
Tirol;2023-05-28;23.78
Tirol;2023-05-29;22.52
Tirol;2023-05-30;21.27
Tirol;2023-05-31;20.11
Tirol;2023-06-01;19.04
Tirol;2023-06-02;18.07
Tirol;2023-06-03;17.2
Tirol;2023-06-04;16.4
Tirol;2023-06-05;15.75
Tirol;2023-06-06;15.17
Tirol;2023-06-07;14.72
Tirol;2023-06-08;14.32
Tirol;2023-06-09;14.02
Tirol;2023-06-10;13.74
Tirol;2023-06-11;13.52
Tirol;2023-06-12;13.34
Tirol;2023-06-13;13.19
Tirol;2023-06-14;13.08
Tirol;2023-06-15;13.03
Tirol;2023-06-16;12.98
Tirol;2023-06-17;12.86
Tirol;2023-06-18;12.74
Tirol;2023-06-19;12.52
Tirol;2023-06-20;12.26
Tirol;2023-06-21;11.96
Tirol;2023-06-22;11.67
Tirol;2023-06-23;11.35
Tirol;2023-06-24;11.12
Tirol;2023-06-25;10.89
Tirol;2023-06-26;10.7
Tirol;2023-06-27;10.62
Tirol;2023-06-28;10.58
Tirol;2023-06-29;10.62
Tirol;2023-06-30;10.66
Tirol;2023-07-01;10.72
Tirol;2023-07-02;10.74
Tirol;2023-07-03;10.75
Tirol;2023-07-04;10.79
Tirol;2023-07-05;10.77
Tirol;2023-07-06;10.79
Tirol;2023-07-07;10.77
Tirol;2023-07-08;10.77
Tirol;2023-07-09;10.79
Tirol;2023-07-10;10.86
Tirol;2023-07-11;10.99
Tirol;2023-07-12;11.22
Tirol;2023-07-13;11.58
Tirol;2023-07-14;12.0
Tirol;2023-07-15;12.5
Tirol;2023-07-16;13.04
Tirol;2023-07-17;13.62
Tirol;2023-07-18;14.2
Tirol;2023-07-19;14.89
Tirol;2023-07-20;15.55
Tirol;2023-07-21;16.31
Tirol;2023-07-22;17.12
Tirol;2023-07-23;17.97
Tirol;2023-07-24;18.95
Tirol;2023-07-25;20.0
Tirol;2023-07-26;21.19
Tirol;2023-07-27;22.44
Tirol;2023-07-28;23.68
Tirol;2023-07-29;24.92
Tirol;2023-07-30;26.03
Tirol;2023-07-31;26.96
Tirol;2023-08-01;27.8
Tirol;2023-08-02;28.6
Tirol;2023-08-03;29.36
Tirol;2023-08-04;30.19
Tirol;2023-08-05;31.1
Tirol;2023-08-06;32.03
Tirol;2023-08-07;33.14
Tirol;2023-08-08;34.26
Tirol;2023-08-09;35.4
Tirol;2023-08-10;36.53
Tirol;2023-08-11;37.65
Tirol;2023-08-12;38.65
Tirol;2023-08-13;39.59
Tirol;2023-08-14;40.49
Tirol;2023-08-15;41.26
Tirol;2023-08-16;41.83
Tirol;2023-08-17;42.29
Tirol;2023-08-18;42.67
Tirol;2023-08-19;42.92
Tirol;2023-08-20;43.16
Tirol;2023-08-21;43.45
Tirol;2023-08-22;43.77
Tirol;2023-08-23;44.18
Tirol;2023-08-24;44.71
Tirol;2023-08-25;45.39
Tirol;2023-08-26;46.37
Tirol;2023-08-27;47.67
Tirol;2023-08-28;49.38
Tirol;2023-08-29;51.67
Tirol;2023-08-30;54.34
Tirol;2023-08-31;57.37
Tirol;2023-09-01;60.49
Tirol;2023-09-02;63.67
Tirol;2023-09-03;66.83
Tirol;2023-09-04;69.79
Tirol;2023-09-05;72.52
Tirol;2023-09-06;74.96
Tirol;2023-09-07;77.03
Tirol;2023-09-08;78.93
Tirol;2023-09-09;80.69
Tirol;2023-09-10;82.39
Tirol;2023-09-11;84.08
Tirol;2023-09-12;85.76
Tirol;2023-09-13;87.28
Tirol;2023-09-14;88.65
Tirol;2023-09-15;89.9
Tirol;2023-09-16;91.2
Tirol;2023-09-17;92.81
Tirol;2023-09-18;94.78
Tirol;2023-09-19;97.25
Tirol;2023-09-20;99.97
Tirol;2023-09-21;102.89
Tirol;2023-09-22;105.75
Tirol;2023-09-23;108.76
Tirol;2023-09-24;111.92
Tirol;2023-09-25;115.34
Tirol;2023-09-26;119.13
Tirol;2023-09-27;123.38
Tirol;2023-09-28;128.08
Tirol;2023-09-29;133.15
Tirol;2023-09-30;138.32
Tirol;2023-10-01;143.4
Tirol;2023-10-02;148.05
Tirol;2023-10-03;151.85
Tirol;2023-10-04;154.32
Tirol;2023-10-05;155.33
Tirol;2023-10-06;155.04
Tirol;2023-10-07;154.02
Tirol;2023-10-08;152.9
Tirol;2023-10-09;152.18
Tirol;2023-10-10;152.09
Tirol;2023-10-11;152.67
Tirol;2023-10-12;153.69
Tirol;2023-10-13;154.96
Tirol;2023-10-14;156.46
Tirol;2023-10-15;158.1
Tirol;2023-10-16;159.87
Tirol;2023-10-17;161.68
Tirol;2023-10-18;163.4
Tirol;2023-10-19;165.09
Tirol;2023-10-20;166.59
Tirol;2023-10-21;168.09
Tirol;2023-10-22;169.57
Tirol;2023-10-23;171.06
Tirol;2023-10-24;172.71
Tirol;2023-10-25;174.51
Tirol;2023-10-26;176.46
Tirol;2023-10-27;178.7
Tirol;2023-10-28;181.19
Tirol;2023-10-29;184.18
Tirol;2023-10-30;187.65
Tirol;2023-10-31;191.71
Tirol;2023-11-01;196.27
Tirol;2023-11-02;201.19
Tirol;2023-11-03;206.42
Tirol;2023-11-04;211.88
Tirol;2023-11-05;217.67
Tirol;2023-11-06;223.75
Tirol;2023-11-07;230.26
Tirol;2023-11-08;237.15
Tirol;2023-11-09;244.52
Tirol;2023-11-10;252.4
Tirol;2023-11-11;261.03
Tirol;2023-11-12;270.59
Tirol;2023-11-13;281.41
Tirol;2023-11-14;293.68
Tirol;2023-11-15;307.39
Tirol;2023-11-16;322.36
Tirol;2023-11-17;338.2
Tirol;2023-11-18;354.5
Tirol;2023-11-19;370.75
Tirol;2023-11-20;386.5
Tirol;2023-11-21;401.24
Tirol;2023-11-22;414.31
Tirol;2023-11-23;425.53
Tirol;2023-11-24;435.1
Tirol;2023-11-25;443.55
Tirol;2023-11-26;451.59
Tirol;2023-11-27;459.55
Tirol;2023-11-28;467.35
Tirol;2023-11-29;474.58
Tirol;2023-11-30;480.7
Tirol;2023-12-01;485.59
Tirol;2023-12-02;489.4
Tirol;2023-12-03;492.45
Tirol;2023-12-04;495.07
Tirol;2023-12-05;497.47
Tirol;2023-12-06;500.03
Tirol;2023-12-07;502.85
Tirol;2023-12-08;505.95
Tirol;2023-12-09;509.31
Tirol;2023-12-10;512.72
Tirol;2023-12-11;515.92
Tirol;2023-12-12;518.63
Tirol;2023-12-13;520.18
Tirol;2023-12-14;520.06
Tirol;2023-12-15;518.3
Tirol;2023-12-16;514.97
Tirol;2023-12-17;510.16
Tirol;2023-12-18;503.93
Tirol;2023-12-19;496.46
Tirol;2023-12-20;487.82
Tirol;2023-12-21;478.27
Tirol;2023-12-22;468.07
Tirol;2023-12-23;457.22
Tirol;2023-12-24;445.85
Tirol;2023-12-25;433.79
Tirol;2023-12-26;420.98
Tirol;2023-12-27;407.31
Tirol;2023-12-28;392.66
Tirol;2023-12-29;377.31
Tirol;2023-12-30;361.53
Tirol;2023-12-31;345.54
Tirol;2024-01-01;329.63
Tirol;2024-01-02;313.97
Tirol;2024-01-03;298.63
Tirol;2024-01-04;283.65
Tirol;2024-01-05;269.05
Tirol;2024-01-06;254.87
Tirol;2024-01-07;241.15
Tirol;2024-01-08;227.95
Tirol;2024-01-09;215.37
Tirol;2024-01-10;203.59
Tirol;2024-01-11;192.46
Tirol;2024-01-12;181.96
Tirol;2024-01-13;172.11
Tirol;2024-01-14;162.79
Tirol;2024-01-15;154.09
Tirol;2024-01-16;145.93
Tirol;2024-01-17;138.36
Tirol;2024-01-18;131.19
Tirol;2024-01-19;124.31
Tirol;2024-01-20;117.82
Tirol;2024-01-21;111.7
Tirol;2024-01-22;106.08
Tirol;2024-01-23;101.0
Tirol;2024-01-24;96.49
Tirol;2024-01-25;92.47
Tirol;2024-01-26;88.75
Tirol;2024-01-27;85.25
Tirol;2024-01-28;81.79
Tirol;2024-01-29;78.23
Tirol;2024-01-30;74.58
Tirol;2024-01-31;70.86
Tirol;2024-02-01;67.16
Tirol;2024-02-02;63.47
Tirol;2024-02-03;59.89
Tirol;2024-02-04;56.43
Tirol;2024-02-05;53.06
Tirol;2024-02-06;49.89
Tirol;2024-02-07;46.94
Tirol;2024-02-08;44.17
Tirol;2024-02-09;41.7
Tirol;2024-02-10;39.39
Tirol;2024-02-11;37.33
Tirol;2024-02-12;35.43
Tirol;2024-02-13;33.76
Tirol;2024-02-14;32.3
Tirol;2024-02-15;30.99
Tirol;2024-02-16;29.82
Tirol;2024-02-17;28.74
Tirol;2024-02-18;27.82
Tirol;2024-02-19;27.01
Tirol;2024-02-20;26.39
Tirol;2024-02-21;25.9
Tirol;2024-02-22;25.63
Tirol;2024-02-23;25.42
Tirol;2024-02-24;25.31
Tirol;2024-02-25;25.17
Tirol;2024-02-26;25.09
Tirol;2024-02-27;24.85
Tirol;2024-02-28;24.59
Tirol;2024-02-29;24.18
Tirol;2024-03-01;23.67
Tirol;2024-03-02;23.09
Tirol;2024-03-03;22.47
Tirol;2024-03-04;21.82
Tirol;2024-03-05;21.07
Tirol;2024-03-06;20.26
Tirol;2024-03-07;19.28
Tirol;2024-03-08;18.29
Tirol;2024-03-09;17.21
Tirol;2024-03-10;16.22
Tirol;2024-03-11;15.22
Tirol;2024-03-12;14.28
Tirol;2024-03-13;13.52
Tirol;2024-03-14;12.76
Tirol;2024-03-15;12.08
Tirol;2024-03-16;11.44
Tirol;2024-03-17;10.87
Tirol;2024-03-18;10.33
Tirol;2024-03-19;9.92
Tirol;2024-03-20;9.57
Tirol;2024-03-21;9.34
Tirol;2024-03-22;9.12
Tirol;2024-03-23;8.97
Tirol;2024-03-24;8.87
Tirol;2024-03-25;8.85
Tirol;2024-03-26;8.82
Tirol;2024-03-27;8.86
Tirol;2024-03-28;8.89
Tirol;2024-03-29;8.91
Tirol;2024-03-30;8.94
Tirol;2024-03-31;8.97
Tirol;2024-04-01;8.98
Tirol;2024-04-02;8.97
Tirol;2024-04-03;8.93
Tirol;2024-04-04;8.85
Tirol;2024-04-05;8.82
Tirol;2024-04-06;8.73
Tirol;2024-04-07;8.65
Tirol;2024-04-08;8.67
Tirol;2024-04-09;8.69
Tirol;2024-04-10;8.83
Tirol;2024-04-11;9.0
Tirol;2024-04-12;9.24
Tirol;2024-04-13;9.51
Tirol;2024-04-14;9.83
Tirol;2024-04-15;10.25
Tirol;2024-04-16;10.74
Tirol;2024-04-17;11.26
Tirol;2024-04-18;11.84
Tirol;2024-04-19;12.46
Tirol;2024-04-20;13.15
Tirol;2024-04-21;13.87
Tirol;2024-04-22;14.7
Tirol;2024-04-23;15.66
Tirol;2024-04-24;16.65
Tirol;2024-04-25;17.71
Tirol;2024-04-26;18.8
Tirol;2024-04-27;19.85
Tirol;2024-04-28;20.88
Tirol;2024-04-29;21.72
Tirol;2024-04-30;22.36
Tirol;2024-05-01;22.88
Tirol;2024-05-02;23.21
Tirol;2024-05-03;23.44
Tirol;2024-05-04;23.61
Tirol;2024-05-05;23.8
Tirol;2024-05-06;24.15
Tirol;2024-05-07;24.63
Tirol;2024-05-08;25.14
Tirol;2024-05-09;25.84
Tirol;2024-05-10;26.51
Tirol;2024-05-11;27.17
Tirol;2024-05-12;27.73
Tirol;2024-05-13;28.2
Tirol;2024-05-14;28.51
Tirol;2024-05-15;28.62
Tirol;2024-05-16;28.52
Tirol;2024-05-17;28.28
Tirol;2024-05-18;27.98
Tirol;2024-05-19;27.71
Tirol;2024-05-20;27.52
Tirol;2024-05-21;27.48
Tirol;2024-05-22;27.61
Tirol;2024-05-23;27.95
Tirol;2024-05-24;28.45
Tirol;2024-05-25;29.11
Tirol;2024-05-26;29.89
Tirol;2024-05-27;30.83
Tirol;2024-05-28;31.9
Tirol;2024-05-29;33.09
Tirol;2024-05-30;34.39
Tirol;2024-05-31;35.77
Tirol;2024-06-01;37.26
Tirol;2024-06-02;38.8
Tirol;2024-06-03;40.39
Tirol;2024-06-04;42.12
Tirol;2024-06-05;43.85
Tirol;2024-06-06;45.58
Tirol;2024-06-07;47.33
Tirol;2024-06-08;49.2
Tirol;2024-06-09;51.15
Tirol;2024-06-10;53.32
Tirol;2024-06-11;55.79
Tirol;2024-06-12;58.52
Tirol;2024-06-13;61.48
Tirol;2024-06-14;64.64
Tirol;2024-06-15;67.78
Tirol;2024-06-16;70.91
Tirol;2024-06-17;73.86
Tirol;2024-06-18;76.57
Tirol;2024-06-19;79.0
Tirol;2024-06-20;81.15
Tirol;2024-06-21;83.06
Tirol;2024-06-22;84.82
Tirol;2024-06-23;86.52
Tirol;2024-06-24;88.13
Tirol;2024-06-25;89.74
Tirol;2024-06-26;91.46
Tirol;2024-06-27;93.24
Tirol;2024-06-28;95.11
Tirol;2024-06-29;97.09
Tirol;2024-06-30;99.14
Tirol;2024-07-01;101.17
Tirol;2024-07-02;103.17
Tirol;2024-07-03;104.94
Tirol;2024-07-04;106.25
Tirol;2024-07-05;107.25
Tirol;2024-07-06;108.05
Tirol;2024-07-07;108.85
Tirol;2024-07-08;109.78
Tirol;2024-07-09;110.99
Tirol;2024-07-10;112.38
Tirol;2024-07-11;113.84
Tirol;2024-07-12;115.29
Tirol;2024-07-13;116.7
Tirol;2024-07-14;117.94
Tirol;2024-07-15;118.97
Tirol;2024-07-16;119.47
Tirol;2024-07-17;119.3
Tirol;2024-07-18;118.18
Tirol;2024-07-19;116.31
Tirol;2024-07-20;113.86
Tirol;2024-07-21;111.2
Tirol;2024-07-22;108.54
Tirol;2024-07-23;106.16
Tirol;2024-07-24;104.09
Tirol;2024-07-25;102.37
Tirol;2024-07-26;100.95
Tirol;2024-07-27;99.75
Tirol;2024-07-28;98.66
Tirol;2024-07-29;97.78
Tirol;2024-07-30;96.96
Tirol;2024-07-31;96.32
Tirol;2024-08-01;95.83
Tirol;2024-08-02;95.42
Tirol;2024-08-03;95.12
Tirol;2024-08-04;94.87
Tirol;2024-08-05;94.65
Tirol;2024-08-06;94.56
Tirol;2024-08-07;94.51
Tirol;2024-08-08;94.48
Tirol;2024-08-09;94.6
Tirol;2024-08-10;94.85
Tirol;2024-08-11;95.34
Tirol;2024-08-12;96.17
Tirol;2024-08-13;97.35
Tirol;2024-08-14;98.86
Tirol;2024-08-15;100.61
Tirol;2024-08-16;102.58
Tirol;2024-08-17;104.64
Tirol;2024-08-18;106.82
Tirol;2024-08-19;109.06
Tirol;2024-08-20;111.41
Tirol;2024-08-21;113.91
Tirol;2024-08-22;116.68
Tirol;2024-08-23;119.51
Tirol;2024-08-24;122.45
Tirol;2024-08-25;125.29
Tirol;2024-08-26;127.96
Tirol;2024-08-27;130.36
Tirol;2024-08-28;132.44
Tirol;2024-08-29;134.12
Tirol;2024-08-30;135.5
Tirol;2024-08-31;136.8
Tirol;2024-09-01;138.12
Tirol;2024-09-02;139.58
Tirol;2024-09-03;141.37
Tirol;2024-09-04;143.45
Tirol;2024-09-05;145.93
Tirol;2024-09-06;148.89
Tirol;2024-09-07;152.53
Tirol;2024-09-08;156.99
Tirol;2024-09-09;162.65
Tirol;2024-09-10;169.7
Tirol;2024-09-11;178.06
Tirol;2024-09-12;187.54
Tirol;2024-09-13;197.83
Tirol;2024-09-14;208.68
Tirol;2024-09-15;219.84
Tirol;2024-09-16;231.14
Tirol;2024-09-17;242.22
Tirol;2024-09-18;252.74
Tirol;2024-09-19;262.44
Tirol;2024-09-20;271.3
Tirol;2024-09-21;279.32
Tirol;2024-09-22;286.67
Tirol;2024-09-23;293.17
Tirol;2024-09-24;298.63
Tirol;2024-09-25;302.78
Tirol;2024-09-26;305.45
Tirol;2024-09-27;306.89
Tirol;2024-09-28;307.42
Tirol;2024-09-29;307.67
Tirol;2024-09-30;307.92
Tirol;2024-10-01;308.48
Tirol;2024-10-02;309.31
Tirol;2024-10-03;310.4
Tirol;2024-10-04;311.4
Tirol;2024-10-05;312.05
Tirol;2024-10-06;312.21
Tirol;2024-10-07;311.46
Tirol;2024-10-08;309.63
Tirol;2024-10-09;306.37
Tirol;2024-10-10;301.8
Tirol;2024-10-11;296.13
Tirol;2024-10-12;289.55
Tirol;2024-10-13;282.32
Tirol;2024-10-14;274.66
Tirol;2024-10-15;266.52
Tirol;2024-10-16;258.01
Tirol;2024-10-17;249.0
Tirol;2024-10-18;239.63
Tirol;2024-10-19;229.99
Tirol;2024-10-20;220.14
Tirol;2024-10-21;210.24
Tirol;2024-10-22;200.36
Tirol;2024-10-23;190.52
Tirol;2024-10-24;180.86
Tirol;2024-10-25;171.35
Tirol;2024-10-26;162.17
Tirol;2024-10-27;153.39
Tirol;2024-10-28;145.21
Tirol;2024-10-29;137.68
Tirol;2024-10-30;130.78
Tirol;2024-10-31;124.44
Tirol;2024-11-01;118.54
Tirol;2024-11-02;113.02
Tirol;2024-11-03;107.92
Tirol;2024-11-04;103.27
Tirol;2024-11-05;99.11
Tirol;2024-11-06;95.42
Tirol;2024-11-07;92.2
Tirol;2024-11-08;89.35
Tirol;2024-11-09;86.9
Tirol;2024-11-10;84.74
Tirol;2024-11-11;83.01
Tirol;2024-11-12;81.73
Tirol;2024-11-13;80.89
Tirol;2024-11-14;80.52
Tirol;2024-11-15;80.52
Tirol;2024-11-16;80.77
Tirol;2024-11-17;81.21
Tirol;2024-11-18;81.63
Tirol;2024-11-19;82.11
Tirol;2024-11-20;82.64
Tirol;2024-11-21;83.2
Tirol;2024-11-22;83.81
Tirol;2024-11-23;84.45
Tirol;2024-11-24;85.18
Tirol;2024-11-25;85.92
Tirol;2024-11-26;86.82
Tirol;2024-11-27;87.76
Tirol;2024-11-28;88.78
Tirol;2024-11-29;89.83
Tirol;2024-11-30;90.91
Tirol;2024-12-01;91.83
Tirol;2024-12-02;92.66
Tirol;2024-12-03;93.34
Tirol;2024-12-04;93.73
Tirol;2024-12-05;93.92
Tirol;2024-12-06;93.86
Tirol;2024-12-07;93.62
Tirol;2024-12-08;93.39
Tirol;2024-12-09;93.12
Tirol;2024-12-10;92.96
Tirol;2024-12-11;92.85
Tirol;2024-12-12;92.82
Tirol;2024-12-13;92.74
Tirol;2024-12-14;92.61
Tirol;2024-12-15;92.49
Tirol;2024-12-16;92.37
Tirol;2024-12-17;92.15
Tirol;2024-12-18;92.05
Tirol;2024-12-19;91.92
Tirol;2024-12-20;91.91
Tirol;2024-12-21;91.91
Tirol;2024-12-22;91.85
Tirol;2024-12-23;91.71
Tirol;2024-12-24;91.5
Tirol;2024-12-25;91.07
Tirol;2024-12-26;90.56
Tirol;2024-12-27;89.89
Tirol;2024-12-28;89.02
Tirol;2024-12-29;87.91
Tirol;2024-12-30;86.46
Tirol;2024-12-31;84.7
Tirol;2025-01-01;82.68
Tirol;2025-01-02;80.48
Tirol;2025-01-03;78.16
Tirol;2025-01-04;75.84
Tirol;2025-01-05;73.43
Tirol;2025-01-06;71.03
Tirol;2025-01-07;68.65
Tirol;2025-01-08;66.28
Tirol;2025-01-09;63.97
Tirol;2025-01-10;61.71
Tirol;2025-01-11;59.56
Tirol;2025-01-12;57.54
Tirol;2025-01-13;55.63
Tirol;2025-01-14;53.96
Tirol;2025-01-15;52.53
Tirol;2025-01-16;51.36
Tirol;2025-01-17;50.38
Tirol;2025-01-18;49.61
Tirol;2025-01-19;48.96
Tirol;2025-01-20;48.41
Tirol;2025-01-21;48.11
Tirol;2025-01-22;47.99
Tirol;2025-01-23;47.99
Tirol;2025-01-24;48.24
Tirol;2025-01-25;48.59
Tirol;2025-01-26;49.03
Tirol;2025-01-27;49.6
Tirol;2025-01-28;50.13
Tirol;2025-01-29;50.6
Tirol;2025-01-30;50.82
Tirol;2025-01-31;50.82
Tirol;2025-02-01;50.62
Tirol;2025-02-02;50.21
Tirol;2025-02-03;49.71
Tirol;2025-02-04;49.03
Tirol;2025-02-05;48.22
Tirol;2025-02-06;47.2
Tirol;2025-02-07;46.03
Tirol;2025-02-08;44.81
Tirol;2025-02-09;43.55
Tirol;2025-02-10;42.42
Tirol;2025-02-11;41.43
Tirol;2025-02-12;40.64
Tirol;2025-02-13;40.14
Tirol;2025-02-14;39.73
Tirol;2025-02-15;39.52
Tirol;2025-02-16;39.4
Tirol;2025-02-17;39.27
Tirol;2025-02-18;39.02
Tirol;2025-02-19;38.46
Tirol;2025-02-20;37.43
Tirol;2025-02-21;35.96
Tirol;2025-02-22;34.21
Tirol;2025-02-23;32.3
Tirol;2025-02-24;30.33
Tirol;2025-02-25;28.48
Tirol;2025-02-26;26.75
Tirol;2025-02-27;25.18
Tirol;2025-02-28;23.66
Tirol;2025-03-01;22.33
Tirol;2025-03-02;21.05
Tirol;2025-03-03;19.82
Tirol;2025-03-04;18.68
Tirol;2025-03-05;17.62
Tirol;2025-03-06;16.62
Tirol;2025-03-07;15.71
Tirol;2025-03-08;14.79
Tirol;2025-03-09;13.96
Tirol;2025-03-10;13.19
Tirol;2025-03-11;12.53
Tirol;2025-03-12;11.94
Tirol;2025-03-13;11.44
Tirol;2025-03-14;10.97
Tirol;2025-03-15;10.52
Tirol;2025-03-16;10.09
Tirol;2025-03-17;9.67
Tirol;2025-03-18;9.26
Tirol;2025-03-19;8.89
Tirol;2025-03-20;8.51
Tirol;2025-03-21;8.17
Tirol;2025-03-22;7.86
Tirol;2025-03-23;7.63
Tirol;2025-03-24;7.48
Tirol;2025-03-25;7.38
Tirol;2025-03-26;7.44
Tirol;2025-03-27;7.58
Tirol;2025-03-28;7.79
Tirol;2025-03-29;8.1
Tirol;2025-03-30;8.47
Tirol;2025-03-31;8.85
Tirol;2025-04-01;9.25
Tirol;2025-04-02;9.68
Tirol;2025-04-03;10.08
Tirol;2025-04-04;10.53
Tirol;2025-04-05;10.93
Tirol;2025-04-06;11.37
Tirol;2025-04-07;11.79
Tirol;2025-04-08;12.24
Tirol;2025-04-09;12.67
Tirol;2025-04-10;13.15
Tirol;2025-04-11;13.59
Tirol;2025-04-12;14.03
Tirol;2025-04-13;14.43
Tirol;2025-04-14;14.8
Tirol;2025-04-15;15.12
Tirol;2025-04-16;15.32
Tirol;2025-04-17;15.44
Tirol;2025-04-18;15.45
Tirol;2025-04-19;15.36
Tirol;2025-04-20;15.24
Tirol;2025-04-21;15.11
Tirol;2025-04-22;14.94
Tirol;2025-04-23;14.77
Tirol;2025-04-24;14.65
Tirol;2025-04-25;14.54
Tirol;2025-04-26;14.47
Tirol;2025-04-27;14.49
Tirol;2025-04-28;14.56
Tirol;2025-04-29;14.67
Tirol;2025-04-30;14.83
Tirol;2025-05-01;15.14
Tirol;2025-05-02;15.55
Tirol;2025-05-03;16.08
Tirol;2025-05-04;16.73
Tirol;2025-05-05;17.44
Tirol;2025-05-06;18.31
Tirol;2025-05-07;19.24
Tirol;2025-05-08;20.22
Tirol;2025-05-09;21.27
Tirol;2025-05-10;22.42
Tirol;2025-05-11;23.66
Tirol;2025-05-12;24.95
Tirol;2025-05-13;26.41
Tirol;2025-05-14;27.9
Tirol;2025-05-15;29.43
Tirol;2025-05-16;30.92
Tirol;2025-05-17;32.37
Tirol;2025-05-18;33.69
Tirol;2025-05-19;34.97
Tirol;2025-05-20;36.07
Tirol;2025-05-21;36.95
Tirol;2025-05-22;37.64
Tirol;2025-05-23;38.18
Tirol;2025-05-24;38.55
Tirol;2025-05-25;38.87
Tirol;2025-05-26;39.13
Tirol;2025-05-27;39.44
Tirol;2025-05-28;39.75
Tirol;2025-05-29;40.06
Tirol;2025-05-30;40.38
Tirol;2025-05-31;40.78
Tirol;2025-06-01;41.22
Tirol;2025-06-02;41.68
Tirol;2025-06-03;42.29
Tirol;2025-06-04;42.95
Tirol;2025-06-05;43.62
Tirol;2025-06-06;44.27
Tirol;2025-06-07;44.83
Tirol;2025-06-08;45.18
Tirol;2025-06-09;45.28
Tirol;2025-06-10;45.04
Tirol;2025-06-11;44.53
Tirol;2025-06-12;43.81
Tirol;2025-06-13;42.91
Tirol;2025-06-14;41.91
Tirol;2025-06-15;40.84
Tirol;2025-06-16;39.77
Tirol;2025-06-17;38.7
Tirol;2025-06-18;37.65
Tirol;2025-06-19;36.57
Tirol;2025-06-20;35.55
Tirol;2025-06-21;34.59
Tirol;2025-06-22;33.71
Tirol;2025-06-23;33.0
Tirol;2025-06-24;32.43
Tirol;2025-06-25;31.95
Tirol;2025-06-26;31.58
Tirol;2025-06-27;31.28
Tirol;2025-06-28;31.03
Tirol;2025-06-29;30.82
Tirol;2025-06-30;30.72
Tirol;2025-07-01;30.68
Tirol;2025-07-02;30.79
Tirol;2025-07-03;31.02
Tirol;2025-07-04;31.32
Tirol;2025-07-05;31.74
Tirol;2025-07-06;32.26
Tirol;2025-07-07;32.87
Tirol;2025-07-08;33.63
Tirol;2025-07-09;34.56
Tirol;2025-07-10;35.56
Tirol;2025-07-11;36.67
Tirol;2025-07-12;37.82
Tirol;2025-07-13;39.01
Tirol;2025-07-14;40.15
Tirol;2025-07-15;41.21
Tirol;2025-07-16;42.14
Tirol;2025-07-17;42.86
Tirol;2025-07-18;43.45
Tirol;2025-07-19;43.93
Tirol;2025-07-20;44.4
Tirol;2025-07-21;44.81
Tirol;2025-07-22;45.33
Tirol;2025-07-23;45.94
Tirol;2025-07-24;46.68
Tirol;2025-07-25;47.59
Tirol;2025-07-26;48.58
Tirol;2025-07-27;49.63
Tirol;2025-07-28;50.62
Tirol;2025-07-29;51.58
Tirol;2025-07-30;52.44
Tirol;2025-07-31;53.16
Tirol;2025-08-01;53.81
Tirol;2025-08-02;54.38
Tirol;2025-08-03;54.84
Tirol;2025-08-04;55.36
Tirol;2025-08-05;55.84
Tirol;2025-08-06;56.31
Tirol;2025-08-07;56.73
Tirol;2025-08-08;57.0
Tirol;2025-08-09;57.28
Tirol;2025-08-10;57.51
Tirol;2025-08-11;57.7
Tirol;2025-08-12;57.87
Tirol;2025-08-13;60.0
Salzburg;2022-09-01;82.53
Salzburg;2022-09-02;82.4
Salzburg;2022-09-03;82.51
Salzburg;2022-09-04;82.84
Salzburg;2022-09-05;83.59
Salzburg;2022-09-06;84.56
Salzburg;2022-09-07;86.04
Salzburg;2022-09-08;87.78
Salzburg;2022-09-09;90.05
Salzburg;2022-09-10;92.81
Salzburg;2022-09-11;96.27
Salzburg;2022-09-12;100.44
Salzburg;2022-09-13;105.53
Salzburg;2022-09-14;111.33
Salzburg;2022-09-15;117.81
Salzburg;2022-09-16;124.97
Salzburg;2022-09-17;132.67
Salzburg;2022-09-18;141.12
Salzburg;2022-09-19;150.28
Salzburg;2022-09-20;160.18
Salzburg;2022-09-21;170.56
Salzburg;2022-09-22;181.34
Salzburg;2022-09-23;192.31
Salzburg;2022-09-24;203.16
Salzburg;2022-09-25;213.83
Salzburg;2022-09-26;224.03
Salzburg;2022-09-27;233.74
Salzburg;2022-09-28;242.77
Salzburg;2022-09-29;251.19
Salzburg;2022-09-30;258.76
Salzburg;2022-10-01;265.34
Salzburg;2022-10-02;270.76
Salzburg;2022-10-03;274.63
Salzburg;2022-10-04;276.93
Salzburg;2022-10-05;277.64
Salzburg;2022-10-06;276.82
Salzburg;2022-10-07;274.49
Salzburg;2022-10-08;270.51
Salzburg;2022-10-09;264.53
Salzburg;2022-10-10;256.6
Salzburg;2022-10-11;246.93
Salzburg;2022-10-12;235.99
Salzburg;2022-10-13;224.35
Salzburg;2022-10-14;212.29
Salzburg;2022-10-15;200.31
Salzburg;2022-10-16;188.63
Salzburg;2022-10-17;177.57
Salzburg;2022-10-18;167.45
Salzburg;2022-10-19;158.29
Salzburg;2022-10-20;149.89
Salzburg;2022-10-21;142.32
Salzburg;2022-10-22;135.22
Salzburg;2022-10-23;128.7
Salzburg;2022-10-24;122.54
Salzburg;2022-10-25;116.87
Salzburg;2022-10-26;111.56
Salzburg;2022-10-27;106.53
Salzburg;2022-10-28;101.96
Salzburg;2022-10-29;97.87
Salzburg;2022-10-30;94.29
Salzburg;2022-10-31;91.49
Salzburg;2022-11-01;89.33
Salzburg;2022-11-02;87.72
Salzburg;2022-11-03;86.48
Salzburg;2022-11-04;85.66
Salzburg;2022-11-05;85.0
Salzburg;2022-11-06;84.58
Salzburg;2022-11-07;84.33
Salzburg;2022-11-08;84.15
Salzburg;2022-11-09;83.96
Salzburg;2022-11-10;83.85
Salzburg;2022-11-11;83.69
Salzburg;2022-11-12;83.47
Salzburg;2022-11-13;83.26
Salzburg;2022-11-14;82.96
Salzburg;2022-11-15;82.82
Salzburg;2022-11-16;82.86
Salzburg;2022-11-17;83.06
Salzburg;2022-11-18;83.54
Salzburg;2022-11-19;84.28
Salzburg;2022-11-20;85.12
Salzburg;2022-11-21;86.17
Salzburg;2022-11-22;87.44
Salzburg;2022-11-23;88.92
Salzburg;2022-11-24;90.64
Salzburg;2022-11-25;92.4
Salzburg;2022-11-26;94.3
Salzburg;2022-11-27;96.08
Salzburg;2022-11-28;97.85
Salzburg;2022-11-29;99.67
Salzburg;2022-11-30;101.44
Salzburg;2022-12-01;103.23
Salzburg;2022-12-02;105.03
Salzburg;2022-12-03;106.88
Salzburg;2022-12-04;108.98
Salzburg;2022-12-05;109.99
Salzburg;2022-12-06;112.21
Salzburg;2022-12-07;114.85
Salzburg;2022-12-08;117.75
Salzburg;2022-12-09;120.77
Salzburg;2022-12-10;123.77
Salzburg;2022-12-11;126.54
Salzburg;2022-12-12;128.95
Salzburg;2022-12-13;131.23
Salzburg;2022-12-14;133.35
Salzburg;2022-12-15;135.45
Salzburg;2022-12-16;137.52
Salzburg;2022-12-17;139.42
Salzburg;2022-12-18;141.24
Salzburg;2022-12-19;142.76
Salzburg;2022-12-20;144.01
Salzburg;2022-12-21;144.84
Salzburg;2022-12-22;145.29
Salzburg;2022-12-23;145.5
Salzburg;2022-12-24;145.44
Salzburg;2022-12-25;145.19
Salzburg;2022-12-26;144.64
Salzburg;2022-12-27;143.75
Salzburg;2022-12-28;142.58
Salzburg;2022-12-29;141.06
Salzburg;2022-12-30;139.26
Salzburg;2022-12-31;137.28
Salzburg;2023-01-01;135.06
Salzburg;2023-01-02;132.97
Salzburg;2023-01-03;131.18
Salzburg;2023-01-04;129.88
Salzburg;2023-01-05;129.15
Salzburg;2023-01-06;128.81
Salzburg;2023-01-07;128.54
Salzburg;2023-01-08;128.08
Salzburg;2023-01-09;127.45
Salzburg;2023-01-10;126.43
Salzburg;2023-01-11;125.19
Salzburg;2023-01-12;123.84
Salzburg;2023-01-13;122.46
Salzburg;2023-01-14;121.25
Salzburg;2023-01-15;120.41
Salzburg;2023-01-16;120.14
Salzburg;2023-01-17;120.59
Salzburg;2023-01-18;121.86
Salzburg;2023-01-19;123.82
Salzburg;2023-01-20;126.57
Salzburg;2023-01-21;129.93
Salzburg;2023-01-22;134.01
Salzburg;2023-01-23;138.81
Salzburg;2023-01-24;144.48
Salzburg;2023-01-25;150.88
Salzburg;2023-01-26;157.91
Salzburg;2023-01-27;165.4
Salzburg;2023-01-28;173.22
Salzburg;2023-01-29;181.53
Salzburg;2023-01-30;190.15
Salzburg;2023-01-31;199.41
Salzburg;2023-02-01;209.16
Salzburg;2023-02-02;219.3
Salzburg;2023-02-03;229.46
Salzburg;2023-02-04;239.22
Salzburg;2023-02-05;248.14
Salzburg;2023-02-06;256.01
Salzburg;2023-02-07;262.74
Salzburg;2023-02-08;268.24
Salzburg;2023-02-09;272.77
Salzburg;2023-02-10;276.46
Salzburg;2023-02-11;279.4
Salzburg;2023-02-12;281.7
Salzburg;2023-02-13;283.35
Salzburg;2023-02-14;284.53
Salzburg;2023-02-15;285.34
Salzburg;2023-02-16;285.94
Salzburg;2023-02-17;286.35
Salzburg;2023-02-18;286.52
Salzburg;2023-02-19;286.56
Salzburg;2023-02-20;286.53
Salzburg;2023-02-21;286.54
Salzburg;2023-02-22;286.66
Salzburg;2023-02-23;286.83
Salzburg;2023-02-24;286.84
Salzburg;2023-02-25;286.44
Salzburg;2023-02-26;285.42
Salzburg;2023-02-27;283.59
Salzburg;2023-02-28;280.85
Salzburg;2023-03-01;277.19
Salzburg;2023-03-02;272.61
Salzburg;2023-03-03;267.04
Salzburg;2023-03-04;260.25
Salzburg;2023-03-05;252.15
Salzburg;2023-03-06;242.74
Salzburg;2023-03-07;232.52
Salzburg;2023-03-08;221.88
Salzburg;2023-03-09;211.25
Salzburg;2023-03-10;200.85
Salzburg;2023-03-11;190.84
Salzburg;2023-03-12;181.55
Salzburg;2023-03-13;173.15
Salzburg;2023-03-14;165.88
Salzburg;2023-03-15;159.8
Salzburg;2023-03-16;154.73
Salzburg;2023-03-17;150.26
Salzburg;2023-03-18;146.07
Salzburg;2023-03-19;141.86
Salzburg;2023-03-20;137.47
Salzburg;2023-03-21;132.93
Salzburg;2023-03-22;128.31
Salzburg;2023-03-23;123.6
Salzburg;2023-03-24;118.97
Salzburg;2023-03-25;114.34
Salzburg;2023-03-26;109.84
Salzburg;2023-03-27;105.43
Salzburg;2023-03-28;101.38
Salzburg;2023-03-29;97.54
Salzburg;2023-03-30;94.06
Salzburg;2023-03-31;90.78
Salzburg;2023-04-01;87.68
Salzburg;2023-04-02;84.79
Salzburg;2023-04-03;82.14
Salzburg;2023-04-04;79.83
Salzburg;2023-04-05;77.9
Salzburg;2023-04-06;76.31
Salzburg;2023-04-07;75.01
Salzburg;2023-04-08;73.79
Salzburg;2023-04-09;72.62
Salzburg;2023-04-10;71.52
Salzburg;2023-04-11;70.48
Salzburg;2023-04-12;69.44
Salzburg;2023-04-13;68.51
Salzburg;2023-04-14;67.66
Salzburg;2023-04-15;66.72
Salzburg;2023-04-16;65.85
Salzburg;2023-04-17;65.0
Salzburg;2023-04-18;64.2
Salzburg;2023-04-19;63.66
Salzburg;2023-04-20;63.31
Salzburg;2023-04-21;63.03
Salzburg;2023-04-22;62.7
Salzburg;2023-04-23;62.17
Salzburg;2023-04-24;61.36
Salzburg;2023-04-25;60.43
Salzburg;2023-04-26;59.46
Salzburg;2023-04-27;58.45
Salzburg;2023-04-28;57.54
Salzburg;2023-04-29;56.57
Salzburg;2023-04-30;55.64
Salzburg;2023-05-01;54.56
Salzburg;2023-05-02;53.44
Salzburg;2023-05-03;52.26
Salzburg;2023-05-04;50.86
Salzburg;2023-05-05;49.39
Salzburg;2023-05-06;47.75
Salzburg;2023-05-07;46.01
Salzburg;2023-05-08;44.18
Salzburg;2023-05-09;42.22
Salzburg;2023-05-10;40.32
Salzburg;2023-05-11;38.41
Salzburg;2023-05-12;36.58
Salzburg;2023-05-13;34.84
Salzburg;2023-05-14;33.2
Salzburg;2023-05-15;31.76
Salzburg;2023-05-16;30.42
Salzburg;2023-05-17;29.29
Salzburg;2023-05-18;28.27
Salzburg;2023-05-19;27.37
Salzburg;2023-05-20;26.49
Salzburg;2023-05-21;25.65
Salzburg;2023-05-22;24.72
Salzburg;2023-05-23;23.91
Salzburg;2023-05-24;23.17
Salzburg;2023-05-25;22.45
Salzburg;2023-05-26;21.89
Salzburg;2023-05-27;21.43
Salzburg;2023-05-28;20.95
Salzburg;2023-05-29;20.57
Salzburg;2023-05-30;20.19
Salzburg;2023-05-31;19.87
Salzburg;2023-06-01;19.56
Salzburg;2023-06-02;19.29
Salzburg;2023-06-03;19.06
Salzburg;2023-06-04;18.73
Salzburg;2023-06-05;18.49
Salzburg;2023-06-06;18.2
Salzburg;2023-06-07;17.87
Salzburg;2023-06-08;17.67
Salzburg;2023-06-09;17.48
Salzburg;2023-06-10;17.36
Salzburg;2023-06-11;17.25
Salzburg;2023-06-12;17.19
Salzburg;2023-06-13;17.16
Salzburg;2023-06-14;17.14
Salzburg;2023-06-15;17.15
Salzburg;2023-06-16;17.06
Salzburg;2023-06-17;17.06
Salzburg;2023-06-18;16.97
Salzburg;2023-06-19;16.8
Salzburg;2023-06-20;16.57
Salzburg;2023-06-21;16.36
Salzburg;2023-06-22;16.16
Salzburg;2023-06-23;15.91
Salzburg;2023-06-24;15.74
Salzburg;2023-06-25;15.57
Salzburg;2023-06-26;15.48
Salzburg;2023-06-27;15.48
Salzburg;2023-06-28;15.63
Salzburg;2023-06-29;15.86
Salzburg;2023-06-30;16.09
Salzburg;2023-07-01;16.47
Salzburg;2023-07-02;16.91
Salzburg;2023-07-03;17.34
Salzburg;2023-07-04;17.85
Salzburg;2023-07-05;18.43
Salzburg;2023-07-06;18.92
Salzburg;2023-07-07;19.5
Salzburg;2023-07-08;20.01
Salzburg;2023-07-09;20.5
Salzburg;2023-07-10;20.93
Salzburg;2023-07-11;21.27
Salzburg;2023-07-12;21.53
Salzburg;2023-07-13;21.72
Salzburg;2023-07-14;21.92
Salzburg;2023-07-15;21.97
Salzburg;2023-07-16;22.03
Salzburg;2023-07-17;22.2
Salzburg;2023-07-18;22.3
Salzburg;2023-07-19;22.59
Salzburg;2023-07-20;22.91
Salzburg;2023-07-21;23.23
Salzburg;2023-07-22;23.58
Salzburg;2023-07-23;23.93
Salzburg;2023-07-24;24.21
Salzburg;2023-07-25;24.58
Salzburg;2023-07-26;25.04
Salzburg;2023-07-27;25.6
Salzburg;2023-07-28;26.18
Salzburg;2023-07-29;26.84
Salzburg;2023-07-30;27.53
Salzburg;2023-07-31;28.24
Salzburg;2023-08-01;29.03
Salzburg;2023-08-02;30.0
Salzburg;2023-08-03;30.98
Salzburg;2023-08-04;32.11
Salzburg;2023-08-05;33.41
Salzburg;2023-08-06;34.79
Salzburg;2023-08-07;36.27
Salzburg;2023-08-08;37.94
Salzburg;2023-08-09;39.54
Salzburg;2023-08-10;41.18
Salzburg;2023-08-11;42.85
Salzburg;2023-08-12;44.37
Salzburg;2023-08-13;45.69
Salzburg;2023-08-14;46.86
Salzburg;2023-08-15;47.87
Salzburg;2023-08-16;48.73
Salzburg;2023-08-17;49.34
Salzburg;2023-08-18;49.85
Salzburg;2023-08-19;50.32
Salzburg;2023-08-20;50.5
Salzburg;2023-08-21;50.72
Salzburg;2023-08-22;50.72
Salzburg;2023-08-23;50.77
Salzburg;2023-08-24;50.81
Salzburg;2023-08-25;50.91
Salzburg;2023-08-26;51.17
Salzburg;2023-08-27;51.71
Salzburg;2023-08-28;52.51
Salzburg;2023-08-29;53.67
Salzburg;2023-08-30;55.11
Salzburg;2023-08-31;56.76
Salzburg;2023-09-01;58.53
Salzburg;2023-09-02;60.35
Salzburg;2023-09-03;62.18
Salzburg;2023-09-04;63.98
Salzburg;2023-09-05;65.99
Salzburg;2023-09-06;68.18
Salzburg;2023-09-07;70.58
Salzburg;2023-09-08;73.29
Salzburg;2023-09-09;76.17
Salzburg;2023-09-10;79.22
Salzburg;2023-09-11;82.4
Salzburg;2023-09-12;85.78
Salzburg;2023-09-13;89.31
Salzburg;2023-09-14;92.97
Salzburg;2023-09-15;96.82
Salzburg;2023-09-16;100.85
Salzburg;2023-09-17;105.11
Salzburg;2023-09-18;109.63
Salzburg;2023-09-19;114.42
Salzburg;2023-09-20;119.42
Salzburg;2023-09-21;124.54
Salzburg;2023-09-22;129.64
Salzburg;2023-09-23;134.62
Salzburg;2023-09-24;139.38
Salzburg;2023-09-25;143.72
Salzburg;2023-09-26;147.71
Salzburg;2023-09-27;151.36
Salzburg;2023-09-28;154.56
Salzburg;2023-09-29;157.34
Salzburg;2023-09-30;159.76
Salzburg;2023-10-01;161.7
Salzburg;2023-10-02;163.1
Salzburg;2023-10-03;164.1
Salzburg;2023-10-04;164.77
Salzburg;2023-10-05;165.18
Salzburg;2023-10-06;165.48
Salzburg;2023-10-07;165.52
Salzburg;2023-10-08;165.45
Salzburg;2023-10-09;165.01
Salzburg;2023-10-10;164.3
Salzburg;2023-10-11;163.03
Salzburg;2023-10-12;161.49
Salzburg;2023-10-13;159.77
Salzburg;2023-10-14;158.11
Salzburg;2023-10-15;156.89
Salzburg;2023-10-16;156.26
Salzburg;2023-10-17;156.26
Salzburg;2023-10-18;156.93
Salzburg;2023-10-19;158.19
Salzburg;2023-10-20;159.84
Salzburg;2023-10-21;161.95
Salzburg;2023-10-22;164.28
Salzburg;2023-10-23;166.82
Salzburg;2023-10-24;169.34
Salzburg;2023-10-25;171.63
Salzburg;2023-10-26;173.82
Salzburg;2023-10-27;175.76
Salzburg;2023-10-28;177.7
Salzburg;2023-10-29;179.77
Salzburg;2023-10-30;181.75
Salzburg;2023-10-31;184.01
Salzburg;2023-11-01;186.3
Salzburg;2023-11-02;188.77
Salzburg;2023-11-03;191.67
Salzburg;2023-11-04;195.07
Salzburg;2023-11-05;199.36
Salzburg;2023-11-06;204.73
Salzburg;2023-11-07;211.35
Salzburg;2023-11-08;219.28
Salzburg;2023-11-09;228.29
Salzburg;2023-11-10;237.81
Salzburg;2023-11-11;247.34
Salzburg;2023-11-12;256.51
Salzburg;2023-11-13;265.22
Salzburg;2023-11-14;273.57
Salzburg;2023-11-15;281.92
Salzburg;2023-11-16;290.51
Salzburg;2023-11-17;299.44
Salzburg;2023-11-18;308.79
Salzburg;2023-11-19;318.67
Salzburg;2023-11-20;329.11
Salzburg;2023-11-21;340.15
Salzburg;2023-11-22;351.8
Salzburg;2023-11-23;363.81
Salzburg;2023-11-24;375.96
Salzburg;2023-11-25;388.2
Salzburg;2023-11-26;400.21
Salzburg;2023-11-27;411.94
Salzburg;2023-11-28;423.52
Salzburg;2023-11-29;435.0
Salzburg;2023-11-30;446.2
Salzburg;2023-12-01;457.21
Salzburg;2023-12-02;467.62
Salzburg;2023-12-03;477.23
Salzburg;2023-12-04;485.9
Salzburg;2023-12-05;493.4
Salzburg;2023-12-06;499.62
Salzburg;2023-12-07;504.48
Salzburg;2023-12-08;507.69
Salzburg;2023-12-09;508.88
Salzburg;2023-12-10;507.56
Salzburg;2023-12-11;503.56
Salzburg;2023-12-12;497.44
Salzburg;2023-12-13;489.63
Salzburg;2023-12-14;480.9
Salzburg;2023-12-15;471.55
Salzburg;2023-12-16;461.76
Salzburg;2023-12-17;451.79
Salzburg;2023-12-18;441.76
Salzburg;2023-12-19;432.09
Salzburg;2023-12-20;422.94
Salzburg;2023-12-21;414.22
Salzburg;2023-12-22;405.79
Salzburg;2023-12-23;397.52
Salzburg;2023-12-24;389.14
Salzburg;2023-12-25;380.38
Salzburg;2023-12-26;371.03
Salzburg;2023-12-27;360.95
Salzburg;2023-12-28;350.35
Salzburg;2023-12-29;339.16
Salzburg;2023-12-30;327.8
Salzburg;2023-12-31;316.39
Salzburg;2024-01-01;304.96
Salzburg;2024-01-02;293.74
Salzburg;2024-01-03;282.68
Salzburg;2024-01-04;271.77
Salzburg;2024-01-05;260.87
Salzburg;2024-01-06;249.94
Salzburg;2024-01-07;238.8
Salzburg;2024-01-08;227.44
Salzburg;2024-01-09;216.2
Salzburg;2024-01-10;205.17
Salzburg;2024-01-11;194.48
Salzburg;2024-01-12;183.93
Salzburg;2024-01-13;173.56
Salzburg;2024-01-14;163.22
Salzburg;2024-01-15;153.0
Salzburg;2024-01-16;143.05
Salzburg;2024-01-17;133.36
Salzburg;2024-01-18;124.0
Salzburg;2024-01-19;115.13
Salzburg;2024-01-20;106.71
Salzburg;2024-01-21;98.99
Salzburg;2024-01-22;92.02
Salzburg;2024-01-23;85.85
Salzburg;2024-01-24;80.45
Salzburg;2024-01-25;75.6
Salzburg;2024-01-26;71.21
Salzburg;2024-01-27;67.09
Salzburg;2024-01-28;63.18
Salzburg;2024-01-29;59.46
Salzburg;2024-01-30;55.97
Salzburg;2024-01-31;52.65
Salzburg;2024-02-01;49.69
Salzburg;2024-02-02;46.98
Salzburg;2024-02-03;44.45
Salzburg;2024-02-04;42.16
Salzburg;2024-02-05;40.04
Salzburg;2024-02-06;38.24
Salzburg;2024-02-07;36.69
Salzburg;2024-02-08;35.31
Salzburg;2024-02-09;34.12
Salzburg;2024-02-10;33.03
Salzburg;2024-02-11;32.06
Salzburg;2024-02-12;31.14
Salzburg;2024-02-13;30.42
Salzburg;2024-02-14;29.67
Salzburg;2024-02-15;29.12
Salzburg;2024-02-16;28.51
Salzburg;2024-02-17;27.94
Salzburg;2024-02-18;27.32
Salzburg;2024-02-19;26.65
Salzburg;2024-02-20;25.95
Salzburg;2024-02-21;25.19
Salzburg;2024-02-22;24.45
Salzburg;2024-02-23;23.61
Salzburg;2024-02-24;22.71
Salzburg;2024-02-25;21.67
Salzburg;2024-02-26;20.61
Salzburg;2024-02-27;19.45
Salzburg;2024-02-28;18.25
Salzburg;2024-02-29;17.06
Salzburg;2024-03-01;15.96
Salzburg;2024-03-02;14.93
Salzburg;2024-03-03;13.99
Salzburg;2024-03-04;13.19
Salzburg;2024-03-05;12.5
Salzburg;2024-03-06;11.94
Salzburg;2024-03-07;11.46
Salzburg;2024-03-08;11.01
Salzburg;2024-03-09;10.65
Salzburg;2024-03-10;10.31
Salzburg;2024-03-11;9.98
Salzburg;2024-03-12;9.64
Salzburg;2024-03-13;9.3
Salzburg;2024-03-14;9.02
Salzburg;2024-03-15;8.75
Salzburg;2024-03-16;8.57
Salzburg;2024-03-17;8.4
Salzburg;2024-03-18;8.27
Salzburg;2024-03-19;8.31
Salzburg;2024-03-20;8.39
Salzburg;2024-03-21;8.5
Salzburg;2024-03-22;8.68
Salzburg;2024-03-23;8.81
Salzburg;2024-03-24;8.93
Salzburg;2024-03-25;9.04
Salzburg;2024-03-26;8.98
Salzburg;2024-03-27;8.92
Salzburg;2024-03-28;8.84
Salzburg;2024-03-29;8.67
Salzburg;2024-03-30;8.44
Salzburg;2024-03-31;8.25
Salzburg;2024-04-01;8.0
Salzburg;2024-04-02;7.74
Salzburg;2024-04-03;7.4
Salzburg;2024-04-04;7.13
Salzburg;2024-04-05;6.87
Salzburg;2024-04-06;6.62
Salzburg;2024-04-07;6.38
Salzburg;2024-04-08;6.32
Salzburg;2024-04-09;6.2
Salzburg;2024-04-10;6.24
Salzburg;2024-04-11;6.29
Salzburg;2024-04-12;6.44
Salzburg;2024-04-13;6.59
Salzburg;2024-04-14;6.74
Salzburg;2024-04-15;6.9
Salzburg;2024-04-16;7.12
Salzburg;2024-04-17;7.45
Salzburg;2024-04-18;7.77
Salzburg;2024-04-19;8.17
Salzburg;2024-04-20;8.57
Salzburg;2024-04-21;9.05
Salzburg;2024-04-22;9.55
Salzburg;2024-04-23;10.13
Salzburg;2024-04-24;10.8
Salzburg;2024-04-25;11.49
Salzburg;2024-04-26;12.27
Salzburg;2024-04-27;12.98
Salzburg;2024-04-28;13.72
Salzburg;2024-04-29;14.39
Salzburg;2024-04-30;14.93
Salzburg;2024-05-01;15.57
Salzburg;2024-05-02;16.05
Salzburg;2024-05-03;16.56
Salzburg;2024-05-04;17.01
Salzburg;2024-05-05;17.48
Salzburg;2024-05-06;17.9
Salzburg;2024-05-07;18.35
Salzburg;2024-05-08;18.9
Salzburg;2024-05-09;19.54
Salzburg;2024-05-10;20.29
Salzburg;2024-05-11;21.1
Salzburg;2024-05-12;21.92
Salzburg;2024-05-13;22.88
Salzburg;2024-05-14;23.85
Salzburg;2024-05-15;24.96
Salzburg;2024-05-16;26.08
Salzburg;2024-05-17;27.29
Salzburg;2024-05-18;28.56
Salzburg;2024-05-19;29.85
Salzburg;2024-05-20;31.2
Salzburg;2024-05-21;32.58
Salzburg;2024-05-22;34.07
Salzburg;2024-05-23;35.51
Salzburg;2024-05-24;36.97
Salzburg;2024-05-25;38.35
Salzburg;2024-05-26;39.49
Salzburg;2024-05-27;40.51
Salzburg;2024-05-28;41.35
Salzburg;2024-05-29;42.05
Salzburg;2024-05-30;42.68
Salzburg;2024-05-31;43.19
Salzburg;2024-06-01;43.71
Salzburg;2024-06-02;44.13
Salzburg;2024-06-03;44.63
Salzburg;2024-06-04;45.29
Salzburg;2024-06-05;46.15
Salzburg;2024-06-06;47.19
Salzburg;2024-06-07;48.5
Salzburg;2024-06-08;49.98
Salzburg;2024-06-09;51.56
Salzburg;2024-06-10;53.36
Salzburg;2024-06-11;55.15
Salzburg;2024-06-12;57.12
Salzburg;2024-06-13;59.14
Salzburg;2024-06-14;61.14
Salzburg;2024-06-15;63.13
Salzburg;2024-06-16;65.06
Salzburg;2024-06-17;66.76
Salzburg;2024-06-18;68.39
Salzburg;2024-06-19;69.88
Salzburg;2024-06-20;71.23
Salzburg;2024-06-21;72.51
Salzburg;2024-06-22;73.77
Salzburg;2024-06-23;75.07
Salzburg;2024-06-24;76.44
Salzburg;2024-06-25;78.01
Salzburg;2024-06-26;79.63
Salzburg;2024-06-27;81.42
Salzburg;2024-06-28;83.15
Salzburg;2024-06-29;84.73
Salzburg;2024-06-30;86.17
Salzburg;2024-07-01;87.4
Salzburg;2024-07-02;88.61
Salzburg;2024-07-03;89.96
Salzburg;2024-07-04;91.64
Salzburg;2024-07-05;93.46
Salzburg;2024-07-06;95.35
Salzburg;2024-07-07;97.41
Salzburg;2024-07-08;99.44
Salzburg;2024-07-09;101.44
Salzburg;2024-07-10;103.48
Salzburg;2024-07-11;105.34
Salzburg;2024-07-12;106.96
Salzburg;2024-07-13;107.95
Salzburg;2024-07-14;108.26
Salzburg;2024-07-15;107.65
Salzburg;2024-07-16;106.41
Salzburg;2024-07-17;104.86
Salzburg;2024-07-18;103.08
Salzburg;2024-07-19;101.39
Salzburg;2024-07-20;99.74
Salzburg;2024-07-21;98.26
Salzburg;2024-07-22;96.98
Salzburg;2024-07-23;96.2
Salzburg;2024-07-24;96.02
Salzburg;2024-07-25;96.3
Salzburg;2024-07-26;96.96
Salzburg;2024-07-27;97.91
Salzburg;2024-07-28;99.01
Salzburg;2024-07-29;100.17
Salzburg;2024-07-30;101.18
Salzburg;2024-07-31;102.1
Salzburg;2024-08-01;102.75
Salzburg;2024-08-02;103.24
Salzburg;2024-08-03;103.5
Salzburg;2024-08-04;103.52
Salzburg;2024-08-05;103.23
Salzburg;2024-08-06;102.63
Salzburg;2024-08-07;101.89
Salzburg;2024-08-08;100.89
Salzburg;2024-08-09;99.98
Salzburg;2024-08-10;99.12
Salzburg;2024-08-11;98.61
Salzburg;2024-08-12;98.39
Salzburg;2024-08-13;98.64
Salzburg;2024-08-14;99.27
Salzburg;2024-08-15;100.35
Salzburg;2024-08-16;101.61
Salzburg;2024-08-17;103.12
Salzburg;2024-08-18;104.72
Salzburg;2024-08-19;106.47
Salzburg;2024-08-20;108.26
Salzburg;2024-08-21;110.06
Salzburg;2024-08-22;111.82
Salzburg;2024-08-23;113.56
Salzburg;2024-08-24;115.22
Salzburg;2024-08-25;116.86
Salzburg;2024-08-26;118.51
Salzburg;2024-08-27;120.04
Salzburg;2024-08-28;121.65
Salzburg;2024-08-29;123.25
Salzburg;2024-08-30;124.89
Salzburg;2024-08-31;126.45
Salzburg;2024-09-01;127.91
Salzburg;2024-09-02;129.41
Salzburg;2024-09-03;130.88
Salzburg;2024-09-04;132.51
Salzburg;2024-09-05;134.33
Salzburg;2024-09-06;136.5
Salzburg;2024-09-07;139.1
Salzburg;2024-09-08;142.34
Salzburg;2024-09-09;146.49
Salzburg;2024-09-10;151.79
Salzburg;2024-09-11;158.35
Salzburg;2024-09-12;166.04
Salzburg;2024-09-13;174.82
Salzburg;2024-09-14;184.32
Salzburg;2024-09-15;194.6
Salzburg;2024-09-16;205.75
Salzburg;2024-09-17;217.67
Salzburg;2024-09-18;230.36
Salzburg;2024-09-19;243.64
Salzburg;2024-09-20;256.89
Salzburg;2024-09-21;269.71
Salzburg;2024-09-22;281.64
Salzburg;2024-09-23;292.22
Salzburg;2024-09-24;301.29
Salzburg;2024-09-25;308.93
Salzburg;2024-09-26;315.04
Salzburg;2024-09-27;319.76
Salzburg;2024-09-28;322.88
Salzburg;2024-09-29;324.37
Salzburg;2024-09-30;324.15
Salzburg;2024-10-01;322.7
Salzburg;2024-10-02;320.5
Salzburg;2024-10-03;317.81
Salzburg;2024-10-04;314.66
Salzburg;2024-10-05;310.94
Salzburg;2024-10-06;306.47
Salzburg;2024-10-07;301.41
Salzburg;2024-10-08;295.9
Salzburg;2024-10-09;290.27
Salzburg;2024-10-10;284.67
Salzburg;2024-10-11;279.14
Salzburg;2024-10-12;273.57
Salzburg;2024-10-13;267.87
Salzburg;2024-10-14;262.25
Salzburg;2024-10-15;256.82
Salzburg;2024-10-16;251.84
Salzburg;2024-10-17;247.17
Salzburg;2024-10-18;242.63
Salzburg;2024-10-19;237.94
Salzburg;2024-10-20;232.74
Salzburg;2024-10-21;226.88
Salzburg;2024-10-22;220.49
Salzburg;2024-10-23;213.61
Salzburg;2024-10-24;206.4
Salzburg;2024-10-25;198.88
Salzburg;2024-10-26;190.85
Salzburg;2024-10-27;182.34
Salzburg;2024-10-28;173.44
Salzburg;2024-10-29;164.42
Salzburg;2024-10-30;155.62
Salzburg;2024-10-31;147.32
Salzburg;2024-11-01;139.53
Salzburg;2024-11-02;132.35
Salzburg;2024-11-03;125.87
Salzburg;2024-11-04;120.17
Salzburg;2024-11-05;115.33
Salzburg;2024-11-06;111.04
Salzburg;2024-11-07;107.33
Salzburg;2024-11-08;104.01
Salzburg;2024-11-09;100.82
Salzburg;2024-11-10;97.83
Salzburg;2024-11-11;94.83
Salzburg;2024-11-12;91.96
Salzburg;2024-11-13;89.22
Salzburg;2024-11-14;86.5
Salzburg;2024-11-15;83.89
Salzburg;2024-11-16;81.54
Salzburg;2024-11-17;79.39
Salzburg;2024-11-18;77.53
Salzburg;2024-11-19;76.03
Salzburg;2024-11-20;74.76
Salzburg;2024-11-21;73.6
Salzburg;2024-11-22;72.67
Salzburg;2024-11-23;71.79
Salzburg;2024-11-24;70.9
Salzburg;2024-11-25;70.18
Salzburg;2024-11-26;69.59
Salzburg;2024-11-27;69.22
Salzburg;2024-11-28;69.31
Salzburg;2024-11-29;69.65
Salzburg;2024-11-30;70.27
Salzburg;2024-12-01;71.28
Salzburg;2024-12-02;72.73
Salzburg;2024-12-03;74.55
Salzburg;2024-12-04;76.61
Salzburg;2024-12-05;78.82
Salzburg;2024-12-06;80.94
Salzburg;2024-12-07;82.64
Salzburg;2024-12-08;83.78
Salzburg;2024-12-09;84.25
Salzburg;2024-12-10;84.16
Salzburg;2024-12-11;83.65
Salzburg;2024-12-12;83.0
Salzburg;2024-12-13;82.29
Salzburg;2024-12-14;81.6
Salzburg;2024-12-15;80.9
Salzburg;2024-12-16;80.2
Salzburg;2024-12-17;79.49
Salzburg;2024-12-18;78.74
Salzburg;2024-12-19;77.92
Salzburg;2024-12-20;77.16
Salzburg;2024-12-21;76.55
Salzburg;2024-12-22;76.15
Salzburg;2024-12-23;75.99
Salzburg;2024-12-24;76.04
Salzburg;2024-12-25;76.33
Salzburg;2024-12-26;76.62
Salzburg;2024-12-27;76.81
Salzburg;2024-12-28;76.85
Salzburg;2024-12-29;76.6
Salzburg;2024-12-30;76.05
Salzburg;2024-12-31;75.13
Salzburg;2025-01-01;74.05
Salzburg;2025-01-02;72.73
Salzburg;2025-01-03;71.3
Salzburg;2025-01-04;69.79
Salzburg;2025-01-05;68.24
Salzburg;2025-01-06;66.58
Salzburg;2025-01-07;64.94
Salzburg;2025-01-08;63.27
Salzburg;2025-01-09;61.49
Salzburg;2025-01-10;59.77
Salzburg;2025-01-11;57.86
Salzburg;2025-01-12;55.85
Salzburg;2025-01-13;53.68
Salzburg;2025-01-14;51.27
Salzburg;2025-01-15;48.73
Salzburg;2025-01-16;46.13
Salzburg;2025-01-17;43.5
Salzburg;2025-01-18;40.9
Salzburg;2025-01-19;38.34
Salzburg;2025-01-20;35.96
Salzburg;2025-01-21;33.72
Salzburg;2025-01-22;31.75
Salzburg;2025-01-23;29.96
Salzburg;2025-01-24;28.26
Salzburg;2025-01-25;26.76
Salzburg;2025-01-26;25.35
Salzburg;2025-01-27;24.03
Salzburg;2025-01-28;22.9
Salzburg;2025-01-29;21.86
Salzburg;2025-01-30;20.91
Salzburg;2025-01-31;20.14
Salzburg;2025-02-01;19.47
Salzburg;2025-02-02;18.89
Salzburg;2025-02-03;18.43
Salzburg;2025-02-04;18.15
Salzburg;2025-02-05;17.95
Salzburg;2025-02-06;17.84
Salzburg;2025-02-07;17.81
Salzburg;2025-02-08;17.77
Salzburg;2025-02-09;17.85
Salzburg;2025-02-10;17.9
Salzburg;2025-02-11;17.98
Salzburg;2025-02-12;18.08
Salzburg;2025-02-13;18.15
Salzburg;2025-02-14;18.3
Salzburg;2025-02-15;18.34
Salzburg;2025-02-16;18.33
Salzburg;2025-02-17;18.32
Salzburg;2025-02-18;18.25
Salzburg;2025-02-19;18.15
Salzburg;2025-02-20;18.07
Salzburg;2025-02-21;17.87
Salzburg;2025-02-22;17.69
Salzburg;2025-02-23;17.38
Salzburg;2025-02-24;16.96
Salzburg;2025-02-25;16.47
Salzburg;2025-02-26;15.92
Salzburg;2025-02-27;15.33
Salzburg;2025-02-28;14.72
Salzburg;2025-03-01;14.21
Salzburg;2025-03-02;13.66
Salzburg;2025-03-03;13.25
Salzburg;2025-03-04;12.76
Salzburg;2025-03-05;12.46
Salzburg;2025-03-06;12.2
Salzburg;2025-03-07;11.92
Salzburg;2025-03-08;11.72
Salzburg;2025-03-09;11.48
Salzburg;2025-03-10;11.28
Salzburg;2025-03-11;11.13
Salzburg;2025-03-12;11.03
Salzburg;2025-03-13;10.82
Salzburg;2025-03-14;10.75
Salzburg;2025-03-15;10.6
Salzburg;2025-03-16;10.61
Salzburg;2025-03-17;10.53
Salzburg;2025-03-18;10.53
Salzburg;2025-03-19;10.51
Salzburg;2025-03-20;10.57
Salzburg;2025-03-21;10.52
Salzburg;2025-03-22;10.45
Salzburg;2025-03-23;10.35
Salzburg;2025-03-24;10.12
Salzburg;2025-03-25;9.86
Salzburg;2025-03-26;9.51
Salzburg;2025-03-27;9.22
Salzburg;2025-03-28;8.94
Salzburg;2025-03-29;8.69
Salzburg;2025-03-30;8.6
Salzburg;2025-03-31;8.64
Salzburg;2025-04-01;8.78
Salzburg;2025-04-02;9.03
Salzburg;2025-04-03;9.4
Salzburg;2025-04-04;9.86
Salzburg;2025-04-05;10.43
Salzburg;2025-04-06;11.01
Salzburg;2025-04-07;11.62
Salzburg;2025-04-08;12.26
Salzburg;2025-04-09;12.92
Salzburg;2025-04-10;13.6
Salzburg;2025-04-11;14.3
Salzburg;2025-04-12;14.93
Salzburg;2025-04-13;15.32
Salzburg;2025-04-14;15.56
Salzburg;2025-04-15;15.65
Salzburg;2025-04-16;15.57
Salzburg;2025-04-17;15.4
Salzburg;2025-04-18;15.12
Salzburg;2025-04-19;14.84
Salzburg;2025-04-20;14.43
Salzburg;2025-04-21;14.15
Salzburg;2025-04-22;13.84
Salzburg;2025-04-23;13.59
Salzburg;2025-04-24;13.42
Salzburg;2025-04-25;13.25
Salzburg;2025-04-26;13.09
Salzburg;2025-04-27;12.94
Salzburg;2025-04-28;12.77
Salzburg;2025-04-29;12.6
Salzburg;2025-04-30;12.49
Salzburg;2025-05-01;12.39
Salzburg;2025-05-02;12.47
Salzburg;2025-05-03;12.47
Salzburg;2025-05-04;12.71
Salzburg;2025-05-05;12.95
Salzburg;2025-05-06;13.36
Salzburg;2025-05-07;13.85
Salzburg;2025-05-08;14.35
Salzburg;2025-05-09;14.94
Salzburg;2025-05-10;15.65
Salzburg;2025-05-11;16.31
Salzburg;2025-05-12;17.0
Salzburg;2025-05-13;17.73
Salzburg;2025-05-14;18.59
Salzburg;2025-05-15;19.49
Salzburg;2025-05-16;20.5
Salzburg;2025-05-17;21.55
Salzburg;2025-05-18;22.71
Salzburg;2025-05-19;23.95
Salzburg;2025-05-20;25.32
Salzburg;2025-05-21;26.75
Salzburg;2025-05-22;28.22
Salzburg;2025-05-23;29.68
Salzburg;2025-05-24;31.1
Salzburg;2025-05-25;32.51
Salzburg;2025-05-26;33.87
Salzburg;2025-05-27;35.22
Salzburg;2025-05-28;36.53
Salzburg;2025-05-29;37.9
Salzburg;2025-05-30;39.2
Salzburg;2025-05-31;40.42
Salzburg;2025-06-01;41.49
Salzburg;2025-06-02;42.47
Salzburg;2025-06-03;43.31
Salzburg;2025-06-04;44.15
Salzburg;2025-06-05;44.95
Salzburg;2025-06-06;45.72
Salzburg;2025-06-07;46.42
Salzburg;2025-06-08;46.96
Salzburg;2025-06-09;47.21
Salzburg;2025-06-10;47.18
Salzburg;2025-06-11;46.73
Salzburg;2025-06-12;45.86
Salzburg;2025-06-13;44.78
Salzburg;2025-06-14;43.58
Salzburg;2025-06-15;42.3
Salzburg;2025-06-16;41.03
Salzburg;2025-06-17;39.85
Salzburg;2025-06-18;38.92
Salzburg;2025-06-19;38.01
Salzburg;2025-06-20;37.27
Salzburg;2025-06-21;36.61
Salzburg;2025-06-22;36.01
Salzburg;2025-06-23;35.44
Salzburg;2025-06-24;34.92
Salzburg;2025-06-25;34.52
Salzburg;2025-06-26;34.33
Salzburg;2025-06-27;34.16
Salzburg;2025-06-28;34.01
Salzburg;2025-06-29;33.96
Salzburg;2025-06-30;33.99
Salzburg;2025-07-01;34.01
Salzburg;2025-07-02;34.08
Salzburg;2025-07-03;34.28
Salzburg;2025-07-04;34.65
Salzburg;2025-07-05;35.01
Salzburg;2025-07-06;35.56
Salzburg;2025-07-07;36.28
Salzburg;2025-07-08;37.21
Salzburg;2025-07-09;38.42
Salzburg;2025-07-10;39.89
Salzburg;2025-07-11;41.4
Salzburg;2025-07-12;42.81
Salzburg;2025-07-13;44.06
Salzburg;2025-07-14;45.06
Salzburg;2025-07-15;45.65
Salzburg;2025-07-16;46.03
Salzburg;2025-07-17;46.25
Salzburg;2025-07-18;46.48
Salzburg;2025-07-19;46.68
Salzburg;2025-07-20;46.97
Salzburg;2025-07-21;47.53
Salzburg;2025-07-22;48.22
Salzburg;2025-07-23;49.17
Salzburg;2025-07-24;50.27
Salzburg;2025-07-25;51.65
Salzburg;2025-07-26;53.29
Salzburg;2025-07-27;55.18
Salzburg;2025-07-28;57.54
Salzburg;2025-07-29;60.3
Salzburg;2025-07-30;63.44
Salzburg;2025-07-31;66.82
Salzburg;2025-08-01;70.27
Salzburg;2025-08-02;73.68
Salzburg;2025-08-03;76.78
Salzburg;2025-08-04;79.57
Salzburg;2025-08-05;82.04
Salzburg;2025-08-06;84.12
Salzburg;2025-08-07;85.91
Salzburg;2025-08-08;87.38
Salzburg;2025-08-09;88.6
Salzburg;2025-08-10;89.4
Salzburg;2025-08-11;91.95
Salzburg;2025-08-12;94.91
Kärnten;2022-09-01;91.9
Kärnten;2022-09-02;92.57
Kärnten;2022-09-03;93.39
Kärnten;2022-09-04;94.28
Kärnten;2022-09-05;95.23
Kärnten;2022-09-06;96.45
Kärnten;2022-09-07;98.07
Kärnten;2022-09-08;100.13
Kärnten;2022-09-09;102.67
Kärnten;2022-09-10;105.78
Kärnten;2022-09-11;109.58
Kärnten;2022-09-12;114.13
Kärnten;2022-09-13;119.48
Kärnten;2022-09-14;125.65
Kärnten;2022-09-15;132.4
Kärnten;2022-09-16;139.78
Kärnten;2022-09-17;147.8
Kärnten;2022-09-18;156.39
Kärnten;2022-09-19;165.59
Kärnten;2022-09-20;175.48
Kärnten;2022-09-21;185.95
Kärnten;2022-09-22;196.91
Kärnten;2022-09-23;208.04
Kärnten;2022-09-24;219.31
Kärnten;2022-09-25;230.39
Kärnten;2022-09-26;241.09
Kärnten;2022-09-27;251.01
Kärnten;2022-09-28;259.84
Kärnten;2022-09-29;267.53
Kärnten;2022-09-30;274.14
Kärnten;2022-10-01;279.62
Kärnten;2022-10-02;283.96
Kärnten;2022-10-03;287.19
Kärnten;2022-10-04;289.35
Kärnten;2022-10-05;290.71
Kärnten;2022-10-06;291.36
Kärnten;2022-10-07;291.08
Kärnten;2022-10-08;289.69
Kärnten;2022-10-09;286.83
Kärnten;2022-10-10;282.25
Kärnten;2022-10-11;276.08
Kärnten;2022-10-12;268.39
Kärnten;2022-10-13;259.6
Kärnten;2022-10-14;250.04
Kärnten;2022-10-15;239.99
Kärnten;2022-10-16;229.65
Kärnten;2022-10-17;219.27
Kärnten;2022-10-18;209.12
Kärnten;2022-10-19;199.2
Kärnten;2022-10-20;189.78
Kärnten;2022-10-21;180.73
Kärnten;2022-10-22;172.16
Kärnten;2022-10-23;164.05
Kärnten;2022-10-24;156.55
Kärnten;2022-10-25;149.54
Kärnten;2022-10-26;142.84
Kärnten;2022-10-27;136.58
Kärnten;2022-10-28;130.64
Kärnten;2022-10-29;124.99
Kärnten;2022-10-30;119.81
Kärnten;2022-10-31;115.06
Kärnten;2022-11-01;110.87
Kärnten;2022-11-02;107.16
Kärnten;2022-11-03;103.9
Kärnten;2022-11-04;101.1
Kärnten;2022-11-05;98.65
Kärnten;2022-11-06;96.73
Kärnten;2022-11-07;95.42
Kärnten;2022-11-08;94.7
Kärnten;2022-11-09;94.64
Kärnten;2022-11-10;95.08
Kärnten;2022-11-11;95.96
Kärnten;2022-11-12;97.07
Kärnten;2022-11-13;98.39
Kärnten;2022-11-14;99.75
Kärnten;2022-11-15;101.33
Kärnten;2022-11-16;103.07
Kärnten;2022-11-17;104.98
Kärnten;2022-11-18;107.05
Kärnten;2022-11-19;109.11
Kärnten;2022-11-20;111.1
Kärnten;2022-11-21;113.19
Kärnten;2022-11-22;115.34
Kärnten;2022-11-23;117.58
Kärnten;2022-11-24;120.02
Kärnten;2022-11-25;122.47
Kärnten;2022-11-26;124.88
Kärnten;2022-11-27;127.11
Kärnten;2022-11-28;128.99
Kärnten;2022-11-29;130.54
Kärnten;2022-11-30;131.7
Kärnten;2022-12-01;132.5
Kärnten;2022-12-02;133.17
Kärnten;2022-12-03;133.73
Kärnten;2022-12-04;134.31
Kärnten;2022-12-05;135.13
Kärnten;2022-12-06;136.25
Kärnten;2022-12-07;137.72
Kärnten;2022-12-08;139.55
Kärnten;2022-12-09;141.62
Kärnten;2022-12-10;143.85
Kärnten;2022-12-11;146.3
Kärnten;2022-12-12;148.85
Kärnten;2022-12-13;151.6
Kärnten;2022-12-14;154.52
Kärnten;2022-12-15;157.5
Kärnten;2022-12-16;160.49
Kärnten;2022-12-17;163.2
Kärnten;2022-12-18;165.49
Kärnten;2022-12-19;167.13
Kärnten;2022-12-20;168.06
Kärnten;2022-12-21;168.37
Kärnten;2022-12-22;168.09
Kärnten;2022-12-23;167.34
Kärnten;2022-12-24;166.32
Kärnten;2022-12-25;165.01
Kärnten;2022-12-26;163.44
Kärnten;2022-12-27;161.69
Kärnten;2022-12-28;159.75
Kärnten;2022-12-29;157.59
Kärnten;2022-12-30;155.29
Kärnten;2022-12-31;152.86
Kärnten;2023-01-01;150.36
Kärnten;2023-01-02;147.7
Kärnten;2023-01-03;144.85
Kärnten;2023-01-04;141.88
Kärnten;2023-01-05;138.73
Kärnten;2023-01-06;135.58
Kärnten;2023-01-07;132.34
Kärnten;2023-01-08;129.2
Kärnten;2023-01-09;126.23
Kärnten;2023-01-10;123.42
Kärnten;2023-01-11;120.91
Kärnten;2023-01-12;118.64
Kärnten;2023-01-13;116.57
Kärnten;2023-01-14;114.65
Kärnten;2023-01-15;107.91
Kärnten;2023-01-16;106.36
Kärnten;2023-01-17;104.8
Kärnten;2023-01-18;103.47
Kärnten;2023-01-19;102.34
Kärnten;2023-01-20;101.47
Kärnten;2023-01-21;101.03
Kärnten;2023-01-22;101.09
Kärnten;2023-01-23;101.73
Kärnten;2023-01-24;103.05
Kärnten;2023-01-25;105.06
Kärnten;2023-01-26;107.63
Kärnten;2023-01-27;110.63
Kärnten;2023-01-28;114.01
Kärnten;2023-01-29;117.74
Kärnten;2023-01-30;121.78
Kärnten;2023-01-31;126.16
Kärnten;2023-02-01;130.9
Kärnten;2023-02-02;135.89
Kärnten;2023-02-03;141.09
Kärnten;2023-02-04;146.32
Kärnten;2023-02-05;151.49
Kärnten;2023-02-06;156.61
Kärnten;2023-02-07;161.73
Kärnten;2023-02-08;166.99
Kärnten;2023-02-09;172.35
Kärnten;2023-02-10;177.79
Kärnten;2023-02-11;183.23
Kärnten;2023-02-12;188.58
Kärnten;2023-02-13;193.92
Kärnten;2023-02-14;199.31
Kärnten;2023-02-15;204.77
Kärnten;2023-02-16;210.27
Kärnten;2023-02-17;215.53
Kärnten;2023-02-18;220.36
Kärnten;2023-02-19;224.48
Kärnten;2023-02-20;227.76
Kärnten;2023-02-21;230.29
Kärnten;2023-02-22;232.14
Kärnten;2023-02-23;233.58
Kärnten;2023-02-24;234.66
Kärnten;2023-02-25;235.42
Kärnten;2023-02-26;235.88
Kärnten;2023-02-27;235.93
Kärnten;2023-02-28;235.47
Kärnten;2023-03-01;234.42
Kärnten;2023-03-02;232.87
Kärnten;2023-03-03;230.79
Kärnten;2023-03-04;228.26
Kärnten;2023-03-05;225.25
Kärnten;2023-03-06;221.86
Kärnten;2023-03-07;218.15
Kärnten;2023-03-08;214.19
Kärnten;2023-03-09;210.06
Kärnten;2023-03-10;205.75
Kärnten;2023-03-11;201.26
Kärnten;2023-03-12;196.6
Kärnten;2023-03-13;191.64
Kärnten;2023-03-14;186.61
Kärnten;2023-03-15;181.47
Kärnten;2023-03-16;176.21
Kärnten;2023-03-17;170.95
Kärnten;2023-03-18;165.64
Kärnten;2023-03-19;160.3
Kärnten;2023-03-20;154.99
Kärnten;2023-03-21;149.69
Kärnten;2023-03-22;144.54
Kärnten;2023-03-23;139.47
Kärnten;2023-03-24;134.43
Kärnten;2023-03-25;129.44
Kärnten;2023-03-26;124.4
Kärnten;2023-03-27;119.36
Kärnten;2023-03-28;114.37
Kärnten;2023-03-29;109.67
Kärnten;2023-03-30;105.13
Kärnten;2023-03-31;100.84
Kärnten;2023-04-01;96.82
Kärnten;2023-04-02;93.05
Kärnten;2023-04-03;89.56
Kärnten;2023-04-04;86.42
Kärnten;2023-04-05;83.65
Kärnten;2023-04-06;81.08
Kärnten;2023-04-07;78.74
Kärnten;2023-04-08;76.59
Kärnten;2023-04-09;74.58
Kärnten;2023-04-10;72.66
Kärnten;2023-04-11;70.91
Kärnten;2023-04-12;69.23
Kärnten;2023-04-13;67.59
Kärnten;2023-04-14;65.97
Kärnten;2023-04-15;64.34
Kärnten;2023-04-16;62.7
Kärnten;2023-04-17;61.07
Kärnten;2023-04-18;59.5
Kärnten;2023-04-19;58.04
Kärnten;2023-04-20;56.65
Kärnten;2023-04-21;55.29
Kärnten;2023-04-22;54.04
Kärnten;2023-04-23;52.74
Kärnten;2023-04-24;51.4
Kärnten;2023-04-25;50.01
Kärnten;2023-04-26;48.52
Kärnten;2023-04-27;46.98
Kärnten;2023-04-28;45.43
Kärnten;2023-04-29;43.84
Kärnten;2023-04-30;42.25
Kärnten;2023-05-01;40.81
Kärnten;2023-05-02;39.42
Kärnten;2023-05-03;38.1
Kärnten;2023-05-04;36.88
Kärnten;2023-05-05;35.71
Kärnten;2023-05-06;34.57
Kärnten;2023-05-07;33.41
Kärnten;2023-05-08;32.23
Kärnten;2023-05-09;31.02
Kärnten;2023-05-10;29.83
Kärnten;2023-05-11;28.62
Kärnten;2023-05-12;27.43
Kärnten;2023-05-13;26.28
Kärnten;2023-05-14;25.21
Kärnten;2023-05-15;24.17
Kärnten;2023-05-16;23.24
Kärnten;2023-05-17;22.42
Kärnten;2023-05-18;21.68
Kärnten;2023-05-19;20.97
Kärnten;2023-05-20;20.3
Kärnten;2023-05-21;19.69
Kärnten;2023-05-22;19.06
Kärnten;2023-05-23;18.43
Kärnten;2023-05-24;17.81
Kärnten;2023-05-25;17.22
Kärnten;2023-05-26;16.64
Kärnten;2023-05-27;16.09
Kärnten;2023-05-28;15.54
Kärnten;2023-05-29;15.06
Kärnten;2023-05-30;14.64
Kärnten;2023-05-31;14.24
Kärnten;2023-06-01;13.89
Kärnten;2023-06-02;13.52
Kärnten;2023-06-03;13.21
Kärnten;2023-06-04;12.81
Kärnten;2023-06-05;12.42
Kärnten;2023-06-06;12.02
Kärnten;2023-06-07;11.59
Kärnten;2023-06-08;11.15
Kärnten;2023-06-09;10.7
Kärnten;2023-06-10;10.29
Kärnten;2023-06-11;9.86
Kärnten;2023-06-12;9.45
Kärnten;2023-06-13;9.05
Kärnten;2023-06-14;8.64
Kärnten;2023-06-15;8.25
Kärnten;2023-06-16;7.84
Kärnten;2023-06-17;7.5
Kärnten;2023-06-18;7.22
Kärnten;2023-06-19;6.97
Kärnten;2023-06-20;6.81
Kärnten;2023-06-21;6.63
Kärnten;2023-06-22;6.6
Kärnten;2023-06-23;6.56
Kärnten;2023-06-24;6.52
Kärnten;2023-06-25;6.52
Kärnten;2023-06-26;6.51
Kärnten;2023-06-27;6.51
Kärnten;2023-06-28;6.51
Kärnten;2023-06-29;6.54
Kärnten;2023-06-30;6.57
Kärnten;2023-07-01;6.62
Kärnten;2023-07-02;6.73
Kärnten;2023-07-03;6.94
Kärnten;2023-07-04;7.2
Kärnten;2023-07-05;7.48
Kärnten;2023-07-06;7.89
Kärnten;2023-07-07;8.25
Kärnten;2023-07-08;8.6
Kärnten;2023-07-09;8.91
Kärnten;2023-07-10;9.17
Kärnten;2023-07-11;9.38
Kärnten;2023-07-12;9.6
Kärnten;2023-07-13;9.82
Kärnten;2023-07-14;10.02
Kärnten;2023-07-15;10.27
Kärnten;2023-07-16;10.54
Kärnten;2023-07-17;10.86
Kärnten;2023-07-18;11.26
Kärnten;2023-07-19;11.74
Kärnten;2023-07-20;12.28
Kärnten;2023-07-21;12.89
Kärnten;2023-07-22;13.61
Kärnten;2023-07-23;14.36
Kärnten;2023-07-24;15.2
Kärnten;2023-07-25;16.15
Kärnten;2023-07-26;17.16
Kärnten;2023-07-27;18.17
Kärnten;2023-07-28;19.25
Kärnten;2023-07-29;20.21
Kärnten;2023-07-30;21.09
Kärnten;2023-07-31;21.84
Kärnten;2023-08-01;22.42
Kärnten;2023-08-02;22.96
Kärnten;2023-08-03;23.5
Kärnten;2023-08-04;24.06
Kärnten;2023-08-05;24.65
Kärnten;2023-08-06;25.34
Kärnten;2023-08-07;26.15
Kärnten;2023-08-08;27.09
Kärnten;2023-08-09;28.11
Kärnten;2023-08-10;29.26
Kärnten;2023-08-11;30.43
Kärnten;2023-08-12;31.66
Kärnten;2023-08-13;32.93
Kärnten;2023-08-14;34.31
Kärnten;2023-08-15;35.79
Kärnten;2023-08-16;37.33
Kärnten;2023-08-17;38.96
Kärnten;2023-08-18;40.63
Kärnten;2023-08-19;42.38
Kärnten;2023-08-20;44.18
Kärnten;2023-08-21;46.02
Kärnten;2023-08-22;47.94
Kärnten;2023-08-23;49.9
Kärnten;2023-08-24;51.78
Kärnten;2023-08-25;53.55
Kärnten;2023-08-26;55.09
Kärnten;2023-08-27;56.29
Kärnten;2023-08-28;57.12
Kärnten;2023-08-29;57.74
Kärnten;2023-08-30;58.25
Kärnten;2023-08-31;58.77
Kärnten;2023-09-01;59.32
Kärnten;2023-09-02;59.9
Kärnten;2023-09-03;60.57
Kärnten;2023-09-04;61.34
Kärnten;2023-09-05;62.21
Kärnten;2023-09-06;63.2
Kärnten;2023-09-07;64.27
Kärnten;2023-09-08;65.4
Kärnten;2023-09-09;66.65
Kärnten;2023-09-10;67.92
Kärnten;2023-09-11;69.25
Kärnten;2023-09-12;70.67
Kärnten;2023-09-13;72.14
Kärnten;2023-09-14;73.65
Kärnten;2023-09-15;75.16
Kärnten;2023-09-16;76.72
Kärnten;2023-09-17;78.27
Kärnten;2023-09-18;79.87
Kärnten;2023-09-19;81.57
Kärnten;2023-09-20;83.42
Kärnten;2023-09-21;85.44
Kärnten;2023-09-22;87.67
Kärnten;2023-09-23;90.09
Kärnten;2023-09-24;92.88
Kärnten;2023-09-25;95.95
Kärnten;2023-09-26;99.34
Kärnten;2023-09-27;103.09
Kärnten;2023-09-28;106.94
Kärnten;2023-09-29;110.91
Kärnten;2023-09-30;114.76
Kärnten;2023-10-01;118.34
Kärnten;2023-10-02;121.55
Kärnten;2023-10-03;124.32
Kärnten;2023-10-04;126.75
Kärnten;2023-10-05;128.93
Kärnten;2023-10-06;130.93
Kärnten;2023-10-07;132.99
Kärnten;2023-10-08;135.19
Kärnten;2023-10-09;137.64
Kärnten;2023-10-10;140.42
Kärnten;2023-10-11;143.41
Kärnten;2023-10-12;146.65
Kärnten;2023-10-13;149.91
Kärnten;2023-10-14;153.13
Kärnten;2023-10-15;156.17
Kärnten;2023-10-16;158.91
Kärnten;2023-10-17;161.32
Kärnten;2023-10-18;163.42
Kärnten;2023-10-19;165.15
Kärnten;2023-10-20;166.5
Kärnten;2023-10-21;167.57
Kärnten;2023-10-22;168.29
Kärnten;2023-10-23;168.7
Kärnten;2023-10-24;168.93
Kärnten;2023-10-25;169.05
Kärnten;2023-10-26;169.29
Kärnten;2023-10-27;169.72
Kärnten;2023-10-28;170.53
Kärnten;2023-10-29;171.8
Kärnten;2023-10-30;173.76
Kärnten;2023-10-31;176.45
Kärnten;2023-11-01;179.95
Kärnten;2023-11-02;184.3
Kärnten;2023-11-03;189.53
Kärnten;2023-11-04;195.78
Kärnten;2023-11-05;203.29
Kärnten;2023-11-06;212.34
Kärnten;2023-11-07;222.91
Kärnten;2023-11-08;235.05
Kärnten;2023-11-09;248.45
Kärnten;2023-11-10;262.79
Kärnten;2023-11-11;277.89
Kärnten;2023-11-12;293.58
Kärnten;2023-11-13;309.81
Kärnten;2023-11-14;326.6
Kärnten;2023-11-15;343.86
Kärnten;2023-11-16;361.52
Kärnten;2023-11-17;379.57
Kärnten;2023-11-18;398.03
Kärnten;2023-11-19;416.81
Kärnten;2023-11-20;435.98
Kärnten;2023-11-21;455.51
Kärnten;2023-11-22;475.12
Kärnten;2023-11-23;494.31
Kärnten;2023-11-24;512.24
Kärnten;2023-11-25;527.93
Kärnten;2023-11-26;540.5
Kärnten;2023-11-27;549.51
Kärnten;2023-11-28;555.43
Kärnten;2023-11-29;559.07
Kärnten;2023-11-30;561.26
Kärnten;2023-12-01;562.48
Kärnten;2023-12-02;563.11
Kärnten;2023-12-03;563.34
Kärnten;2023-12-04;563.39
Kärnten;2023-12-05;563.26
Kärnten;2023-12-06;563.12
Kärnten;2023-12-07;562.92
Kärnten;2023-12-08;562.53
Kärnten;2023-12-09;561.87
Kärnten;2023-12-10;560.67
Kärnten;2023-12-11;558.79
Kärnten;2023-12-12;555.97
Kärnten;2023-12-13;552.15
Kärnten;2023-12-14;547.14
Kärnten;2023-12-15;540.94
Kärnten;2023-12-16;533.41
Kärnten;2023-12-17;524.28
Kärnten;2023-12-18;513.49
Kärnten;2023-12-19;501.14
Kärnten;2023-12-20;487.6
Kärnten;2023-12-21;473.17
Kärnten;2023-12-22;458.11
Kärnten;2023-12-23;442.74
Kärnten;2023-12-24;427.12
Kärnten;2023-12-25;411.46
Kärnten;2023-12-26;395.82
Kärnten;2023-12-27;380.33
Kärnten;2023-12-28;364.92
Kärnten;2023-12-29;349.67
Kärnten;2023-12-30;334.49
Kärnten;2023-12-31;319.51
Kärnten;2024-01-01;304.6
Kärnten;2024-01-02;289.85
Kärnten;2024-01-03;275.22
Kärnten;2024-01-04;260.8
Kärnten;2024-01-05;246.66
Kärnten;2024-01-06;232.84
Kärnten;2024-01-07;219.58
Kärnten;2024-01-08;207.07
Kärnten;2024-01-09;195.33
Kärnten;2024-01-10;184.47
Kärnten;2024-01-11;174.34
Kärnten;2024-01-12;164.84
Kärnten;2024-01-13;156.03
Kärnten;2024-01-14;147.8
Kärnten;2024-01-15;140.28
Kärnten;2024-01-16;133.3
Kärnten;2024-01-17;126.89
Kärnten;2024-01-18;120.92
Kärnten;2024-01-19;115.15
Kärnten;2024-01-20;109.54
Kärnten;2024-01-21;103.95
Kärnten;2024-01-22;98.37
Kärnten;2024-01-23;92.98
Kärnten;2024-01-24;87.81
Kärnten;2024-01-25;83.01
Kärnten;2024-01-26;78.49
Kärnten;2024-01-27;74.26
Kärnten;2024-01-28;70.38
Kärnten;2024-01-29;66.87
Kärnten;2024-01-30;63.82
Kärnten;2024-01-31;61.19
Kärnten;2024-02-01;58.94
Kärnten;2024-02-02;56.93
Kärnten;2024-02-03;55.1
Kärnten;2024-02-04;53.31
Kärnten;2024-02-05;51.47
Kärnten;2024-02-06;49.49
Kärnten;2024-02-07;47.38
Kärnten;2024-02-08;45.0
Kärnten;2024-02-09;42.58
Kärnten;2024-02-10;40.18
Kärnten;2024-02-11;37.8
Kärnten;2024-02-12;35.5
Kärnten;2024-02-13;33.34
Kärnten;2024-02-14;31.34
Kärnten;2024-02-15;29.42
Kärnten;2024-02-16;27.59
Kärnten;2024-02-17;25.83
Kärnten;2024-02-18;24.15
Kärnten;2024-02-19;22.54
Kärnten;2024-02-20;20.98
Kärnten;2024-02-21;19.58
Kärnten;2024-02-22;18.18
Kärnten;2024-02-23;16.86
Kärnten;2024-02-24;15.63
Kärnten;2024-02-25;14.46
Kärnten;2024-02-26;13.37
Kärnten;2024-02-27;12.42
Kärnten;2024-02-28;11.55
Kärnten;2024-02-29;10.83
Kärnten;2024-03-01;10.19
Kärnten;2024-03-02;9.7
Kärnten;2024-03-03;9.24
Kärnten;2024-03-04;8.95
Kärnten;2024-03-05;8.64
Kärnten;2024-03-06;8.43
Kärnten;2024-03-07;8.23
Kärnten;2024-03-08;8.04
Kärnten;2024-03-09;7.91
Kärnten;2024-03-10;7.72
Kärnten;2024-03-11;7.56
Kärnten;2024-03-12;7.4
Kärnten;2024-03-13;7.16
Kärnten;2024-03-14;6.97
Kärnten;2024-03-15;6.74
Kärnten;2024-03-16;6.53
Kärnten;2024-03-17;6.28
Kärnten;2024-03-18;6.05
Kärnten;2024-03-19;5.82
Kärnten;2024-03-20;5.57
Kärnten;2024-03-21;5.37
Kärnten;2024-03-22;5.2
Kärnten;2024-03-23;5.02
Kärnten;2024-03-24;4.87
Kärnten;2024-03-25;4.75
Kärnten;2024-03-26;4.69
Kärnten;2024-03-27;4.63
Kärnten;2024-03-28;4.59
Kärnten;2024-03-29;4.59
Kärnten;2024-03-30;4.68
Kärnten;2024-03-31;4.73
Kärnten;2024-04-01;4.81
Kärnten;2024-04-02;4.91
Kärnten;2024-04-03;5.09
Kärnten;2024-04-04;5.22
Kärnten;2024-04-05;5.43
Kärnten;2024-04-06;5.59
Kärnten;2024-04-07;5.78
Kärnten;2024-04-08;5.98
Kärnten;2024-04-09;6.2
Kärnten;2024-04-10;6.42
Kärnten;2024-04-11;6.66
Kärnten;2024-04-12;6.92
Kärnten;2024-04-13;7.12
Kärnten;2024-04-14;7.32
Kärnten;2024-04-15;7.44
Kärnten;2024-04-16;7.54
Kärnten;2024-04-17;7.62
Kärnten;2024-04-18;7.67
Kärnten;2024-04-19;7.72
Kärnten;2024-04-20;7.75
Kärnten;2024-04-21;7.79
Kärnten;2024-04-22;7.89
Kärnten;2024-04-23;7.97
Kärnten;2024-04-24;8.08
Kärnten;2024-04-25;8.27
Kärnten;2024-04-26;8.45
Kärnten;2024-04-27;8.65
Kärnten;2024-04-28;8.82
Kärnten;2024-04-29;8.98
Kärnten;2024-04-30;9.17
Kärnten;2024-05-01;9.32
Kärnten;2024-05-02;9.47
Kärnten;2024-05-03;9.65
Kärnten;2024-05-04;9.84
Kärnten;2024-05-05;10.05
Kärnten;2024-05-06;10.34
Kärnten;2024-05-07;10.66
Kärnten;2024-05-08;11.02
Kärnten;2024-05-09;11.39
Kärnten;2024-05-10;11.87
Kärnten;2024-05-11;12.38
Kärnten;2024-05-12;12.98
Kärnten;2024-05-13;13.6
Kärnten;2024-05-14;14.27
Kärnten;2024-05-15;15.04
Kärnten;2024-05-16;15.83
Kärnten;2024-05-17;16.7
Kärnten;2024-05-18;17.52
Kärnten;2024-05-19;18.35
Kärnten;2024-05-20;19.16
Kärnten;2024-05-21;19.97
Kärnten;2024-05-22;20.77
Kärnten;2024-05-23;21.51
Kärnten;2024-05-24;22.21
Kärnten;2024-05-25;22.82
Kärnten;2024-05-26;23.27
Kärnten;2024-05-27;23.63
Kärnten;2024-05-28;23.92
Kärnten;2024-05-29;24.17
Kärnten;2024-05-30;24.49
Kärnten;2024-05-31;24.83
Kärnten;2024-06-01;25.2
Kärnten;2024-06-02;25.59
Kärnten;2024-06-03;26.0
Kärnten;2024-06-04;26.46
Kärnten;2024-06-05;26.99
Kärnten;2024-06-06;27.56
Kärnten;2024-06-07;28.21
Kärnten;2024-06-08;28.88
Kärnten;2024-06-09;29.59
Kärnten;2024-06-10;30.32
Kärnten;2024-06-11;31.1
Kärnten;2024-06-12;32.03
Kärnten;2024-06-13;33.09
Kärnten;2024-06-14;34.31
Kärnten;2024-06-15;35.69
Kärnten;2024-06-16;37.25
Kärnten;2024-06-17;38.97
Kärnten;2024-06-18;40.78
Kärnten;2024-06-19;42.69
Kärnten;2024-06-20;44.62
Kärnten;2024-06-21;46.53
Kärnten;2024-06-22;48.35
Kärnten;2024-06-23;50.09
Kärnten;2024-06-24;51.68
Kärnten;2024-06-25;53.22
Kärnten;2024-06-26;54.78
Kärnten;2024-06-27;56.39
Kärnten;2024-06-28;58.02
Kärnten;2024-06-29;59.64
Kärnten;2024-06-30;61.18
Kärnten;2024-07-01;62.69
Kärnten;2024-07-02;64.18
Kärnten;2024-07-03;65.69
Kärnten;2024-07-04;67.15
Kärnten;2024-07-05;68.63
Kärnten;2024-07-06;69.96
Kärnten;2024-07-07;71.15
Kärnten;2024-07-08;72.17
Kärnten;2024-07-09;72.99
Kärnten;2024-07-10;73.71
Kärnten;2024-07-11;74.33
Kärnten;2024-07-12;74.84
Kärnten;2024-07-13;75.2
Kärnten;2024-07-14;75.41
Kärnten;2024-07-15;75.54
Kärnten;2024-07-16;75.59
Kärnten;2024-07-17;75.74
Kärnten;2024-07-18;75.95
Kärnten;2024-07-19;76.27
Kärnten;2024-07-20;76.74
Kärnten;2024-07-21;77.31
Kärnten;2024-07-22;77.97
Kärnten;2024-07-23;78.85
Kärnten;2024-07-24;79.87
Kärnten;2024-07-25;81.1
Kärnten;2024-07-26;82.57
Kärnten;2024-07-27;84.4
Kärnten;2024-07-28;86.6
Kärnten;2024-07-29;89.22
Kärnten;2024-07-30;92.26
Kärnten;2024-07-31;95.63
Kärnten;2024-08-01;99.11
Kärnten;2024-08-02;102.53
Kärnten;2024-08-03;105.77
Kärnten;2024-08-04;108.59
Kärnten;2024-08-05;110.95
Kärnten;2024-08-06;112.89
Kärnten;2024-08-07;114.54
Kärnten;2024-08-08;116.01
Kärnten;2024-08-09;117.43
Kärnten;2024-08-10;118.85
Kärnten;2024-08-11;120.27
Kärnten;2024-08-12;121.79
Kärnten;2024-08-13;123.41
Kärnten;2024-08-14;125.12
Kärnten;2024-08-15;126.8
Kärnten;2024-08-16;128.45
Kärnten;2024-08-17;129.93
Kärnten;2024-08-18;131.17
Kärnten;2024-08-19;132.1
Kärnten;2024-08-20;132.85
Kärnten;2024-08-21;133.62
Kärnten;2024-08-22;134.5
Kärnten;2024-08-23;135.47
Kärnten;2024-08-24;136.71
Kärnten;2024-08-25;138.14
Kärnten;2024-08-26;139.72
Kärnten;2024-08-27;141.55
Kärnten;2024-08-28;143.51
Kärnten;2024-08-29;145.54
Kärnten;2024-08-30;147.59
Kärnten;2024-08-31;149.48
Kärnten;2024-09-01;151.24
Kärnten;2024-09-02;152.88
Kärnten;2024-09-03;154.64
Kärnten;2024-09-04;156.62
Kärnten;2024-09-05;159.03
Kärnten;2024-09-06;161.79
Kärnten;2024-09-07;164.83
Kärnten;2024-09-08;168.27
Kärnten;2024-09-09;172.14
Kärnten;2024-09-10;176.7
Kärnten;2024-09-11;182.05
Kärnten;2024-09-12;188.33
Kärnten;2024-09-13;195.44
Kärnten;2024-09-14;203.51
Kärnten;2024-09-15;212.54
Kärnten;2024-09-16;222.53
Kärnten;2024-09-17;233.39
Kärnten;2024-09-18;244.77
Kärnten;2024-09-19;256.49
Kärnten;2024-09-20;268.27
Kärnten;2024-09-21;279.63
Kärnten;2024-09-22;290.35
Kärnten;2024-09-23;300.18
Kärnten;2024-09-24;309.16
Kärnten;2024-09-25;317.3
Kärnten;2024-09-26;324.78
Kärnten;2024-09-27;331.52
Kärnten;2024-09-28;337.48
Kärnten;2024-09-29;342.47
Kärnten;2024-09-30;346.5
Kärnten;2024-10-01;349.71
Kärnten;2024-10-02;352.15
Kärnten;2024-10-03;353.89
Kärnten;2024-10-04;354.83
Kärnten;2024-10-05;354.54
Kärnten;2024-10-06;352.82
Kärnten;2024-10-07;349.54
Kärnten;2024-10-08;344.89
Kärnten;2024-10-09;339.36
Kärnten;2024-10-10;333.29
Kärnten;2024-10-11;326.87
Kärnten;2024-10-12;320.13
Kärnten;2024-10-13;313.14
Kärnten;2024-10-14;305.93
Kärnten;2024-10-15;298.34
Kärnten;2024-10-16;290.33
Kärnten;2024-10-17;281.92
Kärnten;2024-10-18;273.16
Kärnten;2024-10-19;264.16
Kärnten;2024-10-20;254.84
Kärnten;2024-10-21;245.3
Kärnten;2024-10-22;235.59
Kärnten;2024-10-23;225.79
Kärnten;2024-10-24;216.0
Kärnten;2024-10-25;206.22
Kärnten;2024-10-26;196.58
Kärnten;2024-10-27;187.12
Kärnten;2024-10-28;178.04
Kärnten;2024-10-29;169.37
Kärnten;2024-10-30;161.24
Kärnten;2024-10-31;153.68
Kärnten;2024-11-01;146.63
Kärnten;2024-11-02;140.18
Kärnten;2024-11-03;134.37
Kärnten;2024-11-04;129.36
Kärnten;2024-11-05;125.11
Kärnten;2024-11-06;121.51
Kärnten;2024-11-07;118.46
Kärnten;2024-11-08;115.86
Kärnten;2024-11-09;113.58
Kärnten;2024-11-10;111.61
Kärnten;2024-11-11;109.91
Kärnten;2024-11-12;108.58
Kärnten;2024-11-13;107.45
Kärnten;2024-11-14;106.62
Kärnten;2024-11-15;105.95
Kärnten;2024-11-16;105.49
Kärnten;2024-11-17;105.25
Kärnten;2024-11-18;105.21
Kärnten;2024-11-19;105.5
Kärnten;2024-11-20;106.2
Kärnten;2024-11-21;107.18
Kärnten;2024-11-22;108.47
Kärnten;2024-11-23;110.02
Kärnten;2024-11-24;111.75
Kärnten;2024-11-25;113.69
Kärnten;2024-11-26;115.81
Kärnten;2024-11-27;118.15
Kärnten;2024-11-28;120.65
Kärnten;2024-11-29;123.27
Kärnten;2024-11-30;126.04
Kärnten;2024-12-01;128.76
Kärnten;2024-12-02;131.51
Kärnten;2024-12-03;134.24
Kärnten;2024-12-04;136.85
Kärnten;2024-12-05;139.38
Kärnten;2024-12-06;141.68
Kärnten;2024-12-07;143.6
Kärnten;2024-12-08;145.0
Kärnten;2024-12-09;145.71
Kärnten;2024-12-10;145.83
Kärnten;2024-12-11;145.36
Kärnten;2024-12-12;144.45
Kärnten;2024-12-13;143.18
Kärnten;2024-12-14;141.62
Kärnten;2024-12-15;139.87
Kärnten;2024-12-16;138.01
Kärnten;2024-12-17;136.1
Kärnten;2024-12-18;134.32
Kärnten;2024-12-19;132.61
Kärnten;2024-12-20;131.09
Kärnten;2024-12-21;129.64
Kärnten;2024-12-22;128.35
Kärnten;2024-12-23;127.05
Kärnten;2024-12-24;125.79
Kärnten;2024-12-25;124.43
Kärnten;2024-12-26;122.97
Kärnten;2024-12-27;121.29
Kärnten;2024-12-28;119.36
Kärnten;2024-12-29;117.09
Kärnten;2024-12-30;114.53
Kärnten;2024-12-31;111.61
Kärnten;2025-01-01;108.41
Kärnten;2025-01-02;105.03
Kärnten;2025-01-03;101.54
Kärnten;2025-01-04;97.96
Kärnten;2025-01-05;94.42
Kärnten;2025-01-06;90.97
Kärnten;2025-01-07;87.51
Kärnten;2025-01-08;84.15
Kärnten;2025-01-09;80.8
Kärnten;2025-01-10;77.54
Kärnten;2025-01-11;74.36
Kärnten;2025-01-12;71.33
Kärnten;2025-01-13;68.42
Kärnten;2025-01-14;65.71
Kärnten;2025-01-15;63.18
Kärnten;2025-01-16;60.81
Kärnten;2025-01-17;58.55
Kärnten;2025-01-18;56.36
Kärnten;2025-01-19;54.22
Kärnten;2025-01-20;51.99
Kärnten;2025-01-21;49.62
Kärnten;2025-01-22;47.22
Kärnten;2025-01-23;44.71
Kärnten;2025-01-24;42.15
Kärnten;2025-01-25;39.61
Kärnten;2025-01-26;37.14
Kärnten;2025-01-27;34.8
Kärnten;2025-01-28;32.59
Kärnten;2025-01-29;30.55
Kärnten;2025-01-30;28.61
Kärnten;2025-01-31;26.8
Kärnten;2025-02-01;25.09
Kärnten;2025-02-02;23.4
Kärnten;2025-02-03;21.84
Kärnten;2025-02-04;20.35
Kärnten;2025-02-05;19.09
Kärnten;2025-02-06;17.95
Kärnten;2025-02-07;17.01
Kärnten;2025-02-08;16.19
Kärnten;2025-02-09;15.47
Kärnten;2025-02-10;14.9
Kärnten;2025-02-11;14.42
Kärnten;2025-02-12;14.1
Kärnten;2025-02-13;13.76
Kärnten;2025-02-14;13.46
Kärnten;2025-02-15;13.14
Kärnten;2025-02-16;12.81
Kärnten;2025-02-17;12.46
Kärnten;2025-02-18;12.04
Kärnten;2025-02-19;11.64
Kärnten;2025-02-20;11.13
Kärnten;2025-02-21;10.67
Kärnten;2025-02-22;10.22
Kärnten;2025-02-23;9.86
Kärnten;2025-02-24;9.46
Kärnten;2025-02-25;9.21
Kärnten;2025-02-26;8.96
Kärnten;2025-02-27;8.83
Kärnten;2025-02-28;8.73
Kärnten;2025-03-01;8.72
Kärnten;2025-03-02;8.7
Kärnten;2025-03-03;8.67
Kärnten;2025-03-04;8.74
Kärnten;2025-03-05;8.79
Kärnten;2025-03-06;8.85
Kärnten;2025-03-07;8.93
Kärnten;2025-03-08;9.07
Kärnten;2025-03-09;9.12
Kärnten;2025-03-10;9.2
Kärnten;2025-03-11;9.25
Kärnten;2025-03-12;9.27
Kärnten;2025-03-13;9.31
Kärnten;2025-03-14;9.29
Kärnten;2025-03-15;9.31
Kärnten;2025-03-16;9.3
Kärnten;2025-03-17;9.26
Kärnten;2025-03-18;9.28
Kärnten;2025-03-19;9.29
Kärnten;2025-03-20;9.35
Kärnten;2025-03-21;9.45
Kärnten;2025-03-22;9.49
Kärnten;2025-03-23;9.56
Kärnten;2025-03-24;9.56
Kärnten;2025-03-25;9.61
Kärnten;2025-03-26;9.63
Kärnten;2025-03-27;9.77
Kärnten;2025-03-28;9.85
Kärnten;2025-03-29;10.05
Kärnten;2025-03-30;10.29
Kärnten;2025-03-31;10.63
Kärnten;2025-04-01;10.98
Kärnten;2025-04-02;11.45
Kärnten;2025-04-03;11.93
Kärnten;2025-04-04;12.41
Kärnten;2025-04-05;12.87
Kärnten;2025-04-06;13.3
Kärnten;2025-04-07;13.68
Kärnten;2025-04-08;13.91
Kärnten;2025-04-09;14.14
Kärnten;2025-04-10;14.26
Kärnten;2025-04-11;14.3
Kärnten;2025-04-12;14.23
Kärnten;2025-04-13;14.03
Kärnten;2025-04-14;13.75
Kärnten;2025-04-15;13.41
Kärnten;2025-04-16;13.0
Kärnten;2025-04-17;12.62
Kärnten;2025-04-18;12.2
Kärnten;2025-04-19;11.86
Kärnten;2025-04-20;11.48
Kärnten;2025-04-21;11.2
Kärnten;2025-04-22;10.9
Kärnten;2025-04-23;10.66
Kärnten;2025-04-24;10.49
Kärnten;2025-04-25;10.34
Kärnten;2025-04-26;10.24
Kärnten;2025-04-27;10.13
Kärnten;2025-04-28;10.08
Kärnten;2025-04-29;10.05
Kärnten;2025-04-30;10.14
Kärnten;2025-05-01;10.23
Kärnten;2025-05-02;10.4
Kärnten;2025-05-03;10.51
Kärnten;2025-05-04;10.58
Kärnten;2025-05-05;10.69
Kärnten;2025-05-06;10.66
Kärnten;2025-05-07;10.72
Kärnten;2025-05-08;10.79
Kärnten;2025-05-09;10.87
Kärnten;2025-05-10;11.02
Kärnten;2025-05-11;11.22
Kärnten;2025-05-12;11.46
Kärnten;2025-05-13;11.75
Kärnten;2025-05-14;12.1
Kärnten;2025-05-15;12.53
Kärnten;2025-05-16;12.93
Kärnten;2025-05-17;13.42
Kärnten;2025-05-18;13.93
Kärnten;2025-05-19;14.5
Kärnten;2025-05-20;15.15
Kärnten;2025-05-21;15.82
Kärnten;2025-05-22;16.58
Kärnten;2025-05-23;17.34
Kärnten;2025-05-24;18.11
Kärnten;2025-05-25;18.76
Kärnten;2025-05-26;19.38
Kärnten;2025-05-27;19.88
Kärnten;2025-05-28;20.3
Kärnten;2025-05-29;20.62
Kärnten;2025-05-30;20.82
Kärnten;2025-05-31;20.97
Kärnten;2025-06-01;21.01
Kärnten;2025-06-02;20.94
Kärnten;2025-06-03;20.81
Kärnten;2025-06-04;20.62
Kärnten;2025-06-05;20.4
Kärnten;2025-06-06;20.14
Kärnten;2025-06-07;19.97
Kärnten;2025-06-08;19.8
Kärnten;2025-06-09;19.76
Kärnten;2025-06-10;19.73
Kärnten;2025-06-11;19.84
Kärnten;2025-06-12;19.92
Kärnten;2025-06-13;20.02
Kärnten;2025-06-14;20.12
Kärnten;2025-06-15;20.21
Kärnten;2025-06-16;20.27
Kärnten;2025-06-17;20.33
Kärnten;2025-06-18;20.41
Kärnten;2025-06-19;20.45
Kärnten;2025-06-20;20.48
Kärnten;2025-06-21;20.47
Kärnten;2025-06-22;20.42
Kärnten;2025-06-23;20.27
Kärnten;2025-06-24;20.13
Kärnten;2025-06-25;19.94
Kärnten;2025-06-26;19.78
Kärnten;2025-06-27;19.65
Kärnten;2025-06-28;19.56
Kärnten;2025-06-29;19.62
Kärnten;2025-06-30;19.75
Kärnten;2025-07-01;20.06
Kärnten;2025-07-02;20.45
Kärnten;2025-07-03;20.98
Kärnten;2025-07-04;21.6
Kärnten;2025-07-05;22.39
Kärnten;2025-07-06;23.21
Kärnten;2025-07-07;24.25
Kärnten;2025-07-08;25.34
Kärnten;2025-07-09;26.57
Kärnten;2025-07-10;27.88
Kärnten;2025-07-11;29.14
Kärnten;2025-07-12;30.35
Kärnten;2025-07-13;31.3
Kärnten;2025-07-14;32.01
Kärnten;2025-07-15;32.51
Kärnten;2025-07-16;32.92
Kärnten;2025-07-17;33.15
Kärnten;2025-07-18;33.39
Kärnten;2025-07-19;33.61
Kärnten;2025-07-20;33.79
Kärnten;2025-07-21;34.06
Kärnten;2025-07-22;34.39
Kärnten;2025-07-23;34.81
Kärnten;2025-07-24;35.3
Kärnten;2025-07-25;35.91
Kärnten;2025-07-26;36.64
Kärnten;2025-07-27;37.51
Kärnten;2025-07-28;38.64
Kärnten;2025-07-29;39.94
Kärnten;2025-07-30;41.39
Kärnten;2025-07-31;42.9
Kärnten;2025-08-01;44.49
Kärnten;2025-08-02;46.11
Kärnten;2025-08-03;47.6
Kärnten;2025-08-04;48.99
Kärnten;2025-08-05;50.14
Kärnten;2025-08-06;51.04
Kärnten;2025-08-07;51.65
Kärnten;2025-08-08;52.06
Kärnten;2025-08-09;52.38
Kärnten;2025-08-10;52.62
Oberösterreich;2022-09-01;76.43
Oberösterreich;2022-09-02;77.21
Oberösterreich;2022-09-03;78.1
Oberösterreich;2022-09-04;79.04
Oberösterreich;2022-09-05;80.07
Oberösterreich;2022-09-06;81.31
Oberösterreich;2022-09-07;82.67
Oberösterreich;2022-09-08;84.4
Oberösterreich;2022-09-09;86.41
Oberösterreich;2022-09-10;88.81
Oberösterreich;2022-09-11;91.6
Oberösterreich;2022-09-12;94.98
Oberösterreich;2022-09-13;98.77
Oberösterreich;2022-09-14;103.11
Oberösterreich;2022-09-15;107.89
Oberösterreich;2022-09-16;113.17
Oberösterreich;2022-09-17;118.93
Oberösterreich;2022-09-18;125.38
Oberösterreich;2022-09-19;132.73
Oberösterreich;2022-09-20;140.96
Oberösterreich;2022-09-21;150.11
Oberösterreich;2022-09-22;160.11
Oberösterreich;2022-09-23;170.93
Oberösterreich;2022-09-24;182.34
Oberösterreich;2022-09-25;194.4
Oberösterreich;2022-09-26;206.82
Oberösterreich;2022-09-27;219.37
Oberösterreich;2022-09-28;231.58
Oberösterreich;2022-09-29;243.27
Oberösterreich;2022-09-30;254.02
Oberösterreich;2022-10-01;263.75
Oberösterreich;2022-10-02;271.92
Oberösterreich;2022-10-03;278.28
Oberösterreich;2022-10-04;282.57
Oberösterreich;2022-10-05;284.84
Oberösterreich;2022-10-06;285.17
Oberösterreich;2022-10-07;283.89
Oberösterreich;2022-10-08;281.0
Oberösterreich;2022-10-09;276.52
Oberösterreich;2022-10-10;270.34
Oberösterreich;2022-10-11;262.63
Oberösterreich;2022-10-12;253.58
Oberösterreich;2022-10-13;243.49
Oberösterreich;2022-10-14;232.72
Oberösterreich;2022-10-15;221.48
Oberösterreich;2022-10-16;210.11
Oberösterreich;2022-10-17;198.94
Oberösterreich;2022-10-18;188.23
Oberösterreich;2022-10-19;178.42
Oberösterreich;2022-10-20;169.39
Oberösterreich;2022-10-21;161.09
Oberösterreich;2022-10-22;153.32
Oberösterreich;2022-10-23;145.97
Oberösterreich;2022-10-24;139.01
Oberösterreich;2022-10-25;132.36
Oberösterreich;2022-10-26;126.04
Oberösterreich;2022-10-27;120.09
Oberösterreich;2022-10-28;114.4
Oberösterreich;2022-10-29;109.24
Oberösterreich;2022-10-30;104.66
Oberösterreich;2022-10-31;100.84
Oberösterreich;2022-11-01;97.64
Oberösterreich;2022-11-02;95.1
Oberösterreich;2022-11-03;93.02
Oberösterreich;2022-11-04;91.37
Oberösterreich;2022-11-05;90.02
Oberösterreich;2022-11-06;89.05
Oberösterreich;2022-11-07;88.37
Oberösterreich;2022-11-08;88.12
Oberösterreich;2022-11-09;88.29
Oberösterreich;2022-11-10;88.92
Oberösterreich;2022-11-11;89.8
Oberösterreich;2022-11-12;90.79
Oberösterreich;2022-11-13;91.88
Oberösterreich;2022-11-14;93.09
Oberösterreich;2022-11-15;94.34
Oberösterreich;2022-11-16;95.71
Oberösterreich;2022-11-17;97.14
Oberösterreich;2022-11-18;98.54
Oberösterreich;2022-11-19;99.98
Oberösterreich;2022-11-20;101.33
Oberösterreich;2022-11-21;102.67
Oberösterreich;2022-11-22;103.89
Oberösterreich;2022-11-23;105.08
Oberösterreich;2022-11-24;106.29
Oberösterreich;2022-11-25;107.49
Oberösterreich;2022-11-26;108.65
Oberösterreich;2022-11-27;109.69
Oberösterreich;2022-11-28;110.66
Oberösterreich;2022-11-29;111.67
Oberösterreich;2022-11-30;112.73
Oberösterreich;2022-12-01;113.8
Oberösterreich;2022-12-02;114.96
Oberösterreich;2022-12-03;116.18
Oberösterreich;2022-12-04;117.43
Oberösterreich;2022-12-05;118.81
Oberösterreich;2022-12-06;120.43
Oberösterreich;2022-12-07;122.34
Oberösterreich;2022-12-08;124.61
Oberösterreich;2022-12-09;126.91
Oberösterreich;2022-12-10;129.27
Oberösterreich;2022-12-11;131.43
Oberösterreich;2022-12-12;133.42
Oberösterreich;2022-12-13;135.34
Oberösterreich;2022-12-14;137.27
Oberösterreich;2022-12-15;139.19
Oberösterreich;2022-12-16;141.09
Oberösterreich;2022-12-17;142.73
Oberösterreich;2022-12-18;144.13
Oberösterreich;2022-12-19;145.08
Oberösterreich;2022-12-20;145.7
Oberösterreich;2022-12-21;146.04
Oberösterreich;2022-12-22;146.08
Oberösterreich;2022-12-23;145.94
Oberösterreich;2022-12-24;145.77
Oberösterreich;2022-12-25;145.42
Oberösterreich;2022-12-26;144.93
Oberösterreich;2022-12-27;144.15
Oberösterreich;2022-12-28;143.01
Oberösterreich;2022-12-29;141.5
Oberösterreich;2022-12-30;139.73
Oberösterreich;2022-12-31;137.63
Oberösterreich;2023-01-01;135.33
Oberösterreich;2023-01-02;132.81
Oberösterreich;2023-01-03;130.17
Oberösterreich;2023-01-04;127.36
Oberösterreich;2023-01-05;124.58
Oberösterreich;2023-01-06;121.94
Oberösterreich;2023-01-07;119.57
Oberösterreich;2023-01-08;117.67
Oberösterreich;2023-01-09;116.3
Oberösterreich;2023-01-10;115.65
Oberösterreich;2023-01-11;115.54
Oberösterreich;2023-01-12;116.05
Oberösterreich;2023-01-13;117.04
Oberösterreich;2023-01-14;118.37
Oberösterreich;2023-01-15;118.52
Oberösterreich;2023-01-16;120.53
Oberösterreich;2023-01-17;122.98
Oberösterreich;2023-01-18;125.93
Oberösterreich;2023-01-19;129.31
Oberösterreich;2023-01-20;133.0
Oberösterreich;2023-01-21;136.88
Oberösterreich;2023-01-22;140.93
Oberösterreich;2023-01-23;145.21
Oberösterreich;2023-01-24;149.91
Oberösterreich;2023-01-25;155.13
Oberösterreich;2023-01-26;160.97
Oberösterreich;2023-01-27;167.35
Oberösterreich;2023-01-28;174.12
Oberösterreich;2023-01-29;181.38
Oberösterreich;2023-01-30;189.11
Oberösterreich;2023-01-31;197.43
Oberösterreich;2023-02-01;206.35
Oberösterreich;2023-02-02;215.83
Oberösterreich;2023-02-03;225.89
Oberösterreich;2023-02-04;236.38
Oberösterreich;2023-02-05;247.21
Oberösterreich;2023-02-06;258.45
Oberösterreich;2023-02-07;270.0
Oberösterreich;2023-02-08;281.7
Oberösterreich;2023-02-09;293.52
Oberösterreich;2023-02-10;305.33
Oberösterreich;2023-02-11;316.94
Oberösterreich;2023-02-12;328.35
Oberösterreich;2023-02-13;339.47
Oberösterreich;2023-02-14;350.19
Oberösterreich;2023-02-15;360.35
Oberösterreich;2023-02-16;369.77
Oberösterreich;2023-02-17;378.17
Oberösterreich;2023-02-18;385.04
Oberösterreich;2023-02-19;389.76
Oberösterreich;2023-02-20;391.99
Oberösterreich;2023-02-21;391.61
Oberösterreich;2023-02-22;388.8
Oberösterreich;2023-02-23;384.26
Oberösterreich;2023-02-24;378.58
Oberösterreich;2023-02-25;372.22
Oberösterreich;2023-02-26;365.77
Oberösterreich;2023-02-27;359.38
Oberösterreich;2023-02-28;353.2
Oberösterreich;2023-03-01;347.22
Oberösterreich;2023-03-02;341.41
Oberösterreich;2023-03-03;335.67
Oberösterreich;2023-03-04;329.95
Oberösterreich;2023-03-05;324.33
Oberösterreich;2023-03-06;318.84
Oberösterreich;2023-03-07;313.61
Oberösterreich;2023-03-08;308.61
Oberösterreich;2023-03-09;303.88
Oberösterreich;2023-03-10;299.11
Oberösterreich;2023-03-11;294.22
Oberösterreich;2023-03-12;288.76
Oberösterreich;2023-03-13;282.59
Oberösterreich;2023-03-14;275.28
Oberösterreich;2023-03-15;266.75
Oberösterreich;2023-03-16;257.14
Oberösterreich;2023-03-17;246.8
Oberösterreich;2023-03-18;236.14
Oberösterreich;2023-03-19;225.53
Oberösterreich;2023-03-20;215.1
Oberösterreich;2023-03-21;205.2
Oberösterreich;2023-03-22;195.7
Oberösterreich;2023-03-23;186.64
Oberösterreich;2023-03-24;178.07
Oberösterreich;2023-03-25;169.91
Oberösterreich;2023-03-26;162.2
Oberösterreich;2023-03-27;155.18
Oberösterreich;2023-03-28;148.84
Oberösterreich;2023-03-29;143.43
Oberösterreich;2023-03-30;138.7
Oberösterreich;2023-03-31;134.6
Oberösterreich;2023-04-01;130.87
Oberösterreich;2023-04-02;127.44
Oberösterreich;2023-04-03;124.05
Oberösterreich;2023-04-04;120.65
Oberösterreich;2023-04-05;117.01
Oberösterreich;2023-04-06;113.11
Oberösterreich;2023-04-07;109.04
Oberösterreich;2023-04-08;104.81
Oberösterreich;2023-04-09;100.53
Oberösterreich;2023-04-10;96.33
Oberösterreich;2023-04-11;92.1
Oberösterreich;2023-04-12;88.01
Oberösterreich;2023-04-13;83.97
Oberösterreich;2023-04-14;80.03
Oberösterreich;2023-04-15;76.21
Oberösterreich;2023-04-16;72.53
Oberösterreich;2023-04-17;69.11
Oberösterreich;2023-04-18;65.85
Oberösterreich;2023-04-19;62.92
Oberösterreich;2023-04-20;60.27
Oberösterreich;2023-04-21;57.74
Oberösterreich;2023-04-22;55.47
Oberösterreich;2023-04-23;53.3
Oberösterreich;2023-04-24;51.24
Oberösterreich;2023-04-25;49.31
Oberösterreich;2023-04-26;47.42
Oberösterreich;2023-04-27;45.64
Oberösterreich;2023-04-28;43.94
Oberösterreich;2023-04-29;42.3
Oberösterreich;2023-04-30;40.66
Oberösterreich;2023-05-01;39.15
Oberösterreich;2023-05-02;37.72
Oberösterreich;2023-05-03;36.3
Oberösterreich;2023-05-04;35.0
Oberösterreich;2023-05-05;33.78
Oberösterreich;2023-05-06;32.54
Oberösterreich;2023-05-07;31.44
Oberösterreich;2023-05-08;30.37
Oberösterreich;2023-05-09;29.36
Oberösterreich;2023-05-10;28.55
Oberösterreich;2023-05-11;27.79
Oberösterreich;2023-05-12;27.17
Oberösterreich;2023-05-13;26.63
Oberösterreich;2023-05-14;26.18
Oberösterreich;2023-05-15;25.7
Oberösterreich;2023-05-16;25.31
Oberösterreich;2023-05-17;25.02
Oberösterreich;2023-05-18;24.65
Oberösterreich;2023-05-19;24.35
Oberösterreich;2023-05-20;23.94
Oberösterreich;2023-05-21;23.53
Oberösterreich;2023-05-22;22.99
Oberösterreich;2023-05-23;22.41
Oberösterreich;2023-05-24;21.75
Oberösterreich;2023-05-25;21.04
Oberösterreich;2023-05-26;20.28
Oberösterreich;2023-05-27;19.44
Oberösterreich;2023-05-28;18.63
Oberösterreich;2023-05-29;17.76
Oberösterreich;2023-05-30;16.9
Oberösterreich;2023-05-31;16.0
Oberösterreich;2023-06-01;15.19
Oberösterreich;2023-06-02;14.36
Oberösterreich;2023-06-03;13.56
Oberösterreich;2023-06-04;12.8
Oberösterreich;2023-06-05;12.19
Oberösterreich;2023-06-06;11.57
Oberösterreich;2023-06-07;11.1
Oberösterreich;2023-06-08;10.78
Oberösterreich;2023-06-09;10.5
Oberösterreich;2023-06-10;10.29
Oberösterreich;2023-06-11;10.14
Oberösterreich;2023-06-12;10.16
Oberösterreich;2023-06-13;10.21
Oberösterreich;2023-06-14;10.4
Oberösterreich;2023-06-15;10.59
Oberösterreich;2023-06-16;10.86
Oberösterreich;2023-06-17;11.2
Oberösterreich;2023-06-18;11.44
Oberösterreich;2023-06-19;11.65
Oberösterreich;2023-06-20;11.67
Oberösterreich;2023-06-21;11.48
Oberösterreich;2023-06-22;11.2
Oberösterreich;2023-06-23;10.75
Oberösterreich;2023-06-24;10.2
Oberösterreich;2023-06-25;9.63
Oberösterreich;2023-06-26;9.14
Oberösterreich;2023-06-27;8.64
Oberösterreich;2023-06-28;8.23
Oberösterreich;2023-06-29;7.86
Oberösterreich;2023-06-30;7.59
Oberösterreich;2023-07-01;7.38
Oberösterreich;2023-07-02;7.17
Oberösterreich;2023-07-03;7.05
Oberösterreich;2023-07-04;6.91
Oberösterreich;2023-07-05;6.91
Oberösterreich;2023-07-06;6.82
Oberösterreich;2023-07-07;6.8
Oberösterreich;2023-07-08;6.79
Oberösterreich;2023-07-09;6.84
Oberösterreich;2023-07-10;6.91
Oberösterreich;2023-07-11;7.02
Oberösterreich;2023-07-12;7.16
Oberösterreich;2023-07-13;7.3
Oberösterreich;2023-07-14;7.43
Oberösterreich;2023-07-15;7.64
Oberösterreich;2023-07-16;7.91
Oberösterreich;2023-07-17;8.09
Oberösterreich;2023-07-18;8.46
Oberösterreich;2023-07-19;8.78
Oberösterreich;2023-07-20;9.18
Oberösterreich;2023-07-21;9.7
Oberösterreich;2023-07-22;10.14
Oberösterreich;2023-07-23;10.59
Oberösterreich;2023-07-24;11.05
Oberösterreich;2023-07-25;11.52
Oberösterreich;2023-07-26;11.92
Oberösterreich;2023-07-27;12.27
Oberösterreich;2023-07-28;12.68
Oberösterreich;2023-07-29;13.19
Oberösterreich;2023-07-30;13.76
Oberösterreich;2023-07-31;14.32
Oberösterreich;2023-08-01;15.09
Oberösterreich;2023-08-02;15.95
Oberösterreich;2023-08-03;16.96
Oberösterreich;2023-08-04;17.99
Oberösterreich;2023-08-05;19.09
Oberösterreich;2023-08-06;20.22
Oberösterreich;2023-08-07;21.49
Oberösterreich;2023-08-08;22.78
Oberösterreich;2023-08-09;24.14
Oberösterreich;2023-08-10;25.43
Oberösterreich;2023-08-11;26.75
Oberösterreich;2023-08-12;27.95
Oberösterreich;2023-08-13;29.03
Oberösterreich;2023-08-14;30.02
Oberösterreich;2023-08-15;30.87
Oberösterreich;2023-08-16;31.47
Oberösterreich;2023-08-17;31.96
Oberösterreich;2023-08-18;32.32
Oberösterreich;2023-08-19;32.6
Oberösterreich;2023-08-20;32.82
Oberösterreich;2023-08-21;32.98
Oberösterreich;2023-08-22;33.16
Oberösterreich;2023-08-23;33.43
Oberösterreich;2023-08-24;33.82
Oberösterreich;2023-08-25;34.37
Oberösterreich;2023-08-26;35.08
Oberösterreich;2023-08-27;36.07
Oberösterreich;2023-08-28;37.32
Oberösterreich;2023-08-29;38.86
Oberösterreich;2023-08-30;40.59
Oberösterreich;2023-08-31;42.57
Oberösterreich;2023-09-01;44.62
Oberösterreich;2023-09-02;46.67
Oberösterreich;2023-09-03;48.69
Oberösterreich;2023-09-04;50.61
Oberösterreich;2023-09-05;52.33
Oberösterreich;2023-09-06;53.9
Oberösterreich;2023-09-07;55.26
Oberösterreich;2023-09-08;56.55
Oberösterreich;2023-09-09;57.69
Oberösterreich;2023-09-10;58.79
Oberösterreich;2023-09-11;59.89
Oberösterreich;2023-09-12;61.08
Oberösterreich;2023-09-13;62.5
Oberösterreich;2023-09-14;64.15
Oberösterreich;2023-09-15;65.98
Oberösterreich;2023-09-16;67.9
Oberösterreich;2023-09-17;69.87
Oberösterreich;2023-09-18;71.94
Oberösterreich;2023-09-19;73.99
Oberösterreich;2023-09-20;76.18
Oberösterreich;2023-09-21;78.39
Oberösterreich;2023-09-22;80.58
Oberösterreich;2023-09-23;82.68
Oberösterreich;2023-09-24;84.61
Oberösterreich;2023-09-25;86.24
Oberösterreich;2023-09-26;87.64
Oberösterreich;2023-09-27;88.77
Oberösterreich;2023-09-28;89.6
Oberösterreich;2023-09-29;90.13
Oberösterreich;2023-09-30;90.33
Oberösterreich;2023-10-01;90.22
Oberösterreich;2023-10-02;89.82
Oberösterreich;2023-10-03;89.15
Oberösterreich;2023-10-04;88.48
Oberösterreich;2023-10-05;87.91
Oberösterreich;2023-10-06;87.44
Oberösterreich;2023-10-07;87.1
Oberösterreich;2023-10-08;86.86
Oberösterreich;2023-10-09;86.93
Oberösterreich;2023-10-10;87.37
Oberösterreich;2023-10-11;88.32
Oberösterreich;2023-10-12;89.71
Oberösterreich;2023-10-13;91.54
Oberösterreich;2023-10-14;93.87
Oberösterreich;2023-10-15;96.74
Oberösterreich;2023-10-16;100.1
Oberösterreich;2023-10-17;104.03
Oberösterreich;2023-10-18;108.42
Oberösterreich;2023-10-19;113.06
Oberösterreich;2023-10-20;117.86
Oberösterreich;2023-10-21;122.69
Oberösterreich;2023-10-22;127.5
Oberösterreich;2023-10-23;132.13
Oberösterreich;2023-10-24;136.75
Oberösterreich;2023-10-25;141.24
Oberösterreich;2023-10-26;145.63
Oberösterreich;2023-10-27;149.82
Oberösterreich;2023-10-28;153.73
Oberösterreich;2023-10-29;157.26
Oberösterreich;2023-10-30;160.26
Oberösterreich;2023-10-31;162.94
Oberösterreich;2023-11-01;165.38
Oberösterreich;2023-11-02;167.86
Oberösterreich;2023-11-03;170.55
Oberösterreich;2023-11-04;173.79
Oberösterreich;2023-11-05;177.79
Oberösterreich;2023-11-06;182.72
Oberösterreich;2023-11-07;188.59
Oberösterreich;2023-11-08;195.29
Oberösterreich;2023-11-09;202.67
Oberösterreich;2023-11-10;210.65
Oberösterreich;2023-11-11;219.2
Oberösterreich;2023-11-12;228.5
Oberösterreich;2023-11-13;238.59
Oberösterreich;2023-11-14;249.5
Oberösterreich;2023-11-15;261.3
Oberösterreich;2023-11-16;273.92
Oberösterreich;2023-11-17;287.39
Oberösterreich;2023-11-18;301.83
Oberösterreich;2023-11-19;317.33
Oberösterreich;2023-11-20;333.84
Oberösterreich;2023-11-21;351.14
Oberösterreich;2023-11-22;368.62
Oberösterreich;2023-11-23;385.89
Oberösterreich;2023-11-24;402.46
Oberösterreich;2023-11-25;417.85
Oberösterreich;2023-11-26;431.32
Oberösterreich;2023-11-27;442.4
Oberösterreich;2023-11-28;450.75
Oberösterreich;2023-11-29;456.28
Oberösterreich;2023-11-30;459.51
Oberösterreich;2023-12-01;460.94
Oberösterreich;2023-12-02;461.06
Oberösterreich;2023-12-03;460.2
Oberösterreich;2023-12-04;458.84
Oberösterreich;2023-12-05;457.3
Oberösterreich;2023-12-06;455.88
Oberösterreich;2023-12-07;454.59
Oberösterreich;2023-12-08;453.28
Oberösterreich;2023-12-09;451.65
Oberösterreich;2023-12-10;449.53
Oberösterreich;2023-12-11;446.93
Oberösterreich;2023-12-12;444.17
Oberösterreich;2023-12-13;441.49
Oberösterreich;2023-12-14;438.97
Oberösterreich;2023-12-15;436.13
Oberösterreich;2023-12-16;432.62
Oberösterreich;2023-12-17;427.91
Oberösterreich;2023-12-18;421.65
Oberösterreich;2023-12-19;413.82
Oberösterreich;2023-12-20;404.47
Oberösterreich;2023-12-21;393.99
Oberösterreich;2023-12-22;382.84
Oberösterreich;2023-12-23;371.38
Oberösterreich;2023-12-24;359.71
Oberösterreich;2023-12-25;347.84
Oberösterreich;2023-12-26;335.39
Oberösterreich;2023-12-27;322.0
Oberösterreich;2023-12-28;307.65
Oberösterreich;2023-12-29;292.68
Oberösterreich;2023-12-30;277.32
Oberösterreich;2023-12-31;261.89
Oberösterreich;2024-01-01;246.55
Oberösterreich;2024-01-02;231.43
Oberösterreich;2024-01-03;216.49
Oberösterreich;2024-01-04;201.92
Oberösterreich;2024-01-05;187.81
Oberösterreich;2024-01-06;174.33
Oberösterreich;2024-01-07;161.71
Oberösterreich;2024-01-08;150.19
Oberösterreich;2024-01-09;139.81
Oberösterreich;2024-01-10;130.46
Oberösterreich;2024-01-11;121.96
Oberösterreich;2024-01-12;114.24
Oberösterreich;2024-01-13;107.24
Oberösterreich;2024-01-14;100.82
Oberösterreich;2024-01-15;95.04
Oberösterreich;2024-01-16;89.81
Oberösterreich;2024-01-17;85.15
Oberösterreich;2024-01-18;80.9
Oberösterreich;2024-01-19;77.0
Oberösterreich;2024-01-20;73.44
Oberösterreich;2024-01-21;70.12
Oberösterreich;2024-01-22;67.11
Oberösterreich;2024-01-23;64.25
Oberösterreich;2024-01-24;61.57
Oberösterreich;2024-01-25;58.98
Oberösterreich;2024-01-26;56.48
Oberösterreich;2024-01-27;54.0
Oberösterreich;2024-01-28;51.54
Oberösterreich;2024-01-29;49.19
Oberösterreich;2024-01-30;46.87
Oberösterreich;2024-01-31;44.75
Oberösterreich;2024-02-01;42.77
Oberösterreich;2024-02-02;40.9
Oberösterreich;2024-02-03;39.12
Oberösterreich;2024-02-04;37.51
Oberösterreich;2024-02-05;35.95
Oberösterreich;2024-02-06;34.51
Oberösterreich;2024-02-07;33.13
Oberösterreich;2024-02-08;31.76
Oberösterreich;2024-02-09;30.52
Oberösterreich;2024-02-10;29.35
Oberösterreich;2024-02-11;28.39
Oberösterreich;2024-02-12;27.52
Oberösterreich;2024-02-13;26.86
Oberösterreich;2024-02-14;26.4
Oberösterreich;2024-02-15;26.05
Oberösterreich;2024-02-16;25.61
Oberösterreich;2024-02-17;25.11
Oberösterreich;2024-02-18;24.34
Oberösterreich;2024-02-19;23.33
Oberösterreich;2024-02-20;22.04
Oberösterreich;2024-02-21;20.71
Oberösterreich;2024-02-22;19.32
Oberösterreich;2024-02-23;17.96
Oberösterreich;2024-02-24;16.61
Oberösterreich;2024-02-25;15.33
Oberösterreich;2024-02-26;14.14
Oberösterreich;2024-02-27;13.02
Oberösterreich;2024-02-28;12.04
Oberösterreich;2024-02-29;11.14
Oberösterreich;2024-03-01;10.39
Oberösterreich;2024-03-02;9.68
Oberösterreich;2024-03-03;9.06
Oberösterreich;2024-03-04;8.5
Oberösterreich;2024-03-05;8.01
Oberösterreich;2024-03-06;7.58
Oberösterreich;2024-03-07;7.16
Oberösterreich;2024-03-08;6.82
Oberösterreich;2024-03-09;6.53
Oberösterreich;2024-03-10;6.23
Oberösterreich;2024-03-11;5.97
Oberösterreich;2024-03-12;5.75
Oberösterreich;2024-03-13;5.6
Oberösterreich;2024-03-14;5.44
Oberösterreich;2024-03-15;5.27
Oberösterreich;2024-03-16;5.12
Oberösterreich;2024-03-17;4.97
Oberösterreich;2024-03-18;4.81
Oberösterreich;2024-03-19;4.65
Oberösterreich;2024-03-20;4.45
Oberösterreich;2024-03-21;4.31
Oberösterreich;2024-03-22;4.22
Oberösterreich;2024-03-23;4.06
Oberösterreich;2024-03-24;3.95
Oberösterreich;2024-03-25;3.84
Oberösterreich;2024-03-26;3.72
Oberösterreich;2024-03-27;3.67
Oberösterreich;2024-03-28;3.58
Oberösterreich;2024-03-29;3.53
Oberösterreich;2024-03-30;3.45
Oberösterreich;2024-03-31;3.39
Oberösterreich;2024-04-01;3.4
Oberösterreich;2024-04-02;3.28
Oberösterreich;2024-04-03;3.24
Oberösterreich;2024-04-04;3.2
Oberösterreich;2024-04-05;3.17
Oberösterreich;2024-04-06;3.07
Oberösterreich;2024-04-07;3.03
Oberösterreich;2024-04-08;2.99
Oberösterreich;2024-04-09;2.94
Oberösterreich;2024-04-10;2.9
Oberösterreich;2024-04-11;2.92
Oberösterreich;2024-04-12;2.87
Oberösterreich;2024-04-13;2.89
Oberösterreich;2024-04-14;3.0
Oberösterreich;2024-04-15;3.06
Oberösterreich;2024-04-16;3.2
Oberösterreich;2024-04-17;3.42
Oberösterreich;2024-04-18;3.61
Oberösterreich;2024-04-19;3.84
Oberösterreich;2024-04-20;4.1
Oberösterreich;2024-04-21;4.37
Oberösterreich;2024-04-22;4.62
Oberösterreich;2024-04-23;4.94
Oberösterreich;2024-04-24;5.2
Oberösterreich;2024-04-25;5.47
Oberösterreich;2024-04-26;5.73
Oberösterreich;2024-04-27;6.01
Oberösterreich;2024-04-28;6.27
Oberösterreich;2024-04-29;6.54
Oberösterreich;2024-04-30;6.89
Oberösterreich;2024-05-01;7.22
Oberösterreich;2024-05-02;7.58
Oberösterreich;2024-05-03;8.0
Oberösterreich;2024-05-04;8.43
Oberösterreich;2024-05-05;8.89
Oberösterreich;2024-05-06;9.36
Oberösterreich;2024-05-07;9.87
Oberösterreich;2024-05-08;10.46
Oberösterreich;2024-05-09;11.06
Oberösterreich;2024-05-10;11.67
Oberösterreich;2024-05-11;12.34
Oberösterreich;2024-05-12;12.99
Oberösterreich;2024-05-13;13.56
Oberösterreich;2024-05-14;14.09
Oberösterreich;2024-05-15;14.51
Oberösterreich;2024-05-16;14.88
Oberösterreich;2024-05-17;15.15
Oberösterreich;2024-05-18;15.43
Oberösterreich;2024-05-19;15.64
Oberösterreich;2024-05-20;15.72
Oberösterreich;2024-05-21;15.91
Oberösterreich;2024-05-22;15.98
Oberösterreich;2024-05-23;16.16
Oberösterreich;2024-05-24;16.33
Oberösterreich;2024-05-25;16.49
Oberösterreich;2024-05-26;16.72
Oberösterreich;2024-05-27;17.05
Oberösterreich;2024-05-28;17.36
Oberösterreich;2024-05-29;17.69
Oberösterreich;2024-05-30;18.03
Oberösterreich;2024-05-31;18.43
Oberösterreich;2024-06-01;18.82
Oberösterreich;2024-06-02;19.31
Oberösterreich;2024-06-03;19.81
Oberösterreich;2024-06-04;20.45
Oberösterreich;2024-06-05;21.14
Oberösterreich;2024-06-06;21.93
Oberösterreich;2024-06-07;22.82
Oberösterreich;2024-06-08;23.85
Oberösterreich;2024-06-09;25.05
Oberösterreich;2024-06-10;26.28
Oberösterreich;2024-06-11;27.65
Oberösterreich;2024-06-12;29.03
Oberösterreich;2024-06-13;30.41
Oberösterreich;2024-06-14;31.74
Oberösterreich;2024-06-15;32.96
Oberösterreich;2024-06-16;34.06
Oberösterreich;2024-06-17;35.03
Oberösterreich;2024-06-18;35.95
Oberösterreich;2024-06-19;36.88
Oberösterreich;2024-06-20;37.77
Oberösterreich;2024-06-21;38.62
Oberösterreich;2024-06-22;39.43
Oberösterreich;2024-06-23;40.22
Oberösterreich;2024-06-24;40.91
Oberösterreich;2024-06-25;41.55
Oberösterreich;2024-06-26;42.08
Oberösterreich;2024-06-27;42.62
Oberösterreich;2024-06-28;43.14
Oberösterreich;2024-06-29;43.72
Oberösterreich;2024-06-30;44.3
Oberösterreich;2024-07-01;44.92
Oberösterreich;2024-07-02;45.64
Oberösterreich;2024-07-03;46.37
Oberösterreich;2024-07-04;47.19
Oberösterreich;2024-07-05;47.92
Oberösterreich;2024-07-06;48.65
Oberösterreich;2024-07-07;49.33
Oberösterreich;2024-07-08;49.9
Oberösterreich;2024-07-09;50.31
Oberösterreich;2024-07-10;50.66
Oberösterreich;2024-07-11;50.85
Oberösterreich;2024-07-12;50.94
Oberösterreich;2024-07-13;50.98
Oberösterreich;2024-07-14;51.01
Oberösterreich;2024-07-15;51.07
Oberösterreich;2024-07-16;51.16
Oberösterreich;2024-07-17;51.29
Oberösterreich;2024-07-18;51.47
Oberösterreich;2024-07-19;51.71
Oberösterreich;2024-07-20;51.98
Oberösterreich;2024-07-21;52.37
Oberösterreich;2024-07-22;52.78
Oberösterreich;2024-07-23;53.31
Oberösterreich;2024-07-24;53.86
Oberösterreich;2024-07-25;54.43
Oberösterreich;2024-07-26;55.06
Oberösterreich;2024-07-27;55.69
Oberösterreich;2024-07-28;56.42
Oberösterreich;2024-07-29;57.22
Oberösterreich;2024-07-30;58.1
Oberösterreich;2024-07-31;59.15
Oberösterreich;2024-08-01;60.34
Oberösterreich;2024-08-02;61.62
Oberösterreich;2024-08-03;63.12
Oberösterreich;2024-08-04;64.76
Oberösterreich;2024-08-05;66.52
Oberösterreich;2024-08-06;68.28
Oberösterreich;2024-08-07;70.03
Oberösterreich;2024-08-08;71.62
Oberösterreich;2024-08-09;73.14
Oberösterreich;2024-08-10;74.51
Oberösterreich;2024-08-11;75.81
Oberösterreich;2024-08-12;77.03
Oberösterreich;2024-08-13;78.29
Oberösterreich;2024-08-14;79.63
Oberösterreich;2024-08-15;81.09
Oberösterreich;2024-08-16;82.74
Oberösterreich;2024-08-17;84.68
Oberösterreich;2024-08-18;86.84
Oberösterreich;2024-08-19;89.3
Oberösterreich;2024-08-20;91.82
Oberösterreich;2024-08-21;94.25
Oberösterreich;2024-08-22;96.6
Oberösterreich;2024-08-23;98.78
Oberösterreich;2024-08-24;100.84
Oberösterreich;2024-08-25;102.76
Oberösterreich;2024-08-26;104.61
Oberösterreich;2024-08-27;106.24
Oberösterreich;2024-08-28;107.78
Oberösterreich;2024-08-29;109.25
Oberösterreich;2024-08-30;110.56
Oberösterreich;2024-08-31;111.91
Oberösterreich;2024-09-01;113.22
Oberösterreich;2024-09-02;114.65
Oberösterreich;2024-09-03;116.16
Oberösterreich;2024-09-04;117.96
Oberösterreich;2024-09-05;120.0
Oberösterreich;2024-09-06;122.29
Oberösterreich;2024-09-07;124.98
Oberösterreich;2024-09-08;128.03
Oberösterreich;2024-09-09;131.64
Oberösterreich;2024-09-10;135.89
Oberösterreich;2024-09-11;140.9
Oberösterreich;2024-09-12;146.67
Oberösterreich;2024-09-13;153.33
Oberösterreich;2024-09-14;160.89
Oberösterreich;2024-09-15;169.55
Oberösterreich;2024-09-16;179.48
Oberösterreich;2024-09-17;190.55
Oberösterreich;2024-09-18;202.55
Oberösterreich;2024-09-19;215.05
Oberösterreich;2024-09-20;227.52
Oberösterreich;2024-09-21;239.56
Oberösterreich;2024-09-22;250.58
Oberösterreich;2024-09-23;260.29
Oberösterreich;2024-09-24;268.67
Oberösterreich;2024-09-25;275.67
Oberösterreich;2024-09-26;281.58
Oberösterreich;2024-09-27;286.52
Oberösterreich;2024-09-28;290.55
Oberösterreich;2024-09-29;293.64
Oberösterreich;2024-09-30;295.74
Oberösterreich;2024-10-01;296.86
Oberösterreich;2024-10-02;297.22
Oberösterreich;2024-10-03;296.74
Oberösterreich;2024-10-04;295.5
Oberösterreich;2024-10-05;293.51
Oberösterreich;2024-10-06;290.61
Oberösterreich;2024-10-07;287.04
Oberösterreich;2024-10-08;283.1
Oberösterreich;2024-10-09;279.08
Oberösterreich;2024-10-10;275.12
Oberösterreich;2024-10-11;271.04
Oberösterreich;2024-10-12;266.58
Oberösterreich;2024-10-13;261.42
Oberösterreich;2024-10-14;255.6
Oberösterreich;2024-10-15;249.22
Oberösterreich;2024-10-16;242.52
Oberösterreich;2024-10-17;235.61
Oberösterreich;2024-10-18;228.71
Oberösterreich;2024-10-19;221.72
Oberösterreich;2024-10-20;214.77
Oberösterreich;2024-10-21;208.05
Oberösterreich;2024-10-22;201.61
Oberösterreich;2024-10-23;195.75
Oberösterreich;2024-10-24;190.43
Oberösterreich;2024-10-25;185.54
Oberösterreich;2024-10-26;180.87
Oberösterreich;2024-10-27;176.37
Oberösterreich;2024-10-28;171.63
Oberösterreich;2024-10-29;166.43
Oberösterreich;2024-10-30;160.6
Oberösterreich;2024-10-31;154.14
Oberösterreich;2024-11-01;147.3
Oberösterreich;2024-11-02;140.48
Oberösterreich;2024-11-03;133.91
Oberösterreich;2024-11-04;127.99
Oberösterreich;2024-11-05;122.7
Oberösterreich;2024-11-06;118.14
Oberösterreich;2024-11-07;114.14
Oberösterreich;2024-11-08;110.67
Oberösterreich;2024-11-09;107.52
Oberösterreich;2024-11-10;104.58
Oberösterreich;2024-11-11;101.89
Oberösterreich;2024-11-12;99.45
Oberösterreich;2024-11-13;97.15
Oberösterreich;2024-11-14;95.12
Oberösterreich;2024-11-15;93.34
Oberösterreich;2024-11-16;91.76
Oberösterreich;2024-11-17;90.36
Oberösterreich;2024-11-18;89.29
Oberösterreich;2024-11-19;88.53
Oberösterreich;2024-11-20;87.99
Oberösterreich;2024-11-21;87.7
Oberösterreich;2024-11-22;87.72
Oberösterreich;2024-11-23;87.98
Oberösterreich;2024-11-24;88.67
Oberösterreich;2024-11-25;89.72
Oberösterreich;2024-11-26;91.21
Oberösterreich;2024-11-27;93.08
Oberösterreich;2024-11-28;95.25
Oberösterreich;2024-11-29;97.63
Oberösterreich;2024-11-30;99.95
Oberösterreich;2024-12-01;102.12
Oberösterreich;2024-12-02;104.09
Oberösterreich;2024-12-03;105.72
Oberösterreich;2024-12-04;107.09
Oberösterreich;2024-12-05;108.19
Oberösterreich;2024-12-06;109.07
Oberösterreich;2024-12-07;109.82
Oberösterreich;2024-12-08;110.4
Oberösterreich;2024-12-09;110.91
Oberösterreich;2024-12-10;111.34
Oberösterreich;2024-12-11;111.65
Oberösterreich;2024-12-12;111.88
Oberösterreich;2024-12-13;111.92
Oberösterreich;2024-12-14;111.83
Oberösterreich;2024-12-15;111.37
Oberösterreich;2024-12-16;110.65
Oberösterreich;2024-12-17;109.67
Oberösterreich;2024-12-18;108.49
Oberösterreich;2024-12-19;107.25
Oberösterreich;2024-12-20;105.98
Oberösterreich;2024-12-21;104.64
Oberösterreich;2024-12-22;103.35
Oberösterreich;2024-12-23;102.12
Oberösterreich;2024-12-24;100.81
Oberösterreich;2024-12-25;99.57
Oberösterreich;2024-12-26;98.21
Oberösterreich;2024-12-27;96.76
Oberösterreich;2024-12-28;95.11
Oberösterreich;2024-12-29;93.23
Oberösterreich;2024-12-30;91.08
Oberösterreich;2024-12-31;88.62
Oberösterreich;2025-01-01;86.05
Oberösterreich;2025-01-02;83.38
Oberösterreich;2025-01-03;80.58
Oberösterreich;2025-01-04;77.75
Oberösterreich;2025-01-05;74.87
Oberösterreich;2025-01-06;72.06
Oberösterreich;2025-01-07;69.19
Oberösterreich;2025-01-08;66.33
Oberösterreich;2025-01-09;63.56
Oberösterreich;2025-01-10;60.75
Oberösterreich;2025-01-11;58.03
Oberösterreich;2025-01-12;55.38
Oberösterreich;2025-01-13;52.85
Oberösterreich;2025-01-14;50.41
Oberösterreich;2025-01-15;48.15
Oberösterreich;2025-01-16;46.11
Oberösterreich;2025-01-17;44.21
Oberösterreich;2025-01-18;42.42
Oberösterreich;2025-01-19;40.75
Oberösterreich;2025-01-20;39.27
Oberösterreich;2025-01-21;37.99
Oberösterreich;2025-01-22;36.82
Oberösterreich;2025-01-23;35.85
Oberösterreich;2025-01-24;34.98
Oberösterreich;2025-01-25;34.17
Oberösterreich;2025-01-26;33.49
Oberösterreich;2025-01-27;32.7
Oberösterreich;2025-01-28;32.04
Oberösterreich;2025-01-29;31.48
Oberösterreich;2025-01-30;30.86
Oberösterreich;2025-01-31;30.33
Oberösterreich;2025-02-01;29.89
Oberösterreich;2025-02-02;29.48
Oberösterreich;2025-02-03;29.08
Oberösterreich;2025-02-04;28.71
Oberösterreich;2025-02-05;28.41
Oberösterreich;2025-02-06;28.06
Oberösterreich;2025-02-07;27.74
Oberösterreich;2025-02-08;27.36
Oberösterreich;2025-02-09;26.96
Oberösterreich;2025-02-10;26.45
Oberösterreich;2025-02-11;25.85
Oberösterreich;2025-02-12;25.1
Oberösterreich;2025-02-13;24.26
Oberösterreich;2025-02-14;23.4
Oberösterreich;2025-02-15;22.54
Oberösterreich;2025-02-16;21.71
Oberösterreich;2025-02-17;21.0
Oberösterreich;2025-02-18;20.27
Oberösterreich;2025-02-19;19.56
Oberösterreich;2025-02-20;18.82
Oberösterreich;2025-02-21;18.11
Oberösterreich;2025-02-22;17.36
Oberösterreich;2025-02-23;16.65
Oberösterreich;2025-02-24;16.04
Oberösterreich;2025-02-25;15.43
Oberösterreich;2025-02-26;14.88
Oberösterreich;2025-02-27;14.34
Oberösterreich;2025-02-28;13.88
Oberösterreich;2025-03-01;13.52
Oberösterreich;2025-03-02;13.26
Oberösterreich;2025-03-03;13.07
Oberösterreich;2025-03-04;13.05
Oberösterreich;2025-03-05;13.08
Oberösterreich;2025-03-06;13.29
Oberösterreich;2025-03-07;13.52
Oberösterreich;2025-03-08;13.77
Oberösterreich;2025-03-09;14.1
Oberösterreich;2025-03-10;14.45
Oberösterreich;2025-03-11;14.88
Oberösterreich;2025-03-12;15.25
Oberösterreich;2025-03-13;15.69
Oberösterreich;2025-03-14;16.03
Oberösterreich;2025-03-15;16.35
Oberösterreich;2025-03-16;16.61
Oberösterreich;2025-03-17;16.71
Oberösterreich;2025-03-18;16.66
Oberösterreich;2025-03-19;16.54
Oberösterreich;2025-03-20;16.39
Oberösterreich;2025-03-21;16.13
Oberösterreich;2025-03-22;15.82
Oberösterreich;2025-03-23;15.34
Oberösterreich;2025-03-24;14.85
Oberösterreich;2025-03-25;14.27
Oberösterreich;2025-03-26;13.63
Oberösterreich;2025-03-27;13.04
Oberösterreich;2025-03-28;12.51
Oberösterreich;2025-03-29;12.08
Oberösterreich;2025-03-30;11.7
Oberösterreich;2025-03-31;11.52
Oberösterreich;2025-04-01;11.51
Oberösterreich;2025-04-02;11.55
Oberösterreich;2025-04-03;11.71
Oberösterreich;2025-04-04;11.98
Oberösterreich;2025-04-05;12.33
Oberösterreich;2025-04-06;12.69
Oberösterreich;2025-04-07;13.12
Oberösterreich;2025-04-08;13.56
Oberösterreich;2025-04-09;14.05
Oberösterreich;2025-04-10;14.51
Oberösterreich;2025-04-11;14.98
Oberösterreich;2025-04-12;15.37
Oberösterreich;2025-04-13;15.75
Oberösterreich;2025-04-14;15.98
Oberösterreich;2025-04-15;15.97
Oberösterreich;2025-04-16;15.81
Oberösterreich;2025-04-17;15.47
Oberösterreich;2025-04-18;15.0
Oberösterreich;2025-04-19;14.46
Oberösterreich;2025-04-20;13.88
Oberösterreich;2025-04-21;13.28
Oberösterreich;2025-04-22;12.7
Oberösterreich;2025-04-23;12.17
Oberösterreich;2025-04-24;11.69
Oberösterreich;2025-04-25;11.24
Oberösterreich;2025-04-26;10.78
Oberösterreich;2025-04-27;10.43
Oberösterreich;2025-04-28;10.02
Oberösterreich;2025-04-29;9.71
Oberösterreich;2025-04-30;9.43
Oberösterreich;2025-05-01;9.16
Oberösterreich;2025-05-02;9.02
Oberösterreich;2025-05-03;8.91
Oberösterreich;2025-05-04;8.86
Oberösterreich;2025-05-05;8.97
Oberösterreich;2025-05-06;9.14
Oberösterreich;2025-05-07;9.48
Oberösterreich;2025-05-08;9.9
Oberösterreich;2025-05-09;10.4
Oberösterreich;2025-05-10;10.92
Oberösterreich;2025-05-11;11.44
Oberösterreich;2025-05-12;11.99
Oberösterreich;2025-05-13;12.55
Oberösterreich;2025-05-14;13.13
Oberösterreich;2025-05-15;13.77
Oberösterreich;2025-05-16;14.51
Oberösterreich;2025-05-17;15.27
Oberösterreich;2025-05-18;16.23
Oberösterreich;2025-05-19;17.23
Oberösterreich;2025-05-20;18.38
Oberösterreich;2025-05-21;19.68
Oberösterreich;2025-05-22;20.92
Oberösterreich;2025-05-23;22.17
Oberösterreich;2025-05-24;23.3
Oberösterreich;2025-05-25;24.17
Oberösterreich;2025-05-26;24.79
Oberösterreich;2025-05-27;25.2
Oberösterreich;2025-05-28;25.48
Oberösterreich;2025-05-29;25.62
Oberösterreich;2025-05-30;25.6
Oberösterreich;2025-05-31;25.51
Oberösterreich;2025-06-01;25.36
Oberösterreich;2025-06-02;25.05
Oberösterreich;2025-06-03;24.65
Oberösterreich;2025-06-04;24.24
Oberösterreich;2025-06-05;23.85
Oberösterreich;2025-06-06;23.41
Oberösterreich;2025-06-07;23.03
Oberösterreich;2025-06-08;22.71
Oberösterreich;2025-06-09;22.43
Oberösterreich;2025-06-10;22.26
Oberösterreich;2025-06-11;22.23
Oberösterreich;2025-06-12;22.26
Oberösterreich;2025-06-13;22.44
Oberösterreich;2025-06-14;22.66
Oberösterreich;2025-06-15;22.92
Oberösterreich;2025-06-16;23.3
Oberösterreich;2025-06-17;23.73
Oberösterreich;2025-06-18;24.26
Oberösterreich;2025-06-19;24.83
Oberösterreich;2025-06-20;25.33
Oberösterreich;2025-06-21;25.79
Oberösterreich;2025-06-22;26.15
Oberösterreich;2025-06-23;26.33
Oberösterreich;2025-06-24;26.39
Oberösterreich;2025-06-25;26.26
Oberösterreich;2025-06-26;26.04
Oberösterreich;2025-06-27;25.84
Oberösterreich;2025-06-28;25.52
Oberösterreich;2025-06-29;25.29
Oberösterreich;2025-06-30;25.14
Oberösterreich;2025-07-01;25.07
Oberösterreich;2025-07-02;25.15
Oberösterreich;2025-07-03;25.46
Oberösterreich;2025-07-04;25.88
Oberösterreich;2025-07-05;26.39
Oberösterreich;2025-07-06;26.97
Oberösterreich;2025-07-07;27.59
Oberösterreich;2025-07-08;28.24
Oberösterreich;2025-07-09;28.78
Oberösterreich;2025-07-10;29.35
Oberösterreich;2025-07-11;29.69
Oberösterreich;2025-07-12;29.99
Oberösterreich;2025-07-13;30.06
Oberösterreich;2025-07-14;29.92
Oberösterreich;2025-07-15;29.61
Oberösterreich;2025-07-16;29.24
Oberösterreich;2025-07-17;28.82
Oberösterreich;2025-07-18;28.43
Oberösterreich;2025-07-19;28.03
Oberösterreich;2025-07-20;27.79
Oberösterreich;2025-07-21;27.78
Oberösterreich;2025-07-22;27.89
Oberösterreich;2025-07-23;28.27
Oberösterreich;2025-07-24;28.93
Oberösterreich;2025-07-25;29.76
Oberösterreich;2025-07-26;30.99
Oberösterreich;2025-07-27;32.46
Oberösterreich;2025-07-28;34.31
Oberösterreich;2025-07-29;36.45
Oberösterreich;2025-07-30;38.85
Oberösterreich;2025-07-31;41.41
Oberösterreich;2025-08-01;44.12
Oberösterreich;2025-08-02;46.9
Oberösterreich;2025-08-03;49.67
Oberösterreich;2025-08-04;52.42
Oberösterreich;2025-08-05;55.14
Oberösterreich;2025-08-06;57.69
Oberösterreich;2025-08-07;60.11
Oberösterreich;2025-08-08;62.34
Oberösterreich;2025-08-09;64.33
Oberösterreich;2025-08-10;66.04
Oberösterreich;2025-08-11;68.15
Oberösterreich;2025-08-12;69.34
Niederösterreich;2022-09-01;82.85
Niederösterreich;2022-09-02;82.53
Niederösterreich;2022-09-03;82.37
Niederösterreich;2022-09-04;82.4
Niederösterreich;2022-09-05;82.71
Niederösterreich;2022-09-06;83.37
Niederösterreich;2022-09-07;84.37
Niederösterreich;2022-09-08;85.72
Niederösterreich;2022-09-09;87.49
Niederösterreich;2022-09-10;89.6
Niederösterreich;2022-09-11;92.07
Niederösterreich;2022-09-12;94.84
Niederösterreich;2022-09-13;98.03
Niederösterreich;2022-09-14;101.62
Niederösterreich;2022-09-15;105.68
Niederösterreich;2022-09-16;110.15
Niederösterreich;2022-09-17;115.02
Niederösterreich;2022-09-18;120.35
Niederösterreich;2022-09-19;126.08
Niederösterreich;2022-09-20;132.2
Niederösterreich;2022-09-21;138.73
Niederösterreich;2022-09-22;145.53
Niederösterreich;2022-09-23;152.58
Niederösterreich;2022-09-24;159.71
Niederösterreich;2022-09-25;166.87
Niederösterreich;2022-09-26;173.96
Niederösterreich;2022-09-27;180.83
Niederösterreich;2022-09-28;187.32
Niederösterreich;2022-09-29;193.42
Niederösterreich;2022-09-30;198.98
Niederösterreich;2022-10-01;203.98
Niederösterreich;2022-10-02;208.48
Niederösterreich;2022-10-03;212.3
Niederösterreich;2022-10-04;215.38
Niederösterreich;2022-10-05;217.59
Niederösterreich;2022-10-06;218.77
Niederösterreich;2022-10-07;218.94
Niederösterreich;2022-10-08;218.05
Niederösterreich;2022-10-09;216.1
Niederösterreich;2022-10-10;213.16
Niederösterreich;2022-10-11;209.47
Niederösterreich;2022-10-12;205.26
Niederösterreich;2022-10-13;200.83
Niederösterreich;2022-10-14;196.28
Niederösterreich;2022-10-15;191.73
Niederösterreich;2022-10-16;187.1
Niederösterreich;2022-10-17;182.36
Niederösterreich;2022-10-18;177.61
Niederösterreich;2022-10-19;172.76
Niederösterreich;2022-10-20;167.89
Niederösterreich;2022-10-21;163.04
Niederösterreich;2022-10-22;158.21
Niederösterreich;2022-10-23;153.49
Niederösterreich;2022-10-24;148.87
Niederösterreich;2022-10-25;144.46
Niederösterreich;2022-10-26;140.26
Niederösterreich;2022-10-27;136.24
Niederösterreich;2022-10-28;132.52
Niederösterreich;2022-10-29;129.02
Niederösterreich;2022-10-30;125.76
Niederösterreich;2022-10-31;122.79
Niederösterreich;2022-11-01;120.19
Niederösterreich;2022-11-02;117.99
Niederösterreich;2022-11-03;116.2
Niederösterreich;2022-11-04;114.72
Niederösterreich;2022-11-05;113.55
Niederösterreich;2022-11-06;112.64
Niederösterreich;2022-11-07;111.96
Niederösterreich;2022-11-08;111.54
Niederösterreich;2022-11-09;111.35
Niederösterreich;2022-11-10;111.49
Niederösterreich;2022-11-11;111.91
Niederösterreich;2022-11-12;112.64
Niederösterreich;2022-11-13;113.77
Niederösterreich;2022-11-14;115.26
Niederösterreich;2022-11-15;117.15
Niederösterreich;2022-11-16;119.44
Niederösterreich;2022-11-17;122.08
Niederösterreich;2022-11-18;124.96
Niederösterreich;2022-11-19;128.08
Niederösterreich;2022-11-20;131.38
Niederösterreich;2022-11-21;134.8
Niederösterreich;2022-11-22;138.43
Niederösterreich;2022-11-23;142.18
Niederösterreich;2022-11-24;146.12
Niederösterreich;2022-11-25;150.11
Niederösterreich;2022-11-26;154.14
Niederösterreich;2022-11-27;158.03
Niederösterreich;2022-11-28;161.85
Niederösterreich;2022-11-29;165.49
Niederösterreich;2022-11-30;169.13
Niederösterreich;2022-12-01;172.65
Niederösterreich;2022-12-02;176.13
Niederösterreich;2022-12-03;179.41
Niederösterreich;2022-12-04;182.39
Niederösterreich;2022-12-05;185.09
Niederösterreich;2022-12-06;187.45
Niederösterreich;2022-12-07;189.52
Niederösterreich;2022-12-08;191.33
Niederösterreich;2022-12-09;192.89
Niederösterreich;2022-12-10;194.13
Niederösterreich;2022-12-11;194.97
Niederösterreich;2022-12-12;195.55
Niederösterreich;2022-12-13;195.86
Niederösterreich;2022-12-14;196.17
Niederösterreich;2022-12-15;196.47
Niederösterreich;2022-12-16;196.76
Niederösterreich;2022-12-17;197.0
Niederösterreich;2022-12-18;196.96
Niederösterreich;2022-12-19;196.64
Niederösterreich;2022-12-20;196.0
Niederösterreich;2022-12-21;195.19
Niederösterreich;2022-12-22;194.26
Niederösterreich;2022-12-23;193.26
Niederösterreich;2022-12-24;192.14
Niederösterreich;2022-12-25;190.9
Niederösterreich;2022-12-26;189.41
Niederösterreich;2022-12-27;187.64
Niederösterreich;2022-12-28;185.46
Niederösterreich;2022-12-29;182.86
Niederösterreich;2022-12-30;179.81
Niederösterreich;2022-12-31;176.36
Niederösterreich;2023-01-01;172.55
Niederösterreich;2023-01-02;168.36
Niederösterreich;2023-01-03;163.85
Niederösterreich;2023-01-04;159.12
Niederösterreich;2023-01-05;154.14
Niederösterreich;2023-01-06;149.09
Niederösterreich;2023-01-07;144.08
Niederösterreich;2023-01-08;139.22
Niederösterreich;2023-01-09;134.55
Niederösterreich;2023-01-10;130.13
Niederösterreich;2023-01-11;125.83
Niederösterreich;2023-01-12;121.76
Niederösterreich;2023-01-13;117.91
Niederösterreich;2023-01-14;114.48
Niederösterreich;2023-01-15;111.55
Niederösterreich;2023-01-16;109.29
Niederösterreich;2023-01-17;107.72
Niederösterreich;2023-01-18;106.52
Niederösterreich;2023-01-19;106.36
Niederösterreich;2023-01-20;106.94
Niederösterreich;2023-01-21;108.27
Niederösterreich;2023-01-22;115.79
Niederösterreich;2023-01-23;120.85
Niederösterreich;2023-01-24;124.7
Niederösterreich;2023-01-25;129.22
Niederösterreich;2023-01-26;134.34
Niederösterreich;2023-01-27;139.83
Niederösterreich;2023-01-28;145.59
Niederösterreich;2023-01-29;150.67
Niederösterreich;2023-01-30;156.18
Niederösterreich;2023-01-31;161.76
Niederösterreich;2023-02-01;167.45
Niederösterreich;2023-02-02;173.28
Niederösterreich;2023-02-03;179.23
Niederösterreich;2023-02-04;185.28
Niederösterreich;2023-02-05;191.37
Niederösterreich;2023-02-06;197.51
Niederösterreich;2023-02-07;202.52
Niederösterreich;2023-02-08;208.16
Niederösterreich;2023-02-09;213.7
Niederösterreich;2023-02-10;219.13
Niederösterreich;2023-02-11;224.29
Niederösterreich;2023-02-12;229.14
Niederösterreich;2023-02-13;233.51
Niederösterreich;2023-02-14;237.22
Niederösterreich;2023-02-15;240.14
Niederösterreich;2023-02-16;242.31
Niederösterreich;2023-02-17;243.9
Niederösterreich;2023-02-18;245.25
Niederösterreich;2023-02-19;246.56
Niederösterreich;2023-02-20;248.0
Niederösterreich;2023-02-21;249.62
Niederösterreich;2023-02-22;251.29
Niederösterreich;2023-02-23;252.88
Niederösterreich;2023-02-24;254.29
Niederösterreich;2023-02-25;255.41
Niederösterreich;2023-02-26;256.26
Niederösterreich;2023-02-27;256.91
Niederösterreich;2023-02-28;257.46
Niederösterreich;2023-03-01;258.05
Niederösterreich;2023-03-02;258.72
Niederösterreich;2023-03-03;259.42
Niederösterreich;2023-03-04;260.01
Niederösterreich;2023-03-05;260.33
Niederösterreich;2023-03-06;260.15
Niederösterreich;2023-03-07;259.37
Niederösterreich;2023-03-08;257.88
Niederösterreich;2023-03-09;255.61
Niederösterreich;2023-03-10;252.61
Niederösterreich;2023-03-11;248.91
Niederösterreich;2023-03-12;244.61
Niederösterreich;2023-03-13;239.82
Niederösterreich;2023-03-14;234.73
Niederösterreich;2023-03-15;229.52
Niederösterreich;2023-03-16;224.29
Niederösterreich;2023-03-17;219.05
Niederösterreich;2023-03-18;213.65
Niederösterreich;2023-03-19;207.98
Niederösterreich;2023-03-20;201.92
Niederösterreich;2023-03-21;195.48
Niederösterreich;2023-03-22;188.68
Niederösterreich;2023-03-23;181.58
Niederösterreich;2023-03-24;174.3
Niederösterreich;2023-03-25;166.89
Niederösterreich;2023-03-26;159.56
Niederösterreich;2023-03-27;152.37
Niederösterreich;2023-03-28;145.52
Niederösterreich;2023-03-29;139.13
Niederösterreich;2023-03-30;133.25
Niederösterreich;2023-03-31;127.82
Niederösterreich;2023-04-01;122.79
Niederösterreich;2023-04-02;118.09
Niederösterreich;2023-04-03;113.63
Niederösterreich;2023-04-04;109.41
Niederösterreich;2023-04-05;105.35
Niederösterreich;2023-04-06;101.43
Niederösterreich;2023-04-07;97.59
Niederösterreich;2023-04-08;93.84
Niederösterreich;2023-04-09;90.23
Niederösterreich;2023-04-10;86.7
Niederösterreich;2023-04-11;83.33
Niederösterreich;2023-04-12;80.16
Niederösterreich;2023-04-13;77.19
Niederösterreich;2023-04-14;74.49
Niederösterreich;2023-04-15;72.04
Niederösterreich;2023-04-16;69.87
Niederösterreich;2023-04-17;67.97
Niederösterreich;2023-04-18;66.32
Niederösterreich;2023-04-19;64.91
Niederösterreich;2023-04-20;63.66
Niederösterreich;2023-04-21;62.52
Niederösterreich;2023-04-22;61.38
Niederösterreich;2023-04-23;60.23
Niederösterreich;2023-04-24;59.0
Niederösterreich;2023-04-25;57.72
Niederösterreich;2023-04-26;56.41
Niederösterreich;2023-04-27;55.09
Niederösterreich;2023-04-28;53.75
Niederösterreich;2023-04-29;52.43
Niederösterreich;2023-04-30;51.11
Niederösterreich;2023-05-01;49.84
Niederösterreich;2023-05-02;48.56
Niederösterreich;2023-05-03;47.3
Niederösterreich;2023-05-04;46.05
Niederösterreich;2023-05-05;44.81
Niederösterreich;2023-05-06;43.55
Niederösterreich;2023-05-07;42.3
Niederösterreich;2023-05-08;41.05
Niederösterreich;2023-05-09;39.79
Niederösterreich;2023-05-10;38.59
Niederösterreich;2023-05-11;37.37
Niederösterreich;2023-05-12;36.2
Niederösterreich;2023-05-13;35.04
Niederösterreich;2023-05-14;33.92
Niederösterreich;2023-05-15;32.84
Niederösterreich;2023-05-16;31.81
Niederösterreich;2023-05-17;30.86
Niederösterreich;2023-05-18;29.97
Niederösterreich;2023-05-19;29.11
Niederösterreich;2023-05-20;28.27
Niederösterreich;2023-05-21;27.44
Niederösterreich;2023-05-22;26.57
Niederösterreich;2023-05-23;25.71
Niederösterreich;2023-05-24;24.84
Niederösterreich;2023-05-25;23.95
Niederösterreich;2023-05-26;23.1
Niederösterreich;2023-05-27;22.24
Niederösterreich;2023-05-28;21.46
Niederösterreich;2023-05-29;20.67
Niederösterreich;2023-05-30;19.94
Niederösterreich;2023-05-31;19.24
Niederösterreich;2023-06-01;18.62
Niederösterreich;2023-06-02;18.04
Niederösterreich;2023-06-03;17.55
Niederösterreich;2023-06-04;17.1
Niederösterreich;2023-06-05;16.72
Niederösterreich;2023-06-06;16.41
Niederösterreich;2023-06-07;16.14
Niederösterreich;2023-06-08;15.92
Niederösterreich;2023-06-09;15.75
Niederösterreich;2023-06-10;15.57
Niederösterreich;2023-06-11;15.41
Niederösterreich;2023-06-12;15.22
Niederösterreich;2023-06-13;15.0
Niederösterreich;2023-06-14;14.79
Niederösterreich;2023-06-15;14.57
Niederösterreich;2023-06-16;14.33
Niederösterreich;2023-06-17;14.09
Niederösterreich;2023-06-18;13.85
Niederösterreich;2023-06-19;13.59
Niederösterreich;2023-06-20;13.35
Niederösterreich;2023-06-21;13.03
Niederösterreich;2023-06-22;12.7
Niederösterreich;2023-06-23;12.36
Niederösterreich;2023-06-24;12.03
Niederösterreich;2023-06-25;11.74
Niederösterreich;2023-06-26;11.47
Niederösterreich;2023-06-27;11.26
Niederösterreich;2023-06-28;11.12
Niederösterreich;2023-06-29;11.02
Niederösterreich;2023-06-30;10.97
Niederösterreich;2023-07-01;10.92
Niederösterreich;2023-07-02;10.87
Niederösterreich;2023-07-03;10.78
Niederösterreich;2023-07-04;10.67
Niederösterreich;2023-07-05;10.57
Niederösterreich;2023-07-06;10.43
Niederösterreich;2023-07-07;10.34
Niederösterreich;2023-07-08;10.29
Niederösterreich;2023-07-09;10.3
Niederösterreich;2023-07-10;10.35
Niederösterreich;2023-07-11;10.46
Niederösterreich;2023-07-12;10.66
Niederösterreich;2023-07-13;10.91
Niederösterreich;2023-07-14;11.23
Niederösterreich;2023-07-15;11.55
Niederösterreich;2023-07-16;11.9
Niederösterreich;2023-07-17;12.27
Niederösterreich;2023-07-18;12.62
Niederösterreich;2023-07-19;12.97
Niederösterreich;2023-07-20;13.38
Niederösterreich;2023-07-21;13.79
Niederösterreich;2023-07-22;14.22
Niederösterreich;2023-07-23;14.7
Niederösterreich;2023-07-24;15.21
Niederösterreich;2023-07-25;15.83
Niederösterreich;2023-07-26;16.53
Niederösterreich;2023-07-27;17.36
Niederösterreich;2023-07-28;18.31
Niederösterreich;2023-07-29;19.36
Niederösterreich;2023-07-30;20.55
Niederösterreich;2023-07-31;21.88
Niederösterreich;2023-08-01;23.35
Niederösterreich;2023-08-02;24.97
Niederösterreich;2023-08-03;26.69
Niederösterreich;2023-08-04;28.52
Niederösterreich;2023-08-05;30.43
Niederösterreich;2023-08-06;32.37
Niederösterreich;2023-08-07;34.32
Niederösterreich;2023-08-08;36.22
Niederösterreich;2023-08-09;38.07
Niederösterreich;2023-08-10;39.76
Niederösterreich;2023-08-11;41.31
Niederösterreich;2023-08-12;42.75
Niederösterreich;2023-08-13;44.05
Niederösterreich;2023-08-14;45.26
Niederösterreich;2023-08-15;46.39
Niederösterreich;2023-08-16;47.46
Niederösterreich;2023-08-17;48.53
Niederösterreich;2023-08-18;49.67
Niederösterreich;2023-08-19;50.84
Niederösterreich;2023-08-20;52.11
Niederösterreich;2023-08-21;53.5
Niederösterreich;2023-08-22;55.02
Niederösterreich;2023-08-23;56.65
Niederösterreich;2023-08-24;58.44
Niederösterreich;2023-08-25;60.28
Niederösterreich;2023-08-26;62.22
Niederösterreich;2023-08-27;64.14
Niederösterreich;2023-08-28;66.06
Niederösterreich;2023-08-29;67.92
Niederösterreich;2023-08-30;69.75
Niederösterreich;2023-08-31;71.53
Niederösterreich;2023-09-01;73.22
Niederösterreich;2023-09-02;74.87
Niederösterreich;2023-09-03;76.41
Niederösterreich;2023-09-04;77.87
Niederösterreich;2023-09-05;79.18
Niederösterreich;2023-09-06;80.4
Niederösterreich;2023-09-07;81.47
Niederösterreich;2023-09-08;82.46
Niederösterreich;2023-09-09;83.35
Niederösterreich;2023-09-10;84.14
Niederösterreich;2023-09-11;84.85
Niederösterreich;2023-09-12;85.47
Niederösterreich;2023-09-13;86.08
Niederösterreich;2023-09-14;86.68
Niederösterreich;2023-09-15;87.29
Niederösterreich;2023-09-16;87.86
Niederösterreich;2023-09-17;88.36
Niederösterreich;2023-09-18;88.76
Niederösterreich;2023-09-19;89.05
Niederösterreich;2023-09-20;89.3
Niederösterreich;2023-09-21;89.57
Niederösterreich;2023-09-22;89.95
Niederösterreich;2023-09-23;90.46
Niederösterreich;2023-09-24;91.16
Niederösterreich;2023-09-25;92.08
Niederösterreich;2023-09-26;93.25
Niederösterreich;2023-09-27;94.57
Niederösterreich;2023-09-28;96.1
Niederösterreich;2023-09-29;97.74
Niederösterreich;2023-09-30;99.49
Niederösterreich;2023-10-01;101.32
Niederösterreich;2023-10-02;103.17
Niederösterreich;2023-10-03;105.0
Niederösterreich;2023-10-04;106.88
Niederösterreich;2023-10-05;108.85
Niederösterreich;2023-10-06;110.97
Niederösterreich;2023-10-07;113.33
Niederösterreich;2023-10-08;115.92
Niederösterreich;2023-10-09;118.77
Niederösterreich;2023-10-10;121.76
Niederösterreich;2023-10-11;124.88
Niederösterreich;2023-10-12;127.99
Niederösterreich;2023-10-13;131.17
Niederösterreich;2023-10-14;134.44
Niederösterreich;2023-10-15;137.84
Niederösterreich;2023-10-16;141.47
Niederösterreich;2023-10-17;145.29
Niederösterreich;2023-10-18;149.29
Niederösterreich;2023-10-19;153.4
Niederösterreich;2023-10-20;157.54
Niederösterreich;2023-10-21;161.67
Niederösterreich;2023-10-22;165.7
Niederösterreich;2023-10-23;169.6
Niederösterreich;2023-10-24;173.43
Niederösterreich;2023-10-25;177.28
Niederösterreich;2023-10-26;181.25
Niederösterreich;2023-10-27;185.38
Niederösterreich;2023-10-28;189.63
Niederösterreich;2023-10-29;194.09
Niederösterreich;2023-10-30;198.77
Niederösterreich;2023-10-31;203.68
Niederösterreich;2023-11-01;208.88
Niederösterreich;2023-11-02;214.36
Niederösterreich;2023-11-03;220.19
Niederösterreich;2023-11-04;226.41
Niederösterreich;2023-11-05;233.1
Niederösterreich;2023-11-06;240.35
Niederösterreich;2023-11-07;248.38
Niederösterreich;2023-11-08;257.23
Niederösterreich;2023-11-09;266.93
Niederösterreich;2023-11-10;277.35
Niederösterreich;2023-11-11;288.25
Niederösterreich;2023-11-12;299.4
Niederösterreich;2023-11-13;321.2
Niederösterreich;2023-11-14;332.89
Niederösterreich;2023-11-15;344.6
Niederösterreich;2023-11-16;356.41
Niederösterreich;2023-11-17;368.46
Niederösterreich;2023-11-18;380.93
Niederösterreich;2023-11-19;394.05
Niederösterreich;2023-11-20;407.84
Niederösterreich;2023-11-21;422.2
Niederösterreich;2023-11-22;436.89
Niederösterreich;2023-11-23;451.66
Niederösterreich;2023-11-24;466.36
Niederösterreich;2023-11-25;480.83
Niederösterreich;2023-11-26;495.0
Niederösterreich;2023-11-27;508.87
Niederösterreich;2023-11-28;522.39
Niederösterreich;2023-11-29;535.67
Niederösterreich;2023-11-30;548.51
Niederösterreich;2023-12-01;560.78
Niederösterreich;2023-12-02;572.11
Niederösterreich;2023-12-03;582.14
Niederösterreich;2023-12-04;590.65
Niederösterreich;2023-12-05;597.61
Niederösterreich;2023-12-06;605.87
Niederösterreich;2023-12-07;609.39
Niederösterreich;2023-12-08;611.55
Niederösterreich;2023-12-09;612.21
Niederösterreich;2023-12-10;611.05
Niederösterreich;2023-12-11;607.83
Niederösterreich;2023-12-12;602.6
Niederösterreich;2023-12-13;595.56
Niederösterreich;2023-12-14;587.03
Niederösterreich;2023-12-15;577.29
Niederösterreich;2023-12-16;566.45
Niederösterreich;2023-12-17;554.62
Niederösterreich;2023-12-18;541.66
Niederösterreich;2023-12-19;527.42
Niederösterreich;2023-12-20;511.75
Niederösterreich;2023-12-21;494.7
Niederösterreich;2023-12-22;476.58
Niederösterreich;2023-12-23;457.66
Niederösterreich;2023-12-24;438.24
Niederösterreich;2023-12-25;418.59
Niederösterreich;2023-12-26;398.89
Niederösterreich;2023-12-27;379.24
Niederösterreich;2023-12-28;359.74
Niederösterreich;2023-12-29;340.45
Niederösterreich;2023-12-30;321.46
Niederösterreich;2023-12-31;302.86
Niederösterreich;2024-01-01;284.81
Niederösterreich;2024-01-02;267.45
Niederösterreich;2024-01-03;250.93
Niederösterreich;2024-01-04;235.34
Niederösterreich;2024-01-05;220.68
Niederösterreich;2024-01-06;207.04
Niederösterreich;2024-01-07;194.43
Niederösterreich;2024-01-08;182.85
Niederösterreich;2024-01-09;172.23
Niederösterreich;2024-01-10;162.51
Niederösterreich;2024-01-11;153.54
Niederösterreich;2024-01-12;145.2
Niederösterreich;2024-01-13;137.46
Niederösterreich;2024-01-14;130.33
Niederösterreich;2024-01-15;123.8
Niederösterreich;2024-01-16;117.88
Niederösterreich;2024-01-17;112.47
Niederösterreich;2024-01-18;107.5
Niederösterreich;2024-01-19;102.92
Niederösterreich;2024-01-20;98.62
Niederösterreich;2024-01-21;94.62
Niederösterreich;2024-01-22;90.82
Niederösterreich;2024-01-23;87.27
Niederösterreich;2024-01-24;83.92
Niederösterreich;2024-01-25;80.73
Niederösterreich;2024-01-26;77.67
Niederösterreich;2024-01-27;74.71
Niederösterreich;2024-01-28;71.85
Niederösterreich;2024-01-29;69.09
Niederösterreich;2024-01-30;66.47
Niederösterreich;2024-01-31;64.02
Niederösterreich;2024-02-01;61.69
Niederösterreich;2024-02-02;59.45
Niederösterreich;2024-02-03;57.23
Niederösterreich;2024-02-04;54.98
Niederösterreich;2024-02-05;52.7
Niederösterreich;2024-02-06;50.35
Niederösterreich;2024-02-07;48.01
Niederösterreich;2024-02-08;45.74
Niederösterreich;2024-02-09;43.53
Niederösterreich;2024-02-10;41.41
Niederösterreich;2024-02-11;39.36
Niederösterreich;2024-02-12;37.41
Niederösterreich;2024-02-13;35.58
Niederösterreich;2024-02-14;33.82
Niederösterreich;2024-02-15;32.16
Niederösterreich;2024-02-16;30.57
Niederösterreich;2024-02-17;29.07
Niederösterreich;2024-02-18;27.64
Niederösterreich;2024-02-19;26.33
Niederösterreich;2024-02-20;25.1
Niederösterreich;2024-02-21;24.0
Niederösterreich;2024-02-22;22.93
Niederösterreich;2024-02-23;21.91
Niederösterreich;2024-02-24;20.94
Niederösterreich;2024-02-25;19.99
Niederösterreich;2024-02-26;19.05
Niederösterreich;2024-02-27;18.13
Niederösterreich;2024-02-28;17.23
Niederösterreich;2024-02-29;16.38
Niederösterreich;2024-03-01;15.6
Niederösterreich;2024-03-02;14.87
Niederösterreich;2024-03-03;14.2
Niederösterreich;2024-03-04;13.6
Niederösterreich;2024-03-05;13.1
Niederösterreich;2024-03-06;12.69
Niederösterreich;2024-03-07;12.33
Niederösterreich;2024-03-08;12.04
Niederösterreich;2024-03-09;11.84
Niederösterreich;2024-03-10;11.61
Niederösterreich;2024-03-11;11.41
Niederösterreich;2024-03-12;11.24
Niederösterreich;2024-03-13;11.07
Niederösterreich;2024-03-14;10.93
Niederösterreich;2024-03-15;10.82
Niederösterreich;2024-03-16;10.74
Niederösterreich;2024-03-17;10.69
Niederösterreich;2024-03-18;10.66
Niederösterreich;2024-03-19;10.68
Niederösterreich;2024-03-20;10.69
Niederösterreich;2024-03-21;10.7
Niederösterreich;2024-03-22;10.73
Niederösterreich;2024-03-23;10.72
Niederösterreich;2024-03-24;10.72
Niederösterreich;2024-03-25;10.63
Niederösterreich;2024-03-26;10.55
Niederösterreich;2024-03-27;10.43
Niederösterreich;2024-03-28;10.28
Niederösterreich;2024-03-29;10.12
Niederösterreich;2024-03-30;9.98
Niederösterreich;2024-03-31;9.83
Niederösterreich;2024-04-01;9.65
Niederösterreich;2024-04-02;9.46
Niederösterreich;2024-04-03;9.27
Niederösterreich;2024-04-04;9.08
Niederösterreich;2024-04-05;8.85
Niederösterreich;2024-04-06;8.68
Niederösterreich;2024-04-07;8.52
Niederösterreich;2024-04-08;8.41
Niederösterreich;2024-04-09;8.36
Niederösterreich;2024-04-10;8.41
Niederösterreich;2024-04-11;8.49
Niederösterreich;2024-04-12;8.64
Niederösterreich;2024-04-13;8.88
Niederösterreich;2024-04-14;9.15
Niederösterreich;2024-04-15;9.5
Niederösterreich;2024-04-16;9.9
Niederösterreich;2024-04-17;10.36
Niederösterreich;2024-04-18;10.89
Niederösterreich;2024-04-19;11.44
Niederösterreich;2024-04-20;12.06
Niederösterreich;2024-04-21;12.65
Niederösterreich;2024-04-22;13.26
Niederösterreich;2024-04-23;13.87
Niederösterreich;2024-04-24;14.48
Niederösterreich;2024-04-25;15.1
Niederösterreich;2024-04-26;15.73
Niederösterreich;2024-04-27;16.3
Niederösterreich;2024-04-28;16.86
Niederösterreich;2024-04-29;17.32
Niederösterreich;2024-04-30;17.72
Niederösterreich;2024-05-01;18.11
Niederösterreich;2024-05-02;18.42
Niederösterreich;2024-05-03;18.68
Niederösterreich;2024-05-04;18.95
Niederösterreich;2024-05-05;19.11
Niederösterreich;2024-05-06;19.28
Niederösterreich;2024-05-07;19.39
Niederösterreich;2024-05-08;19.47
Niederösterreich;2024-05-09;19.59
Niederösterreich;2024-05-10;19.64
Niederösterreich;2024-05-11;19.79
Niederösterreich;2024-05-12;19.91
Niederösterreich;2024-05-13;20.06
Niederösterreich;2024-05-14;20.19
Niederösterreich;2024-05-15;20.29
Niederösterreich;2024-05-16;20.37
Niederösterreich;2024-05-17;20.43
Niederösterreich;2024-05-18;20.47
Niederösterreich;2024-05-19;20.47
Niederösterreich;2024-05-20;20.56
Niederösterreich;2024-05-21;20.7
Niederösterreich;2024-05-22;20.91
Niederösterreich;2024-05-23;21.21
Niederösterreich;2024-05-24;21.58
Niederösterreich;2024-05-25;22.07
Niederösterreich;2024-05-26;22.59
Niederösterreich;2024-05-27;23.16
Niederösterreich;2024-05-28;23.79
Niederösterreich;2024-05-29;24.48
Niederösterreich;2024-05-30;25.24
Niederösterreich;2024-05-31;26.02
Niederösterreich;2024-06-01;26.89
Niederösterreich;2024-06-02;27.83
Niederösterreich;2024-06-03;28.86
Niederösterreich;2024-06-04;29.97
Niederösterreich;2024-06-05;31.21
Niederösterreich;2024-06-06;32.49
Niederösterreich;2024-06-07;33.82
Niederösterreich;2024-06-08;35.18
Niederösterreich;2024-06-09;36.55
Niederösterreich;2024-06-10;37.94
Niederösterreich;2024-06-11;39.4
Niederösterreich;2024-06-12;40.87
Niederösterreich;2024-06-13;42.39
Niederösterreich;2024-06-14;43.95
Niederösterreich;2024-06-15;45.55
Niederösterreich;2024-06-16;47.16
Niederösterreich;2024-06-17;48.78
Niederösterreich;2024-06-18;50.41
Niederösterreich;2024-06-19;51.97
Niederösterreich;2024-06-20;53.47
Niederösterreich;2024-06-21;54.92
Niederösterreich;2024-06-22;56.26
Niederösterreich;2024-06-23;57.49
Niederösterreich;2024-06-24;58.65
Niederösterreich;2024-06-25;59.67
Niederösterreich;2024-06-26;60.54
Niederösterreich;2024-06-27;61.27
Niederösterreich;2024-06-28;61.93
Niederösterreich;2024-06-29;62.54
Niederösterreich;2024-06-30;63.18
Niederösterreich;2024-07-01;63.84
Niederösterreich;2024-07-02;64.62
Niederösterreich;2024-07-03;65.5
Niederösterreich;2024-07-04;66.46
Niederösterreich;2024-07-05;67.5
Niederösterreich;2024-07-06;68.5
Niederösterreich;2024-07-07;69.48
Niederösterreich;2024-07-08;70.37
Niederösterreich;2024-07-09;71.22
Niederösterreich;2024-07-10;72.0
Niederösterreich;2024-07-11;72.76
Niederösterreich;2024-07-12;73.45
Niederösterreich;2024-07-13;74.09
Niederösterreich;2024-07-14;74.61
Niederösterreich;2024-07-15;75.04
Niederösterreich;2024-07-16;75.37
Niederösterreich;2024-07-17;75.69
Niederösterreich;2024-07-18;76.01
Niederösterreich;2024-07-19;76.37
Niederösterreich;2024-07-20;76.81
Niederösterreich;2024-07-21;77.35
Niederösterreich;2024-07-22;78.05
Niederösterreich;2024-07-23;78.99
Niederösterreich;2024-07-24;80.18
Niederösterreich;2024-07-25;81.65
Niederösterreich;2024-07-26;83.28
Niederösterreich;2024-07-27;84.99
Niederösterreich;2024-07-28;86.7
Niederösterreich;2024-07-29;88.38
Niederösterreich;2024-07-30;90.05
Niederösterreich;2024-07-31;91.67
Niederösterreich;2024-08-01;93.28
Niederösterreich;2024-08-02;94.84
Niederösterreich;2024-08-03;96.37
Niederösterreich;2024-08-04;97.84
Niederösterreich;2024-08-05;99.29
Niederösterreich;2024-08-06;100.71
Niederösterreich;2024-08-07;102.11
Niederösterreich;2024-08-08;103.49
Niederösterreich;2024-08-09;104.89
Niederösterreich;2024-08-10;106.3
Niederösterreich;2024-08-11;107.78
Niederösterreich;2024-08-12;109.32
Niederösterreich;2024-08-13;110.87
Niederösterreich;2024-08-14;112.44
Niederösterreich;2024-08-15;114.01
Niederösterreich;2024-08-16;115.59
Niederösterreich;2024-08-17;117.19
Niederösterreich;2024-08-18;118.85
Niederösterreich;2024-08-19;120.51
Niederösterreich;2024-08-20;122.1
Niederösterreich;2024-08-21;123.56
Niederösterreich;2024-08-22;124.8
Niederösterreich;2024-08-23;125.84
Niederösterreich;2024-08-24;126.58
Niederösterreich;2024-08-25;127.03
Niederösterreich;2024-08-26;127.18
Niederösterreich;2024-08-27;127.09
Niederösterreich;2024-08-28;126.87
Niederösterreich;2024-08-29;126.57
Niederösterreich;2024-08-30;126.32
Niederösterreich;2024-08-31;126.12
Niederösterreich;2024-09-01;126.12
Niederösterreich;2024-09-02;126.37
Niederösterreich;2024-09-03;126.98
Niederösterreich;2024-09-04;127.97
Niederösterreich;2024-09-05;129.36
Niederösterreich;2024-09-06;131.09
Niederösterreich;2024-09-07;133.1
Niederösterreich;2024-09-08;135.41
Niederösterreich;2024-09-09;137.99
Niederösterreich;2024-09-10;140.89
Niederösterreich;2024-09-11;144.13
Niederösterreich;2024-09-12;147.76
Niederösterreich;2024-09-13;151.8
Niederösterreich;2024-09-14;156.36
Niederösterreich;2024-09-15;161.5
Niederösterreich;2024-09-16;167.18
Niederösterreich;2024-09-17;173.38
Niederösterreich;2024-09-18;179.87
Niederösterreich;2024-09-19;186.38
Niederösterreich;2024-09-20;192.68
Niederösterreich;2024-09-21;198.54
Niederösterreich;2024-09-22;203.65
Niederösterreich;2024-09-23;207.9
Niederösterreich;2024-09-24;211.25
Niederösterreich;2024-09-25;213.77
Niederösterreich;2024-09-26;215.69
Niederösterreich;2024-09-27;217.22
Niederösterreich;2024-09-28;218.58
Niederösterreich;2024-09-29;219.88
Niederösterreich;2024-09-30;221.32
Niederösterreich;2024-10-01;222.91
Niederösterreich;2024-10-02;224.61
Niederösterreich;2024-10-03;226.41
Niederösterreich;2024-10-04;228.14
Niederösterreich;2024-10-05;229.69
Niederösterreich;2024-10-06;230.83
Niederösterreich;2024-10-07;231.48
Niederösterreich;2024-10-08;231.45
Niederösterreich;2024-10-09;230.77
Niederösterreich;2024-10-10;229.46
Niederösterreich;2024-10-11;227.59
Niederösterreich;2024-10-12;225.34
Niederösterreich;2024-10-13;222.78
Niederösterreich;2024-10-14;220.01
Niederösterreich;2024-10-15;217.09
Niederösterreich;2024-10-16;214.1
Niederösterreich;2024-10-17;210.98
Niederösterreich;2024-10-18;207.65
Niederösterreich;2024-10-19;204.08
Niederösterreich;2024-10-20;200.16
Niederösterreich;2024-10-21;195.81
Niederösterreich;2024-10-22;191.08
Niederösterreich;2024-10-23;186.04
Niederösterreich;2024-10-24;180.74
Niederösterreich;2024-10-25;175.24
Niederösterreich;2024-10-26;169.66
Niederösterreich;2024-10-27;164.16
Niederösterreich;2024-10-28;158.9
Niederösterreich;2024-10-29;153.96
Niederösterreich;2024-10-30;149.47
Niederösterreich;2024-10-31;145.44
Niederösterreich;2024-11-01;141.83
Niederösterreich;2024-11-02;138.6
Niederösterreich;2024-11-03;135.73
Niederösterreich;2024-11-04;133.17
Niederösterreich;2024-11-05;130.84
Niederösterreich;2024-11-06;128.69
Niederösterreich;2024-11-07;126.66
Niederösterreich;2024-11-08;124.7
Niederösterreich;2024-11-09;122.81
Niederösterreich;2024-11-10;120.99
Niederösterreich;2024-11-11;119.21
Niederösterreich;2024-11-12;117.43
Niederösterreich;2024-11-13;115.65
Niederösterreich;2024-11-14;113.85
Niederösterreich;2024-11-15;112.07
Niederösterreich;2024-11-16;110.36
Niederösterreich;2024-11-17;108.76
Niederösterreich;2024-11-18;107.44
Niederösterreich;2024-11-19;106.41
Niederösterreich;2024-11-20;105.69
Niederösterreich;2024-11-21;105.33
Niederösterreich;2024-11-22;105.27
Niederösterreich;2024-11-23;105.49
Niederösterreich;2024-11-24;105.96
Niederösterreich;2024-11-25;106.73
Niederösterreich;2024-11-26;107.71
Niederösterreich;2024-11-27;108.92
Niederösterreich;2024-11-28;110.24
Niederösterreich;2024-11-29;111.6
Niederösterreich;2024-11-30;112.87
Niederösterreich;2024-12-01;114.01
Niederösterreich;2024-12-02;115.0
Niederösterreich;2024-12-03;115.9
Niederösterreich;2024-12-04;116.73
Niederösterreich;2024-12-05;117.52
Niederösterreich;2024-12-06;118.21
Niederösterreich;2024-12-07;118.77
Niederösterreich;2024-12-08;119.14
Niederösterreich;2024-12-09;119.23
Niederösterreich;2024-12-10;118.96
Niederösterreich;2024-12-11;118.36
Niederösterreich;2024-12-12;117.42
Niederösterreich;2024-12-13;116.18
Niederösterreich;2024-12-14;114.76
Niederösterreich;2024-12-15;113.15
Niederösterreich;2024-12-16;111.45
Niederösterreich;2024-12-17;109.6
Niederösterreich;2024-12-18;107.62
Niederösterreich;2024-12-19;105.55
Niederösterreich;2024-12-20;103.37
Niederösterreich;2024-12-21;101.16
Niederösterreich;2024-12-22;98.92
Niederösterreich;2024-12-23;96.72
Niederösterreich;2024-12-24;94.52
Niederösterreich;2024-12-25;92.33
Niederösterreich;2024-12-26;90.14
Niederösterreich;2024-12-27;87.89
Niederösterreich;2024-12-28;85.58
Niederösterreich;2024-12-29;83.19
Niederösterreich;2024-12-30;80.67
Niederösterreich;2024-12-31;78.11
Niederösterreich;2025-01-01;75.44
Niederösterreich;2025-01-02;72.79
Niederösterreich;2025-01-03;70.09
Niederösterreich;2025-01-04;67.45
Niederösterreich;2025-01-05;64.81
Niederösterreich;2025-01-06;62.25
Niederösterreich;2025-01-07;59.72
Niederösterreich;2025-01-08;57.31
Niederösterreich;2025-01-09;55.0
Niederösterreich;2025-01-10;52.85
Niederösterreich;2025-01-11;50.83
Niederösterreich;2025-01-12;49.01
Niederösterreich;2025-01-13;47.4
Niederösterreich;2025-01-14;46.0
Niederösterreich;2025-01-15;44.78
Niederösterreich;2025-01-16;43.72
Niederösterreich;2025-01-17;42.77
Niederösterreich;2025-01-18;41.87
Niederösterreich;2025-01-19;41.05
Niederösterreich;2025-01-20;40.3
Niederösterreich;2025-01-21;39.58
Niederösterreich;2025-01-22;38.86
Niederösterreich;2025-01-23;38.18
Niederösterreich;2025-01-24;37.48
Niederösterreich;2025-01-25;36.81
Niederösterreich;2025-01-26;36.1
Niederösterreich;2025-01-27;35.34
Niederösterreich;2025-01-28;34.57
Niederösterreich;2025-01-29;33.76
Niederösterreich;2025-01-30;32.94
Niederösterreich;2025-01-31;32.13
Niederösterreich;2025-02-01;31.33
Niederösterreich;2025-02-02;30.59
Niederösterreich;2025-02-03;29.84
Niederösterreich;2025-02-04;29.21
Niederösterreich;2025-02-05;28.64
Niederösterreich;2025-02-06;28.14
Niederösterreich;2025-02-07;27.7
Niederösterreich;2025-02-08;27.28
Niederösterreich;2025-02-09;26.85
Niederösterreich;2025-02-10;26.38
Niederösterreich;2025-02-11;25.89
Niederösterreich;2025-02-12;25.35
Niederösterreich;2025-02-13;24.72
Niederösterreich;2025-02-14;24.09
Niederösterreich;2025-02-15;23.43
Niederösterreich;2025-02-16;22.78
Niederösterreich;2025-02-17;22.19
Niederösterreich;2025-02-18;21.59
Niederösterreich;2025-02-19;21.03
Niederösterreich;2025-02-20;20.48
Niederösterreich;2025-02-21;19.9
Niederösterreich;2025-02-22;19.34
Niederösterreich;2025-02-23;18.75
Niederösterreich;2025-02-24;18.23
Niederösterreich;2025-02-25;17.74
Niederösterreich;2025-02-26;17.31
Niederösterreich;2025-02-27;16.97
Niederösterreich;2025-02-28;16.73
Niederösterreich;2025-03-01;16.52
Niederösterreich;2025-03-02;16.38
Niederösterreich;2025-03-03;16.28
Niederösterreich;2025-03-04;16.21
Niederösterreich;2025-03-05;16.12
Niederösterreich;2025-03-06;16.04
Niederösterreich;2025-03-07;15.94
Niederösterreich;2025-03-08;15.83
Niederösterreich;2025-03-09;15.69
Niederösterreich;2025-03-10;15.5
Niederösterreich;2025-03-11;15.3
Niederösterreich;2025-03-12;15.09
Niederösterreich;2025-03-13;14.95
Niederösterreich;2025-03-14;14.81
Niederösterreich;2025-03-15;14.66
Niederösterreich;2025-03-16;14.54
Niederösterreich;2025-03-17;14.37
Niederösterreich;2025-03-18;14.18
Niederösterreich;2025-03-19;13.94
Niederösterreich;2025-03-20;13.68
Niederösterreich;2025-03-21;13.39
Niederösterreich;2025-03-22;13.05
Niederösterreich;2025-03-23;12.7
Niederösterreich;2025-03-24;12.37
Niederösterreich;2025-03-25;12.03
Niederösterreich;2025-03-26;11.74
Niederösterreich;2025-03-27;11.47
Niederösterreich;2025-03-28;11.29
Niederösterreich;2025-03-29;11.19
Niederösterreich;2025-03-30;11.17
Niederösterreich;2025-03-31;11.22
Niederösterreich;2025-04-01;11.37
Niederösterreich;2025-04-02;11.59
Niederösterreich;2025-04-03;11.86
Niederösterreich;2025-04-04;12.13
Niederösterreich;2025-04-05;12.39
Niederösterreich;2025-04-06;12.63
Niederösterreich;2025-04-07;12.82
Niederösterreich;2025-04-08;13.0
Niederösterreich;2025-04-09;13.14
Niederösterreich;2025-04-10;13.24
Niederösterreich;2025-04-11;13.31
Niederösterreich;2025-04-12;13.34
Niederösterreich;2025-04-13;13.32
Niederösterreich;2025-04-14;13.28
Niederösterreich;2025-04-15;13.22
Niederösterreich;2025-04-16;13.17
Niederösterreich;2025-04-17;13.15
Niederösterreich;2025-04-18;13.15
Niederösterreich;2025-04-19;13.17
Niederösterreich;2025-04-20;13.19
Niederösterreich;2025-04-21;13.2
Niederösterreich;2025-04-22;13.21
Niederösterreich;2025-04-23;13.23
Niederösterreich;2025-04-24;13.19
Niederösterreich;2025-04-25;13.16
Niederösterreich;2025-04-26;13.11
Niederösterreich;2025-04-27;13.07
Niederösterreich;2025-04-28;13.0
Niederösterreich;2025-04-29;12.91
Niederösterreich;2025-04-30;12.84
Niederösterreich;2025-05-01;12.81
Niederösterreich;2025-05-02;12.8
Niederösterreich;2025-05-03;12.83
Niederösterreich;2025-05-04;12.93
Niederösterreich;2025-05-05;13.13
Niederösterreich;2025-05-06;13.44
Niederösterreich;2025-05-07;13.92
Niederösterreich;2025-05-08;14.45
Niederösterreich;2025-05-09;15.14
Niederösterreich;2025-05-10;15.87
Niederösterreich;2025-05-11;16.68
Niederösterreich;2025-05-12;17.53
Niederösterreich;2025-05-13;18.43
Niederösterreich;2025-05-14;19.37
Niederösterreich;2025-05-15;20.4
Niederösterreich;2025-05-16;21.47
Niederösterreich;2025-05-17;22.56
Niederösterreich;2025-05-18;23.72
Niederösterreich;2025-05-19;24.93
Niederösterreich;2025-05-20;26.17
Niederösterreich;2025-05-21;27.43
Niederösterreich;2025-05-22;28.66
Niederösterreich;2025-05-23;29.9
Niederösterreich;2025-05-24;31.05
Niederösterreich;2025-05-25;32.18
Niederösterreich;2025-05-26;33.23
Niederösterreich;2025-05-27;34.2
Niederösterreich;2025-05-28;35.07
Niederösterreich;2025-05-29;35.84
Niederösterreich;2025-05-30;36.53
Niederösterreich;2025-05-31;37.12
Niederösterreich;2025-06-01;37.56
Niederösterreich;2025-06-02;37.87
Niederösterreich;2025-06-03;38.01
Niederösterreich;2025-06-04;38.02
Niederösterreich;2025-06-05;37.92
Niederösterreich;2025-06-06;37.66
Niederösterreich;2025-06-07;37.39
Niederösterreich;2025-06-08;37.04
Niederösterreich;2025-06-09;36.76
Niederösterreich;2025-06-10;36.47
Niederösterreich;2025-06-11;36.27
Niederösterreich;2025-06-12;36.19
Niederösterreich;2025-06-13;36.17
Niederösterreich;2025-06-14;36.17
Niederösterreich;2025-06-15;36.2
Niederösterreich;2025-06-16;36.21
Niederösterreich;2025-06-17;36.22
Niederösterreich;2025-06-18;36.18
Niederösterreich;2025-06-19;36.11
Niederösterreich;2025-06-20;36.0
Niederösterreich;2025-06-21;35.87
Niederösterreich;2025-06-22;35.72
Niederösterreich;2025-06-23;35.53
Niederösterreich;2025-06-24;35.33
Niederösterreich;2025-06-25;35.09
Niederösterreich;2025-06-26;29.47
Niederösterreich;2025-06-27;29.11
Niederösterreich;2025-06-28;28.72
Niederösterreich;2025-06-29;28.39
Niederösterreich;2025-06-30;28.08
Niederösterreich;2025-07-01;27.75
Niederösterreich;2025-07-02;27.49
Niederösterreich;2025-07-03;27.26
Niederösterreich;2025-07-04;27.06
Niederösterreich;2025-07-05;26.92
Niederösterreich;2025-07-06;26.87
Niederösterreich;2025-07-07;26.93
Niederösterreich;2025-07-08;27.08
Niederösterreich;2025-07-09;27.32
Niederösterreich;2025-07-10;27.64
Niederösterreich;2025-07-11;28.02
Niederösterreich;2025-07-12;28.48
Niederösterreich;2025-07-13;29.03
Niederösterreich;2025-07-14;29.66
Niederösterreich;2025-07-15;30.44
Niederösterreich;2025-07-16;31.32
Niederösterreich;2025-07-17;32.3
Niederösterreich;2025-07-18;33.4
Niederösterreich;2025-07-19;34.51
Niederösterreich;2025-07-20;44.63
Niederösterreich;2025-07-21;44.75
Niederösterreich;2025-07-22;44.98
Niederösterreich;2025-07-23;45.38
Niederösterreich;2025-07-24;45.9
Niederösterreich;2025-07-25;46.55
Niederösterreich;2025-07-26;47.36
Niederösterreich;2025-07-27;48.35
Niederösterreich;2025-07-28;49.53
Niederösterreich;2025-07-29;50.93
Niederösterreich;2025-07-30;52.5
Niederösterreich;2025-07-31;54.23
Niederösterreich;2025-08-01;56.15
Niederösterreich;2025-08-02;58.15
Niederösterreich;2025-08-03;60.3
Niederösterreich;2025-08-04;62.58
Niederösterreich;2025-08-05;64.94
Niederösterreich;2025-08-06;67.37
Niederösterreich;2025-08-07;69.7
Niederösterreich;2025-08-08;71.98
Niederösterreich;2025-08-09;74.16
Niederösterreich;2025-08-10;76.21
Steiermark;2022-09-01;93.67
Steiermark;2022-09-02;94.93
Steiermark;2022-09-03;96.5
Steiermark;2022-09-04;98.24
Steiermark;2022-09-05;100.25
Steiermark;2022-09-06;102.79
Steiermark;2022-09-07;105.84
Steiermark;2022-09-08;109.66
Steiermark;2022-09-09;114.08
Steiermark;2022-09-10;119.11
Steiermark;2022-09-11;124.7
Steiermark;2022-09-12;130.91
Steiermark;2022-09-13;137.68
Steiermark;2022-09-14;145.09
Steiermark;2022-09-15;153.02
Steiermark;2022-09-16;161.2
Steiermark;2022-09-17;169.28
Steiermark;2022-09-18;176.77
Steiermark;2022-09-19;183.58
Steiermark;2022-09-20;189.76
Steiermark;2022-09-21;195.76
Steiermark;2022-09-22;201.82
Steiermark;2022-09-23;208.17
Steiermark;2022-09-24;214.83
Steiermark;2022-09-25;222.02
Steiermark;2022-09-26;229.41
Steiermark;2022-09-27;236.85
Steiermark;2022-09-28;243.76
Steiermark;2022-09-29;249.92
Steiermark;2022-09-30;255.06
Steiermark;2022-10-01;259.18
Steiermark;2022-10-02;262.19
Steiermark;2022-10-03;264.13
Steiermark;2022-10-04;265.23
Steiermark;2022-10-05;265.54
Steiermark;2022-10-06;265.15
Steiermark;2022-10-07;264.05
Steiermark;2022-10-08;261.87
Steiermark;2022-10-09;258.37
Steiermark;2022-10-10;253.47
Steiermark;2022-10-11;247.24
Steiermark;2022-10-12;240.08
Steiermark;2022-10-13;232.32
Steiermark;2022-10-14;223.95
Steiermark;2022-10-15;215.09
Steiermark;2022-10-16;205.6
Steiermark;2022-10-17;195.56
Steiermark;2022-10-18;185.17
Steiermark;2022-10-19;174.55
Steiermark;2022-10-20;164.08
Steiermark;2022-10-21;153.82
Steiermark;2022-10-22;143.93
Steiermark;2022-10-23;134.51
Steiermark;2022-10-24;125.73
Steiermark;2022-10-25;117.63
Steiermark;2022-10-26;110.26
Steiermark;2022-10-27;103.62
Steiermark;2022-10-28;97.73
Steiermark;2022-10-29;92.59
Steiermark;2022-10-30;88.11
Steiermark;2022-10-31;84.42
Steiermark;2022-11-01;81.32
Steiermark;2022-11-02;78.96
Steiermark;2022-11-03;77.18
Steiermark;2022-11-04;75.81
Steiermark;2022-11-05;74.76
Steiermark;2022-11-06;74.03
Steiermark;2022-11-07;73.53
Steiermark;2022-11-08;73.42
Steiermark;2022-11-09;73.77
Steiermark;2022-11-10;74.6
Steiermark;2022-11-11;75.79
Steiermark;2022-11-12;77.52
Steiermark;2022-11-13;79.64
Steiermark;2022-11-14;82.14
Steiermark;2022-11-15;85.08
Steiermark;2022-11-16;88.35
Steiermark;2022-11-17;92.07
Steiermark;2022-11-18;96.17
Steiermark;2022-11-19;100.6
Steiermark;2022-11-20;105.22
Steiermark;2022-11-21;110.12
Steiermark;2022-11-22;115.16
Steiermark;2022-11-23;120.48
Steiermark;2022-11-24;125.86
Steiermark;2022-11-25;131.26
Steiermark;2022-11-26;136.43
Steiermark;2022-11-27;141.45
Steiermark;2022-11-28;146.01
Steiermark;2022-11-29;150.21
Steiermark;2022-11-30;154.1
Steiermark;2022-12-01;157.58
Steiermark;2022-12-02;160.84
Steiermark;2022-12-03;163.82
Steiermark;2022-12-04;166.6
Steiermark;2022-12-05;169.08
Steiermark;2022-12-06;171.38
Steiermark;2022-12-07;173.42
Steiermark;2022-12-08;175.33
Steiermark;2022-12-09;176.94
Steiermark;2022-12-10;178.38
Steiermark;2022-12-11;179.61
Steiermark;2022-12-12;180.65
Steiermark;2022-12-13;181.6
Steiermark;2022-12-14;182.59
Steiermark;2022-12-15;183.61
Steiermark;2022-12-16;184.55
Steiermark;2022-12-17;185.23
Steiermark;2022-12-18;185.28
Steiermark;2022-12-19;184.71
Steiermark;2022-12-20;183.49
Steiermark;2022-12-21;181.81
Steiermark;2022-12-22;179.8
Steiermark;2022-12-23;177.6
Steiermark;2022-12-24;175.32
Steiermark;2022-12-25;172.94
Steiermark;2022-12-26;170.37
Steiermark;2022-12-27;167.7
Steiermark;2022-12-28;164.73
Steiermark;2022-12-29;161.4
Steiermark;2022-12-30;157.77
Steiermark;2022-12-31;153.94
Steiermark;2023-01-01;149.8
Steiermark;2023-01-02;145.71
Steiermark;2023-01-03;141.68
Steiermark;2023-01-04;138.02
Steiermark;2023-01-05;134.77
Steiermark;2023-01-06;131.97
Steiermark;2023-01-07;129.63
Steiermark;2023-01-08;127.58
Steiermark;2023-01-09;125.88
Steiermark;2023-01-10;124.33
Steiermark;2023-01-11;123.12
Steiermark;2023-01-12;122.03
Steiermark;2023-01-13;121.15
Steiermark;2023-01-14;120.54
Steiermark;2023-01-15;119.7
Steiermark;2023-01-16;119.66
Steiermark;2023-01-17;116.57
Steiermark;2023-01-18;117.17
Steiermark;2023-01-19;118.05
Steiermark;2023-01-20;119.3
Steiermark;2023-01-21;120.79
Steiermark;2023-01-22;122.66
Steiermark;2023-01-23;124.84
Steiermark;2023-01-24;127.49
Steiermark;2023-01-25;130.73
Steiermark;2023-01-26;134.45
Steiermark;2023-01-27;138.56
Steiermark;2023-01-28;142.91
Steiermark;2023-01-29;147.48
Steiermark;2023-01-30;152.19
Steiermark;2023-01-31;157.01
Steiermark;2023-02-01;161.97
Steiermark;2023-02-02;167.13
Steiermark;2023-02-03;172.37
Steiermark;2023-02-04;177.58
Steiermark;2023-02-05;182.65
Steiermark;2023-02-06;187.55
Steiermark;2023-02-07;192.24
Steiermark;2023-02-08;196.84
Steiermark;2023-02-09;201.41
Steiermark;2023-02-10;205.91
Steiermark;2023-02-11;210.27
Steiermark;2023-02-12;214.46
Steiermark;2023-02-13;218.41
Steiermark;2023-02-14;222.22
Steiermark;2023-02-15;225.93
Steiermark;2023-02-16;229.57
Steiermark;2023-02-17;233.19
Steiermark;2023-02-18;236.92
Steiermark;2023-02-19;240.63
Steiermark;2023-02-20;244.48
Steiermark;2023-02-21;248.34
Steiermark;2023-02-22;252.22
Steiermark;2023-02-23;255.99
Steiermark;2023-02-24;259.3
Steiermark;2023-02-25;261.99
Steiermark;2023-02-26;263.61
Steiermark;2023-02-27;264.07
Steiermark;2023-02-28;263.17
Steiermark;2023-03-01;261.12
Steiermark;2023-03-02;258.27
Steiermark;2023-03-03;254.74
Steiermark;2023-03-04;250.71
Steiermark;2023-03-05;246.19
Steiermark;2023-03-06;241.31
Steiermark;2023-03-07;236.03
Steiermark;2023-03-08;230.33
Steiermark;2023-03-09;224.24
Steiermark;2023-03-10;217.75
Steiermark;2023-03-11;210.87
Steiermark;2023-03-12;203.61
Steiermark;2023-03-13;196.14
Steiermark;2023-03-14;188.41
Steiermark;2023-03-15;180.65
Steiermark;2023-03-16;172.85
Steiermark;2023-03-17;165.15
Steiermark;2023-03-18;157.64
Steiermark;2023-03-19;150.29
Steiermark;2023-03-20;143.24
Steiermark;2023-03-21;136.46
Steiermark;2023-03-22;130.06
Steiermark;2023-03-23;124.03
Steiermark;2023-03-24;118.32
Steiermark;2023-03-25;112.96
Steiermark;2023-03-26;107.97
Steiermark;2023-03-27;103.25
Steiermark;2023-03-28;98.86
Steiermark;2023-03-29;94.67
Steiermark;2023-03-30;90.64
Steiermark;2023-03-31;86.82
Steiermark;2023-04-01;83.29
Steiermark;2023-04-02;80.1
Steiermark;2023-04-03;77.26
Steiermark;2023-04-04;74.82
Steiermark;2023-04-05;72.67
Steiermark;2023-04-06;70.81
Steiermark;2023-04-07;69.16
Steiermark;2023-04-08;67.66
Steiermark;2023-04-09;66.33
Steiermark;2023-04-10;65.05
Steiermark;2023-04-11;63.88
Steiermark;2023-04-12;62.7
Steiermark;2023-04-13;61.65
Steiermark;2023-04-14;60.51
Steiermark;2023-04-15;59.39
Steiermark;2023-04-16;58.09
Steiermark;2023-04-17;56.77
Steiermark;2023-04-18;55.36
Steiermark;2023-04-19;53.95
Steiermark;2023-04-20;52.6
Steiermark;2023-04-21;51.24
Steiermark;2023-04-22;49.82
Steiermark;2023-04-23;48.48
Steiermark;2023-04-24;47.17
Steiermark;2023-04-25;45.74
Steiermark;2023-04-26;44.29
Steiermark;2023-04-27;42.82
Steiermark;2023-04-28;41.32
Steiermark;2023-04-29;39.91
Steiermark;2023-04-30;38.49
Steiermark;2023-05-01;37.17
Steiermark;2023-05-02;36.01
Steiermark;2023-05-03;34.97
Steiermark;2023-05-04;34.17
Steiermark;2023-05-05;33.48
Steiermark;2023-05-06;32.87
Steiermark;2023-05-07;32.22
Steiermark;2023-05-08;31.66
Steiermark;2023-05-09;30.95
Steiermark;2023-05-10;30.25
Steiermark;2023-05-11;29.46
Steiermark;2023-05-12;28.68
Steiermark;2023-05-13;27.94
Steiermark;2023-05-14;27.22
Steiermark;2023-05-15;26.63
Steiermark;2023-05-16;26.17
Steiermark;2023-05-17;25.69
Steiermark;2023-05-18;25.31
Steiermark;2023-05-19;24.9
Steiermark;2023-05-20;24.38
Steiermark;2023-05-21;23.84
Steiermark;2023-05-22;23.12
Steiermark;2023-05-23;22.37
Steiermark;2023-05-24;21.57
Steiermark;2023-05-25;20.75
Steiermark;2023-05-26;19.94
Steiermark;2023-05-27;19.1
Steiermark;2023-05-28;18.33
Steiermark;2023-05-29;17.6
Steiermark;2023-05-30;16.84
Steiermark;2023-05-31;16.12
Steiermark;2023-06-01;15.44
Steiermark;2023-06-02;14.78
Steiermark;2023-06-03;14.15
Steiermark;2023-06-04;13.5
Steiermark;2023-06-05;12.95
Steiermark;2023-06-06;12.32
Steiermark;2023-06-07;11.78
Steiermark;2023-06-08;11.19
Steiermark;2023-06-09;10.68
Steiermark;2023-06-10;10.1
Steiermark;2023-06-11;9.59
Steiermark;2023-06-12;9.04
Steiermark;2023-06-13;8.55
Steiermark;2023-06-14;8.09
Steiermark;2023-06-15;7.71
Steiermark;2023-06-16;7.34
Steiermark;2023-06-17;7.05
Steiermark;2023-06-18;6.77
Steiermark;2023-06-19;6.58
Steiermark;2023-06-20;6.41
Steiermark;2023-06-21;6.33
Steiermark;2023-06-22;6.24
Steiermark;2023-06-23;6.21
Steiermark;2023-06-24;6.22
Steiermark;2023-06-25;6.26
Steiermark;2023-06-26;6.36
Steiermark;2023-06-27;6.49
Steiermark;2023-06-28;6.68
Steiermark;2023-06-29;6.87
Steiermark;2023-06-30;7.04
Steiermark;2023-07-01;7.27
Steiermark;2023-07-02;7.51
Steiermark;2023-07-03;7.72
Steiermark;2023-07-04;7.92
Steiermark;2023-07-05;8.13
Steiermark;2023-07-06;8.33
Steiermark;2023-07-07;8.6
Steiermark;2023-07-08;8.85
Steiermark;2023-07-09;9.04
Steiermark;2023-07-10;9.28
Steiermark;2023-07-11;9.51
Steiermark;2023-07-12;9.75
Steiermark;2023-07-13;9.98
Steiermark;2023-07-14;10.27
Steiermark;2023-07-15;10.51
Steiermark;2023-07-16;10.84
Steiermark;2023-07-17;11.24
Steiermark;2023-07-18;11.63
Steiermark;2023-07-19;12.1
Steiermark;2023-07-20;12.64
Steiermark;2023-07-21;13.16
Steiermark;2023-07-22;13.77
Steiermark;2023-07-23;14.39
Steiermark;2023-07-24;15.1
Steiermark;2023-07-25;15.83
Steiermark;2023-07-26;16.57
Steiermark;2023-07-27;17.33
Steiermark;2023-07-28;18.11
Steiermark;2023-07-29;18.96
Steiermark;2023-07-30;19.84
Steiermark;2023-07-31;20.75
Steiermark;2023-08-01;21.79
Steiermark;2023-08-02;22.99
Steiermark;2023-08-03;24.33
Steiermark;2023-08-04;25.92
Steiermark;2023-08-05;27.78
Steiermark;2023-08-06;29.85
Steiermark;2023-08-07;32.18
Steiermark;2023-08-08;34.7
Steiermark;2023-08-09;37.35
Steiermark;2023-08-10;39.91
Steiermark;2023-08-11;42.33
Steiermark;2023-08-12;44.47
Steiermark;2023-08-13;46.16
Steiermark;2023-08-14;47.52
Steiermark;2023-08-15;48.44
Steiermark;2023-08-16;49.15
Steiermark;2023-08-17;49.74
Steiermark;2023-08-18;50.28
Steiermark;2023-08-19;50.79
Steiermark;2023-08-20;51.51
Steiermark;2023-08-21;52.28
Steiermark;2023-08-22;53.15
Steiermark;2023-08-23;54.19
Steiermark;2023-08-24;55.33
Steiermark;2023-08-25;56.56
Steiermark;2023-08-26;57.77
Steiermark;2023-08-27;58.94
Steiermark;2023-08-28;60.03
Steiermark;2023-08-29;60.97
Steiermark;2023-08-30;61.82
Steiermark;2023-08-31;62.67
Steiermark;2023-09-01;63.49
Steiermark;2023-09-02;64.34
Steiermark;2023-09-03;65.32
Steiermark;2023-09-04;66.45
Steiermark;2023-09-05;67.85
Steiermark;2023-09-06;69.46
Steiermark;2023-09-07;71.22
Steiermark;2023-09-08;73.15
Steiermark;2023-09-09;75.02
Steiermark;2023-09-10;76.77
Steiermark;2023-09-11;78.29
Steiermark;2023-09-12;79.53
Steiermark;2023-09-13;80.5
Steiermark;2023-09-14;81.35
Steiermark;2023-09-15;82.01
Steiermark;2023-09-16;82.64
Steiermark;2023-09-17;83.24
Steiermark;2023-09-18;83.91
Steiermark;2023-09-19;84.67
Steiermark;2023-09-20;85.58
Steiermark;2023-09-21;86.68
Steiermark;2023-09-22;88.0
Steiermark;2023-09-23;89.59
Steiermark;2023-09-24;91.35
Steiermark;2023-09-25;93.45
Steiermark;2023-09-26;95.72
Steiermark;2023-09-27;98.21
Steiermark;2023-09-28;100.82
Steiermark;2023-09-29;103.53
Steiermark;2023-09-30;106.08
Steiermark;2023-10-01;108.38
Steiermark;2023-10-02;110.47
Steiermark;2023-10-03;112.26
Steiermark;2023-10-04;113.78
Steiermark;2023-10-05;115.12
Steiermark;2023-10-06;116.38
Steiermark;2023-10-07;117.66
Steiermark;2023-10-08;119.17
Steiermark;2023-10-09;120.84
Steiermark;2023-10-10;122.8
Steiermark;2023-10-11;125.06
Steiermark;2023-10-12;127.66
Steiermark;2023-10-13;130.68
Steiermark;2023-10-14;134.18
Steiermark;2023-10-15;138.23
Steiermark;2023-10-16;142.89
Steiermark;2023-10-17;148.2
Steiermark;2023-10-18;154.12
Steiermark;2023-10-19;160.53
Steiermark;2023-10-20;167.13
Steiermark;2023-10-21;173.72
Steiermark;2023-10-22;180.12
Steiermark;2023-10-23;186.24
Steiermark;2023-10-24;192.08
Steiermark;2023-10-25;197.74
Steiermark;2023-10-26;203.22
Steiermark;2023-10-27;208.52
Steiermark;2023-10-28;213.46
Steiermark;2023-10-29;217.97
Steiermark;2023-10-30;222.01
Steiermark;2023-10-31;225.39
Steiermark;2023-11-01;228.23
Steiermark;2023-11-02;230.69
Steiermark;2023-11-03;232.86
Steiermark;2023-11-04;235.25
Steiermark;2023-11-05;238.21
Steiermark;2023-11-06;241.94
Steiermark;2023-11-07;246.62
Steiermark;2023-11-08;252.25
Steiermark;2023-11-09;258.74
Steiermark;2023-11-10;265.87
Steiermark;2023-11-11;273.45
Steiermark;2023-11-12;281.26
Steiermark;2023-11-13;289.25
Steiermark;2023-11-14;297.31
Steiermark;2023-11-15;305.32
Steiermark;2023-11-16;313.47
Steiermark;2023-11-17;321.92
Steiermark;2023-11-18;330.81
Steiermark;2023-11-19;340.58
Steiermark;2023-11-20;351.33
Steiermark;2023-11-21;363.11
Steiermark;2023-11-22;376.03
Steiermark;2023-11-23;389.84
Steiermark;2023-11-24;404.4
Steiermark;2023-11-25;419.41
Steiermark;2023-11-26;434.6
Steiermark;2023-11-27;449.8
Steiermark;2023-11-28;464.75
Steiermark;2023-11-29;479.27
Steiermark;2023-11-30;493.09
Steiermark;2023-12-01;505.87
Steiermark;2023-12-02;517.13
Steiermark;2023-12-03;526.7
Steiermark;2023-12-04;534.5
Steiermark;2023-12-05;540.98
Steiermark;2023-12-06;546.83
Steiermark;2023-12-07;552.38
Steiermark;2023-12-08;557.69
Steiermark;2023-12-09;562.25
Steiermark;2023-12-10;565.66
Steiermark;2023-12-11;567.73
Steiermark;2023-12-12;568.64
Steiermark;2023-12-13;568.8
Steiermark;2023-12-14;568.48
Steiermark;2023-12-15;567.61
Steiermark;2023-12-16;565.8
Steiermark;2023-12-17;562.53
Steiermark;2023-12-18;557.28
Steiermark;2023-12-19;549.89
Steiermark;2023-12-20;540.34
Steiermark;2023-12-21;528.85
Steiermark;2023-12-22;515.75
Steiermark;2023-12-23;501.38
Steiermark;2023-12-24;486.04
Steiermark;2023-12-25;469.95
Steiermark;2023-12-26;453.23
Steiermark;2023-12-27;435.85
Steiermark;2023-12-28;417.82
Steiermark;2023-12-29;399.28
Steiermark;2023-12-30;380.32
Steiermark;2023-12-31;361.09
Steiermark;2024-01-01;341.7
Steiermark;2024-01-02;322.31
Steiermark;2024-01-03;303.23
Steiermark;2024-01-04;284.61
Steiermark;2024-01-05;266.79
Steiermark;2024-01-06;250.02
Steiermark;2024-01-07;234.56
Steiermark;2024-01-08;220.45
Steiermark;2024-01-09;207.81
Steiermark;2024-01-10;196.53
Steiermark;2024-01-11;186.42
Steiermark;2024-01-12;177.2
Steiermark;2024-01-13;168.57
Steiermark;2024-01-14;160.38
Steiermark;2024-01-15;152.51
Steiermark;2024-01-16;144.9
Steiermark;2024-01-17;137.45
Steiermark;2024-01-18;130.28
Steiermark;2024-01-19;123.32
Steiermark;2024-01-20;116.7
Steiermark;2024-01-21;110.37
Steiermark;2024-01-22;104.39
Steiermark;2024-01-23;98.8
Steiermark;2024-01-24;93.67
Steiermark;2024-01-25;89.1
Steiermark;2024-01-26;84.97
Steiermark;2024-01-27;81.2
Steiermark;2024-01-28;77.74
Steiermark;2024-01-29;74.52
Steiermark;2024-01-30;71.47
Steiermark;2024-01-31;68.46
Steiermark;2024-02-01;65.55
Steiermark;2024-02-02;62.55
Steiermark;2024-02-03;59.58
Steiermark;2024-02-04;56.51
Steiermark;2024-02-05;53.53
Steiermark;2024-02-06;50.49
Steiermark;2024-02-07;47.52
Steiermark;2024-02-08;44.63
Steiermark;2024-02-09;41.79
Steiermark;2024-02-10;39.02
Steiermark;2024-02-11;36.41
Steiermark;2024-02-12;33.93
Steiermark;2024-02-13;31.65
Steiermark;2024-02-14;29.52
Steiermark;2024-02-15;27.54
Steiermark;2024-02-16;25.67
Steiermark;2024-02-17;23.92
Steiermark;2024-02-18;22.28
Steiermark;2024-02-19;20.61
Steiermark;2024-02-20;19.13
Steiermark;2024-02-21;17.66
Steiermark;2024-02-22;16.3
Steiermark;2024-02-23;15.03
Steiermark;2024-02-24;13.84
Steiermark;2024-02-25;12.84
Steiermark;2024-02-26;11.86
Steiermark;2024-02-27;10.99
Steiermark;2024-02-28;10.22
Steiermark;2024-02-29;9.49
Steiermark;2024-03-01;8.93
Steiermark;2024-03-02;8.33
Steiermark;2024-03-03;7.86
Steiermark;2024-03-04;7.45
Steiermark;2024-03-05;7.16
Steiermark;2024-03-06;6.93
Steiermark;2024-03-07;6.75
Steiermark;2024-03-08;6.64
Steiermark;2024-03-09;6.55
Steiermark;2024-03-10;6.47
Steiermark;2024-03-11;6.44
Steiermark;2024-03-12;6.38
Steiermark;2024-03-13;6.34
Steiermark;2024-03-14;6.37
Steiermark;2024-03-15;6.36
Steiermark;2024-03-16;6.33
Steiermark;2024-03-17;6.39
Steiermark;2024-03-18;6.39
Steiermark;2024-03-19;6.47
Steiermark;2024-03-20;6.54
Steiermark;2024-03-21;6.69
Steiermark;2024-03-22;6.78
Steiermark;2024-03-23;6.93
Steiermark;2024-03-24;7.03
Steiermark;2024-03-25;7.07
Steiermark;2024-03-26;7.1
Steiermark;2024-03-27;7.03
Steiermark;2024-03-28;6.95
Steiermark;2024-03-29;6.85
Steiermark;2024-03-30;6.65
Steiermark;2024-03-31;6.53
Steiermark;2024-04-01;6.31
Steiermark;2024-04-02;6.12
Steiermark;2024-04-03;5.92
Steiermark;2024-04-04;5.71
Steiermark;2024-04-05;5.54
Steiermark;2024-04-06;5.28
Steiermark;2024-04-07;5.15
Steiermark;2024-04-08;4.94
Steiermark;2024-04-09;4.83
Steiermark;2024-04-10;4.7
Steiermark;2024-04-11;4.57
Steiermark;2024-04-12;4.47
Steiermark;2024-04-13;4.44
Steiermark;2024-04-14;4.37
Steiermark;2024-04-15;4.38
Steiermark;2024-04-16;4.41
Steiermark;2024-04-17;4.47
Steiermark;2024-04-18;4.53
Steiermark;2024-04-19;4.6
Steiermark;2024-04-20;4.69
Steiermark;2024-04-21;4.79
Steiermark;2024-04-22;4.89
Steiermark;2024-04-23;5.01
Steiermark;2024-04-24;5.14
Steiermark;2024-04-25;5.33
Steiermark;2024-04-26;5.45
Steiermark;2024-04-27;5.65
Steiermark;2024-04-28;5.83
Steiermark;2024-04-29;6.0
Steiermark;2024-04-30;6.16
Steiermark;2024-05-01;6.32
Steiermark;2024-05-02;6.48
Steiermark;2024-05-03;6.62
Steiermark;2024-05-04;6.79
Steiermark;2024-05-05;7.02
Steiermark;2024-05-06;7.19
Steiermark;2024-05-07;7.37
Steiermark;2024-05-08;7.51
Steiermark;2024-05-09;7.7
Steiermark;2024-05-10;7.92
Steiermark;2024-05-11;8.05
Steiermark;2024-05-12;8.27
Steiermark;2024-05-13;8.46
Steiermark;2024-05-14;8.71
Steiermark;2024-05-15;9.01
Steiermark;2024-05-16;9.37
Steiermark;2024-05-17;9.76
Steiermark;2024-05-18;10.23
Steiermark;2024-05-19;10.71
Steiermark;2024-05-20;11.2
Steiermark;2024-05-21;11.75
Steiermark;2024-05-22;12.38
Steiermark;2024-05-23;13.02
Steiermark;2024-05-24;13.74
Steiermark;2024-05-25;14.49
Steiermark;2024-05-26;15.29
Steiermark;2024-05-27;16.21
Steiermark;2024-05-28;17.19
Steiermark;2024-05-29;18.19
Steiermark;2024-05-30;19.26
Steiermark;2024-05-31;20.35
Steiermark;2024-06-01;21.59
Steiermark;2024-06-02;22.92
Steiermark;2024-06-03;24.34
Steiermark;2024-06-04;25.95
Steiermark;2024-06-05;27.62
Steiermark;2024-06-06;29.32
Steiermark;2024-06-07;31.07
Steiermark;2024-06-08;32.79
Steiermark;2024-06-09;34.38
Steiermark;2024-06-10;35.91
Steiermark;2024-06-11;37.39
Steiermark;2024-06-12;38.85
Steiermark;2024-06-13;40.34
Steiermark;2024-06-14;41.82
Steiermark;2024-06-15;43.4
Steiermark;2024-06-16;44.88
Steiermark;2024-06-17;46.24
Steiermark;2024-06-18;47.4
Steiermark;2024-06-19;48.47
Steiermark;2024-06-20;49.32
Steiermark;2024-06-21;50.01
Steiermark;2024-06-22;50.71
Steiermark;2024-06-23;51.36
Steiermark;2024-06-24;52.11
Steiermark;2024-06-25;52.92
Steiermark;2024-06-26;53.72
Steiermark;2024-06-27;54.43
Steiermark;2024-06-28;55.06
Steiermark;2024-06-29;55.7
Steiermark;2024-06-30;56.24
Steiermark;2024-07-01;56.83
Steiermark;2024-07-02;57.39
Steiermark;2024-07-03;58.05
Steiermark;2024-07-04;58.74
Steiermark;2024-07-05;59.45
Steiermark;2024-07-06;60.14
Steiermark;2024-07-07;60.8
Steiermark;2024-07-08;61.26
Steiermark;2024-07-09;61.65
Steiermark;2024-07-10;61.99
Steiermark;2024-07-11;62.19
Steiermark;2024-07-12;62.41
Steiermark;2024-07-13;62.63
Steiermark;2024-07-14;62.9
Steiermark;2024-07-15;63.22
Steiermark;2024-07-16;63.65
Steiermark;2024-07-17;64.13
Steiermark;2024-07-18;64.75
Steiermark;2024-07-19;65.39
Steiermark;2024-07-20;66.04
Steiermark;2024-07-21;66.69
Steiermark;2024-07-22;67.29
Steiermark;2024-07-23;67.92
Steiermark;2024-07-24;68.49
Steiermark;2024-07-25;69.05
Steiermark;2024-07-26;69.6
Steiermark;2024-07-27;70.11
Steiermark;2024-07-28;70.63
Steiermark;2024-07-29;71.28
Steiermark;2024-07-30;71.97
Steiermark;2024-07-31;72.77
Steiermark;2024-08-01;73.67
Steiermark;2024-08-02;74.76
Steiermark;2024-08-03;75.8
Steiermark;2024-08-04;76.9
Steiermark;2024-08-05;77.99
Steiermark;2024-08-06;79.1
Steiermark;2024-08-07;80.29
Steiermark;2024-08-08;81.7
Steiermark;2024-08-09;83.32
Steiermark;2024-08-10;85.2
Steiermark;2024-08-11;87.45
Steiermark;2024-08-12;89.87
Steiermark;2024-08-13;92.63
Steiermark;2024-08-14;95.47
Steiermark;2024-08-15;98.4
Steiermark;2024-08-16;101.43
Steiermark;2024-08-17;104.51
Steiermark;2024-08-18;107.59
Steiermark;2024-08-19;110.7
Steiermark;2024-08-20;113.81
Steiermark;2024-08-21;116.89
Steiermark;2024-08-22;119.86
Steiermark;2024-08-23;122.7
Steiermark;2024-08-24;125.29
Steiermark;2024-08-25;127.68
Steiermark;2024-08-26;129.72
Steiermark;2024-08-27;131.53
Steiermark;2024-08-28;133.14
Steiermark;2024-08-29;134.59
Steiermark;2024-08-30;135.93
Steiermark;2024-08-31;137.25
Steiermark;2024-09-01;138.71
Steiermark;2024-09-02;140.44
Steiermark;2024-09-03;142.52
Steiermark;2024-09-04;145.05
Steiermark;2024-09-05;148.03
Steiermark;2024-09-06;151.5
Steiermark;2024-09-07;155.43
Steiermark;2024-09-08;159.86
Steiermark;2024-09-09;164.92
Steiermark;2024-09-10;170.55
Steiermark;2024-09-11;176.97
Steiermark;2024-09-12;184.18
Steiermark;2024-09-13;192.06
Steiermark;2024-09-14;200.74
Steiermark;2024-09-15;210.14
Steiermark;2024-09-16;220.14
Steiermark;2024-09-17;230.7
Steiermark;2024-09-18;241.61
Steiermark;2024-09-19;252.82
Steiermark;2024-09-20;264.06
Steiermark;2024-09-21;275.2
Steiermark;2024-09-22;286.14
Steiermark;2024-09-23;296.63
Steiermark;2024-09-24;306.35
Steiermark;2024-09-25;315.04
Steiermark;2024-09-26;322.8
Steiermark;2024-09-27;329.68
Steiermark;2024-09-28;335.89
Steiermark;2024-09-29;341.47
Steiermark;2024-09-30;346.55
Steiermark;2024-10-01;351.13
Steiermark;2024-10-02;355.09
Steiermark;2024-10-03;358.45
Steiermark;2024-10-04;360.87
Steiermark;2024-10-05;361.8
Steiermark;2024-10-06;361.07
Steiermark;2024-10-07;358.32
Steiermark;2024-10-08;353.9
Steiermark;2024-10-09;348.26
Steiermark;2024-10-10;341.73
Steiermark;2024-10-11;334.57
Steiermark;2024-10-12;326.95
Steiermark;2024-10-13;318.94
Steiermark;2024-10-14;310.61
Steiermark;2024-10-15;301.96
Steiermark;2024-10-16;293.07
Steiermark;2024-10-17;283.98
Steiermark;2024-10-18;274.67
Steiermark;2024-10-19;265.09
Steiermark;2024-10-20;255.21
Steiermark;2024-10-21;245.0
Steiermark;2024-10-22;234.42
Steiermark;2024-10-23;223.49
Steiermark;2024-10-24;212.47
Steiermark;2024-10-25;201.45
Steiermark;2024-10-26;190.59
Steiermark;2024-10-27;180.2
Steiermark;2024-10-28;170.52
Steiermark;2024-10-29;161.69
Steiermark;2024-10-30;153.75
Steiermark;2024-10-31;146.93
Steiermark;2024-11-01;141.02
Steiermark;2024-11-02;135.87
Steiermark;2024-11-03;131.34
Steiermark;2024-11-04;127.34
Steiermark;2024-11-05;123.96
Steiermark;2024-11-06;121.01
Steiermark;2024-11-07;118.63
Steiermark;2024-11-08;116.5
Steiermark;2024-11-09;114.62
Steiermark;2024-11-10;112.86
Steiermark;2024-11-11;111.11
Steiermark;2024-11-12;109.47
Steiermark;2024-11-13;107.9
Steiermark;2024-11-14;106.56
Steiermark;2024-11-15;105.47
Steiermark;2024-11-16;104.63
Steiermark;2024-11-17;104.15
Steiermark;2024-11-18;103.97
Steiermark;2024-11-19;104.18
Steiermark;2024-11-20;104.65
Steiermark;2024-11-21;105.41
Steiermark;2024-11-22;106.4
Steiermark;2024-11-23;107.52
Steiermark;2024-11-24;108.86
Steiermark;2024-11-25;110.29
Steiermark;2024-11-26;111.82
Steiermark;2024-11-27;113.39
Steiermark;2024-11-28;114.89
Steiermark;2024-11-29;116.34
Steiermark;2024-11-30;117.57
Steiermark;2024-12-01;118.47
Steiermark;2024-12-02;119.0
Steiermark;2024-12-03;119.04
Steiermark;2024-12-04;118.69
Steiermark;2024-12-05;117.96
Steiermark;2024-12-06;116.85
Steiermark;2024-12-07;115.48
Steiermark;2024-12-08;114.0
Steiermark;2024-12-09;112.47
Steiermark;2024-12-10;111.05
Steiermark;2024-12-11;109.77
Steiermark;2024-12-12;108.68
Steiermark;2024-12-13;107.73
Steiermark;2024-12-14;106.77
Steiermark;2024-12-15;105.81
Steiermark;2024-12-16;104.61
Steiermark;2024-12-17;103.3
Steiermark;2024-12-18;101.86
Steiermark;2024-12-19;100.44
Steiermark;2024-12-20;99.01
Steiermark;2024-12-21;97.63
Steiermark;2024-12-22;96.28
Steiermark;2024-12-23;95.05
Steiermark;2024-12-24;93.83
Steiermark;2024-12-25;92.69
Steiermark;2024-12-26;91.48
Steiermark;2024-12-27;90.22
Steiermark;2024-12-28;88.69
Steiermark;2024-12-29;86.88
Steiermark;2024-12-30;84.84
Steiermark;2024-12-31;82.5
Steiermark;2025-01-01;79.89
Steiermark;2025-01-02;77.16
Steiermark;2025-01-03;74.34
Steiermark;2025-01-04;71.51
Steiermark;2025-01-05;68.61
Steiermark;2025-01-06;65.84
Steiermark;2025-01-07;63.09
Steiermark;2025-01-08;60.56
Steiermark;2025-01-09;58.18
Steiermark;2025-01-10;55.98
Steiermark;2025-01-11;53.94
Steiermark;2025-01-12;52.11
Steiermark;2025-01-13;50.39
Steiermark;2025-01-14;48.9
Steiermark;2025-01-15;47.47
Steiermark;2025-01-16;46.24
Steiermark;2025-01-17;45.05
Steiermark;2025-01-18;43.92
Steiermark;2025-01-19;42.83
Steiermark;2025-01-20;41.7
Steiermark;2025-01-21;40.52
Steiermark;2025-01-22;39.31
Steiermark;2025-01-23;38.25
Steiermark;2025-01-24;37.25
Steiermark;2025-01-25;36.3
Steiermark;2025-01-26;35.47
Steiermark;2025-01-27;34.73
Steiermark;2025-01-28;34.14
Steiermark;2025-01-29;33.62
Steiermark;2025-01-30;33.19
Steiermark;2025-01-31;32.81
Steiermark;2025-02-01;32.46
Steiermark;2025-02-02;32.17
Steiermark;2025-02-03;31.78
Steiermark;2025-02-04;31.38
Steiermark;2025-02-05;30.87
Steiermark;2025-02-06;30.31
Steiermark;2025-02-07;29.74
Steiermark;2025-02-08;29.12
Steiermark;2025-02-09;28.54
Steiermark;2025-02-10;27.86
Steiermark;2025-02-11;27.25
Steiermark;2025-02-12;26.65
Steiermark;2025-02-13;25.98
Steiermark;2025-02-14;25.38
Steiermark;2025-02-15;24.64
Steiermark;2025-02-16;23.9
Steiermark;2025-02-17;23.01
Steiermark;2025-02-18;22.13
Steiermark;2025-02-19;21.21
Steiermark;2025-02-20;20.3
Steiermark;2025-02-21;19.39
Steiermark;2025-02-22;18.49
Steiermark;2025-02-23;17.71
Steiermark;2025-02-24;16.88
Steiermark;2025-02-25;16.1
Steiermark;2025-02-26;15.4
Steiermark;2025-02-27;14.75
Steiermark;2025-02-28;14.16
Steiermark;2025-03-01;13.59
Steiermark;2025-03-02;13.02
Steiermark;2025-03-03;12.55
Steiermark;2025-03-04;12.11
Steiermark;2025-03-05;11.75
Steiermark;2025-03-06;11.4
Steiermark;2025-03-07;11.12
Steiermark;2025-03-08;10.81
Steiermark;2025-03-09;10.56
Steiermark;2025-03-10;10.28
Steiermark;2025-03-11;10.05
Steiermark;2025-03-12;9.8
Steiermark;2025-03-13;9.49
Steiermark;2025-03-14;9.28
Steiermark;2025-03-15;9.05
Steiermark;2025-03-16;8.83
Steiermark;2025-03-17;8.68
Steiermark;2025-03-18;8.46
Steiermark;2025-03-19;8.32
Steiermark;2025-03-20;8.24
Steiermark;2025-03-21;8.16
Steiermark;2025-03-22;8.02
Steiermark;2025-03-23;7.97
Steiermark;2025-03-24;7.91
Steiermark;2025-03-25;7.8
Steiermark;2025-03-26;7.75
Steiermark;2025-03-27;7.71
Steiermark;2025-03-28;7.68
Steiermark;2025-03-29;7.74
Steiermark;2025-03-30;7.86
Steiermark;2025-03-31;7.99
Steiermark;2025-04-01;8.21
Steiermark;2025-04-02;8.45
Steiermark;2025-04-03;8.73
Steiermark;2025-04-04;9.11
Steiermark;2025-04-05;9.48
Steiermark;2025-04-06;9.88
Steiermark;2025-04-07;10.19
Steiermark;2025-04-08;10.56
Steiermark;2025-04-09;10.84
Steiermark;2025-04-10;11.07
Steiermark;2025-04-11;11.22
Steiermark;2025-04-12;11.3
Steiermark;2025-04-13;11.25
Steiermark;2025-04-14;11.13
Steiermark;2025-04-15;10.89
Steiermark;2025-04-16;10.66
Steiermark;2025-04-17;10.43
Steiermark;2025-04-18;10.2
Steiermark;2025-04-19;9.98
Steiermark;2025-04-20;9.81
Steiermark;2025-04-21;9.64
Steiermark;2025-04-22;9.46
Steiermark;2025-04-23;9.27
Steiermark;2025-04-24;9.14
Steiermark;2025-04-25;9.0
Steiermark;2025-04-26;8.89
Steiermark;2025-04-27;8.86
Steiermark;2025-04-28;8.84
Steiermark;2025-04-29;8.86
Steiermark;2025-04-30;8.91
Steiermark;2025-05-01;8.97
Steiermark;2025-05-02;9.13
Steiermark;2025-05-03;9.32
Steiermark;2025-05-04;9.61
Steiermark;2025-05-05;9.93
Steiermark;2025-05-06;10.42
Steiermark;2025-05-07;10.96
Steiermark;2025-05-08;11.59
Steiermark;2025-05-09;12.27
Steiermark;2025-05-10;13.08
Steiermark;2025-05-11;13.9
Steiermark;2025-05-12;14.86
Steiermark;2025-05-13;15.91
Steiermark;2025-05-14;16.99
Steiermark;2025-05-15;18.15
Steiermark;2025-05-16;19.17
Steiermark;2025-05-17;20.09
Steiermark;2025-05-18;20.73
Steiermark;2025-05-19;21.16
Steiermark;2025-05-20;21.38
Steiermark;2025-05-21;21.47
Steiermark;2025-05-22;21.41
Steiermark;2025-05-23;21.4
Steiermark;2025-05-24;21.3
Steiermark;2025-05-25;21.27
Steiermark;2025-05-26;21.2
Steiermark;2025-05-27;21.09
Steiermark;2025-05-28;21.06
Steiermark;2025-05-29;20.99
Steiermark;2025-05-30;20.92
Steiermark;2025-05-31;20.78
Steiermark;2025-06-01;20.65
Steiermark;2025-06-02;20.51
Steiermark;2025-06-03;20.33
Steiermark;2025-06-04;20.17
Steiermark;2025-06-05;20.03
Steiermark;2025-06-06;19.9
Steiermark;2025-06-07;19.88
Steiermark;2025-06-08;19.95
Steiermark;2025-06-09;20.08
Steiermark;2025-06-10;20.33
Steiermark;2025-06-11;20.72
Steiermark;2025-06-12;21.27
Steiermark;2025-06-13;21.84
Steiermark;2025-06-14;22.46
Steiermark;2025-06-15;23.08
Steiermark;2025-06-16;23.54
Steiermark;2025-06-17;23.92
Steiermark;2025-06-18;24.25
Steiermark;2025-06-19;24.56
Steiermark;2025-06-20;24.77
Steiermark;2025-06-21;24.98
Steiermark;2025-06-22;25.17
Steiermark;2025-06-23;25.36
Steiermark;2025-06-24;25.63
Steiermark;2025-06-25;25.95
Steiermark;2025-06-26;26.31
Steiermark;2025-06-27;26.82
Steiermark;2025-06-28;27.3
Steiermark;2025-06-29;27.83
Steiermark;2025-06-30;28.32
Steiermark;2025-07-01;28.94
Steiermark;2025-07-02;29.53
Steiermark;2025-07-03;30.28
Steiermark;2025-07-04;31.11
Steiermark;2025-07-05;32.01
Steiermark;2025-07-06;32.95
Steiermark;2025-07-07;33.84
Steiermark;2025-07-08;34.83
Steiermark;2025-07-09;35.81
Steiermark;2025-07-10;36.66
Steiermark;2025-07-11;37.48
Steiermark;2025-07-12;38.0
Steiermark;2025-07-13;38.21
Steiermark;2025-07-14;38.19
Steiermark;2025-07-15;37.9
Steiermark;2025-07-16;37.45
Steiermark;2025-07-17;36.9
Steiermark;2025-07-18;36.46
Steiermark;2025-07-19;36.02
Steiermark;2025-07-20;35.7
Steiermark;2025-07-21;35.44
Steiermark;2025-07-22;35.28
Steiermark;2025-07-23;35.27
Steiermark;2025-07-24;35.38
Steiermark;2025-07-25;35.67
Steiermark;2025-07-26;36.19
Steiermark;2025-07-27;36.93
Steiermark;2025-07-28;37.96
Steiermark;2025-07-29;39.32
Steiermark;2025-07-30;40.86
Steiermark;2025-07-31;42.58
Steiermark;2025-08-01;44.45
Steiermark;2025-08-02;46.44
Steiermark;2025-08-03;48.57
Steiermark;2025-08-04;50.72
Steiermark;2025-08-05;52.89
Steiermark;2025-08-06;55.02
Steiermark;2025-08-07;56.99
Steiermark;2025-08-08;58.91
Steiermark;2025-08-09;60.51
Steiermark;2025-08-10;61.87
Wien;2022-09-01;118.9
Wien;2022-09-02;117.7
Wien;2022-09-03;116.4
Wien;2022-09-04;115.2
Wien;2022-09-05;113.9
Wien;2022-09-06;112.7
Wien;2022-09-07;111.6
Wien;2022-09-08;110.6
Wien;2022-09-09;110.0
Wien;2022-09-10;109.9
Wien;2022-09-11;110.5
Wien;2022-09-12;112.0
Wien;2022-09-13;114.4
Wien;2022-09-14;117.4
Wien;2022-09-15;121.1
Wien;2022-09-16;125.2
Wien;2022-09-17;129.8
Wien;2022-09-18;134.9
Wien;2022-09-19;140.6
Wien;2022-09-20;146.8
Wien;2022-09-21;153.5
Wien;2022-09-22;160.6
Wien;2022-09-23;167.9
Wien;2022-09-24;175.2
Wien;2022-09-25;182.5
Wien;2022-09-26;189.8
Wien;2022-09-27;197.1
Wien;2022-09-28;204.6
Wien;2022-09-29;212.3
Wien;2022-09-30;219.7
Wien;2022-10-01;226.5
Wien;2022-10-02;232.5
Wien;2022-10-03;237.2
Wien;2022-10-04;240.8
Wien;2022-10-05;243.4
Wien;2022-10-06;245.0
Wien;2022-10-07;245.7
Wien;2022-10-08;245.6
Wien;2022-10-09;244.3
Wien;2022-10-10;241.8
Wien;2022-10-11;238.1
Wien;2022-10-12;233.2
Wien;2022-10-13;227.6
Wien;2022-10-14;221.5
Wien;2022-10-15;215.3
Wien;2022-10-16;209.3
Wien;2022-10-17;203.9
Wien;2022-10-18;198.9
Wien;2022-10-19;194.5
Wien;2022-10-20;190.4
Wien;2022-10-21;186.4
Wien;2022-10-22;182.5
Wien;2022-10-23;178.3
Wien;2022-10-24;173.9
Wien;2022-10-25;169.2
Wien;2022-10-26;164.4
Wien;2022-10-27;159.5
Wien;2022-10-28;154.7
Wien;2022-10-29;150.0
Wien;2022-10-30;145.5
Wien;2022-10-31;141.3
Wien;2022-11-01;137.6
Wien;2022-11-02;134.6
Wien;2022-11-03;132.2
Wien;2022-11-04;130.4
Wien;2022-11-05;129.3
Wien;2022-11-06;129.1
Wien;2022-11-07;129.8
Wien;2022-11-08;131.6
Wien;2022-11-09;134.3
Wien;2022-11-10;137.8
Wien;2022-11-11;141.9
Wien;2022-11-12;146.3
Wien;2022-11-13;150.8
Wien;2022-11-14;155.4
Wien;2022-11-15;160.0
Wien;2022-11-16;164.9
Wien;2022-11-17;169.8
Wien;2022-11-18;174.8
Wien;2022-11-19;179.6
Wien;2022-11-20;184.0
Wien;2022-11-21;188.0
Wien;2022-11-22;191.5
Wien;2022-11-23;194.7
Wien;2022-11-24;197.5
Wien;2022-11-25;200.0
Wien;2022-11-26;202.1
Wien;2022-11-27;203.9
Wien;2022-11-28;205.4
Wien;2022-11-29;206.7
Wien;2022-11-30;207.9
Wien;2022-12-01;209.1
Wien;2022-12-02;210.5
Wien;2022-12-03;212.0
Wien;2022-12-04;213.7
Wien;2022-12-05;215.8
Wien;2022-12-06;218.2
Wien;2022-12-07;221.0
Wien;2022-12-08;224.2
Wien;2022-12-09;227.6
Wien;2022-12-10;231.3
Wien;2022-12-11;235.4
Wien;2022-12-12;239.9
Wien;2022-12-13;244.8
Wien;2022-12-14;250.1
Wien;2022-12-15;255.4
Wien;2022-12-16;260.6
Wien;2022-12-17;265.1
Wien;2022-12-18;268.5
Wien;2022-12-19;270.6
Wien;2022-12-20;271.3
Wien;2022-12-21;270.7
Wien;2022-12-22;269.1
Wien;2022-12-23;266.8
Wien;2022-12-24;263.9
Wien;2022-12-25;260.6
Wien;2022-12-26;256.9
Wien;2022-12-27;252.9
Wien;2022-12-28;248.5
Wien;2022-12-29;243.8
Wien;2022-12-30;238.8
Wien;2022-12-31;233.4
Wien;2023-01-01;227.7
Wien;2023-01-02;221.4
Wien;2023-01-03;214.7
Wien;2023-01-04;207.6
Wien;2023-01-05;200.1
Wien;2023-01-06;192.6
Wien;2023-01-07;185.1
Wien;2023-01-08;178.0
Wien;2023-01-09;171.2
Wien;2023-01-10;165.0
Wien;2023-01-11;159.3
Wien;2023-01-12;154.3
Wien;2023-01-13;149.8
Wien;2023-01-14;146.0
Wien;2023-01-15;143.0
Wien;2023-01-16;141.0
Wien;2023-01-17;140.1
Wien;2023-01-18;140.3
Wien;2023-01-19;141.4
Wien;2023-01-20;143.5
Wien;2023-01-21;146.5
Wien;2023-01-22;150.5
Wien;2023-01-23;155.5
Wien;2023-01-24;161.4
Wien;2023-01-25;168.0
Wien;2023-01-26;175.3
Wien;2023-01-27;183.2
Wien;2023-01-28;191.8
Wien;2023-01-29;201.1
Wien;2023-01-30;211.4
Wien;2023-01-31;222.6
Wien;2023-02-01;234.6
Wien;2023-02-02;247.1
Wien;2023-02-03;259.5
Wien;2023-02-04;271.2
Wien;2023-02-05;281.4
Wien;2023-02-06;290.0
Wien;2023-02-07;296.8
Wien;2023-02-08;302.2
Wien;2023-02-09;306.4
Wien;2023-02-10;309.9
Wien;2023-02-11;312.8
Wien;2023-02-12;315.3
Wien;2023-02-13;317.5
Wien;2023-02-14;319.4
Wien;2023-02-15;321.2
Wien;2023-02-16;322.8
Wien;2023-02-17;324.3
Wien;2023-02-18;325.7
Wien;2023-02-19;326.9
Wien;2023-02-20;328.2
Wien;2023-02-21;329.7
Wien;2023-02-22;331.6
Wien;2023-02-23;333.9
Wien;2023-02-24;336.6
Wien;2023-02-25;339.5
Wien;2023-02-26;342.7
Wien;2023-02-27;345.9
Wien;2023-02-28;348.6
Wien;2023-03-01;350.7
Wien;2023-03-02;352.0
Wien;2023-03-03;352.3
Wien;2023-03-04;351.6
Wien;2023-03-05;349.6
Wien;2023-03-06;346.3
Wien;2023-03-07;341.7
Wien;2023-03-08;335.9
Wien;2023-03-09;329.4
Wien;2023-03-10;322.3
Wien;2023-03-11;315.0
Wien;2023-03-12;307.6
Wien;2023-03-13;300.5
Wien;2023-03-14;293.8
Wien;2023-03-15;287.5
Wien;2023-03-16;281.6
Wien;2023-03-17;275.7
Wien;2023-03-18;269.4
Wien;2023-03-19;262.5
Wien;2023-03-20;254.8
Wien;2023-03-21;246.6
Wien;2023-03-22;238.1
Wien;2023-03-23;229.6
Wien;2023-03-24;221.1
Wien;2023-03-25;212.6
Wien;2023-03-26;204.1
Wien;2023-03-27;195.8
Wien;2023-03-28;187.8
Wien;2023-03-29;180.5
Wien;2023-03-30;173.9
Wien;2023-03-31;167.9
Wien;2023-04-01;162.5
Wien;2023-04-02;157.6
Wien;2023-04-03;153.3
Wien;2023-04-04;149.5
Wien;2023-04-05;146.1
Wien;2023-04-06;143.1
Wien;2023-04-07;140.2
Wien;2023-04-08;137.4
Wien;2023-04-09;134.7
Wien;2023-04-10;131.8
Wien;2023-04-11;128.8
Wien;2023-04-12;125.6
Wien;2023-04-13;122.2
Wien;2023-04-14;118.7
Wien;2023-04-15;115.1
Wien;2023-04-16;111.4
Wien;2023-04-17;107.9
Wien;2023-04-18;104.3
Wien;2023-04-19;101.0
Wien;2023-04-20;97.8
Wien;2023-04-21;94.7
Wien;2023-04-22;91.8
Wien;2023-04-23;89.1
Wien;2023-04-24;86.5
Wien;2023-04-25;84.1
Wien;2023-04-26;81.8
Wien;2023-04-27;79.6
Wien;2023-04-28;77.5
Wien;2023-04-29;75.4
Wien;2023-04-30;73.3
Wien;2023-05-01;71.2
Wien;2023-05-02;69.0
Wien;2023-05-03;66.8
Wien;2023-05-04;64.6
Wien;2023-05-05;62.3
Wien;2023-05-06;60.1
Wien;2023-05-07;57.9
Wien;2023-05-08;55.8
Wien;2023-05-09;53.7
Wien;2023-05-10;51.7
Wien;2023-05-11;49.9
Wien;2023-05-12;48.1
Wien;2023-05-13;46.6
Wien;2023-05-14;45.2
Wien;2023-05-15;44.0
Wien;2023-05-16;43.2
Wien;2023-05-17;42.5
Wien;2023-05-18;42.1
Wien;2023-05-19;41.8
Wien;2023-05-20;41.6
Wien;2023-05-21;41.5
Wien;2023-05-22;41.3
Wien;2023-05-23;41.1
Wien;2023-05-24;40.8
Wien;2023-05-25;40.4
Wien;2023-05-26;40.0
Wien;2023-05-27;39.4
Wien;2023-05-28;38.9
Wien;2023-05-29;38.2
Wien;2023-05-30;37.5
Wien;2023-05-31;36.6
Wien;2023-06-01;35.7
Wien;2023-06-02;34.7
Wien;2023-06-03;33.7
Wien;2023-06-04;32.8
Wien;2023-06-05;31.9
Wien;2023-06-06;31.1
Wien;2023-06-07;30.4
Wien;2023-06-08;29.7
Wien;2023-06-09;29.1
Wien;2023-06-10;28.6
Wien;2023-06-11;28.0
Wien;2023-06-12;27.3
Wien;2023-06-13;26.6
Wien;2023-06-14;25.8
Wien;2023-06-15;25.0
Wien;2023-06-16;24.2
Wien;2023-06-17;23.4
Wien;2023-06-18;22.6
Wien;2023-06-19;22.0
Wien;2023-06-20;21.4
Wien;2023-06-21;21.0
Wien;2023-06-22;20.7
Wien;2023-06-23;20.5
Wien;2023-06-24;20.3
Wien;2023-06-25;20.2
Wien;2023-06-26;20.1
Wien;2023-06-27;20.0
Wien;2023-06-28;20.1
Wien;2023-06-29;20.2
Wien;2023-06-30;20.3
Wien;2023-07-01;20.5
Wien;2023-07-02;20.8
Wien;2023-07-03;21.0
Wien;2023-07-04;21.3
Wien;2023-07-05;21.6
Wien;2023-07-06;21.8
Wien;2023-07-07;22.0
Wien;2023-07-08;22.2
Wien;2023-07-09;22.4
Wien;2023-07-10;22.6
Wien;2023-07-11;22.8
Wien;2023-07-12;23.2
Wien;2023-07-13;23.6
Wien;2023-07-14;24.1
Wien;2023-07-15;24.8
Wien;2023-07-16;25.5
Wien;2023-07-17;26.4
Wien;2023-07-18;27.5
Wien;2023-07-19;28.6
Wien;2023-07-20;29.8
Wien;2023-07-21;31.1
Wien;2023-07-22;32.5
Wien;2023-07-23;33.9
Wien;2023-07-24;35.4
Wien;2023-07-25;37.0
Wien;2023-07-26;38.9
Wien;2023-07-27;41.0
Wien;2023-07-28;43.3
Wien;2023-07-29;45.7
Wien;2023-07-30;48.2
Wien;2023-07-31;50.9
Wien;2023-08-01;53.8
Wien;2023-08-02;57.0
Wien;2023-08-03;60.4
Wien;2023-08-04;63.8
Wien;2023-08-05;67.4
Wien;2023-08-06;70.9
Wien;2023-08-07;74.4
Wien;2023-08-08;77.7
Wien;2023-08-09;80.9
Wien;2023-08-10;84.0
Wien;2023-08-11;87.0
Wien;2023-08-12;90.0
Wien;2023-08-13;93.1
Wien;2023-08-14;96.0
Wien;2023-08-15;98.6
Wien;2023-08-16;100.8
Wien;2023-08-17;102.6
Wien;2023-08-18;104.1
Wien;2023-08-19;105.3
Wien;2023-08-20;106.4
Wien;2023-08-21;107.5
Wien;2023-08-22;108.7
Wien;2023-08-23;110.0
Wien;2023-08-24;111.7
Wien;2023-08-25;113.4
Wien;2023-08-26;115.4
Wien;2023-08-27;117.4
Wien;2023-08-28;119.4
Wien;2023-08-29;121.5
Wien;2023-08-30;123.7
Wien;2023-08-31;125.8
Wien;2023-09-01;127.7
Wien;2023-09-02;129.5
Wien;2023-09-03;130.9
Wien;2023-09-04;132.0
Wien;2023-09-05;132.8
Wien;2023-09-06;133.5
Wien;2023-09-07;134.1
Wien;2023-09-08;134.7
Wien;2023-09-09;135.3
Wien;2023-09-10;136.0
Wien;2023-09-11;136.6
Wien;2023-09-12;137.2
Wien;2023-09-13;137.6
Wien;2023-09-14;137.9
Wien;2023-09-15;137.9
Wien;2023-09-16;137.7
Wien;2023-09-17;137.3
Wien;2023-09-18;136.8
Wien;2023-09-19;136.2
Wien;2023-09-20;135.6
Wien;2023-09-21;135.2
Wien;2023-09-22;134.9
Wien;2023-09-23;134.9
Wien;2023-09-24;135.1
Wien;2023-09-25;135.6
Wien;2023-09-26;136.6
Wien;2023-09-27;137.9
Wien;2023-09-28;139.6
Wien;2023-09-29;141.5
Wien;2023-09-30;143.6
Wien;2023-10-01;145.9
Wien;2023-10-02;148.2
Wien;2023-10-03;150.6
Wien;2023-10-04;152.9
Wien;2023-10-05;155.3
Wien;2023-10-06;157.7
Wien;2023-10-07;160.2
Wien;2023-10-08;162.9
Wien;2023-10-09;165.8
Wien;2023-10-10;168.9
Wien;2023-10-11;172.3
Wien;2023-10-12;175.9
Wien;2023-10-13;179.6
Wien;2023-10-14;183.3
Wien;2023-10-15;186.9
Wien;2023-10-16;190.2
Wien;2023-10-17;193.2
Wien;2023-10-18;195.8
Wien;2023-10-19;198.0
Wien;2023-10-20;199.8
Wien;2023-10-21;201.5
Wien;2023-10-22;203.0
Wien;2023-10-23;204.7
Wien;2023-10-24;206.6
Wien;2023-10-25;208.9
Wien;2023-10-26;211.6
Wien;2023-10-27;214.6
Wien;2023-10-28;217.5
Wien;2023-10-29;220.2
Wien;2023-10-30;222.8
Wien;2023-10-31;225.4
Wien;2023-11-01;228.6
Wien;2023-11-02;232.8
Wien;2023-11-03;238.5
Wien;2023-11-04;245.8
Wien;2023-11-05;254.8
Wien;2023-11-06;265.3
Wien;2023-11-07;277.3
Wien;2023-11-08;290.4
Wien;2023-11-09;304.3
Wien;2023-11-10;318.4
Wien;2023-11-11;332.4
Wien;2023-11-12;345.9
Wien;2023-11-13;358.6
Wien;2023-11-14;370.6
Wien;2023-11-15;382.3
Wien;2023-11-16;394.0
Wien;2023-11-17;406.2
Wien;2023-11-18;419.4
Wien;2023-11-19;434.2
Wien;2023-11-20;450.6
Wien;2023-11-21;468.7
Wien;2023-11-22;488.0
Wien;2023-11-23;508.1
Wien;2023-11-24;529.1
Wien;2023-11-25;550.7
Wien;2023-11-26;573.1
Wien;2023-11-27;596.6
Wien;2023-11-28;621.3
Wien;2023-11-29;647.3
Wien;2023-11-30;673.9
Wien;2023-12-01;700.5
Wien;2023-12-02;726.0
Wien;2023-12-03;749.2
Wien;2023-12-04;769.0
Wien;2023-12-05;784.5
Wien;2023-12-06;795.3
Wien;2023-12-07;801.9
Wien;2023-12-08;805.2
Wien;2023-12-09;805.8
Wien;2023-12-10;804.0
Wien;2023-12-11;799.0
Wien;2023-12-12;790.0
Wien;2023-12-13;776.1
Wien;2023-12-14;758.0
Wien;2023-12-15;736.9
Wien;2023-12-16;714.0
Wien;2023-12-17;690.5
Wien;2023-12-18;666.5
Wien;2023-12-19;642.0
Wien;2023-12-20;616.6
Wien;2023-12-21;590.3
Wien;2023-12-22;563.5
Wien;2023-12-23;536.7
Wien;2023-12-24;510.2
Wien;2023-12-25;484.7
Wien;2023-12-26;460.3
Wien;2023-12-27;437.3
Wien;2023-12-28;415.5
Wien;2023-12-29;394.9
Wien;2023-12-30;375.3
Wien;2023-12-31;356.8
Wien;2024-01-01;339.1
Wien;2024-01-02;321.9
Wien;2024-01-03;305.0
Wien;2024-01-04;288.2
Wien;2024-01-05;271.9
Wien;2024-01-06;256.4
Wien;2024-01-07;242.3
Wien;2024-01-08;229.8
Wien;2024-01-09;218.7
Wien;2024-01-10;208.9
Wien;2024-01-11;200.0
Wien;2024-01-12;191.8
Wien;2024-01-13;184.0
Wien;2024-01-14;176.6
Wien;2024-01-15;169.5
Wien;2024-01-16;162.6
Wien;2024-01-17;155.8
Wien;2024-01-18;149.0
Wien;2024-01-19;142.4
Wien;2024-01-20;135.8
Wien;2024-01-21;129.5
Wien;2024-01-22;123.4
Wien;2024-01-23;117.6
Wien;2024-01-24;112.0
Wien;2024-01-25;106.7
Wien;2024-01-26;101.6
Wien;2024-01-27;96.8
Wien;2024-01-28;92.2
Wien;2024-01-29;87.8
Wien;2024-01-30;83.7
Wien;2024-01-31;79.9
Wien;2024-02-01;76.3
Wien;2024-02-02;72.8
Wien;2024-02-03;69.4
Wien;2024-02-04;66.2
Wien;2024-02-05;63.1
Wien;2024-02-06;60.2
Wien;2024-02-07;57.6
Wien;2024-02-08;55.3
Wien;2024-02-09;53.1
Wien;2024-02-10;50.9
Wien;2024-02-11;48.7
Wien;2024-02-12;46.5
Wien;2024-02-13;44.2
Wien;2024-02-14;42.0
Wien;2024-02-15;39.8
Wien;2024-02-16;37.8
Wien;2024-02-17;35.9
Wien;2024-02-18;34.1
Wien;2024-02-19;32.5
Wien;2024-02-20;31.1
Wien;2024-02-21;29.9
Wien;2024-02-22;28.8
Wien;2024-02-23;27.8
Wien;2024-02-24;26.9
Wien;2024-02-25;26.1
Wien;2024-02-26;25.3
Wien;2024-02-27;24.5
Wien;2024-02-28;23.9
Wien;2024-02-29;23.3
Wien;2024-03-01;22.7
Wien;2024-03-02;22.3
Wien;2024-03-03;21.8
Wien;2024-03-04;21.4
Wien;2024-03-05;21.1
Wien;2024-03-06;20.9
Wien;2024-03-07;20.7
Wien;2024-03-08;20.7
Wien;2024-03-09;20.8
Wien;2024-03-10;20.9
Wien;2024-03-11;21.1
Wien;2024-03-12;21.5
Wien;2024-03-13;22.1
Wien;2024-03-14;22.7
Wien;2024-03-15;23.5
Wien;2024-03-16;24.3
Wien;2024-03-17;25.0
Wien;2024-03-18;25.6
Wien;2024-03-19;25.9
Wien;2024-03-20;25.8
Wien;2024-03-21;25.4
Wien;2024-03-22;24.9
Wien;2024-03-23;24.1
Wien;2024-03-24;23.4
Wien;2024-03-25;22.6
Wien;2024-03-26;21.9
Wien;2024-03-27;21.2
Wien;2024-03-28;20.7
Wien;2024-03-29;20.1
Wien;2024-03-30;19.7
Wien;2024-03-31;19.2
Wien;2024-04-01;18.8
Wien;2024-04-02;18.4
Wien;2024-04-03;18.1
Wien;2024-04-04;17.9
Wien;2024-04-05;17.7
Wien;2024-04-06;17.6
Wien;2024-04-07;17.6
Wien;2024-04-08;17.7
Wien;2024-04-09;18.0
Wien;2024-04-10;18.3
Wien;2024-04-11;18.6
Wien;2024-04-12;19.0
Wien;2024-04-13;19.5
Wien;2024-04-14;20.0
Wien;2024-04-15;20.6
Wien;2024-04-16;21.4
Wien;2024-04-17;22.2
Wien;2024-04-18;23.1
Wien;2024-04-19;24.1
Wien;2024-04-20;25.1
Wien;2024-04-21;26.2
Wien;2024-04-22;27.3
Wien;2024-04-23;28.4
Wien;2024-04-24;29.5
Wien;2024-04-25;30.6
Wien;2024-04-26;31.7
Wien;2024-04-27;32.7
Wien;2024-04-28;33.6
Wien;2024-04-29;34.3
Wien;2024-04-30;34.9
Wien;2024-05-01;35.5
Wien;2024-05-02;36.0
Wien;2024-05-03;36.5
Wien;2024-05-04;37.0
Wien;2024-05-05;37.4
Wien;2024-05-06;37.8
Wien;2024-05-07;38.3
Wien;2024-05-08;38.7
Wien;2024-05-09;39.1
Wien;2024-05-10;39.5
Wien;2024-05-11;39.9
Wien;2024-05-12;40.3
Wien;2024-05-13;40.7
Wien;2024-05-14;41.0
Wien;2024-05-15;41.3
Wien;2024-05-16;41.6
Wien;2024-05-17;41.9
Wien;2024-05-18;42.3
Wien;2024-05-19;42.7
Wien;2024-05-20;43.3
Wien;2024-05-21;43.9
Wien;2024-05-22;44.7
Wien;2024-05-23;45.7
Wien;2024-05-24;46.7
Wien;2024-05-25;47.8
Wien;2024-05-26;49.0
Wien;2024-05-27;50.2
Wien;2024-05-28;51.6
Wien;2024-05-29;53.1
Wien;2024-05-30;54.6
Wien;2024-05-31;56.3
Wien;2024-06-01;58.0
Wien;2024-06-02;59.7
Wien;2024-06-03;61.7
Wien;2024-06-04;63.8
Wien;2024-06-05;66.3
Wien;2024-06-06;69.0
Wien;2024-06-07;71.9
Wien;2024-06-08;74.9
Wien;2024-06-09;77.8
Wien;2024-06-10;80.6
Wien;2024-06-11;83.2
Wien;2024-06-12;85.8
Wien;2024-06-13;88.4
Wien;2024-06-14;91.1
Wien;2024-06-15;93.9
Wien;2024-06-16;97.1
Wien;2024-06-17;100.7
Wien;2024-06-18;104.6
Wien;2024-06-19;108.7
Wien;2024-06-20;113.0
Wien;2024-06-21;117.3
Wien;2024-06-22;121.6
Wien;2024-06-23;125.8
Wien;2024-06-24;129.8
Wien;2024-06-25;133.5
Wien;2024-06-26;136.8
Wien;2024-06-27;139.8
Wien;2024-06-28;142.8
Wien;2024-06-29;145.7
Wien;2024-06-30;148.9
Wien;2024-07-01;152.1
Wien;2024-07-02;155.4
Wien;2024-07-03;158.6
Wien;2024-07-04;161.4
Wien;2024-07-05;163.8
Wien;2024-07-06;165.7
Wien;2024-07-07;166.9
Wien;2024-07-08;167.4
Wien;2024-07-09;167.3
Wien;2024-07-10;166.7
Wien;2024-07-11;165.7
Wien;2024-07-12;164.5
Wien;2024-07-13;163.0
Wien;2024-07-14;161.2
Wien;2024-07-15;159.2
Wien;2024-07-16;156.6
Wien;2024-07-17;153.7
Wien;2024-07-18;150.4
Wien;2024-07-19;147.0
Wien;2024-07-20;143.8
Wien;2024-07-21;140.9
Wien;2024-07-22;138.6
Wien;2024-07-23;136.9
Wien;2024-07-24;135.8
Wien;2024-07-25;135.2
Wien;2024-07-26;134.9
Wien;2024-07-27;134.6
Wien;2024-07-28;134.4
Wien;2024-07-29;134.4
Wien;2024-07-30;135.0
Wien;2024-07-31;136.3
Wien;2024-08-01;138.5
Wien;2024-08-02;141.1
Wien;2024-08-03;143.9
Wien;2024-08-04;146.3
Wien;2024-08-05;148.3
Wien;2024-08-06;149.7
Wien;2024-08-07;150.7
Wien;2024-08-08;151.3
Wien;2024-08-09;152.0
Wien;2024-08-10;152.9
Wien;2024-08-11;154.3
Wien;2024-08-12;156.3
Wien;2024-08-13;158.9
Wien;2024-08-14;161.9
Wien;2024-08-15;165.2
Wien;2024-08-16;168.9
Wien;2024-08-17;173.0
Wien;2024-08-18;177.4
Wien;2024-08-19;182.0
Wien;2024-08-20;186.6
Wien;2024-08-21;190.9
Wien;2024-08-22;194.7
Wien;2024-08-23;198.1
Wien;2024-08-24;200.8
Wien;2024-08-25;202.9
Wien;2024-08-26;204.3
Wien;2024-08-27;205.1
Wien;2024-08-28;205.5
Wien;2024-08-29;205.7
Wien;2024-08-30;205.8
Wien;2024-08-31;206.0
Wien;2024-09-01;206.5
Wien;2024-09-02;207.1
Wien;2024-09-03;207.9
Wien;2024-09-04;208.7
Wien;2024-09-05;209.6
Wien;2024-09-06;210.8
Wien;2024-09-07;212.4
Wien;2024-09-08;214.6
Wien;2024-09-09;217.6
Wien;2024-09-10;221.3
Wien;2024-09-11;225.6
Wien;2024-09-12;230.4
Wien;2024-09-13;236.0
Wien;2024-09-14;242.6
Wien;2024-09-15;250.6
Wien;2024-09-16;259.9
Wien;2024-09-17;270.2
Wien;2024-09-18;281.2
Wien;2024-09-19;292.1
Wien;2024-09-20;302.6
Wien;2024-09-21;312.1
Wien;2024-09-22;320.0
Wien;2024-09-23;325.9
Wien;2024-09-24;329.8
Wien;2024-09-25;331.9
Wien;2024-09-26;332.5
Wien;2024-09-27;332.1
Wien;2024-09-28;331.3
Wien;2024-09-29;330.1
Wien;2024-09-30;328.7
Wien;2024-10-01;327.0
Wien;2024-10-02;324.7
Wien;2024-10-03;321.7
Wien;2024-10-04;318.1
Wien;2024-10-05;313.7
Wien;2024-10-06;308.6
Wien;2024-10-07;302.7
Wien;2024-10-08;296.5
Wien;2024-10-09;290.3
Wien;2024-10-10;284.1
Wien;2024-10-11;278.0
Wien;2024-10-12;271.7
Wien;2024-10-13;265.3
Wien;2024-10-14;258.7
Wien;2024-10-15;252.2
Wien;2024-10-16;246.2
Wien;2024-10-17;240.6
Wien;2024-10-18;235.1
Wien;2024-10-19;229.6
Wien;2024-10-20;223.8
Wien;2024-10-21;217.6
Wien;2024-10-22;211.3
Wien;2024-10-23;205.3
Wien;2024-10-24;199.5
Wien;2024-10-25;194.1
Wien;2024-10-26;188.9
Wien;2024-10-27;183.9
Wien;2024-10-28;179.2
Wien;2024-10-29;174.6
Wien;2024-10-30;170.3
Wien;2024-10-31;166.0
Wien;2024-11-01;161.5
Wien;2024-11-02;156.8
Wien;2024-11-03;151.5
Wien;2024-11-04;145.8
Wien;2024-11-05;139.9
Wien;2024-11-06;134.0
Wien;2024-11-07;128.4
Wien;2024-11-08;123.1
Wien;2024-11-09;118.2
Wien;2024-11-10;113.7
Wien;2024-11-11;109.7
Wien;2024-11-12;106.2
Wien;2024-11-13;103.4
Wien;2024-11-14;101.0
Wien;2024-11-15;99.1
Wien;2024-11-16;97.5
Wien;2024-11-17;96.3
Wien;2024-11-18;95.4
Wien;2024-11-19;94.8
Wien;2024-11-20;94.5
Wien;2024-11-21;94.5
Wien;2024-11-22;94.7
Wien;2024-11-23;95.0
Wien;2024-11-24;95.3
Wien;2024-11-25;95.7
Wien;2024-11-26;96.2
Wien;2024-11-27;97.0
Wien;2024-11-28;97.9
Wien;2024-11-29;99.0
Wien;2024-11-30;100.1
Wien;2024-12-01;101.2
Wien;2024-12-02;102.3
Wien;2024-12-03;103.4
Wien;2024-12-04;104.8
Wien;2024-12-05;106.3
Wien;2024-12-06;108.0
Wien;2024-12-07;109.8
Wien;2024-12-08;111.9
Wien;2024-12-09;114.2
Wien;2024-12-10;116.8
Wien;2024-12-11;119.8
Wien;2024-12-12;123.1
Wien;2024-12-13;126.4
Wien;2024-12-14;129.6
Wien;2024-12-15;132.3
Wien;2024-12-16;134.2
Wien;2024-12-17;135.0
Wien;2024-12-18;134.4
Wien;2024-12-19;132.7
Wien;2024-12-20;130.1
Wien;2024-12-21;127.0
Wien;2024-12-22;123.5
Wien;2024-12-23;120.0
Wien;2024-12-24;116.4
Wien;2024-12-25;112.8
Wien;2024-12-26;109.2
Wien;2024-12-27;105.6
Wien;2024-12-28;102.0
Wien;2024-12-29;98.4
Wien;2024-12-30;94.8
Wien;2024-12-31;91.3
Wien;2025-01-01;87.7
Wien;2025-01-02;84.3
Wien;2025-01-03;80.8
Wien;2025-01-04;77.4
Wien;2025-01-05;74.1
Wien;2025-01-06;70.9
Wien;2025-01-07;67.9
Wien;2025-01-08;65.1
Wien;2025-01-09;62.4
Wien;2025-01-10;59.9
Wien;2025-01-11;57.5
Wien;2025-01-12;55.4
Wien;2025-01-13;53.4
Wien;2025-01-14;51.7
Wien;2025-01-15;50.1
Wien;2025-01-16;48.7
Wien;2025-01-17;47.5
Wien;2025-01-18;46.3
Wien;2025-01-19;45.1
Wien;2025-01-20;44.0
Wien;2025-01-21;43.0
Wien;2025-01-22;42.0
Wien;2025-01-23;41.2
Wien;2025-01-24;40.4
Wien;2025-01-25;39.8
Wien;2025-01-26;39.1
Wien;2025-01-27;38.6
Wien;2025-01-28;38.0
Wien;2025-01-29;37.5
Wien;2025-01-30;36.9
Wien;2025-01-31;36.4
Wien;2025-02-01;35.8
Wien;2025-02-02;35.3
Wien;2025-02-03;34.7
Wien;2025-02-04;34.1
Wien;2025-02-05;33.5
Wien;2025-02-06;33.0
Wien;2025-02-07;32.4
Wien;2025-02-08;31.9
Wien;2025-02-09;31.4
Wien;2025-02-10;30.9
Wien;2025-02-11;30.3
Wien;2025-02-12;29.8
Wien;2025-02-13;29.3
Wien;2025-02-14;28.7
Wien;2025-02-15;28.1
Wien;2025-02-16;27.5
Wien;2025-02-17;27.0
Wien;2025-02-18;26.4
Wien;2025-02-19;25.8
Wien;2025-02-20;25.4
Wien;2025-02-21;24.9
Wien;2025-02-22;24.5
Wien;2025-02-23;24.2
Wien;2025-02-24;24.0
Wien;2025-02-25;23.8
Wien;2025-02-26;23.7
Wien;2025-02-27;23.7
Wien;2025-02-28;23.7
Wien;2025-03-01;23.8
Wien;2025-03-02;23.8
Wien;2025-03-03;23.8
Wien;2025-03-04;23.8
Wien;2025-03-05;23.7
Wien;2025-03-06;23.6
Wien;2025-03-07;23.4
Wien;2025-03-08;23.2
Wien;2025-03-09;22.8
Wien;2025-03-10;22.4
Wien;2025-03-11;21.9
Wien;2025-03-12;21.4
Wien;2025-03-13;20.9
Wien;2025-03-14;20.4
Wien;2025-03-15;19.9
Wien;2025-03-16;19.4
Wien;2025-03-17;19.0
Wien;2025-03-18;18.6
Wien;2025-03-19;18.2
Wien;2025-03-20;17.9
Wien;2025-03-21;17.6
Wien;2025-03-22;17.3
Wien;2025-03-23;17.1
Wien;2025-03-24;17.0
Wien;2025-03-25;16.9
Wien;2025-03-26;16.9
Wien;2025-03-27;16.9
Wien;2025-03-28;16.9
Wien;2025-03-29;17.0
Wien;2025-03-30;17.1
Wien;2025-03-31;17.2
Wien;2025-04-01;17.4
Wien;2025-04-02;17.7
Wien;2025-04-03;18.0
Wien;2025-04-04;18.4
Wien;2025-04-05;18.7
Wien;2025-04-06;19.1
Wien;2025-04-07;19.5
Wien;2025-04-08;19.9
Wien;2025-04-09;20.2
Wien;2025-04-10;20.6
Wien;2025-04-11;20.8
Wien;2025-04-12;21.0
Wien;2025-04-13;21.0
Wien;2025-04-14;21.0
Wien;2025-04-15;20.8
Wien;2025-04-16;20.7
Wien;2025-04-17;20.5
Wien;2025-04-18;20.4
Wien;2025-04-19;20.3
Wien;2025-04-20;20.2
Wien;2025-04-21;20.1
Wien;2025-04-22;20.1
Wien;2025-04-23;20.1
Wien;2025-04-24;20.2
Wien;2025-04-25;20.3
Wien;2025-04-26;20.4
Wien;2025-04-27;20.5
Wien;2025-04-28;20.7
Wien;2025-04-29;20.8
Wien;2025-04-30;21.0
Wien;2025-05-01;21.3
Wien;2025-05-02;21.7
Wien;2025-05-03;22.1
Wien;2025-05-04;22.7
Wien;2025-05-05;23.5
Wien;2025-05-06;24.4
Wien;2025-05-07;25.6
Wien;2025-05-08;26.9
Wien;2025-05-09;28.4
Wien;2025-05-10;29.9
Wien;2025-05-11;31.4
Wien;2025-05-12;32.9
Wien;2025-05-13;34.5
Wien;2025-05-14;36.1
Wien;2025-05-15;37.8
Wien;2025-05-16;39.6
Wien;2025-05-17;41.5
Wien;2025-05-18;43.4
Wien;2025-05-19;45.5
Wien;2025-05-20;47.5
Wien;2025-05-21;49.5
Wien;2025-05-22;51.4
Wien;2025-05-23;53.3
Wien;2025-05-24;55.1
Wien;2025-05-25;57.0
Wien;2025-05-26;58.9
Wien;2025-05-27;60.8
Wien;2025-05-28;62.6
Wien;2025-05-29;64.4
Wien;2025-05-30;66.1
Wien;2025-05-31;67.6
Wien;2025-06-01;68.9
Wien;2025-06-02;70.1
Wien;2025-06-03;71.0
Wien;2025-06-04;71.8
Wien;2025-06-05;72.5
Wien;2025-06-06;73.1
Wien;2025-06-07;73.6
Wien;2025-06-08;74.1
Wien;2025-06-09;74.5
Wien;2025-06-10;74.8
Wien;2025-06-11;75.0
Wien;2025-06-12;75.1
Wien;2025-06-13;75.1
Wien;2025-06-14;74.9
Wien;2025-06-15;74.5
Wien;2025-06-16;73.9
Wien;2025-06-17;73.2
Wien;2025-06-18;72.3
Wien;2025-06-19;71.4
Wien;2025-06-20;70.4
Wien;2025-06-21;69.3
Wien;2025-06-22;68.3
Wien;2025-06-23;67.2
Wien;2025-06-24;66.2
Wien;2025-06-25;65.4
Wien;2025-06-26;64.9
Wien;2025-06-27;64.6
Wien;2025-06-28;64.5
Wien;2025-06-29;64.6
Wien;2025-06-30;65.1
Wien;2025-07-01;65.7
Wien;2025-07-02;66.6
Wien;2025-07-03;67.6
Wien;2025-07-04;68.7
Wien;2025-07-05;70.1
Wien;2025-07-06;71.6
Wien;2025-07-07;73.4
Wien;2025-07-08;75.5
Wien;2025-07-09;77.7
Wien;2025-07-10;80.1
Wien;2025-07-11;82.5
Wien;2025-07-12;85.0
Wien;2025-07-13;87.3
Wien;2025-07-14;89.6
Wien;2025-07-15;91.8
Wien;2025-07-16;93.9
Wien;2025-07-17;96.0
Wien;2025-07-18;98.1
Wien;2025-07-19;100.3
Wien;2025-07-20;102.6
Wien;2025-07-21;105.1
Wien;2025-07-22;107.9
Wien;2025-07-23;111.1
Wien;2025-07-24;114.5
Wien;2025-07-25;118.1
Wien;2025-07-26;121.9
Wien;2025-07-27;125.8
Wien;2025-07-28;129.8
Wien;2025-07-29;134.3
Wien;2025-07-30;139.2
Wien;2025-07-31;144.5
Wien;2025-08-01;150.3
Wien;2025-08-02;156.2
Wien;2025-08-03;162.3
Wien;2025-08-04;168.4
Wien;2025-08-05;174.3
Wien;2025-08-06;179.9
Wien;2025-08-07;185.1
Wien;2025-08-08;189.7
Wien;2025-08-09;193.7
Wien;2025-08-10;196.8
Wien;2025-08-11;199.0
Wien;2025-08-12;200.5
Burgenland;2022-09-01;46.15
Burgenland;2022-09-02;45.91
Burgenland;2022-09-03;45.66
Burgenland;2022-09-04;45.47
Burgenland;2022-09-05;45.4
Burgenland;2022-09-06;45.35
Burgenland;2022-09-07;45.41
Burgenland;2022-09-08;45.61
Burgenland;2022-09-09;45.87
Burgenland;2022-09-10;46.23
Burgenland;2022-09-11;46.74
Burgenland;2022-09-12;47.37
Burgenland;2022-09-13;48.25
Burgenland;2022-09-14;49.29
Burgenland;2022-09-15;50.6
Burgenland;2022-09-16;52.14
Burgenland;2022-09-17;53.84
Burgenland;2022-09-18;55.97
Burgenland;2022-09-19;58.3
Burgenland;2022-09-20;61.03
Burgenland;2022-09-21;63.91
Burgenland;2022-09-22;67.08
Burgenland;2022-09-23;70.51
Burgenland;2022-09-24;74.3
Burgenland;2022-09-25;78.37
Burgenland;2022-09-26;82.76
Burgenland;2022-09-27;87.47
Burgenland;2022-09-28;92.34
Burgenland;2022-09-29;97.25
Burgenland;2022-09-30;101.97
Burgenland;2022-10-01;106.4
Burgenland;2022-10-02;110.54
Burgenland;2022-10-03;114.15
Burgenland;2022-10-04;117.21
Burgenland;2022-10-05;119.61
Burgenland;2022-10-06;121.46
Burgenland;2022-10-07;122.74
Burgenland;2022-10-08;123.54
Burgenland;2022-10-09;123.91
Burgenland;2022-10-10;123.89
Burgenland;2022-10-11;123.66
Burgenland;2022-10-12;123.13
Burgenland;2022-10-13;122.49
Burgenland;2022-10-14;121.49
Burgenland;2022-10-15;120.16
Burgenland;2022-10-16;118.43
Burgenland;2022-10-17;116.07
Burgenland;2022-10-18;113.34
Burgenland;2022-10-19;110.25
Burgenland;2022-10-20;106.99
Burgenland;2022-10-21;103.68
Burgenland;2022-10-22;100.4
Burgenland;2022-10-23;97.28
Burgenland;2022-10-24;94.26
Burgenland;2022-10-25;91.5
Burgenland;2022-10-26;88.85
Burgenland;2022-10-27;86.4
Burgenland;2022-10-28;84.05
Burgenland;2022-10-29;81.92
Burgenland;2022-10-30;79.95
Burgenland;2022-10-31;78.11
Burgenland;2022-11-01;76.55
Burgenland;2022-11-02;75.31
Burgenland;2022-11-03;74.29
Burgenland;2022-11-04;73.56
Burgenland;2022-11-05;73.18
Burgenland;2022-11-06;73.27
Burgenland;2022-11-07;73.7
Burgenland;2022-11-08;74.49
Burgenland;2022-11-09;75.59
Burgenland;2022-11-10;76.81
Burgenland;2022-11-11;78.1
Burgenland;2022-11-12;79.46
Burgenland;2022-11-13;80.85
Burgenland;2022-11-14;82.17
Burgenland;2022-11-15;83.48
Burgenland;2022-11-16;84.66
Burgenland;2022-11-17;85.74
Burgenland;2022-11-18;86.85
Burgenland;2022-11-19;87.83
Burgenland;2022-11-20;88.85
Burgenland;2022-11-21;89.95
Burgenland;2022-11-22;91.14
Burgenland;2022-11-23;92.42
Burgenland;2022-11-24;93.89
Burgenland;2022-11-25;95.58
Burgenland;2022-11-26;97.36
Burgenland;2022-11-27;99.23
Burgenland;2022-11-28;101.3
Burgenland;2022-11-29;103.51
Burgenland;2022-11-30;105.87
Burgenland;2022-12-01;108.35
Burgenland;2022-12-02;110.92
Burgenland;2022-12-03;113.42
Burgenland;2022-12-04;115.84
Burgenland;2022-12-05;118.05
Burgenland;2022-12-06;120.2
Burgenland;2022-12-07;122.1
Burgenland;2022-12-08;123.92
Burgenland;2022-12-09;125.74
Burgenland;2022-12-10;127.56
Burgenland;2022-12-11;129.31
Burgenland;2022-12-12;130.98
Burgenland;2022-12-13;132.43
Burgenland;2022-12-14;133.65
Burgenland;2022-12-15;134.64
Burgenland;2022-12-16;135.4
Burgenland;2022-12-17;135.92
Burgenland;2022-12-18;136.23
Burgenland;2022-12-19;136.39
Burgenland;2022-12-20;136.48
Burgenland;2022-12-21;136.66
Burgenland;2022-12-22;136.89
Burgenland;2022-12-23;137.15
Burgenland;2022-12-24;137.33
Burgenland;2022-12-25;137.26
Burgenland;2022-12-26;136.86
Burgenland;2022-12-27;135.85
Burgenland;2022-12-28;134.21
Burgenland;2022-12-29;131.88
Burgenland;2022-12-30;128.98
Burgenland;2022-12-31;125.68
Burgenland;2023-01-01;121.95
Burgenland;2023-01-02;117.97
Burgenland;2023-01-03;114.01
Burgenland;2023-01-04;110.08
Burgenland;2023-01-05;106.34
Burgenland;2023-01-06;102.87
Burgenland;2023-01-07;99.54
Burgenland;2023-01-08;96.38
Burgenland;2023-01-09;93.56
Burgenland;2023-01-10;91.04
Burgenland;2023-01-11;88.81
Burgenland;2023-01-12;87.02
Burgenland;2023-01-13;85.46
Burgenland;2023-01-14;84.23
Burgenland;2023-01-15;83.21
Burgenland;2023-01-16;82.51
Burgenland;2023-01-17;81.92
Burgenland;2023-01-18;76.8
Burgenland;2023-01-19;76.48
Burgenland;2023-01-20;76.28
Burgenland;2023-01-21;76.3
Burgenland;2023-01-22;76.44
Burgenland;2023-01-23;76.85
Burgenland;2023-01-24;78.62
Burgenland;2023-01-25;79.78
Burgenland;2023-01-26;81.2
Burgenland;2023-01-27;82.92
Burgenland;2023-01-28;84.85
Burgenland;2023-01-29;87.2
Burgenland;2023-01-30;89.87
Burgenland;2023-01-31;92.85
Burgenland;2023-02-01;96.1
Burgenland;2023-02-02;99.56
Burgenland;2023-02-03;103.18
Burgenland;2023-02-04;107.03
Burgenland;2023-02-05;110.99
Burgenland;2023-02-06;115.15
Burgenland;2023-02-07;119.38
Burgenland;2023-02-08;123.6
Burgenland;2023-02-09;127.78
Burgenland;2023-02-10;131.9
Burgenland;2023-02-11;135.79
Burgenland;2023-02-12;139.38
Burgenland;2023-02-13;142.72
Burgenland;2023-02-14;145.53
Burgenland;2023-02-15;147.94
Burgenland;2023-02-16;150.09
Burgenland;2023-02-17;152.13
Burgenland;2023-02-18;154.4
Burgenland;2023-02-19;157.01
Burgenland;2023-02-20;160.09
Burgenland;2023-02-21;163.56
Burgenland;2023-02-22;167.26
Burgenland;2023-02-23;170.84
Burgenland;2023-02-24;174.32
Burgenland;2023-02-25;177.41
Burgenland;2023-02-26;179.99
Burgenland;2023-02-27;182.0
Burgenland;2023-02-28;183.24
Burgenland;2023-03-01;183.81
Burgenland;2023-03-02;183.8
Burgenland;2023-03-03;183.24
Burgenland;2023-03-04;182.17
Burgenland;2023-03-05;180.58
Burgenland;2023-03-06;178.33
Burgenland;2023-03-07;175.32
Burgenland;2023-03-08;171.51
Burgenland;2023-03-09;167.09
Burgenland;2023-03-10;162.16
Burgenland;2023-03-11;157.01
Burgenland;2023-03-12;151.79
Burgenland;2023-03-13;146.58
Burgenland;2023-03-14;141.3
Burgenland;2023-03-15;136.04
Burgenland;2023-03-16;130.72
Burgenland;2023-03-17;125.35
Burgenland;2023-03-18;120.14
Burgenland;2023-03-19;114.98
Burgenland;2023-03-20;110.06
Burgenland;2023-03-21;105.32
Burgenland;2023-03-22;100.83
Burgenland;2023-03-23;96.45
Burgenland;2023-03-24;92.19
Burgenland;2023-03-25;88.04
Burgenland;2023-03-26;84.07
Burgenland;2023-03-27;80.27
Burgenland;2023-03-28;76.57
Burgenland;2023-03-29;73.08
Burgenland;2023-03-30;69.77
Burgenland;2023-03-31;66.66
Burgenland;2023-04-01;63.7
Burgenland;2023-04-02;60.96
Burgenland;2023-04-03;58.42
Burgenland;2023-04-04;56.17
Burgenland;2023-04-05;54.06
Burgenland;2023-04-06;52.13
Burgenland;2023-04-07;50.24
Burgenland;2023-04-08;48.48
Burgenland;2023-04-09;46.73
Burgenland;2023-04-10;45.03
Burgenland;2023-04-11;43.36
Burgenland;2023-04-12;41.62
Burgenland;2023-04-13;40.03
Burgenland;2023-04-14;38.5
Burgenland;2023-04-15;37.14
Burgenland;2023-04-16;36.06
Burgenland;2023-04-17;35.24
Burgenland;2023-04-18;34.65
Burgenland;2023-04-19;34.41
Burgenland;2023-04-20;34.33
Burgenland;2023-04-21;34.41
Burgenland;2023-04-22;34.65
Burgenland;2023-04-23;35.0
Burgenland;2023-04-24;35.49
Burgenland;2023-04-25;36.03
Burgenland;2023-04-26;36.68
Burgenland;2023-04-27;37.28
Burgenland;2023-04-28;37.9
Burgenland;2023-04-29;38.41
Burgenland;2023-04-30;38.72
Burgenland;2023-05-01;38.7
Burgenland;2023-05-02;38.3
Burgenland;2023-05-03;37.41
Burgenland;2023-05-04;36.14
Burgenland;2023-05-05;34.59
Burgenland;2023-05-06;32.88
Burgenland;2023-05-07;31.14
Burgenland;2023-05-08;29.4
Burgenland;2023-05-09;27.69
Burgenland;2023-05-10;26.15
Burgenland;2023-05-11;24.67
Burgenland;2023-05-12;23.34
Burgenland;2023-05-13;22.07
Burgenland;2023-05-14;20.98
Burgenland;2023-05-15;19.99
Burgenland;2023-05-16;19.14
Burgenland;2023-05-17;18.38
Burgenland;2023-05-18;17.71
Burgenland;2023-05-19;17.09
Burgenland;2023-05-20;16.45
Burgenland;2023-05-21;15.87
Burgenland;2023-05-22;15.23
Burgenland;2023-05-23;14.6
Burgenland;2023-05-24;14.02
Burgenland;2023-05-25;13.44
Burgenland;2023-05-26;12.9
Burgenland;2023-05-27;12.38
Burgenland;2023-05-28;11.9
Burgenland;2023-05-29;11.48
Burgenland;2023-05-30;11.08
Burgenland;2023-05-31;10.67
Burgenland;2023-06-01;10.32
Burgenland;2023-06-02;10.06
Burgenland;2023-06-03;9.8
Burgenland;2023-06-04;9.55
Burgenland;2023-06-05;9.32
Burgenland;2023-06-06;9.11
Burgenland;2023-06-07;8.9
Burgenland;2023-06-08;8.71
Burgenland;2023-06-09;8.54
Burgenland;2023-06-10;8.34
Burgenland;2023-06-11;8.17
Burgenland;2023-06-12;8.0
Burgenland;2023-06-13;7.87
Burgenland;2023-06-14;7.73
Burgenland;2023-06-15;7.58
Burgenland;2023-06-16;7.46
Burgenland;2023-06-17;7.37
Burgenland;2023-06-18;7.22
Burgenland;2023-06-19;7.14
Burgenland;2023-06-20;7.05
Burgenland;2023-06-21;6.93
Burgenland;2023-06-22;6.77
Burgenland;2023-06-23;6.64
Burgenland;2023-06-24;6.52
Burgenland;2023-06-25;6.42
Burgenland;2023-06-26;6.36
Burgenland;2023-06-27;6.28
Burgenland;2023-06-28;6.26
Burgenland;2023-06-29;6.24
Burgenland;2023-06-30;6.29
Burgenland;2023-07-01;6.35
Burgenland;2023-07-02;6.4
Burgenland;2023-07-03;6.52
Burgenland;2023-07-04;6.67
Burgenland;2023-07-05;6.91
Burgenland;2023-07-06;7.17
Burgenland;2023-07-07;7.53
Burgenland;2023-07-08;7.98
Burgenland;2023-07-09;8.57
Burgenland;2023-07-10;9.29
Burgenland;2023-07-11;10.09
Burgenland;2023-07-12;11.06
Burgenland;2023-07-13;12.1
Burgenland;2023-07-14;13.22
Burgenland;2023-07-15;14.3
Burgenland;2023-07-16;15.28
Burgenland;2023-07-17;16.09
Burgenland;2023-07-18;16.57
Burgenland;2023-07-19;16.7
Burgenland;2023-07-20;16.47
Burgenland;2023-07-21;15.96
Burgenland;2023-07-22;15.31
Burgenland;2023-07-23;14.55
Burgenland;2023-07-24;13.86
Burgenland;2023-07-25;13.24
Burgenland;2023-07-26;12.75
Burgenland;2023-07-27;12.32
Burgenland;2023-07-28;12.02
Burgenland;2023-07-29;11.87
Burgenland;2023-07-30;11.87
Burgenland;2023-07-31;12.08
Burgenland;2023-08-01;12.46
Burgenland;2023-08-02;13.0
Burgenland;2023-08-03;13.65
Burgenland;2023-08-04;14.49
Burgenland;2023-08-05;15.42
Burgenland;2023-08-06;16.55
Burgenland;2023-08-07;17.71
Burgenland;2023-08-08;19.05
Burgenland;2023-08-09;20.4
Burgenland;2023-08-10;21.79
Burgenland;2023-08-11;23.08
Burgenland;2023-08-12;24.38
Burgenland;2023-08-13;25.51
Burgenland;2023-08-14;26.54
Burgenland;2023-08-15;27.35
Burgenland;2023-08-16;28.01
Burgenland;2023-08-17;28.53
Burgenland;2023-08-18;29.03
Burgenland;2023-08-19;29.52
Burgenland;2023-08-20;30.18
Burgenland;2023-08-21;30.91
Burgenland;2023-08-22;31.87
Burgenland;2023-08-23;32.93
Burgenland;2023-08-24;34.16
Burgenland;2023-08-25;35.44
Burgenland;2023-08-26;36.77
Burgenland;2023-08-27;38.04
Burgenland;2023-08-28;39.29
Burgenland;2023-08-29;40.36
Burgenland;2023-08-30;41.29
Burgenland;2023-08-31;42.08
Burgenland;2023-09-01;42.65
Burgenland;2023-09-02;43.15
Burgenland;2023-09-03;43.47
Burgenland;2023-09-04;43.76
Burgenland;2023-09-05;43.95
Burgenland;2023-09-06;44.06
Burgenland;2023-09-07;44.13
Burgenland;2023-09-08;44.22
Burgenland;2023-09-09;44.37
Burgenland;2023-09-10;44.47
Burgenland;2023-09-11;44.53
Burgenland;2023-09-12;44.57
Burgenland;2023-09-13;44.52
Burgenland;2023-09-14;44.33
Burgenland;2023-09-15;44.12
Burgenland;2023-09-16;43.91
Burgenland;2023-09-17;43.76
Burgenland;2023-09-18;43.62
Burgenland;2023-09-19;43.54
Burgenland;2023-09-20;43.56
Burgenland;2023-09-21;43.71
Burgenland;2023-09-22;43.9
Burgenland;2023-09-23;44.17
Burgenland;2023-09-24;44.59
Burgenland;2023-09-25;45.1
Burgenland;2023-09-26;45.79
Burgenland;2023-09-27;46.56
Burgenland;2023-09-28;47.46
Burgenland;2023-09-29;48.4
Burgenland;2023-09-30;49.49
Burgenland;2023-10-01;50.64
Burgenland;2023-10-02;51.96
Burgenland;2023-10-03;53.34
Burgenland;2023-10-04;54.86
Burgenland;2023-10-05;56.53
Burgenland;2023-10-06;58.23
Burgenland;2023-10-07;60.08
Burgenland;2023-10-08;62.06
Burgenland;2023-10-09;64.09
Burgenland;2023-10-10;66.09
Burgenland;2023-10-11;68.05
Burgenland;2023-10-12;69.78
Burgenland;2023-10-13;71.48
Burgenland;2023-10-14;73.03
Burgenland;2023-10-15;74.46
Burgenland;2023-10-16;75.9
Burgenland;2023-10-17;77.23
Burgenland;2023-10-18;78.5
Burgenland;2023-10-19;79.68
Burgenland;2023-10-20;80.75
Burgenland;2023-10-21;81.76
Burgenland;2023-10-22;82.78
Burgenland;2023-10-23;83.8
Burgenland;2023-10-24;84.88
Burgenland;2023-10-25;86.02
Burgenland;2023-10-26;87.21
Burgenland;2023-10-27;88.49
Burgenland;2023-10-28;89.78
Burgenland;2023-10-29;91.2
Burgenland;2023-10-30;92.77
Burgenland;2023-10-31;94.36
Burgenland;2023-11-01;96.23
Burgenland;2023-11-02;98.26
Burgenland;2023-11-03;100.65
Burgenland;2023-11-04;103.53
Burgenland;2023-11-05;107.08
Burgenland;2023-11-06;111.27
Burgenland;2023-11-07;116.21
Burgenland;2023-11-08;121.62
Burgenland;2023-11-09;127.4
Burgenland;2023-11-10;133.51
Burgenland;2023-11-11;139.88
Burgenland;2023-11-12;146.46
Burgenland;2023-11-13;169.88
Burgenland;2023-11-14;178.55
Burgenland;2023-11-15;187.62
Burgenland;2023-11-16;197.11
Burgenland;2023-11-17;206.86
Burgenland;2023-11-18;216.83
Burgenland;2023-11-19;226.89
Burgenland;2023-11-20;237.12
Burgenland;2023-11-21;247.37
Burgenland;2023-11-22;257.64
Burgenland;2023-11-23;267.93
Burgenland;2023-11-24;277.96
Burgenland;2023-11-25;287.61
Burgenland;2023-11-26;296.72
Burgenland;2023-11-27;305.26
Burgenland;2023-11-28;313.18
Burgenland;2023-11-29;320.65
Burgenland;2023-11-30;327.74
Burgenland;2023-12-01;334.55
Burgenland;2023-12-02;341.15
Burgenland;2023-12-03;347.43
Burgenland;2023-12-04;353.0
Burgenland;2023-12-05;357.37
Burgenland;2023-12-06;437.0
Burgenland;2023-12-07;434.35
Burgenland;2023-12-08;430.02
Burgenland;2023-12-09;424.67
Burgenland;2023-12-10;418.95
Burgenland;2023-12-11;413.13
Burgenland;2023-12-12;407.51
Burgenland;2023-12-13;401.99
Burgenland;2023-12-14;396.33
Burgenland;2023-12-15;390.39
Burgenland;2023-12-16;383.79
Burgenland;2023-12-17;376.19
Burgenland;2023-12-18;367.36
Burgenland;2023-12-19;357.39
Burgenland;2023-12-20;346.27
Burgenland;2023-12-21;334.25
Burgenland;2023-12-22;321.44
Burgenland;2023-12-23;308.01
Burgenland;2023-12-24;293.97
Burgenland;2023-12-25;279.42
Burgenland;2023-12-26;264.36
Burgenland;2023-12-27;248.84
Burgenland;2023-12-28;233.07
Burgenland;2023-12-29;217.23
Burgenland;2023-12-30;201.65
Burgenland;2023-12-31;186.42
Burgenland;2024-01-01;171.87
Burgenland;2024-01-02;158.19
Burgenland;2024-01-03;145.57
Burgenland;2024-01-04;134.07
Burgenland;2024-01-05;123.73
Burgenland;2024-01-06;114.57
Burgenland;2024-01-07;106.61
Burgenland;2024-01-08;99.84
Burgenland;2024-01-09;94.32
Burgenland;2024-01-10;89.82
Burgenland;2024-01-11;86.19
Burgenland;2024-01-12;83.13
Burgenland;2024-01-13;80.48
Burgenland;2024-01-14;78.1
Burgenland;2024-01-15;75.76
Burgenland;2024-01-16;73.43
Burgenland;2024-01-17;70.89
Burgenland;2024-01-18;68.19
Burgenland;2024-01-19;65.37
Burgenland;2024-01-20;62.44
Burgenland;2024-01-21;59.59
Burgenland;2024-01-22;56.78
Burgenland;2024-01-23;54.07
Burgenland;2024-01-24;51.44
Burgenland;2024-01-25;48.89
Burgenland;2024-01-26;46.42
Burgenland;2024-01-27;44.09
Burgenland;2024-01-28;41.84
Burgenland;2024-01-29;39.78
Burgenland;2024-01-30;37.9
Burgenland;2024-01-31;36.14
Burgenland;2024-02-01;34.5
Burgenland;2024-02-02;32.92
Burgenland;2024-02-03;31.43
Burgenland;2024-02-04;30.03
Burgenland;2024-02-05;28.73
Burgenland;2024-02-06;27.45
Burgenland;2024-02-07;26.36
Burgenland;2024-02-08;25.41
Burgenland;2024-02-09;24.56
Burgenland;2024-02-10;23.86
Burgenland;2024-02-11;23.26
Burgenland;2024-02-12;22.76
Burgenland;2024-02-13;22.39
Burgenland;2024-02-14;22.04
Burgenland;2024-02-15;21.71
Burgenland;2024-02-16;21.4
Burgenland;2024-02-17;21.07
Burgenland;2024-02-18;20.62
Burgenland;2024-02-19;20.02
Burgenland;2024-02-20;19.27
Burgenland;2024-02-21;18.29
Burgenland;2024-02-22;17.25
Burgenland;2024-02-23;16.09
Burgenland;2024-02-24;14.97
Burgenland;2024-02-25;13.9
Burgenland;2024-02-26;12.95
Burgenland;2024-02-27;12.15
Burgenland;2024-02-28;11.46
Burgenland;2024-02-29;10.85
Burgenland;2024-03-01;10.41
Burgenland;2024-03-02;9.93
Burgenland;2024-03-03;9.53
Burgenland;2024-03-04;9.12
Burgenland;2024-03-05;8.75
Burgenland;2024-03-06;8.41
Burgenland;2024-03-07;8.09
Burgenland;2024-03-08;7.78
Burgenland;2024-03-09;7.54
Burgenland;2024-03-10;7.27
Burgenland;2024-03-11;6.98
Burgenland;2024-03-12;6.7
Burgenland;2024-03-13;6.5
Burgenland;2024-03-14;6.3
Burgenland;2024-03-15;6.15
Burgenland;2024-03-16;5.98
Burgenland;2024-03-17;5.81
Burgenland;2024-03-18;5.71
Burgenland;2024-03-19;5.55
Burgenland;2024-03-20;5.35
Burgenland;2024-03-21;5.16
Burgenland;2024-03-22;4.92
Burgenland;2024-03-23;4.72
Burgenland;2024-03-24;4.51
Burgenland;2024-03-25;4.34
Burgenland;2024-03-26;4.25
Burgenland;2024-03-27;4.12
Burgenland;2024-03-28;4.03
Burgenland;2024-03-29;3.97
Burgenland;2024-03-30;3.9
Burgenland;2024-03-31;3.84
Burgenland;2024-04-01;3.81
Burgenland;2024-04-02;3.75
Burgenland;2024-04-03;3.67
Burgenland;2024-04-04;3.56
Burgenland;2024-04-05;3.45
Burgenland;2024-04-06;3.33
Burgenland;2024-04-07;3.2
Burgenland;2024-04-08;3.06
Burgenland;2024-04-09;2.94
Burgenland;2024-04-10;2.84
Burgenland;2024-04-11;2.78
Burgenland;2024-04-12;2.68
Burgenland;2024-04-13;2.61
Burgenland;2024-04-14;2.6
Burgenland;2024-04-15;2.6
Burgenland;2024-04-16;2.6
Burgenland;2024-04-17;2.62
Burgenland;2024-04-18;2.7
Burgenland;2024-04-19;2.73
Burgenland;2024-04-20;2.85
Burgenland;2024-04-21;2.89
Burgenland;2024-04-22;3.0
Burgenland;2024-04-23;3.06
Burgenland;2024-04-24;3.13
Burgenland;2024-04-25;3.28
Burgenland;2024-04-26;3.35
Burgenland;2024-04-27;3.46
Burgenland;2024-04-28;3.61
Burgenland;2024-04-29;3.75
Burgenland;2024-04-30;3.9
Burgenland;2024-05-01;4.05
Burgenland;2024-05-02;4.12
Burgenland;2024-05-03;4.28
Burgenland;2024-05-04;4.38
Burgenland;2024-05-05;4.44
Burgenland;2024-05-06;4.52
Burgenland;2024-05-07;4.61
Burgenland;2024-05-08;4.67
Burgenland;2024-05-09;4.74
Burgenland;2024-05-10;4.78
Burgenland;2024-05-11;4.88
Burgenland;2024-05-12;4.94
Burgenland;2024-05-13;5.0
Burgenland;2024-05-14;5.12
Burgenland;2024-05-15;5.2
Burgenland;2024-05-16;5.32
Burgenland;2024-05-17;5.38
Burgenland;2024-05-18;5.48
Burgenland;2024-05-19;5.54
Burgenland;2024-05-20;5.65
Burgenland;2024-05-21;5.67
Burgenland;2024-05-22;5.72
Burgenland;2024-05-23;5.79
Burgenland;2024-05-24;5.82
Burgenland;2024-05-25;5.9
Burgenland;2024-05-26;6.04
Burgenland;2024-05-27;6.24
Burgenland;2024-05-28;6.46
Burgenland;2024-05-29;6.7
Burgenland;2024-05-30;7.02
Burgenland;2024-05-31;7.34
Burgenland;2024-06-01;7.72
Burgenland;2024-06-02;8.12
Burgenland;2024-06-03;8.56
Burgenland;2024-06-04;8.99
Burgenland;2024-06-05;9.53
Burgenland;2024-06-06;10.12
Burgenland;2024-06-07;10.72
Burgenland;2024-06-08;11.4
Burgenland;2024-06-09;12.16
Burgenland;2024-06-10;13.05
Burgenland;2024-06-11;14.12
Burgenland;2024-06-12;15.35
Burgenland;2024-06-13;16.67
Burgenland;2024-06-14;18.11
Burgenland;2024-06-15;19.63
Burgenland;2024-06-16;21.19
Burgenland;2024-06-17;22.65
Burgenland;2024-06-18;24.07
Burgenland;2024-06-19;25.38
Burgenland;2024-06-20;26.64
Burgenland;2024-06-21;27.82
Burgenland;2024-06-22;28.89
Burgenland;2024-06-23;29.89
Burgenland;2024-06-24;30.85
Burgenland;2024-06-25;31.74
Burgenland;2024-06-26;32.59
Burgenland;2024-06-27;33.3
Burgenland;2024-06-28;33.85
Burgenland;2024-06-29;34.3
Burgenland;2024-06-30;34.57
Burgenland;2024-07-01;34.55
Burgenland;2024-07-02;34.38
Burgenland;2024-07-03;34.1
Burgenland;2024-07-04;33.68
Burgenland;2024-07-05;33.29
Burgenland;2024-07-06;32.85
Burgenland;2024-07-07;32.4
Burgenland;2024-07-08;32.08
Burgenland;2024-07-09;31.89
Burgenland;2024-07-10;31.79
Burgenland;2024-07-11;31.83
Burgenland;2024-07-12;32.02
Burgenland;2024-07-13;32.37
Burgenland;2024-07-14;32.9
Burgenland;2024-07-15;33.57
Burgenland;2024-07-16;34.41
Burgenland;2024-07-17;35.39
Burgenland;2024-07-18;36.47
Burgenland;2024-07-19;37.62
Burgenland;2024-07-20;38.71
Burgenland;2024-07-21;39.89
Burgenland;2024-07-22;40.99
Burgenland;2024-07-23;42.08
Burgenland;2024-07-24;43.13
Burgenland;2024-07-25;44.17
Burgenland;2024-07-26;45.21
Burgenland;2024-07-27;46.21
Burgenland;2024-07-28;47.08
Burgenland;2024-07-29;47.94
Burgenland;2024-07-30;48.75
Burgenland;2024-07-31;49.42
Burgenland;2024-08-01;50.02
Burgenland;2024-08-02;50.56
Burgenland;2024-08-03;51.09
Burgenland;2024-08-04;51.63
Burgenland;2024-08-05;52.21
Burgenland;2024-08-06;52.76
Burgenland;2024-08-07;53.36
Burgenland;2024-08-08;53.89
Burgenland;2024-08-09;54.4
Burgenland;2024-08-10;54.87
Burgenland;2024-08-11;55.31
Burgenland;2024-08-12;55.79
Burgenland;2024-08-13;56.26
Burgenland;2024-08-14;56.78
Burgenland;2024-08-15;57.4
Burgenland;2024-08-16;58.03
Burgenland;2024-08-17;58.69
Burgenland;2024-08-18;59.45
Burgenland;2024-08-19;60.33
Burgenland;2024-08-20;61.14
Burgenland;2024-08-21;61.94
Burgenland;2024-08-22;62.78
Burgenland;2024-08-23;63.66
Burgenland;2024-08-24;64.66
Burgenland;2024-08-25;65.75
Burgenland;2024-08-26;66.94
Burgenland;2024-08-27;68.15
Burgenland;2024-08-28;69.39
Burgenland;2024-08-29;70.51
Burgenland;2024-08-30;71.52
Burgenland;2024-08-31;72.43
Burgenland;2024-09-01;73.27
Burgenland;2024-09-02;74.1
Burgenland;2024-09-03;74.93
Burgenland;2024-09-04;75.83
Burgenland;2024-09-05;76.87
Burgenland;2024-09-06;78.05
Burgenland;2024-09-07;79.47
Burgenland;2024-09-08;81.05
Burgenland;2024-09-09;82.83
Burgenland;2024-09-10;84.73
Burgenland;2024-09-11;86.64
Burgenland;2024-09-12;88.53
Burgenland;2024-09-13;90.42
Burgenland;2024-09-14;92.31
Burgenland;2024-09-15;94.23
Burgenland;2024-09-16;96.3
Burgenland;2024-09-17;98.58
Burgenland;2024-09-18;100.97
Burgenland;2024-09-19;103.63
Burgenland;2024-09-20;106.32
Burgenland;2024-09-21;109.11
Burgenland;2024-09-22;111.84
Burgenland;2024-09-23;114.45
Burgenland;2024-09-24;116.76
Burgenland;2024-09-25;118.62
Burgenland;2024-09-26;119.89
Burgenland;2024-09-27;120.67
Burgenland;2024-09-28;121.21
Burgenland;2024-09-29;121.65
Burgenland;2024-09-30;122.11
Burgenland;2024-10-01;122.99
Burgenland;2024-10-02;124.2
Burgenland;2024-10-03;125.9
Burgenland;2024-10-04;128.02
Burgenland;2024-10-05;130.37
Burgenland;2024-10-06;132.79
Burgenland;2024-10-07;135.05
Burgenland;2024-10-08;136.72
Burgenland;2024-10-09;137.64
Burgenland;2024-10-10;137.61
Burgenland;2024-10-11;136.86
Burgenland;2024-10-12;135.46
Burgenland;2024-10-13;133.78
Burgenland;2024-10-14;131.89
Burgenland;2024-10-15;129.91
Burgenland;2024-10-16;127.9
Burgenland;2024-10-17;125.74
Burgenland;2024-10-18;123.46
Burgenland;2024-10-19;121.15
Burgenland;2024-10-20;118.75
Burgenland;2024-10-21;116.36
Burgenland;2024-10-22;114.01
Burgenland;2024-10-23;111.68
Burgenland;2024-10-24;109.41
Burgenland;2024-10-25;107.15
Burgenland;2024-10-26;104.8
Burgenland;2024-10-27;102.29
Burgenland;2024-10-28;99.65
Burgenland;2024-10-29;96.83
Burgenland;2024-10-30;93.81
Burgenland;2024-10-31;90.73
Burgenland;2024-11-01;87.62
Burgenland;2024-11-02;84.67
Burgenland;2024-11-03;81.95
Burgenland;2024-11-04;79.58
Burgenland;2024-11-05;77.58
Burgenland;2024-11-06;76.0
Burgenland;2024-11-07;74.79
Burgenland;2024-11-08;73.91
Burgenland;2024-11-09;73.3
Burgenland;2024-11-10;72.86
Burgenland;2024-11-11;72.62
Burgenland;2024-11-12;72.52
Burgenland;2024-11-13;72.63
Burgenland;2024-11-14;72.78
Burgenland;2024-11-15;73.11
Burgenland;2024-11-16;73.59
Burgenland;2024-11-17;74.32
Burgenland;2024-11-18;75.3
Burgenland;2024-11-19;76.55
Burgenland;2024-11-20;77.98
Burgenland;2024-11-21;79.64
Burgenland;2024-11-22;81.49
Burgenland;2024-11-23;83.4
Burgenland;2024-11-24;85.34
Burgenland;2024-11-25;87.25
Burgenland;2024-11-26;88.98
Burgenland;2024-11-27;90.42
Burgenland;2024-11-28;91.65
Burgenland;2024-11-29;92.73
Burgenland;2024-11-30;93.63
Burgenland;2024-12-01;94.48
Burgenland;2024-12-02;95.34
Burgenland;2024-12-03;96.15
Burgenland;2024-12-04;96.83
Burgenland;2024-12-05;97.37
Burgenland;2024-12-06;97.83
Burgenland;2024-12-07;98.11
Burgenland;2024-12-08;98.38
Burgenland;2024-12-09;98.66
Burgenland;2024-12-10;98.96
Burgenland;2024-12-11;99.36
Burgenland;2024-12-12;99.84
Burgenland;2024-12-13;100.32
Burgenland;2024-12-14;100.67
Burgenland;2024-12-15;100.79
Burgenland;2024-12-16;100.54
Burgenland;2024-12-17;99.86
Burgenland;2024-12-18;98.8
Burgenland;2024-12-19;97.34
Burgenland;2024-12-20;95.6
Burgenland;2024-12-21;93.66
Burgenland;2024-12-22;91.59
Burgenland;2024-12-23;89.49
Burgenland;2024-12-24;87.32
Burgenland;2024-12-25;85.2
Burgenland;2024-12-26;83.06
Burgenland;2024-12-27;80.93
Burgenland;2024-12-28;78.77
Burgenland;2024-12-29;76.64
Burgenland;2024-12-30;74.48
Burgenland;2024-12-31;72.34
Burgenland;2025-01-01;70.22
Burgenland;2025-01-02;68.08
Burgenland;2025-01-03;65.94
Burgenland;2025-01-04;63.88
Burgenland;2025-01-05;61.88
Burgenland;2025-01-06;59.97
Burgenland;2025-01-07;58.25
Burgenland;2025-01-08;56.66
Burgenland;2025-01-09;55.31
Burgenland;2025-01-10;54.14
Burgenland;2025-01-11;53.16
Burgenland;2025-01-12;52.41
Burgenland;2025-01-13;51.73
Burgenland;2025-01-14;51.15
Burgenland;2025-01-15;50.51
Burgenland;2025-01-16;49.86
Burgenland;2025-01-17;49.14
Burgenland;2025-01-18;48.39
Burgenland;2025-01-19;47.62
Burgenland;2025-01-20;46.8
Burgenland;2025-01-21;45.89
Burgenland;2025-01-22;44.75
Burgenland;2025-01-23;43.4
Burgenland;2025-01-24;41.84
Burgenland;2025-01-25;40.14
Burgenland;2025-01-26;38.31
Burgenland;2025-01-27;36.41
Burgenland;2025-01-28;34.44
Burgenland;2025-01-29;32.42
Burgenland;2025-01-30;30.4
Burgenland;2025-01-31;28.37
Burgenland;2025-02-01;26.41
Burgenland;2025-02-02;24.59
Burgenland;2025-02-03;22.82
Burgenland;2025-02-04;21.33
Burgenland;2025-02-05;19.98
Burgenland;2025-02-06;18.7
Burgenland;2025-02-07;17.65
Burgenland;2025-02-08;16.72
Burgenland;2025-02-09;15.8
Burgenland;2025-02-10;14.99
Burgenland;2025-02-11;14.28
Burgenland;2025-02-12;13.62
Burgenland;2025-02-13;12.94
Burgenland;2025-02-14;12.31
Burgenland;2025-02-15;11.73
Burgenland;2025-02-16;11.2
Burgenland;2025-02-17;10.78
Burgenland;2025-02-18;10.44
Burgenland;2025-02-19;10.17
Burgenland;2025-02-20;9.98
Burgenland;2025-02-21;9.89
Burgenland;2025-02-22;9.91
Burgenland;2025-02-23;10.02
Burgenland;2025-02-24;10.27
Burgenland;2025-02-25;10.68
Burgenland;2025-02-26;11.15
Burgenland;2025-02-27;11.74
Burgenland;2025-02-28;12.41
Burgenland;2025-03-01;13.05
Burgenland;2025-03-02;13.67
Burgenland;2025-03-03;14.16
Burgenland;2025-03-04;14.47
Burgenland;2025-03-05;14.61
Burgenland;2025-03-06;14.49
Burgenland;2025-03-07;14.25
Burgenland;2025-03-08;13.88
Burgenland;2025-03-09;13.4
Burgenland;2025-03-10;12.83
Burgenland;2025-03-11;12.27
Burgenland;2025-03-12;11.61
Burgenland;2025-03-13;11.04
Burgenland;2025-03-14;10.46
Burgenland;2025-03-15;9.95
Burgenland;2025-03-16;9.46
Burgenland;2025-03-17;8.98
Burgenland;2025-03-18;8.6
Burgenland;2025-03-19;8.21
Burgenland;2025-03-20;7.87
Burgenland;2025-03-21;7.63
Burgenland;2025-03-22;7.33
Burgenland;2025-03-23;7.12
Burgenland;2025-03-24;6.95
Burgenland;2025-03-25;6.82
Burgenland;2025-03-26;6.76
Burgenland;2025-03-27;6.76
Burgenland;2025-03-28;6.85
Burgenland;2025-03-29;7.02
Burgenland;2025-03-30;7.21
Burgenland;2025-03-31;7.43
Burgenland;2025-04-01;7.72
Burgenland;2025-04-02;8.03
Burgenland;2025-04-03;8.37
Burgenland;2025-04-04;8.7
Burgenland;2025-04-05;9.01
Burgenland;2025-04-06;9.17
Burgenland;2025-04-07;9.28
Burgenland;2025-04-08;9.19
Burgenland;2025-04-09;8.93
Burgenland;2025-04-10;8.54
Burgenland;2025-04-11;8.07
Burgenland;2025-04-12;7.56
Burgenland;2025-04-13;6.99
Burgenland;2025-04-14;6.52
Burgenland;2025-04-15;6.09
Burgenland;2025-04-16;5.71
Burgenland;2025-04-17;5.36
Burgenland;2025-04-18;5.11
Burgenland;2025-04-19;4.9
Burgenland;2025-04-20;4.72
Burgenland;2025-04-21;4.56
Burgenland;2025-04-22;4.46
Burgenland;2025-04-23;4.41
Burgenland;2025-04-24;4.43
Burgenland;2025-04-25;4.49
Burgenland;2025-04-26;4.58
Burgenland;2025-04-27;4.7
Burgenland;2025-04-28;4.85
Burgenland;2025-04-29;5.04
Burgenland;2025-04-30;5.31
Burgenland;2025-05-01;5.57
Burgenland;2025-05-02;5.89
Burgenland;2025-05-03;6.23
Burgenland;2025-05-04;6.58
Burgenland;2025-05-05;6.93
Burgenland;2025-05-06;7.32
Burgenland;2025-05-07;7.84
Burgenland;2025-05-08;8.37
Burgenland;2025-05-09;8.98
Burgenland;2025-05-10;9.66
Burgenland;2025-05-11;10.47
Burgenland;2025-05-12;11.36
Burgenland;2025-05-13;12.37
Burgenland;2025-05-14;13.54
Burgenland;2025-05-15;14.75
Burgenland;2025-05-16;16.05
Burgenland;2025-05-17;17.34
Burgenland;2025-05-18;18.7
Burgenland;2025-05-19;20.01
Burgenland;2025-05-20;21.24
Burgenland;2025-05-21;22.46
Burgenland;2025-05-22;23.46
Burgenland;2025-05-23;24.34
Burgenland;2025-05-24;24.99
Burgenland;2025-05-25;25.41
Burgenland;2025-05-26;25.56
Burgenland;2025-05-27;25.45
Burgenland;2025-05-28;25.23
Burgenland;2025-05-29;24.85
Burgenland;2025-05-30;24.44
Burgenland;2025-05-31;23.99
Burgenland;2025-06-01;23.53
Burgenland;2025-06-02;23.05
Burgenland;2025-06-03;22.6
Burgenland;2025-06-04;22.21
Burgenland;2025-06-05;21.92
Burgenland;2025-06-06;21.66
Burgenland;2025-06-07;21.52
Burgenland;2025-06-08;21.35
Burgenland;2025-06-09;21.26
Burgenland;2025-06-10;21.21
Burgenland;2025-06-11;21.18
Burgenland;2025-06-12;21.18
Burgenland;2025-06-13;21.16
Burgenland;2025-06-14;21.08
Burgenland;2025-06-15;20.83
Burgenland;2025-06-16;20.48
Burgenland;2025-06-17;19.95
Burgenland;2025-06-18;19.31
Burgenland;2025-06-19;18.59
Burgenland;2025-06-20;17.94
Burgenland;2025-06-21;17.27
Burgenland;2025-06-22;16.72
Burgenland;2025-06-23;16.34
Burgenland;2025-06-24;16.07
Burgenland;2025-06-25;15.95
Burgenland;2025-06-26;15.89
Burgenland;2025-06-27;15.97
Burgenland;2025-06-28;16.06
Burgenland;2025-06-29;16.21
Burgenland;2025-06-30;16.37
Burgenland;2025-07-01;16.41
Burgenland;2025-07-02;16.41
Burgenland;2025-07-03;16.26
Burgenland;2025-07-04;16.04
Burgenland;2025-07-05;15.74
Burgenland;2025-07-06;15.46
Burgenland;2025-07-07;15.13
Burgenland;2025-07-08;14.79
Burgenland;2025-07-09;14.51
Burgenland;2025-07-10;14.28
Burgenland;2025-07-11;14.04
Burgenland;2025-07-12;13.88
Burgenland;2025-07-13;13.82
Burgenland;2025-07-14;13.86
Burgenland;2025-07-15;14.04
Burgenland;2025-07-16;14.29
Burgenland;2025-07-17;14.61
Burgenland;2025-07-18;14.97
Burgenland;2025-07-19;15.32
Burgenland;2025-07-20;15.66
Burgenland;2025-07-21;15.89
Burgenland;2025-07-22;16.09
Burgenland;2025-07-23;16.19
Burgenland;2025-07-24;16.22
Burgenland;2025-07-25;16.28
Burgenland;2025-07-26;16.32
Burgenland;2025-07-27;16.44
Burgenland;2025-07-28;16.64
Burgenland;2025-07-29;16.93
Burgenland;2025-07-30;17.32
Burgenland;2025-07-31;17.86
Burgenland;2025-08-01;18.52
Burgenland;2025-08-02;19.3
Burgenland;2025-08-03;20.17
Burgenland;2025-08-04;21.11
Burgenland;2025-08-05;22.1
Burgenland;2025-08-06;23.07
Burgenland;2025-08-07;24.01
Burgenland;2025-08-08;24.91
Burgenland;2025-08-09;25.78
Burgenland;2025-08-10;26.56
Österreich;2022-09-01;98.89
Österreich;2022-09-02;98.52
Österreich;2022-09-03;98.2
Österreich;2022-09-04;97.36
Österreich;2022-09-05;97.28
Österreich;2022-09-06;97.42
Österreich;2022-09-07;97.79
Österreich;2022-09-08;98.42
Österreich;2022-09-09;99.43
Österreich;2022-09-10;100.88
Österreich;2022-09-11;102.87
Österreich;2022-09-12;105.54
Österreich;2022-09-13;108.88
Österreich;2022-09-14;112.79
Österreich;2022-09-15;117.28
Österreich;2022-09-16;122.2
Österreich;2022-09-17;127.54
Österreich;2022-09-18;133.34
Österreich;2022-09-19;139.64
Österreich;2022-09-20;146.43
Österreich;2022-09-21;153.69
Österreich;2022-09-22;161.37
Österreich;2022-09-23;169.35
Österreich;2022-09-24;177.45
Österreich;2022-09-25;185.67
Österreich;2022-09-26;193.92
Österreich;2022-09-27;202.12
Österreich;2022-09-28;210.22
Österreich;2022-09-29;218.15
Österreich;2022-09-30;225.56
Österreich;2022-10-01;232.23
Österreich;2022-10-02;237.95
Österreich;2022-10-03;242.4
Österreich;2022-10-04;245.62
Österreich;2022-10-05;247.69
Österreich;2022-10-06;248.64
Österreich;2022-10-07;248.54
Österreich;2022-10-08;247.41
Österreich;2022-10-09;245.0
Österreich;2022-10-10;241.28
Österreich;2022-10-11;236.35
Österreich;2022-10-12;230.32
Österreich;2022-10-13;223.59
Österreich;2022-10-14;216.34
Österreich;2022-10-15;208.85
Österreich;2022-10-16;201.31
Österreich;2022-10-17;193.99
Österreich;2022-10-18;186.91
Österreich;2022-10-19;180.25
Österreich;2022-10-20;173.91
Österreich;2022-10-21;167.82
Österreich;2022-10-22;161.97
Österreich;2022-10-23;156.2
Österreich;2022-10-24;150.58
Österreich;2022-10-25;145.06
Österreich;2022-10-26;139.73
Österreich;2022-10-27;134.57
Österreich;2022-10-28;129.68
Österreich;2022-10-29;125.07
Österreich;2022-10-30;120.81
Österreich;2022-10-31;117.0
Österreich;2022-11-01;113.71
Österreich;2022-11-02;111.04
Österreich;2022-11-03;108.89
Österreich;2022-11-04;107.24
Österreich;2022-11-05;106.09
Österreich;2022-11-06;105.56
Österreich;2022-11-07;105.64
Österreich;2022-11-08;106.45
Österreich;2022-11-09;107.89
Österreich;2022-11-10;109.93
Österreich;2022-11-11;112.38
Österreich;2022-11-12;115.11
Österreich;2022-11-13;117.99
Österreich;2022-11-14;121.04
Österreich;2022-11-15;124.2
Österreich;2022-11-16;127.6
Österreich;2022-11-17;131.1
Österreich;2022-11-18;134.72
Österreich;2022-11-19;138.3
Österreich;2022-11-20;141.72
Österreich;2022-11-21;145.0
Österreich;2022-11-22;148.09
Österreich;2022-11-23;151.09
Österreich;2022-11-24;153.98
Österreich;2022-11-25;156.74
Österreich;2022-11-26;159.31
Österreich;2022-11-27;161.69
Österreich;2022-11-28;163.86
Österreich;2022-11-29;165.89
Österreich;2022-11-30;167.83
Österreich;2022-12-01;169.69
Österreich;2022-12-02;171.6
Österreich;2022-12-03;173.48
Österreich;2022-12-04;174.86
Österreich;2022-12-05;176.29
Österreich;2022-12-06;178.38
Österreich;2022-12-07;180.65
Österreich;2022-12-08;183.12
Österreich;2022-12-09;185.63
Österreich;2022-12-10;188.23
Österreich;2022-12-11;190.92
Österreich;2022-12-12;193.7
Österreich;2022-12-13;196.61
Österreich;2022-12-14;199.7
Österreich;2022-12-15;202.8
Österreich;2022-12-16;205.85
Österreich;2022-12-17;208.5
Österreich;2022-12-18;210.53
Österreich;2022-12-19;211.78
Österreich;2022-12-20;212.2
Österreich;2022-12-21;211.87
Österreich;2022-12-22;210.91
Österreich;2022-12-23;209.52
Österreich;2022-12-24;207.75
Österreich;2022-12-25;205.67
Österreich;2022-12-26;203.26
Österreich;2022-12-27;200.52
Österreich;2022-12-28;197.4
Österreich;2022-12-29;193.9
Österreich;2022-12-30;190.1
Österreich;2022-12-31;185.94
Österreich;2023-01-01;181.49
Österreich;2023-01-02;176.68
Österreich;2023-01-03;171.65
Österreich;2023-01-04;166.45
Österreich;2023-01-05;161.15
Österreich;2023-01-06;155.95
Österreich;2023-01-07;150.89
Österreich;2023-01-08;146.17
Österreich;2023-01-09;141.78
Österreich;2023-01-10;137.86
Österreich;2023-01-11;134.36
Österreich;2023-01-12;131.36
Österreich;2023-01-13;128.75
Österreich;2023-01-14;126.63
Österreich;2023-01-15;124.37
Österreich;2023-01-16;123.55
Österreich;2023-01-17;123.27
Österreich;2023-01-18;123.74
Österreich;2023-01-19;125.11
Österreich;2023-01-20;127.19
Österreich;2023-01-21;129.91
Österreich;2023-01-22;133.47
Österreich;2023-01-23;137.71
Österreich;2023-01-24;142.42
Österreich;2023-01-25;147.96
Österreich;2023-01-26;154.12
Österreich;2023-01-27;160.79
Österreich;2023-01-28;167.93
Österreich;2023-01-29;175.23
Österreich;2023-01-30;183.35
Österreich;2023-01-31;192.04
Österreich;2023-02-01;201.25
Österreich;2023-02-02;210.84
Österreich;2023-02-03;220.52
Österreich;2023-02-04;229.97
Österreich;2023-02-05;238.78
Österreich;2023-02-06;246.9
Österreich;2023-02-07;253.56
Österreich;2023-02-08;260.14
Österreich;2023-02-09;266.13
Österreich;2023-02-10;271.71
Österreich;2023-02-11;276.88
Österreich;2023-02-12;281.67
Österreich;2023-02-13;286.09
Österreich;2023-02-14;290.06
Österreich;2023-02-15;293.62
Österreich;2023-02-16;296.7
Österreich;2023-02-17;299.35
Österreich;2023-02-18;301.59
Österreich;2023-02-19;303.35
Österreich;2023-02-20;304.79
Österreich;2023-02-21;305.97
Österreich;2023-02-22;306.99
Österreich;2023-02-23;307.91
Österreich;2023-02-24;308.71
Österreich;2023-02-25;309.31
Österreich;2023-02-26;309.73
Österreich;2023-02-27;309.85
Österreich;2023-02-28;309.47
Österreich;2023-03-01;308.6
Österreich;2023-03-02;307.2
Österreich;2023-03-03;305.2
Österreich;2023-03-04;302.58
Österreich;2023-03-05;299.23
Österreich;2023-03-06;295.15
Österreich;2023-03-07;290.39
Österreich;2023-03-08;285.02
Österreich;2023-03-09;279.26
Österreich;2023-03-10;273.12
Österreich;2023-03-11;266.76
Österreich;2023-03-12;260.2
Österreich;2023-03-13;253.6
Österreich;2023-03-14;247.0
Österreich;2023-03-15;240.44
Österreich;2023-03-16;233.95
Österreich;2023-03-17;227.41
Österreich;2023-03-18;220.7
Österreich;2023-03-19;213.75
Österreich;2023-03-20;206.51
Österreich;2023-03-21;199.14
Österreich;2023-03-22;191.73
Österreich;2023-03-23;184.39
Österreich;2023-03-24;177.12
Österreich;2023-03-25;169.92
Österreich;2023-03-26;162.83
Österreich;2023-03-27;155.97
Österreich;2023-03-28;149.45
Österreich;2023-03-29;143.5
Österreich;2023-03-30;138.08
Österreich;2023-03-31;133.13
Österreich;2023-04-01;128.62
Österreich;2023-04-02;124.49
Österreich;2023-04-03;120.75
Österreich;2023-04-04;117.34
Österreich;2023-04-05;114.18
Österreich;2023-04-06;111.22
Österreich;2023-04-07;108.33
Österreich;2023-04-08;105.51
Österreich;2023-04-09;102.76
Österreich;2023-04-10;99.97
Österreich;2023-04-11;97.18
Österreich;2023-04-12;94.35
Österreich;2023-04-13;91.49
Österreich;2023-04-14;88.65
Österreich;2023-04-15;85.83
Österreich;2023-04-16;83.04
Österreich;2023-04-17;80.43
Österreich;2023-04-18;77.86
Österreich;2023-04-19;75.53
Österreich;2023-04-20;73.34
Österreich;2023-04-21;71.24
Österreich;2023-04-22;69.26
Österreich;2023-04-23;67.37
Österreich;2023-04-24;65.52
Österreich;2023-04-25;63.73
Österreich;2023-04-26;61.97
Österreich;2023-04-27;60.25
Österreich;2023-04-28;58.57
Österreich;2023-04-29;56.89
Österreich;2023-04-30;55.2
Österreich;2023-05-01;53.53
Österreich;2023-05-02;51.84
Österreich;2023-05-03;50.17
Österreich;2023-05-04;48.52
Österreich;2023-05-05;46.87
Österreich;2023-05-06;45.27
Österreich;2023-05-07;43.7
Österreich;2023-05-08;42.21
Österreich;2023-05-09;40.75
Österreich;2023-05-10;39.4
Österreich;2023-05-11;38.18
Österreich;2023-05-12;37.02
Österreich;2023-05-13;36.02
Österreich;2023-05-14;35.12
Österreich;2023-05-15;34.32
Österreich;2023-05-16;33.73
Österreich;2023-05-17;33.21
Österreich;2023-05-18;32.82
Österreich;2023-05-19;32.47
Österreich;2023-05-20;32.13
Österreich;2023-05-21;31.8
Österreich;2023-05-22;31.35
Österreich;2023-05-23;30.86
Österreich;2023-05-24;30.29
Österreich;2023-05-25;29.65
Österreich;2023-05-26;29.0
Österreich;2023-05-27;28.25
Österreich;2023-05-28;27.55
Österreich;2023-05-29;26.78
Österreich;2023-05-30;26.02
Österreich;2023-05-31;25.19
Österreich;2023-06-01;24.4
Österreich;2023-06-02;23.59
Österreich;2023-06-03;22.8
Österreich;2023-06-04;22.07
Österreich;2023-06-05;21.4
Österreich;2023-06-06;20.77
Österreich;2023-06-07;20.23
Österreich;2023-06-08;19.73
Österreich;2023-06-09;19.3
Österreich;2023-06-10;18.92
Österreich;2023-06-11;18.52
Österreich;2023-06-12;18.11
Österreich;2023-06-13;17.72
Österreich;2023-06-14;17.32
Österreich;2023-06-15;16.92
Österreich;2023-06-16;16.54
Österreich;2023-06-17;16.17
Österreich;2023-06-18;15.78
Österreich;2023-06-19;15.47
Österreich;2023-06-20;15.13
Österreich;2023-06-21;14.83
Österreich;2023-06-22;14.56
Österreich;2023-06-23;14.32
Österreich;2023-06-24;14.07
Österreich;2023-06-25;13.88
Österreich;2023-06-26;13.71
Österreich;2023-06-27;13.57
Österreich;2023-06-28;13.55
Österreich;2023-06-29;13.56
Österreich;2023-06-30;13.6
Österreich;2023-07-01;13.7
Österreich;2023-07-02;13.85
Österreich;2023-07-03;13.96
Österreich;2023-07-04;14.13
Österreich;2023-07-05;14.33
Österreich;2023-07-06;14.47
Österreich;2023-07-07;14.63
Österreich;2023-07-08;14.8
Österreich;2023-07-09;14.98
Österreich;2023-07-10;15.18
Österreich;2023-07-11;15.38
Österreich;2023-07-12;15.68
Österreich;2023-07-13;15.99
Österreich;2023-07-14;16.36
Österreich;2023-07-15;16.81
Österreich;2023-07-16;17.29
Österreich;2023-07-17;17.85
Österreich;2023-07-18;18.52
Österreich;2023-07-19;19.21
Österreich;2023-07-20;19.97
Österreich;2023-07-21;20.79
Österreich;2023-07-22;21.67
Österreich;2023-07-23;22.57
Österreich;2023-07-24;23.54
Österreich;2023-07-25;24.59
Österreich;2023-07-26;25.79
Österreich;2023-07-27;27.11
Österreich;2023-07-28;28.55
Österreich;2023-07-29;30.07
Österreich;2023-07-30;31.65
Österreich;2023-07-31;33.33
Österreich;2023-08-01;35.14
Österreich;2023-08-02;37.12
Österreich;2023-08-03;39.23
Österreich;2023-08-04;41.39
Österreich;2023-08-05;43.68
Österreich;2023-08-06;45.97
Österreich;2023-08-07;48.32
Österreich;2023-08-08;50.61
Österreich;2023-08-09;52.87
Österreich;2023-08-10;55.05
Österreich;2023-08-11;57.14
Österreich;2023-08-12;59.16
Österreich;2023-08-13;61.11
Österreich;2023-08-14;62.91
Österreich;2023-08-15;64.49
Österreich;2023-08-16;65.8
Österreich;2023-08-17;66.88
Österreich;2023-08-18;67.81
Österreich;2023-08-19;68.58
Österreich;2023-08-20;69.32
Österreich;2023-08-21;70.08
Österreich;2023-08-22;70.9
Österreich;2023-08-23;71.83
Österreich;2023-08-24;72.97
Österreich;2023-08-25;74.17
Österreich;2023-08-26;75.57
Österreich;2023-08-27;77.05
Österreich;2023-08-28;78.62
Österreich;2023-08-29;80.35
Österreich;2023-08-30;82.22
Österreich;2023-08-31;84.13
Österreich;2023-09-01;86.01
Österreich;2023-09-02;87.86
Österreich;2023-09-03;89.54
Österreich;2023-09-04;91.09
Österreich;2023-09-05;92.48
Österreich;2023-09-06;93.8
Österreich;2023-09-07;95.02
Österreich;2023-09-08;96.23
Österreich;2023-09-09;97.4
Österreich;2023-09-10;98.56
Österreich;2023-09-11;99.63
Österreich;2023-09-12;100.67
Österreich;2023-09-13;101.61
Österreich;2023-09-14;102.5
Österreich;2023-09-15;103.28
Österreich;2023-09-16;104.01
Österreich;2023-09-17;104.71
Österreich;2023-09-18;105.44
Österreich;2023-09-19;106.21
Österreich;2023-09-20;107.08
Österreich;2023-09-21;108.1
Österreich;2023-09-22;109.22
Österreich;2023-09-23;110.51
Österreich;2023-09-24;111.93
Österreich;2023-09-25;113.48
Österreich;2023-09-26;115.27
Österreich;2023-09-27;117.17
Österreich;2023-09-28;119.22
Österreich;2023-09-29;121.31
Österreich;2023-09-30;123.41
Österreich;2023-10-01;125.5
Österreich;2023-10-02;127.47
Österreich;2023-10-03;129.34
Österreich;2023-10-04;131.03
Österreich;2023-10-05;132.64
Österreich;2023-10-06;134.17
Österreich;2023-10-07;135.71
Österreich;2023-10-08;137.39
Österreich;2023-10-09;139.26
Österreich;2023-10-10;141.34
Österreich;2023-10-11;143.69
Österreich;2023-10-12;146.23
Österreich;2023-10-13;148.93
Österreich;2023-10-14;151.77
Österreich;2023-10-15;154.74
Österreich;2023-10-16;157.76
Österreich;2023-10-17;160.84
Österreich;2023-10-18;163.91
Österreich;2023-10-19;166.92
Österreich;2023-10-20;169.8
Österreich;2023-10-21;172.67
Österreich;2023-10-22;175.44
Österreich;2023-10-23;178.25
Österreich;2023-10-24;181.16
Österreich;2023-10-25;184.23
Österreich;2023-10-26;187.48
Österreich;2023-10-27;190.88
Österreich;2023-10-28;194.27
Österreich;2023-10-29;197.65
Österreich;2023-10-30;201.06
Österreich;2023-10-31;204.58
Österreich;2023-11-01;208.46
Österreich;2023-11-02;212.9
Österreich;2023-11-03;218.14
Österreich;2023-11-04;224.28
Österreich;2023-11-05;231.47
Österreich;2023-11-06;239.69
Österreich;2023-11-07;248.99
Österreich;2023-11-08;259.2
Österreich;2023-11-09;270.14
Österreich;2023-11-10;281.5
Österreich;2023-11-11;293.07
Österreich;2023-11-12;304.68
Österreich;2023-11-13;318.64
Österreich;2023-11-14;330.22
Österreich;2023-11-15;341.96
Österreich;2023-11-16;353.98
Österreich;2023-11-17;366.49
Österreich;2023-11-18;379.7
Österreich;2023-11-19;393.88
Österreich;2023-11-20;408.96
Österreich;2023-11-21;424.92
Österreich;2023-11-22;441.35
Österreich;2023-11-23;457.94
Österreich;2023-11-24;474.58
Österreich;2023-11-25;491.06
Österreich;2023-11-26;507.31
Österreich;2023-11-27;523.38
Österreich;2023-11-28;539.25
Österreich;2023-11-29;554.96
Österreich;2023-11-30;570.27
Österreich;2023-12-01;585.02
Österreich;2023-12-02;598.81
Österreich;2023-12-03;611.19
Österreich;2023-12-04;621.81
Österreich;2023-12-05;630.35
Österreich;2023-12-06;637.0
Österreich;2023-12-07;641.3
Österreich;2023-12-08;643.98
Österreich;2023-12-09;645.16
Österreich;2023-12-10;644.83
Österreich;2023-12-11;642.6
Österreich;2023-12-12;638.23
Österreich;2023-12-13;631.41
Österreich;2023-12-14;622.42
Österreich;2023-12-15;611.65
Österreich;2023-12-16;599.45
Österreich;2023-12-17;586.09
Österreich;2023-12-18;571.49
Österreich;2023-12-19;555.64
Österreich;2023-12-20;538.44
Österreich;2023-12-21;520.03
Österreich;2023-12-22;500.77
Österreich;2023-12-23;481.06
Österreich;2023-12-24;461.13
Österreich;2023-12-25;441.37
Österreich;2023-12-26;421.82
Österreich;2023-12-27;402.59
Österreich;2023-12-28;383.61
Österreich;2023-12-29;365.01
Österreich;2023-12-30;346.79
Österreich;2023-12-31;329.11
Österreich;2024-01-01;311.95
Österreich;2024-01-02;295.28
Österreich;2024-01-03;279.07
Österreich;2024-01-04;263.29
Österreich;2024-01-05;248.09
Österreich;2024-01-06;233.66
Österreich;2024-01-07;220.26
Österreich;2024-01-08;208.02
Österreich;2024-01-09;196.89
Österreich;2024-01-10;186.8
Österreich;2024-01-11;177.5
Österreich;2024-01-12;168.86
Österreich;2024-01-13;160.73
Österreich;2024-01-14;153.06
Österreich;2024-01-15;145.82
Österreich;2024-01-16;138.97
Österreich;2024-01-17;132.44
Österreich;2024-01-18;126.14
Österreich;2024-01-19;120.12
Österreich;2024-01-20;114.29
Österreich;2024-01-21;108.75
Österreich;2024-01-22;103.49
Österreich;2024-01-23;98.54
Österreich;2024-01-24;93.86
Österreich;2024-01-25;89.47
Österreich;2024-01-26;85.3
Österreich;2024-01-27;81.36
Österreich;2024-01-28;77.6
Österreich;2024-01-29;74.02
Österreich;2024-01-30;70.66
Österreich;2024-01-31;67.54
Österreich;2024-02-01;64.61
Österreich;2024-02-02;61.79
Österreich;2024-02-03;59.06
Österreich;2024-02-04;56.45
Österreich;2024-02-05;53.89
Österreich;2024-02-06;51.44
Österreich;2024-02-07;49.13
Österreich;2024-02-08;46.96
Österreich;2024-02-09;44.9
Österreich;2024-02-10;42.88
Österreich;2024-02-11;40.94
Österreich;2024-02-12;39.06
Österreich;2024-02-13;37.25
Österreich;2024-02-14;35.55
Österreich;2024-02-15;33.94
Österreich;2024-02-16;32.42
Österreich;2024-02-17;30.97
Österreich;2024-02-18;29.56
Österreich;2024-02-19;28.21
Österreich;2024-02-20;26.95
Österreich;2024-02-21;25.78
Österreich;2024-02-22;24.68
Österreich;2024-02-23;23.64
Österreich;2024-02-24;22.66
Österreich;2024-02-25;21.74
Österreich;2024-02-26;20.85
Österreich;2024-02-27;19.97
Österreich;2024-02-28;19.2
Österreich;2024-02-29;18.46
Österreich;2024-03-01;17.75
Österreich;2024-03-02;17.15
Österreich;2024-03-03;16.55
Österreich;2024-03-04;16.03
Österreich;2024-03-05;15.58
Österreich;2024-03-06;15.21
Österreich;2024-03-07;14.86
Österreich;2024-03-08;14.62
Österreich;2024-03-09;14.45
Österreich;2024-03-10;14.28
Österreich;2024-03-11;14.18
Österreich;2024-03-12;14.17
Österreich;2024-03-13;14.27
Österreich;2024-03-14;14.39
Österreich;2024-03-15;14.59
Österreich;2024-03-16;14.8
Österreich;2024-03-17;14.98
Österreich;2024-03-18;15.11
Österreich;2024-03-19;15.15
Österreich;2024-03-20;15.01
Österreich;2024-03-21;14.78
Österreich;2024-03-22;14.52
Österreich;2024-03-23;14.13
Österreich;2024-03-24;13.79
Österreich;2024-03-25;13.42
Österreich;2024-03-26;13.08
Österreich;2024-03-27;12.75
Österreich;2024-03-28;12.5
Österreich;2024-03-29;12.21
Österreich;2024-03-30;12.0
Österreich;2024-03-31;11.76
Österreich;2024-04-01;11.56
Österreich;2024-04-02;11.34
Österreich;2024-04-03;11.17
Österreich;2024-04-04;11.05
Österreich;2024-04-05;10.92
Österreich;2024-04-06;10.84
Österreich;2024-04-07;10.81
Österreich;2024-04-08;10.84
Österreich;2024-04-09;10.96
Österreich;2024-04-10;11.1
Österreich;2024-04-11;11.28
Österreich;2024-04-12;11.5
Österreich;2024-04-13;11.79
Österreich;2024-04-14;12.09
Österreich;2024-04-15;12.45
Österreich;2024-04-16;12.92
Österreich;2024-04-17;13.41
Österreich;2024-04-18;13.96
Österreich;2024-04-19;14.56
Österreich;2024-04-20;15.19
Österreich;2024-04-21;15.86
Österreich;2024-04-22;16.55
Österreich;2024-04-23;17.27
Österreich;2024-04-24;18.0
Österreich;2024-04-25;18.74
Österreich;2024-04-26;19.5
Österreich;2024-04-27;20.21
Österreich;2024-04-28;20.88
Österreich;2024-04-29;21.43
Österreich;2024-04-30;21.93
Österreich;2024-05-01;22.41
Österreich;2024-05-02;22.82
Österreich;2024-05-03;23.22
Österreich;2024-05-04;23.61
Österreich;2024-05-05;23.94
Österreich;2024-05-06;24.27
Österreich;2024-05-07;24.65
Österreich;2024-05-08;24.99
Österreich;2024-05-09;25.36
Österreich;2024-05-10;25.73
Österreich;2024-05-11;26.13
Österreich;2024-05-12;26.52
Österreich;2024-05-13;26.9
Österreich;2024-05-14;27.23
Österreich;2024-05-15;27.55
Österreich;2024-05-16;27.84
Österreich;2024-05-17;28.12
Österreich;2024-05-18;28.44
Österreich;2024-05-19;28.76
Österreich;2024-05-20;29.16
Österreich;2024-05-21;29.6
Österreich;2024-05-22;30.15
Österreich;2024-05-23;30.82
Österreich;2024-05-24;31.52
Österreich;2024-05-25;32.28
Österreich;2024-05-26;33.08
Österreich;2024-05-27;33.91
Österreich;2024-05-28;34.82
Österreich;2024-05-29;35.79
Österreich;2024-05-30;36.79
Österreich;2024-05-31;37.89
Österreich;2024-06-01;39.02
Österreich;2024-06-02;40.19
Österreich;2024-06-03;41.51
Österreich;2024-06-04;42.95
Österreich;2024-06-05;44.6
Österreich;2024-06-06;46.37
Österreich;2024-06-07;48.27
Österreich;2024-06-08;50.27
Österreich;2024-06-09;52.27
Österreich;2024-06-10;54.28
Österreich;2024-06-11;56.27
Österreich;2024-06-12;58.33
Österreich;2024-06-13;60.43
Österreich;2024-06-14;62.6
Österreich;2024-06-15;64.83
Österreich;2024-06-16;67.22
Österreich;2024-06-17;69.72
Österreich;2024-06-18;72.32
Österreich;2024-06-19;74.96
Österreich;2024-06-20;77.63
Österreich;2024-06-21;80.25
Österreich;2024-06-22;82.82
Österreich;2024-06-23;85.32
Österreich;2024-06-24;87.71
Österreich;2024-06-25;89.95
Österreich;2024-06-26;91.99
Österreich;2024-06-27;93.89
Österreich;2024-06-28;95.77
Österreich;2024-06-29;97.6
Österreich;2024-06-30;99.52
Österreich;2024-07-01;101.42
Österreich;2024-07-02;103.37
Österreich;2024-07-03;105.29
Österreich;2024-07-04;107.05
Österreich;2024-07-05;108.63
Österreich;2024-07-06;109.99
Österreich;2024-07-07;111.06
Österreich;2024-07-08;111.81
Österreich;2024-07-09;112.3
Österreich;2024-07-10;112.59
Österreich;2024-07-11;112.67
Österreich;2024-07-12;112.62
Österreich;2024-07-13;112.4
Österreich;2024-07-14;111.97
Österreich;2024-07-15;111.37
Österreich;2024-07-16;110.43
Österreich;2024-07-17;109.3
Österreich;2024-07-18;107.91
Österreich;2024-07-19;106.43
Österreich;2024-07-20;104.99
Österreich;2024-07-21;103.66
Österreich;2024-07-22;102.6
Österreich;2024-07-23;101.88
Österreich;2024-07-24;101.5
Österreich;2024-07-25;101.44
Österreich;2024-07-26;101.6
Österreich;2024-07-27;101.85
Österreich;2024-07-28;102.2
Österreich;2024-07-29;102.71
Österreich;2024-07-30;103.54
Österreich;2024-07-31;104.73
Österreich;2024-08-01;106.35
Österreich;2024-08-02;108.17
Österreich;2024-08-03;110.1
Österreich;2024-08-04;111.86
Österreich;2024-08-05;113.45
Österreich;2024-08-06;114.76
Österreich;2024-08-07;115.89
Österreich;2024-08-08;116.8
Österreich;2024-08-09;117.76
Österreich;2024-08-10;118.78
Österreich;2024-08-11;120.05
Österreich;2024-08-12;121.59
Österreich;2024-08-13;123.45
Österreich;2024-08-14;125.53
Österreich;2024-08-15;127.8
Österreich;2024-08-16;130.28
Österreich;2024-08-17;132.96
Österreich;2024-08-18;135.8
Österreich;2024-08-19;138.74
Österreich;2024-08-20;141.68
Österreich;2024-08-21;144.46
Österreich;2024-08-22;147.02
Österreich;2024-08-23;149.36
Österreich;2024-08-24;151.37
Österreich;2024-08-25;153.06
Österreich;2024-08-26;154.39
Österreich;2024-08-27;155.38
Österreich;2024-08-28;156.16
Österreich;2024-08-29;156.81
Österreich;2024-08-30;157.38
Österreich;2024-08-31;158.02
Österreich;2024-09-01;158.83
Österreich;2024-09-02;159.8
Österreich;2024-09-03;161.01
Österreich;2024-09-04;162.45
Österreich;2024-09-05;164.16
Österreich;2024-09-06;166.24
Österreich;2024-09-07;168.76
Österreich;2024-09-08;171.83
Österreich;2024-09-09;175.61
Österreich;2024-09-10;180.13
Österreich;2024-09-11;185.38
Österreich;2024-09-12;191.3
Österreich;2024-09-13;197.97
Österreich;2024-09-14;205.44
Österreich;2024-09-15;213.87
Österreich;2024-09-16;223.22
Österreich;2024-09-17;233.28
Österreich;2024-09-18;243.81
Österreich;2024-09-19;254.34
Österreich;2024-09-20;264.58
Österreich;2024-09-21;274.15
Österreich;2024-09-22;282.63
Österreich;2024-09-23;289.74
Österreich;2024-09-24;295.42
Österreich;2024-09-25;299.7
Österreich;2024-09-26;302.79
Österreich;2024-09-27;304.95
Österreich;2024-09-28;306.48
Österreich;2024-09-29;307.43
Österreich;2024-09-30;307.9
Österreich;2024-10-01;307.91
Österreich;2024-10-02;307.38
Österreich;2024-10-03;306.31
Österreich;2024-10-04;304.68
Österreich;2024-10-05;302.35
Österreich;2024-10-06;299.28
Österreich;2024-10-07;295.41
Österreich;2024-10-08;290.98
Österreich;2024-10-09;286.2
Österreich;2024-10-10;281.15
Österreich;2024-10-11;275.9
Österreich;2024-10-12;270.34
Österreich;2024-10-13;264.51
Österreich;2024-10-14;258.43
Österreich;2024-10-15;252.25
Österreich;2024-10-16;246.19
Österreich;2024-10-17;240.19
Österreich;2024-10-18;234.15
Österreich;2024-10-19;228.0
Österreich;2024-10-20;221.58
Österreich;2024-10-21;214.89
Österreich;2024-10-22;208.08
Österreich;2024-10-23;201.38
Österreich;2024-10-24;194.79
Österreich;2024-10-25;188.4
Österreich;2024-10-26;182.12
Österreich;2024-10-27;176.0
Österreich;2024-10-28;170.08
Österreich;2024-10-29;164.31
Österreich;2024-10-30;158.8
Österreich;2024-10-31;153.44
Österreich;2024-11-01;148.17
Österreich;2024-11-02;143.02
Österreich;2024-11-03;137.86
Österreich;2024-11-04;132.84
Österreich;2024-11-05;128.01
Österreich;2024-11-06;123.44
Österreich;2024-11-07;119.23
Österreich;2024-11-08;115.34
Österreich;2024-11-09;111.75
Österreich;2024-11-10;108.48
Österreich;2024-11-11;105.54
Österreich;2024-11-12;102.97
Österreich;2024-11-13;100.81
Österreich;2024-11-14;98.96
Österreich;2024-11-15;97.46
Österreich;2024-11-16;96.2
Österreich;2024-11-17;95.25
Österreich;2024-11-18;94.57
Österreich;2024-11-19;94.19
Österreich;2024-11-20;94.08
Österreich;2024-11-21;94.23
Österreich;2024-11-22;94.6
Österreich;2024-11-23;95.14
Österreich;2024-11-24;95.82
Österreich;2024-11-25;96.69
Österreich;2024-11-26;97.75
Österreich;2024-11-27;99.07
Österreich;2024-11-28;100.54
Österreich;2024-11-29;102.15
Österreich;2024-11-30;103.77
Österreich;2024-12-01;105.33
Österreich;2024-12-02;106.83
Österreich;2024-12-03;108.24
Österreich;2024-12-04;109.64
Österreich;2024-12-05;110.97
Österreich;2024-12-06;112.23
Österreich;2024-12-07;113.35
Österreich;2024-12-08;114.41
Österreich;2024-12-09;115.35
Österreich;2024-12-10;116.22
Österreich;2024-12-11;117.08
Österreich;2024-12-12;117.94
Österreich;2024-12-13;118.68
Österreich;2024-12-14;119.3
Österreich;2024-12-15;119.64
Österreich;2024-12-16;119.59
Österreich;2024-12-17;119.05
Österreich;2024-12-18;117.95
Österreich;2024-12-19;116.42
Österreich;2024-12-20;114.56
Österreich;2024-12-21;112.53
Österreich;2024-12-22;110.39
Österreich;2024-12-23;108.3
Österreich;2024-12-24;106.19
Österreich;2024-12-25;104.1
Österreich;2024-12-26;101.97
Österreich;2024-12-27;99.77
Österreich;2024-12-28;97.45
Österreich;2024-12-29;94.99
Österreich;2024-12-30;92.37
Österreich;2024-12-31;89.61
Österreich;2025-01-01;86.69
Österreich;2025-01-02;83.75
Österreich;2025-01-03;80.69
Österreich;2025-01-04;77.65
Österreich;2025-01-05;74.61
Österreich;2025-01-06;71.65
Österreich;2025-01-07;68.77
Österreich;2025-01-08;66.02
Österreich;2025-01-09;63.37
Österreich;2025-01-10;60.84
Österreich;2025-01-11;58.42
Österreich;2025-01-12;56.2
Österreich;2025-01-13;54.09
Österreich;2025-01-14;52.19
Österreich;2025-01-15;50.43
Österreich;2025-01-16;48.85
Österreich;2025-01-17;47.41
Österreich;2025-01-18;46.04
Österreich;2025-01-19;44.72
Österreich;2025-01-20;43.5
Österreich;2025-01-21;42.38
Österreich;2025-01-22;41.31
Österreich;2025-01-23;40.39
Österreich;2025-01-24;39.51
Österreich;2025-01-25;38.74
Österreich;2025-01-26;37.97
Österreich;2025-01-27;37.28
Österreich;2025-01-28;36.59
Österreich;2025-01-29;35.94
Österreich;2025-01-30;35.24
Österreich;2025-01-31;34.6
Österreich;2025-02-01;33.92
Österreich;2025-02-02;33.3
Österreich;2025-02-03;32.65
Österreich;2025-02-04;32.02
Österreich;2025-02-05;31.42
Österreich;2025-02-06;30.85
Österreich;2025-02-07;30.26
Österreich;2025-02-08;29.7
Österreich;2025-02-09;29.14
Österreich;2025-02-10;28.58
Österreich;2025-02-11;28.0
Österreich;2025-02-12;27.46
Österreich;2025-02-13;26.92
Österreich;2025-02-14;26.36
Österreich;2025-02-15;25.8
Österreich;2025-02-16;25.25
Österreich;2025-02-17;24.75
Österreich;2025-02-18;24.2
Österreich;2025-02-19;23.63
Österreich;2025-02-20;23.1
Österreich;2025-02-21;22.49
Österreich;2025-02-22;21.9
Österreich;2025-02-23;21.33
Österreich;2025-02-24;20.81
Österreich;2025-02-25;20.3
Österreich;2025-02-26;19.86
Österreich;2025-02-27;19.5
Österreich;2025-02-28;19.17
Österreich;2025-03-01;18.93
Österreich;2025-03-02;18.68
Österreich;2025-03-03;18.46
Österreich;2025-03-04;18.28
Österreich;2025-03-05;18.1
Österreich;2025-03-06;17.94
Österreich;2025-03-07;17.76
Österreich;2025-03-08;17.59
Österreich;2025-03-09;17.34
Österreich;2025-03-10;17.09
Österreich;2025-03-11;16.81
Österreich;2025-03-12;16.53
Österreich;2025-03-13;16.27
Österreich;2025-03-14;16.0
Österreich;2025-03-15;15.72
Österreich;2025-03-16;15.45
Österreich;2025-03-17;15.18
Österreich;2025-03-18;14.9
Österreich;2025-03-19;14.61
Österreich;2025-03-20;14.37
Österreich;2025-03-21;14.11
Österreich;2025-03-22;13.84
Österreich;2025-03-23;13.59
Österreich;2025-03-24;13.37
Österreich;2025-03-25;13.15
Österreich;2025-03-26;12.97
Österreich;2025-03-27;12.82
Österreich;2025-03-28;12.69
Österreich;2025-03-29;12.66
Österreich;2025-03-30;12.67
Österreich;2025-03-31;12.73
Österreich;2025-04-01;12.89
Österreich;2025-04-02;13.13
Österreich;2025-04-03;13.4
Österreich;2025-04-04;13.75
Österreich;2025-04-05;14.07
Österreich;2025-04-06;14.43
Österreich;2025-04-07;14.78
Österreich;2025-04-08;15.14
Österreich;2025-04-09;15.45
Österreich;2025-04-10;15.79
Österreich;2025-04-11;16.04
Österreich;2025-04-12;16.26
Österreich;2025-04-13;16.36
Österreich;2025-04-14;16.42
Österreich;2025-04-15;16.35
Österreich;2025-04-16;16.29
Österreich;2025-04-17;16.16
Österreich;2025-04-18;16.04
Österreich;2025-04-19;15.9
Österreich;2025-04-20;15.75
Österreich;2025-04-21;15.61
Österreich;2025-04-22;15.5
Österreich;2025-04-23;15.39
Österreich;2025-04-24;15.35
Österreich;2025-04-25;15.3
Österreich;2025-04-26;15.26
Österreich;2025-04-27;15.24
Österreich;2025-04-28;15.25
Österreich;2025-04-29;15.24
Österreich;2025-04-30;15.28
Österreich;2025-05-01;15.38
Österreich;2025-05-02;15.58
Österreich;2025-05-03;15.79
Österreich;2025-05-04;16.13
Österreich;2025-05-05;16.6
Österreich;2025-05-06;17.16
Österreich;2025-05-07;17.91
Österreich;2025-05-08;18.73
Österreich;2025-05-09;19.68
Österreich;2025-05-10;20.67
Österreich;2025-05-11;21.69
Österreich;2025-05-12;22.73
Österreich;2025-05-13;23.86
Österreich;2025-05-14;25.02
Österreich;2025-05-15;26.25
Österreich;2025-05-16;27.54
Österreich;2025-05-17;28.88
Österreich;2025-05-18;30.23
Österreich;2025-05-19;31.66
Österreich;2025-05-20;33.06
Österreich;2025-05-21;34.46
Österreich;2025-05-22;35.79
Österreich;2025-05-23;37.11
Österreich;2025-05-24;38.34
Österreich;2025-05-25;39.55
Österreich;2025-05-26;40.7
Österreich;2025-05-27;41.8
Österreich;2025-05-28;42.83
Österreich;2025-05-29;43.82
Österreich;2025-05-30;44.72
Österreich;2025-05-31;45.52
Österreich;2025-06-01;46.19
Österreich;2025-06-02;46.77
Österreich;2025-06-03;47.2
Österreich;2025-06-04;47.56
Österreich;2025-06-05;47.87
Österreich;2025-06-06;48.11
Österreich;2025-06-07;48.32
Österreich;2025-06-08;48.51
Österreich;2025-06-09;48.65
Österreich;2025-06-10;48.73
Österreich;2025-06-11;48.77
Österreich;2025-06-12;48.77
Österreich;2025-06-13;48.74
Österreich;2025-06-14;48.61
Österreich;2025-06-15;48.38
Österreich;2025-06-16;48.07
Österreich;2025-06-17;47.7
Österreich;2025-06-18;47.27
Österreich;2025-06-19;46.81
Österreich;2025-06-20;46.31
Österreich;2025-06-21;45.77
Österreich;2025-06-22;45.25
Österreich;2025-06-23;44.69
Österreich;2025-06-24;44.18
Österreich;2025-06-25;43.73
Österreich;2025-06-26;42.97
Österreich;2025-06-27;42.76
Österreich;2025-06-28;42.63
Österreich;2025-06-29;42.63
Österreich;2025-06-30;42.82
Österreich;2025-07-01;43.09
Österreich;2025-07-02;43.54
Österreich;2025-07-03;44.1
Österreich;2025-07-04;44.75
Österreich;2025-07-05;45.57
Österreich;2025-07-06;46.46
Österreich;2025-07-07;47.53
Österreich;2025-07-08;48.77
Österreich;2025-07-09;50.08
Österreich;2025-07-10;51.52
Österreich;2025-07-11;52.95
Österreich;2025-07-12;54.38
Österreich;2025-07-13;55.67
Österreich;2025-07-14;56.88
Österreich;2025-07-15;57.97
Österreich;2025-07-16;58.98
Österreich;2025-07-17;59.94
Österreich;2025-07-18;60.93
Österreich;2025-07-19;61.95
Österreich;2025-07-20;63.77
Österreich;2025-07-21;64.91
Österreich;2025-07-22;66.24
Österreich;2025-07-23;67.85
Österreich;2025-07-24;69.63
Österreich;2025-07-25;71.6
Österreich;2025-07-26;73.77
Österreich;2025-07-27;76.09
Österreich;2025-07-28;78.59
Österreich;2025-07-29;81.42
Österreich;2025-07-30;84.52
Österreich;2025-07-31;87.85
Österreich;2025-08-01;91.44
Österreich;2025-08-02;95.09
Österreich;2025-08-03;98.79
Österreich;2025-08-04;102.48
Österreich;2025-08-05;106.04
Österreich;2025-08-06;109.4
Österreich;2025-08-07;112.51
Österreich;2025-08-08;115.28
Österreich;2025-08-09;117.72
Österreich;2025-08-10;119.68
