Variante;Datum;Anteil [%];Gruppenzuordnung
XFG.4;2022-09-21;0.0;BA.2.86.x
XFG.4;2022-09-28;0.0;BA.2.86.x
XFG.4;2022-10-05;0.0;BA.2.86.x
XFG.4;2022-10-12;0.0;BA.2.86.x
XFG.4;2022-10-19;0.0;BA.2.86.x
XFG.4;2022-10-26;0.0;BA.2.86.x
XFG.4;2022-11-02;0.0;BA.2.86.x
XFG.4;2022-11-09;0.0;BA.2.86.x
XFG.4;2022-11-16;0.0;BA.2.86.x
XFG.4;2022-11-23;0.0;BA.2.86.x
XFG.4;2022-11-30;0.0;BA.2.86.x
XFG.4;2022-12-07;0.0;BA.2.86.x
XFG.4;2022-12-14;0.0;BA.2.86.x
XFG.4;2022-12-21;0.0;BA.2.86.x
XFG.4;2022-12-28;0.0;BA.2.86.x
XFG.4;2023-01-04;0.0;BA.2.86.x
XFG.4;2023-01-11;0.0;BA.2.86.x
XFG.4;2023-01-18;0.0;BA.2.86.x
XFG.4;2023-01-25;0.0;BA.2.86.x
XFG.4;2023-02-01;0.0;BA.2.86.x
XFG.4;2023-02-08;0.0;BA.2.86.x
XFG.4;2023-02-15;0.0;BA.2.86.x
XFG.4;2023-02-22;0.0;BA.2.86.x
XFG.4;2023-03-01;0.0;BA.2.86.x
XFG.4;2023-03-08;0.0;BA.2.86.x
XFG.4;2023-03-15;0.0;BA.2.86.x
XFG.4;2023-03-22;0.0;BA.2.86.x
XFG.4;2023-03-29;0.0;BA.2.86.x
XFG.4;2023-04-05;0.0;BA.2.86.x
XFG.4;2023-04-12;0.0;BA.2.86.x
XFG.4;2023-04-19;0.0;BA.2.86.x
XFG.4;2023-04-26;0.0;BA.2.86.x
XFG.4;2023-05-03;0.0;BA.2.86.x
XFG.4;2023-05-10;0.0;BA.2.86.x
XFG.4;2023-05-17;0.0;BA.2.86.x
XFG.4;2023-05-24;0.0;BA.2.86.x
XFG.4;2023-05-31;0.0;BA.2.86.x
XFG.4;2023-06-07;0.0;BA.2.86.x
XFG.4;2023-06-14;0.0;BA.2.86.x
XFG.4;2023-06-21;0.0;BA.2.86.x
XFG.4;2023-06-28;0.0;BA.2.86.x
XFG.4;2023-07-05;0.0;BA.2.86.x
XFG.4;2023-07-12;0.0;BA.2.86.x
XFG.4;2023-07-19;0.0;BA.2.86.x
XFG.4;2023-07-26;0.0;BA.2.86.x
XFG.4;2023-08-02;0.0;BA.2.86.x
XFG.4;2023-08-09;0.0;BA.2.86.x
XFG.4;2023-08-16;0.0;BA.2.86.x
XFG.4;2023-08-23;0.0;BA.2.86.x
XFG.4;2023-08-30;0.0;BA.2.86.x
XFG.4;2023-09-06;0.0;BA.2.86.x
XFG.4;2023-09-13;0.0;BA.2.86.x
XFG.4;2023-09-20;0.0;BA.2.86.x
XFG.4;2023-09-27;0.0;BA.2.86.x
XFG.4;2023-10-04;0.0;BA.2.86.x
XFG.4;2023-10-11;0.0;BA.2.86.x
XFG.4;2023-10-18;0.0;BA.2.86.x
XFG.4;2023-10-25;0.0;BA.2.86.x
XFG.4;2023-11-01;0.0;BA.2.86.x
XFG.4;2023-11-08;0.0;BA.2.86.x
XFG.4;2023-11-15;0.0;BA.2.86.x
XFG.4;2023-11-22;0.0;BA.2.86.x
XFG.4;2023-11-29;0.0;BA.2.86.x
XFG.4;2023-12-06;0.0;BA.2.86.x
XFG.4;2023-12-13;0.0;BA.2.86.x
XFG.4;2023-12-20;0.0;BA.2.86.x
XFG.4;2023-12-27;0.0;BA.2.86.x
XFG.4;2024-01-03;0.0;BA.2.86.x
XFG.4;2024-01-10;0.0;BA.2.86.x
XFG.4;2024-01-17;0.0;BA.2.86.x
XFG.4;2024-01-24;0.0;BA.2.86.x
XFG.4;2024-01-31;0.0;BA.2.86.x
XFG.4;2024-02-07;0.0;BA.2.86.x
XFG.4;2024-02-14;0.0;BA.2.86.x
XFG.4;2024-02-21;0.0;BA.2.86.x
XFG.4;2024-02-28;0.0;BA.2.86.x
XFG.4;2024-03-06;0.0;BA.2.86.x
XFG.4;2024-03-13;0.0;BA.2.86.x
XFG.4;2024-03-20;0.0;BA.2.86.x
XFG.4;2024-03-27;0.0;BA.2.86.x
XFG.4;2024-04-03;0.0;BA.2.86.x
XFG.4;2024-04-10;0.0;BA.2.86.x
XFG.4;2024-04-17;0.0;BA.2.86.x
XFG.4;2024-04-24;0.0;BA.2.86.x
XFG.4;2024-05-01;0.0;BA.2.86.x
XFG.4;2024-05-08;0.0;BA.2.86.x
XFG.4;2024-05-15;0.0;BA.2.86.x
XFG.4;2024-05-22;0.0;BA.2.86.x
XFG.4;2024-05-29;0.0;BA.2.86.x
XFG.4;2024-06-05;0.0;BA.2.86.x
XFG.4;2024-06-12;0.0;BA.2.86.x
XFG.4;2024-06-19;0.0;BA.2.86.x
XFG.4;2024-06-26;0.0;BA.2.86.x
XFG.4;2024-07-03;0.0;BA.2.86.x
XFG.4;2024-07-10;0.0;BA.2.86.x
XFG.4;2024-07-17;0.0;BA.2.86.x
XFG.4;2024-07-24;0.0;BA.2.86.x
XFG.4;2024-07-31;0.0;BA.2.86.x
XFG.4;2024-08-07;0.0;BA.2.86.x
XFG.4;2024-08-14;0.0;BA.2.86.x
XFG.4;2024-08-21;0.0;BA.2.86.x
XFG.4;2024-08-28;0.0;BA.2.86.x
XFG.4;2024-09-04;0.0;BA.2.86.x
XFG.4;2024-09-11;0.0;BA.2.86.x
XFG.4;2024-09-18;0.002;BA.2.86.x
XFG.4;2024-09-25;0.0;BA.2.86.x
XFG.4;2024-10-02;0.007;BA.2.86.x
XFG.4;2024-10-09;0.003;BA.2.86.x
XFG.4;2024-10-16;0.006;BA.2.86.x
XFG.4;2024-10-23;0.003;BA.2.86.x
XFG.4;2024-10-30;0.01;BA.2.86.x
XFG.4;2024-11-06;0.005;BA.2.86.x
XFG.4;2024-11-13;0.005;BA.2.86.x
XFG.4;2024-11-20;0.007;BA.2.86.x
XFG.4;2024-11-27;0.009;BA.2.86.x
XFG.4;2024-12-04;0.008;BA.2.86.x
XFG.4;2024-12-11;0.001;BA.2.86.x
XFG.4;2024-12-18;0.001;BA.2.86.x
XFG.4;2024-12-25;0.001;BA.2.86.x
XFG.4;2025-01-01;0.003;BA.2.86.x
XFG.4;2025-01-08;0.0;BA.2.86.x
XFG.4;2025-01-15;0.004;BA.2.86.x
XFG.4;2025-01-22;0.005;BA.2.86.x
XFG.4;2025-01-29;0.002;BA.2.86.x
XFG.4;2025-02-05;0.0;BA.2.86.x
XFG.4;2025-02-12;0.0;BA.2.86.x
XFG.4;2025-02-19;0.0;BA.2.86.x
XFG.4;2025-02-26;0.0;BA.2.86.x
XFG.4;2025-03-05;0.0;BA.2.86.x
XFG.4;2025-03-12;0.0;BA.2.86.x
XFG.4;2025-03-19;0.0;BA.2.86.x
XFG.4;2025-03-26;0.0;BA.2.86.x
XFG.4;2025-04-02;0.0;BA.2.86.x
XFG.4;2025-04-09;0.0;BA.2.86.x
XFG.4;2025-04-16;0.002;BA.2.86.x
XFG.4;2025-04-23;0.0;BA.2.86.x
XFG.4;2025-04-30;0.0;BA.2.86.x
XFG.4;2025-05-07;0.19;BA.2.86.x
XFG.4;2025-05-14;0.068;BA.2.86.x
XFG.4;2025-05-21;0.092;BA.2.86.x
XFG.4;2025-05-28;0.036;BA.2.86.x
XFG.4;2025-06-04;0.048;BA.2.86.x
XFG.4;2025-06-11;0.16;BA.2.86.x
XFG.4;2025-06-18;0.126;BA.2.86.x
XFG.4;2025-06-25;0.068;BA.2.86.x
XFG.4;2025-07-02;0.075;BA.2.86.x
XFG.4;2025-07-09;0.093;BA.2.86.x
XFG.3.1;2022-09-21;0.0;BA.2.86.x
XFG.3.1;2022-09-28;0.0;BA.2.86.x
XFG.3.1;2022-10-05;0.0;BA.2.86.x
XFG.3.1;2022-10-12;0.0;BA.2.86.x
XFG.3.1;2022-10-19;0.0;BA.2.86.x
XFG.3.1;2022-10-26;0.0;BA.2.86.x
XFG.3.1;2022-11-02;0.0;BA.2.86.x
XFG.3.1;2022-11-09;0.0;BA.2.86.x
XFG.3.1;2022-11-16;0.0;BA.2.86.x
XFG.3.1;2022-11-23;0.0;BA.2.86.x
XFG.3.1;2022-11-30;0.0;BA.2.86.x
XFG.3.1;2022-12-07;0.0;BA.2.86.x
XFG.3.1;2022-12-14;0.0;BA.2.86.x
XFG.3.1;2022-12-21;0.0;BA.2.86.x
XFG.3.1;2022-12-28;0.0;BA.2.86.x
XFG.3.1;2023-01-04;0.0;BA.2.86.x
XFG.3.1;2023-01-11;0.0;BA.2.86.x
XFG.3.1;2023-01-18;0.0;BA.2.86.x
XFG.3.1;2023-01-25;0.0;BA.2.86.x
XFG.3.1;2023-02-01;0.0;BA.2.86.x
XFG.3.1;2023-02-08;0.0;BA.2.86.x
XFG.3.1;2023-02-15;0.0;BA.2.86.x
XFG.3.1;2023-02-22;0.0;BA.2.86.x
XFG.3.1;2023-03-01;0.0;BA.2.86.x
XFG.3.1;2023-03-08;0.0;BA.2.86.x
XFG.3.1;2023-03-15;0.0;BA.2.86.x
XFG.3.1;2023-03-22;0.0;BA.2.86.x
XFG.3.1;2023-03-29;0.0;BA.2.86.x
XFG.3.1;2023-04-05;0.0;BA.2.86.x
XFG.3.1;2023-04-12;0.0;BA.2.86.x
XFG.3.1;2023-04-19;0.0;BA.2.86.x
XFG.3.1;2023-04-26;0.0;BA.2.86.x
XFG.3.1;2023-05-03;0.0;BA.2.86.x
XFG.3.1;2023-05-10;0.0;BA.2.86.x
XFG.3.1;2023-05-17;0.0;BA.2.86.x
XFG.3.1;2023-05-24;0.0;BA.2.86.x
XFG.3.1;2023-05-31;0.0;BA.2.86.x
XFG.3.1;2023-06-07;0.0;BA.2.86.x
XFG.3.1;2023-06-14;0.0;BA.2.86.x
XFG.3.1;2023-06-21;0.0;BA.2.86.x
XFG.3.1;2023-06-28;0.0;BA.2.86.x
XFG.3.1;2023-07-05;0.0;BA.2.86.x
XFG.3.1;2023-07-12;0.0;BA.2.86.x
XFG.3.1;2023-07-19;0.0;BA.2.86.x
XFG.3.1;2023-07-26;0.0;BA.2.86.x
XFG.3.1;2023-08-02;0.0;BA.2.86.x
XFG.3.1;2023-08-09;0.0;BA.2.86.x
XFG.3.1;2023-08-16;0.0;BA.2.86.x
XFG.3.1;2023-08-23;0.0;BA.2.86.x
XFG.3.1;2023-08-30;0.0;BA.2.86.x
XFG.3.1;2023-09-06;0.0;BA.2.86.x
XFG.3.1;2023-09-13;0.0;BA.2.86.x
XFG.3.1;2023-09-20;0.0;BA.2.86.x
XFG.3.1;2023-09-27;0.0;BA.2.86.x
XFG.3.1;2023-10-04;0.0;BA.2.86.x
XFG.3.1;2023-10-11;0.0;BA.2.86.x
XFG.3.1;2023-10-18;0.0;BA.2.86.x
XFG.3.1;2023-10-25;0.0;BA.2.86.x
XFG.3.1;2023-11-01;0.0;BA.2.86.x
XFG.3.1;2023-11-08;0.0;BA.2.86.x
XFG.3.1;2023-11-15;0.0;BA.2.86.x
XFG.3.1;2023-11-22;0.0;BA.2.86.x
XFG.3.1;2023-11-29;0.0;BA.2.86.x
XFG.3.1;2023-12-06;0.0;BA.2.86.x
XFG.3.1;2023-12-13;0.0;BA.2.86.x
XFG.3.1;2023-12-20;0.0;BA.2.86.x
XFG.3.1;2023-12-27;0.0;BA.2.86.x
XFG.3.1;2024-01-03;0.0;BA.2.86.x
XFG.3.1;2024-01-10;0.0;BA.2.86.x
XFG.3.1;2024-01-17;0.0;BA.2.86.x
XFG.3.1;2024-01-24;0.0;BA.2.86.x
XFG.3.1;2024-01-31;0.0;BA.2.86.x
XFG.3.1;2024-02-07;0.0;BA.2.86.x
XFG.3.1;2024-02-14;0.0;BA.2.86.x
XFG.3.1;2024-02-21;0.0;BA.2.86.x
XFG.3.1;2024-02-28;0.0;BA.2.86.x
XFG.3.1;2024-03-06;0.0;BA.2.86.x
XFG.3.1;2024-03-13;0.0;BA.2.86.x
XFG.3.1;2024-03-20;0.0;BA.2.86.x
XFG.3.1;2024-03-27;0.0;BA.2.86.x
XFG.3.1;2024-04-03;0.0;BA.2.86.x
XFG.3.1;2024-04-10;0.0;BA.2.86.x
XFG.3.1;2024-04-17;0.0;BA.2.86.x
XFG.3.1;2024-04-24;0.0;BA.2.86.x
XFG.3.1;2024-05-01;0.0;BA.2.86.x
XFG.3.1;2024-05-08;0.0;BA.2.86.x
XFG.3.1;2024-05-15;0.0;BA.2.86.x
XFG.3.1;2024-05-22;0.0;BA.2.86.x
XFG.3.1;2024-05-29;0.0;BA.2.86.x
XFG.3.1;2024-06-05;0.0;BA.2.86.x
XFG.3.1;2024-06-12;0.0;BA.2.86.x
XFG.3.1;2024-06-19;0.0;BA.2.86.x
XFG.3.1;2024-06-26;0.0;BA.2.86.x
XFG.3.1;2024-07-03;0.0;BA.2.86.x
XFG.3.1;2024-07-10;0.0;BA.2.86.x
XFG.3.1;2024-07-17;0.0;BA.2.86.x
XFG.3.1;2024-07-24;0.0;BA.2.86.x
XFG.3.1;2024-07-31;0.0;BA.2.86.x
XFG.3.1;2024-08-07;0.0;BA.2.86.x
XFG.3.1;2024-08-14;0.0;BA.2.86.x
XFG.3.1;2024-08-21;0.0;BA.2.86.x
XFG.3.1;2024-08-28;0.0;BA.2.86.x
XFG.3.1;2024-09-04;0.0;BA.2.86.x
XFG.3.1;2024-09-11;0.0;BA.2.86.x
XFG.3.1;2024-09-18;0.0;BA.2.86.x
XFG.3.1;2024-09-25;0.0;BA.2.86.x
XFG.3.1;2024-10-02;0.0;BA.2.86.x
XFG.3.1;2024-10-09;0.0;BA.2.86.x
XFG.3.1;2024-10-16;0.0;BA.2.86.x
XFG.3.1;2024-10-23;0.0;BA.2.86.x
XFG.3.1;2024-10-30;0.0;BA.2.86.x
XFG.3.1;2024-11-06;0.0;BA.2.86.x
XFG.3.1;2024-11-13;0.0;BA.2.86.x
XFG.3.1;2024-11-20;0.0;BA.2.86.x
XFG.3.1;2024-11-27;0.0;BA.2.86.x
XFG.3.1;2024-12-04;0.0;BA.2.86.x
XFG.3.1;2024-12-11;0.0;BA.2.86.x
XFG.3.1;2024-12-18;0.0;BA.2.86.x
XFG.3.1;2024-12-25;0.0;BA.2.86.x
XFG.3.1;2025-01-01;0.0;BA.2.86.x
XFG.3.1;2025-01-08;0.0;BA.2.86.x
XFG.3.1;2025-01-15;0.0;BA.2.86.x
XFG.3.1;2025-01-22;0.0;BA.2.86.x
XFG.3.1;2025-01-29;0.0;BA.2.86.x
XFG.3.1;2025-02-05;0.0;BA.2.86.x
XFG.3.1;2025-02-12;0.0;BA.2.86.x
XFG.3.1;2025-02-19;0.0;BA.2.86.x
XFG.3.1;2025-02-26;0.0;BA.2.86.x
XFG.3.1;2025-03-05;0.0;BA.2.86.x
XFG.3.1;2025-03-12;0.0;BA.2.86.x
XFG.3.1;2025-03-19;0.0;BA.2.86.x
XFG.3.1;2025-03-26;0.0;BA.2.86.x
XFG.3.1;2025-04-02;0.0;BA.2.86.x
XFG.3.1;2025-04-09;0.0;BA.2.86.x
XFG.3.1;2025-04-16;0.0;BA.2.86.x
XFG.3.1;2025-04-23;0.0;BA.2.86.x
XFG.3.1;2025-04-30;0.0;BA.2.86.x
XFG.3.1;2025-05-07;0.001;BA.2.86.x
XFG.3.1;2025-05-14;0.001;BA.2.86.x
XFG.3.1;2025-05-21;0.002;BA.2.86.x
XFG.3.1;2025-05-28;0.001;BA.2.86.x
XFG.3.1;2025-06-04;0.006;BA.2.86.x
XFG.3.1;2025-06-11;0.006;BA.2.86.x
XFG.3.1;2025-06-18;0.027;BA.2.86.x
XFG.3.1;2025-06-25;0.0;BA.2.86.x
XFG.3.1;2025-07-02;0.0;BA.2.86.x
XFG.3.1;2025-07-09;0.0;BA.2.86.x
XFG.3;2022-09-21;0.0;BA.2.86.x
XFG.3;2022-09-28;0.0;BA.2.86.x
XFG.3;2022-10-05;0.0;BA.2.86.x
XFG.3;2022-10-12;0.0;BA.2.86.x
XFG.3;2022-10-19;0.0;BA.2.86.x
XFG.3;2022-10-26;0.0;BA.2.86.x
XFG.3;2022-11-02;0.0;BA.2.86.x
XFG.3;2022-11-09;0.0;BA.2.86.x
XFG.3;2022-11-16;0.0;BA.2.86.x
XFG.3;2022-11-23;0.0;BA.2.86.x
XFG.3;2022-11-30;0.0;BA.2.86.x
XFG.3;2022-12-07;0.0;BA.2.86.x
XFG.3;2022-12-14;0.0;BA.2.86.x
XFG.3;2022-12-21;0.0;BA.2.86.x
XFG.3;2022-12-28;0.0;BA.2.86.x
XFG.3;2023-01-04;0.0;BA.2.86.x
XFG.3;2023-01-11;0.0;BA.2.86.x
XFG.3;2023-01-18;0.0;BA.2.86.x
XFG.3;2023-01-25;0.0;BA.2.86.x
XFG.3;2023-02-01;0.0;BA.2.86.x
XFG.3;2023-02-08;0.0;BA.2.86.x
XFG.3;2023-02-15;0.0;BA.2.86.x
XFG.3;2023-02-22;0.0;BA.2.86.x
XFG.3;2023-03-01;0.0;BA.2.86.x
XFG.3;2023-03-08;0.0;BA.2.86.x
XFG.3;2023-03-15;0.0;BA.2.86.x
XFG.3;2023-03-22;0.0;BA.2.86.x
XFG.3;2023-03-29;0.0;BA.2.86.x
XFG.3;2023-04-05;0.0;BA.2.86.x
XFG.3;2023-04-12;0.0;BA.2.86.x
XFG.3;2023-04-19;0.0;BA.2.86.x
XFG.3;2023-04-26;0.0;BA.2.86.x
XFG.3;2023-05-03;0.0;BA.2.86.x
XFG.3;2023-05-10;0.0;BA.2.86.x
XFG.3;2023-05-17;0.0;BA.2.86.x
XFG.3;2023-05-24;0.0;BA.2.86.x
XFG.3;2023-05-31;0.0;BA.2.86.x
XFG.3;2023-06-07;0.0;BA.2.86.x
XFG.3;2023-06-14;0.0;BA.2.86.x
XFG.3;2023-06-21;0.0;BA.2.86.x
XFG.3;2023-06-28;0.0;BA.2.86.x
XFG.3;2023-07-05;0.0;BA.2.86.x
XFG.3;2023-07-12;0.0;BA.2.86.x
XFG.3;2023-07-19;0.0;BA.2.86.x
XFG.3;2023-07-26;0.0;BA.2.86.x
XFG.3;2023-08-02;0.0;BA.2.86.x
XFG.3;2023-08-09;0.0;BA.2.86.x
XFG.3;2023-08-16;0.0;BA.2.86.x
XFG.3;2023-08-23;0.0;BA.2.86.x
XFG.3;2023-08-30;0.0;BA.2.86.x
XFG.3;2023-09-06;0.0;BA.2.86.x
XFG.3;2023-09-13;0.0;BA.2.86.x
XFG.3;2023-09-20;0.0;BA.2.86.x
XFG.3;2023-09-27;0.0;BA.2.86.x
XFG.3;2023-10-04;0.0;BA.2.86.x
XFG.3;2023-10-11;0.0;BA.2.86.x
XFG.3;2023-10-18;0.0;BA.2.86.x
XFG.3;2023-10-25;0.0;BA.2.86.x
XFG.3;2023-11-01;0.0;BA.2.86.x
XFG.3;2023-11-08;0.0;BA.2.86.x
XFG.3;2023-11-15;0.0;BA.2.86.x
XFG.3;2023-11-22;0.0;BA.2.86.x
XFG.3;2023-11-29;0.0;BA.2.86.x
XFG.3;2023-12-06;0.0;BA.2.86.x
XFG.3;2023-12-13;0.0;BA.2.86.x
XFG.3;2023-12-20;0.0;BA.2.86.x
XFG.3;2023-12-27;0.0;BA.2.86.x
XFG.3;2024-01-03;0.0;BA.2.86.x
XFG.3;2024-01-10;0.0;BA.2.86.x
XFG.3;2024-01-17;0.0;BA.2.86.x
XFG.3;2024-01-24;0.0;BA.2.86.x
XFG.3;2024-01-31;0.0;BA.2.86.x
XFG.3;2024-02-07;0.0;BA.2.86.x
XFG.3;2024-02-14;0.0;BA.2.86.x
XFG.3;2024-02-21;0.0;BA.2.86.x
XFG.3;2024-02-28;0.0;BA.2.86.x
XFG.3;2024-03-06;0.0;BA.2.86.x
XFG.3;2024-03-13;0.0;BA.2.86.x
XFG.3;2024-03-20;0.0;BA.2.86.x
XFG.3;2024-03-27;0.0;BA.2.86.x
XFG.3;2024-04-03;0.0;BA.2.86.x
XFG.3;2024-04-10;0.0;BA.2.86.x
XFG.3;2024-04-17;0.0;BA.2.86.x
XFG.3;2024-04-24;0.0;BA.2.86.x
XFG.3;2024-05-01;0.0;BA.2.86.x
XFG.3;2024-05-08;0.0;BA.2.86.x
XFG.3;2024-05-15;0.0;BA.2.86.x
XFG.3;2024-05-22;0.0;BA.2.86.x
XFG.3;2024-05-29;0.0;BA.2.86.x
XFG.3;2024-06-05;0.0;BA.2.86.x
XFG.3;2024-06-12;0.0;BA.2.86.x
XFG.3;2024-06-19;0.0;BA.2.86.x
XFG.3;2024-06-26;0.0;BA.2.86.x
XFG.3;2024-07-03;0.0;BA.2.86.x
XFG.3;2024-07-10;0.0;BA.2.86.x
XFG.3;2024-07-17;0.0;BA.2.86.x
XFG.3;2024-07-24;0.0;BA.2.86.x
XFG.3;2024-07-31;0.0;BA.2.86.x
XFG.3;2024-08-07;0.0;BA.2.86.x
XFG.3;2024-08-14;0.0;BA.2.86.x
XFG.3;2024-08-21;0.0;BA.2.86.x
XFG.3;2024-08-28;0.0;BA.2.86.x
XFG.3;2024-09-04;0.0;BA.2.86.x
XFG.3;2024-09-11;0.0;BA.2.86.x
XFG.3;2024-09-18;0.0;BA.2.86.x
XFG.3;2024-09-25;0.0;BA.2.86.x
XFG.3;2024-10-02;0.0;BA.2.86.x
XFG.3;2024-10-09;0.0;BA.2.86.x
XFG.3;2024-10-16;0.0;BA.2.86.x
XFG.3;2024-10-23;0.0;BA.2.86.x
XFG.3;2024-10-30;0.0;BA.2.86.x
XFG.3;2024-11-06;0.0;BA.2.86.x
XFG.3;2024-11-13;0.0;BA.2.86.x
XFG.3;2024-11-20;0.0;BA.2.86.x
XFG.3;2024-11-27;0.0;BA.2.86.x
XFG.3;2024-12-04;0.0;BA.2.86.x
XFG.3;2024-12-11;0.0;BA.2.86.x
XFG.3;2024-12-18;0.001;BA.2.86.x
XFG.3;2024-12-25;0.0;BA.2.86.x
XFG.3;2025-01-01;0.0;BA.2.86.x
XFG.3;2025-01-08;0.0;BA.2.86.x
XFG.3;2025-01-15;0.0;BA.2.86.x
XFG.3;2025-01-22;0.0;BA.2.86.x
XFG.3;2025-01-29;0.0;BA.2.86.x
XFG.3;2025-02-05;0.0;BA.2.86.x
XFG.3;2025-02-12;0.0;BA.2.86.x
XFG.3;2025-02-19;0.0;BA.2.86.x
XFG.3;2025-02-26;0.0;BA.2.86.x
XFG.3;2025-03-05;0.0;BA.2.86.x
XFG.3;2025-03-12;0.0;BA.2.86.x
XFG.3;2025-03-19;0.0;BA.2.86.x
XFG.3;2025-03-26;0.0;BA.2.86.x
XFG.3;2025-04-02;0.003;BA.2.86.x
XFG.3;2025-04-09;0.0;BA.2.86.x
XFG.3;2025-04-16;0.019;BA.2.86.x
XFG.3;2025-04-23;0.016;BA.2.86.x
XFG.3;2025-04-30;0.251;BA.2.86.x
XFG.3;2025-05-07;0.153;BA.2.86.x
XFG.3;2025-05-14;0.138;BA.2.86.x
XFG.3;2025-05-21;0.081;BA.2.86.x
XFG.3;2025-05-28;0.126;BA.2.86.x
XFG.3;2025-06-04;0.122;BA.2.86.x
XFG.3;2025-06-11;0.08;BA.2.86.x
XFG.3;2025-06-18;0.088;BA.2.86.x
XFG.3;2025-06-25;0.183;BA.2.86.x
XFG.3;2025-07-02;0.119;BA.2.86.x
XFG.3;2025-07-09;0.158;BA.2.86.x
XFG;2022-09-21;0.0;BA.2.86.x
XFG;2022-09-28;0.0;BA.2.86.x
XFG;2022-10-05;0.0;BA.2.86.x
XFG;2022-10-12;0.0;BA.2.86.x
XFG;2022-10-19;0.0;BA.2.86.x
XFG;2022-10-26;0.0;BA.2.86.x
XFG;2022-11-02;0.0;BA.2.86.x
XFG;2022-11-09;0.0;BA.2.86.x
XFG;2022-11-16;0.0;BA.2.86.x
XFG;2022-11-23;0.0;BA.2.86.x
XFG;2022-11-30;0.0;BA.2.86.x
XFG;2022-12-07;0.0;BA.2.86.x
XFG;2022-12-14;0.0;BA.2.86.x
XFG;2022-12-21;0.0;BA.2.86.x
XFG;2022-12-28;0.0;BA.2.86.x
XFG;2023-01-04;0.0;BA.2.86.x
XFG;2023-01-11;0.0;BA.2.86.x
XFG;2023-01-18;0.0;BA.2.86.x
XFG;2023-01-25;0.0;BA.2.86.x
XFG;2023-02-01;0.0;BA.2.86.x
XFG;2023-02-08;0.0;BA.2.86.x
XFG;2023-02-15;0.0;BA.2.86.x
XFG;2023-02-22;0.0;BA.2.86.x
XFG;2023-03-01;0.0;BA.2.86.x
XFG;2023-03-08;0.0;BA.2.86.x
XFG;2023-03-15;0.0;BA.2.86.x
XFG;2023-03-22;0.0;BA.2.86.x
XFG;2023-03-29;0.0;BA.2.86.x
XFG;2023-04-05;0.0;BA.2.86.x
XFG;2023-04-12;0.0;BA.2.86.x
XFG;2023-04-19;0.0;BA.2.86.x
XFG;2023-04-26;0.0;BA.2.86.x
XFG;2023-05-03;0.0;BA.2.86.x
XFG;2023-05-10;0.0;BA.2.86.x
XFG;2023-05-17;0.0;BA.2.86.x
XFG;2023-05-24;0.0;BA.2.86.x
XFG;2023-05-31;0.0;BA.2.86.x
XFG;2023-06-07;0.0;BA.2.86.x
XFG;2023-06-14;0.0;BA.2.86.x
XFG;2023-06-21;0.0;BA.2.86.x
XFG;2023-06-28;0.0;BA.2.86.x
XFG;2023-07-05;0.0;BA.2.86.x
XFG;2023-07-12;0.0;BA.2.86.x
XFG;2023-07-19;0.0;BA.2.86.x
XFG;2023-07-26;0.0;BA.2.86.x
XFG;2023-08-02;0.0;BA.2.86.x
XFG;2023-08-09;0.0;BA.2.86.x
XFG;2023-08-16;0.0;BA.2.86.x
XFG;2023-08-23;0.0;BA.2.86.x
XFG;2023-08-30;0.0;BA.2.86.x
XFG;2023-09-06;0.0;BA.2.86.x
XFG;2023-09-13;0.0;BA.2.86.x
XFG;2023-09-20;0.0;BA.2.86.x
XFG;2023-09-27;0.0;BA.2.86.x
XFG;2023-10-04;0.0;BA.2.86.x
XFG;2023-10-11;0.0;BA.2.86.x
XFG;2023-10-18;0.0;BA.2.86.x
XFG;2023-10-25;0.0;BA.2.86.x
XFG;2023-11-01;0.0;BA.2.86.x
XFG;2023-11-08;0.0;BA.2.86.x
XFG;2023-11-15;0.0;BA.2.86.x
XFG;2023-11-22;0.0;BA.2.86.x
XFG;2023-11-29;0.0;BA.2.86.x
XFG;2023-12-06;0.0;BA.2.86.x
XFG;2023-12-13;0.0;BA.2.86.x
XFG;2023-12-20;0.0;BA.2.86.x
XFG;2023-12-27;0.0;BA.2.86.x
XFG;2024-01-03;0.0;BA.2.86.x
XFG;2024-01-10;0.0;BA.2.86.x
XFG;2024-01-17;0.0;BA.2.86.x
XFG;2024-01-24;0.0;BA.2.86.x
XFG;2024-01-31;0.0;BA.2.86.x
XFG;2024-02-07;0.0;BA.2.86.x
XFG;2024-02-14;0.0;BA.2.86.x
XFG;2024-02-21;0.0;BA.2.86.x
XFG;2024-02-28;0.0;BA.2.86.x
XFG;2024-03-06;0.0;BA.2.86.x
XFG;2024-03-13;0.0;BA.2.86.x
XFG;2024-03-20;0.0;BA.2.86.x
XFG;2024-03-27;0.0;BA.2.86.x
XFG;2024-04-03;0.0;BA.2.86.x
XFG;2024-04-10;0.0;BA.2.86.x
XFG;2024-04-17;0.0;BA.2.86.x
XFG;2024-04-24;0.0;BA.2.86.x
XFG;2024-05-01;0.0;BA.2.86.x
XFG;2024-05-08;0.0;BA.2.86.x
XFG;2024-05-15;0.0;BA.2.86.x
XFG;2024-05-22;0.0;BA.2.86.x
XFG;2024-05-29;0.0;BA.2.86.x
XFG;2024-06-05;0.0;BA.2.86.x
XFG;2024-06-12;0.0;BA.2.86.x
XFG;2024-06-19;0.0;BA.2.86.x
XFG;2024-06-26;0.0;BA.2.86.x
XFG;2024-07-03;0.0;BA.2.86.x
XFG;2024-07-10;0.0;BA.2.86.x
XFG;2024-07-17;0.0;BA.2.86.x
XFG;2024-07-24;0.0;BA.2.86.x
XFG;2024-07-31;0.0;BA.2.86.x
XFG;2024-08-07;0.0;BA.2.86.x
XFG;2024-08-14;0.0;BA.2.86.x
XFG;2024-08-21;0.0;BA.2.86.x
XFG;2024-08-28;0.0;BA.2.86.x
XFG;2024-09-04;0.0;BA.2.86.x
XFG;2024-09-11;0.0;BA.2.86.x
XFG;2024-09-18;0.004;BA.2.86.x
XFG;2024-09-25;0.003;BA.2.86.x
XFG;2024-10-02;0.008;BA.2.86.x
XFG;2024-10-09;0.009;BA.2.86.x
XFG;2024-10-16;0.015;BA.2.86.x
XFG;2024-10-23;0.004;BA.2.86.x
XFG;2024-10-30;0.015;BA.2.86.x
XFG;2024-11-06;0.009;BA.2.86.x
XFG;2024-11-13;0.031;BA.2.86.x
XFG;2024-11-20;0.024;BA.2.86.x
XFG;2024-11-27;0.013;BA.2.86.x
XFG;2024-12-04;0.01;BA.2.86.x
XFG;2024-12-11;0.002;BA.2.86.x
XFG;2024-12-18;0.003;BA.2.86.x
XFG;2024-12-25;0.004;BA.2.86.x
XFG;2025-01-01;0.028;BA.2.86.x
XFG;2025-01-08;0.01;BA.2.86.x
XFG;2025-01-15;0.01;BA.2.86.x
XFG;2025-01-22;0.0;BA.2.86.x
XFG;2025-01-29;0.001;BA.2.86.x
XFG;2025-02-05;0.0;BA.2.86.x
XFG;2025-02-12;0.0;BA.2.86.x
XFG;2025-02-19;0.023;BA.2.86.x
XFG;2025-02-26;0.013;BA.2.86.x
XFG;2025-03-05;0.01;BA.2.86.x
XFG;2025-03-12;0.0;BA.2.86.x
XFG;2025-03-19;0.014;BA.2.86.x
XFG;2025-03-26;0.002;BA.2.86.x
XFG;2025-04-02;0.003;BA.2.86.x
XFG;2025-04-09;0.012;BA.2.86.x
XFG;2025-04-16;0.03;BA.2.86.x
XFG;2025-04-23;0.021;BA.2.86.x
XFG;2025-04-30;0.056;BA.2.86.x
XFG;2025-05-07;0.05;BA.2.86.x
XFG;2025-05-14;0.113;BA.2.86.x
XFG;2025-05-21;0.152;BA.2.86.x
XFG;2025-05-28;0.12;BA.2.86.x
XFG;2025-06-04;0.094;BA.2.86.x
XFG;2025-06-11;0.026;BA.2.86.x
XFG;2025-06-18;0.079;BA.2.86.x
XFG;2025-06-25;0.029;BA.2.86.x
XFG;2025-07-02;0.04;BA.2.86.x
XFG;2025-07-09;0.161;BA.2.86.x
PY.1;2022-09-21;0.0;BA.2.86.x
PY.1;2022-09-28;0.0;BA.2.86.x
PY.1;2022-10-05;0.0;BA.2.86.x
PY.1;2022-10-12;0.0;BA.2.86.x
PY.1;2022-10-19;0.0;BA.2.86.x
PY.1;2022-10-26;0.0;BA.2.86.x
PY.1;2022-11-02;0.0;BA.2.86.x
PY.1;2022-11-09;0.0;BA.2.86.x
PY.1;2022-11-16;0.0;BA.2.86.x
PY.1;2022-11-23;0.0;BA.2.86.x
PY.1;2022-11-30;0.0;BA.2.86.x
PY.1;2022-12-07;0.0;BA.2.86.x
PY.1;2022-12-14;0.0;BA.2.86.x
PY.1;2022-12-21;0.0;BA.2.86.x
PY.1;2022-12-28;0.0;BA.2.86.x
PY.1;2023-01-04;0.0;BA.2.86.x
PY.1;2023-01-11;0.0;BA.2.86.x
PY.1;2023-01-18;0.0;BA.2.86.x
PY.1;2023-01-25;0.0;BA.2.86.x
PY.1;2023-02-01;0.0;BA.2.86.x
PY.1;2023-02-08;0.0;BA.2.86.x
PY.1;2023-02-15;0.0;BA.2.86.x
PY.1;2023-02-22;0.0;BA.2.86.x
PY.1;2023-03-01;0.0;BA.2.86.x
PY.1;2023-03-08;0.0;BA.2.86.x
PY.1;2023-03-15;0.0;BA.2.86.x
PY.1;2023-03-22;0.0;BA.2.86.x
PY.1;2023-03-29;0.0;BA.2.86.x
PY.1;2023-04-05;0.0;BA.2.86.x
PY.1;2023-04-12;0.0;BA.2.86.x
PY.1;2023-04-19;0.0;BA.2.86.x
PY.1;2023-04-26;0.0;BA.2.86.x
PY.1;2023-05-03;0.0;BA.2.86.x
PY.1;2023-05-10;0.0;BA.2.86.x
PY.1;2023-05-17;0.0;BA.2.86.x
PY.1;2023-05-24;0.0;BA.2.86.x
PY.1;2023-05-31;0.0;BA.2.86.x
PY.1;2023-06-07;0.0;BA.2.86.x
PY.1;2023-06-14;0.0;BA.2.86.x
PY.1;2023-06-21;0.0;BA.2.86.x
PY.1;2023-06-28;0.0;BA.2.86.x
PY.1;2023-07-05;0.0;BA.2.86.x
PY.1;2023-07-12;0.0;BA.2.86.x
PY.1;2023-07-19;0.0;BA.2.86.x
PY.1;2023-07-26;0.0;BA.2.86.x
PY.1;2023-08-02;0.0;BA.2.86.x
PY.1;2023-08-09;0.0;BA.2.86.x
PY.1;2023-08-16;0.0;BA.2.86.x
PY.1;2023-08-23;0.0;BA.2.86.x
PY.1;2023-08-30;0.0;BA.2.86.x
PY.1;2023-09-06;0.0;BA.2.86.x
PY.1;2023-09-13;0.0;BA.2.86.x
PY.1;2023-09-20;0.0;BA.2.86.x
PY.1;2023-09-27;0.0;BA.2.86.x
PY.1;2023-10-04;0.0;BA.2.86.x
PY.1;2023-10-11;0.0;BA.2.86.x
PY.1;2023-10-18;0.0;BA.2.86.x
PY.1;2023-10-25;0.0;BA.2.86.x
PY.1;2023-11-01;0.0;BA.2.86.x
PY.1;2023-11-08;0.0;BA.2.86.x
PY.1;2023-11-15;0.0;BA.2.86.x
PY.1;2023-11-22;0.0;BA.2.86.x
PY.1;2023-11-29;0.0;BA.2.86.x
PY.1;2023-12-06;0.0;BA.2.86.x
PY.1;2023-12-13;0.0;BA.2.86.x
PY.1;2023-12-20;0.0;BA.2.86.x
PY.1;2023-12-27;0.0;BA.2.86.x
PY.1;2024-01-03;0.0;BA.2.86.x
PY.1;2024-01-10;0.0;BA.2.86.x
PY.1;2024-01-17;0.0;BA.2.86.x
PY.1;2024-01-24;0.0;BA.2.86.x
PY.1;2024-01-31;0.0;BA.2.86.x
PY.1;2024-02-07;0.0;BA.2.86.x
PY.1;2024-02-14;0.0;BA.2.86.x
PY.1;2024-02-21;0.0;BA.2.86.x
PY.1;2024-02-28;0.0;BA.2.86.x
PY.1;2024-03-06;0.0;BA.2.86.x
PY.1;2024-03-13;0.0;BA.2.86.x
PY.1;2024-03-20;0.0;BA.2.86.x
PY.1;2024-03-27;0.0;BA.2.86.x
PY.1;2024-04-03;0.0;BA.2.86.x
PY.1;2024-04-10;0.0;BA.2.86.x
PY.1;2024-04-17;0.0;BA.2.86.x
PY.1;2024-04-24;0.0;BA.2.86.x
PY.1;2024-05-01;0.0;BA.2.86.x
PY.1;2024-05-08;0.0;BA.2.86.x
PY.1;2024-05-15;0.0;BA.2.86.x
PY.1;2024-05-22;0.0;BA.2.86.x
PY.1;2024-05-29;0.0;BA.2.86.x
PY.1;2024-06-05;0.0;BA.2.86.x
PY.1;2024-06-12;0.0;BA.2.86.x
PY.1;2024-06-19;0.0;BA.2.86.x
PY.1;2024-06-26;0.0;BA.2.86.x
PY.1;2024-07-03;0.0;BA.2.86.x
PY.1;2024-07-10;0.0;BA.2.86.x
PY.1;2024-07-17;0.0;BA.2.86.x
PY.1;2024-07-24;0.0;BA.2.86.x
PY.1;2024-07-31;0.0;BA.2.86.x
PY.1;2024-08-07;0.0;BA.2.86.x
PY.1;2024-08-14;0.0;BA.2.86.x
PY.1;2024-08-21;0.0;BA.2.86.x
PY.1;2024-08-28;0.0;BA.2.86.x
PY.1;2024-09-04;0.0;BA.2.86.x
PY.1;2024-09-11;0.0;BA.2.86.x
PY.1;2024-09-18;0.0;BA.2.86.x
PY.1;2024-09-25;0.0;BA.2.86.x
PY.1;2024-10-02;0.0;BA.2.86.x
PY.1;2024-10-09;0.0;BA.2.86.x
PY.1;2024-10-16;0.0;BA.2.86.x
PY.1;2024-10-23;0.0;BA.2.86.x
PY.1;2024-10-30;0.0;BA.2.86.x
PY.1;2024-11-06;0.0;BA.2.86.x
PY.1;2024-11-13;0.0;BA.2.86.x
PY.1;2024-11-20;0.0;BA.2.86.x
PY.1;2024-11-27;0.0;BA.2.86.x
PY.1;2024-12-04;0.0;BA.2.86.x
PY.1;2024-12-11;0.0;BA.2.86.x
PY.1;2024-12-18;0.0;BA.2.86.x
PY.1;2024-12-25;0.0;BA.2.86.x
PY.1;2025-01-01;0.0;BA.2.86.x
PY.1;2025-01-08;0.0;BA.2.86.x
PY.1;2025-01-15;0.0;BA.2.86.x
PY.1;2025-01-22;0.0;BA.2.86.x
PY.1;2025-01-29;0.0;BA.2.86.x
PY.1;2025-02-05;0.0;BA.2.86.x
PY.1;2025-02-12;0.0;BA.2.86.x
PY.1;2025-02-19;0.0;BA.2.86.x
PY.1;2025-02-26;0.0;BA.2.86.x
PY.1;2025-03-05;0.0;BA.2.86.x
PY.1;2025-03-12;0.0;BA.2.86.x
PY.1;2025-03-19;0.0;BA.2.86.x
PY.1;2025-03-26;0.0;BA.2.86.x
PY.1;2025-04-02;0.029;BA.2.86.x
PY.1;2025-04-09;0.008;BA.2.86.x
PY.1;2025-04-16;0.019;BA.2.86.x
PY.1;2025-04-23;0.0;BA.2.86.x
PY.1;2025-04-30;0.005;BA.2.86.x
PY.1;2025-05-07;0.0;BA.2.86.x
PY.1;2025-05-14;0.004;BA.2.86.x
PY.1;2025-05-21;0.018;BA.2.86.x
PY.1;2025-05-28;0.014;BA.2.86.x
PY.1;2025-06-04;0.021;BA.2.86.x
PY.1;2025-06-11;0.019;BA.2.86.x
PY.1;2025-06-18;0.016;BA.2.86.x
PY.1;2025-06-25;0.009;BA.2.86.x
PY.1;2025-07-02;0.002;BA.2.86.x
PY.1;2025-07-09;0.0;BA.2.86.x
LF.7;2022-09-21;0.0;BA.2.86.x
LF.7;2022-09-28;0.0;BA.2.86.x
LF.7;2022-10-05;0.0;BA.2.86.x
LF.7;2022-10-12;0.0;BA.2.86.x
LF.7;2022-10-19;0.0;BA.2.86.x
LF.7;2022-10-26;0.0;BA.2.86.x
LF.7;2022-11-02;0.0;BA.2.86.x
LF.7;2022-11-09;0.0;BA.2.86.x
LF.7;2022-11-16;0.0;BA.2.86.x
LF.7;2022-11-23;0.0;BA.2.86.x
LF.7;2022-11-30;0.0;BA.2.86.x
LF.7;2022-12-07;0.0;BA.2.86.x
LF.7;2022-12-14;0.0;BA.2.86.x
LF.7;2022-12-21;0.0;BA.2.86.x
LF.7;2022-12-28;0.0;BA.2.86.x
LF.7;2023-01-04;0.0;BA.2.86.x
LF.7;2023-01-11;0.0;BA.2.86.x
LF.7;2023-01-18;0.0;BA.2.86.x
LF.7;2023-01-25;0.0;BA.2.86.x
LF.7;2023-02-01;0.0;BA.2.86.x
LF.7;2023-02-08;0.0;BA.2.86.x
LF.7;2023-02-15;0.0;BA.2.86.x
LF.7;2023-02-22;0.0;BA.2.86.x
LF.7;2023-03-01;0.0;BA.2.86.x
LF.7;2023-03-08;0.0;BA.2.86.x
LF.7;2023-03-15;0.0;BA.2.86.x
LF.7;2023-03-22;0.0;BA.2.86.x
LF.7;2023-03-29;0.0;BA.2.86.x
LF.7;2023-04-05;0.0;BA.2.86.x
LF.7;2023-04-12;0.0;BA.2.86.x
LF.7;2023-04-19;0.0;BA.2.86.x
LF.7;2023-04-26;0.0;BA.2.86.x
LF.7;2023-05-03;0.0;BA.2.86.x
LF.7;2023-05-10;0.0;BA.2.86.x
LF.7;2023-05-17;0.0;BA.2.86.x
LF.7;2023-05-24;0.0;BA.2.86.x
LF.7;2023-05-31;0.0;BA.2.86.x
LF.7;2023-06-07;0.0;BA.2.86.x
LF.7;2023-06-14;0.0;BA.2.86.x
LF.7;2023-06-21;0.0;BA.2.86.x
LF.7;2023-06-28;0.0;BA.2.86.x
LF.7;2023-07-05;0.0;BA.2.86.x
LF.7;2023-07-12;0.0;BA.2.86.x
LF.7;2023-07-19;0.0;BA.2.86.x
LF.7;2023-07-26;0.0;BA.2.86.x
LF.7;2023-08-02;0.0;BA.2.86.x
LF.7;2023-08-09;0.0;BA.2.86.x
LF.7;2023-08-16;0.0;BA.2.86.x
LF.7;2023-08-23;0.0;BA.2.86.x
LF.7;2023-08-30;0.0;BA.2.86.x
LF.7;2023-09-06;0.0;BA.2.86.x
LF.7;2023-09-13;0.0;BA.2.86.x
LF.7;2023-09-20;0.0;BA.2.86.x
LF.7;2023-09-27;0.0;BA.2.86.x
LF.7;2023-10-04;0.0;BA.2.86.x
LF.7;2023-10-11;0.0;BA.2.86.x
LF.7;2023-10-18;0.0;BA.2.86.x
LF.7;2023-10-25;0.0;BA.2.86.x
LF.7;2023-11-01;0.0;BA.2.86.x
LF.7;2023-11-08;0.0;BA.2.86.x
LF.7;2023-11-15;0.0;BA.2.86.x
LF.7;2023-11-22;0.0;BA.2.86.x
LF.7;2023-11-29;0.0;BA.2.86.x
LF.7;2023-12-06;0.0;BA.2.86.x
LF.7;2023-12-13;0.0;BA.2.86.x
LF.7;2023-12-20;0.0;BA.2.86.x
LF.7;2023-12-27;0.0;BA.2.86.x
LF.7;2024-01-03;0.0;BA.2.86.x
LF.7;2024-01-10;0.0;BA.2.86.x
LF.7;2024-01-17;0.0;BA.2.86.x
LF.7;2024-01-24;0.0;BA.2.86.x
LF.7;2024-01-31;0.0;BA.2.86.x
LF.7;2024-02-07;0.0;BA.2.86.x
LF.7;2024-02-14;0.0;BA.2.86.x
LF.7;2024-02-21;0.0;BA.2.86.x
LF.7;2024-02-28;0.0;BA.2.86.x
LF.7;2024-03-06;0.0;BA.2.86.x
LF.7;2024-03-13;0.0;BA.2.86.x
LF.7;2024-03-20;0.0;BA.2.86.x
LF.7;2024-03-27;0.0;BA.2.86.x
LF.7;2024-04-03;0.0;BA.2.86.x
LF.7;2024-04-10;0.0;BA.2.86.x
LF.7;2024-04-17;0.0;BA.2.86.x
LF.7;2024-04-24;0.0;BA.2.86.x
LF.7;2024-05-01;0.0;BA.2.86.x
LF.7;2024-05-08;0.0;BA.2.86.x
LF.7;2024-05-15;0.0;BA.2.86.x
LF.7;2024-05-22;0.0;BA.2.86.x
LF.7;2024-05-29;0.0;BA.2.86.x
LF.7;2024-06-05;0.046;BA.2.86.x
LF.7;2024-06-12;0.0;BA.2.86.x
LF.7;2024-06-19;0.0;BA.2.86.x
LF.7;2024-06-26;0.001;BA.2.86.x
LF.7;2024-07-03;0.001;BA.2.86.x
LF.7;2024-07-10;0.001;BA.2.86.x
LF.7;2024-07-17;0.002;BA.2.86.x
LF.7;2024-07-24;0.003;BA.2.86.x
LF.7;2024-07-31;0.0;BA.2.86.x
LF.7;2024-08-07;0.01;BA.2.86.x
LF.7;2024-08-14;0.002;BA.2.86.x
LF.7;2024-08-21;0.002;BA.2.86.x
LF.7;2024-08-28;0.001;BA.2.86.x
LF.7;2024-09-04;0.014;BA.2.86.x
LF.7;2024-09-11;0.007;BA.2.86.x
LF.7;2024-09-18;0.009;BA.2.86.x
LF.7;2024-09-25;0.015;BA.2.86.x
LF.7;2024-10-02;0.003;BA.2.86.x
LF.7;2024-10-09;0.005;BA.2.86.x
LF.7;2024-10-16;0.004;BA.2.86.x
LF.7;2024-10-23;0.002;BA.2.86.x
LF.7;2024-10-30;0.014;BA.2.86.x
LF.7;2024-11-06;0.013;BA.2.86.x
LF.7;2024-11-13;0.009;BA.2.86.x
LF.7;2024-11-20;0.026;BA.2.86.x
LF.7;2024-11-27;0.016;BA.2.86.x
LF.7;2024-12-04;0.007;BA.2.86.x
LF.7;2024-12-11;0.019;BA.2.86.x
LF.7;2024-12-18;0.026;BA.2.86.x
LF.7;2024-12-25;0.019;BA.2.86.x
LF.7;2025-01-01;0.026;BA.2.86.x
LF.7;2025-01-08;0.016;BA.2.86.x
LF.7;2025-01-15;0.012;BA.2.86.x
LF.7;2025-01-22;0.011;BA.2.86.x
LF.7;2025-01-29;0.023;BA.2.86.x
LF.7;2025-02-05;0.007;BA.2.86.x
LF.7;2025-02-12;0.001;BA.2.86.x
LF.7;2025-02-19;0.064;BA.2.86.x
LF.7;2025-02-26;0.012;BA.2.86.x
LF.7;2025-03-05;0.027;BA.2.86.x
LF.7;2025-03-12;0.053;BA.2.86.x
LF.7;2025-03-19;0.065;BA.2.86.x
LF.7;2025-03-26;0.076;BA.2.86.x
LF.7;2025-04-02;0.023;BA.2.86.x
LF.7;2025-04-09;0.092;BA.2.86.x
LF.7;2025-04-16;0.029;BA.2.86.x
LF.7;2025-04-23;0.015;BA.2.86.x
LF.7;2025-04-30;0.033;BA.2.86.x
LF.7;2025-05-07;0.008;BA.2.86.x
LF.7;2025-05-14;0.01;BA.2.86.x
LF.7;2025-05-21;0.016;BA.2.86.x
LF.7;2025-05-28;0.087;BA.2.86.x
LF.7;2025-06-04;0.067;BA.2.86.x
LF.7;2025-06-11;0.032;BA.2.86.x
LF.7;2025-06-18;0.016;BA.2.86.x
LF.7;2025-06-25;0.028;BA.2.86.x
LF.7;2025-07-02;0.063;BA.2.86.x
LF.7;2025-07-09;0.022;BA.2.86.x
XEC;2022-09-21;0.0;XEC.x
XEC;2022-09-28;0.0;XEC.x
XEC;2022-10-05;0.0;XEC.x
XEC;2022-10-12;0.0;XEC.x
XEC;2022-10-19;0.0;XEC.x
XEC;2022-10-26;0.0;XEC.x
XEC;2022-11-02;0.0;XEC.x
XEC;2022-11-09;0.0;XEC.x
XEC;2022-11-16;0.0;XEC.x
XEC;2022-11-23;0.0;XEC.x
XEC;2022-11-30;0.0;XEC.x
XEC;2022-12-07;0.0;XEC.x
XEC;2022-12-14;0.0;XEC.x
XEC;2022-12-21;0.0;XEC.x
XEC;2022-12-28;0.0;XEC.x
XEC;2023-01-04;0.0;XEC.x
XEC;2023-01-11;0.0;XEC.x
XEC;2023-01-18;0.0;XEC.x
XEC;2023-01-25;0.0;XEC.x
XEC;2023-02-01;0.0;XEC.x
XEC;2023-02-08;0.0;XEC.x
XEC;2023-02-15;0.0;XEC.x
XEC;2023-02-22;0.0;XEC.x
XEC;2023-03-01;0.0;XEC.x
XEC;2023-03-08;0.0;XEC.x
XEC;2023-03-15;0.0;XEC.x
XEC;2023-03-22;0.0;XEC.x
XEC;2023-03-29;0.0;XEC.x
XEC;2023-04-05;0.0;XEC.x
XEC;2023-04-12;0.0;XEC.x
XEC;2023-04-19;0.0;XEC.x
XEC;2023-04-26;0.0;XEC.x
XEC;2023-05-03;0.0;XEC.x
XEC;2023-05-10;0.0;XEC.x
XEC;2023-05-17;0.0;XEC.x
XEC;2023-05-24;0.0;XEC.x
XEC;2023-05-31;0.0;XEC.x
XEC;2023-06-07;0.0;XEC.x
XEC;2023-06-14;0.0;XEC.x
XEC;2023-06-21;0.0;XEC.x
XEC;2023-06-28;0.0;XEC.x
XEC;2023-07-05;0.0;XEC.x
XEC;2023-07-12;0.0;XEC.x
XEC;2023-07-19;0.0;XEC.x
XEC;2023-07-26;0.0;XEC.x
XEC;2023-08-02;0.0;XEC.x
XEC;2023-08-09;0.0;XEC.x
XEC;2023-08-16;0.0;XEC.x
XEC;2023-08-23;0.0;XEC.x
XEC;2023-08-30;0.0;XEC.x
XEC;2023-09-06;0.0;XEC.x
XEC;2023-09-13;0.0;XEC.x
XEC;2023-09-20;0.0;XEC.x
XEC;2023-09-27;0.0;XEC.x
XEC;2023-10-04;0.0;XEC.x
XEC;2023-10-11;0.0;XEC.x
XEC;2023-10-18;0.0;XEC.x
XEC;2023-10-25;0.0;XEC.x
XEC;2023-11-01;0.0;XEC.x
XEC;2023-11-08;0.0;XEC.x
XEC;2023-11-15;0.0;XEC.x
XEC;2023-11-22;0.0;XEC.x
XEC;2023-11-29;0.0;XEC.x
XEC;2023-12-06;0.0;XEC.x
XEC;2023-12-13;0.0;XEC.x
XEC;2023-12-20;0.0;XEC.x
XEC;2023-12-27;0.0;XEC.x
XEC;2024-01-03;0.0;XEC.x
XEC;2024-01-10;0.0;XEC.x
XEC;2024-01-17;0.0;XEC.x
XEC;2024-01-24;0.0;XEC.x
XEC;2024-01-31;0.001;XEC.x
XEC;2024-02-07;0.0;XEC.x
XEC;2024-02-14;0.0;XEC.x
XEC;2024-02-21;0.0;XEC.x
XEC;2024-02-28;0.0;XEC.x
XEC;2024-03-06;0.0;XEC.x
XEC;2024-03-13;0.0;XEC.x
XEC;2024-03-20;0.0;XEC.x
XEC;2024-03-27;0.0;XEC.x
XEC;2024-04-03;0.0;XEC.x
XEC;2024-04-10;0.0;XEC.x
XEC;2024-04-17;0.0;XEC.x
XEC;2024-04-24;0.0;XEC.x
XEC;2024-05-01;0.0;XEC.x
XEC;2024-05-08;0.0;XEC.x
XEC;2024-05-15;0.0;XEC.x
XEC;2024-05-22;0.0;XEC.x
XEC;2024-05-29;0.001;XEC.x
XEC;2024-06-05;0.004;XEC.x
XEC;2024-06-12;0.005;XEC.x
XEC;2024-06-19;0.005;XEC.x
XEC;2024-06-26;0.0;XEC.x
XEC;2024-07-03;0.003;XEC.x
XEC;2024-07-10;0.007;XEC.x
XEC;2024-07-17;0.006;XEC.x
XEC;2024-07-24;0.017;XEC.x
XEC;2024-07-31;0.015;XEC.x
XEC;2024-08-07;0.028;XEC.x
XEC;2024-08-14;0.038;XEC.x
XEC;2024-08-21;0.073;XEC.x
XEC;2024-08-28;0.117;XEC.x
XEC;2024-09-04;0.133;XEC.x
XEC;2024-09-11;0.156;XEC.x
XEC;2024-09-18;0.177;XEC.x
XEC;2024-09-25;0.186;XEC.x
XEC;2024-10-02;0.205;XEC.x
XEC;2024-10-09;0.239;XEC.x
XEC;2024-10-16;0.271;XEC.x
XEC;2024-10-23;0.254;XEC.x
XEC;2024-10-30;0.306;XEC.x
XEC;2024-11-06;0.323;XEC.x
XEC;2024-11-13;0.359;XEC.x
XEC;2024-11-20;0.372;XEC.x
XEC;2024-11-27;0.357;XEC.x
XEC;2024-12-04;0.451;XEC.x
XEC;2024-12-11;0.443;XEC.x
XEC;2024-12-18;0.533;XEC.x
XEC;2024-12-25;0.521;XEC.x
XEC;2025-01-01;0.43;XEC.x
XEC;2025-01-08;0.387;XEC.x
XEC;2025-01-15;0.467;XEC.x
XEC;2025-01-22;0.437;XEC.x
XEC;2025-01-29;0.296;XEC.x
XEC;2025-02-05;0.412;XEC.x
XEC;2025-02-12;0.483;XEC.x
XEC;2025-02-19;0.374;XEC.x
XEC;2025-02-26;0.475;XEC.x
XEC;2025-03-05;0.329;XEC.x
XEC;2025-03-12;0.249;XEC.x
XEC;2025-03-19;0.169;XEC.x
XEC;2025-03-26;0.073;XEC.x
XEC;2025-04-02;0.018;XEC.x
XEC;2025-04-09;0.028;XEC.x
XEC;2025-04-16;0.095;XEC.x
XEC;2025-04-23;0.035;XEC.x
XEC;2025-04-30;0.008;XEC.x
XEC;2025-05-07;0.002;XEC.x
XEC;2025-05-14;0.003;XEC.x
XEC;2025-05-21;0.005;XEC.x
XEC;2025-05-28;0.004;XEC.x
XEC;2025-06-04;0.004;XEC.x
XEC;2025-06-11;0.008;XEC.x
XEC;2025-06-18;0.001;XEC.x
XEC;2025-06-25;0.002;XEC.x
XEC;2025-07-02;0.002;XEC.x
XEC;2025-07-09;0.0;XEC.x
KS.1;2022-09-21;0.0;XEC.x
KS.1;2022-09-28;0.0;XEC.x
KS.1;2022-10-05;0.0;XEC.x
KS.1;2022-10-12;0.0;XEC.x
KS.1;2022-10-19;0.0;XEC.x
KS.1;2022-10-26;0.0;XEC.x
KS.1;2022-11-02;0.0;XEC.x
KS.1;2022-11-09;0.0;XEC.x
KS.1;2022-11-16;0.0;XEC.x
KS.1;2022-11-23;0.0;XEC.x
KS.1;2022-11-30;0.0;XEC.x
KS.1;2022-12-07;0.0;XEC.x
KS.1;2022-12-14;0.0;XEC.x
KS.1;2022-12-21;0.0;XEC.x
KS.1;2022-12-28;0.0;XEC.x
KS.1;2023-01-04;0.0;XEC.x
KS.1;2023-01-11;0.0;XEC.x
KS.1;2023-01-18;0.0;XEC.x
KS.1;2023-01-25;0.0;XEC.x
KS.1;2023-02-01;0.0;XEC.x
KS.1;2023-02-08;0.0;XEC.x
KS.1;2023-02-15;0.0;XEC.x
KS.1;2023-02-22;0.0;XEC.x
KS.1;2023-03-01;0.0;XEC.x
KS.1;2023-03-08;0.0;XEC.x
KS.1;2023-03-15;0.0;XEC.x
KS.1;2023-03-22;0.0;XEC.x
KS.1;2023-03-29;0.0;XEC.x
KS.1;2023-04-05;0.0;XEC.x
KS.1;2023-04-12;0.0;XEC.x
KS.1;2023-04-19;0.0;XEC.x
KS.1;2023-04-26;0.0;XEC.x
KS.1;2023-05-03;0.0;XEC.x
KS.1;2023-05-10;0.0;XEC.x
KS.1;2023-05-17;0.0;XEC.x
KS.1;2023-05-24;0.0;XEC.x
KS.1;2023-05-31;0.0;XEC.x
KS.1;2023-06-07;0.0;XEC.x
KS.1;2023-06-14;0.0;XEC.x
KS.1;2023-06-21;0.0;XEC.x
KS.1;2023-06-28;0.0;XEC.x
KS.1;2023-07-05;0.0;XEC.x
KS.1;2023-07-12;0.0;XEC.x
KS.1;2023-07-19;0.0;XEC.x
KS.1;2023-07-26;0.0;XEC.x
KS.1;2023-08-02;0.0;XEC.x
KS.1;2023-08-09;0.0;XEC.x
KS.1;2023-08-16;0.0;XEC.x
KS.1;2023-08-23;0.0;XEC.x
KS.1;2023-08-30;0.0;XEC.x
KS.1;2023-09-06;0.0;XEC.x
KS.1;2023-09-13;0.0;XEC.x
KS.1;2023-09-20;0.0;XEC.x
KS.1;2023-09-27;0.0;XEC.x
KS.1;2023-10-04;0.0;XEC.x
KS.1;2023-10-11;0.0;XEC.x
KS.1;2023-10-18;0.0;XEC.x
KS.1;2023-10-25;0.0;XEC.x
KS.1;2023-11-01;0.0;XEC.x
KS.1;2023-11-08;0.0;XEC.x
KS.1;2023-11-15;0.0;XEC.x
KS.1;2023-11-22;0.0;XEC.x
KS.1;2023-11-29;0.0;XEC.x
KS.1;2023-12-06;0.0;XEC.x
KS.1;2023-12-13;0.001;XEC.x
KS.1;2023-12-20;0.002;XEC.x
KS.1;2023-12-27;0.0;XEC.x
KS.1;2024-01-03;0.0;XEC.x
KS.1;2024-01-10;0.0;XEC.x
KS.1;2024-01-17;0.0;XEC.x
KS.1;2024-01-24;0.0;XEC.x
KS.1;2024-01-31;0.0;XEC.x
KS.1;2024-02-07;0.0;XEC.x
KS.1;2024-02-14;0.001;XEC.x
KS.1;2024-02-21;0.001;XEC.x
KS.1;2024-02-28;0.003;XEC.x
KS.1;2024-03-06;0.01;XEC.x
KS.1;2024-03-13;0.029;XEC.x
KS.1;2024-03-20;0.072;XEC.x
KS.1;2024-03-27;0.047;XEC.x
KS.1;2024-04-03;0.227;XEC.x
KS.1;2024-04-10;0.255;XEC.x
KS.1;2024-04-17;0.463;XEC.x
KS.1;2024-04-24;0.313;XEC.x
KS.1;2024-05-01;0.216;XEC.x
KS.1;2024-05-08;0.169;XEC.x
KS.1;2024-05-15;0.162;XEC.x
KS.1;2024-05-22;0.136;XEC.x
KS.1;2024-05-29;0.082;XEC.x
KS.1;2024-06-05;0.053;XEC.x
KS.1;2024-06-12;0.098;XEC.x
KS.1;2024-06-19;0.026;XEC.x
KS.1;2024-06-26;0.064;XEC.x
KS.1;2024-07-03;0.044;XEC.x
KS.1;2024-07-10;0.028;XEC.x
KS.1;2024-07-17;0.016;XEC.x
KS.1;2024-07-24;0.022;XEC.x
KS.1;2024-07-31;0.03;XEC.x
KS.1;2024-08-07;0.078;XEC.x
KS.1;2024-08-14;0.082;XEC.x
KS.1;2024-08-21;0.095;XEC.x
KS.1;2024-08-28;0.054;XEC.x
KS.1;2024-09-04;0.051;XEC.x
KS.1;2024-09-11;0.026;XEC.x
KS.1;2024-09-18;0.033;XEC.x
KS.1;2024-09-25;0.026;XEC.x
KS.1;2024-10-02;0.009;XEC.x
KS.1;2024-10-09;0.01;XEC.x
KS.1;2024-10-16;0.007;XEC.x
KS.1;2024-10-23;0.005;XEC.x
KS.1;2024-10-30;0.002;XEC.x
KS.1;2024-11-06;0.001;XEC.x
KS.1;2024-11-13;0.007;XEC.x
KS.1;2024-11-20;0.016;XEC.x
KS.1;2024-11-27;0.011;XEC.x
KS.1;2024-12-04;0.008;XEC.x
KS.1;2024-12-11;0.006;XEC.x
KS.1;2024-12-18;0.002;XEC.x
KS.1;2024-12-25;0.001;XEC.x
KS.1;2025-01-01;0.0;XEC.x
KS.1;2025-01-08;0.0;XEC.x
KS.1;2025-01-15;0.0;XEC.x
KS.1;2025-01-22;0.0;XEC.x
KS.1;2025-01-29;0.0;XEC.x
KS.1;2025-02-05;0.0;XEC.x
KS.1;2025-02-12;0.0;XEC.x
KS.1;2025-02-19;0.0;XEC.x
KS.1;2025-02-26;0.0;XEC.x
KS.1;2025-03-05;0.0;XEC.x
KS.1;2025-03-12;0.0;XEC.x
KS.1;2025-03-19;0.0;XEC.x
KS.1;2025-03-26;0.002;XEC.x
KS.1;2025-04-02;0.003;XEC.x
KS.1;2025-04-09;0.001;XEC.x
KS.1;2025-04-16;0.0;XEC.x
KS.1;2025-04-23;0.0;XEC.x
KS.1;2025-04-30;0.0;XEC.x
KS.1;2025-05-07;0.0;XEC.x
KS.1;2025-05-14;0.001;XEC.x
KS.1;2025-05-21;0.0;XEC.x
KS.1;2025-05-28;0.0;XEC.x
KS.1;2025-06-04;0.0;XEC.x
KS.1;2025-06-11;0.0;XEC.x
KS.1;2025-06-18;0.0;XEC.x
KS.1;2025-06-25;0.0;XEC.x
KS.1;2025-07-02;0.0;XEC.x
KS.1;2025-07-09;0.0;XEC.x
XDK.1;2022-09-21;0.0;XBB.x
XDK.1;2022-09-28;0.0;XBB.x
XDK.1;2022-10-05;0.0;XBB.x
XDK.1;2022-10-12;0.0;XBB.x
XDK.1;2022-10-19;0.0;XBB.x
XDK.1;2022-10-26;0.0;XBB.x
XDK.1;2022-11-02;0.0;XBB.x
XDK.1;2022-11-09;0.0;XBB.x
XDK.1;2022-11-16;0.0;XBB.x
XDK.1;2022-11-23;0.0;XBB.x
XDK.1;2022-11-30;0.0;XBB.x
XDK.1;2022-12-07;0.0;XBB.x
XDK.1;2022-12-14;0.0;XBB.x
XDK.1;2022-12-21;0.0;XBB.x
XDK.1;2022-12-28;0.0;XBB.x
XDK.1;2023-01-04;0.0;XBB.x
XDK.1;2023-01-11;0.0;XBB.x
XDK.1;2023-01-18;0.0;XBB.x
XDK.1;2023-01-25;0.0;XBB.x
XDK.1;2023-02-01;0.0;XBB.x
XDK.1;2023-02-08;0.0;XBB.x
XDK.1;2023-02-15;0.0;XBB.x
XDK.1;2023-02-22;0.0;XBB.x
XDK.1;2023-03-01;0.0;XBB.x
XDK.1;2023-03-08;0.0;XBB.x
XDK.1;2023-03-15;0.0;XBB.x
XDK.1;2023-03-22;0.0;XBB.x
XDK.1;2023-03-29;0.0;XBB.x
XDK.1;2023-04-05;0.0;XBB.x
XDK.1;2023-04-12;0.0;XBB.x
XDK.1;2023-04-19;0.0;XBB.x
XDK.1;2023-04-26;0.0;XBB.x
XDK.1;2023-05-03;0.0;XBB.x
XDK.1;2023-05-10;0.0;XBB.x
XDK.1;2023-05-17;0.0;XBB.x
XDK.1;2023-05-24;0.0;XBB.x
XDK.1;2023-05-31;0.0;XBB.x
XDK.1;2023-06-07;0.0;XBB.x
XDK.1;2023-06-14;0.0;XBB.x
XDK.1;2023-06-21;0.0;XBB.x
XDK.1;2023-06-28;0.0;XBB.x
XDK.1;2023-07-05;0.0;XBB.x
XDK.1;2023-07-12;0.0;XBB.x
XDK.1;2023-07-19;0.0;XBB.x
XDK.1;2023-07-26;0.0;XBB.x
XDK.1;2023-08-02;0.0;XBB.x
XDK.1;2023-08-09;0.0;XBB.x
XDK.1;2023-08-16;0.0;XBB.x
XDK.1;2023-08-23;0.0;XBB.x
XDK.1;2023-08-30;0.0;XBB.x
XDK.1;2023-09-06;0.0;XBB.x
XDK.1;2023-09-13;0.0;XBB.x
XDK.1;2023-09-20;0.0;XBB.x
XDK.1;2023-09-27;0.0;XBB.x
XDK.1;2023-10-04;0.0;XBB.x
XDK.1;2023-10-11;0.0;XBB.x
XDK.1;2023-10-18;0.0;XBB.x
XDK.1;2023-10-25;0.0;XBB.x
XDK.1;2023-11-01;0.0;XBB.x
XDK.1;2023-11-08;0.0;XBB.x
XDK.1;2023-11-15;0.0;XBB.x
XDK.1;2023-11-22;0.0;XBB.x
XDK.1;2023-11-29;0.0;XBB.x
XDK.1;2023-12-06;0.0;XBB.x
XDK.1;2023-12-13;0.0;XBB.x
XDK.1;2023-12-20;0.0;XBB.x
XDK.1;2023-12-27;0.0;XBB.x
XDK.1;2024-01-03;0.0;XBB.x
XDK.1;2024-01-10;0.0;XBB.x
XDK.1;2024-01-17;0.0;XBB.x
XDK.1;2024-01-24;0.002;XBB.x
XDK.1;2024-01-31;0.001;XBB.x
XDK.1;2024-02-07;0.0;XBB.x
XDK.1;2024-02-14;0.0;XBB.x
XDK.1;2024-02-21;0.0;XBB.x
XDK.1;2024-02-28;0.0;XBB.x
XDK.1;2024-03-06;0.007;XBB.x
XDK.1;2024-03-13;0.043;XBB.x
XDK.1;2024-03-20;0.005;XBB.x
XDK.1;2024-03-27;0.0;XBB.x
XDK.1;2024-04-03;0.001;XBB.x
XDK.1;2024-04-10;0.007;XBB.x
XDK.1;2024-04-17;0.002;XBB.x
XDK.1;2024-04-24;0.005;XBB.x
XDK.1;2024-05-01;0.054;XBB.x
XDK.1;2024-05-08;0.006;XBB.x
XDK.1;2024-05-15;0.002;XBB.x
XDK.1;2024-05-22;0.0;XBB.x
XDK.1;2024-05-29;0.0;XBB.x
XDK.1;2024-06-05;0.001;XBB.x
XDK.1;2024-06-12;0.003;XBB.x
XDK.1;2024-06-19;0.004;XBB.x
XDK.1;2024-06-26;0.006;XBB.x
XDK.1;2024-07-03;0.012;XBB.x
XDK.1;2024-07-10;0.0;XBB.x
XDK.1;2024-07-17;0.0;XBB.x
XDK.1;2024-07-24;0.0;XBB.x
XDK.1;2024-07-31;0.0;XBB.x
XDK.1;2024-08-07;0.0;XBB.x
XDK.1;2024-08-14;0.0;XBB.x
XDK.1;2024-08-21;0.0;XBB.x
XDK.1;2024-08-28;0.0;XBB.x
XDK.1;2024-09-04;0.0;XBB.x
XDK.1;2024-09-11;0.0;XBB.x
XDK.1;2024-09-18;0.0;XBB.x
XDK.1;2024-09-25;0.0;XBB.x
XDK.1;2024-10-02;0.0;XBB.x
XDK.1;2024-10-09;0.0;XBB.x
XDK.1;2024-10-16;0.0;XBB.x
XDK.1;2024-10-23;0.0;XBB.x
XDK.1;2024-10-30;0.0;XBB.x
XDK.1;2024-11-06;0.0;XBB.x
XDK.1;2024-11-13;0.0;XBB.x
XDK.1;2024-11-20;0.0;XBB.x
XDK.1;2024-11-27;0.0;XBB.x
XDK.1;2024-12-04;0.0;XBB.x
XDK.1;2024-12-11;0.0;XBB.x
XDK.1;2024-12-18;0.0;XBB.x
XDK.1;2024-12-25;0.0;XBB.x
XDK.1;2025-01-01;0.0;XBB.x
XDK.1;2025-01-08;0.0;XBB.x
XDK.1;2025-01-15;0.0;XBB.x
XDK.1;2025-01-22;0.0;XBB.x
XDK.1;2025-01-29;0.0;XBB.x
XDK.1;2025-02-05;0.0;XBB.x
XDK.1;2025-02-12;0.0;XBB.x
XDK.1;2025-02-19;0.0;XBB.x
XDK.1;2025-02-26;0.0;XBB.x
XDK.1;2025-03-05;0.0;XBB.x
XDK.1;2025-03-12;0.0;XBB.x
XDK.1;2025-03-19;0.0;XBB.x
XDK.1;2025-03-26;0.0;XBB.x
XDK.1;2025-04-02;0.0;XBB.x
XDK.1;2025-04-09;0.0;XBB.x
XDK.1;2025-04-16;0.0;XBB.x
XDK.1;2025-04-23;0.0;XBB.x
XDK.1;2025-04-30;0.0;XBB.x
XDK.1;2025-05-07;0.0;XBB.x
XDK.1;2025-05-14;0.0;XBB.x
XDK.1;2025-05-21;0.0;XBB.x
XDK.1;2025-05-28;0.0;XBB.x
XDK.1;2025-06-04;0.0;XBB.x
XDK.1;2025-06-11;0.0;XBB.x
XDK.1;2025-06-18;0.0;XBB.x
XDK.1;2025-06-25;0.0;XBB.x
XDK.1;2025-07-02;0.0;XBB.x
XDK.1;2025-07-09;0.0;XBB.x
XBB.1.9.2;2022-09-21;0.0;XBB.x
XBB.1.9.2;2022-09-28;0.0;XBB.x
XBB.1.9.2;2022-10-05;0.0;XBB.x
XBB.1.9.2;2022-10-12;0.0;XBB.x
XBB.1.9.2;2022-10-19;0.0;XBB.x
XBB.1.9.2;2022-10-26;0.0;XBB.x
XBB.1.9.2;2022-11-02;0.0;XBB.x
XBB.1.9.2;2022-11-09;0.0;XBB.x
XBB.1.9.2;2022-11-16;0.0;XBB.x
XBB.1.9.2;2022-11-23;0.0;XBB.x
XBB.1.9.2;2022-11-30;0.0;XBB.x
XBB.1.9.2;2022-12-07;0.0;XBB.x
XBB.1.9.2;2022-12-14;0.0;XBB.x
XBB.1.9.2;2022-12-21;0.0;XBB.x
XBB.1.9.2;2022-12-28;0.0;XBB.x
XBB.1.9.2;2023-01-04;0.0;XBB.x
XBB.1.9.2;2023-01-11;0.0;XBB.x
XBB.1.9.2;2023-01-18;0.0;XBB.x
XBB.1.9.2;2023-01-25;0.0;XBB.x
XBB.1.9.2;2023-02-01;0.003;XBB.x
XBB.1.9.2;2023-02-08;0.008;XBB.x
XBB.1.9.2;2023-02-15;0.001;XBB.x
XBB.1.9.2;2023-02-22;0.001;XBB.x
XBB.1.9.2;2023-03-01;0.001;XBB.x
XBB.1.9.2;2023-03-08;0.001;XBB.x
XBB.1.9.2;2023-03-15;0.002;XBB.x
XBB.1.9.2;2023-03-22;0.002;XBB.x
XBB.1.9.2;2023-03-29;0.015;XBB.x
XBB.1.9.2;2023-04-05;0.003;XBB.x
XBB.1.9.2;2023-04-12;0.014;XBB.x
XBB.1.9.2;2023-04-19;0.016;XBB.x
XBB.1.9.2;2023-04-26;0.015;XBB.x
XBB.1.9.2;2023-05-03;0.03;XBB.x
XBB.1.9.2;2023-05-10;0.03;XBB.x
XBB.1.9.2;2023-05-17;0.023;XBB.x
XBB.1.9.2;2023-05-24;0.015;XBB.x
XBB.1.9.2;2023-05-31;0.018;XBB.x
XBB.1.9.2;2023-06-07;0.014;XBB.x
XBB.1.9.2;2023-06-14;0.051;XBB.x
XBB.1.9.2;2023-06-21;0.053;XBB.x
XBB.1.9.2;2023-06-28;0.326;XBB.x
XBB.1.9.2;2023-07-05;0.071;XBB.x
XBB.1.9.2;2023-07-12;0.11;XBB.x
XBB.1.9.2;2023-07-19;0.047;XBB.x
XBB.1.9.2;2023-07-26;0.044;XBB.x
XBB.1.9.2;2023-08-02;0.045;XBB.x
XBB.1.9.2;2023-08-09;0.11;XBB.x
XBB.1.9.2;2023-08-16;0.044;XBB.x
XBB.1.9.2;2023-08-23;0.023;XBB.x
XBB.1.9.2;2023-08-30;0.006;XBB.x
XBB.1.9.2;2023-09-06;0.019;XBB.x
XBB.1.9.2;2023-09-13;0.016;XBB.x
XBB.1.9.2;2023-09-20;0.027;XBB.x
XBB.1.9.2;2023-09-27;0.038;XBB.x
XBB.1.9.2;2023-10-04;0.015;XBB.x
XBB.1.9.2;2023-10-11;0.069;XBB.x
XBB.1.9.2;2023-10-18;0.039;XBB.x
XBB.1.9.2;2023-10-25;0.024;XBB.x
XBB.1.9.2;2023-11-01;0.011;XBB.x
XBB.1.9.2;2023-11-08;0.01;XBB.x
XBB.1.9.2;2023-11-15;0.003;XBB.x
XBB.1.9.2;2023-11-22;0.002;XBB.x
XBB.1.9.2;2023-11-29;0.001;XBB.x
XBB.1.9.2;2023-12-06;0.0;XBB.x
XBB.1.9.2;2023-12-13;0.0;XBB.x
XBB.1.9.2;2023-12-20;0.001;XBB.x
XBB.1.9.2;2023-12-27;0.01;XBB.x
XBB.1.9.2;2024-01-03;0.007;XBB.x
XBB.1.9.2;2024-01-10;0.001;XBB.x
XBB.1.9.2;2024-01-17;0.017;XBB.x
XBB.1.9.2;2024-01-24;0.001;XBB.x
XBB.1.9.2;2024-01-31;0.001;XBB.x
XBB.1.9.2;2024-02-07;0.0;XBB.x
XBB.1.9.2;2024-02-14;0.0;XBB.x
XBB.1.9.2;2024-02-21;0.0;XBB.x
XBB.1.9.2;2024-02-28;0.0;XBB.x
XBB.1.9.2;2024-03-06;0.0;XBB.x
XBB.1.9.2;2024-03-13;0.0;XBB.x
XBB.1.9.2;2024-03-20;0.0;XBB.x
XBB.1.9.2;2024-03-27;0.0;XBB.x
XBB.1.9.2;2024-04-03;0.0;XBB.x
XBB.1.9.2;2024-04-10;0.0;XBB.x
XBB.1.9.2;2024-04-17;0.0;XBB.x
XBB.1.9.2;2024-04-24;0.0;XBB.x
XBB.1.9.2;2024-05-01;0.0;XBB.x
XBB.1.9.2;2024-05-08;0.0;XBB.x
XBB.1.9.2;2024-05-15;0.0;XBB.x
XBB.1.9.2;2024-05-22;0.0;XBB.x
XBB.1.9.2;2024-05-29;0.0;XBB.x
XBB.1.9.2;2024-06-05;0.0;XBB.x
XBB.1.9.2;2024-06-12;0.0;XBB.x
XBB.1.9.2;2024-06-19;0.0;XBB.x
XBB.1.9.2;2024-06-26;0.0;XBB.x
XBB.1.9.2;2024-07-03;0.0;XBB.x
XBB.1.9.2;2024-07-10;0.0;XBB.x
XBB.1.9.2;2024-07-17;0.0;XBB.x
XBB.1.9.2;2024-07-24;0.0;XBB.x
XBB.1.9.2;2024-07-31;0.0;XBB.x
XBB.1.9.2;2024-08-07;0.0;XBB.x
XBB.1.9.2;2024-08-14;0.0;XBB.x
XBB.1.9.2;2024-08-21;0.0;XBB.x
XBB.1.9.2;2024-08-28;0.0;XBB.x
XBB.1.9.2;2024-09-04;0.0;XBB.x
XBB.1.9.2;2024-09-11;0.0;XBB.x
XBB.1.9.2;2024-09-18;0.0;XBB.x
XBB.1.9.2;2024-09-25;0.0;XBB.x
XBB.1.9.2;2024-10-02;0.0;XBB.x
XBB.1.9.2;2024-10-09;0.0;XBB.x
XBB.1.9.2;2024-10-16;0.0;XBB.x
XBB.1.9.2;2024-10-23;0.0;XBB.x
XBB.1.9.2;2024-10-30;0.0;XBB.x
XBB.1.9.2;2024-11-06;0.0;XBB.x
XBB.1.9.2;2024-11-13;0.0;XBB.x
XBB.1.9.2;2024-11-20;0.0;XBB.x
XBB.1.9.2;2024-11-27;0.0;XBB.x
XBB.1.9.2;2024-12-04;0.0;XBB.x
XBB.1.9.2;2024-12-11;0.0;XBB.x
XBB.1.9.2;2024-12-18;0.0;XBB.x
XBB.1.9.2;2024-12-25;0.0;XBB.x
XBB.1.9.2;2025-01-01;0.0;XBB.x
XBB.1.9.2;2025-01-08;0.0;XBB.x
XBB.1.9.2;2025-01-15;0.0;XBB.x
XBB.1.9.2;2025-01-22;0.0;XBB.x
XBB.1.9.2;2025-01-29;0.0;XBB.x
XBB.1.9.2;2025-02-05;0.0;XBB.x
XBB.1.9.2;2025-02-12;0.0;XBB.x
XBB.1.9.2;2025-02-19;0.0;XBB.x
XBB.1.9.2;2025-02-26;0.0;XBB.x
XBB.1.9.2;2025-03-05;0.0;XBB.x
XBB.1.9.2;2025-03-12;0.0;XBB.x
XBB.1.9.2;2025-03-19;0.0;XBB.x
XBB.1.9.2;2025-03-26;0.0;XBB.x
XBB.1.9.2;2025-04-02;0.0;XBB.x
XBB.1.9.2;2025-04-09;0.0;XBB.x
XBB.1.9.2;2025-04-16;0.0;XBB.x
XBB.1.9.2;2025-04-23;0.0;XBB.x
XBB.1.9.2;2025-04-30;0.0;XBB.x
XBB.1.9.2;2025-05-07;0.0;XBB.x
XBB.1.9.2;2025-05-14;0.0;XBB.x
XBB.1.9.2;2025-05-21;0.0;XBB.x
XBB.1.9.2;2025-05-28;0.0;XBB.x
XBB.1.9.2;2025-06-04;0.0;XBB.x
XBB.1.9.2;2025-06-11;0.0;XBB.x
XBB.1.9.2;2025-06-18;0.0;XBB.x
XBB.1.9.2;2025-06-25;0.0;XBB.x
XBB.1.9.2;2025-07-02;0.0;XBB.x
XBB.1.9.2;2025-07-09;0.0;XBB.x
XBB.1.9;2022-09-21;0.0;XBB.x
XBB.1.9;2022-09-28;0.0;XBB.x
XBB.1.9;2022-10-05;0.0;XBB.x
XBB.1.9;2022-10-12;0.0;XBB.x
XBB.1.9;2022-10-19;0.0;XBB.x
XBB.1.9;2022-10-26;0.001;XBB.x
XBB.1.9;2022-11-02;0.004;XBB.x
XBB.1.9;2022-11-09;0.001;XBB.x
XBB.1.9;2022-11-16;0.0;XBB.x
XBB.1.9;2022-11-23;0.001;XBB.x
XBB.1.9;2022-11-30;0.001;XBB.x
XBB.1.9;2022-12-07;0.003;XBB.x
XBB.1.9;2022-12-14;0.006;XBB.x
XBB.1.9;2022-12-21;0.0;XBB.x
XBB.1.9;2022-12-28;0.0;XBB.x
XBB.1.9;2023-01-04;0.0;XBB.x
XBB.1.9;2023-01-11;0.001;XBB.x
XBB.1.9;2023-01-18;0.0;XBB.x
XBB.1.9;2023-01-25;0.0;XBB.x
XBB.1.9;2023-02-01;0.0;XBB.x
XBB.1.9;2023-02-08;0.011;XBB.x
XBB.1.9;2023-02-15;0.029;XBB.x
XBB.1.9;2023-02-22;0.007;XBB.x
XBB.1.9;2023-03-01;0.057;XBB.x
XBB.1.9;2023-03-08;0.02;XBB.x
XBB.1.9;2023-03-15;0.074;XBB.x
XBB.1.9;2023-03-22;0.003;XBB.x
XBB.1.9;2023-03-29;0.002;XBB.x
XBB.1.9;2023-04-05;0.007;XBB.x
XBB.1.9;2023-04-12;0.042;XBB.x
XBB.1.9;2023-04-19;0.03;XBB.x
XBB.1.9;2023-04-26;0.007;XBB.x
XBB.1.9;2023-05-03;0.011;XBB.x
XBB.1.9;2023-05-10;0.006;XBB.x
XBB.1.9;2023-05-17;0.007;XBB.x
XBB.1.9;2023-05-24;0.073;XBB.x
XBB.1.9;2023-05-31;0.005;XBB.x
XBB.1.9;2023-06-07;0.086;XBB.x
XBB.1.9;2023-06-14;0.095;XBB.x
XBB.1.9;2023-06-21;0.108;XBB.x
XBB.1.9;2023-06-28;0.058;XBB.x
XBB.1.9;2023-07-05;0.12;XBB.x
XBB.1.9;2023-07-12;0.105;XBB.x
XBB.1.9;2023-07-19;0.096;XBB.x
XBB.1.9;2023-07-26;0.074;XBB.x
XBB.1.9;2023-08-02;0.058;XBB.x
XBB.1.9;2023-08-09;0.043;XBB.x
XBB.1.9;2023-08-16;0.032;XBB.x
XBB.1.9;2023-08-23;0.081;XBB.x
XBB.1.9;2023-08-30;0.042;XBB.x
XBB.1.9;2023-09-06;0.032;XBB.x
XBB.1.9;2023-09-13;0.022;XBB.x
XBB.1.9;2023-09-20;0.035;XBB.x
XBB.1.9;2023-09-27;0.03;XBB.x
XBB.1.9;2023-10-04;0.058;XBB.x
XBB.1.9;2023-10-11;0.026;XBB.x
XBB.1.9;2023-10-18;0.028;XBB.x
XBB.1.9;2023-10-25;0.016;XBB.x
XBB.1.9;2023-11-01;0.007;XBB.x
XBB.1.9;2023-11-08;0.002;XBB.x
XBB.1.9;2023-11-15;0.002;XBB.x
XBB.1.9;2023-11-22;0.01;XBB.x
XBB.1.9;2023-11-29;0.001;XBB.x
XBB.1.9;2023-12-06;0.0;XBB.x
XBB.1.9;2023-12-13;0.001;XBB.x
XBB.1.9;2023-12-20;0.002;XBB.x
XBB.1.9;2023-12-27;0.0;XBB.x
XBB.1.9;2024-01-03;0.002;XBB.x
XBB.1.9;2024-01-10;0.0;XBB.x
XBB.1.9;2024-01-17;0.026;XBB.x
XBB.1.9;2024-01-24;0.053;XBB.x
XBB.1.9;2024-01-31;0.0;XBB.x
XBB.1.9;2024-02-07;0.0;XBB.x
XBB.1.9;2024-02-14;0.001;XBB.x
XBB.1.9;2024-02-21;0.0;XBB.x
XBB.1.9;2024-02-28;0.0;XBB.x
XBB.1.9;2024-03-06;0.0;XBB.x
XBB.1.9;2024-03-13;0.0;XBB.x
XBB.1.9;2024-03-20;0.0;XBB.x
XBB.1.9;2024-03-27;0.0;XBB.x
XBB.1.9;2024-04-03;0.0;XBB.x
XBB.1.9;2024-04-10;0.0;XBB.x
XBB.1.9;2024-04-17;0.0;XBB.x
XBB.1.9;2024-04-24;0.0;XBB.x
XBB.1.9;2024-05-01;0.0;XBB.x
XBB.1.9;2024-05-08;0.0;XBB.x
XBB.1.9;2024-05-15;0.0;XBB.x
XBB.1.9;2024-05-22;0.0;XBB.x
XBB.1.9;2024-05-29;0.0;XBB.x
XBB.1.9;2024-06-05;0.0;XBB.x
XBB.1.9;2024-06-12;0.0;XBB.x
XBB.1.9;2024-06-19;0.0;XBB.x
XBB.1.9;2024-06-26;0.0;XBB.x
XBB.1.9;2024-07-03;0.0;XBB.x
XBB.1.9;2024-07-10;0.0;XBB.x
XBB.1.9;2024-07-17;0.0;XBB.x
XBB.1.9;2024-07-24;0.0;XBB.x
XBB.1.9;2024-07-31;0.0;XBB.x
XBB.1.9;2024-08-07;0.0;XBB.x
XBB.1.9;2024-08-14;0.0;XBB.x
XBB.1.9;2024-08-21;0.0;XBB.x
XBB.1.9;2024-08-28;0.0;XBB.x
XBB.1.9;2024-09-04;0.0;XBB.x
XBB.1.9;2024-09-11;0.0;XBB.x
XBB.1.9;2024-09-18;0.0;XBB.x
XBB.1.9;2024-09-25;0.0;XBB.x
XBB.1.9;2024-10-02;0.0;XBB.x
XBB.1.9;2024-10-09;0.0;XBB.x
XBB.1.9;2024-10-16;0.0;XBB.x
XBB.1.9;2024-10-23;0.0;XBB.x
XBB.1.9;2024-10-30;0.0;XBB.x
XBB.1.9;2024-11-06;0.0;XBB.x
XBB.1.9;2024-11-13;0.0;XBB.x
XBB.1.9;2024-11-20;0.0;XBB.x
XBB.1.9;2024-11-27;0.0;XBB.x
XBB.1.9;2024-12-04;0.0;XBB.x
XBB.1.9;2024-12-11;0.0;XBB.x
XBB.1.9;2024-12-18;0.0;XBB.x
XBB.1.9;2024-12-25;0.0;XBB.x
XBB.1.9;2025-01-01;0.0;XBB.x
XBB.1.9;2025-01-08;0.0;XBB.x
XBB.1.9;2025-01-15;0.0;XBB.x
XBB.1.9;2025-01-22;0.0;XBB.x
XBB.1.9;2025-01-29;0.0;XBB.x
XBB.1.9;2025-02-05;0.0;XBB.x
XBB.1.9;2025-02-12;0.0;XBB.x
XBB.1.9;2025-02-19;0.0;XBB.x
XBB.1.9;2025-02-26;0.0;XBB.x
XBB.1.9;2025-03-05;0.0;XBB.x
XBB.1.9;2025-03-12;0.0;XBB.x
XBB.1.9;2025-03-19;0.0;XBB.x
XBB.1.9;2025-03-26;0.0;XBB.x
XBB.1.9;2025-04-02;0.0;XBB.x
XBB.1.9;2025-04-09;0.0;XBB.x
XBB.1.9;2025-04-16;0.0;XBB.x
XBB.1.9;2025-04-23;0.0;XBB.x
XBB.1.9;2025-04-30;0.0;XBB.x
XBB.1.9;2025-05-07;0.0;XBB.x
XBB.1.9;2025-05-14;0.0;XBB.x
XBB.1.9;2025-05-21;0.0;XBB.x
XBB.1.9;2025-05-28;0.0;XBB.x
XBB.1.9;2025-06-04;0.0;XBB.x
XBB.1.9;2025-06-11;0.0;XBB.x
XBB.1.9;2025-06-18;0.0;XBB.x
XBB.1.9;2025-06-25;0.0;XBB.x
XBB.1.9;2025-07-02;0.0;XBB.x
XBB.1.9;2025-07-09;0.0;XBB.x
XBB.1.5;2022-09-21;0.0;XBB.x
XBB.1.5;2022-09-28;0.0;XBB.x
XBB.1.5;2022-10-05;0.0;XBB.x
XBB.1.5;2022-10-12;0.0;XBB.x
XBB.1.5;2022-10-19;0.0;XBB.x
XBB.1.5;2022-10-26;0.0;XBB.x
XBB.1.5;2022-11-02;0.005;XBB.x
XBB.1.5;2022-11-09;0.0;XBB.x
XBB.1.5;2022-11-16;0.001;XBB.x
XBB.1.5;2022-11-23;0.0;XBB.x
XBB.1.5;2022-11-30;0.0;XBB.x
XBB.1.5;2022-12-07;0.011;XBB.x
XBB.1.5;2022-12-14;0.002;XBB.x
XBB.1.5;2022-12-21;0.021;XBB.x
XBB.1.5;2022-12-28;0.015;XBB.x
XBB.1.5;2023-01-04;0.04;XBB.x
XBB.1.5;2023-01-11;0.087;XBB.x
XBB.1.5;2023-01-18;0.135;XBB.x
XBB.1.5;2023-01-25;0.158;XBB.x
XBB.1.5;2023-02-01;0.279;XBB.x
XBB.1.5;2023-02-08;0.32;XBB.x
XBB.1.5;2023-02-15;0.383;XBB.x
XBB.1.5;2023-02-22;0.463;XBB.x
XBB.1.5;2023-03-01;0.496;XBB.x
XBB.1.5;2023-03-08;0.557;XBB.x
XBB.1.5;2023-03-15;0.564;XBB.x
XBB.1.5;2023-03-22;0.627;XBB.x
XBB.1.5;2023-03-29;0.651;XBB.x
XBB.1.5;2023-04-05;0.673;XBB.x
XBB.1.5;2023-04-12;0.597;XBB.x
XBB.1.5;2023-04-19;0.554;XBB.x
XBB.1.5;2023-04-26;0.583;XBB.x
XBB.1.5;2023-05-03;0.525;XBB.x
XBB.1.5;2023-05-10;0.497;XBB.x
XBB.1.5;2023-05-17;0.412;XBB.x
XBB.1.5;2023-05-24;0.435;XBB.x
XBB.1.5;2023-05-31;0.343;XBB.x
XBB.1.5;2023-06-07;0.274;XBB.x
XBB.1.5;2023-06-14;0.31;XBB.x
XBB.1.5;2023-06-21;0.321;XBB.x
XBB.1.5;2023-06-28;0.133;XBB.x
XBB.1.5;2023-07-05;0.167;XBB.x
XBB.1.5;2023-07-12;0.093;XBB.x
XBB.1.5;2023-07-19;0.075;XBB.x
XBB.1.5;2023-07-26;0.176;XBB.x
XBB.1.5;2023-08-02;0.198;XBB.x
XBB.1.5;2023-08-09;0.079;XBB.x
XBB.1.5;2023-08-16;0.105;XBB.x
XBB.1.5;2023-08-23;0.127;XBB.x
XBB.1.5;2023-08-30;0.204;XBB.x
XBB.1.5;2023-09-06;0.154;XBB.x
XBB.1.5;2023-09-13;0.092;XBB.x
XBB.1.5;2023-09-20;0.117;XBB.x
XBB.1.5;2023-09-27;0.109;XBB.x
XBB.1.5;2023-10-04;0.098;XBB.x
XBB.1.5;2023-10-11;0.134;XBB.x
XBB.1.5;2023-10-18;0.118;XBB.x
XBB.1.5;2023-10-25;0.147;XBB.x
XBB.1.5;2023-11-01;0.138;XBB.x
XBB.1.5;2023-11-08;0.134;XBB.x
XBB.1.5;2023-11-15;0.12;XBB.x
XBB.1.5;2023-11-22;0.1;XBB.x
XBB.1.5;2023-11-29;0.106;XBB.x
XBB.1.5;2023-12-06;0.097;XBB.x
XBB.1.5;2023-12-13;0.091;XBB.x
XBB.1.5;2023-12-20;0.064;XBB.x
XBB.1.5;2023-12-27;0.027;XBB.x
XBB.1.5;2024-01-03;0.02;XBB.x
XBB.1.5;2024-01-10;0.017;XBB.x
XBB.1.5;2024-01-17;0.004;XBB.x
XBB.1.5;2024-01-24;0.014;XBB.x
XBB.1.5;2024-01-31;0.005;XBB.x
XBB.1.5;2024-02-07;0.0;XBB.x
XBB.1.5;2024-02-14;0.0;XBB.x
XBB.1.5;2024-02-21;0.0;XBB.x
XBB.1.5;2024-02-28;0.0;XBB.x
XBB.1.5;2024-03-06;0.0;XBB.x
XBB.1.5;2024-03-13;0.0;XBB.x
XBB.1.5;2024-03-20;0.0;XBB.x
XBB.1.5;2024-03-27;0.0;XBB.x
XBB.1.5;2024-04-03;0.0;XBB.x
XBB.1.5;2024-04-10;0.0;XBB.x
XBB.1.5;2024-04-17;0.0;XBB.x
XBB.1.5;2024-04-24;0.0;XBB.x
XBB.1.5;2024-05-01;0.0;XBB.x
XBB.1.5;2024-05-08;0.0;XBB.x
XBB.1.5;2024-05-15;0.0;XBB.x
XBB.1.5;2024-05-22;0.0;XBB.x
XBB.1.5;2024-05-29;0.0;XBB.x
XBB.1.5;2024-06-05;0.0;XBB.x
XBB.1.5;2024-06-12;0.0;XBB.x
XBB.1.5;2024-06-19;0.0;XBB.x
XBB.1.5;2024-06-26;0.0;XBB.x
XBB.1.5;2024-07-03;0.0;XBB.x
XBB.1.5;2024-07-10;0.0;XBB.x
XBB.1.5;2024-07-17;0.0;XBB.x
XBB.1.5;2024-07-24;0.0;XBB.x
XBB.1.5;2024-07-31;0.0;XBB.x
XBB.1.5;2024-08-07;0.0;XBB.x
XBB.1.5;2024-08-14;0.0;XBB.x
XBB.1.5;2024-08-21;0.0;XBB.x
XBB.1.5;2024-08-28;0.0;XBB.x
XBB.1.5;2024-09-04;0.0;XBB.x
XBB.1.5;2024-09-11;0.0;XBB.x
XBB.1.5;2024-09-18;0.0;XBB.x
XBB.1.5;2024-09-25;0.0;XBB.x
XBB.1.5;2024-10-02;0.0;XBB.x
XBB.1.5;2024-10-09;0.0;XBB.x
XBB.1.5;2024-10-16;0.0;XBB.x
XBB.1.5;2024-10-23;0.0;XBB.x
XBB.1.5;2024-10-30;0.0;XBB.x
XBB.1.5;2024-11-06;0.0;XBB.x
XBB.1.5;2024-11-13;0.0;XBB.x
XBB.1.5;2024-11-20;0.0;XBB.x
XBB.1.5;2024-11-27;0.0;XBB.x
XBB.1.5;2024-12-04;0.0;XBB.x
XBB.1.5;2024-12-11;0.0;XBB.x
XBB.1.5;2024-12-18;0.0;XBB.x
XBB.1.5;2024-12-25;0.0;XBB.x
XBB.1.5;2025-01-01;0.0;XBB.x
XBB.1.5;2025-01-08;0.0;XBB.x
XBB.1.5;2025-01-15;0.0;XBB.x
XBB.1.5;2025-01-22;0.0;XBB.x
XBB.1.5;2025-01-29;0.0;XBB.x
XBB.1.5;2025-02-05;0.0;XBB.x
XBB.1.5;2025-02-12;0.0;XBB.x
XBB.1.5;2025-02-19;0.0;XBB.x
XBB.1.5;2025-02-26;0.0;XBB.x
XBB.1.5;2025-03-05;0.0;XBB.x
XBB.1.5;2025-03-12;0.0;XBB.x
XBB.1.5;2025-03-19;0.0;XBB.x
XBB.1.5;2025-03-26;0.0;XBB.x
XBB.1.5;2025-04-02;0.0;XBB.x
XBB.1.5;2025-04-09;0.0;XBB.x
XBB.1.5;2025-04-16;0.0;XBB.x
XBB.1.5;2025-04-23;0.0;XBB.x
XBB.1.5;2025-04-30;0.0;XBB.x
XBB.1.5;2025-05-07;0.0;XBB.x
XBB.1.5;2025-05-14;0.0;XBB.x
XBB.1.5;2025-05-21;0.0;XBB.x
XBB.1.5;2025-05-28;0.0;XBB.x
XBB.1.5;2025-06-04;0.0;XBB.x
XBB.1.5;2025-06-11;0.0;XBB.x
XBB.1.5;2025-06-18;0.0;XBB.x
XBB.1.5;2025-06-25;0.0;XBB.x
XBB.1.5;2025-07-02;0.0;XBB.x
XBB.1.5;2025-07-09;0.0;XBB.x
XBB.1.16;2022-09-21;0.0;XBB.x
XBB.1.16;2022-09-28;0.0;XBB.x
XBB.1.16;2022-10-05;0.0;XBB.x
XBB.1.16;2022-10-12;0.0;XBB.x
XBB.1.16;2022-10-19;0.0;XBB.x
XBB.1.16;2022-10-26;0.0;XBB.x
XBB.1.16;2022-11-02;0.0;XBB.x
XBB.1.16;2022-11-09;0.0;XBB.x
XBB.1.16;2022-11-16;0.0;XBB.x
XBB.1.16;2022-11-23;0.0;XBB.x
XBB.1.16;2022-11-30;0.0;XBB.x
XBB.1.16;2022-12-07;0.0;XBB.x
XBB.1.16;2022-12-14;0.0;XBB.x
XBB.1.16;2022-12-21;0.0;XBB.x
XBB.1.16;2022-12-28;0.0;XBB.x
XBB.1.16;2023-01-04;0.0;XBB.x
XBB.1.16;2023-01-11;0.0;XBB.x
XBB.1.16;2023-01-18;0.0;XBB.x
XBB.1.16;2023-01-25;0.0;XBB.x
XBB.1.16;2023-02-01;0.001;XBB.x
XBB.1.16;2023-02-08;0.001;XBB.x
XBB.1.16;2023-02-15;0.001;XBB.x
XBB.1.16;2023-02-22;0.001;XBB.x
XBB.1.16;2023-03-01;0.001;XBB.x
XBB.1.16;2023-03-08;0.021;XBB.x
XBB.1.16;2023-03-15;0.013;XBB.x
XBB.1.16;2023-03-22;0.011;XBB.x
XBB.1.16;2023-03-29;0.061;XBB.x
XBB.1.16;2023-04-05;0.044;XBB.x
XBB.1.16;2023-04-12;0.065;XBB.x
XBB.1.16;2023-04-19;0.062;XBB.x
XBB.1.16;2023-04-26;0.092;XBB.x
XBB.1.16;2023-05-03;0.132;XBB.x
XBB.1.16;2023-05-10;0.128;XBB.x
XBB.1.16;2023-05-17;0.161;XBB.x
XBB.1.16;2023-05-24;0.142;XBB.x
XBB.1.16;2023-05-31;0.22;XBB.x
XBB.1.16;2023-06-07;0.247;XBB.x
XBB.1.16;2023-06-14;0.21;XBB.x
XBB.1.16;2023-06-21;0.198;XBB.x
XBB.1.16;2023-06-28;0.181;XBB.x
XBB.1.16;2023-07-05;0.2;XBB.x
XBB.1.16;2023-07-12;0.238;XBB.x
XBB.1.16;2023-07-19;0.198;XBB.x
XBB.1.16;2023-07-26;0.074;XBB.x
XBB.1.16;2023-08-02;0.159;XBB.x
XBB.1.16;2023-08-09;0.153;XBB.x
XBB.1.16;2023-08-16;0.143;XBB.x
XBB.1.16;2023-08-23;0.099;XBB.x
XBB.1.16;2023-08-30;0.135;XBB.x
XBB.1.16;2023-09-06;0.149;XBB.x
XBB.1.16;2023-09-13;0.16;XBB.x
XBB.1.16;2023-09-20;0.167;XBB.x
XBB.1.16;2023-09-27;0.157;XBB.x
XBB.1.16;2023-10-04;0.168;XBB.x
XBB.1.16;2023-10-11;0.16;XBB.x
XBB.1.16;2023-10-18;0.154;XBB.x
XBB.1.16;2023-10-25;0.123;XBB.x
XBB.1.16;2023-11-01;0.157;XBB.x
XBB.1.16;2023-11-08;0.165;XBB.x
XBB.1.16;2023-11-15;0.126;XBB.x
XBB.1.16;2023-11-22;0.109;XBB.x
XBB.1.16;2023-11-29;0.11;XBB.x
XBB.1.16;2023-12-06;0.097;XBB.x
XBB.1.16;2023-12-13;0.066;XBB.x
XBB.1.16;2023-12-20;0.042;XBB.x
XBB.1.16;2023-12-27;0.03;XBB.x
XBB.1.16;2024-01-03;0.023;XBB.x
XBB.1.16;2024-01-10;0.034;XBB.x
XBB.1.16;2024-01-17;0.0;XBB.x
XBB.1.16;2024-01-24;0.0;XBB.x
XBB.1.16;2024-01-31;0.0;XBB.x
XBB.1.16;2024-02-07;0.0;XBB.x
XBB.1.16;2024-02-14;0.0;XBB.x
XBB.1.16;2024-02-21;0.0;XBB.x
XBB.1.16;2024-02-28;0.0;XBB.x
XBB.1.16;2024-03-06;0.0;XBB.x
XBB.1.16;2024-03-13;0.0;XBB.x
XBB.1.16;2024-03-20;0.0;XBB.x
XBB.1.16;2024-03-27;0.0;XBB.x
XBB.1.16;2024-04-03;0.0;XBB.x
XBB.1.16;2024-04-10;0.0;XBB.x
XBB.1.16;2024-04-17;0.0;XBB.x
XBB.1.16;2024-04-24;0.0;XBB.x
XBB.1.16;2024-05-01;0.0;XBB.x
XBB.1.16;2024-05-08;0.0;XBB.x
XBB.1.16;2024-05-15;0.0;XBB.x
XBB.1.16;2024-05-22;0.0;XBB.x
XBB.1.16;2024-05-29;0.0;XBB.x
XBB.1.16;2024-06-05;0.0;XBB.x
XBB.1.16;2024-06-12;0.0;XBB.x
XBB.1.16;2024-06-19;0.0;XBB.x
XBB.1.16;2024-06-26;0.0;XBB.x
XBB.1.16;2024-07-03;0.0;XBB.x
XBB.1.16;2024-07-10;0.0;XBB.x
XBB.1.16;2024-07-17;0.0;XBB.x
XBB.1.16;2024-07-24;0.0;XBB.x
XBB.1.16;2024-07-31;0.0;XBB.x
XBB.1.16;2024-08-07;0.0;XBB.x
XBB.1.16;2024-08-14;0.0;XBB.x
XBB.1.16;2024-08-21;0.0;XBB.x
XBB.1.16;2024-08-28;0.0;XBB.x
XBB.1.16;2024-09-04;0.0;XBB.x
XBB.1.16;2024-09-11;0.0;XBB.x
XBB.1.16;2024-09-18;0.0;XBB.x
XBB.1.16;2024-09-25;0.0;XBB.x
XBB.1.16;2024-10-02;0.0;XBB.x
XBB.1.16;2024-10-09;0.0;XBB.x
XBB.1.16;2024-10-16;0.0;XBB.x
XBB.1.16;2024-10-23;0.0;XBB.x
XBB.1.16;2024-10-30;0.0;XBB.x
XBB.1.16;2024-11-06;0.0;XBB.x
XBB.1.16;2024-11-13;0.0;XBB.x
XBB.1.16;2024-11-20;0.0;XBB.x
XBB.1.16;2024-11-27;0.0;XBB.x
XBB.1.16;2024-12-04;0.0;XBB.x
XBB.1.16;2024-12-11;0.0;XBB.x
XBB.1.16;2024-12-18;0.0;XBB.x
XBB.1.16;2024-12-25;0.0;XBB.x
XBB.1.16;2025-01-01;0.0;XBB.x
XBB.1.16;2025-01-08;0.0;XBB.x
XBB.1.16;2025-01-15;0.0;XBB.x
XBB.1.16;2025-01-22;0.0;XBB.x
XBB.1.16;2025-01-29;0.0;XBB.x
XBB.1.16;2025-02-05;0.0;XBB.x
XBB.1.16;2025-02-12;0.0;XBB.x
XBB.1.16;2025-02-19;0.0;XBB.x
XBB.1.16;2025-02-26;0.0;XBB.x
XBB.1.16;2025-03-05;0.0;XBB.x
XBB.1.16;2025-03-12;0.0;XBB.x
XBB.1.16;2025-03-19;0.0;XBB.x
XBB.1.16;2025-03-26;0.0;XBB.x
XBB.1.16;2025-04-02;0.0;XBB.x
XBB.1.16;2025-04-09;0.0;XBB.x
XBB.1.16;2025-04-16;0.0;XBB.x
XBB.1.16;2025-04-23;0.0;XBB.x
XBB.1.16;2025-04-30;0.0;XBB.x
XBB.1.16;2025-05-07;0.0;XBB.x
XBB.1.16;2025-05-14;0.0;XBB.x
XBB.1.16;2025-05-21;0.0;XBB.x
XBB.1.16;2025-05-28;0.0;XBB.x
XBB.1.16;2025-06-04;0.0;XBB.x
XBB.1.16;2025-06-11;0.0;XBB.x
XBB.1.16;2025-06-18;0.0;XBB.x
XBB.1.16;2025-06-25;0.0;XBB.x
XBB.1.16;2025-07-02;0.0;XBB.x
XBB.1.16;2025-07-09;0.0;XBB.x
XBB.1;2022-09-21;0.0;XBB.x
XBB.1;2022-09-28;0.0;XBB.x
XBB.1;2022-10-05;0.0;XBB.x
XBB.1;2022-10-12;0.0;XBB.x
XBB.1;2022-10-19;0.0;XBB.x
XBB.1;2022-10-26;0.0;XBB.x
XBB.1;2022-11-02;0.0;XBB.x
XBB.1;2022-11-09;0.0;XBB.x
XBB.1;2022-11-16;0.0;XBB.x
XBB.1;2022-11-23;0.0;XBB.x
XBB.1;2022-11-30;0.0;XBB.x
XBB.1;2022-12-07;0.0;XBB.x
XBB.1;2022-12-14;0.0;XBB.x
XBB.1;2022-12-21;0.0;XBB.x
XBB.1;2022-12-28;0.002;XBB.x
XBB.1;2023-01-04;0.013;XBB.x
XBB.1;2023-01-11;0.015;XBB.x
XBB.1;2023-01-18;0.015;XBB.x
XBB.1;2023-01-25;0.048;XBB.x
XBB.1;2023-02-01;0.019;XBB.x
XBB.1;2023-02-08;0.023;XBB.x
XBB.1;2023-02-15;0.062;XBB.x
XBB.1;2023-02-22;0.116;XBB.x
XBB.1;2023-03-01;0.083;XBB.x
XBB.1;2023-03-08;0.122;XBB.x
XBB.1;2023-03-15;0.091;XBB.x
XBB.1;2023-03-22;0.126;XBB.x
XBB.1;2023-03-29;0.048;XBB.x
XBB.1;2023-04-05;0.059;XBB.x
XBB.1;2023-04-12;0.062;XBB.x
XBB.1;2023-04-19;0.077;XBB.x
XBB.1;2023-04-26;0.101;XBB.x
XBB.1;2023-05-03;0.096;XBB.x
XBB.1;2023-05-10;0.075;XBB.x
XBB.1;2023-05-17;0.133;XBB.x
XBB.1;2023-05-24;0.147;XBB.x
XBB.1;2023-05-31;0.116;XBB.x
XBB.1;2023-06-07;0.08;XBB.x
XBB.1;2023-06-14;0.035;XBB.x
XBB.1;2023-06-21;0.115;XBB.x
XBB.1;2023-06-28;0.016;XBB.x
XBB.1;2023-07-05;0.042;XBB.x
XBB.1;2023-07-12;0.006;XBB.x
XBB.1;2023-07-19;0.009;XBB.x
XBB.1;2023-07-26;0.013;XBB.x
XBB.1;2023-08-02;0.019;XBB.x
XBB.1;2023-08-09;0.016;XBB.x
XBB.1;2023-08-16;0.024;XBB.x
XBB.1;2023-08-23;0.009;XBB.x
XBB.1;2023-08-30;0.008;XBB.x
XBB.1;2023-09-06;0.025;XBB.x
XBB.1;2023-09-13;0.066;XBB.x
XBB.1;2023-09-20;0.014;XBB.x
XBB.1;2023-09-27;0.018;XBB.x
XBB.1;2023-10-04;0.013;XBB.x
XBB.1;2023-10-11;0.01;XBB.x
XBB.1;2023-10-18;0.003;XBB.x
XBB.1;2023-10-25;0.002;XBB.x
XBB.1;2023-11-01;0.004;XBB.x
XBB.1;2023-11-08;0.001;XBB.x
XBB.1;2023-11-15;0.003;XBB.x
XBB.1;2023-11-22;0.0;XBB.x
XBB.1;2023-11-29;0.002;XBB.x
XBB.1;2023-12-06;0.0;XBB.x
XBB.1;2023-12-13;0.0;XBB.x
XBB.1;2023-12-20;0.003;XBB.x
XBB.1;2023-12-27;0.001;XBB.x
XBB.1;2024-01-03;0.003;XBB.x
XBB.1;2024-01-10;0.001;XBB.x
XBB.1;2024-01-17;0.043;XBB.x
XBB.1;2024-01-24;0.007;XBB.x
XBB.1;2024-01-31;0.001;XBB.x
XBB.1;2024-02-07;0.0;XBB.x
XBB.1;2024-02-14;0.002;XBB.x
XBB.1;2024-02-21;0.0;XBB.x
XBB.1;2024-02-28;0.0;XBB.x
XBB.1;2024-03-06;0.0;XBB.x
XBB.1;2024-03-13;0.0;XBB.x
XBB.1;2024-03-20;0.0;XBB.x
XBB.1;2024-03-27;0.0;XBB.x
XBB.1;2024-04-03;0.0;XBB.x
XBB.1;2024-04-10;0.0;XBB.x
XBB.1;2024-04-17;0.0;XBB.x
XBB.1;2024-04-24;0.0;XBB.x
XBB.1;2024-05-01;0.0;XBB.x
XBB.1;2024-05-08;0.0;XBB.x
XBB.1;2024-05-15;0.0;XBB.x
XBB.1;2024-05-22;0.0;XBB.x
XBB.1;2024-05-29;0.0;XBB.x
XBB.1;2024-06-05;0.0;XBB.x
XBB.1;2024-06-12;0.0;XBB.x
XBB.1;2024-06-19;0.0;XBB.x
XBB.1;2024-06-26;0.0;XBB.x
XBB.1;2024-07-03;0.0;XBB.x
XBB.1;2024-07-10;0.0;XBB.x
XBB.1;2024-07-17;0.0;XBB.x
XBB.1;2024-07-24;0.0;XBB.x
XBB.1;2024-07-31;0.0;XBB.x
XBB.1;2024-08-07;0.0;XBB.x
XBB.1;2024-08-14;0.0;XBB.x
XBB.1;2024-08-21;0.0;XBB.x
XBB.1;2024-08-28;0.0;XBB.x
XBB.1;2024-09-04;0.0;XBB.x
XBB.1;2024-09-11;0.0;XBB.x
XBB.1;2024-09-18;0.0;XBB.x
XBB.1;2024-09-25;0.0;XBB.x
XBB.1;2024-10-02;0.0;XBB.x
XBB.1;2024-10-09;0.0;XBB.x
XBB.1;2024-10-16;0.0;XBB.x
XBB.1;2024-10-23;0.0;XBB.x
XBB.1;2024-10-30;0.0;XBB.x
XBB.1;2024-11-06;0.0;XBB.x
XBB.1;2024-11-13;0.0;XBB.x
XBB.1;2024-11-20;0.0;XBB.x
XBB.1;2024-11-27;0.0;XBB.x
XBB.1;2024-12-04;0.0;XBB.x
XBB.1;2024-12-11;0.0;XBB.x
XBB.1;2024-12-18;0.0;XBB.x
XBB.1;2024-12-25;0.0;XBB.x
XBB.1;2025-01-01;0.0;XBB.x
XBB.1;2025-01-08;0.0;XBB.x
XBB.1;2025-01-15;0.0;XBB.x
XBB.1;2025-01-22;0.0;XBB.x
XBB.1;2025-01-29;0.0;XBB.x
XBB.1;2025-02-05;0.0;XBB.x
XBB.1;2025-02-12;0.0;XBB.x
XBB.1;2025-02-19;0.0;XBB.x
XBB.1;2025-02-26;0.0;XBB.x
XBB.1;2025-03-05;0.0;XBB.x
XBB.1;2025-03-12;0.0;XBB.x
XBB.1;2025-03-19;0.0;XBB.x
XBB.1;2025-03-26;0.0;XBB.x
XBB.1;2025-04-02;0.0;XBB.x
XBB.1;2025-04-09;0.0;XBB.x
XBB.1;2025-04-16;0.0;XBB.x
XBB.1;2025-04-23;0.0;XBB.x
XBB.1;2025-04-30;0.0;XBB.x
XBB.1;2025-05-07;0.0;XBB.x
XBB.1;2025-05-14;0.0;XBB.x
XBB.1;2025-05-21;0.0;XBB.x
XBB.1;2025-05-28;0.0;XBB.x
XBB.1;2025-06-04;0.0;XBB.x
XBB.1;2025-06-11;0.0;XBB.x
XBB.1;2025-06-18;0.0;XBB.x
XBB.1;2025-06-25;0.0;XBB.x
XBB.1;2025-07-02;0.0;XBB.x
XBB.1;2025-07-09;0.0;XBB.x
XBB;2022-09-21;0.0;XBB.x
XBB;2022-09-28;0.002;XBB.x
XBB;2022-10-05;0.0;XBB.x
XBB;2022-10-12;0.001;XBB.x
XBB;2022-10-19;0.003;XBB.x
XBB;2022-10-26;0.005;XBB.x
XBB;2022-11-02;0.006;XBB.x
XBB;2022-11-09;0.006;XBB.x
XBB;2022-11-16;0.0;XBB.x
XBB;2022-11-23;0.002;XBB.x
XBB;2022-11-30;0.003;XBB.x
XBB;2022-12-07;0.02;XBB.x
XBB;2022-12-14;0.002;XBB.x
XBB;2022-12-21;0.015;XBB.x
XBB;2022-12-28;0.004;XBB.x
XBB;2023-01-04;0.008;XBB.x
XBB;2023-01-11;0.062;XBB.x
XBB;2023-01-18;0.034;XBB.x
XBB;2023-01-25;0.018;XBB.x
XBB;2023-02-01;0.011;XBB.x
XBB;2023-02-08;0.044;XBB.x
XBB;2023-02-15;0.058;XBB.x
XBB;2023-02-22;0.035;XBB.x
XBB;2023-03-01;0.024;XBB.x
XBB;2023-03-08;0.014;XBB.x
XBB;2023-03-15;0.018;XBB.x
XBB;2023-03-22;0.015;XBB.x
XBB;2023-03-29;0.018;XBB.x
XBB;2023-04-05;0.022;XBB.x
XBB;2023-04-12;0.009;XBB.x
XBB;2023-04-19;0.014;XBB.x
XBB;2023-04-26;0.009;XBB.x
XBB;2023-05-03;0.027;XBB.x
XBB;2023-05-10;0.031;XBB.x
XBB;2023-05-17;0.05;XBB.x
XBB;2023-05-24;0.037;XBB.x
XBB;2023-05-31;0.072;XBB.x
XBB;2023-06-07;0.043;XBB.x
XBB;2023-06-14;0.03;XBB.x
XBB;2023-06-21;0.031;XBB.x
XBB;2023-06-28;0.008;XBB.x
XBB;2023-07-05;0.007;XBB.x
XBB;2023-07-12;0.005;XBB.x
XBB;2023-07-19;0.012;XBB.x
XBB;2023-07-26;0.009;XBB.x
XBB;2023-08-02;0.01;XBB.x
XBB;2023-08-09;0.008;XBB.x
XBB;2023-08-16;0.028;XBB.x
XBB;2023-08-23;0.008;XBB.x
XBB;2023-08-30;0.012;XBB.x
XBB;2023-09-06;0.021;XBB.x
XBB;2023-09-13;0.032;XBB.x
XBB;2023-09-20;0.016;XBB.x
XBB;2023-09-27;0.017;XBB.x
XBB;2023-10-04;0.015;XBB.x
XBB;2023-10-11;0.011;XBB.x
XBB;2023-10-18;0.012;XBB.x
XBB;2023-10-25;0.019;XBB.x
XBB;2023-11-01;0.033;XBB.x
XBB;2023-11-08;0.039;XBB.x
XBB;2023-11-15;0.067;XBB.x
XBB;2023-11-22;0.057;XBB.x
XBB;2023-11-29;0.089;XBB.x
XBB;2023-12-06;0.083;XBB.x
XBB;2023-12-13;0.103;XBB.x
XBB;2023-12-20;0.092;XBB.x
XBB;2023-12-27;0.103;XBB.x
XBB;2024-01-03;0.114;XBB.x
XBB;2024-01-10;0.069;XBB.x
XBB;2024-01-17;0.024;XBB.x
XBB;2024-01-24;0.003;XBB.x
XBB;2024-01-31;0.001;XBB.x
XBB;2024-02-07;0.0;XBB.x
XBB;2024-02-14;0.0;XBB.x
XBB;2024-02-21;0.0;XBB.x
XBB;2024-02-28;0.0;XBB.x
XBB;2024-03-06;0.0;XBB.x
XBB;2024-03-13;0.0;XBB.x
XBB;2024-03-20;0.0;XBB.x
XBB;2024-03-27;0.0;XBB.x
XBB;2024-04-03;0.0;XBB.x
XBB;2024-04-10;0.0;XBB.x
XBB;2024-04-17;0.0;XBB.x
XBB;2024-04-24;0.0;XBB.x
XBB;2024-05-01;0.0;XBB.x
XBB;2024-05-08;0.0;XBB.x
XBB;2024-05-15;0.0;XBB.x
XBB;2024-05-22;0.0;XBB.x
XBB;2024-05-29;0.0;XBB.x
XBB;2024-06-05;0.0;XBB.x
XBB;2024-06-12;0.0;XBB.x
XBB;2024-06-19;0.0;XBB.x
XBB;2024-06-26;0.0;XBB.x
XBB;2024-07-03;0.0;XBB.x
XBB;2024-07-10;0.0;XBB.x
XBB;2024-07-17;0.0;XBB.x
XBB;2024-07-24;0.0;XBB.x
XBB;2024-07-31;0.0;XBB.x
XBB;2024-08-07;0.0;XBB.x
XBB;2024-08-14;0.0;XBB.x
XBB;2024-08-21;0.0;XBB.x
XBB;2024-08-28;0.0;XBB.x
XBB;2024-09-04;0.0;XBB.x
XBB;2024-09-11;0.0;XBB.x
XBB;2024-09-18;0.0;XBB.x
XBB;2024-09-25;0.0;XBB.x
XBB;2024-10-02;0.0;XBB.x
XBB;2024-10-09;0.0;XBB.x
XBB;2024-10-16;0.0;XBB.x
XBB;2024-10-23;0.0;XBB.x
XBB;2024-10-30;0.0;XBB.x
XBB;2024-11-06;0.0;XBB.x
XBB;2024-11-13;0.0;XBB.x
XBB;2024-11-20;0.0;XBB.x
XBB;2024-11-27;0.0;XBB.x
XBB;2024-12-04;0.0;XBB.x
XBB;2024-12-11;0.0;XBB.x
XBB;2024-12-18;0.0;XBB.x
XBB;2024-12-25;0.0;XBB.x
XBB;2025-01-01;0.0;XBB.x
XBB;2025-01-08;0.0;XBB.x
XBB;2025-01-15;0.0;XBB.x
XBB;2025-01-22;0.0;XBB.x
XBB;2025-01-29;0.0;XBB.x
XBB;2025-02-05;0.0;XBB.x
XBB;2025-02-12;0.0;XBB.x
XBB;2025-02-19;0.0;XBB.x
XBB;2025-02-26;0.0;XBB.x
XBB;2025-03-05;0.0;XBB.x
XBB;2025-03-12;0.0;XBB.x
XBB;2025-03-19;0.0;XBB.x
XBB;2025-03-26;0.0;XBB.x
XBB;2025-04-02;0.0;XBB.x
XBB;2025-04-09;0.0;XBB.x
XBB;2025-04-16;0.0;XBB.x
XBB;2025-04-23;0.0;XBB.x
XBB;2025-04-30;0.0;XBB.x
XBB;2025-05-07;0.0;XBB.x
XBB;2025-05-14;0.0;XBB.x
XBB;2025-05-21;0.0;XBB.x
XBB;2025-05-28;0.0;XBB.x
XBB;2025-06-04;0.0;XBB.x
XBB;2025-06-11;0.0;XBB.x
XBB;2025-06-18;0.0;XBB.x
XBB;2025-06-25;0.0;XBB.x
XBB;2025-07-02;0.0;XBB.x
XBB;2025-07-09;0.0;XBB.x
PQ.2;2022-09-21;0.0;XBB.x
PQ.2;2022-09-28;0.0;XBB.x
PQ.2;2022-10-05;0.0;XBB.x
PQ.2;2022-10-12;0.0;XBB.x
PQ.2;2022-10-19;0.0;XBB.x
PQ.2;2022-10-26;0.0;XBB.x
PQ.2;2022-11-02;0.0;XBB.x
PQ.2;2022-11-09;0.0;XBB.x
PQ.2;2022-11-16;0.0;XBB.x
PQ.2;2022-11-23;0.0;XBB.x
PQ.2;2022-11-30;0.0;XBB.x
PQ.2;2022-12-07;0.0;XBB.x
PQ.2;2022-12-14;0.0;XBB.x
PQ.2;2022-12-21;0.0;XBB.x
PQ.2;2022-12-28;0.0;XBB.x
PQ.2;2023-01-04;0.0;XBB.x
PQ.2;2023-01-11;0.0;XBB.x
PQ.2;2023-01-18;0.0;XBB.x
PQ.2;2023-01-25;0.0;XBB.x
PQ.2;2023-02-01;0.0;XBB.x
PQ.2;2023-02-08;0.0;XBB.x
PQ.2;2023-02-15;0.0;XBB.x
PQ.2;2023-02-22;0.0;XBB.x
PQ.2;2023-03-01;0.0;XBB.x
PQ.2;2023-03-08;0.0;XBB.x
PQ.2;2023-03-15;0.0;XBB.x
PQ.2;2023-03-22;0.0;XBB.x
PQ.2;2023-03-29;0.0;XBB.x
PQ.2;2023-04-05;0.0;XBB.x
PQ.2;2023-04-12;0.0;XBB.x
PQ.2;2023-04-19;0.0;XBB.x
PQ.2;2023-04-26;0.0;XBB.x
PQ.2;2023-05-03;0.0;XBB.x
PQ.2;2023-05-10;0.0;XBB.x
PQ.2;2023-05-17;0.0;XBB.x
PQ.2;2023-05-24;0.0;XBB.x
PQ.2;2023-05-31;0.0;XBB.x
PQ.2;2023-06-07;0.0;XBB.x
PQ.2;2023-06-14;0.0;XBB.x
PQ.2;2023-06-21;0.0;XBB.x
PQ.2;2023-06-28;0.0;XBB.x
PQ.2;2023-07-05;0.0;XBB.x
PQ.2;2023-07-12;0.0;XBB.x
PQ.2;2023-07-19;0.0;XBB.x
PQ.2;2023-07-26;0.0;XBB.x
PQ.2;2023-08-02;0.0;XBB.x
PQ.2;2023-08-09;0.0;XBB.x
PQ.2;2023-08-16;0.0;XBB.x
PQ.2;2023-08-23;0.0;XBB.x
PQ.2;2023-08-30;0.0;XBB.x
PQ.2;2023-09-06;0.0;XBB.x
PQ.2;2023-09-13;0.0;XBB.x
PQ.2;2023-09-20;0.0;XBB.x
PQ.2;2023-09-27;0.0;XBB.x
PQ.2;2023-10-04;0.0;XBB.x
PQ.2;2023-10-11;0.0;XBB.x
PQ.2;2023-10-18;0.0;XBB.x
PQ.2;2023-10-25;0.0;XBB.x
PQ.2;2023-11-01;0.0;XBB.x
PQ.2;2023-11-08;0.0;XBB.x
PQ.2;2023-11-15;0.0;XBB.x
PQ.2;2023-11-22;0.0;XBB.x
PQ.2;2023-11-29;0.0;XBB.x
PQ.2;2023-12-06;0.0;XBB.x
PQ.2;2023-12-13;0.0;XBB.x
PQ.2;2023-12-20;0.0;XBB.x
PQ.2;2023-12-27;0.0;XBB.x
PQ.2;2024-01-03;0.0;XBB.x
PQ.2;2024-01-10;0.0;XBB.x
PQ.2;2024-01-17;0.0;XBB.x
PQ.2;2024-01-24;0.0;XBB.x
PQ.2;2024-01-31;0.0;XBB.x
PQ.2;2024-02-07;0.0;XBB.x
PQ.2;2024-02-14;0.0;XBB.x
PQ.2;2024-02-21;0.0;XBB.x
PQ.2;2024-02-28;0.0;XBB.x
PQ.2;2024-03-06;0.0;XBB.x
PQ.2;2024-03-13;0.0;XBB.x
PQ.2;2024-03-20;0.0;XBB.x
PQ.2;2024-03-27;0.0;XBB.x
PQ.2;2024-04-03;0.0;XBB.x
PQ.2;2024-04-10;0.0;XBB.x
PQ.2;2024-04-17;0.0;XBB.x
PQ.2;2024-04-24;0.0;XBB.x
PQ.2;2024-05-01;0.0;XBB.x
PQ.2;2024-05-08;0.0;XBB.x
PQ.2;2024-05-15;0.0;XBB.x
PQ.2;2024-05-22;0.0;XBB.x
PQ.2;2024-05-29;0.0;XBB.x
PQ.2;2024-06-05;0.0;XBB.x
PQ.2;2024-06-12;0.0;XBB.x
PQ.2;2024-06-19;0.0;XBB.x
PQ.2;2024-06-26;0.0;XBB.x
PQ.2;2024-07-03;0.0;XBB.x
PQ.2;2024-07-10;0.0;XBB.x
PQ.2;2024-07-17;0.0;XBB.x
PQ.2;2024-07-24;0.0;XBB.x
PQ.2;2024-07-31;0.0;XBB.x
PQ.2;2024-08-07;0.0;XBB.x
PQ.2;2024-08-14;0.0;XBB.x
PQ.2;2024-08-21;0.0;XBB.x
PQ.2;2024-08-28;0.0;XBB.x
PQ.2;2024-09-04;0.0;XBB.x
PQ.2;2024-09-11;0.0;XBB.x
PQ.2;2024-09-18;0.0;XBB.x
PQ.2;2024-09-25;0.0;XBB.x
PQ.2;2024-10-02;0.0;XBB.x
PQ.2;2024-10-09;0.0;XBB.x
PQ.2;2024-10-16;0.0;XBB.x
PQ.2;2024-10-23;0.0;XBB.x
PQ.2;2024-10-30;0.0;XBB.x
PQ.2;2024-11-06;0.0;XBB.x
PQ.2;2024-11-13;0.0;XBB.x
PQ.2;2024-11-20;0.0;XBB.x
PQ.2;2024-11-27;0.0;XBB.x
PQ.2;2024-12-04;0.0;XBB.x
PQ.2;2024-12-11;0.0;XBB.x
PQ.2;2024-12-18;0.0;XBB.x
PQ.2;2024-12-25;0.0;XBB.x
PQ.2;2025-01-01;0.0;XBB.x
PQ.2;2025-01-08;0.0;XBB.x
PQ.2;2025-01-15;0.0;XBB.x
PQ.2;2025-01-22;0.0;XBB.x
PQ.2;2025-01-29;0.0;XBB.x
PQ.2;2025-02-05;0.0;XBB.x
PQ.2;2025-02-12;0.0;XBB.x
PQ.2;2025-02-19;0.0;XBB.x
PQ.2;2025-02-26;0.0;XBB.x
PQ.2;2025-03-05;0.0;XBB.x
PQ.2;2025-03-12;0.0;XBB.x
PQ.2;2025-03-19;0.0;XBB.x
PQ.2;2025-03-26;0.0;XBB.x
PQ.2;2025-04-02;0.0;XBB.x
PQ.2;2025-04-09;0.0;XBB.x
PQ.2;2025-04-16;0.0;XBB.x
PQ.2;2025-04-23;0.0;XBB.x
PQ.2;2025-04-30;0.002;XBB.x
PQ.2;2025-05-07;0.0;XBB.x
PQ.2;2025-05-14;0.001;XBB.x
PQ.2;2025-05-21;0.008;XBB.x
PQ.2;2025-05-28;0.033;XBB.x
PQ.2;2025-06-04;0.044;XBB.x
PQ.2;2025-06-11;0.131;XBB.x
PQ.2;2025-06-18;0.112;XBB.x
PQ.2;2025-06-25;0.065;XBB.x
PQ.2;2025-07-02;0.145;XBB.x
PQ.2;2025-07-09;0.046;XBB.x
PQ.12;2022-09-21;0.0;XBB.x
PQ.12;2022-09-28;0.0;XBB.x
PQ.12;2022-10-05;0.0;XBB.x
PQ.12;2022-10-12;0.0;XBB.x
PQ.12;2022-10-19;0.0;XBB.x
PQ.12;2022-10-26;0.0;XBB.x
PQ.12;2022-11-02;0.0;XBB.x
PQ.12;2022-11-09;0.0;XBB.x
PQ.12;2022-11-16;0.0;XBB.x
PQ.12;2022-11-23;0.0;XBB.x
PQ.12;2022-11-30;0.0;XBB.x
PQ.12;2022-12-07;0.0;XBB.x
PQ.12;2022-12-14;0.0;XBB.x
PQ.12;2022-12-21;0.0;XBB.x
PQ.12;2022-12-28;0.0;XBB.x
PQ.12;2023-01-04;0.0;XBB.x
PQ.12;2023-01-11;0.0;XBB.x
PQ.12;2023-01-18;0.0;XBB.x
PQ.12;2023-01-25;0.0;XBB.x
PQ.12;2023-02-01;0.0;XBB.x
PQ.12;2023-02-08;0.0;XBB.x
PQ.12;2023-02-15;0.0;XBB.x
PQ.12;2023-02-22;0.0;XBB.x
PQ.12;2023-03-01;0.0;XBB.x
PQ.12;2023-03-08;0.0;XBB.x
PQ.12;2023-03-15;0.0;XBB.x
PQ.12;2023-03-22;0.0;XBB.x
PQ.12;2023-03-29;0.0;XBB.x
PQ.12;2023-04-05;0.0;XBB.x
PQ.12;2023-04-12;0.0;XBB.x
PQ.12;2023-04-19;0.0;XBB.x
PQ.12;2023-04-26;0.0;XBB.x
PQ.12;2023-05-03;0.0;XBB.x
PQ.12;2023-05-10;0.0;XBB.x
PQ.12;2023-05-17;0.0;XBB.x
PQ.12;2023-05-24;0.0;XBB.x
PQ.12;2023-05-31;0.0;XBB.x
PQ.12;2023-06-07;0.0;XBB.x
PQ.12;2023-06-14;0.0;XBB.x
PQ.12;2023-06-21;0.0;XBB.x
PQ.12;2023-06-28;0.0;XBB.x
PQ.12;2023-07-05;0.0;XBB.x
PQ.12;2023-07-12;0.0;XBB.x
PQ.12;2023-07-19;0.0;XBB.x
PQ.12;2023-07-26;0.0;XBB.x
PQ.12;2023-08-02;0.0;XBB.x
PQ.12;2023-08-09;0.0;XBB.x
PQ.12;2023-08-16;0.0;XBB.x
PQ.12;2023-08-23;0.0;XBB.x
PQ.12;2023-08-30;0.0;XBB.x
PQ.12;2023-09-06;0.0;XBB.x
PQ.12;2023-09-13;0.0;XBB.x
PQ.12;2023-09-20;0.0;XBB.x
PQ.12;2023-09-27;0.0;XBB.x
PQ.12;2023-10-04;0.0;XBB.x
PQ.12;2023-10-11;0.0;XBB.x
PQ.12;2023-10-18;0.0;XBB.x
PQ.12;2023-10-25;0.0;XBB.x
PQ.12;2023-11-01;0.0;XBB.x
PQ.12;2023-11-08;0.0;XBB.x
PQ.12;2023-11-15;0.0;XBB.x
PQ.12;2023-11-22;0.0;XBB.x
PQ.12;2023-11-29;0.0;XBB.x
PQ.12;2023-12-06;0.0;XBB.x
PQ.12;2023-12-13;0.0;XBB.x
PQ.12;2023-12-20;0.0;XBB.x
PQ.12;2023-12-27;0.0;XBB.x
PQ.12;2024-01-03;0.0;XBB.x
PQ.12;2024-01-10;0.0;XBB.x
PQ.12;2024-01-17;0.0;XBB.x
PQ.12;2024-01-24;0.0;XBB.x
PQ.12;2024-01-31;0.0;XBB.x
PQ.12;2024-02-07;0.0;XBB.x
PQ.12;2024-02-14;0.0;XBB.x
PQ.12;2024-02-21;0.0;XBB.x
PQ.12;2024-02-28;0.0;XBB.x
PQ.12;2024-03-06;0.0;XBB.x
PQ.12;2024-03-13;0.0;XBB.x
PQ.12;2024-03-20;0.0;XBB.x
PQ.12;2024-03-27;0.0;XBB.x
PQ.12;2024-04-03;0.0;XBB.x
PQ.12;2024-04-10;0.0;XBB.x
PQ.12;2024-04-17;0.0;XBB.x
PQ.12;2024-04-24;0.0;XBB.x
PQ.12;2024-05-01;0.0;XBB.x
PQ.12;2024-05-08;0.0;XBB.x
PQ.12;2024-05-15;0.0;XBB.x
PQ.12;2024-05-22;0.0;XBB.x
PQ.12;2024-05-29;0.0;XBB.x
PQ.12;2024-06-05;0.0;XBB.x
PQ.12;2024-06-12;0.0;XBB.x
PQ.12;2024-06-19;0.0;XBB.x
PQ.12;2024-06-26;0.0;XBB.x
PQ.12;2024-07-03;0.0;XBB.x
PQ.12;2024-07-10;0.0;XBB.x
PQ.12;2024-07-17;0.0;XBB.x
PQ.12;2024-07-24;0.0;XBB.x
PQ.12;2024-07-31;0.0;XBB.x
PQ.12;2024-08-07;0.0;XBB.x
PQ.12;2024-08-14;0.0;XBB.x
PQ.12;2024-08-21;0.0;XBB.x
PQ.12;2024-08-28;0.0;XBB.x
PQ.12;2024-09-04;0.0;XBB.x
PQ.12;2024-09-11;0.0;XBB.x
PQ.12;2024-09-18;0.0;XBB.x
PQ.12;2024-09-25;0.0;XBB.x
PQ.12;2024-10-02;0.0;XBB.x
PQ.12;2024-10-09;0.0;XBB.x
PQ.12;2024-10-16;0.0;XBB.x
PQ.12;2024-10-23;0.0;XBB.x
PQ.12;2024-10-30;0.0;XBB.x
PQ.12;2024-11-06;0.0;XBB.x
PQ.12;2024-11-13;0.0;XBB.x
PQ.12;2024-11-20;0.0;XBB.x
PQ.12;2024-11-27;0.0;XBB.x
PQ.12;2024-12-04;0.0;XBB.x
PQ.12;2024-12-11;0.0;XBB.x
PQ.12;2024-12-18;0.0;XBB.x
PQ.12;2024-12-25;0.0;XBB.x
PQ.12;2025-01-01;0.0;XBB.x
PQ.12;2025-01-08;0.0;XBB.x
PQ.12;2025-01-15;0.0;XBB.x
PQ.12;2025-01-22;0.0;XBB.x
PQ.12;2025-01-29;0.0;XBB.x
PQ.12;2025-02-05;0.0;XBB.x
PQ.12;2025-02-12;0.0;XBB.x
PQ.12;2025-02-19;0.0;XBB.x
PQ.12;2025-02-26;0.0;XBB.x
PQ.12;2025-03-05;0.0;XBB.x
PQ.12;2025-03-12;0.0;XBB.x
PQ.12;2025-03-19;0.0;XBB.x
PQ.12;2025-03-26;0.0;XBB.x
PQ.12;2025-04-02;0.0;XBB.x
PQ.12;2025-04-09;0.0;XBB.x
PQ.12;2025-04-16;0.0;XBB.x
PQ.12;2025-04-23;0.004;XBB.x
PQ.12;2025-04-30;0.0;XBB.x
PQ.12;2025-05-07;0.004;XBB.x
PQ.12;2025-05-14;0.001;XBB.x
PQ.12;2025-05-21;0.008;XBB.x
PQ.12;2025-05-28;0.011;XBB.x
PQ.12;2025-06-04;0.052;XBB.x
PQ.12;2025-06-11;0.072;XBB.x
PQ.12;2025-06-18;0.11;XBB.x
PQ.12;2025-06-25;0.07;XBB.x
PQ.12;2025-07-02;0.137;XBB.x
PQ.12;2025-07-09;0.088;XBB.x
PQ.1;2022-09-21;0.0;XBB.x
PQ.1;2022-09-28;0.0;XBB.x
PQ.1;2022-10-05;0.0;XBB.x
PQ.1;2022-10-12;0.0;XBB.x
PQ.1;2022-10-19;0.0;XBB.x
PQ.1;2022-10-26;0.0;XBB.x
PQ.1;2022-11-02;0.0;XBB.x
PQ.1;2022-11-09;0.0;XBB.x
PQ.1;2022-11-16;0.0;XBB.x
PQ.1;2022-11-23;0.0;XBB.x
PQ.1;2022-11-30;0.0;XBB.x
PQ.1;2022-12-07;0.0;XBB.x
PQ.1;2022-12-14;0.0;XBB.x
PQ.1;2022-12-21;0.0;XBB.x
PQ.1;2022-12-28;0.0;XBB.x
PQ.1;2023-01-04;0.0;XBB.x
PQ.1;2023-01-11;0.0;XBB.x
PQ.1;2023-01-18;0.0;XBB.x
PQ.1;2023-01-25;0.0;XBB.x
PQ.1;2023-02-01;0.0;XBB.x
PQ.1;2023-02-08;0.0;XBB.x
PQ.1;2023-02-15;0.0;XBB.x
PQ.1;2023-02-22;0.0;XBB.x
PQ.1;2023-03-01;0.0;XBB.x
PQ.1;2023-03-08;0.0;XBB.x
PQ.1;2023-03-15;0.0;XBB.x
PQ.1;2023-03-22;0.0;XBB.x
PQ.1;2023-03-29;0.0;XBB.x
PQ.1;2023-04-05;0.0;XBB.x
PQ.1;2023-04-12;0.0;XBB.x
PQ.1;2023-04-19;0.0;XBB.x
PQ.1;2023-04-26;0.0;XBB.x
PQ.1;2023-05-03;0.0;XBB.x
PQ.1;2023-05-10;0.0;XBB.x
PQ.1;2023-05-17;0.0;XBB.x
PQ.1;2023-05-24;0.0;XBB.x
PQ.1;2023-05-31;0.0;XBB.x
PQ.1;2023-06-07;0.0;XBB.x
PQ.1;2023-06-14;0.0;XBB.x
PQ.1;2023-06-21;0.0;XBB.x
PQ.1;2023-06-28;0.0;XBB.x
PQ.1;2023-07-05;0.0;XBB.x
PQ.1;2023-07-12;0.0;XBB.x
PQ.1;2023-07-19;0.0;XBB.x
PQ.1;2023-07-26;0.0;XBB.x
PQ.1;2023-08-02;0.0;XBB.x
PQ.1;2023-08-09;0.0;XBB.x
PQ.1;2023-08-16;0.0;XBB.x
PQ.1;2023-08-23;0.0;XBB.x
PQ.1;2023-08-30;0.0;XBB.x
PQ.1;2023-09-06;0.0;XBB.x
PQ.1;2023-09-13;0.0;XBB.x
PQ.1;2023-09-20;0.0;XBB.x
PQ.1;2023-09-27;0.0;XBB.x
PQ.1;2023-10-04;0.0;XBB.x
PQ.1;2023-10-11;0.0;XBB.x
PQ.1;2023-10-18;0.0;XBB.x
PQ.1;2023-10-25;0.0;XBB.x
PQ.1;2023-11-01;0.0;XBB.x
PQ.1;2023-11-08;0.0;XBB.x
PQ.1;2023-11-15;0.0;XBB.x
PQ.1;2023-11-22;0.0;XBB.x
PQ.1;2023-11-29;0.0;XBB.x
PQ.1;2023-12-06;0.0;XBB.x
PQ.1;2023-12-13;0.0;XBB.x
PQ.1;2023-12-20;0.0;XBB.x
PQ.1;2023-12-27;0.0;XBB.x
PQ.1;2024-01-03;0.0;XBB.x
PQ.1;2024-01-10;0.0;XBB.x
PQ.1;2024-01-17;0.0;XBB.x
PQ.1;2024-01-24;0.0;XBB.x
PQ.1;2024-01-31;0.0;XBB.x
PQ.1;2024-02-07;0.0;XBB.x
PQ.1;2024-02-14;0.0;XBB.x
PQ.1;2024-02-21;0.0;XBB.x
PQ.1;2024-02-28;0.0;XBB.x
PQ.1;2024-03-06;0.0;XBB.x
PQ.1;2024-03-13;0.0;XBB.x
PQ.1;2024-03-20;0.0;XBB.x
PQ.1;2024-03-27;0.0;XBB.x
PQ.1;2024-04-03;0.0;XBB.x
PQ.1;2024-04-10;0.0;XBB.x
PQ.1;2024-04-17;0.0;XBB.x
PQ.1;2024-04-24;0.0;XBB.x
PQ.1;2024-05-01;0.0;XBB.x
PQ.1;2024-05-08;0.0;XBB.x
PQ.1;2024-05-15;0.0;XBB.x
PQ.1;2024-05-22;0.0;XBB.x
PQ.1;2024-05-29;0.0;XBB.x
PQ.1;2024-06-05;0.0;XBB.x
PQ.1;2024-06-12;0.0;XBB.x
PQ.1;2024-06-19;0.0;XBB.x
PQ.1;2024-06-26;0.0;XBB.x
PQ.1;2024-07-03;0.0;XBB.x
PQ.1;2024-07-10;0.0;XBB.x
PQ.1;2024-07-17;0.0;XBB.x
PQ.1;2024-07-24;0.0;XBB.x
PQ.1;2024-07-31;0.0;XBB.x
PQ.1;2024-08-07;0.0;XBB.x
PQ.1;2024-08-14;0.0;XBB.x
PQ.1;2024-08-21;0.0;XBB.x
PQ.1;2024-08-28;0.0;XBB.x
PQ.1;2024-09-04;0.0;XBB.x
PQ.1;2024-09-11;0.0;XBB.x
PQ.1;2024-09-18;0.0;XBB.x
PQ.1;2024-09-25;0.0;XBB.x
PQ.1;2024-10-02;0.0;XBB.x
PQ.1;2024-10-09;0.0;XBB.x
PQ.1;2024-10-16;0.0;XBB.x
PQ.1;2024-10-23;0.0;XBB.x
PQ.1;2024-10-30;0.0;XBB.x
PQ.1;2024-11-06;0.0;XBB.x
PQ.1;2024-11-13;0.0;XBB.x
PQ.1;2024-11-20;0.0;XBB.x
PQ.1;2024-11-27;0.0;XBB.x
PQ.1;2024-12-04;0.0;XBB.x
PQ.1;2024-12-11;0.0;XBB.x
PQ.1;2024-12-18;0.0;XBB.x
PQ.1;2024-12-25;0.0;XBB.x
PQ.1;2025-01-01;0.0;XBB.x
PQ.1;2025-01-08;0.0;XBB.x
PQ.1;2025-01-15;0.0;XBB.x
PQ.1;2025-01-22;0.0;XBB.x
PQ.1;2025-01-29;0.0;XBB.x
PQ.1;2025-02-05;0.0;XBB.x
PQ.1;2025-02-12;0.0;XBB.x
PQ.1;2025-02-19;0.0;XBB.x
PQ.1;2025-02-26;0.0;XBB.x
PQ.1;2025-03-05;0.0;XBB.x
PQ.1;2025-03-12;0.0;XBB.x
PQ.1;2025-03-19;0.0;XBB.x
PQ.1;2025-03-26;0.0;XBB.x
PQ.1;2025-04-02;0.0;XBB.x
PQ.1;2025-04-09;0.0;XBB.x
PQ.1;2025-04-16;0.008;XBB.x
PQ.1;2025-04-23;0.006;XBB.x
PQ.1;2025-04-30;0.007;XBB.x
PQ.1;2025-05-07;0.002;XBB.x
PQ.1;2025-05-14;0.129;XBB.x
PQ.1;2025-05-21;0.161;XBB.x
PQ.1;2025-05-28;0.139;XBB.x
PQ.1;2025-06-04;0.125;XBB.x
PQ.1;2025-06-11;0.084;XBB.x
PQ.1;2025-06-18;0.088;XBB.x
PQ.1;2025-06-25;0.134;XBB.x
PQ.1;2025-07-02;0.109;XBB.x
PQ.1;2025-07-09;0.132;XBB.x
NB.1.8.1;2022-09-21;0.0;XBB.x
NB.1.8.1;2022-09-28;0.0;XBB.x
NB.1.8.1;2022-10-05;0.0;XBB.x
NB.1.8.1;2022-10-12;0.0;XBB.x
NB.1.8.1;2022-10-19;0.0;XBB.x
NB.1.8.1;2022-10-26;0.0;XBB.x
NB.1.8.1;2022-11-02;0.0;XBB.x
NB.1.8.1;2022-11-09;0.0;XBB.x
NB.1.8.1;2022-11-16;0.0;XBB.x
NB.1.8.1;2022-11-23;0.0;XBB.x
NB.1.8.1;2022-11-30;0.0;XBB.x
NB.1.8.1;2022-12-07;0.0;XBB.x
NB.1.8.1;2022-12-14;0.0;XBB.x
NB.1.8.1;2022-12-21;0.0;XBB.x
NB.1.8.1;2022-12-28;0.0;XBB.x
NB.1.8.1;2023-01-04;0.0;XBB.x
NB.1.8.1;2023-01-11;0.0;XBB.x
NB.1.8.1;2023-01-18;0.0;XBB.x
NB.1.8.1;2023-01-25;0.0;XBB.x
NB.1.8.1;2023-02-01;0.0;XBB.x
NB.1.8.1;2023-02-08;0.0;XBB.x
NB.1.8.1;2023-02-15;0.0;XBB.x
NB.1.8.1;2023-02-22;0.0;XBB.x
NB.1.8.1;2023-03-01;0.0;XBB.x
NB.1.8.1;2023-03-08;0.0;XBB.x
NB.1.8.1;2023-03-15;0.0;XBB.x
NB.1.8.1;2023-03-22;0.0;XBB.x
NB.1.8.1;2023-03-29;0.0;XBB.x
NB.1.8.1;2023-04-05;0.0;XBB.x
NB.1.8.1;2023-04-12;0.0;XBB.x
NB.1.8.1;2023-04-19;0.0;XBB.x
NB.1.8.1;2023-04-26;0.0;XBB.x
NB.1.8.1;2023-05-03;0.0;XBB.x
NB.1.8.1;2023-05-10;0.0;XBB.x
NB.1.8.1;2023-05-17;0.0;XBB.x
NB.1.8.1;2023-05-24;0.0;XBB.x
NB.1.8.1;2023-05-31;0.0;XBB.x
NB.1.8.1;2023-06-07;0.0;XBB.x
NB.1.8.1;2023-06-14;0.0;XBB.x
NB.1.8.1;2023-06-21;0.0;XBB.x
NB.1.8.1;2023-06-28;0.0;XBB.x
NB.1.8.1;2023-07-05;0.0;XBB.x
NB.1.8.1;2023-07-12;0.0;XBB.x
NB.1.8.1;2023-07-19;0.0;XBB.x
NB.1.8.1;2023-07-26;0.0;XBB.x
NB.1.8.1;2023-08-02;0.0;XBB.x
NB.1.8.1;2023-08-09;0.0;XBB.x
NB.1.8.1;2023-08-16;0.0;XBB.x
NB.1.8.1;2023-08-23;0.0;XBB.x
NB.1.8.1;2023-08-30;0.0;XBB.x
NB.1.8.1;2023-09-06;0.0;XBB.x
NB.1.8.1;2023-09-13;0.0;XBB.x
NB.1.8.1;2023-09-20;0.0;XBB.x
NB.1.8.1;2023-09-27;0.0;XBB.x
NB.1.8.1;2023-10-04;0.0;XBB.x
NB.1.8.1;2023-10-11;0.0;XBB.x
NB.1.8.1;2023-10-18;0.0;XBB.x
NB.1.8.1;2023-10-25;0.0;XBB.x
NB.1.8.1;2023-11-01;0.0;XBB.x
NB.1.8.1;2023-11-08;0.0;XBB.x
NB.1.8.1;2023-11-15;0.0;XBB.x
NB.1.8.1;2023-11-22;0.0;XBB.x
NB.1.8.1;2023-11-29;0.0;XBB.x
NB.1.8.1;2023-12-06;0.0;XBB.x
NB.1.8.1;2023-12-13;0.0;XBB.x
NB.1.8.1;2023-12-20;0.0;XBB.x
NB.1.8.1;2023-12-27;0.0;XBB.x
NB.1.8.1;2024-01-03;0.0;XBB.x
NB.1.8.1;2024-01-10;0.0;XBB.x
NB.1.8.1;2024-01-17;0.0;XBB.x
NB.1.8.1;2024-01-24;0.0;XBB.x
NB.1.8.1;2024-01-31;0.0;XBB.x
NB.1.8.1;2024-02-07;0.0;XBB.x
NB.1.8.1;2024-02-14;0.0;XBB.x
NB.1.8.1;2024-02-21;0.0;XBB.x
NB.1.8.1;2024-02-28;0.0;XBB.x
NB.1.8.1;2024-03-06;0.0;XBB.x
NB.1.8.1;2024-03-13;0.0;XBB.x
NB.1.8.1;2024-03-20;0.0;XBB.x
NB.1.8.1;2024-03-27;0.0;XBB.x
NB.1.8.1;2024-04-03;0.0;XBB.x
NB.1.8.1;2024-04-10;0.0;XBB.x
NB.1.8.1;2024-04-17;0.0;XBB.x
NB.1.8.1;2024-04-24;0.0;XBB.x
NB.1.8.1;2024-05-01;0.0;XBB.x
NB.1.8.1;2024-05-08;0.0;XBB.x
NB.1.8.1;2024-05-15;0.0;XBB.x
NB.1.8.1;2024-05-22;0.0;XBB.x
NB.1.8.1;2024-05-29;0.0;XBB.x
NB.1.8.1;2024-06-05;0.0;XBB.x
NB.1.8.1;2024-06-12;0.0;XBB.x
NB.1.8.1;2024-06-19;0.0;XBB.x
NB.1.8.1;2024-06-26;0.0;XBB.x
NB.1.8.1;2024-07-03;0.0;XBB.x
NB.1.8.1;2024-07-10;0.0;XBB.x
NB.1.8.1;2024-07-17;0.0;XBB.x
NB.1.8.1;2024-07-24;0.0;XBB.x
NB.1.8.1;2024-07-31;0.0;XBB.x
NB.1.8.1;2024-08-07;0.0;XBB.x
NB.1.8.1;2024-08-14;0.0;XBB.x
NB.1.8.1;2024-08-21;0.0;XBB.x
NB.1.8.1;2024-08-28;0.0;XBB.x
NB.1.8.1;2024-09-04;0.0;XBB.x
NB.1.8.1;2024-09-11;0.0;XBB.x
NB.1.8.1;2024-09-18;0.0;XBB.x
NB.1.8.1;2024-09-25;0.0;XBB.x
NB.1.8.1;2024-10-02;0.0;XBB.x
NB.1.8.1;2024-10-09;0.0;XBB.x
NB.1.8.1;2024-10-16;0.0;XBB.x
NB.1.8.1;2024-10-23;0.0;XBB.x
NB.1.8.1;2024-10-30;0.0;XBB.x
NB.1.8.1;2024-11-06;0.0;XBB.x
NB.1.8.1;2024-11-13;0.0;XBB.x
NB.1.8.1;2024-11-20;0.0;XBB.x
NB.1.8.1;2024-11-27;0.0;XBB.x
NB.1.8.1;2024-12-04;0.0;XBB.x
NB.1.8.1;2024-12-11;0.0;XBB.x
NB.1.8.1;2024-12-18;0.0;XBB.x
NB.1.8.1;2024-12-25;0.0;XBB.x
NB.1.8.1;2025-01-01;0.0;XBB.x
NB.1.8.1;2025-01-08;0.0;XBB.x
NB.1.8.1;2025-01-15;0.0;XBB.x
NB.1.8.1;2025-01-22;0.0;XBB.x
NB.1.8.1;2025-01-29;0.0;XBB.x
NB.1.8.1;2025-02-05;0.0;XBB.x
NB.1.8.1;2025-02-12;0.0;XBB.x
NB.1.8.1;2025-02-19;0.0;XBB.x
NB.1.8.1;2025-02-26;0.001;XBB.x
NB.1.8.1;2025-03-05;0.0;XBB.x
NB.1.8.1;2025-03-12;0.002;XBB.x
NB.1.8.1;2025-03-19;0.003;XBB.x
NB.1.8.1;2025-03-26;0.004;XBB.x
NB.1.8.1;2025-04-02;0.004;XBB.x
NB.1.8.1;2025-04-09;0.003;XBB.x
NB.1.8.1;2025-04-16;0.019;XBB.x
NB.1.8.1;2025-04-23;0.011;XBB.x
NB.1.8.1;2025-04-30;0.059;XBB.x
NB.1.8.1;2025-05-07;0.112;XBB.x
NB.1.8.1;2025-05-14;0.063;XBB.x
NB.1.8.1;2025-05-21;0.037;XBB.x
NB.1.8.1;2025-05-28;0.071;XBB.x
NB.1.8.1;2025-06-04;0.064;XBB.x
NB.1.8.1;2025-06-11;0.098;XBB.x
NB.1.8.1;2025-06-18;0.064;XBB.x
NB.1.8.1;2025-06-25;0.052;XBB.x
NB.1.8.1;2025-07-02;0.023;XBB.x
NB.1.8.1;2025-07-09;0.027;XBB.x
HK.3;2022-09-21;0.0;XBB.x
HK.3;2022-09-28;0.0;XBB.x
HK.3;2022-10-05;0.0;XBB.x
HK.3;2022-10-12;0.0;XBB.x
HK.3;2022-10-19;0.0;XBB.x
HK.3;2022-10-26;0.0;XBB.x
HK.3;2022-11-02;0.0;XBB.x
HK.3;2022-11-09;0.0;XBB.x
HK.3;2022-11-16;0.0;XBB.x
HK.3;2022-11-23;0.0;XBB.x
HK.3;2022-11-30;0.0;XBB.x
HK.3;2022-12-07;0.0;XBB.x
HK.3;2022-12-14;0.0;XBB.x
HK.3;2022-12-21;0.0;XBB.x
HK.3;2022-12-28;0.0;XBB.x
HK.3;2023-01-04;0.0;XBB.x
HK.3;2023-01-11;0.0;XBB.x
HK.3;2023-01-18;0.0;XBB.x
HK.3;2023-01-25;0.0;XBB.x
HK.3;2023-02-01;0.003;XBB.x
HK.3;2023-02-08;0.001;XBB.x
HK.3;2023-02-15;0.001;XBB.x
HK.3;2023-02-22;0.0;XBB.x
HK.3;2023-03-01;0.0;XBB.x
HK.3;2023-03-08;0.001;XBB.x
HK.3;2023-03-15;0.001;XBB.x
HK.3;2023-03-22;0.0;XBB.x
HK.3;2023-03-29;0.004;XBB.x
HK.3;2023-04-05;0.007;XBB.x
HK.3;2023-04-12;0.007;XBB.x
HK.3;2023-04-19;0.006;XBB.x
HK.3;2023-04-26;0.003;XBB.x
HK.3;2023-05-03;0.002;XBB.x
HK.3;2023-05-10;0.008;XBB.x
HK.3;2023-05-17;0.009;XBB.x
HK.3;2023-05-24;0.003;XBB.x
HK.3;2023-05-31;0.017;XBB.x
HK.3;2023-06-07;0.014;XBB.x
HK.3;2023-06-14;0.03;XBB.x
HK.3;2023-06-21;0.029;XBB.x
HK.3;2023-06-28;0.05;XBB.x
HK.3;2023-07-05;0.056;XBB.x
HK.3;2023-07-12;0.07;XBB.x
HK.3;2023-07-19;0.068;XBB.x
HK.3;2023-07-26;0.044;XBB.x
HK.3;2023-08-02;0.184;XBB.x
HK.3;2023-08-09;0.24;XBB.x
HK.3;2023-08-16;0.209;XBB.x
HK.3;2023-08-23;0.183;XBB.x
HK.3;2023-08-30;0.189;XBB.x
HK.3;2023-09-06;0.209;XBB.x
HK.3;2023-09-13;0.174;XBB.x
HK.3;2023-09-20;0.18;XBB.x
HK.3;2023-09-27;0.184;XBB.x
HK.3;2023-10-04;0.199;XBB.x
HK.3;2023-10-11;0.173;XBB.x
HK.3;2023-10-18;0.187;XBB.x
HK.3;2023-10-25;0.187;XBB.x
HK.3;2023-11-01;0.218;XBB.x
HK.3;2023-11-08;0.14;XBB.x
HK.3;2023-11-15;0.179;XBB.x
HK.3;2023-11-22;0.164;XBB.x
HK.3;2023-11-29;0.154;XBB.x
HK.3;2023-12-06;0.128;XBB.x
HK.3;2023-12-13;0.133;XBB.x
HK.3;2023-12-20;0.102;XBB.x
HK.3;2023-12-27;0.092;XBB.x
HK.3;2024-01-03;0.1;XBB.x
HK.3;2024-01-10;0.08;XBB.x
HK.3;2024-01-17;0.015;XBB.x
HK.3;2024-01-24;0.017;XBB.x
HK.3;2024-01-31;0.003;XBB.x
HK.3;2024-02-07;0.0;XBB.x
HK.3;2024-02-14;0.0;XBB.x
HK.3;2024-02-21;0.0;XBB.x
HK.3;2024-02-28;0.0;XBB.x
HK.3;2024-03-06;0.0;XBB.x
HK.3;2024-03-13;0.0;XBB.x
HK.3;2024-03-20;0.0;XBB.x
HK.3;2024-03-27;0.0;XBB.x
HK.3;2024-04-03;0.0;XBB.x
HK.3;2024-04-10;0.0;XBB.x
HK.3;2024-04-17;0.0;XBB.x
HK.3;2024-04-24;0.0;XBB.x
HK.3;2024-05-01;0.0;XBB.x
HK.3;2024-05-08;0.0;XBB.x
HK.3;2024-05-15;0.0;XBB.x
HK.3;2024-05-22;0.0;XBB.x
HK.3;2024-05-29;0.0;XBB.x
HK.3;2024-06-05;0.0;XBB.x
HK.3;2024-06-12;0.0;XBB.x
HK.3;2024-06-19;0.0;XBB.x
HK.3;2024-06-26;0.0;XBB.x
HK.3;2024-07-03;0.0;XBB.x
HK.3;2024-07-10;0.0;XBB.x
HK.3;2024-07-17;0.0;XBB.x
HK.3;2024-07-24;0.0;XBB.x
HK.3;2024-07-31;0.0;XBB.x
HK.3;2024-08-07;0.0;XBB.x
HK.3;2024-08-14;0.0;XBB.x
HK.3;2024-08-21;0.0;XBB.x
HK.3;2024-08-28;0.0;XBB.x
HK.3;2024-09-04;0.0;XBB.x
HK.3;2024-09-11;0.0;XBB.x
HK.3;2024-09-18;0.0;XBB.x
HK.3;2024-09-25;0.0;XBB.x
HK.3;2024-10-02;0.0;XBB.x
HK.3;2024-10-09;0.0;XBB.x
HK.3;2024-10-16;0.0;XBB.x
HK.3;2024-10-23;0.0;XBB.x
HK.3;2024-10-30;0.0;XBB.x
HK.3;2024-11-06;0.0;XBB.x
HK.3;2024-11-13;0.0;XBB.x
HK.3;2024-11-20;0.0;XBB.x
HK.3;2024-11-27;0.0;XBB.x
HK.3;2024-12-04;0.0;XBB.x
HK.3;2024-12-11;0.0;XBB.x
HK.3;2024-12-18;0.0;XBB.x
HK.3;2024-12-25;0.0;XBB.x
HK.3;2025-01-01;0.0;XBB.x
HK.3;2025-01-08;0.0;XBB.x
HK.3;2025-01-15;0.0;XBB.x
HK.3;2025-01-22;0.0;XBB.x
HK.3;2025-01-29;0.0;XBB.x
HK.3;2025-02-05;0.0;XBB.x
HK.3;2025-02-12;0.0;XBB.x
HK.3;2025-02-19;0.0;XBB.x
HK.3;2025-02-26;0.0;XBB.x
HK.3;2025-03-05;0.0;XBB.x
HK.3;2025-03-12;0.0;XBB.x
HK.3;2025-03-19;0.0;XBB.x
HK.3;2025-03-26;0.0;XBB.x
HK.3;2025-04-02;0.0;XBB.x
HK.3;2025-04-09;0.0;XBB.x
HK.3;2025-04-16;0.0;XBB.x
HK.3;2025-04-23;0.0;XBB.x
HK.3;2025-04-30;0.0;XBB.x
HK.3;2025-05-07;0.0;XBB.x
HK.3;2025-05-14;0.0;XBB.x
HK.3;2025-05-21;0.0;XBB.x
HK.3;2025-05-28;0.0;XBB.x
HK.3;2025-06-04;0.0;XBB.x
HK.3;2025-06-11;0.0;XBB.x
HK.3;2025-06-18;0.0;XBB.x
HK.3;2025-06-25;0.0;XBB.x
HK.3;2025-07-02;0.0;XBB.x
HK.3;2025-07-09;0.0;XBB.x
FL.1.5;2022-09-21;0.0;XBB.x
FL.1.5;2022-09-28;0.0;XBB.x
FL.1.5;2022-10-05;0.0;XBB.x
FL.1.5;2022-10-12;0.0;XBB.x
FL.1.5;2022-10-19;0.0;XBB.x
FL.1.5;2022-10-26;0.0;XBB.x
FL.1.5;2022-11-02;0.0;XBB.x
FL.1.5;2022-11-09;0.0;XBB.x
FL.1.5;2022-11-16;0.0;XBB.x
FL.1.5;2022-11-23;0.0;XBB.x
FL.1.5;2022-11-30;0.0;XBB.x
FL.1.5;2022-12-07;0.0;XBB.x
FL.1.5;2022-12-14;0.0;XBB.x
FL.1.5;2022-12-21;0.0;XBB.x
FL.1.5;2022-12-28;0.0;XBB.x
FL.1.5;2023-01-04;0.001;XBB.x
FL.1.5;2023-01-11;0.0;XBB.x
FL.1.5;2023-01-18;0.0;XBB.x
FL.1.5;2023-01-25;0.0;XBB.x
FL.1.5;2023-02-01;0.015;XBB.x
FL.1.5;2023-02-08;0.009;XBB.x
FL.1.5;2023-02-15;0.013;XBB.x
FL.1.5;2023-02-22;0.004;XBB.x
FL.1.5;2023-03-01;0.017;XBB.x
FL.1.5;2023-03-08;0.011;XBB.x
FL.1.5;2023-03-15;0.019;XBB.x
FL.1.5;2023-03-22;0.005;XBB.x
FL.1.5;2023-03-29;0.005;XBB.x
FL.1.5;2023-04-05;0.002;XBB.x
FL.1.5;2023-04-12;0.006;XBB.x
FL.1.5;2023-04-19;0.002;XBB.x
FL.1.5;2023-04-26;0.003;XBB.x
FL.1.5;2023-05-03;0.045;XBB.x
FL.1.5;2023-05-10;0.062;XBB.x
FL.1.5;2023-05-17;0.084;XBB.x
FL.1.5;2023-05-24;0.032;XBB.x
FL.1.5;2023-05-31;0.005;XBB.x
FL.1.5;2023-06-07;0.0;XBB.x
FL.1.5;2023-06-14;0.016;XBB.x
FL.1.5;2023-06-21;0.013;XBB.x
FL.1.5;2023-06-28;0.055;XBB.x
FL.1.5;2023-07-05;0.009;XBB.x
FL.1.5;2023-07-12;0.018;XBB.x
FL.1.5;2023-07-19;0.067;XBB.x
FL.1.5;2023-07-26;0.084;XBB.x
FL.1.5;2023-08-02;0.054;XBB.x
FL.1.5;2023-08-09;0.065;XBB.x
FL.1.5;2023-08-16;0.061;XBB.x
FL.1.5;2023-08-23;0.026;XBB.x
FL.1.5;2023-08-30;0.081;XBB.x
FL.1.5;2023-09-06;0.076;XBB.x
FL.1.5;2023-09-13;0.098;XBB.x
FL.1.5;2023-09-20;0.098;XBB.x
FL.1.5;2023-09-27;0.079;XBB.x
FL.1.5;2023-10-04;0.093;XBB.x
FL.1.5;2023-10-11;0.07;XBB.x
FL.1.5;2023-10-18;0.096;XBB.x
FL.1.5;2023-10-25;0.075;XBB.x
FL.1.5;2023-11-01;0.048;XBB.x
FL.1.5;2023-11-08;0.044;XBB.x
FL.1.5;2023-11-15;0.042;XBB.x
FL.1.5;2023-11-22;0.017;XBB.x
FL.1.5;2023-11-29;0.011;XBB.x
FL.1.5;2023-12-06;0.013;XBB.x
FL.1.5;2023-12-13;0.003;XBB.x
FL.1.5;2023-12-20;0.005;XBB.x
FL.1.5;2023-12-27;0.004;XBB.x
FL.1.5;2024-01-03;0.003;XBB.x
FL.1.5;2024-01-10;0.0;XBB.x
FL.1.5;2024-01-17;0.001;XBB.x
FL.1.5;2024-01-24;0.0;XBB.x
FL.1.5;2024-01-31;0.0;XBB.x
FL.1.5;2024-02-07;0.0;XBB.x
FL.1.5;2024-02-14;0.0;XBB.x
FL.1.5;2024-02-21;0.0;XBB.x
FL.1.5;2024-02-28;0.0;XBB.x
FL.1.5;2024-03-06;0.0;XBB.x
FL.1.5;2024-03-13;0.0;XBB.x
FL.1.5;2024-03-20;0.0;XBB.x
FL.1.5;2024-03-27;0.0;XBB.x
FL.1.5;2024-04-03;0.0;XBB.x
FL.1.5;2024-04-10;0.0;XBB.x
FL.1.5;2024-04-17;0.0;XBB.x
FL.1.5;2024-04-24;0.0;XBB.x
FL.1.5;2024-05-01;0.0;XBB.x
FL.1.5;2024-05-08;0.0;XBB.x
FL.1.5;2024-05-15;0.0;XBB.x
FL.1.5;2024-05-22;0.0;XBB.x
FL.1.5;2024-05-29;0.0;XBB.x
FL.1.5;2024-06-05;0.0;XBB.x
FL.1.5;2024-06-12;0.0;XBB.x
FL.1.5;2024-06-19;0.0;XBB.x
FL.1.5;2024-06-26;0.0;XBB.x
FL.1.5;2024-07-03;0.0;XBB.x
FL.1.5;2024-07-10;0.0;XBB.x
FL.1.5;2024-07-17;0.0;XBB.x
FL.1.5;2024-07-24;0.0;XBB.x
FL.1.5;2024-07-31;0.0;XBB.x
FL.1.5;2024-08-07;0.0;XBB.x
FL.1.5;2024-08-14;0.0;XBB.x
FL.1.5;2024-08-21;0.0;XBB.x
FL.1.5;2024-08-28;0.0;XBB.x
FL.1.5;2024-09-04;0.0;XBB.x
FL.1.5;2024-09-11;0.0;XBB.x
FL.1.5;2024-09-18;0.0;XBB.x
FL.1.5;2024-09-25;0.0;XBB.x
FL.1.5;2024-10-02;0.0;XBB.x
FL.1.5;2024-10-09;0.0;XBB.x
FL.1.5;2024-10-16;0.0;XBB.x
FL.1.5;2024-10-23;0.0;XBB.x
FL.1.5;2024-10-30;0.0;XBB.x
FL.1.5;2024-11-06;0.0;XBB.x
FL.1.5;2024-11-13;0.0;XBB.x
FL.1.5;2024-11-20;0.0;XBB.x
FL.1.5;2024-11-27;0.0;XBB.x
FL.1.5;2024-12-04;0.0;XBB.x
FL.1.5;2024-12-11;0.0;XBB.x
FL.1.5;2024-12-18;0.0;XBB.x
FL.1.5;2024-12-25;0.0;XBB.x
FL.1.5;2025-01-01;0.0;XBB.x
FL.1.5;2025-01-08;0.0;XBB.x
FL.1.5;2025-01-15;0.0;XBB.x
FL.1.5;2025-01-22;0.0;XBB.x
FL.1.5;2025-01-29;0.0;XBB.x
FL.1.5;2025-02-05;0.0;XBB.x
FL.1.5;2025-02-12;0.0;XBB.x
FL.1.5;2025-02-19;0.0;XBB.x
FL.1.5;2025-02-26;0.0;XBB.x
FL.1.5;2025-03-05;0.0;XBB.x
FL.1.5;2025-03-12;0.0;XBB.x
FL.1.5;2025-03-19;0.0;XBB.x
FL.1.5;2025-03-26;0.0;XBB.x
FL.1.5;2025-04-02;0.0;XBB.x
FL.1.5;2025-04-09;0.0;XBB.x
FL.1.5;2025-04-16;0.0;XBB.x
FL.1.5;2025-04-23;0.0;XBB.x
FL.1.5;2025-04-30;0.0;XBB.x
FL.1.5;2025-05-07;0.0;XBB.x
FL.1.5;2025-05-14;0.0;XBB.x
FL.1.5;2025-05-21;0.0;XBB.x
FL.1.5;2025-05-28;0.0;XBB.x
FL.1.5;2025-06-04;0.0;XBB.x
FL.1.5;2025-06-11;0.0;XBB.x
FL.1.5;2025-06-18;0.0;XBB.x
FL.1.5;2025-06-25;0.0;XBB.x
FL.1.5;2025-07-02;0.0;XBB.x
FL.1.5;2025-07-09;0.0;XBB.x
FE.1;2022-09-21;0.0;XBB.x
FE.1;2022-09-28;0.0;XBB.x
FE.1;2022-10-05;0.0;XBB.x
FE.1;2022-10-12;0.0;XBB.x
FE.1;2022-10-19;0.0;XBB.x
FE.1;2022-10-26;0.0;XBB.x
FE.1;2022-11-02;0.0;XBB.x
FE.1;2022-11-09;0.0;XBB.x
FE.1;2022-11-16;0.0;XBB.x
FE.1;2022-11-23;0.0;XBB.x
FE.1;2022-11-30;0.0;XBB.x
FE.1;2022-12-07;0.0;XBB.x
FE.1;2022-12-14;0.0;XBB.x
FE.1;2022-12-21;0.0;XBB.x
FE.1;2022-12-28;0.0;XBB.x
FE.1;2023-01-04;0.0;XBB.x
FE.1;2023-01-11;0.0;XBB.x
FE.1;2023-01-18;0.0;XBB.x
FE.1;2023-01-25;0.0;XBB.x
FE.1;2023-02-01;0.0;XBB.x
FE.1;2023-02-08;0.0;XBB.x
FE.1;2023-02-15;0.0;XBB.x
FE.1;2023-02-22;0.0;XBB.x
FE.1;2023-03-01;0.0;XBB.x
FE.1;2023-03-08;0.0;XBB.x
FE.1;2023-03-15;0.0;XBB.x
FE.1;2023-03-22;0.001;XBB.x
FE.1;2023-03-29;0.023;XBB.x
FE.1;2023-04-05;0.021;XBB.x
FE.1;2023-04-12;0.0;XBB.x
FE.1;2023-04-19;0.001;XBB.x
FE.1;2023-04-26;0.0;XBB.x
FE.1;2023-05-03;0.017;XBB.x
FE.1;2023-05-10;0.012;XBB.x
FE.1;2023-05-17;0.0;XBB.x
FE.1;2023-05-24;0.0;XBB.x
FE.1;2023-05-31;0.135;XBB.x
FE.1;2023-06-07;0.09;XBB.x
FE.1;2023-06-14;0.086;XBB.x
FE.1;2023-06-21;0.004;XBB.x
FE.1;2023-06-28;0.003;XBB.x
FE.1;2023-07-05;0.035;XBB.x
FE.1;2023-07-12;0.017;XBB.x
FE.1;2023-07-19;0.0;XBB.x
FE.1;2023-07-26;0.0;XBB.x
FE.1;2023-08-02;0.0;XBB.x
FE.1;2023-08-09;0.0;XBB.x
FE.1;2023-08-16;0.0;XBB.x
FE.1;2023-08-23;0.002;XBB.x
FE.1;2023-08-30;0.001;XBB.x
FE.1;2023-09-06;0.001;XBB.x
FE.1;2023-09-13;0.001;XBB.x
FE.1;2023-09-20;0.0;XBB.x
FE.1;2023-09-27;0.0;XBB.x
FE.1;2023-10-04;0.0;XBB.x
FE.1;2023-10-11;0.0;XBB.x
FE.1;2023-10-18;0.0;XBB.x
FE.1;2023-10-25;0.0;XBB.x
FE.1;2023-11-01;0.0;XBB.x
FE.1;2023-11-08;0.0;XBB.x
FE.1;2023-11-15;0.0;XBB.x
FE.1;2023-11-22;0.0;XBB.x
FE.1;2023-11-29;0.0;XBB.x
FE.1;2023-12-06;0.0;XBB.x
FE.1;2023-12-13;0.0;XBB.x
FE.1;2023-12-20;0.0;XBB.x
FE.1;2023-12-27;0.0;XBB.x
FE.1;2024-01-03;0.0;XBB.x
FE.1;2024-01-10;0.0;XBB.x
FE.1;2024-01-17;0.0;XBB.x
FE.1;2024-01-24;0.0;XBB.x
FE.1;2024-01-31;0.0;XBB.x
FE.1;2024-02-07;0.0;XBB.x
FE.1;2024-02-14;0.0;XBB.x
FE.1;2024-02-21;0.0;XBB.x
FE.1;2024-02-28;0.0;XBB.x
FE.1;2024-03-06;0.0;XBB.x
FE.1;2024-03-13;0.0;XBB.x
FE.1;2024-03-20;0.0;XBB.x
FE.1;2024-03-27;0.0;XBB.x
FE.1;2024-04-03;0.0;XBB.x
FE.1;2024-04-10;0.0;XBB.x
FE.1;2024-04-17;0.0;XBB.x
FE.1;2024-04-24;0.0;XBB.x
FE.1;2024-05-01;0.0;XBB.x
FE.1;2024-05-08;0.0;XBB.x
FE.1;2024-05-15;0.0;XBB.x
FE.1;2024-05-22;0.0;XBB.x
FE.1;2024-05-29;0.0;XBB.x
FE.1;2024-06-05;0.0;XBB.x
FE.1;2024-06-12;0.0;XBB.x
FE.1;2024-06-19;0.0;XBB.x
FE.1;2024-06-26;0.0;XBB.x
FE.1;2024-07-03;0.0;XBB.x
FE.1;2024-07-10;0.0;XBB.x
FE.1;2024-07-17;0.0;XBB.x
FE.1;2024-07-24;0.0;XBB.x
FE.1;2024-07-31;0.0;XBB.x
FE.1;2024-08-07;0.0;XBB.x
FE.1;2024-08-14;0.0;XBB.x
FE.1;2024-08-21;0.0;XBB.x
FE.1;2024-08-28;0.0;XBB.x
FE.1;2024-09-04;0.0;XBB.x
FE.1;2024-09-11;0.0;XBB.x
FE.1;2024-09-18;0.0;XBB.x
FE.1;2024-09-25;0.0;XBB.x
FE.1;2024-10-02;0.0;XBB.x
FE.1;2024-10-09;0.0;XBB.x
FE.1;2024-10-16;0.0;XBB.x
FE.1;2024-10-23;0.0;XBB.x
FE.1;2024-10-30;0.0;XBB.x
FE.1;2024-11-06;0.0;XBB.x
FE.1;2024-11-13;0.0;XBB.x
FE.1;2024-11-20;0.0;XBB.x
FE.1;2024-11-27;0.0;XBB.x
FE.1;2024-12-04;0.0;XBB.x
FE.1;2024-12-11;0.0;XBB.x
FE.1;2024-12-18;0.0;XBB.x
FE.1;2024-12-25;0.0;XBB.x
FE.1;2025-01-01;0.0;XBB.x
FE.1;2025-01-08;0.0;XBB.x
FE.1;2025-01-15;0.0;XBB.x
FE.1;2025-01-22;0.0;XBB.x
FE.1;2025-01-29;0.0;XBB.x
FE.1;2025-02-05;0.0;XBB.x
FE.1;2025-02-12;0.0;XBB.x
FE.1;2025-02-19;0.0;XBB.x
FE.1;2025-02-26;0.0;XBB.x
FE.1;2025-03-05;0.0;XBB.x
FE.1;2025-03-12;0.0;XBB.x
FE.1;2025-03-19;0.0;XBB.x
FE.1;2025-03-26;0.0;XBB.x
FE.1;2025-04-02;0.0;XBB.x
FE.1;2025-04-09;0.0;XBB.x
FE.1;2025-04-16;0.0;XBB.x
FE.1;2025-04-23;0.0;XBB.x
FE.1;2025-04-30;0.0;XBB.x
FE.1;2025-05-07;0.0;XBB.x
FE.1;2025-05-14;0.0;XBB.x
FE.1;2025-05-21;0.0;XBB.x
FE.1;2025-05-28;0.0;XBB.x
FE.1;2025-06-04;0.0;XBB.x
FE.1;2025-06-11;0.0;XBB.x
FE.1;2025-06-18;0.0;XBB.x
FE.1;2025-06-25;0.0;XBB.x
FE.1;2025-07-02;0.0;XBB.x
FE.1;2025-07-09;0.0;XBB.x
EG.5.1;2022-09-21;0.0;XBB.x
EG.5.1;2022-09-28;0.0;XBB.x
EG.5.1;2022-10-05;0.0;XBB.x
EG.5.1;2022-10-12;0.0;XBB.x
EG.5.1;2022-10-19;0.0;XBB.x
EG.5.1;2022-10-26;0.0;XBB.x
EG.5.1;2022-11-02;0.001;XBB.x
EG.5.1;2022-11-09;0.0;XBB.x
EG.5.1;2022-11-16;0.0;XBB.x
EG.5.1;2022-11-23;0.0;XBB.x
EG.5.1;2022-11-30;0.002;XBB.x
EG.5.1;2022-12-07;0.003;XBB.x
EG.5.1;2022-12-14;0.011;XBB.x
EG.5.1;2022-12-21;0.001;XBB.x
EG.5.1;2022-12-28;0.0;XBB.x
EG.5.1;2023-01-04;0.0;XBB.x
EG.5.1;2023-01-11;0.0;XBB.x
EG.5.1;2023-01-18;0.0;XBB.x
EG.5.1;2023-01-25;0.001;XBB.x
EG.5.1;2023-02-01;0.011;XBB.x
EG.5.1;2023-02-08;0.011;XBB.x
EG.5.1;2023-02-15;0.001;XBB.x
EG.5.1;2023-02-22;0.002;XBB.x
EG.5.1;2023-03-01;0.002;XBB.x
EG.5.1;2023-03-08;0.002;XBB.x
EG.5.1;2023-03-15;0.005;XBB.x
EG.5.1;2023-03-22;0.004;XBB.x
EG.5.1;2023-03-29;0.002;XBB.x
EG.5.1;2023-04-05;0.006;XBB.x
EG.5.1;2023-04-12;0.031;XBB.x
EG.5.1;2023-04-19;0.039;XBB.x
EG.5.1;2023-04-26;0.016;XBB.x
EG.5.1;2023-05-03;0.035;XBB.x
EG.5.1;2023-05-10;0.038;XBB.x
EG.5.1;2023-05-17;0.054;XBB.x
EG.5.1;2023-05-24;0.044;XBB.x
EG.5.1;2023-05-31;0.024;XBB.x
EG.5.1;2023-06-07;0.085;XBB.x
EG.5.1;2023-06-14;0.069;XBB.x
EG.5.1;2023-06-21;0.034;XBB.x
EG.5.1;2023-06-28;0.081;XBB.x
EG.5.1;2023-07-05;0.159;XBB.x
EG.5.1;2023-07-12;0.241;XBB.x
EG.5.1;2023-07-19;0.323;XBB.x
EG.5.1;2023-07-26;0.307;XBB.x
EG.5.1;2023-08-02;0.181;XBB.x
EG.5.1;2023-08-09;0.205;XBB.x
EG.5.1;2023-08-16;0.206;XBB.x
EG.5.1;2023-08-23;0.233;XBB.x
EG.5.1;2023-08-30;0.225;XBB.x
EG.5.1;2023-09-06;0.223;XBB.x
EG.5.1;2023-09-13;0.261;XBB.x
EG.5.1;2023-09-20;0.249;XBB.x
EG.5.1;2023-09-27;0.26;XBB.x
EG.5.1;2023-10-04;0.274;XBB.x
EG.5.1;2023-10-11;0.268;XBB.x
EG.5.1;2023-10-18;0.26;XBB.x
EG.5.1;2023-10-25;0.287;XBB.x
EG.5.1;2023-11-01;0.256;XBB.x
EG.5.1;2023-11-08;0.286;XBB.x
EG.5.1;2023-11-15;0.234;XBB.x
EG.5.1;2023-11-22;0.24;XBB.x
EG.5.1;2023-11-29;0.156;XBB.x
EG.5.1;2023-12-06;0.135;XBB.x
EG.5.1;2023-12-13;0.107;XBB.x
EG.5.1;2023-12-20;0.103;XBB.x
EG.5.1;2023-12-27;0.057;XBB.x
EG.5.1;2024-01-03;0.047;XBB.x
EG.5.1;2024-01-10;0.051;XBB.x
EG.5.1;2024-01-17;0.035;XBB.x
EG.5.1;2024-01-24;0.029;XBB.x
EG.5.1;2024-01-31;0.004;XBB.x
EG.5.1;2024-02-07;0.001;XBB.x
EG.5.1;2024-02-14;0.001;XBB.x
EG.5.1;2024-02-21;0.001;XBB.x
EG.5.1;2024-02-28;0.0;XBB.x
EG.5.1;2024-03-06;0.0;XBB.x
EG.5.1;2024-03-13;0.0;XBB.x
EG.5.1;2024-03-20;0.0;XBB.x
EG.5.1;2024-03-27;0.0;XBB.x
EG.5.1;2024-04-03;0.0;XBB.x
EG.5.1;2024-04-10;0.0;XBB.x
EG.5.1;2024-04-17;0.0;XBB.x
EG.5.1;2024-04-24;0.0;XBB.x
EG.5.1;2024-05-01;0.0;XBB.x
EG.5.1;2024-05-08;0.0;XBB.x
EG.5.1;2024-05-15;0.0;XBB.x
EG.5.1;2024-05-22;0.0;XBB.x
EG.5.1;2024-05-29;0.0;XBB.x
EG.5.1;2024-06-05;0.0;XBB.x
EG.5.1;2024-06-12;0.0;XBB.x
EG.5.1;2024-06-19;0.0;XBB.x
EG.5.1;2024-06-26;0.0;XBB.x
EG.5.1;2024-07-03;0.0;XBB.x
EG.5.1;2024-07-10;0.0;XBB.x
EG.5.1;2024-07-17;0.0;XBB.x
EG.5.1;2024-07-24;0.0;XBB.x
EG.5.1;2024-07-31;0.0;XBB.x
EG.5.1;2024-08-07;0.0;XBB.x
EG.5.1;2024-08-14;0.0;XBB.x
EG.5.1;2024-08-21;0.0;XBB.x
EG.5.1;2024-08-28;0.0;XBB.x
EG.5.1;2024-09-04;0.0;XBB.x
EG.5.1;2024-09-11;0.0;XBB.x
EG.5.1;2024-09-18;0.0;XBB.x
EG.5.1;2024-09-25;0.0;XBB.x
EG.5.1;2024-10-02;0.0;XBB.x
EG.5.1;2024-10-09;0.0;XBB.x
EG.5.1;2024-10-16;0.0;XBB.x
EG.5.1;2024-10-23;0.0;XBB.x
EG.5.1;2024-10-30;0.0;XBB.x
EG.5.1;2024-11-06;0.0;XBB.x
EG.5.1;2024-11-13;0.0;XBB.x
EG.5.1;2024-11-20;0.0;XBB.x
EG.5.1;2024-11-27;0.0;XBB.x
EG.5.1;2024-12-04;0.0;XBB.x
EG.5.1;2024-12-11;0.0;XBB.x
EG.5.1;2024-12-18;0.0;XBB.x
EG.5.1;2024-12-25;0.0;XBB.x
EG.5.1;2025-01-01;0.0;XBB.x
EG.5.1;2025-01-08;0.0;XBB.x
EG.5.1;2025-01-15;0.0;XBB.x
EG.5.1;2025-01-22;0.0;XBB.x
EG.5.1;2025-01-29;0.0;XBB.x
EG.5.1;2025-02-05;0.0;XBB.x
EG.5.1;2025-02-12;0.0;XBB.x
EG.5.1;2025-02-19;0.0;XBB.x
EG.5.1;2025-02-26;0.0;XBB.x
EG.5.1;2025-03-05;0.0;XBB.x
EG.5.1;2025-03-12;0.0;XBB.x
EG.5.1;2025-03-19;0.0;XBB.x
EG.5.1;2025-03-26;0.0;XBB.x
EG.5.1;2025-04-02;0.0;XBB.x
EG.5.1;2025-04-09;0.0;XBB.x
EG.5.1;2025-04-16;0.0;XBB.x
EG.5.1;2025-04-23;0.0;XBB.x
EG.5.1;2025-04-30;0.0;XBB.x
EG.5.1;2025-05-07;0.0;XBB.x
EG.5.1;2025-05-14;0.0;XBB.x
EG.5.1;2025-05-21;0.0;XBB.x
EG.5.1;2025-05-28;0.0;XBB.x
EG.5.1;2025-06-04;0.0;XBB.x
EG.5.1;2025-06-11;0.0;XBB.x
EG.5.1;2025-06-18;0.0;XBB.x
EG.5.1;2025-06-25;0.0;XBB.x
EG.5.1;2025-07-02;0.0;XBB.x
EG.5.1;2025-07-09;0.0;XBB.x
EG.5;2022-09-21;0.0;XBB.x
EG.5;2022-09-28;0.0;XBB.x
EG.5;2022-10-05;0.0;XBB.x
EG.5;2022-10-12;0.001;XBB.x
EG.5;2022-10-19;0.0;XBB.x
EG.5;2022-10-26;0.006;XBB.x
EG.5;2022-11-02;0.001;XBB.x
EG.5;2022-11-09;0.0;XBB.x
EG.5;2022-11-16;0.0;XBB.x
EG.5;2022-11-23;0.0;XBB.x
EG.5;2022-11-30;0.001;XBB.x
EG.5;2022-12-07;0.0;XBB.x
EG.5;2022-12-14;0.006;XBB.x
EG.5;2022-12-21;0.0;XBB.x
EG.5;2022-12-28;0.0;XBB.x
EG.5;2023-01-04;0.0;XBB.x
EG.5;2023-01-11;0.0;XBB.x
EG.5;2023-01-18;0.0;XBB.x
EG.5;2023-01-25;0.0;XBB.x
EG.5;2023-02-01;0.004;XBB.x
EG.5;2023-02-08;0.004;XBB.x
EG.5;2023-02-15;0.0;XBB.x
EG.5;2023-02-22;0.001;XBB.x
EG.5;2023-03-01;0.0;XBB.x
EG.5;2023-03-08;0.001;XBB.x
EG.5;2023-03-15;0.002;XBB.x
EG.5;2023-03-22;0.003;XBB.x
EG.5;2023-03-29;0.002;XBB.x
EG.5;2023-04-05;0.006;XBB.x
EG.5;2023-04-12;0.034;XBB.x
EG.5;2023-04-19;0.075;XBB.x
EG.5;2023-04-26;0.019;XBB.x
EG.5;2023-05-03;0.008;XBB.x
EG.5;2023-05-10;0.013;XBB.x
EG.5;2023-05-17;0.004;XBB.x
EG.5;2023-05-24;0.031;XBB.x
EG.5;2023-05-31;0.004;XBB.x
EG.5;2023-06-07;0.04;XBB.x
EG.5;2023-06-14;0.041;XBB.x
EG.5;2023-06-21;0.045;XBB.x
EG.5;2023-06-28;0.024;XBB.x
EG.5;2023-07-05;0.086;XBB.x
EG.5;2023-07-12;0.039;XBB.x
EG.5;2023-07-19;0.053;XBB.x
EG.5;2023-07-26;0.12;XBB.x
EG.5;2023-08-02;0.026;XBB.x
EG.5;2023-08-09;0.027;XBB.x
EG.5;2023-08-16;0.075;XBB.x
EG.5;2023-08-23;0.077;XBB.x
EG.5;2023-08-30;0.04;XBB.x
EG.5;2023-09-06;0.027;XBB.x
EG.5;2023-09-13;0.022;XBB.x
EG.5;2023-09-20;0.018;XBB.x
EG.5;2023-09-27;0.037;XBB.x
EG.5;2023-10-04;0.017;XBB.x
EG.5;2023-10-11;0.008;XBB.x
EG.5;2023-10-18;0.013;XBB.x
EG.5;2023-10-25;0.009;XBB.x
EG.5;2023-11-01;0.01;XBB.x
EG.5;2023-11-08;0.008;XBB.x
EG.5;2023-11-15;0.007;XBB.x
EG.5;2023-11-22;0.014;XBB.x
EG.5;2023-11-29;0.009;XBB.x
EG.5;2023-12-06;0.006;XBB.x
EG.5;2023-12-13;0.009;XBB.x
EG.5;2023-12-20;0.04;XBB.x
EG.5;2023-12-27;0.056;XBB.x
EG.5;2024-01-03;0.045;XBB.x
EG.5;2024-01-10;0.045;XBB.x
EG.5;2024-01-17;0.002;XBB.x
EG.5;2024-01-24;0.002;XBB.x
EG.5;2024-01-31;0.0;XBB.x
EG.5;2024-02-07;0.0;XBB.x
EG.5;2024-02-14;0.0;XBB.x
EG.5;2024-02-21;0.0;XBB.x
EG.5;2024-02-28;0.0;XBB.x
EG.5;2024-03-06;0.0;XBB.x
EG.5;2024-03-13;0.0;XBB.x
EG.5;2024-03-20;0.0;XBB.x
EG.5;2024-03-27;0.0;XBB.x
EG.5;2024-04-03;0.0;XBB.x
EG.5;2024-04-10;0.0;XBB.x
EG.5;2024-04-17;0.0;XBB.x
EG.5;2024-04-24;0.0;XBB.x
EG.5;2024-05-01;0.0;XBB.x
EG.5;2024-05-08;0.0;XBB.x
EG.5;2024-05-15;0.0;XBB.x
EG.5;2024-05-22;0.0;XBB.x
EG.5;2024-05-29;0.0;XBB.x
EG.5;2024-06-05;0.0;XBB.x
EG.5;2024-06-12;0.0;XBB.x
EG.5;2024-06-19;0.0;XBB.x
EG.5;2024-06-26;0.0;XBB.x
EG.5;2024-07-03;0.0;XBB.x
EG.5;2024-07-10;0.0;XBB.x
EG.5;2024-07-17;0.0;XBB.x
EG.5;2024-07-24;0.0;XBB.x
EG.5;2024-07-31;0.0;XBB.x
EG.5;2024-08-07;0.0;XBB.x
EG.5;2024-08-14;0.0;XBB.x
EG.5;2024-08-21;0.0;XBB.x
EG.5;2024-08-28;0.0;XBB.x
EG.5;2024-09-04;0.0;XBB.x
EG.5;2024-09-11;0.0;XBB.x
EG.5;2024-09-18;0.0;XBB.x
EG.5;2024-09-25;0.0;XBB.x
EG.5;2024-10-02;0.0;XBB.x
EG.5;2024-10-09;0.0;XBB.x
EG.5;2024-10-16;0.0;XBB.x
EG.5;2024-10-23;0.0;XBB.x
EG.5;2024-10-30;0.0;XBB.x
EG.5;2024-11-06;0.0;XBB.x
EG.5;2024-11-13;0.0;XBB.x
EG.5;2024-11-20;0.0;XBB.x
EG.5;2024-11-27;0.0;XBB.x
EG.5;2024-12-04;0.0;XBB.x
EG.5;2024-12-11;0.0;XBB.x
EG.5;2024-12-18;0.0;XBB.x
EG.5;2024-12-25;0.0;XBB.x
EG.5;2025-01-01;0.0;XBB.x
EG.5;2025-01-08;0.0;XBB.x
EG.5;2025-01-15;0.0;XBB.x
EG.5;2025-01-22;0.0;XBB.x
EG.5;2025-01-29;0.0;XBB.x
EG.5;2025-02-05;0.0;XBB.x
EG.5;2025-02-12;0.0;XBB.x
EG.5;2025-02-19;0.0;XBB.x
EG.5;2025-02-26;0.0;XBB.x
EG.5;2025-03-05;0.0;XBB.x
EG.5;2025-03-12;0.0;XBB.x
EG.5;2025-03-19;0.0;XBB.x
EG.5;2025-03-26;0.0;XBB.x
EG.5;2025-04-02;0.0;XBB.x
EG.5;2025-04-09;0.0;XBB.x
EG.5;2025-04-16;0.0;XBB.x
EG.5;2025-04-23;0.0;XBB.x
EG.5;2025-04-30;0.0;XBB.x
EG.5;2025-05-07;0.0;XBB.x
EG.5;2025-05-14;0.0;XBB.x
EG.5;2025-05-21;0.0;XBB.x
EG.5;2025-05-28;0.0;XBB.x
EG.5;2025-06-04;0.0;XBB.x
EG.5;2025-06-11;0.0;XBB.x
EG.5;2025-06-18;0.0;XBB.x
EG.5;2025-06-25;0.0;XBB.x
EG.5;2025-07-02;0.0;XBB.x
EG.5;2025-07-09;0.0;XBB.x
EG.10;2022-09-21;0.0;XBB.x
EG.10;2022-09-28;0.0;XBB.x
EG.10;2022-10-05;0.0;XBB.x
EG.10;2022-10-12;0.0;XBB.x
EG.10;2022-10-19;0.0;XBB.x
EG.10;2022-10-26;0.0;XBB.x
EG.10;2022-11-02;0.0;XBB.x
EG.10;2022-11-09;0.0;XBB.x
EG.10;2022-11-16;0.0;XBB.x
EG.10;2022-11-23;0.0;XBB.x
EG.10;2022-11-30;0.0;XBB.x
EG.10;2022-12-07;0.0;XBB.x
EG.10;2022-12-14;0.0;XBB.x
EG.10;2022-12-21;0.0;XBB.x
EG.10;2022-12-28;0.0;XBB.x
EG.10;2023-01-04;0.0;XBB.x
EG.10;2023-01-11;0.0;XBB.x
EG.10;2023-01-18;0.0;XBB.x
EG.10;2023-01-25;0.0;XBB.x
EG.10;2023-02-01;0.0;XBB.x
EG.10;2023-02-08;0.0;XBB.x
EG.10;2023-02-15;0.0;XBB.x
EG.10;2023-02-22;0.0;XBB.x
EG.10;2023-03-01;0.0;XBB.x
EG.10;2023-03-08;0.0;XBB.x
EG.10;2023-03-15;0.0;XBB.x
EG.10;2023-03-22;0.0;XBB.x
EG.10;2023-03-29;0.0;XBB.x
EG.10;2023-04-05;0.0;XBB.x
EG.10;2023-04-12;0.0;XBB.x
EG.10;2023-04-19;0.0;XBB.x
EG.10;2023-04-26;0.0;XBB.x
EG.10;2023-05-03;0.0;XBB.x
EG.10;2023-05-10;0.0;XBB.x
EG.10;2023-05-17;0.0;XBB.x
EG.10;2023-05-24;0.0;XBB.x
EG.10;2023-05-31;0.0;XBB.x
EG.10;2023-06-07;0.0;XBB.x
EG.10;2023-06-14;0.0;XBB.x
EG.10;2023-06-21;0.0;XBB.x
EG.10;2023-06-28;0.0;XBB.x
EG.10;2023-07-05;0.0;XBB.x
EG.10;2023-07-12;0.008;XBB.x
EG.10;2023-07-19;0.003;XBB.x
EG.10;2023-07-26;0.008;XBB.x
EG.10;2023-08-02;0.007;XBB.x
EG.10;2023-08-09;0.029;XBB.x
EG.10;2023-08-16;0.019;XBB.x
EG.10;2023-08-23;0.036;XBB.x
EG.10;2023-08-30;0.028;XBB.x
EG.10;2023-09-06;0.016;XBB.x
EG.10;2023-09-13;0.022;XBB.x
EG.10;2023-09-20;0.031;XBB.x
EG.10;2023-09-27;0.03;XBB.x
EG.10;2023-10-04;0.019;XBB.x
EG.10;2023-10-11;0.012;XBB.x
EG.10;2023-10-18;0.004;XBB.x
EG.10;2023-10-25;0.003;XBB.x
EG.10;2023-11-01;0.005;XBB.x
EG.10;2023-11-08;0.0;XBB.x
EG.10;2023-11-15;0.0;XBB.x
EG.10;2023-11-22;0.0;XBB.x
EG.10;2023-11-29;0.0;XBB.x
EG.10;2023-12-06;0.0;XBB.x
EG.10;2023-12-13;0.0;XBB.x
EG.10;2023-12-20;0.0;XBB.x
EG.10;2023-12-27;0.0;XBB.x
EG.10;2024-01-03;0.0;XBB.x
EG.10;2024-01-10;0.0;XBB.x
EG.10;2024-01-17;0.0;XBB.x
EG.10;2024-01-24;0.0;XBB.x
EG.10;2024-01-31;0.0;XBB.x
EG.10;2024-02-07;0.0;XBB.x
EG.10;2024-02-14;0.0;XBB.x
EG.10;2024-02-21;0.0;XBB.x
EG.10;2024-02-28;0.0;XBB.x
EG.10;2024-03-06;0.0;XBB.x
EG.10;2024-03-13;0.0;XBB.x
EG.10;2024-03-20;0.0;XBB.x
EG.10;2024-03-27;0.0;XBB.x
EG.10;2024-04-03;0.0;XBB.x
EG.10;2024-04-10;0.0;XBB.x
EG.10;2024-04-17;0.0;XBB.x
EG.10;2024-04-24;0.0;XBB.x
EG.10;2024-05-01;0.0;XBB.x
EG.10;2024-05-08;0.0;XBB.x
EG.10;2024-05-15;0.0;XBB.x
EG.10;2024-05-22;0.0;XBB.x
EG.10;2024-05-29;0.0;XBB.x
EG.10;2024-06-05;0.0;XBB.x
EG.10;2024-06-12;0.0;XBB.x
EG.10;2024-06-19;0.0;XBB.x
EG.10;2024-06-26;0.0;XBB.x
EG.10;2024-07-03;0.0;XBB.x
EG.10;2024-07-10;0.0;XBB.x
EG.10;2024-07-17;0.0;XBB.x
EG.10;2024-07-24;0.0;XBB.x
EG.10;2024-07-31;0.0;XBB.x
EG.10;2024-08-07;0.0;XBB.x
EG.10;2024-08-14;0.0;XBB.x
EG.10;2024-08-21;0.0;XBB.x
EG.10;2024-08-28;0.0;XBB.x
EG.10;2024-09-04;0.0;XBB.x
EG.10;2024-09-11;0.0;XBB.x
EG.10;2024-09-18;0.0;XBB.x
EG.10;2024-09-25;0.0;XBB.x
EG.10;2024-10-02;0.0;XBB.x
EG.10;2024-10-09;0.0;XBB.x
EG.10;2024-10-16;0.0;XBB.x
EG.10;2024-10-23;0.0;XBB.x
EG.10;2024-10-30;0.0;XBB.x
EG.10;2024-11-06;0.0;XBB.x
EG.10;2024-11-13;0.0;XBB.x
EG.10;2024-11-20;0.0;XBB.x
EG.10;2024-11-27;0.0;XBB.x
EG.10;2024-12-04;0.0;XBB.x
EG.10;2024-12-11;0.0;XBB.x
EG.10;2024-12-18;0.0;XBB.x
EG.10;2024-12-25;0.0;XBB.x
EG.10;2025-01-01;0.0;XBB.x
EG.10;2025-01-08;0.0;XBB.x
EG.10;2025-01-15;0.0;XBB.x
EG.10;2025-01-22;0.0;XBB.x
EG.10;2025-01-29;0.0;XBB.x
EG.10;2025-02-05;0.0;XBB.x
EG.10;2025-02-12;0.0;XBB.x
EG.10;2025-02-19;0.0;XBB.x
EG.10;2025-02-26;0.0;XBB.x
EG.10;2025-03-05;0.0;XBB.x
EG.10;2025-03-12;0.0;XBB.x
EG.10;2025-03-19;0.0;XBB.x
EG.10;2025-03-26;0.0;XBB.x
EG.10;2025-04-02;0.0;XBB.x
EG.10;2025-04-09;0.0;XBB.x
EG.10;2025-04-16;0.0;XBB.x
EG.10;2025-04-23;0.0;XBB.x
EG.10;2025-04-30;0.0;XBB.x
EG.10;2025-05-07;0.0;XBB.x
EG.10;2025-05-14;0.0;XBB.x
EG.10;2025-05-21;0.0;XBB.x
EG.10;2025-05-28;0.0;XBB.x
EG.10;2025-06-04;0.0;XBB.x
EG.10;2025-06-11;0.0;XBB.x
EG.10;2025-06-18;0.0;XBB.x
EG.10;2025-06-25;0.0;XBB.x
EG.10;2025-07-02;0.0;XBB.x
EG.10;2025-07-09;0.0;XBB.x
BA.4;2022-09-21;0.031;BA.4.x
BA.4;2022-09-28;0.03;BA.4.x
BA.4;2022-10-05;0.02;BA.4.x
BA.4;2022-10-12;0.035;BA.4.x
BA.4;2022-10-19;0.015;BA.4.x
BA.4;2022-10-26;0.02;BA.4.x
BA.4;2022-11-02;0.008;BA.4.x
BA.4;2022-11-09;0.005;BA.4.x
BA.4;2022-11-16;0.014;BA.4.x
BA.4;2022-11-23;0.004;BA.4.x
BA.4;2022-11-30;0.004;BA.4.x
BA.4;2022-12-07;0.001;BA.4.x
BA.4;2022-12-14;0.006;BA.4.x
BA.4;2022-12-21;0.006;BA.4.x
BA.4;2022-12-28;0.0;BA.4.x
BA.4;2023-01-04;0.0;BA.4.x
BA.4;2023-01-11;0.0;BA.4.x
BA.4;2023-01-18;0.0;BA.4.x
BA.4;2023-01-25;0.0;BA.4.x
BA.4;2023-02-01;0.0;BA.4.x
BA.4;2023-02-08;0.0;BA.4.x
BA.4;2023-02-15;0.0;BA.4.x
BA.4;2023-02-22;0.0;BA.4.x
BA.4;2023-03-01;0.0;BA.4.x
BA.4;2023-03-08;0.0;BA.4.x
BA.4;2023-03-15;0.0;BA.4.x
BA.4;2023-03-22;0.0;BA.4.x
BA.4;2023-03-29;0.0;BA.4.x
BA.4;2023-04-05;0.0;BA.4.x
BA.4;2023-04-12;0.002;BA.4.x
BA.4;2023-04-19;0.0;BA.4.x
BA.4;2023-04-26;0.0;BA.4.x
BA.4;2023-05-03;0.0;BA.4.x
BA.4;2023-05-10;0.001;BA.4.x
BA.4;2023-05-17;0.0;BA.4.x
BA.4;2023-05-24;0.0;BA.4.x
BA.4;2023-05-31;0.0;BA.4.x
BA.4;2023-06-07;0.0;BA.4.x
BA.4;2023-06-14;0.0;BA.4.x
BA.4;2023-06-21;0.0;BA.4.x
BA.4;2023-06-28;0.0;BA.4.x
BA.4;2023-07-05;0.0;BA.4.x
BA.4;2023-07-12;0.0;BA.4.x
BA.4;2023-07-19;0.001;BA.4.x
BA.4;2023-07-26;0.0;BA.4.x
BA.4;2023-08-02;0.001;BA.4.x
BA.4;2023-08-09;0.0;BA.4.x
BA.4;2023-08-16;0.0;BA.4.x
BA.4;2023-08-23;0.001;BA.4.x
BA.4;2023-08-30;0.0;BA.4.x
BA.4;2023-09-06;0.001;BA.4.x
BA.4;2023-09-13;0.001;BA.4.x
BA.4;2023-09-20;0.001;BA.4.x
BA.4;2023-09-27;0.002;BA.4.x
BA.4;2023-10-04;0.001;BA.4.x
BA.4;2023-10-11;0.001;BA.4.x
BA.4;2023-10-18;0.006;BA.4.x
BA.4;2023-10-25;0.001;BA.4.x
BA.4;2023-11-01;0.003;BA.4.x
BA.4;2023-11-08;0.003;BA.4.x
BA.4;2023-11-15;0.001;BA.4.x
BA.4;2023-11-22;0.0;BA.4.x
BA.4;2023-11-29;0.002;BA.4.x
BA.4;2023-12-06;0.001;BA.4.x
BA.4;2023-12-13;0.0;BA.4.x
BA.4;2023-12-20;0.007;BA.4.x
BA.4;2023-12-27;0.0;BA.4.x
BA.4;2024-01-03;0.0;BA.4.x
BA.4;2024-01-10;0.0;BA.4.x
BA.4;2024-01-17;0.0;BA.4.x
BA.4;2024-01-24;0.0;BA.4.x
BA.4;2024-01-31;0.0;BA.4.x
BA.4;2024-02-07;0.0;BA.4.x
BA.4;2024-02-14;0.0;BA.4.x
BA.4;2024-02-21;0.0;BA.4.x
BA.4;2024-02-28;0.0;BA.4.x
BA.4;2024-03-06;0.0;BA.4.x
BA.4;2024-03-13;0.0;BA.4.x
BA.4;2024-03-20;0.0;BA.4.x
BA.4;2024-03-27;0.0;BA.4.x
BA.4;2024-04-03;0.0;BA.4.x
BA.4;2024-04-10;0.0;BA.4.x
BA.4;2024-04-17;0.0;BA.4.x
BA.4;2024-04-24;0.0;BA.4.x
BA.4;2024-05-01;0.0;BA.4.x
BA.4;2024-05-08;0.0;BA.4.x
BA.4;2024-05-15;0.0;BA.4.x
BA.4;2024-05-22;0.0;BA.4.x
BA.4;2024-05-29;0.0;BA.4.x
BA.4;2024-06-05;0.0;BA.4.x
BA.4;2024-06-12;0.0;BA.4.x
BA.4;2024-06-19;0.0;BA.4.x
BA.4;2024-06-26;0.0;BA.4.x
BA.4;2024-07-03;0.0;BA.4.x
BA.4;2024-07-10;0.0;BA.4.x
BA.4;2024-07-17;0.0;BA.4.x
BA.4;2024-07-24;0.0;BA.4.x
BA.4;2024-07-31;0.0;BA.4.x
BA.4;2024-08-07;0.0;BA.4.x
BA.4;2024-08-14;0.0;BA.4.x
BA.4;2024-08-21;0.0;BA.4.x
BA.4;2024-08-28;0.0;BA.4.x
BA.4;2024-09-04;0.0;BA.4.x
BA.4;2024-09-11;0.0;BA.4.x
BA.4;2024-09-18;0.0;BA.4.x
BA.4;2024-09-25;0.0;BA.4.x
BA.4;2024-10-02;0.0;BA.4.x
BA.4;2024-10-09;0.0;BA.4.x
BA.4;2024-10-16;0.0;BA.4.x
BA.4;2024-10-23;0.0;BA.4.x
BA.4;2024-10-30;0.0;BA.4.x
BA.4;2024-11-06;0.0;BA.4.x
BA.4;2024-11-13;0.0;BA.4.x
BA.4;2024-11-20;0.0;BA.4.x
BA.4;2024-11-27;0.0;BA.4.x
BA.4;2024-12-04;0.0;BA.4.x
BA.4;2024-12-11;0.0;BA.4.x
BA.4;2024-12-18;0.0;BA.4.x
BA.4;2024-12-25;0.0;BA.4.x
BA.4;2025-01-01;0.0;BA.4.x
BA.4;2025-01-08;0.0;BA.4.x
BA.4;2025-01-15;0.0;BA.4.x
BA.4;2025-01-22;0.0;BA.4.x
BA.4;2025-01-29;0.0;BA.4.x
BA.4;2025-02-05;0.0;BA.4.x
BA.4;2025-02-12;0.0;BA.4.x
BA.4;2025-02-19;0.0;BA.4.x
BA.4;2025-02-26;0.0;BA.4.x
BA.4;2025-03-05;0.0;BA.4.x
BA.4;2025-03-12;0.0;BA.4.x
BA.4;2025-03-19;0.0;BA.4.x
BA.4;2025-03-26;0.0;BA.4.x
BA.4;2025-04-02;0.0;BA.4.x
BA.4;2025-04-09;0.0;BA.4.x
BA.4;2025-04-16;0.0;BA.4.x
BA.4;2025-04-23;0.0;BA.4.x
BA.4;2025-04-30;0.0;BA.4.x
BA.4;2025-05-07;0.0;BA.4.x
BA.4;2025-05-14;0.0;BA.4.x
BA.4;2025-05-21;0.0;BA.4.x
BA.4;2025-05-28;0.0;BA.4.x
BA.4;2025-06-04;0.0;BA.4.x
BA.4;2025-06-11;0.0;BA.4.x
BA.4;2025-06-18;0.0;BA.4.x
BA.4;2025-06-25;0.0;BA.4.x
BA.4;2025-07-02;0.0;BA.4.x
BA.4;2025-07-09;0.0;BA.4.x
MC.24;2022-09-21;0.0;MC.x
MC.24;2022-09-28;0.0;MC.x
MC.24;2022-10-05;0.0;MC.x
MC.24;2022-10-12;0.0;MC.x
MC.24;2022-10-19;0.0;MC.x
MC.24;2022-10-26;0.0;MC.x
MC.24;2022-11-02;0.0;MC.x
MC.24;2022-11-09;0.0;MC.x
MC.24;2022-11-16;0.0;MC.x
MC.24;2022-11-23;0.0;MC.x
MC.24;2022-11-30;0.0;MC.x
MC.24;2022-12-07;0.0;MC.x
MC.24;2022-12-14;0.0;MC.x
MC.24;2022-12-21;0.0;MC.x
MC.24;2022-12-28;0.0;MC.x
MC.24;2023-01-04;0.0;MC.x
MC.24;2023-01-11;0.0;MC.x
MC.24;2023-01-18;0.0;MC.x
MC.24;2023-01-25;0.0;MC.x
MC.24;2023-02-01;0.0;MC.x
MC.24;2023-02-08;0.0;MC.x
MC.24;2023-02-15;0.0;MC.x
MC.24;2023-02-22;0.0;MC.x
MC.24;2023-03-01;0.0;MC.x
MC.24;2023-03-08;0.0;MC.x
MC.24;2023-03-15;0.0;MC.x
MC.24;2023-03-22;0.0;MC.x
MC.24;2023-03-29;0.0;MC.x
MC.24;2023-04-05;0.0;MC.x
MC.24;2023-04-12;0.0;MC.x
MC.24;2023-04-19;0.0;MC.x
MC.24;2023-04-26;0.0;MC.x
MC.24;2023-05-03;0.0;MC.x
MC.24;2023-05-10;0.0;MC.x
MC.24;2023-05-17;0.0;MC.x
MC.24;2023-05-24;0.0;MC.x
MC.24;2023-05-31;0.0;MC.x
MC.24;2023-06-07;0.0;MC.x
MC.24;2023-06-14;0.0;MC.x
MC.24;2023-06-21;0.0;MC.x
MC.24;2023-06-28;0.0;MC.x
MC.24;2023-07-05;0.0;MC.x
MC.24;2023-07-12;0.0;MC.x
MC.24;2023-07-19;0.0;MC.x
MC.24;2023-07-26;0.0;MC.x
MC.24;2023-08-02;0.0;MC.x
MC.24;2023-08-09;0.0;MC.x
MC.24;2023-08-16;0.0;MC.x
MC.24;2023-08-23;0.0;MC.x
MC.24;2023-08-30;0.0;MC.x
MC.24;2023-09-06;0.0;MC.x
MC.24;2023-09-13;0.0;MC.x
MC.24;2023-09-20;0.0;MC.x
MC.24;2023-09-27;0.0;MC.x
MC.24;2023-10-04;0.0;MC.x
MC.24;2023-10-11;0.0;MC.x
MC.24;2023-10-18;0.0;MC.x
MC.24;2023-10-25;0.0;MC.x
MC.24;2023-11-01;0.0;MC.x
MC.24;2023-11-08;0.0;MC.x
MC.24;2023-11-15;0.0;MC.x
MC.24;2023-11-22;0.0;MC.x
MC.24;2023-11-29;0.0;MC.x
MC.24;2023-12-06;0.0;MC.x
MC.24;2023-12-13;0.0;MC.x
MC.24;2023-12-20;0.0;MC.x
MC.24;2023-12-27;0.0;MC.x
MC.24;2024-01-03;0.0;MC.x
MC.24;2024-01-10;0.0;MC.x
MC.24;2024-01-17;0.0;MC.x
MC.24;2024-01-24;0.0;MC.x
MC.24;2024-01-31;0.0;MC.x
MC.24;2024-02-07;0.0;MC.x
MC.24;2024-02-14;0.0;MC.x
MC.24;2024-02-21;0.0;MC.x
MC.24;2024-02-28;0.0;MC.x
MC.24;2024-03-06;0.0;MC.x
MC.24;2024-03-13;0.0;MC.x
MC.24;2024-03-20;0.0;MC.x
MC.24;2024-03-27;0.0;MC.x
MC.24;2024-04-03;0.0;MC.x
MC.24;2024-04-10;0.0;MC.x
MC.24;2024-04-17;0.0;MC.x
MC.24;2024-04-24;0.0;MC.x
MC.24;2024-05-01;0.0;MC.x
MC.24;2024-05-08;0.0;MC.x
MC.24;2024-05-15;0.0;MC.x
MC.24;2024-05-22;0.0;MC.x
MC.24;2024-05-29;0.0;MC.x
MC.24;2024-06-05;0.0;MC.x
MC.24;2024-06-12;0.0;MC.x
MC.24;2024-06-19;0.0;MC.x
MC.24;2024-06-26;0.027;MC.x
MC.24;2024-07-03;0.032;MC.x
MC.24;2024-07-10;0.035;MC.x
MC.24;2024-07-17;0.049;MC.x
MC.24;2024-07-24;0.054;MC.x
MC.24;2024-07-31;0.074;MC.x
MC.24;2024-08-07;0.099;MC.x
MC.24;2024-08-14;0.087;MC.x
MC.24;2024-08-21;0.08;MC.x
MC.24;2024-08-28;0.085;MC.x
MC.24;2024-09-04;0.064;MC.x
MC.24;2024-09-11;0.051;MC.x
MC.24;2024-09-18;0.056;MC.x
MC.24;2024-09-25;0.045;MC.x
MC.24;2024-10-02;0.044;MC.x
MC.24;2024-10-09;0.047;MC.x
MC.24;2024-10-16;0.049;MC.x
MC.24;2024-10-23;0.044;MC.x
MC.24;2024-10-30;0.058;MC.x
MC.24;2024-11-06;0.091;MC.x
MC.24;2024-11-13;0.09;MC.x
MC.24;2024-11-20;0.08;MC.x
MC.24;2024-11-27;0.071;MC.x
MC.24;2024-12-04;0.063;MC.x
MC.24;2024-12-11;0.051;MC.x
MC.24;2024-12-18;0.042;MC.x
MC.24;2024-12-25;0.039;MC.x
MC.24;2025-01-01;0.015;MC.x
MC.24;2025-01-08;0.004;MC.x
MC.24;2025-01-15;0.006;MC.x
MC.24;2025-01-22;0.009;MC.x
MC.24;2025-01-29;0.006;MC.x
MC.24;2025-02-05;0.002;MC.x
MC.24;2025-02-12;0.0;MC.x
MC.24;2025-02-19;0.0;MC.x
MC.24;2025-02-26;0.0;MC.x
MC.24;2025-03-05;0.0;MC.x
MC.24;2025-03-12;0.0;MC.x
MC.24;2025-03-19;0.0;MC.x
MC.24;2025-03-26;0.0;MC.x
MC.24;2025-04-02;0.0;MC.x
MC.24;2025-04-09;0.0;MC.x
MC.24;2025-04-16;0.0;MC.x
MC.24;2025-04-23;0.0;MC.x
MC.24;2025-04-30;0.001;MC.x
MC.24;2025-05-07;0.011;MC.x
MC.24;2025-05-14;0.0;MC.x
MC.24;2025-05-21;0.0;MC.x
MC.24;2025-05-28;0.0;MC.x
MC.24;2025-06-04;0.0;MC.x
MC.24;2025-06-11;0.0;MC.x
MC.24;2025-06-18;0.0;MC.x
MC.24;2025-06-25;0.0;MC.x
MC.24;2025-07-02;0.0;MC.x
MC.24;2025-07-09;0.0;MC.x
MC.21.1;2022-09-21;0.0;MC.x
MC.21.1;2022-09-28;0.0;MC.x
MC.21.1;2022-10-05;0.0;MC.x
MC.21.1;2022-10-12;0.0;MC.x
MC.21.1;2022-10-19;0.0;MC.x
MC.21.1;2022-10-26;0.0;MC.x
MC.21.1;2022-11-02;0.0;MC.x
MC.21.1;2022-11-09;0.0;MC.x
MC.21.1;2022-11-16;0.0;MC.x
MC.21.1;2022-11-23;0.0;MC.x
MC.21.1;2022-11-30;0.0;MC.x
MC.21.1;2022-12-07;0.0;MC.x
MC.21.1;2022-12-14;0.0;MC.x
MC.21.1;2022-12-21;0.0;MC.x
MC.21.1;2022-12-28;0.0;MC.x
MC.21.1;2023-01-04;0.0;MC.x
MC.21.1;2023-01-11;0.0;MC.x
MC.21.1;2023-01-18;0.0;MC.x
MC.21.1;2023-01-25;0.0;MC.x
MC.21.1;2023-02-01;0.0;MC.x
MC.21.1;2023-02-08;0.0;MC.x
MC.21.1;2023-02-15;0.0;MC.x
MC.21.1;2023-02-22;0.0;MC.x
MC.21.1;2023-03-01;0.0;MC.x
MC.21.1;2023-03-08;0.0;MC.x
MC.21.1;2023-03-15;0.0;MC.x
MC.21.1;2023-03-22;0.0;MC.x
MC.21.1;2023-03-29;0.0;MC.x
MC.21.1;2023-04-05;0.0;MC.x
MC.21.1;2023-04-12;0.0;MC.x
MC.21.1;2023-04-19;0.0;MC.x
MC.21.1;2023-04-26;0.0;MC.x
MC.21.1;2023-05-03;0.0;MC.x
MC.21.1;2023-05-10;0.0;MC.x
MC.21.1;2023-05-17;0.0;MC.x
MC.21.1;2023-05-24;0.0;MC.x
MC.21.1;2023-05-31;0.0;MC.x
MC.21.1;2023-06-07;0.0;MC.x
MC.21.1;2023-06-14;0.0;MC.x
MC.21.1;2023-06-21;0.0;MC.x
MC.21.1;2023-06-28;0.0;MC.x
MC.21.1;2023-07-05;0.0;MC.x
MC.21.1;2023-07-12;0.0;MC.x
MC.21.1;2023-07-19;0.0;MC.x
MC.21.1;2023-07-26;0.0;MC.x
MC.21.1;2023-08-02;0.0;MC.x
MC.21.1;2023-08-09;0.0;MC.x
MC.21.1;2023-08-16;0.0;MC.x
MC.21.1;2023-08-23;0.0;MC.x
MC.21.1;2023-08-30;0.0;MC.x
MC.21.1;2023-09-06;0.0;MC.x
MC.21.1;2023-09-13;0.0;MC.x
MC.21.1;2023-09-20;0.0;MC.x
MC.21.1;2023-09-27;0.0;MC.x
MC.21.1;2023-10-04;0.0;MC.x
MC.21.1;2023-10-11;0.0;MC.x
MC.21.1;2023-10-18;0.0;MC.x
MC.21.1;2023-10-25;0.0;MC.x
MC.21.1;2023-11-01;0.0;MC.x
MC.21.1;2023-11-08;0.0;MC.x
MC.21.1;2023-11-15;0.0;MC.x
MC.21.1;2023-11-22;0.0;MC.x
MC.21.1;2023-11-29;0.0;MC.x
MC.21.1;2023-12-06;0.0;MC.x
MC.21.1;2023-12-13;0.0;MC.x
MC.21.1;2023-12-20;0.0;MC.x
MC.21.1;2023-12-27;0.0;MC.x
MC.21.1;2024-01-03;0.0;MC.x
MC.21.1;2024-01-10;0.0;MC.x
MC.21.1;2024-01-17;0.0;MC.x
MC.21.1;2024-01-24;0.0;MC.x
MC.21.1;2024-01-31;0.0;MC.x
MC.21.1;2024-02-07;0.0;MC.x
MC.21.1;2024-02-14;0.0;MC.x
MC.21.1;2024-02-21;0.0;MC.x
MC.21.1;2024-02-28;0.0;MC.x
MC.21.1;2024-03-06;0.0;MC.x
MC.21.1;2024-03-13;0.0;MC.x
MC.21.1;2024-03-20;0.0;MC.x
MC.21.1;2024-03-27;0.0;MC.x
MC.21.1;2024-04-03;0.0;MC.x
MC.21.1;2024-04-10;0.0;MC.x
MC.21.1;2024-04-17;0.0;MC.x
MC.21.1;2024-04-24;0.0;MC.x
MC.21.1;2024-05-01;0.0;MC.x
MC.21.1;2024-05-08;0.0;MC.x
MC.21.1;2024-05-15;0.0;MC.x
MC.21.1;2024-05-22;0.0;MC.x
MC.21.1;2024-05-29;0.0;MC.x
MC.21.1;2024-06-05;0.0;MC.x
MC.21.1;2024-06-12;0.0;MC.x
MC.21.1;2024-06-19;0.0;MC.x
MC.21.1;2024-06-26;0.0;MC.x
MC.21.1;2024-07-03;0.0;MC.x
MC.21.1;2024-07-10;0.0;MC.x
MC.21.1;2024-07-17;0.0;MC.x
MC.21.1;2024-07-24;0.0;MC.x
MC.21.1;2024-07-31;0.001;MC.x
MC.21.1;2024-08-07;0.001;MC.x
MC.21.1;2024-08-14;0.0;MC.x
MC.21.1;2024-08-21;0.005;MC.x
MC.21.1;2024-08-28;0.01;MC.x
MC.21.1;2024-09-04;0.009;MC.x
MC.21.1;2024-09-11;0.007;MC.x
MC.21.1;2024-09-18;0.01;MC.x
MC.21.1;2024-09-25;0.006;MC.x
MC.21.1;2024-10-02;0.002;MC.x
MC.21.1;2024-10-09;0.002;MC.x
MC.21.1;2024-10-16;0.001;MC.x
MC.21.1;2024-10-23;0.002;MC.x
MC.21.1;2024-10-30;0.003;MC.x
MC.21.1;2024-11-06;0.004;MC.x
MC.21.1;2024-11-13;0.004;MC.x
MC.21.1;2024-11-20;0.015;MC.x
MC.21.1;2024-11-27;0.025;MC.x
MC.21.1;2024-12-04;0.018;MC.x
MC.21.1;2024-12-11;0.035;MC.x
MC.21.1;2024-12-18;0.02;MC.x
MC.21.1;2024-12-25;0.022;MC.x
MC.21.1;2025-01-01;0.024;MC.x
MC.21.1;2025-01-08;0.017;MC.x
MC.21.1;2025-01-15;0.02;MC.x
MC.21.1;2025-01-22;0.044;MC.x
MC.21.1;2025-01-29;0.043;MC.x
MC.21.1;2025-02-05;0.067;MC.x
MC.21.1;2025-02-12;0.035;MC.x
MC.21.1;2025-02-19;0.027;MC.x
MC.21.1;2025-02-26;0.008;MC.x
MC.21.1;2025-03-05;0.024;MC.x
MC.21.1;2025-03-12;0.004;MC.x
MC.21.1;2025-03-19;0.004;MC.x
MC.21.1;2025-03-26;0.053;MC.x
MC.21.1;2025-04-02;0.027;MC.x
MC.21.1;2025-04-09;0.069;MC.x
MC.21.1;2025-04-16;0.115;MC.x
MC.21.1;2025-04-23;0.054;MC.x
MC.21.1;2025-04-30;0.039;MC.x
MC.21.1;2025-05-07;0.004;MC.x
MC.21.1;2025-05-14;0.012;MC.x
MC.21.1;2025-05-21;0.011;MC.x
MC.21.1;2025-05-28;0.018;MC.x
MC.21.1;2025-06-04;0.008;MC.x
MC.21.1;2025-06-11;0.018;MC.x
MC.21.1;2025-06-18;0.009;MC.x
MC.21.1;2025-06-25;0.003;MC.x
MC.21.1;2025-07-02;0.006;MC.x
MC.21.1;2025-07-09;0.0;MC.x
MC.2;2022-09-21;0.0;MC.x
MC.2;2022-09-28;0.0;MC.x
MC.2;2022-10-05;0.0;MC.x
MC.2;2022-10-12;0.0;MC.x
MC.2;2022-10-19;0.0;MC.x
MC.2;2022-10-26;0.0;MC.x
MC.2;2022-11-02;0.0;MC.x
MC.2;2022-11-09;0.0;MC.x
MC.2;2022-11-16;0.0;MC.x
MC.2;2022-11-23;0.0;MC.x
MC.2;2022-11-30;0.0;MC.x
MC.2;2022-12-07;0.0;MC.x
MC.2;2022-12-14;0.0;MC.x
MC.2;2022-12-21;0.0;MC.x
MC.2;2022-12-28;0.0;MC.x
MC.2;2023-01-04;0.0;MC.x
MC.2;2023-01-11;0.0;MC.x
MC.2;2023-01-18;0.0;MC.x
MC.2;2023-01-25;0.0;MC.x
MC.2;2023-02-01;0.0;MC.x
MC.2;2023-02-08;0.0;MC.x
MC.2;2023-02-15;0.0;MC.x
MC.2;2023-02-22;0.0;MC.x
MC.2;2023-03-01;0.0;MC.x
MC.2;2023-03-08;0.0;MC.x
MC.2;2023-03-15;0.0;MC.x
MC.2;2023-03-22;0.0;MC.x
MC.2;2023-03-29;0.0;MC.x
MC.2;2023-04-05;0.0;MC.x
MC.2;2023-04-12;0.0;MC.x
MC.2;2023-04-19;0.0;MC.x
MC.2;2023-04-26;0.0;MC.x
MC.2;2023-05-03;0.0;MC.x
MC.2;2023-05-10;0.0;MC.x
MC.2;2023-05-17;0.0;MC.x
MC.2;2023-05-24;0.0;MC.x
MC.2;2023-05-31;0.0;MC.x
MC.2;2023-06-07;0.0;MC.x
MC.2;2023-06-14;0.0;MC.x
MC.2;2023-06-21;0.0;MC.x
MC.2;2023-06-28;0.0;MC.x
MC.2;2023-07-05;0.0;MC.x
MC.2;2023-07-12;0.0;MC.x
MC.2;2023-07-19;0.0;MC.x
MC.2;2023-07-26;0.0;MC.x
MC.2;2023-08-02;0.0;MC.x
MC.2;2023-08-09;0.0;MC.x
MC.2;2023-08-16;0.0;MC.x
MC.2;2023-08-23;0.0;MC.x
MC.2;2023-08-30;0.0;MC.x
MC.2;2023-09-06;0.0;MC.x
MC.2;2023-09-13;0.0;MC.x
MC.2;2023-09-20;0.0;MC.x
MC.2;2023-09-27;0.0;MC.x
MC.2;2023-10-04;0.0;MC.x
MC.2;2023-10-11;0.0;MC.x
MC.2;2023-10-18;0.0;MC.x
MC.2;2023-10-25;0.0;MC.x
MC.2;2023-11-01;0.0;MC.x
MC.2;2023-11-08;0.0;MC.x
MC.2;2023-11-15;0.0;MC.x
MC.2;2023-11-22;0.0;MC.x
MC.2;2023-11-29;0.0;MC.x
MC.2;2023-12-06;0.0;MC.x
MC.2;2023-12-13;0.0;MC.x
MC.2;2023-12-20;0.0;MC.x
MC.2;2023-12-27;0.0;MC.x
MC.2;2024-01-03;0.0;MC.x
MC.2;2024-01-10;0.0;MC.x
MC.2;2024-01-17;0.0;MC.x
MC.2;2024-01-24;0.0;MC.x
MC.2;2024-01-31;0.0;MC.x
MC.2;2024-02-07;0.0;MC.x
MC.2;2024-02-14;0.0;MC.x
MC.2;2024-02-21;0.0;MC.x
MC.2;2024-02-28;0.0;MC.x
MC.2;2024-03-06;0.0;MC.x
MC.2;2024-03-13;0.0;MC.x
MC.2;2024-03-20;0.0;MC.x
MC.2;2024-03-27;0.0;MC.x
MC.2;2024-04-03;0.001;MC.x
MC.2;2024-04-10;0.001;MC.x
MC.2;2024-04-17;0.001;MC.x
MC.2;2024-04-24;0.0;MC.x
MC.2;2024-05-01;0.0;MC.x
MC.2;2024-05-08;0.0;MC.x
MC.2;2024-05-15;0.0;MC.x
MC.2;2024-05-22;0.0;MC.x
MC.2;2024-05-29;0.0;MC.x
MC.2;2024-06-05;0.0;MC.x
MC.2;2024-06-12;0.0;MC.x
MC.2;2024-06-19;0.0;MC.x
MC.2;2024-06-26;0.02;MC.x
MC.2;2024-07-03;0.022;MC.x
MC.2;2024-07-10;0.009;MC.x
MC.2;2024-07-17;0.012;MC.x
MC.2;2024-07-24;0.024;MC.x
MC.2;2024-07-31;0.03;MC.x
MC.2;2024-08-07;0.033;MC.x
MC.2;2024-08-14;0.039;MC.x
MC.2;2024-08-21;0.041;MC.x
MC.2;2024-08-28;0.038;MC.x
MC.2;2024-09-04;0.028;MC.x
MC.2;2024-09-11;0.032;MC.x
MC.2;2024-09-18;0.032;MC.x
MC.2;2024-09-25;0.025;MC.x
MC.2;2024-10-02;0.024;MC.x
MC.2;2024-10-09;0.025;MC.x
MC.2;2024-10-16;0.016;MC.x
MC.2;2024-10-23;0.033;MC.x
MC.2;2024-10-30;0.025;MC.x
MC.2;2024-11-06;0.039;MC.x
MC.2;2024-11-13;0.029;MC.x
MC.2;2024-11-20;0.03;MC.x
MC.2;2024-11-27;0.022;MC.x
MC.2;2024-12-04;0.02;MC.x
MC.2;2024-12-11;0.025;MC.x
MC.2;2024-12-18;0.019;MC.x
MC.2;2024-12-25;0.02;MC.x
MC.2;2025-01-01;0.01;MC.x
MC.2;2025-01-08;0.073;MC.x
MC.2;2025-01-15;0.075;MC.x
MC.2;2025-01-22;0.035;MC.x
MC.2;2025-01-29;0.022;MC.x
MC.2;2025-02-05;0.001;MC.x
MC.2;2025-02-12;0.024;MC.x
MC.2;2025-02-19;0.013;MC.x
MC.2;2025-02-26;0.002;MC.x
MC.2;2025-03-05;0.004;MC.x
MC.2;2025-03-12;0.004;MC.x
MC.2;2025-03-19;0.003;MC.x
MC.2;2025-03-26;0.046;MC.x
MC.2;2025-04-02;0.0;MC.x
MC.2;2025-04-09;0.062;MC.x
MC.2;2025-04-16;0.011;MC.x
MC.2;2025-04-23;0.004;MC.x
MC.2;2025-04-30;0.001;MC.x
MC.2;2025-05-07;0.003;MC.x
MC.2;2025-05-14;0.006;MC.x
MC.2;2025-05-21;0.005;MC.x
MC.2;2025-05-28;0.003;MC.x
MC.2;2025-06-04;0.002;MC.x
MC.2;2025-06-11;0.03;MC.x
MC.2;2025-06-18;0.001;MC.x
MC.2;2025-06-25;0.042;MC.x
MC.2;2025-07-02;0.002;MC.x
MC.2;2025-07-09;0.0;MC.x
MC.16;2022-09-21;0.0;MC.x
MC.16;2022-09-28;0.0;MC.x
MC.16;2022-10-05;0.0;MC.x
MC.16;2022-10-12;0.0;MC.x
MC.16;2022-10-19;0.0;MC.x
MC.16;2022-10-26;0.0;MC.x
MC.16;2022-11-02;0.0;MC.x
MC.16;2022-11-09;0.0;MC.x
MC.16;2022-11-16;0.0;MC.x
MC.16;2022-11-23;0.0;MC.x
MC.16;2022-11-30;0.0;MC.x
MC.16;2022-12-07;0.0;MC.x
MC.16;2022-12-14;0.0;MC.x
MC.16;2022-12-21;0.0;MC.x
MC.16;2022-12-28;0.0;MC.x
MC.16;2023-01-04;0.0;MC.x
MC.16;2023-01-11;0.0;MC.x
MC.16;2023-01-18;0.0;MC.x
MC.16;2023-01-25;0.0;MC.x
MC.16;2023-02-01;0.0;MC.x
MC.16;2023-02-08;0.0;MC.x
MC.16;2023-02-15;0.0;MC.x
MC.16;2023-02-22;0.0;MC.x
MC.16;2023-03-01;0.0;MC.x
MC.16;2023-03-08;0.0;MC.x
MC.16;2023-03-15;0.0;MC.x
MC.16;2023-03-22;0.0;MC.x
MC.16;2023-03-29;0.0;MC.x
MC.16;2023-04-05;0.0;MC.x
MC.16;2023-04-12;0.0;MC.x
MC.16;2023-04-19;0.0;MC.x
MC.16;2023-04-26;0.0;MC.x
MC.16;2023-05-03;0.0;MC.x
MC.16;2023-05-10;0.0;MC.x
MC.16;2023-05-17;0.0;MC.x
MC.16;2023-05-24;0.0;MC.x
MC.16;2023-05-31;0.0;MC.x
MC.16;2023-06-07;0.0;MC.x
MC.16;2023-06-14;0.0;MC.x
MC.16;2023-06-21;0.0;MC.x
MC.16;2023-06-28;0.0;MC.x
MC.16;2023-07-05;0.0;MC.x
MC.16;2023-07-12;0.0;MC.x
MC.16;2023-07-19;0.0;MC.x
MC.16;2023-07-26;0.0;MC.x
MC.16;2023-08-02;0.0;MC.x
MC.16;2023-08-09;0.0;MC.x
MC.16;2023-08-16;0.0;MC.x
MC.16;2023-08-23;0.0;MC.x
MC.16;2023-08-30;0.0;MC.x
MC.16;2023-09-06;0.0;MC.x
MC.16;2023-09-13;0.0;MC.x
MC.16;2023-09-20;0.0;MC.x
MC.16;2023-09-27;0.0;MC.x
MC.16;2023-10-04;0.0;MC.x
MC.16;2023-10-11;0.0;MC.x
MC.16;2023-10-18;0.0;MC.x
MC.16;2023-10-25;0.0;MC.x
MC.16;2023-11-01;0.0;MC.x
MC.16;2023-11-08;0.0;MC.x
MC.16;2023-11-15;0.0;MC.x
MC.16;2023-11-22;0.0;MC.x
MC.16;2023-11-29;0.002;MC.x
MC.16;2023-12-06;0.006;MC.x
MC.16;2023-12-13;0.0;MC.x
MC.16;2023-12-20;0.0;MC.x
MC.16;2023-12-27;0.005;MC.x
MC.16;2024-01-03;0.006;MC.x
MC.16;2024-01-10;0.0;MC.x
MC.16;2024-01-17;0.0;MC.x
MC.16;2024-01-24;0.0;MC.x
MC.16;2024-01-31;0.0;MC.x
MC.16;2024-02-07;0.0;MC.x
MC.16;2024-02-14;0.0;MC.x
MC.16;2024-02-21;0.0;MC.x
MC.16;2024-02-28;0.0;MC.x
MC.16;2024-03-06;0.0;MC.x
MC.16;2024-03-13;0.0;MC.x
MC.16;2024-03-20;0.0;MC.x
MC.16;2024-03-27;0.0;MC.x
MC.16;2024-04-03;0.0;MC.x
MC.16;2024-04-10;0.0;MC.x
MC.16;2024-04-17;0.0;MC.x
MC.16;2024-04-24;0.0;MC.x
MC.16;2024-05-01;0.0;MC.x
MC.16;2024-05-08;0.0;MC.x
MC.16;2024-05-15;0.0;MC.x
MC.16;2024-05-22;0.0;MC.x
MC.16;2024-05-29;0.0;MC.x
MC.16;2024-06-05;0.0;MC.x
MC.16;2024-06-12;0.005;MC.x
MC.16;2024-06-19;0.006;MC.x
MC.16;2024-06-26;0.007;MC.x
MC.16;2024-07-03;0.012;MC.x
MC.16;2024-07-10;0.021;MC.x
MC.16;2024-07-17;0.022;MC.x
MC.16;2024-07-24;0.047;MC.x
MC.16;2024-07-31;0.057;MC.x
MC.16;2024-08-07;0.051;MC.x
MC.16;2024-08-14;0.053;MC.x
MC.16;2024-08-21;0.07;MC.x
MC.16;2024-08-28;0.111;MC.x
MC.16;2024-09-04;0.106;MC.x
MC.16;2024-09-11;0.104;MC.x
MC.16;2024-09-18;0.088;MC.x
MC.16;2024-09-25;0.084;MC.x
MC.16;2024-10-02;0.053;MC.x
MC.16;2024-10-09;0.067;MC.x
MC.16;2024-10-16;0.091;MC.x
MC.16;2024-10-23;0.081;MC.x
MC.16;2024-10-30;0.081;MC.x
MC.16;2024-11-06;0.047;MC.x
MC.16;2024-11-13;0.016;MC.x
MC.16;2024-11-20;0.017;MC.x
MC.16;2024-11-27;0.01;MC.x
MC.16;2024-12-04;0.008;MC.x
MC.16;2024-12-11;0.008;MC.x
MC.16;2024-12-18;0.008;MC.x
MC.16;2024-12-25;0.013;MC.x
MC.16;2025-01-01;0.101;MC.x
MC.16;2025-01-08;0.013;MC.x
MC.16;2025-01-15;0.012;MC.x
MC.16;2025-01-22;0.014;MC.x
MC.16;2025-01-29;0.008;MC.x
MC.16;2025-02-05;0.005;MC.x
MC.16;2025-02-12;0.007;MC.x
MC.16;2025-02-19;0.0;MC.x
MC.16;2025-02-26;0.0;MC.x
MC.16;2025-03-05;0.0;MC.x
MC.16;2025-03-12;0.0;MC.x
MC.16;2025-03-19;0.0;MC.x
MC.16;2025-03-26;0.0;MC.x
MC.16;2025-04-02;0.0;MC.x
MC.16;2025-04-09;0.0;MC.x
MC.16;2025-04-16;0.0;MC.x
MC.16;2025-04-23;0.0;MC.x
MC.16;2025-04-30;0.0;MC.x
MC.16;2025-05-07;0.0;MC.x
MC.16;2025-05-14;0.0;MC.x
MC.16;2025-05-21;0.0;MC.x
MC.16;2025-05-28;0.0;MC.x
MC.16;2025-06-04;0.0;MC.x
MC.16;2025-06-11;0.0;MC.x
MC.16;2025-06-18;0.0;MC.x
MC.16;2025-06-25;0.0;MC.x
MC.16;2025-07-02;0.0;MC.x
MC.16;2025-07-09;0.0;MC.x
MC.15;2022-09-21;0.0;MC.x
MC.15;2022-09-28;0.0;MC.x
MC.15;2022-10-05;0.0;MC.x
MC.15;2022-10-12;0.0;MC.x
MC.15;2022-10-19;0.0;MC.x
MC.15;2022-10-26;0.0;MC.x
MC.15;2022-11-02;0.0;MC.x
MC.15;2022-11-09;0.0;MC.x
MC.15;2022-11-16;0.0;MC.x
MC.15;2022-11-23;0.0;MC.x
MC.15;2022-11-30;0.0;MC.x
MC.15;2022-12-07;0.0;MC.x
MC.15;2022-12-14;0.0;MC.x
MC.15;2022-12-21;0.0;MC.x
MC.15;2022-12-28;0.0;MC.x
MC.15;2023-01-04;0.0;MC.x
MC.15;2023-01-11;0.0;MC.x
MC.15;2023-01-18;0.0;MC.x
MC.15;2023-01-25;0.0;MC.x
MC.15;2023-02-01;0.0;MC.x
MC.15;2023-02-08;0.0;MC.x
MC.15;2023-02-15;0.0;MC.x
MC.15;2023-02-22;0.0;MC.x
MC.15;2023-03-01;0.0;MC.x
MC.15;2023-03-08;0.0;MC.x
MC.15;2023-03-15;0.0;MC.x
MC.15;2023-03-22;0.0;MC.x
MC.15;2023-03-29;0.0;MC.x
MC.15;2023-04-05;0.0;MC.x
MC.15;2023-04-12;0.0;MC.x
MC.15;2023-04-19;0.0;MC.x
MC.15;2023-04-26;0.0;MC.x
MC.15;2023-05-03;0.0;MC.x
MC.15;2023-05-10;0.0;MC.x
MC.15;2023-05-17;0.0;MC.x
MC.15;2023-05-24;0.0;MC.x
MC.15;2023-05-31;0.0;MC.x
MC.15;2023-06-07;0.0;MC.x
MC.15;2023-06-14;0.0;MC.x
MC.15;2023-06-21;0.0;MC.x
MC.15;2023-06-28;0.0;MC.x
MC.15;2023-07-05;0.0;MC.x
MC.15;2023-07-12;0.0;MC.x
MC.15;2023-07-19;0.0;MC.x
MC.15;2023-07-26;0.0;MC.x
MC.15;2023-08-02;0.0;MC.x
MC.15;2023-08-09;0.0;MC.x
MC.15;2023-08-16;0.0;MC.x
MC.15;2023-08-23;0.0;MC.x
MC.15;2023-08-30;0.0;MC.x
MC.15;2023-09-06;0.0;MC.x
MC.15;2023-09-13;0.0;MC.x
MC.15;2023-09-20;0.0;MC.x
MC.15;2023-09-27;0.0;MC.x
MC.15;2023-10-04;0.0;MC.x
MC.15;2023-10-11;0.0;MC.x
MC.15;2023-10-18;0.0;MC.x
MC.15;2023-10-25;0.0;MC.x
MC.15;2023-11-01;0.0;MC.x
MC.15;2023-11-08;0.0;MC.x
MC.15;2023-11-15;0.0;MC.x
MC.15;2023-11-22;0.0;MC.x
MC.15;2023-11-29;0.0;MC.x
MC.15;2023-12-06;0.0;MC.x
MC.15;2023-12-13;0.0;MC.x
MC.15;2023-12-20;0.0;MC.x
MC.15;2023-12-27;0.0;MC.x
MC.15;2024-01-03;0.0;MC.x
MC.15;2024-01-10;0.0;MC.x
MC.15;2024-01-17;0.0;MC.x
MC.15;2024-01-24;0.0;MC.x
MC.15;2024-01-31;0.0;MC.x
MC.15;2024-02-07;0.0;MC.x
MC.15;2024-02-14;0.0;MC.x
MC.15;2024-02-21;0.0;MC.x
MC.15;2024-02-28;0.0;MC.x
MC.15;2024-03-06;0.0;MC.x
MC.15;2024-03-13;0.005;MC.x
MC.15;2024-03-20;0.003;MC.x
MC.15;2024-03-27;0.0;MC.x
MC.15;2024-04-03;0.0;MC.x
MC.15;2024-04-10;0.0;MC.x
MC.15;2024-04-17;0.0;MC.x
MC.15;2024-04-24;0.0;MC.x
MC.15;2024-05-01;0.006;MC.x
MC.15;2024-05-08;0.006;MC.x
MC.15;2024-05-15;0.005;MC.x
MC.15;2024-05-22;0.0;MC.x
MC.15;2024-05-29;0.0;MC.x
MC.15;2024-06-05;0.0;MC.x
MC.15;2024-06-12;0.0;MC.x
MC.15;2024-06-19;0.0;MC.x
MC.15;2024-06-26;0.0;MC.x
MC.15;2024-07-03;0.0;MC.x
MC.15;2024-07-10;0.0;MC.x
MC.15;2024-07-17;0.0;MC.x
MC.15;2024-07-24;0.001;MC.x
MC.15;2024-07-31;0.006;MC.x
MC.15;2024-08-07;0.011;MC.x
MC.15;2024-08-14;0.021;MC.x
MC.15;2024-08-21;0.02;MC.x
MC.15;2024-08-28;0.022;MC.x
MC.15;2024-09-04;0.02;MC.x
MC.15;2024-09-11;0.014;MC.x
MC.15;2024-09-18;0.006;MC.x
MC.15;2024-09-25;0.006;MC.x
MC.15;2024-10-02;0.003;MC.x
MC.15;2024-10-09;0.004;MC.x
MC.15;2024-10-16;0.004;MC.x
MC.15;2024-10-23;0.006;MC.x
MC.15;2024-10-30;0.003;MC.x
MC.15;2024-11-06;0.006;MC.x
MC.15;2024-11-13;0.009;MC.x
MC.15;2024-11-20;0.01;MC.x
MC.15;2024-11-27;0.011;MC.x
MC.15;2024-12-04;0.011;MC.x
MC.15;2024-12-11;0.006;MC.x
MC.15;2024-12-18;0.003;MC.x
MC.15;2024-12-25;0.003;MC.x
MC.15;2025-01-01;0.0;MC.x
MC.15;2025-01-08;0.001;MC.x
MC.15;2025-01-15;0.002;MC.x
MC.15;2025-01-22;0.0;MC.x
MC.15;2025-01-29;0.001;MC.x
MC.15;2025-02-05;0.004;MC.x
MC.15;2025-02-12;0.007;MC.x
MC.15;2025-02-19;0.004;MC.x
MC.15;2025-02-26;0.004;MC.x
MC.15;2025-03-05;0.007;MC.x
MC.15;2025-03-12;0.008;MC.x
MC.15;2025-03-19;0.0;MC.x
MC.15;2025-03-26;0.0;MC.x
MC.15;2025-04-02;0.0;MC.x
MC.15;2025-04-09;0.0;MC.x
MC.15;2025-04-16;0.0;MC.x
MC.15;2025-04-23;0.0;MC.x
MC.15;2025-04-30;0.0;MC.x
MC.15;2025-05-07;0.0;MC.x
MC.15;2025-05-14;0.0;MC.x
MC.15;2025-05-21;0.0;MC.x
MC.15;2025-05-28;0.0;MC.x
MC.15;2025-06-04;0.002;MC.x
MC.15;2025-06-11;0.0;MC.x
MC.15;2025-06-18;0.0;MC.x
MC.15;2025-06-25;0.0;MC.x
MC.15;2025-07-02;0.0;MC.x
MC.15;2025-07-09;0.0;MC.x
MC.13;2022-09-21;0.0;MC.x
MC.13;2022-09-28;0.0;MC.x
MC.13;2022-10-05;0.0;MC.x
MC.13;2022-10-12;0.0;MC.x
MC.13;2022-10-19;0.0;MC.x
MC.13;2022-10-26;0.0;MC.x
MC.13;2022-11-02;0.0;MC.x
MC.13;2022-11-09;0.0;MC.x
MC.13;2022-11-16;0.0;MC.x
MC.13;2022-11-23;0.0;MC.x
MC.13;2022-11-30;0.0;MC.x
MC.13;2022-12-07;0.0;MC.x
MC.13;2022-12-14;0.0;MC.x
MC.13;2022-12-21;0.0;MC.x
MC.13;2022-12-28;0.0;MC.x
MC.13;2023-01-04;0.0;MC.x
MC.13;2023-01-11;0.0;MC.x
MC.13;2023-01-18;0.0;MC.x
MC.13;2023-01-25;0.0;MC.x
MC.13;2023-02-01;0.0;MC.x
MC.13;2023-02-08;0.0;MC.x
MC.13;2023-02-15;0.0;MC.x
MC.13;2023-02-22;0.0;MC.x
MC.13;2023-03-01;0.0;MC.x
MC.13;2023-03-08;0.0;MC.x
MC.13;2023-03-15;0.0;MC.x
MC.13;2023-03-22;0.0;MC.x
MC.13;2023-03-29;0.0;MC.x
MC.13;2023-04-05;0.0;MC.x
MC.13;2023-04-12;0.0;MC.x
MC.13;2023-04-19;0.0;MC.x
MC.13;2023-04-26;0.0;MC.x
MC.13;2023-05-03;0.0;MC.x
MC.13;2023-05-10;0.0;MC.x
MC.13;2023-05-17;0.0;MC.x
MC.13;2023-05-24;0.0;MC.x
MC.13;2023-05-31;0.0;MC.x
MC.13;2023-06-07;0.0;MC.x
MC.13;2023-06-14;0.0;MC.x
MC.13;2023-06-21;0.0;MC.x
MC.13;2023-06-28;0.0;MC.x
MC.13;2023-07-05;0.0;MC.x
MC.13;2023-07-12;0.0;MC.x
MC.13;2023-07-19;0.0;MC.x
MC.13;2023-07-26;0.0;MC.x
MC.13;2023-08-02;0.0;MC.x
MC.13;2023-08-09;0.0;MC.x
MC.13;2023-08-16;0.0;MC.x
MC.13;2023-08-23;0.0;MC.x
MC.13;2023-08-30;0.0;MC.x
MC.13;2023-09-06;0.0;MC.x
MC.13;2023-09-13;0.0;MC.x
MC.13;2023-09-20;0.0;MC.x
MC.13;2023-09-27;0.0;MC.x
MC.13;2023-10-04;0.0;MC.x
MC.13;2023-10-11;0.0;MC.x
MC.13;2023-10-18;0.0;MC.x
MC.13;2023-10-25;0.0;MC.x
MC.13;2023-11-01;0.0;MC.x
MC.13;2023-11-08;0.0;MC.x
MC.13;2023-11-15;0.0;MC.x
MC.13;2023-11-22;0.0;MC.x
MC.13;2023-11-29;0.0;MC.x
MC.13;2023-12-06;0.0;MC.x
MC.13;2023-12-13;0.0;MC.x
MC.13;2023-12-20;0.0;MC.x
MC.13;2023-12-27;0.0;MC.x
MC.13;2024-01-03;0.0;MC.x
MC.13;2024-01-10;0.0;MC.x
MC.13;2024-01-17;0.0;MC.x
MC.13;2024-01-24;0.0;MC.x
MC.13;2024-01-31;0.0;MC.x
MC.13;2024-02-07;0.0;MC.x
MC.13;2024-02-14;0.0;MC.x
MC.13;2024-02-21;0.0;MC.x
MC.13;2024-02-28;0.0;MC.x
MC.13;2024-03-06;0.0;MC.x
MC.13;2024-03-13;0.0;MC.x
MC.13;2024-03-20;0.0;MC.x
MC.13;2024-03-27;0.0;MC.x
MC.13;2024-04-03;0.0;MC.x
MC.13;2024-04-10;0.0;MC.x
MC.13;2024-04-17;0.0;MC.x
MC.13;2024-04-24;0.0;MC.x
MC.13;2024-05-01;0.0;MC.x
MC.13;2024-05-08;0.0;MC.x
MC.13;2024-05-15;0.0;MC.x
MC.13;2024-05-22;0.0;MC.x
MC.13;2024-05-29;0.0;MC.x
MC.13;2024-06-05;0.008;MC.x
MC.13;2024-06-12;0.005;MC.x
MC.13;2024-06-19;0.015;MC.x
MC.13;2024-06-26;0.036;MC.x
MC.13;2024-07-03;0.02;MC.x
MC.13;2024-07-10;0.023;MC.x
MC.13;2024-07-17;0.029;MC.x
MC.13;2024-07-24;0.08;MC.x
MC.13;2024-07-31;0.071;MC.x
MC.13;2024-08-07;0.088;MC.x
MC.13;2024-08-14;0.09;MC.x
MC.13;2024-08-21;0.088;MC.x
MC.13;2024-08-28;0.091;MC.x
MC.13;2024-09-04;0.078;MC.x
MC.13;2024-09-11;0.078;MC.x
MC.13;2024-09-18;0.062;MC.x
MC.13;2024-09-25;0.061;MC.x
MC.13;2024-10-02;0.054;MC.x
MC.13;2024-10-09;0.059;MC.x
MC.13;2024-10-16;0.071;MC.x
MC.13;2024-10-23;0.09;MC.x
MC.13;2024-10-30;0.086;MC.x
MC.13;2024-11-06;0.056;MC.x
MC.13;2024-11-13;0.053;MC.x
MC.13;2024-11-20;0.042;MC.x
MC.13;2024-11-27;0.039;MC.x
MC.13;2024-12-04;0.049;MC.x
MC.13;2024-12-11;0.011;MC.x
MC.13;2024-12-18;0.01;MC.x
MC.13;2024-12-25;0.011;MC.x
MC.13;2025-01-01;0.003;MC.x
MC.13;2025-01-08;0.003;MC.x
MC.13;2025-01-15;0.0;MC.x
MC.13;2025-01-22;0.0;MC.x
MC.13;2025-01-29;0.003;MC.x
MC.13;2025-02-05;0.003;MC.x
MC.13;2025-02-12;0.0;MC.x
MC.13;2025-02-19;0.009;MC.x
MC.13;2025-02-26;0.011;MC.x
MC.13;2025-03-05;0.003;MC.x
MC.13;2025-03-12;0.003;MC.x
MC.13;2025-03-19;0.012;MC.x
MC.13;2025-03-26;0.0;MC.x
MC.13;2025-04-02;0.0;MC.x
MC.13;2025-04-09;0.0;MC.x
MC.13;2025-04-16;0.0;MC.x
MC.13;2025-04-23;0.008;MC.x
MC.13;2025-04-30;0.006;MC.x
MC.13;2025-05-07;0.0;MC.x
MC.13;2025-05-14;0.0;MC.x
MC.13;2025-05-21;0.0;MC.x
MC.13;2025-05-28;0.0;MC.x
MC.13;2025-06-04;0.0;MC.x
MC.13;2025-06-11;0.002;MC.x
MC.13;2025-06-18;0.001;MC.x
MC.13;2025-06-25;0.001;MC.x
MC.13;2025-07-02;0.002;MC.x
MC.13;2025-07-09;0.0;MC.x
MC.11;2022-09-21;0.0;MC.x
MC.11;2022-09-28;0.0;MC.x
MC.11;2022-10-05;0.0;MC.x
MC.11;2022-10-12;0.0;MC.x
MC.11;2022-10-19;0.0;MC.x
MC.11;2022-10-26;0.0;MC.x
MC.11;2022-11-02;0.0;MC.x
MC.11;2022-11-09;0.0;MC.x
MC.11;2022-11-16;0.0;MC.x
MC.11;2022-11-23;0.0;MC.x
MC.11;2022-11-30;0.0;MC.x
MC.11;2022-12-07;0.0;MC.x
MC.11;2022-12-14;0.0;MC.x
MC.11;2022-12-21;0.0;MC.x
MC.11;2022-12-28;0.0;MC.x
MC.11;2023-01-04;0.0;MC.x
MC.11;2023-01-11;0.0;MC.x
MC.11;2023-01-18;0.0;MC.x
MC.11;2023-01-25;0.0;MC.x
MC.11;2023-02-01;0.0;MC.x
MC.11;2023-02-08;0.0;MC.x
MC.11;2023-02-15;0.0;MC.x
MC.11;2023-02-22;0.0;MC.x
MC.11;2023-03-01;0.0;MC.x
MC.11;2023-03-08;0.0;MC.x
MC.11;2023-03-15;0.0;MC.x
MC.11;2023-03-22;0.0;MC.x
MC.11;2023-03-29;0.0;MC.x
MC.11;2023-04-05;0.0;MC.x
MC.11;2023-04-12;0.0;MC.x
MC.11;2023-04-19;0.0;MC.x
MC.11;2023-04-26;0.0;MC.x
MC.11;2023-05-03;0.0;MC.x
MC.11;2023-05-10;0.0;MC.x
MC.11;2023-05-17;0.0;MC.x
MC.11;2023-05-24;0.0;MC.x
MC.11;2023-05-31;0.0;MC.x
MC.11;2023-06-07;0.0;MC.x
MC.11;2023-06-14;0.0;MC.x
MC.11;2023-06-21;0.0;MC.x
MC.11;2023-06-28;0.0;MC.x
MC.11;2023-07-05;0.0;MC.x
MC.11;2023-07-12;0.0;MC.x
MC.11;2023-07-19;0.0;MC.x
MC.11;2023-07-26;0.0;MC.x
MC.11;2023-08-02;0.0;MC.x
MC.11;2023-08-09;0.0;MC.x
MC.11;2023-08-16;0.0;MC.x
MC.11;2023-08-23;0.0;MC.x
MC.11;2023-08-30;0.0;MC.x
MC.11;2023-09-06;0.0;MC.x
MC.11;2023-09-13;0.0;MC.x
MC.11;2023-09-20;0.0;MC.x
MC.11;2023-09-27;0.0;MC.x
MC.11;2023-10-04;0.0;MC.x
MC.11;2023-10-11;0.0;MC.x
MC.11;2023-10-18;0.0;MC.x
MC.11;2023-10-25;0.0;MC.x
MC.11;2023-11-01;0.0;MC.x
MC.11;2023-11-08;0.0;MC.x
MC.11;2023-11-15;0.0;MC.x
MC.11;2023-11-22;0.0;MC.x
MC.11;2023-11-29;0.0;MC.x
MC.11;2023-12-06;0.0;MC.x
MC.11;2023-12-13;0.0;MC.x
MC.11;2023-12-20;0.0;MC.x
MC.11;2023-12-27;0.0;MC.x
MC.11;2024-01-03;0.0;MC.x
MC.11;2024-01-10;0.0;MC.x
MC.11;2024-01-17;0.0;MC.x
MC.11;2024-01-24;0.0;MC.x
MC.11;2024-01-31;0.0;MC.x
MC.11;2024-02-07;0.0;MC.x
MC.11;2024-02-14;0.0;MC.x
MC.11;2024-02-21;0.0;MC.x
MC.11;2024-02-28;0.0;MC.x
MC.11;2024-03-06;0.0;MC.x
MC.11;2024-03-13;0.0;MC.x
MC.11;2024-03-20;0.0;MC.x
MC.11;2024-03-27;0.0;MC.x
MC.11;2024-04-03;0.0;MC.x
MC.11;2024-04-10;0.0;MC.x
MC.11;2024-04-17;0.0;MC.x
MC.11;2024-04-24;0.0;MC.x
MC.11;2024-05-01;0.0;MC.x
MC.11;2024-05-08;0.0;MC.x
MC.11;2024-05-15;0.0;MC.x
MC.11;2024-05-22;0.0;MC.x
MC.11;2024-05-29;0.0;MC.x
MC.11;2024-06-05;0.0;MC.x
MC.11;2024-06-12;0.006;MC.x
MC.11;2024-06-19;0.017;MC.x
MC.11;2024-06-26;0.018;MC.x
MC.11;2024-07-03;0.023;MC.x
MC.11;2024-07-10;0.013;MC.x
MC.11;2024-07-17;0.028;MC.x
MC.11;2024-07-24;0.007;MC.x
MC.11;2024-07-31;0.031;MC.x
MC.11;2024-08-07;0.047;MC.x
MC.11;2024-08-14;0.05;MC.x
MC.11;2024-08-21;0.071;MC.x
MC.11;2024-08-28;0.073;MC.x
MC.11;2024-09-04;0.061;MC.x
MC.11;2024-09-11;0.063;MC.x
MC.11;2024-09-18;0.052;MC.x
MC.11;2024-09-25;0.043;MC.x
MC.11;2024-10-02;0.042;MC.x
MC.11;2024-10-09;0.042;MC.x
MC.11;2024-10-16;0.04;MC.x
MC.11;2024-10-23;0.038;MC.x
MC.11;2024-10-30;0.036;MC.x
MC.11;2024-11-06;0.038;MC.x
MC.11;2024-11-13;0.026;MC.x
MC.11;2024-11-20;0.022;MC.x
MC.11;2024-11-27;0.021;MC.x
MC.11;2024-12-04;0.002;MC.x
MC.11;2024-12-11;0.005;MC.x
MC.11;2024-12-18;0.003;MC.x
MC.11;2024-12-25;0.004;MC.x
MC.11;2025-01-01;0.0;MC.x
MC.11;2025-01-08;0.0;MC.x
MC.11;2025-01-15;0.0;MC.x
MC.11;2025-01-22;0.0;MC.x
MC.11;2025-01-29;0.0;MC.x
MC.11;2025-02-05;0.0;MC.x
MC.11;2025-02-12;0.0;MC.x
MC.11;2025-02-19;0.0;MC.x
MC.11;2025-02-26;0.0;MC.x
MC.11;2025-03-05;0.0;MC.x
MC.11;2025-03-12;0.0;MC.x
MC.11;2025-03-19;0.0;MC.x
MC.11;2025-03-26;0.0;MC.x
MC.11;2025-04-02;0.0;MC.x
MC.11;2025-04-09;0.0;MC.x
MC.11;2025-04-16;0.0;MC.x
MC.11;2025-04-23;0.0;MC.x
MC.11;2025-04-30;0.0;MC.x
MC.11;2025-05-07;0.0;MC.x
MC.11;2025-05-14;0.0;MC.x
MC.11;2025-05-21;0.0;MC.x
MC.11;2025-05-28;0.0;MC.x
MC.11;2025-06-04;0.0;MC.x
MC.11;2025-06-11;0.0;MC.x
MC.11;2025-06-18;0.0;MC.x
MC.11;2025-06-25;0.0;MC.x
MC.11;2025-07-02;0.0;MC.x
MC.11;2025-07-09;0.0;MC.x
MC.10.1;2022-09-21;0.0;MC.x
MC.10.1;2022-09-28;0.0;MC.x
MC.10.1;2022-10-05;0.0;MC.x
MC.10.1;2022-10-12;0.0;MC.x
MC.10.1;2022-10-19;0.0;MC.x
MC.10.1;2022-10-26;0.0;MC.x
MC.10.1;2022-11-02;0.0;MC.x
MC.10.1;2022-11-09;0.0;MC.x
MC.10.1;2022-11-16;0.0;MC.x
MC.10.1;2022-11-23;0.0;MC.x
MC.10.1;2022-11-30;0.0;MC.x
MC.10.1;2022-12-07;0.0;MC.x
MC.10.1;2022-12-14;0.0;MC.x
MC.10.1;2022-12-21;0.0;MC.x
MC.10.1;2022-12-28;0.0;MC.x
MC.10.1;2023-01-04;0.0;MC.x
MC.10.1;2023-01-11;0.0;MC.x
MC.10.1;2023-01-18;0.0;MC.x
MC.10.1;2023-01-25;0.0;MC.x
MC.10.1;2023-02-01;0.0;MC.x
MC.10.1;2023-02-08;0.0;MC.x
MC.10.1;2023-02-15;0.0;MC.x
MC.10.1;2023-02-22;0.0;MC.x
MC.10.1;2023-03-01;0.0;MC.x
MC.10.1;2023-03-08;0.0;MC.x
MC.10.1;2023-03-15;0.0;MC.x
MC.10.1;2023-03-22;0.0;MC.x
MC.10.1;2023-03-29;0.0;MC.x
MC.10.1;2023-04-05;0.0;MC.x
MC.10.1;2023-04-12;0.0;MC.x
MC.10.1;2023-04-19;0.0;MC.x
MC.10.1;2023-04-26;0.0;MC.x
MC.10.1;2023-05-03;0.0;MC.x
MC.10.1;2023-05-10;0.0;MC.x
MC.10.1;2023-05-17;0.0;MC.x
MC.10.1;2023-05-24;0.0;MC.x
MC.10.1;2023-05-31;0.0;MC.x
MC.10.1;2023-06-07;0.0;MC.x
MC.10.1;2023-06-14;0.0;MC.x
MC.10.1;2023-06-21;0.0;MC.x
MC.10.1;2023-06-28;0.0;MC.x
MC.10.1;2023-07-05;0.0;MC.x
MC.10.1;2023-07-12;0.0;MC.x
MC.10.1;2023-07-19;0.0;MC.x
MC.10.1;2023-07-26;0.0;MC.x
MC.10.1;2023-08-02;0.0;MC.x
MC.10.1;2023-08-09;0.0;MC.x
MC.10.1;2023-08-16;0.0;MC.x
MC.10.1;2023-08-23;0.0;MC.x
MC.10.1;2023-08-30;0.0;MC.x
MC.10.1;2023-09-06;0.0;MC.x
MC.10.1;2023-09-13;0.0;MC.x
MC.10.1;2023-09-20;0.0;MC.x
MC.10.1;2023-09-27;0.0;MC.x
MC.10.1;2023-10-04;0.0;MC.x
MC.10.1;2023-10-11;0.0;MC.x
MC.10.1;2023-10-18;0.0;MC.x
MC.10.1;2023-10-25;0.0;MC.x
MC.10.1;2023-11-01;0.0;MC.x
MC.10.1;2023-11-08;0.0;MC.x
MC.10.1;2023-11-15;0.0;MC.x
MC.10.1;2023-11-22;0.0;MC.x
MC.10.1;2023-11-29;0.0;MC.x
MC.10.1;2023-12-06;0.0;MC.x
MC.10.1;2023-12-13;0.0;MC.x
MC.10.1;2023-12-20;0.0;MC.x
MC.10.1;2023-12-27;0.0;MC.x
MC.10.1;2024-01-03;0.0;MC.x
MC.10.1;2024-01-10;0.0;MC.x
MC.10.1;2024-01-17;0.0;MC.x
MC.10.1;2024-01-24;0.0;MC.x
MC.10.1;2024-01-31;0.0;MC.x
MC.10.1;2024-02-07;0.0;MC.x
MC.10.1;2024-02-14;0.0;MC.x
MC.10.1;2024-02-21;0.0;MC.x
MC.10.1;2024-02-28;0.0;MC.x
MC.10.1;2024-03-06;0.0;MC.x
MC.10.1;2024-03-13;0.0;MC.x
MC.10.1;2024-03-20;0.0;MC.x
MC.10.1;2024-03-27;0.0;MC.x
MC.10.1;2024-04-03;0.0;MC.x
MC.10.1;2024-04-10;0.0;MC.x
MC.10.1;2024-04-17;0.0;MC.x
MC.10.1;2024-04-24;0.0;MC.x
MC.10.1;2024-05-01;0.0;MC.x
MC.10.1;2024-05-08;0.0;MC.x
MC.10.1;2024-05-15;0.0;MC.x
MC.10.1;2024-05-22;0.0;MC.x
MC.10.1;2024-05-29;0.0;MC.x
MC.10.1;2024-06-05;0.0;MC.x
MC.10.1;2024-06-12;0.0;MC.x
MC.10.1;2024-06-19;0.001;MC.x
MC.10.1;2024-06-26;0.004;MC.x
MC.10.1;2024-07-03;0.007;MC.x
MC.10.1;2024-07-10;0.005;MC.x
MC.10.1;2024-07-17;0.009;MC.x
MC.10.1;2024-07-24;0.017;MC.x
MC.10.1;2024-07-31;0.015;MC.x
MC.10.1;2024-08-07;0.016;MC.x
MC.10.1;2024-08-14;0.018;MC.x
MC.10.1;2024-08-21;0.016;MC.x
MC.10.1;2024-08-28;0.017;MC.x
MC.10.1;2024-09-04;0.016;MC.x
MC.10.1;2024-09-11;0.014;MC.x
MC.10.1;2024-09-18;0.028;MC.x
MC.10.1;2024-09-25;0.014;MC.x
MC.10.1;2024-10-02;0.012;MC.x
MC.10.1;2024-10-09;0.014;MC.x
MC.10.1;2024-10-16;0.02;MC.x
MC.10.1;2024-10-23;0.025;MC.x
MC.10.1;2024-10-30;0.031;MC.x
MC.10.1;2024-11-06;0.039;MC.x
MC.10.1;2024-11-13;0.047;MC.x
MC.10.1;2024-11-20;0.048;MC.x
MC.10.1;2024-11-27;0.043;MC.x
MC.10.1;2024-12-04;0.049;MC.x
MC.10.1;2024-12-11;0.062;MC.x
MC.10.1;2024-12-18;0.049;MC.x
MC.10.1;2024-12-25;0.056;MC.x
MC.10.1;2025-01-01;0.029;MC.x
MC.10.1;2025-01-08;0.11;MC.x
MC.10.1;2025-01-15;0.086;MC.x
MC.10.1;2025-01-22;0.098;MC.x
MC.10.1;2025-01-29;0.075;MC.x
MC.10.1;2025-02-05;0.081;MC.x
MC.10.1;2025-02-12;0.13;MC.x
MC.10.1;2025-02-19;0.1;MC.x
MC.10.1;2025-02-26;0.124;MC.x
MC.10.1;2025-03-05;0.068;MC.x
MC.10.1;2025-03-12;0.139;MC.x
MC.10.1;2025-03-19;0.138;MC.x
MC.10.1;2025-03-26;0.18;MC.x
MC.10.1;2025-04-02;0.249;MC.x
MC.10.1;2025-04-09;0.142;MC.x
MC.10.1;2025-04-16;0.11;MC.x
MC.10.1;2025-04-23;0.039;MC.x
MC.10.1;2025-04-30;0.003;MC.x
MC.10.1;2025-05-07;0.0;MC.x
MC.10.1;2025-05-14;0.024;MC.x
MC.10.1;2025-05-21;0.01;MC.x
MC.10.1;2025-05-28;0.016;MC.x
MC.10.1;2025-06-04;0.002;MC.x
MC.10.1;2025-06-11;0.001;MC.x
MC.10.1;2025-06-18;0.0;MC.x
MC.10.1;2025-06-25;0.003;MC.x
MC.10.1;2025-07-02;0.0;MC.x
MC.10.1;2025-07-09;0.0;MC.x
KP.3.1.1;2022-09-21;0.0;MC.x
KP.3.1.1;2022-09-28;0.0;MC.x
KP.3.1.1;2022-10-05;0.0;MC.x
KP.3.1.1;2022-10-12;0.0;MC.x
KP.3.1.1;2022-10-19;0.0;MC.x
KP.3.1.1;2022-10-26;0.0;MC.x
KP.3.1.1;2022-11-02;0.0;MC.x
KP.3.1.1;2022-11-09;0.0;MC.x
KP.3.1.1;2022-11-16;0.0;MC.x
KP.3.1.1;2022-11-23;0.0;MC.x
KP.3.1.1;2022-11-30;0.0;MC.x
KP.3.1.1;2022-12-07;0.0;MC.x
KP.3.1.1;2022-12-14;0.0;MC.x
KP.3.1.1;2022-12-21;0.0;MC.x
KP.3.1.1;2022-12-28;0.0;MC.x
KP.3.1.1;2023-01-04;0.0;MC.x
KP.3.1.1;2023-01-11;0.0;MC.x
KP.3.1.1;2023-01-18;0.0;MC.x
KP.3.1.1;2023-01-25;0.0;MC.x
KP.3.1.1;2023-02-01;0.0;MC.x
KP.3.1.1;2023-02-08;0.0;MC.x
KP.3.1.1;2023-02-15;0.0;MC.x
KP.3.1.1;2023-02-22;0.0;MC.x
KP.3.1.1;2023-03-01;0.0;MC.x
KP.3.1.1;2023-03-08;0.0;MC.x
KP.3.1.1;2023-03-15;0.0;MC.x
KP.3.1.1;2023-03-22;0.0;MC.x
KP.3.1.1;2023-03-29;0.0;MC.x
KP.3.1.1;2023-04-05;0.0;MC.x
KP.3.1.1;2023-04-12;0.0;MC.x
KP.3.1.1;2023-04-19;0.0;MC.x
KP.3.1.1;2023-04-26;0.0;MC.x
KP.3.1.1;2023-05-03;0.0;MC.x
KP.3.1.1;2023-05-10;0.0;MC.x
KP.3.1.1;2023-05-17;0.0;MC.x
KP.3.1.1;2023-05-24;0.0;MC.x
KP.3.1.1;2023-05-31;0.0;MC.x
KP.3.1.1;2023-06-07;0.0;MC.x
KP.3.1.1;2023-06-14;0.0;MC.x
KP.3.1.1;2023-06-21;0.0;MC.x
KP.3.1.1;2023-06-28;0.0;MC.x
KP.3.1.1;2023-07-05;0.0;MC.x
KP.3.1.1;2023-07-12;0.0;MC.x
KP.3.1.1;2023-07-19;0.0;MC.x
KP.3.1.1;2023-07-26;0.0;MC.x
KP.3.1.1;2023-08-02;0.0;MC.x
KP.3.1.1;2023-08-09;0.0;MC.x
KP.3.1.1;2023-08-16;0.0;MC.x
KP.3.1.1;2023-08-23;0.0;MC.x
KP.3.1.1;2023-08-30;0.0;MC.x
KP.3.1.1;2023-09-06;0.0;MC.x
KP.3.1.1;2023-09-13;0.0;MC.x
KP.3.1.1;2023-09-20;0.0;MC.x
KP.3.1.1;2023-09-27;0.0;MC.x
KP.3.1.1;2023-10-04;0.0;MC.x
KP.3.1.1;2023-10-11;0.0;MC.x
KP.3.1.1;2023-10-18;0.0;MC.x
KP.3.1.1;2023-10-25;0.0;MC.x
KP.3.1.1;2023-11-01;0.0;MC.x
KP.3.1.1;2023-11-08;0.0;MC.x
KP.3.1.1;2023-11-15;0.0;MC.x
KP.3.1.1;2023-11-22;0.0;MC.x
KP.3.1.1;2023-11-29;0.0;MC.x
KP.3.1.1;2023-12-06;0.003;MC.x
KP.3.1.1;2023-12-13;0.001;MC.x
KP.3.1.1;2023-12-20;0.0;MC.x
KP.3.1.1;2023-12-27;0.006;MC.x
KP.3.1.1;2024-01-03;0.012;MC.x
KP.3.1.1;2024-01-10;0.001;MC.x
KP.3.1.1;2024-01-17;0.0;MC.x
KP.3.1.1;2024-01-24;0.0;MC.x
KP.3.1.1;2024-01-31;0.0;MC.x
KP.3.1.1;2024-02-07;0.001;MC.x
KP.3.1.1;2024-02-14;0.001;MC.x
KP.3.1.1;2024-02-21;0.001;MC.x
KP.3.1.1;2024-02-28;0.001;MC.x
KP.3.1.1;2024-03-06;0.002;MC.x
KP.3.1.1;2024-03-13;0.0;MC.x
KP.3.1.1;2024-03-20;0.0;MC.x
KP.3.1.1;2024-03-27;0.0;MC.x
KP.3.1.1;2024-04-03;0.0;MC.x
KP.3.1.1;2024-04-10;0.0;MC.x
KP.3.1.1;2024-04-17;0.0;MC.x
KP.3.1.1;2024-04-24;0.0;MC.x
KP.3.1.1;2024-05-01;0.0;MC.x
KP.3.1.1;2024-05-08;0.002;MC.x
KP.3.1.1;2024-05-15;0.005;MC.x
KP.3.1.1;2024-05-22;0.08;MC.x
KP.3.1.1;2024-05-29;0.221;MC.x
KP.3.1.1;2024-06-05;0.177;MC.x
KP.3.1.1;2024-06-12;0.256;MC.x
KP.3.1.1;2024-06-19;0.238;MC.x
KP.3.1.1;2024-06-26;0.172;MC.x
KP.3.1.1;2024-07-03;0.168;MC.x
KP.3.1.1;2024-07-10;0.212;MC.x
KP.3.1.1;2024-07-17;0.254;MC.x
KP.3.1.1;2024-07-24;0.315;MC.x
KP.3.1.1;2024-07-31;0.209;MC.x
KP.3.1.1;2024-08-07;0.148;MC.x
KP.3.1.1;2024-08-14;0.162;MC.x
KP.3.1.1;2024-08-21;0.103;MC.x
KP.3.1.1;2024-08-28;0.092;MC.x
KP.3.1.1;2024-09-04;0.135;MC.x
KP.3.1.1;2024-09-11;0.188;MC.x
KP.3.1.1;2024-09-18;0.173;MC.x
KP.3.1.1;2024-09-25;0.222;MC.x
KP.3.1.1;2024-10-02;0.176;MC.x
KP.3.1.1;2024-10-09;0.119;MC.x
KP.3.1.1;2024-10-16;0.125;MC.x
KP.3.1.1;2024-10-23;0.062;MC.x
KP.3.1.1;2024-10-30;0.022;MC.x
KP.3.1.1;2024-11-06;0.044;MC.x
KP.3.1.1;2024-11-13;0.07;MC.x
KP.3.1.1;2024-11-20;0.061;MC.x
KP.3.1.1;2024-11-27;0.04;MC.x
KP.3.1.1;2024-12-04;0.049;MC.x
KP.3.1.1;2024-12-11;0.076;MC.x
KP.3.1.1;2024-12-18;0.065;MC.x
KP.3.1.1;2024-12-25;0.06;MC.x
KP.3.1.1;2025-01-01;0.042;MC.x
KP.3.1.1;2025-01-08;0.052;MC.x
KP.3.1.1;2025-01-15;0.064;MC.x
KP.3.1.1;2025-01-22;0.042;MC.x
KP.3.1.1;2025-01-29;0.055;MC.x
KP.3.1.1;2025-02-05;0.05;MC.x
KP.3.1.1;2025-02-12;0.066;MC.x
KP.3.1.1;2025-02-19;0.042;MC.x
KP.3.1.1;2025-02-26;0.054;MC.x
KP.3.1.1;2025-03-05;0.075;MC.x
KP.3.1.1;2025-03-12;0.094;MC.x
KP.3.1.1;2025-03-19;0.026;MC.x
KP.3.1.1;2025-03-26;0.048;MC.x
KP.3.1.1;2025-04-02;0.002;MC.x
KP.3.1.1;2025-04-09;0.009;MC.x
KP.3.1.1;2025-04-16;0.027;MC.x
KP.3.1.1;2025-04-23;0.007;MC.x
KP.3.1.1;2025-04-30;0.0;MC.x
KP.3.1.1;2025-05-07;0.026;MC.x
KP.3.1.1;2025-05-14;0.001;MC.x
KP.3.1.1;2025-05-21;0.003;MC.x
KP.3.1.1;2025-05-28;0.002;MC.x
KP.3.1.1;2025-06-04;0.002;MC.x
KP.3.1.1;2025-06-11;0.0;MC.x
KP.3.1.1;2025-06-18;0.007;MC.x
KP.3.1.1;2025-06-25;0.002;MC.x
KP.3.1.1;2025-07-02;0.0;MC.x
KP.3.1.1;2025-07-09;0.0;MC.x
BQ.1;2022-09-21;0.093;BA.5.x
BQ.1;2022-09-28;0.102;BA.5.x
BQ.1;2022-10-05;0.122;BA.5.x
BQ.1;2022-10-12;0.134;BA.5.x
BQ.1;2022-10-19;0.151;BA.5.x
BQ.1;2022-10-26;0.16;BA.5.x
BQ.1;2022-11-02;0.208;BA.5.x
BQ.1;2022-11-09;0.233;BA.5.x
BQ.1;2022-11-16;0.269;BA.5.x
BQ.1;2022-11-23;0.324;BA.5.x
BQ.1;2022-11-30;0.361;BA.5.x
BQ.1;2022-12-07;0.367;BA.5.x
BQ.1;2022-12-14;0.416;BA.5.x
BQ.1;2022-12-21;0.469;BA.5.x
BQ.1;2022-12-28;0.488;BA.5.x
BQ.1;2023-01-04;0.502;BA.5.x
BQ.1;2023-01-11;0.494;BA.5.x
BQ.1;2023-01-18;0.398;BA.5.x
BQ.1;2023-01-25;0.351;BA.5.x
BQ.1;2023-02-01;0.293;BA.5.x
BQ.1;2023-02-08;0.24;BA.5.x
BQ.1;2023-02-15;0.187;BA.5.x
BQ.1;2023-02-22;0.141;BA.5.x
BQ.1;2023-03-01;0.108;BA.5.x
BQ.1;2023-03-08;0.081;BA.5.x
BQ.1;2023-03-15;0.063;BA.5.x
BQ.1;2023-03-22;0.055;BA.5.x
BQ.1;2023-03-29;0.048;BA.5.x
BQ.1;2023-04-05;0.045;BA.5.x
BQ.1;2023-04-12;0.01;BA.5.x
BQ.1;2023-04-19;0.008;BA.5.x
BQ.1;2023-04-26;0.002;BA.5.x
BQ.1;2023-05-03;0.002;BA.5.x
BQ.1;2023-05-10;0.005;BA.5.x
BQ.1;2023-05-17;0.0;BA.5.x
BQ.1;2023-05-24;0.0;BA.5.x
BQ.1;2023-05-31;0.0;BA.5.x
BQ.1;2023-06-07;0.0;BA.5.x
BQ.1;2023-06-14;0.0;BA.5.x
BQ.1;2023-06-21;0.0;BA.5.x
BQ.1;2023-06-28;0.0;BA.5.x
BQ.1;2023-07-05;0.0;BA.5.x
BQ.1;2023-07-12;0.0;BA.5.x
BQ.1;2023-07-19;0.0;BA.5.x
BQ.1;2023-07-26;0.0;BA.5.x
BQ.1;2023-08-02;0.0;BA.5.x
BQ.1;2023-08-09;0.0;BA.5.x
BQ.1;2023-08-16;0.0;BA.5.x
BQ.1;2023-08-23;0.0;BA.5.x
BQ.1;2023-08-30;0.0;BA.5.x
BQ.1;2023-09-06;0.0;BA.5.x
BQ.1;2023-09-13;0.0;BA.5.x
BQ.1;2023-09-20;0.0;BA.5.x
BQ.1;2023-09-27;0.0;BA.5.x
BQ.1;2023-10-04;0.0;BA.5.x
BQ.1;2023-10-11;0.0;BA.5.x
BQ.1;2023-10-18;0.0;BA.5.x
BQ.1;2023-10-25;0.0;BA.5.x
BQ.1;2023-11-01;0.0;BA.5.x
BQ.1;2023-11-08;0.0;BA.5.x
BQ.1;2023-11-15;0.0;BA.5.x
BQ.1;2023-11-22;0.0;BA.5.x
BQ.1;2023-11-29;0.0;BA.5.x
BQ.1;2023-12-06;0.0;BA.5.x
BQ.1;2023-12-13;0.0;BA.5.x
BQ.1;2023-12-20;0.0;BA.5.x
BQ.1;2023-12-27;0.0;BA.5.x
BQ.1;2024-01-03;0.0;BA.5.x
BQ.1;2024-01-10;0.0;BA.5.x
BQ.1;2024-01-17;0.0;BA.5.x
BQ.1;2024-01-24;0.0;BA.5.x
BQ.1;2024-01-31;0.0;BA.5.x
BQ.1;2024-02-07;0.0;BA.5.x
BQ.1;2024-02-14;0.0;BA.5.x
BQ.1;2024-02-21;0.0;BA.5.x
BQ.1;2024-02-28;0.0;BA.5.x
BQ.1;2024-03-06;0.0;BA.5.x
BQ.1;2024-03-13;0.0;BA.5.x
BQ.1;2024-03-20;0.0;BA.5.x
BQ.1;2024-03-27;0.0;BA.5.x
BQ.1;2024-04-03;0.0;BA.5.x
BQ.1;2024-04-10;0.0;BA.5.x
BQ.1;2024-04-17;0.0;BA.5.x
BQ.1;2024-04-24;0.0;BA.5.x
BQ.1;2024-05-01;0.0;BA.5.x
BQ.1;2024-05-08;0.0;BA.5.x
BQ.1;2024-05-15;0.0;BA.5.x
BQ.1;2024-05-22;0.0;BA.5.x
BQ.1;2024-05-29;0.0;BA.5.x
BQ.1;2024-06-05;0.0;BA.5.x
BQ.1;2024-06-12;0.0;BA.5.x
BQ.1;2024-06-19;0.0;BA.5.x
BQ.1;2024-06-26;0.0;BA.5.x
BQ.1;2024-07-03;0.0;BA.5.x
BQ.1;2024-07-10;0.0;BA.5.x
BQ.1;2024-07-17;0.0;BA.5.x
BQ.1;2024-07-24;0.0;BA.5.x
BQ.1;2024-07-31;0.0;BA.5.x
BQ.1;2024-08-07;0.0;BA.5.x
BQ.1;2024-08-14;0.0;BA.5.x
BQ.1;2024-08-21;0.0;BA.5.x
BQ.1;2024-08-28;0.0;BA.5.x
BQ.1;2024-09-04;0.0;BA.5.x
BQ.1;2024-09-11;0.0;BA.5.x
BQ.1;2024-09-18;0.0;BA.5.x
BQ.1;2024-09-25;0.0;BA.5.x
BQ.1;2024-10-02;0.0;BA.5.x
BQ.1;2024-10-09;0.0;BA.5.x
BQ.1;2024-10-16;0.0;BA.5.x
BQ.1;2024-10-23;0.0;BA.5.x
BQ.1;2024-10-30;0.0;BA.5.x
BQ.1;2024-11-06;0.0;BA.5.x
BQ.1;2024-11-13;0.0;BA.5.x
BQ.1;2024-11-20;0.0;BA.5.x
BQ.1;2024-11-27;0.0;BA.5.x
BQ.1;2024-12-04;0.0;BA.5.x
BQ.1;2024-12-11;0.0;BA.5.x
BQ.1;2024-12-18;0.0;BA.5.x
BQ.1;2024-12-25;0.0;BA.5.x
BQ.1;2025-01-01;0.0;BA.5.x
BQ.1;2025-01-08;0.0;BA.5.x
BQ.1;2025-01-15;0.0;BA.5.x
BQ.1;2025-01-22;0.0;BA.5.x
BQ.1;2025-01-29;0.0;BA.5.x
BQ.1;2025-02-05;0.0;BA.5.x
BQ.1;2025-02-12;0.0;BA.5.x
BQ.1;2025-02-19;0.0;BA.5.x
BQ.1;2025-02-26;0.0;BA.5.x
BQ.1;2025-03-05;0.0;BA.5.x
BQ.1;2025-03-12;0.0;BA.5.x
BQ.1;2025-03-19;0.0;BA.5.x
BQ.1;2025-03-26;0.0;BA.5.x
BQ.1;2025-04-02;0.0;BA.5.x
BQ.1;2025-04-09;0.0;BA.5.x
BQ.1;2025-04-16;0.0;BA.5.x
BQ.1;2025-04-23;0.0;BA.5.x
BQ.1;2025-04-30;0.0;BA.5.x
BQ.1;2025-05-07;0.0;BA.5.x
BQ.1;2025-05-14;0.0;BA.5.x
BQ.1;2025-05-21;0.0;BA.5.x
BQ.1;2025-05-28;0.0;BA.5.x
BQ.1;2025-06-04;0.0;BA.5.x
BQ.1;2025-06-11;0.0;BA.5.x
BQ.1;2025-06-18;0.0;BA.5.x
BQ.1;2025-06-25;0.0;BA.5.x
BQ.1;2025-07-02;0.0;BA.5.x
BQ.1;2025-07-09;0.0;BA.5.x
BF.7;2022-09-21;0.078;BA.5.x
BF.7;2022-09-28;0.119;BA.5.x
BF.7;2022-10-05;0.382;BA.5.x
BF.7;2022-10-12;0.411;BA.5.x
BF.7;2022-10-19;0.436;BA.5.x
BF.7;2022-10-26;0.451;BA.5.x
BF.7;2022-11-02;0.424;BA.5.x
BF.7;2022-11-09;0.422;BA.5.x
BF.7;2022-11-16;0.376;BA.5.x
BF.7;2022-11-23;0.374;BA.5.x
BF.7;2022-11-30;0.358;BA.5.x
BF.7;2022-12-07;0.33;BA.5.x
BF.7;2022-12-14;0.27;BA.5.x
BF.7;2022-12-21;0.209;BA.5.x
BF.7;2022-12-28;0.187;BA.5.x
BF.7;2023-01-04;0.159;BA.5.x
BF.7;2023-01-11;0.157;BA.5.x
BF.7;2023-01-18;0.125;BA.5.x
BF.7;2023-01-25;0.097;BA.5.x
BF.7;2023-02-01;0.057;BA.5.x
BF.7;2023-02-08;0.047;BA.5.x
BF.7;2023-02-15;0.016;BA.5.x
BF.7;2023-02-22;0.014;BA.5.x
BF.7;2023-03-01;0.004;BA.5.x
BF.7;2023-03-08;0.003;BA.5.x
BF.7;2023-03-15;0.001;BA.5.x
BF.7;2023-03-22;0.021;BA.5.x
BF.7;2023-03-29;0.009;BA.5.x
BF.7;2023-04-05;0.005;BA.5.x
BF.7;2023-04-12;0.001;BA.5.x
BF.7;2023-04-19;0.0;BA.5.x
BF.7;2023-04-26;0.0;BA.5.x
BF.7;2023-05-03;0.0;BA.5.x
BF.7;2023-05-10;0.0;BA.5.x
BF.7;2023-05-17;0.0;BA.5.x
BF.7;2023-05-24;0.0;BA.5.x
BF.7;2023-05-31;0.001;BA.5.x
BF.7;2023-06-07;0.0;BA.5.x
BF.7;2023-06-14;0.0;BA.5.x
BF.7;2023-06-21;0.0;BA.5.x
BF.7;2023-06-28;0.0;BA.5.x
BF.7;2023-07-05;0.0;BA.5.x
BF.7;2023-07-12;0.0;BA.5.x
BF.7;2023-07-19;0.0;BA.5.x
BF.7;2023-07-26;0.0;BA.5.x
BF.7;2023-08-02;0.0;BA.5.x
BF.7;2023-08-09;0.0;BA.5.x
BF.7;2023-08-16;0.0;BA.5.x
BF.7;2023-08-23;0.0;BA.5.x
BF.7;2023-08-30;0.0;BA.5.x
BF.7;2023-09-06;0.0;BA.5.x
BF.7;2023-09-13;0.0;BA.5.x
BF.7;2023-09-20;0.0;BA.5.x
BF.7;2023-09-27;0.0;BA.5.x
BF.7;2023-10-04;0.0;BA.5.x
BF.7;2023-10-11;0.0;BA.5.x
BF.7;2023-10-18;0.0;BA.5.x
BF.7;2023-10-25;0.0;BA.5.x
BF.7;2023-11-01;0.0;BA.5.x
BF.7;2023-11-08;0.0;BA.5.x
BF.7;2023-11-15;0.0;BA.5.x
BF.7;2023-11-22;0.0;BA.5.x
BF.7;2023-11-29;0.0;BA.5.x
BF.7;2023-12-06;0.0;BA.5.x
BF.7;2023-12-13;0.0;BA.5.x
BF.7;2023-12-20;0.0;BA.5.x
BF.7;2023-12-27;0.0;BA.5.x
BF.7;2024-01-03;0.0;BA.5.x
BF.7;2024-01-10;0.0;BA.5.x
BF.7;2024-01-17;0.0;BA.5.x
BF.7;2024-01-24;0.0;BA.5.x
BF.7;2024-01-31;0.0;BA.5.x
BF.7;2024-02-07;0.0;BA.5.x
BF.7;2024-02-14;0.0;BA.5.x
BF.7;2024-02-21;0.0;BA.5.x
BF.7;2024-02-28;0.0;BA.5.x
BF.7;2024-03-06;0.0;BA.5.x
BF.7;2024-03-13;0.0;BA.5.x
BF.7;2024-03-20;0.0;BA.5.x
BF.7;2024-03-27;0.0;BA.5.x
BF.7;2024-04-03;0.0;BA.5.x
BF.7;2024-04-10;0.0;BA.5.x
BF.7;2024-04-17;0.0;BA.5.x
BF.7;2024-04-24;0.0;BA.5.x
BF.7;2024-05-01;0.0;BA.5.x
BF.7;2024-05-08;0.0;BA.5.x
BF.7;2024-05-15;0.0;BA.5.x
BF.7;2024-05-22;0.0;BA.5.x
BF.7;2024-05-29;0.0;BA.5.x
BF.7;2024-06-05;0.0;BA.5.x
BF.7;2024-06-12;0.0;BA.5.x
BF.7;2024-06-19;0.0;BA.5.x
BF.7;2024-06-26;0.0;BA.5.x
BF.7;2024-07-03;0.0;BA.5.x
BF.7;2024-07-10;0.0;BA.5.x
BF.7;2024-07-17;0.0;BA.5.x
BF.7;2024-07-24;0.0;BA.5.x
BF.7;2024-07-31;0.0;BA.5.x
BF.7;2024-08-07;0.0;BA.5.x
BF.7;2024-08-14;0.0;BA.5.x
BF.7;2024-08-21;0.0;BA.5.x
BF.7;2024-08-28;0.0;BA.5.x
BF.7;2024-09-04;0.0;BA.5.x
BF.7;2024-09-11;0.0;BA.5.x
BF.7;2024-09-18;0.0;BA.5.x
BF.7;2024-09-25;0.0;BA.5.x
BF.7;2024-10-02;0.0;BA.5.x
BF.7;2024-10-09;0.0;BA.5.x
BF.7;2024-10-16;0.0;BA.5.x
BF.7;2024-10-23;0.0;BA.5.x
BF.7;2024-10-30;0.0;BA.5.x
BF.7;2024-11-06;0.0;BA.5.x
BF.7;2024-11-13;0.0;BA.5.x
BF.7;2024-11-20;0.0;BA.5.x
BF.7;2024-11-27;0.0;BA.5.x
BF.7;2024-12-04;0.0;BA.5.x
BF.7;2024-12-11;0.0;BA.5.x
BF.7;2024-12-18;0.0;BA.5.x
BF.7;2024-12-25;0.0;BA.5.x
BF.7;2025-01-01;0.0;BA.5.x
BF.7;2025-01-08;0.0;BA.5.x
BF.7;2025-01-15;0.0;BA.5.x
BF.7;2025-01-22;0.0;BA.5.x
BF.7;2025-01-29;0.0;BA.5.x
BF.7;2025-02-05;0.0;BA.5.x
BF.7;2025-02-12;0.0;BA.5.x
BF.7;2025-02-19;0.0;BA.5.x
BF.7;2025-02-26;0.0;BA.5.x
BF.7;2025-03-05;0.0;BA.5.x
BF.7;2025-03-12;0.0;BA.5.x
BF.7;2025-03-19;0.0;BA.5.x
BF.7;2025-03-26;0.0;BA.5.x
BF.7;2025-04-02;0.0;BA.5.x
BF.7;2025-04-09;0.0;BA.5.x
BF.7;2025-04-16;0.0;BA.5.x
BF.7;2025-04-23;0.0;BA.5.x
BF.7;2025-04-30;0.0;BA.5.x
BF.7;2025-05-07;0.0;BA.5.x
BF.7;2025-05-14;0.0;BA.5.x
BF.7;2025-05-21;0.0;BA.5.x
BF.7;2025-05-28;0.0;BA.5.x
BF.7;2025-06-04;0.0;BA.5.x
BF.7;2025-06-11;0.0;BA.5.x
BF.7;2025-06-18;0.0;BA.5.x
BF.7;2025-06-25;0.0;BA.5.x
BF.7;2025-07-02;0.0;BA.5.x
BF.7;2025-07-09;0.0;BA.5.x
BF.14;2022-09-21;0.048;BA.5.x
BF.14;2022-09-28;0.01;BA.5.x
BF.14;2022-10-05;0.0;BA.5.x
BF.14;2022-10-12;0.0;BA.5.x
BF.14;2022-10-19;0.0;BA.5.x
BF.14;2022-10-26;0.0;BA.5.x
BF.14;2022-11-02;0.0;BA.5.x
BF.14;2022-11-09;0.0;BA.5.x
BF.14;2022-11-16;0.0;BA.5.x
BF.14;2022-11-23;0.0;BA.5.x
BF.14;2022-11-30;0.0;BA.5.x
BF.14;2022-12-07;0.0;BA.5.x
BF.14;2022-12-14;0.0;BA.5.x
BF.14;2022-12-21;0.0;BA.5.x
BF.14;2022-12-28;0.0;BA.5.x
BF.14;2023-01-04;0.0;BA.5.x
BF.14;2023-01-11;0.0;BA.5.x
BF.14;2023-01-18;0.0;BA.5.x
BF.14;2023-01-25;0.0;BA.5.x
BF.14;2023-02-01;0.0;BA.5.x
BF.14;2023-02-08;0.0;BA.5.x
BF.14;2023-02-15;0.0;BA.5.x
BF.14;2023-02-22;0.0;BA.5.x
BF.14;2023-03-01;0.0;BA.5.x
BF.14;2023-03-08;0.0;BA.5.x
BF.14;2023-03-15;0.0;BA.5.x
BF.14;2023-03-22;0.0;BA.5.x
BF.14;2023-03-29;0.0;BA.5.x
BF.14;2023-04-05;0.0;BA.5.x
BF.14;2023-04-12;0.0;BA.5.x
BF.14;2023-04-19;0.0;BA.5.x
BF.14;2023-04-26;0.0;BA.5.x
BF.14;2023-05-03;0.0;BA.5.x
BF.14;2023-05-10;0.0;BA.5.x
BF.14;2023-05-17;0.0;BA.5.x
BF.14;2023-05-24;0.0;BA.5.x
BF.14;2023-05-31;0.0;BA.5.x
BF.14;2023-06-07;0.0;BA.5.x
BF.14;2023-06-14;0.0;BA.5.x
BF.14;2023-06-21;0.0;BA.5.x
BF.14;2023-06-28;0.0;BA.5.x
BF.14;2023-07-05;0.0;BA.5.x
BF.14;2023-07-12;0.0;BA.5.x
BF.14;2023-07-19;0.0;BA.5.x
BF.14;2023-07-26;0.0;BA.5.x
BF.14;2023-08-02;0.0;BA.5.x
BF.14;2023-08-09;0.0;BA.5.x
BF.14;2023-08-16;0.0;BA.5.x
BF.14;2023-08-23;0.0;BA.5.x
BF.14;2023-08-30;0.0;BA.5.x
BF.14;2023-09-06;0.0;BA.5.x
BF.14;2023-09-13;0.0;BA.5.x
BF.14;2023-09-20;0.0;BA.5.x
BF.14;2023-09-27;0.0;BA.5.x
BF.14;2023-10-04;0.0;BA.5.x
BF.14;2023-10-11;0.0;BA.5.x
BF.14;2023-10-18;0.0;BA.5.x
BF.14;2023-10-25;0.0;BA.5.x
BF.14;2023-11-01;0.0;BA.5.x
BF.14;2023-11-08;0.0;BA.5.x
BF.14;2023-11-15;0.0;BA.5.x
BF.14;2023-11-22;0.0;BA.5.x
BF.14;2023-11-29;0.0;BA.5.x
BF.14;2023-12-06;0.0;BA.5.x
BF.14;2023-12-13;0.0;BA.5.x
BF.14;2023-12-20;0.0;BA.5.x
BF.14;2023-12-27;0.0;BA.5.x
BF.14;2024-01-03;0.0;BA.5.x
BF.14;2024-01-10;0.0;BA.5.x
BF.14;2024-01-17;0.0;BA.5.x
BF.14;2024-01-24;0.0;BA.5.x
BF.14;2024-01-31;0.0;BA.5.x
BF.14;2024-02-07;0.0;BA.5.x
BF.14;2024-02-14;0.0;BA.5.x
BF.14;2024-02-21;0.0;BA.5.x
BF.14;2024-02-28;0.0;BA.5.x
BF.14;2024-03-06;0.0;BA.5.x
BF.14;2024-03-13;0.0;BA.5.x
BF.14;2024-03-20;0.0;BA.5.x
BF.14;2024-03-27;0.0;BA.5.x
BF.14;2024-04-03;0.0;BA.5.x
BF.14;2024-04-10;0.0;BA.5.x
BF.14;2024-04-17;0.0;BA.5.x
BF.14;2024-04-24;0.0;BA.5.x
BF.14;2024-05-01;0.0;BA.5.x
BF.14;2024-05-08;0.0;BA.5.x
BF.14;2024-05-15;0.0;BA.5.x
BF.14;2024-05-22;0.0;BA.5.x
BF.14;2024-05-29;0.0;BA.5.x
BF.14;2024-06-05;0.0;BA.5.x
BF.14;2024-06-12;0.0;BA.5.x
BF.14;2024-06-19;0.0;BA.5.x
BF.14;2024-06-26;0.0;BA.5.x
BF.14;2024-07-03;0.0;BA.5.x
BF.14;2024-07-10;0.0;BA.5.x
BF.14;2024-07-17;0.0;BA.5.x
BF.14;2024-07-24;0.0;BA.5.x
BF.14;2024-07-31;0.0;BA.5.x
BF.14;2024-08-07;0.0;BA.5.x
BF.14;2024-08-14;0.0;BA.5.x
BF.14;2024-08-21;0.0;BA.5.x
BF.14;2024-08-28;0.0;BA.5.x
BF.14;2024-09-04;0.0;BA.5.x
BF.14;2024-09-11;0.0;BA.5.x
BF.14;2024-09-18;0.0;BA.5.x
BF.14;2024-09-25;0.0;BA.5.x
BF.14;2024-10-02;0.0;BA.5.x
BF.14;2024-10-09;0.0;BA.5.x
BF.14;2024-10-16;0.0;BA.5.x
BF.14;2024-10-23;0.0;BA.5.x
BF.14;2024-10-30;0.0;BA.5.x
BF.14;2024-11-06;0.0;BA.5.x
BF.14;2024-11-13;0.0;BA.5.x
BF.14;2024-11-20;0.0;BA.5.x
BF.14;2024-11-27;0.0;BA.5.x
BF.14;2024-12-04;0.0;BA.5.x
BF.14;2024-12-11;0.0;BA.5.x
BF.14;2024-12-18;0.0;BA.5.x
BF.14;2024-12-25;0.0;BA.5.x
BF.14;2025-01-01;0.0;BA.5.x
BF.14;2025-01-08;0.0;BA.5.x
BF.14;2025-01-15;0.0;BA.5.x
BF.14;2025-01-22;0.0;BA.5.x
BF.14;2025-01-29;0.0;BA.5.x
BF.14;2025-02-05;0.0;BA.5.x
BF.14;2025-02-12;0.0;BA.5.x
BF.14;2025-02-19;0.0;BA.5.x
BF.14;2025-02-26;0.0;BA.5.x
BF.14;2025-03-05;0.0;BA.5.x
BF.14;2025-03-12;0.0;BA.5.x
BF.14;2025-03-19;0.0;BA.5.x
BF.14;2025-03-26;0.0;BA.5.x
BF.14;2025-04-02;0.0;BA.5.x
BF.14;2025-04-09;0.0;BA.5.x
BF.14;2025-04-16;0.0;BA.5.x
BF.14;2025-04-23;0.0;BA.5.x
BF.14;2025-04-30;0.0;BA.5.x
BF.14;2025-05-07;0.0;BA.5.x
BF.14;2025-05-14;0.0;BA.5.x
BF.14;2025-05-21;0.0;BA.5.x
BF.14;2025-05-28;0.0;BA.5.x
BF.14;2025-06-04;0.0;BA.5.x
BF.14;2025-06-11;0.0;BA.5.x
BF.14;2025-06-18;0.0;BA.5.x
BF.14;2025-06-25;0.0;BA.5.x
BF.14;2025-07-02;0.0;BA.5.x
BF.14;2025-07-09;0.0;BA.5.x
BA.5.2.1;2022-09-21;0.36;BA.5.x
BA.5.2.1;2022-09-28;0.373;BA.5.x
BA.5.2.1;2022-10-05;0.012;BA.5.x
BA.5.2.1;2022-10-12;0.0;BA.5.x
BA.5.2.1;2022-10-19;0.0;BA.5.x
BA.5.2.1;2022-10-26;0.0;BA.5.x
BA.5.2.1;2022-11-02;0.0;BA.5.x
BA.5.2.1;2022-11-09;0.0;BA.5.x
BA.5.2.1;2022-11-16;0.0;BA.5.x
BA.5.2.1;2022-11-23;0.007;BA.5.x
BA.5.2.1;2022-11-30;0.0;BA.5.x
BA.5.2.1;2022-12-07;0.0;BA.5.x
BA.5.2.1;2022-12-14;0.0;BA.5.x
BA.5.2.1;2022-12-21;0.0;BA.5.x
BA.5.2.1;2022-12-28;0.0;BA.5.x
BA.5.2.1;2023-01-04;0.0;BA.5.x
BA.5.2.1;2023-01-11;0.0;BA.5.x
BA.5.2.1;2023-01-18;0.0;BA.5.x
BA.5.2.1;2023-01-25;0.0;BA.5.x
BA.5.2.1;2023-02-01;0.0;BA.5.x
BA.5.2.1;2023-02-08;0.0;BA.5.x
BA.5.2.1;2023-02-15;0.0;BA.5.x
BA.5.2.1;2023-02-22;0.0;BA.5.x
BA.5.2.1;2023-03-01;0.0;BA.5.x
BA.5.2.1;2023-03-08;0.0;BA.5.x
BA.5.2.1;2023-03-15;0.0;BA.5.x
BA.5.2.1;2023-03-22;0.0;BA.5.x
BA.5.2.1;2023-03-29;0.0;BA.5.x
BA.5.2.1;2023-04-05;0.0;BA.5.x
BA.5.2.1;2023-04-12;0.0;BA.5.x
BA.5.2.1;2023-04-19;0.0;BA.5.x
BA.5.2.1;2023-04-26;0.0;BA.5.x
BA.5.2.1;2023-05-03;0.0;BA.5.x
BA.5.2.1;2023-05-10;0.0;BA.5.x
BA.5.2.1;2023-05-17;0.0;BA.5.x
BA.5.2.1;2023-05-24;0.0;BA.5.x
BA.5.2.1;2023-05-31;0.0;BA.5.x
BA.5.2.1;2023-06-07;0.0;BA.5.x
BA.5.2.1;2023-06-14;0.0;BA.5.x
BA.5.2.1;2023-06-21;0.0;BA.5.x
BA.5.2.1;2023-06-28;0.0;BA.5.x
BA.5.2.1;2023-07-05;0.0;BA.5.x
BA.5.2.1;2023-07-12;0.0;BA.5.x
BA.5.2.1;2023-07-19;0.0;BA.5.x
BA.5.2.1;2023-07-26;0.0;BA.5.x
BA.5.2.1;2023-08-02;0.0;BA.5.x
BA.5.2.1;2023-08-09;0.0;BA.5.x
BA.5.2.1;2023-08-16;0.0;BA.5.x
BA.5.2.1;2023-08-23;0.0;BA.5.x
BA.5.2.1;2023-08-30;0.0;BA.5.x
BA.5.2.1;2023-09-06;0.0;BA.5.x
BA.5.2.1;2023-09-13;0.0;BA.5.x
BA.5.2.1;2023-09-20;0.0;BA.5.x
BA.5.2.1;2023-09-27;0.0;BA.5.x
BA.5.2.1;2023-10-04;0.0;BA.5.x
BA.5.2.1;2023-10-11;0.0;BA.5.x
BA.5.2.1;2023-10-18;0.0;BA.5.x
BA.5.2.1;2023-10-25;0.0;BA.5.x
BA.5.2.1;2023-11-01;0.0;BA.5.x
BA.5.2.1;2023-11-08;0.0;BA.5.x
BA.5.2.1;2023-11-15;0.0;BA.5.x
BA.5.2.1;2023-11-22;0.0;BA.5.x
BA.5.2.1;2023-11-29;0.0;BA.5.x
BA.5.2.1;2023-12-06;0.0;BA.5.x
BA.5.2.1;2023-12-13;0.0;BA.5.x
BA.5.2.1;2023-12-20;0.0;BA.5.x
BA.5.2.1;2023-12-27;0.0;BA.5.x
BA.5.2.1;2024-01-03;0.0;BA.5.x
BA.5.2.1;2024-01-10;0.0;BA.5.x
BA.5.2.1;2024-01-17;0.0;BA.5.x
BA.5.2.1;2024-01-24;0.0;BA.5.x
BA.5.2.1;2024-01-31;0.0;BA.5.x
BA.5.2.1;2024-02-07;0.0;BA.5.x
BA.5.2.1;2024-02-14;0.0;BA.5.x
BA.5.2.1;2024-02-21;0.0;BA.5.x
BA.5.2.1;2024-02-28;0.0;BA.5.x
BA.5.2.1;2024-03-06;0.0;BA.5.x
BA.5.2.1;2024-03-13;0.0;BA.5.x
BA.5.2.1;2024-03-20;0.0;BA.5.x
BA.5.2.1;2024-03-27;0.0;BA.5.x
BA.5.2.1;2024-04-03;0.0;BA.5.x
BA.5.2.1;2024-04-10;0.0;BA.5.x
BA.5.2.1;2024-04-17;0.0;BA.5.x
BA.5.2.1;2024-04-24;0.0;BA.5.x
BA.5.2.1;2024-05-01;0.0;BA.5.x
BA.5.2.1;2024-05-08;0.0;BA.5.x
BA.5.2.1;2024-05-15;0.0;BA.5.x
BA.5.2.1;2024-05-22;0.0;BA.5.x
BA.5.2.1;2024-05-29;0.0;BA.5.x
BA.5.2.1;2024-06-05;0.0;BA.5.x
BA.5.2.1;2024-06-12;0.0;BA.5.x
BA.5.2.1;2024-06-19;0.0;BA.5.x
BA.5.2.1;2024-06-26;0.0;BA.5.x
BA.5.2.1;2024-07-03;0.0;BA.5.x
BA.5.2.1;2024-07-10;0.0;BA.5.x
BA.5.2.1;2024-07-17;0.0;BA.5.x
BA.5.2.1;2024-07-24;0.0;BA.5.x
BA.5.2.1;2024-07-31;0.0;BA.5.x
BA.5.2.1;2024-08-07;0.0;BA.5.x
BA.5.2.1;2024-08-14;0.0;BA.5.x
BA.5.2.1;2024-08-21;0.0;BA.5.x
BA.5.2.1;2024-08-28;0.0;BA.5.x
BA.5.2.1;2024-09-04;0.0;BA.5.x
BA.5.2.1;2024-09-11;0.0;BA.5.x
BA.5.2.1;2024-09-18;0.0;BA.5.x
BA.5.2.1;2024-09-25;0.0;BA.5.x
BA.5.2.1;2024-10-02;0.0;BA.5.x
BA.5.2.1;2024-10-09;0.0;BA.5.x
BA.5.2.1;2024-10-16;0.0;BA.5.x
BA.5.2.1;2024-10-23;0.0;BA.5.x
BA.5.2.1;2024-10-30;0.0;BA.5.x
BA.5.2.1;2024-11-06;0.0;BA.5.x
BA.5.2.1;2024-11-13;0.0;BA.5.x
BA.5.2.1;2024-11-20;0.0;BA.5.x
BA.5.2.1;2024-11-27;0.0;BA.5.x
BA.5.2.1;2024-12-04;0.0;BA.5.x
BA.5.2.1;2024-12-11;0.0;BA.5.x
BA.5.2.1;2024-12-18;0.0;BA.5.x
BA.5.2.1;2024-12-25;0.0;BA.5.x
BA.5.2.1;2025-01-01;0.0;BA.5.x
BA.5.2.1;2025-01-08;0.0;BA.5.x
BA.5.2.1;2025-01-15;0.0;BA.5.x
BA.5.2.1;2025-01-22;0.0;BA.5.x
BA.5.2.1;2025-01-29;0.0;BA.5.x
BA.5.2.1;2025-02-05;0.0;BA.5.x
BA.5.2.1;2025-02-12;0.0;BA.5.x
BA.5.2.1;2025-02-19;0.0;BA.5.x
BA.5.2.1;2025-02-26;0.0;BA.5.x
BA.5.2.1;2025-03-05;0.0;BA.5.x
BA.5.2.1;2025-03-12;0.0;BA.5.x
BA.5.2.1;2025-03-19;0.0;BA.5.x
BA.5.2.1;2025-03-26;0.0;BA.5.x
BA.5.2.1;2025-04-02;0.0;BA.5.x
BA.5.2.1;2025-04-09;0.0;BA.5.x
BA.5.2.1;2025-04-16;0.0;BA.5.x
BA.5.2.1;2025-04-23;0.0;BA.5.x
BA.5.2.1;2025-04-30;0.0;BA.5.x
BA.5.2.1;2025-05-07;0.0;BA.5.x
BA.5.2.1;2025-05-14;0.0;BA.5.x
BA.5.2.1;2025-05-21;0.0;BA.5.x
BA.5.2.1;2025-05-28;0.0;BA.5.x
BA.5.2.1;2025-06-04;0.0;BA.5.x
BA.5.2.1;2025-06-11;0.0;BA.5.x
BA.5.2.1;2025-06-18;0.0;BA.5.x
BA.5.2.1;2025-06-25;0.0;BA.5.x
BA.5.2.1;2025-07-02;0.0;BA.5.x
BA.5.2.1;2025-07-09;0.0;BA.5.x
BA.5.1;2022-09-21;0.279;BA.5.x
BA.5.1;2022-09-28;0.246;BA.5.x
BA.5.1;2022-10-05;0.256;BA.5.x
BA.5.1;2022-10-12;0.242;BA.5.x
BA.5.1;2022-10-19;0.202;BA.5.x
BA.5.1;2022-10-26;0.202;BA.5.x
BA.5.1;2022-11-02;0.182;BA.5.x
BA.5.1;2022-11-09;0.158;BA.5.x
BA.5.1;2022-11-16;0.106;BA.5.x
BA.5.1;2022-11-23;0.069;BA.5.x
BA.5.1;2022-11-30;0.072;BA.5.x
BA.5.1;2022-12-07;0.069;BA.5.x
BA.5.1;2022-12-14;0.062;BA.5.x
BA.5.1;2022-12-21;0.048;BA.5.x
BA.5.1;2022-12-28;0.043;BA.5.x
BA.5.1;2023-01-04;0.028;BA.5.x
BA.5.1;2023-01-11;0.024;BA.5.x
BA.5.1;2023-01-18;0.029;BA.5.x
BA.5.1;2023-01-25;0.019;BA.5.x
BA.5.1;2023-02-01;0.005;BA.5.x
BA.5.1;2023-02-08;0.004;BA.5.x
BA.5.1;2023-02-15;0.0;BA.5.x
BA.5.1;2023-02-22;0.001;BA.5.x
BA.5.1;2023-03-01;0.0;BA.5.x
BA.5.1;2023-03-08;0.0;BA.5.x
BA.5.1;2023-03-15;0.003;BA.5.x
BA.5.1;2023-03-22;0.0;BA.5.x
BA.5.1;2023-03-29;0.0;BA.5.x
BA.5.1;2023-04-05;0.0;BA.5.x
BA.5.1;2023-04-12;0.0;BA.5.x
BA.5.1;2023-04-19;0.002;BA.5.x
BA.5.1;2023-04-26;0.002;BA.5.x
BA.5.1;2023-05-03;0.0;BA.5.x
BA.5.1;2023-05-10;0.0;BA.5.x
BA.5.1;2023-05-17;0.0;BA.5.x
BA.5.1;2023-05-24;0.0;BA.5.x
BA.5.1;2023-05-31;0.0;BA.5.x
BA.5.1;2023-06-07;0.0;BA.5.x
BA.5.1;2023-06-14;0.0;BA.5.x
BA.5.1;2023-06-21;0.0;BA.5.x
BA.5.1;2023-06-28;0.006;BA.5.x
BA.5.1;2023-07-05;0.0;BA.5.x
BA.5.1;2023-07-12;0.0;BA.5.x
BA.5.1;2023-07-19;0.0;BA.5.x
BA.5.1;2023-07-26;0.0;BA.5.x
BA.5.1;2023-08-02;0.0;BA.5.x
BA.5.1;2023-08-09;0.0;BA.5.x
BA.5.1;2023-08-16;0.0;BA.5.x
BA.5.1;2023-08-23;0.0;BA.5.x
BA.5.1;2023-08-30;0.0;BA.5.x
BA.5.1;2023-09-06;0.0;BA.5.x
BA.5.1;2023-09-13;0.0;BA.5.x
BA.5.1;2023-09-20;0.0;BA.5.x
BA.5.1;2023-09-27;0.0;BA.5.x
BA.5.1;2023-10-04;0.0;BA.5.x
BA.5.1;2023-10-11;0.0;BA.5.x
BA.5.1;2023-10-18;0.0;BA.5.x
BA.5.1;2023-10-25;0.0;BA.5.x
BA.5.1;2023-11-01;0.0;BA.5.x
BA.5.1;2023-11-08;0.0;BA.5.x
BA.5.1;2023-11-15;0.0;BA.5.x
BA.5.1;2023-11-22;0.0;BA.5.x
BA.5.1;2023-11-29;0.0;BA.5.x
BA.5.1;2023-12-06;0.0;BA.5.x
BA.5.1;2023-12-13;0.0;BA.5.x
BA.5.1;2023-12-20;0.0;BA.5.x
BA.5.1;2023-12-27;0.0;BA.5.x
BA.5.1;2024-01-03;0.0;BA.5.x
BA.5.1;2024-01-10;0.0;BA.5.x
BA.5.1;2024-01-17;0.001;BA.5.x
BA.5.1;2024-01-24;0.0;BA.5.x
BA.5.1;2024-01-31;0.0;BA.5.x
BA.5.1;2024-02-07;0.0;BA.5.x
BA.5.1;2024-02-14;0.0;BA.5.x
BA.5.1;2024-02-21;0.0;BA.5.x
BA.5.1;2024-02-28;0.0;BA.5.x
BA.5.1;2024-03-06;0.0;BA.5.x
BA.5.1;2024-03-13;0.0;BA.5.x
BA.5.1;2024-03-20;0.0;BA.5.x
BA.5.1;2024-03-27;0.0;BA.5.x
BA.5.1;2024-04-03;0.0;BA.5.x
BA.5.1;2024-04-10;0.0;BA.5.x
BA.5.1;2024-04-17;0.0;BA.5.x
BA.5.1;2024-04-24;0.0;BA.5.x
BA.5.1;2024-05-01;0.0;BA.5.x
BA.5.1;2024-05-08;0.0;BA.5.x
BA.5.1;2024-05-15;0.0;BA.5.x
BA.5.1;2024-05-22;0.0;BA.5.x
BA.5.1;2024-05-29;0.0;BA.5.x
BA.5.1;2024-06-05;0.0;BA.5.x
BA.5.1;2024-06-12;0.0;BA.5.x
BA.5.1;2024-06-19;0.0;BA.5.x
BA.5.1;2024-06-26;0.0;BA.5.x
BA.5.1;2024-07-03;0.0;BA.5.x
BA.5.1;2024-07-10;0.0;BA.5.x
BA.5.1;2024-07-17;0.0;BA.5.x
BA.5.1;2024-07-24;0.0;BA.5.x
BA.5.1;2024-07-31;0.0;BA.5.x
BA.5.1;2024-08-07;0.0;BA.5.x
BA.5.1;2024-08-14;0.0;BA.5.x
BA.5.1;2024-08-21;0.0;BA.5.x
BA.5.1;2024-08-28;0.0;BA.5.x
BA.5.1;2024-09-04;0.0;BA.5.x
BA.5.1;2024-09-11;0.0;BA.5.x
BA.5.1;2024-09-18;0.0;BA.5.x
BA.5.1;2024-09-25;0.0;BA.5.x
BA.5.1;2024-10-02;0.0;BA.5.x
BA.5.1;2024-10-09;0.0;BA.5.x
BA.5.1;2024-10-16;0.0;BA.5.x
BA.5.1;2024-10-23;0.0;BA.5.x
BA.5.1;2024-10-30;0.0;BA.5.x
BA.5.1;2024-11-06;0.0;BA.5.x
BA.5.1;2024-11-13;0.0;BA.5.x
BA.5.1;2024-11-20;0.0;BA.5.x
BA.5.1;2024-11-27;0.0;BA.5.x
BA.5.1;2024-12-04;0.0;BA.5.x
BA.5.1;2024-12-11;0.0;BA.5.x
BA.5.1;2024-12-18;0.0;BA.5.x
BA.5.1;2024-12-25;0.0;BA.5.x
BA.5.1;2025-01-01;0.0;BA.5.x
BA.5.1;2025-01-08;0.0;BA.5.x
BA.5.1;2025-01-15;0.0;BA.5.x
BA.5.1;2025-01-22;0.0;BA.5.x
BA.5.1;2025-01-29;0.0;BA.5.x
BA.5.1;2025-02-05;0.0;BA.5.x
BA.5.1;2025-02-12;0.0;BA.5.x
BA.5.1;2025-02-19;0.0;BA.5.x
BA.5.1;2025-02-26;0.0;BA.5.x
BA.5.1;2025-03-05;0.0;BA.5.x
BA.5.1;2025-03-12;0.0;BA.5.x
BA.5.1;2025-03-19;0.0;BA.5.x
BA.5.1;2025-03-26;0.0;BA.5.x
BA.5.1;2025-04-02;0.0;BA.5.x
BA.5.1;2025-04-09;0.0;BA.5.x
BA.5.1;2025-04-16;0.0;BA.5.x
BA.5.1;2025-04-23;0.0;BA.5.x
BA.5.1;2025-04-30;0.0;BA.5.x
BA.5.1;2025-05-07;0.0;BA.5.x
BA.5.1;2025-05-14;0.0;BA.5.x
BA.5.1;2025-05-21;0.0;BA.5.x
BA.5.1;2025-05-28;0.0;BA.5.x
BA.5.1;2025-06-04;0.0;BA.5.x
BA.5.1;2025-06-11;0.0;BA.5.x
BA.5.1;2025-06-18;0.0;BA.5.x
BA.5.1;2025-06-25;0.0;BA.5.x
BA.5.1;2025-07-02;0.0;BA.5.x
BA.5.1;2025-07-09;0.0;BA.5.x
BA.5;2022-09-21;0.081;BA.5.x
BA.5;2022-09-28;0.103;BA.5.x
BA.5;2022-10-05;0.153;BA.5.x
BA.5;2022-10-12;0.151;BA.5.x
BA.5;2022-10-19;0.138;BA.5.x
BA.5;2022-10-26;0.096;BA.5.x
BA.5;2022-11-02;0.07;BA.5.x
BA.5;2022-11-09;0.092;BA.5.x
BA.5;2022-11-16;0.085;BA.5.x
BA.5;2022-11-23;0.078;BA.5.x
BA.5;2022-11-30;0.032;BA.5.x
BA.5;2022-12-07;0.041;BA.5.x
BA.5;2022-12-14;0.042;BA.5.x
BA.5;2022-12-21;0.032;BA.5.x
BA.5;2022-12-28;0.02;BA.5.x
BA.5;2023-01-04;0.012;BA.5.x
BA.5;2023-01-11;0.013;BA.5.x
BA.5;2023-01-18;0.012;BA.5.x
BA.5;2023-01-25;0.011;BA.5.x
BA.5;2023-02-01;0.005;BA.5.x
BA.5;2023-02-08;0.002;BA.5.x
BA.5;2023-02-15;0.024;BA.5.x
BA.5;2023-02-22;0.006;BA.5.x
BA.5;2023-03-01;0.012;BA.5.x
BA.5;2023-03-08;0.01;BA.5.x
BA.5;2023-03-15;0.009;BA.5.x
BA.5;2023-03-22;0.004;BA.5.x
BA.5;2023-03-29;0.004;BA.5.x
BA.5;2023-04-05;0.004;BA.5.x
BA.5;2023-04-12;0.004;BA.5.x
BA.5;2023-04-19;0.014;BA.5.x
BA.5;2023-04-26;0.016;BA.5.x
BA.5;2023-05-03;0.003;BA.5.x
BA.5;2023-05-10;0.015;BA.5.x
BA.5;2023-05-17;0.017;BA.5.x
BA.5;2023-05-24;0.001;BA.5.x
BA.5;2023-05-31;0.003;BA.5.x
BA.5;2023-06-07;0.009;BA.5.x
BA.5;2023-06-14;0.0;BA.5.x
BA.5;2023-06-21;0.002;BA.5.x
BA.5;2023-06-28;0.0;BA.5.x
BA.5;2023-07-05;0.0;BA.5.x
BA.5;2023-07-12;0.0;BA.5.x
BA.5;2023-07-19;0.0;BA.5.x
BA.5;2023-07-26;0.0;BA.5.x
BA.5;2023-08-02;0.0;BA.5.x
BA.5;2023-08-09;0.0;BA.5.x
BA.5;2023-08-16;0.0;BA.5.x
BA.5;2023-08-23;0.0;BA.5.x
BA.5;2023-08-30;0.0;BA.5.x
BA.5;2023-09-06;0.0;BA.5.x
BA.5;2023-09-13;0.0;BA.5.x
BA.5;2023-09-20;0.0;BA.5.x
BA.5;2023-09-27;0.0;BA.5.x
BA.5;2023-10-04;0.001;BA.5.x
BA.5;2023-10-11;0.0;BA.5.x
BA.5;2023-10-18;0.0;BA.5.x
BA.5;2023-10-25;0.0;BA.5.x
BA.5;2023-11-01;0.0;BA.5.x
BA.5;2023-11-08;0.0;BA.5.x
BA.5;2023-11-15;0.0;BA.5.x
BA.5;2023-11-22;0.0;BA.5.x
BA.5;2023-11-29;0.0;BA.5.x
BA.5;2023-12-06;0.0;BA.5.x
BA.5;2023-12-13;0.0;BA.5.x
BA.5;2023-12-20;0.0;BA.5.x
BA.5;2023-12-27;0.0;BA.5.x
BA.5;2024-01-03;0.0;BA.5.x
BA.5;2024-01-10;0.0;BA.5.x
BA.5;2024-01-17;0.001;BA.5.x
BA.5;2024-01-24;0.0;BA.5.x
BA.5;2024-01-31;0.0;BA.5.x
BA.5;2024-02-07;0.0;BA.5.x
BA.5;2024-02-14;0.0;BA.5.x
BA.5;2024-02-21;0.0;BA.5.x
BA.5;2024-02-28;0.0;BA.5.x
BA.5;2024-03-06;0.0;BA.5.x
BA.5;2024-03-13;0.0;BA.5.x
BA.5;2024-03-20;0.0;BA.5.x
BA.5;2024-03-27;0.0;BA.5.x
BA.5;2024-04-03;0.0;BA.5.x
BA.5;2024-04-10;0.0;BA.5.x
BA.5;2024-04-17;0.0;BA.5.x
BA.5;2024-04-24;0.0;BA.5.x
BA.5;2024-05-01;0.0;BA.5.x
BA.5;2024-05-08;0.0;BA.5.x
BA.5;2024-05-15;0.0;BA.5.x
BA.5;2024-05-22;0.0;BA.5.x
BA.5;2024-05-29;0.0;BA.5.x
BA.5;2024-06-05;0.0;BA.5.x
BA.5;2024-06-12;0.0;BA.5.x
BA.5;2024-06-19;0.0;BA.5.x
BA.5;2024-06-26;0.0;BA.5.x
BA.5;2024-07-03;0.0;BA.5.x
BA.5;2024-07-10;0.0;BA.5.x
BA.5;2024-07-17;0.0;BA.5.x
BA.5;2024-07-24;0.0;BA.5.x
BA.5;2024-07-31;0.0;BA.5.x
BA.5;2024-08-07;0.0;BA.5.x
BA.5;2024-08-14;0.0;BA.5.x
BA.5;2024-08-21;0.0;BA.5.x
BA.5;2024-08-28;0.0;BA.5.x
BA.5;2024-09-04;0.0;BA.5.x
BA.5;2024-09-11;0.0;BA.5.x
BA.5;2024-09-18;0.0;BA.5.x
BA.5;2024-09-25;0.0;BA.5.x
BA.5;2024-10-02;0.0;BA.5.x
BA.5;2024-10-09;0.0;BA.5.x
BA.5;2024-10-16;0.0;BA.5.x
BA.5;2024-10-23;0.0;BA.5.x
BA.5;2024-10-30;0.0;BA.5.x
BA.5;2024-11-06;0.0;BA.5.x
BA.5;2024-11-13;0.0;BA.5.x
BA.5;2024-11-20;0.0;BA.5.x
BA.5;2024-11-27;0.0;BA.5.x
BA.5;2024-12-04;0.0;BA.5.x
BA.5;2024-12-11;0.0;BA.5.x
BA.5;2024-12-18;0.0;BA.5.x
BA.5;2024-12-25;0.0;BA.5.x
BA.5;2025-01-01;0.0;BA.5.x
BA.5;2025-01-08;0.0;BA.5.x
BA.5;2025-01-15;0.0;BA.5.x
BA.5;2025-01-22;0.0;BA.5.x
BA.5;2025-01-29;0.0;BA.5.x
BA.5;2025-02-05;0.0;BA.5.x
BA.5;2025-02-12;0.0;BA.5.x
BA.5;2025-02-19;0.0;BA.5.x
BA.5;2025-02-26;0.0;BA.5.x
BA.5;2025-03-05;0.0;BA.5.x
BA.5;2025-03-12;0.0;BA.5.x
BA.5;2025-03-19;0.0;BA.5.x
BA.5;2025-03-26;0.0;BA.5.x
BA.5;2025-04-02;0.0;BA.5.x
BA.5;2025-04-09;0.0;BA.5.x
BA.5;2025-04-16;0.0;BA.5.x
BA.5;2025-04-23;0.0;BA.5.x
BA.5;2025-04-30;0.0;BA.5.x
BA.5;2025-05-07;0.0;BA.5.x
BA.5;2025-05-14;0.0;BA.5.x
BA.5;2025-05-21;0.0;BA.5.x
BA.5;2025-05-28;0.0;BA.5.x
BA.5;2025-06-04;0.0;BA.5.x
BA.5;2025-06-11;0.0;BA.5.x
BA.5;2025-06-18;0.0;BA.5.x
BA.5;2025-06-25;0.0;BA.5.x
BA.5;2025-07-02;0.0;BA.5.x
BA.5;2025-07-09;0.0;BA.5.x
XFC.1;2022-09-21;0.0;BA.2.86.x
XFC.1;2022-09-28;0.0;BA.2.86.x
XFC.1;2022-10-05;0.0;BA.2.86.x
XFC.1;2022-10-12;0.0;BA.2.86.x
XFC.1;2022-10-19;0.0;BA.2.86.x
XFC.1;2022-10-26;0.0;BA.2.86.x
XFC.1;2022-11-02;0.0;BA.2.86.x
XFC.1;2022-11-09;0.0;BA.2.86.x
XFC.1;2022-11-16;0.0;BA.2.86.x
XFC.1;2022-11-23;0.0;BA.2.86.x
XFC.1;2022-11-30;0.0;BA.2.86.x
XFC.1;2022-12-07;0.0;BA.2.86.x
XFC.1;2022-12-14;0.0;BA.2.86.x
XFC.1;2022-12-21;0.0;BA.2.86.x
XFC.1;2022-12-28;0.0;BA.2.86.x
XFC.1;2023-01-04;0.0;BA.2.86.x
XFC.1;2023-01-11;0.0;BA.2.86.x
XFC.1;2023-01-18;0.0;BA.2.86.x
XFC.1;2023-01-25;0.0;BA.2.86.x
XFC.1;2023-02-01;0.0;BA.2.86.x
XFC.1;2023-02-08;0.0;BA.2.86.x
XFC.1;2023-02-15;0.0;BA.2.86.x
XFC.1;2023-02-22;0.0;BA.2.86.x
XFC.1;2023-03-01;0.0;BA.2.86.x
XFC.1;2023-03-08;0.0;BA.2.86.x
XFC.1;2023-03-15;0.0;BA.2.86.x
XFC.1;2023-03-22;0.0;BA.2.86.x
XFC.1;2023-03-29;0.0;BA.2.86.x
XFC.1;2023-04-05;0.0;BA.2.86.x
XFC.1;2023-04-12;0.0;BA.2.86.x
XFC.1;2023-04-19;0.0;BA.2.86.x
XFC.1;2023-04-26;0.0;BA.2.86.x
XFC.1;2023-05-03;0.0;BA.2.86.x
XFC.1;2023-05-10;0.0;BA.2.86.x
XFC.1;2023-05-17;0.0;BA.2.86.x
XFC.1;2023-05-24;0.0;BA.2.86.x
XFC.1;2023-05-31;0.0;BA.2.86.x
XFC.1;2023-06-07;0.0;BA.2.86.x
XFC.1;2023-06-14;0.0;BA.2.86.x
XFC.1;2023-06-21;0.0;BA.2.86.x
XFC.1;2023-06-28;0.0;BA.2.86.x
XFC.1;2023-07-05;0.0;BA.2.86.x
XFC.1;2023-07-12;0.0;BA.2.86.x
XFC.1;2023-07-19;0.0;BA.2.86.x
XFC.1;2023-07-26;0.0;BA.2.86.x
XFC.1;2023-08-02;0.0;BA.2.86.x
XFC.1;2023-08-09;0.0;BA.2.86.x
XFC.1;2023-08-16;0.0;BA.2.86.x
XFC.1;2023-08-23;0.0;BA.2.86.x
XFC.1;2023-08-30;0.0;BA.2.86.x
XFC.1;2023-09-06;0.0;BA.2.86.x
XFC.1;2023-09-13;0.0;BA.2.86.x
XFC.1;2023-09-20;0.0;BA.2.86.x
XFC.1;2023-09-27;0.0;BA.2.86.x
XFC.1;2023-10-04;0.0;BA.2.86.x
XFC.1;2023-10-11;0.0;BA.2.86.x
XFC.1;2023-10-18;0.0;BA.2.86.x
XFC.1;2023-10-25;0.0;BA.2.86.x
XFC.1;2023-11-01;0.0;BA.2.86.x
XFC.1;2023-11-08;0.0;BA.2.86.x
XFC.1;2023-11-15;0.0;BA.2.86.x
XFC.1;2023-11-22;0.0;BA.2.86.x
XFC.1;2023-11-29;0.0;BA.2.86.x
XFC.1;2023-12-06;0.0;BA.2.86.x
XFC.1;2023-12-13;0.0;BA.2.86.x
XFC.1;2023-12-20;0.0;BA.2.86.x
XFC.1;2023-12-27;0.0;BA.2.86.x
XFC.1;2024-01-03;0.0;BA.2.86.x
XFC.1;2024-01-10;0.0;BA.2.86.x
XFC.1;2024-01-17;0.0;BA.2.86.x
XFC.1;2024-01-24;0.0;BA.2.86.x
XFC.1;2024-01-31;0.0;BA.2.86.x
XFC.1;2024-02-07;0.0;BA.2.86.x
XFC.1;2024-02-14;0.0;BA.2.86.x
XFC.1;2024-02-21;0.0;BA.2.86.x
XFC.1;2024-02-28;0.0;BA.2.86.x
XFC.1;2024-03-06;0.0;BA.2.86.x
XFC.1;2024-03-13;0.0;BA.2.86.x
XFC.1;2024-03-20;0.0;BA.2.86.x
XFC.1;2024-03-27;0.0;BA.2.86.x
XFC.1;2024-04-03;0.0;BA.2.86.x
XFC.1;2024-04-10;0.0;BA.2.86.x
XFC.1;2024-04-17;0.0;BA.2.86.x
XFC.1;2024-04-24;0.0;BA.2.86.x
XFC.1;2024-05-01;0.0;BA.2.86.x
XFC.1;2024-05-08;0.0;BA.2.86.x
XFC.1;2024-05-15;0.0;BA.2.86.x
XFC.1;2024-05-22;0.0;BA.2.86.x
XFC.1;2024-05-29;0.0;BA.2.86.x
XFC.1;2024-06-05;0.0;BA.2.86.x
XFC.1;2024-06-12;0.0;BA.2.86.x
XFC.1;2024-06-19;0.0;BA.2.86.x
XFC.1;2024-06-26;0.0;BA.2.86.x
XFC.1;2024-07-03;0.0;BA.2.86.x
XFC.1;2024-07-10;0.0;BA.2.86.x
XFC.1;2024-07-17;0.0;BA.2.86.x
XFC.1;2024-07-24;0.0;BA.2.86.x
XFC.1;2024-07-31;0.0;BA.2.86.x
XFC.1;2024-08-07;0.0;BA.2.86.x
XFC.1;2024-08-14;0.0;BA.2.86.x
XFC.1;2024-08-21;0.0;BA.2.86.x
XFC.1;2024-08-28;0.0;BA.2.86.x
XFC.1;2024-09-04;0.0;BA.2.86.x
XFC.1;2024-09-11;0.0;BA.2.86.x
XFC.1;2024-09-18;0.0;BA.2.86.x
XFC.1;2024-09-25;0.0;BA.2.86.x
XFC.1;2024-10-02;0.0;BA.2.86.x
XFC.1;2024-10-09;0.0;BA.2.86.x
XFC.1;2024-10-16;0.0;BA.2.86.x
XFC.1;2024-10-23;0.0;BA.2.86.x
XFC.1;2024-10-30;0.0;BA.2.86.x
XFC.1;2024-11-06;0.0;BA.2.86.x
XFC.1;2024-11-13;0.0;BA.2.86.x
XFC.1;2024-11-20;0.0;BA.2.86.x
XFC.1;2024-11-27;0.0;BA.2.86.x
XFC.1;2024-12-04;0.0;BA.2.86.x
XFC.1;2024-12-11;0.0;BA.2.86.x
XFC.1;2024-12-18;0.0;BA.2.86.x
XFC.1;2024-12-25;0.0;BA.2.86.x
XFC.1;2025-01-01;0.0;BA.2.86.x
XFC.1;2025-01-08;0.0;BA.2.86.x
XFC.1;2025-01-15;0.0;BA.2.86.x
XFC.1;2025-01-22;0.0;BA.2.86.x
XFC.1;2025-01-29;0.0;BA.2.86.x
XFC.1;2025-02-05;0.0;BA.2.86.x
XFC.1;2025-02-12;0.0;BA.2.86.x
XFC.1;2025-02-19;0.012;BA.2.86.x
XFC.1;2025-02-26;0.013;BA.2.86.x
XFC.1;2025-03-05;0.008;BA.2.86.x
XFC.1;2025-03-12;0.0;BA.2.86.x
XFC.1;2025-03-19;0.0;BA.2.86.x
XFC.1;2025-03-26;0.0;BA.2.86.x
XFC.1;2025-04-02;0.0;BA.2.86.x
XFC.1;2025-04-09;0.0;BA.2.86.x
XFC.1;2025-04-16;0.0;BA.2.86.x
XFC.1;2025-04-23;0.0;BA.2.86.x
XFC.1;2025-04-30;0.0;BA.2.86.x
XFC.1;2025-05-07;0.0;BA.2.86.x
XFC.1;2025-05-14;0.05;BA.2.86.x
XFC.1;2025-05-21;0.086;BA.2.86.x
XFC.1;2025-05-28;0.025;BA.2.86.x
XFC.1;2025-06-04;0.049;BA.2.86.x
XFC.1;2025-06-11;0.054;BA.2.86.x
XFC.1;2025-06-18;0.081;BA.2.86.x
XFC.1;2025-06-25;0.003;BA.2.86.x
XFC.1;2025-07-02;0.0;BA.2.86.x
XFC.1;2025-07-09;0.0;BA.2.86.x
XEK;2022-09-21;0.0;BA.2.86.x
XEK;2022-09-28;0.0;BA.2.86.x
XEK;2022-10-05;0.0;BA.2.86.x
XEK;2022-10-12;0.0;BA.2.86.x
XEK;2022-10-19;0.0;BA.2.86.x
XEK;2022-10-26;0.0;BA.2.86.x
XEK;2022-11-02;0.0;BA.2.86.x
XEK;2022-11-09;0.0;BA.2.86.x
XEK;2022-11-16;0.0;BA.2.86.x
XEK;2022-11-23;0.0;BA.2.86.x
XEK;2022-11-30;0.0;BA.2.86.x
XEK;2022-12-07;0.0;BA.2.86.x
XEK;2022-12-14;0.0;BA.2.86.x
XEK;2022-12-21;0.0;BA.2.86.x
XEK;2022-12-28;0.0;BA.2.86.x
XEK;2023-01-04;0.0;BA.2.86.x
XEK;2023-01-11;0.0;BA.2.86.x
XEK;2023-01-18;0.0;BA.2.86.x
XEK;2023-01-25;0.0;BA.2.86.x
XEK;2023-02-01;0.0;BA.2.86.x
XEK;2023-02-08;0.0;BA.2.86.x
XEK;2023-02-15;0.0;BA.2.86.x
XEK;2023-02-22;0.0;BA.2.86.x
XEK;2023-03-01;0.0;BA.2.86.x
XEK;2023-03-08;0.0;BA.2.86.x
XEK;2023-03-15;0.0;BA.2.86.x
XEK;2023-03-22;0.0;BA.2.86.x
XEK;2023-03-29;0.0;BA.2.86.x
XEK;2023-04-05;0.0;BA.2.86.x
XEK;2023-04-12;0.0;BA.2.86.x
XEK;2023-04-19;0.0;BA.2.86.x
XEK;2023-04-26;0.0;BA.2.86.x
XEK;2023-05-03;0.0;BA.2.86.x
XEK;2023-05-10;0.0;BA.2.86.x
XEK;2023-05-17;0.0;BA.2.86.x
XEK;2023-05-24;0.0;BA.2.86.x
XEK;2023-05-31;0.0;BA.2.86.x
XEK;2023-06-07;0.0;BA.2.86.x
XEK;2023-06-14;0.0;BA.2.86.x
XEK;2023-06-21;0.0;BA.2.86.x
XEK;2023-06-28;0.0;BA.2.86.x
XEK;2023-07-05;0.0;BA.2.86.x
XEK;2023-07-12;0.0;BA.2.86.x
XEK;2023-07-19;0.0;BA.2.86.x
XEK;2023-07-26;0.0;BA.2.86.x
XEK;2023-08-02;0.0;BA.2.86.x
XEK;2023-08-09;0.0;BA.2.86.x
XEK;2023-08-16;0.0;BA.2.86.x
XEK;2023-08-23;0.0;BA.2.86.x
XEK;2023-08-30;0.0;BA.2.86.x
XEK;2023-09-06;0.0;BA.2.86.x
XEK;2023-09-13;0.0;BA.2.86.x
XEK;2023-09-20;0.0;BA.2.86.x
XEK;2023-09-27;0.0;BA.2.86.x
XEK;2023-10-04;0.0;BA.2.86.x
XEK;2023-10-11;0.0;BA.2.86.x
XEK;2023-10-18;0.0;BA.2.86.x
XEK;2023-10-25;0.0;BA.2.86.x
XEK;2023-11-01;0.0;BA.2.86.x
XEK;2023-11-08;0.0;BA.2.86.x
XEK;2023-11-15;0.0;BA.2.86.x
XEK;2023-11-22;0.0;BA.2.86.x
XEK;2023-11-29;0.0;BA.2.86.x
XEK;2023-12-06;0.0;BA.2.86.x
XEK;2023-12-13;0.0;BA.2.86.x
XEK;2023-12-20;0.0;BA.2.86.x
XEK;2023-12-27;0.0;BA.2.86.x
XEK;2024-01-03;0.0;BA.2.86.x
XEK;2024-01-10;0.0;BA.2.86.x
XEK;2024-01-17;0.0;BA.2.86.x
XEK;2024-01-24;0.0;BA.2.86.x
XEK;2024-01-31;0.0;BA.2.86.x
XEK;2024-02-07;0.0;BA.2.86.x
XEK;2024-02-14;0.0;BA.2.86.x
XEK;2024-02-21;0.0;BA.2.86.x
XEK;2024-02-28;0.0;BA.2.86.x
XEK;2024-03-06;0.0;BA.2.86.x
XEK;2024-03-13;0.0;BA.2.86.x
XEK;2024-03-20;0.0;BA.2.86.x
XEK;2024-03-27;0.0;BA.2.86.x
XEK;2024-04-03;0.0;BA.2.86.x
XEK;2024-04-10;0.0;BA.2.86.x
XEK;2024-04-17;0.0;BA.2.86.x
XEK;2024-04-24;0.0;BA.2.86.x
XEK;2024-05-01;0.0;BA.2.86.x
XEK;2024-05-08;0.0;BA.2.86.x
XEK;2024-05-15;0.0;BA.2.86.x
XEK;2024-05-22;0.0;BA.2.86.x
XEK;2024-05-29;0.0;BA.2.86.x
XEK;2024-06-05;0.002;BA.2.86.x
XEK;2024-06-12;0.0;BA.2.86.x
XEK;2024-06-19;0.005;BA.2.86.x
XEK;2024-06-26;0.0;BA.2.86.x
XEK;2024-07-03;0.0;BA.2.86.x
XEK;2024-07-10;0.0;BA.2.86.x
XEK;2024-07-17;0.0;BA.2.86.x
XEK;2024-07-24;0.0;BA.2.86.x
XEK;2024-07-31;0.001;BA.2.86.x
XEK;2024-08-07;0.002;BA.2.86.x
XEK;2024-08-14;0.001;BA.2.86.x
XEK;2024-08-21;0.007;BA.2.86.x
XEK;2024-08-28;0.003;BA.2.86.x
XEK;2024-09-04;0.006;BA.2.86.x
XEK;2024-09-11;0.014;BA.2.86.x
XEK;2024-09-18;0.029;BA.2.86.x
XEK;2024-09-25;0.042;BA.2.86.x
XEK;2024-10-02;0.047;BA.2.86.x
XEK;2024-10-09;0.058;BA.2.86.x
XEK;2024-10-16;0.044;BA.2.86.x
XEK;2024-10-23;0.063;BA.2.86.x
XEK;2024-10-30;0.051;BA.2.86.x
XEK;2024-11-06;0.055;BA.2.86.x
XEK;2024-11-13;0.061;BA.2.86.x
XEK;2024-11-20;0.083;BA.2.86.x
XEK;2024-11-27;0.076;BA.2.86.x
XEK;2024-12-04;0.064;BA.2.86.x
XEK;2024-12-11;0.093;BA.2.86.x
XEK;2024-12-18;0.087;BA.2.86.x
XEK;2024-12-25;0.07;BA.2.86.x
XEK;2025-01-01;0.108;BA.2.86.x
XEK;2025-01-08;0.143;BA.2.86.x
XEK;2025-01-15;0.111;BA.2.86.x
XEK;2025-01-22;0.114;BA.2.86.x
XEK;2025-01-29;0.081;BA.2.86.x
XEK;2025-02-05;0.123;BA.2.86.x
XEK;2025-02-12;0.06;BA.2.86.x
XEK;2025-02-19;0.024;BA.2.86.x
XEK;2025-02-26;0.028;BA.2.86.x
XEK;2025-03-05;0.021;BA.2.86.x
XEK;2025-03-12;0.031;BA.2.86.x
XEK;2025-03-19;0.019;BA.2.86.x
XEK;2025-03-26;0.022;BA.2.86.x
XEK;2025-04-02;0.007;BA.2.86.x
XEK;2025-04-09;0.015;BA.2.86.x
XEK;2025-04-16;0.016;BA.2.86.x
XEK;2025-04-23;0.0;BA.2.86.x
XEK;2025-04-30;0.0;BA.2.86.x
XEK;2025-05-07;0.0;BA.2.86.x
XEK;2025-05-14;0.0;BA.2.86.x
XEK;2025-05-21;0.0;BA.2.86.x
XEK;2025-05-28;0.0;BA.2.86.x
XEK;2025-06-04;0.0;BA.2.86.x
XEK;2025-06-11;0.0;BA.2.86.x
XEK;2025-06-18;0.0;BA.2.86.x
XEK;2025-06-25;0.0;BA.2.86.x
XEK;2025-07-02;0.0;BA.2.86.x
XEK;2025-07-09;0.0;BA.2.86.x
PF.2;2022-09-21;0.0;BA.2.86.x
PF.2;2022-09-28;0.0;BA.2.86.x
PF.2;2022-10-05;0.0;BA.2.86.x
PF.2;2022-10-12;0.0;BA.2.86.x
PF.2;2022-10-19;0.0;BA.2.86.x
PF.2;2022-10-26;0.0;BA.2.86.x
PF.2;2022-11-02;0.0;BA.2.86.x
PF.2;2022-11-09;0.0;BA.2.86.x
PF.2;2022-11-16;0.0;BA.2.86.x
PF.2;2022-11-23;0.0;BA.2.86.x
PF.2;2022-11-30;0.0;BA.2.86.x
PF.2;2022-12-07;0.0;BA.2.86.x
PF.2;2022-12-14;0.0;BA.2.86.x
PF.2;2022-12-21;0.0;BA.2.86.x
PF.2;2022-12-28;0.0;BA.2.86.x
PF.2;2023-01-04;0.0;BA.2.86.x
PF.2;2023-01-11;0.0;BA.2.86.x
PF.2;2023-01-18;0.0;BA.2.86.x
PF.2;2023-01-25;0.0;BA.2.86.x
PF.2;2023-02-01;0.0;BA.2.86.x
PF.2;2023-02-08;0.0;BA.2.86.x
PF.2;2023-02-15;0.0;BA.2.86.x
PF.2;2023-02-22;0.0;BA.2.86.x
PF.2;2023-03-01;0.0;BA.2.86.x
PF.2;2023-03-08;0.0;BA.2.86.x
PF.2;2023-03-15;0.0;BA.2.86.x
PF.2;2023-03-22;0.0;BA.2.86.x
PF.2;2023-03-29;0.0;BA.2.86.x
PF.2;2023-04-05;0.0;BA.2.86.x
PF.2;2023-04-12;0.0;BA.2.86.x
PF.2;2023-04-19;0.0;BA.2.86.x
PF.2;2023-04-26;0.0;BA.2.86.x
PF.2;2023-05-03;0.0;BA.2.86.x
PF.2;2023-05-10;0.0;BA.2.86.x
PF.2;2023-05-17;0.0;BA.2.86.x
PF.2;2023-05-24;0.0;BA.2.86.x
PF.2;2023-05-31;0.0;BA.2.86.x
PF.2;2023-06-07;0.0;BA.2.86.x
PF.2;2023-06-14;0.0;BA.2.86.x
PF.2;2023-06-21;0.0;BA.2.86.x
PF.2;2023-06-28;0.0;BA.2.86.x
PF.2;2023-07-05;0.0;BA.2.86.x
PF.2;2023-07-12;0.0;BA.2.86.x
PF.2;2023-07-19;0.0;BA.2.86.x
PF.2;2023-07-26;0.0;BA.2.86.x
PF.2;2023-08-02;0.0;BA.2.86.x
PF.2;2023-08-09;0.0;BA.2.86.x
PF.2;2023-08-16;0.0;BA.2.86.x
PF.2;2023-08-23;0.0;BA.2.86.x
PF.2;2023-08-30;0.0;BA.2.86.x
PF.2;2023-09-06;0.0;BA.2.86.x
PF.2;2023-09-13;0.0;BA.2.86.x
PF.2;2023-09-20;0.0;BA.2.86.x
PF.2;2023-09-27;0.0;BA.2.86.x
PF.2;2023-10-04;0.0;BA.2.86.x
PF.2;2023-10-11;0.0;BA.2.86.x
PF.2;2023-10-18;0.0;BA.2.86.x
PF.2;2023-10-25;0.0;BA.2.86.x
PF.2;2023-11-01;0.0;BA.2.86.x
PF.2;2023-11-08;0.0;BA.2.86.x
PF.2;2023-11-15;0.0;BA.2.86.x
PF.2;2023-11-22;0.0;BA.2.86.x
PF.2;2023-11-29;0.0;BA.2.86.x
PF.2;2023-12-06;0.0;BA.2.86.x
PF.2;2023-12-13;0.0;BA.2.86.x
PF.2;2023-12-20;0.0;BA.2.86.x
PF.2;2023-12-27;0.0;BA.2.86.x
PF.2;2024-01-03;0.0;BA.2.86.x
PF.2;2024-01-10;0.0;BA.2.86.x
PF.2;2024-01-17;0.0;BA.2.86.x
PF.2;2024-01-24;0.0;BA.2.86.x
PF.2;2024-01-31;0.0;BA.2.86.x
PF.2;2024-02-07;0.0;BA.2.86.x
PF.2;2024-02-14;0.0;BA.2.86.x
PF.2;2024-02-21;0.0;BA.2.86.x
PF.2;2024-02-28;0.0;BA.2.86.x
PF.2;2024-03-06;0.0;BA.2.86.x
PF.2;2024-03-13;0.0;BA.2.86.x
PF.2;2024-03-20;0.0;BA.2.86.x
PF.2;2024-03-27;0.0;BA.2.86.x
PF.2;2024-04-03;0.0;BA.2.86.x
PF.2;2024-04-10;0.0;BA.2.86.x
PF.2;2024-04-17;0.0;BA.2.86.x
PF.2;2024-04-24;0.0;BA.2.86.x
PF.2;2024-05-01;0.0;BA.2.86.x
PF.2;2024-05-08;0.0;BA.2.86.x
PF.2;2024-05-15;0.0;BA.2.86.x
PF.2;2024-05-22;0.0;BA.2.86.x
PF.2;2024-05-29;0.0;BA.2.86.x
PF.2;2024-06-05;0.0;BA.2.86.x
PF.2;2024-06-12;0.0;BA.2.86.x
PF.2;2024-06-19;0.0;BA.2.86.x
PF.2;2024-06-26;0.0;BA.2.86.x
PF.2;2024-07-03;0.001;BA.2.86.x
PF.2;2024-07-10;0.001;BA.2.86.x
PF.2;2024-07-17;0.001;BA.2.86.x
PF.2;2024-07-24;0.003;BA.2.86.x
PF.2;2024-07-31;0.003;BA.2.86.x
PF.2;2024-08-07;0.001;BA.2.86.x
PF.2;2024-08-14;0.009;BA.2.86.x
PF.2;2024-08-21;0.012;BA.2.86.x
PF.2;2024-08-28;0.01;BA.2.86.x
PF.2;2024-09-04;0.008;BA.2.86.x
PF.2;2024-09-11;0.004;BA.2.86.x
PF.2;2024-09-18;0.003;BA.2.86.x
PF.2;2024-09-25;0.008;BA.2.86.x
PF.2;2024-10-02;0.007;BA.2.86.x
PF.2;2024-10-09;0.008;BA.2.86.x
PF.2;2024-10-16;0.014;BA.2.86.x
PF.2;2024-10-23;0.011;BA.2.86.x
PF.2;2024-10-30;0.006;BA.2.86.x
PF.2;2024-11-06;0.005;BA.2.86.x
PF.2;2024-11-13;0.001;BA.2.86.x
PF.2;2024-11-20;0.0;BA.2.86.x
PF.2;2024-11-27;0.0;BA.2.86.x
PF.2;2024-12-04;0.002;BA.2.86.x
PF.2;2024-12-11;0.001;BA.2.86.x
PF.2;2024-12-18;0.0;BA.2.86.x
PF.2;2024-12-25;0.0;BA.2.86.x
PF.2;2025-01-01;0.0;BA.2.86.x
PF.2;2025-01-08;0.0;BA.2.86.x
PF.2;2025-01-15;0.001;BA.2.86.x
PF.2;2025-01-22;0.002;BA.2.86.x
PF.2;2025-01-29;0.002;BA.2.86.x
PF.2;2025-02-05;0.001;BA.2.86.x
PF.2;2025-02-12;0.002;BA.2.86.x
PF.2;2025-02-19;0.0;BA.2.86.x
PF.2;2025-02-26;0.003;BA.2.86.x
PF.2;2025-03-05;0.001;BA.2.86.x
PF.2;2025-03-12;0.002;BA.2.86.x
PF.2;2025-03-19;0.003;BA.2.86.x
PF.2;2025-03-26;0.034;BA.2.86.x
PF.2;2025-04-02;0.0;BA.2.86.x
PF.2;2025-04-09;0.009;BA.2.86.x
PF.2;2025-04-16;0.023;BA.2.86.x
PF.2;2025-04-23;0.015;BA.2.86.x
PF.2;2025-04-30;0.004;BA.2.86.x
PF.2;2025-05-07;0.0;BA.2.86.x
PF.2;2025-05-14;0.012;BA.2.86.x
PF.2;2025-05-21;0.0;BA.2.86.x
PF.2;2025-05-28;0.007;BA.2.86.x
PF.2;2025-06-04;0.006;BA.2.86.x
PF.2;2025-06-11;0.005;BA.2.86.x
PF.2;2025-06-18;0.002;BA.2.86.x
PF.2;2025-06-25;0.005;BA.2.86.x
PF.2;2025-07-02;0.001;BA.2.86.x
PF.2;2025-07-09;0.0;BA.2.86.x
NL.3;2022-09-21;0.0;BA.2.86.x
NL.3;2022-09-28;0.0;BA.2.86.x
NL.3;2022-10-05;0.0;BA.2.86.x
NL.3;2022-10-12;0.0;BA.2.86.x
NL.3;2022-10-19;0.0;BA.2.86.x
NL.3;2022-10-26;0.0;BA.2.86.x
NL.3;2022-11-02;0.0;BA.2.86.x
NL.3;2022-11-09;0.0;BA.2.86.x
NL.3;2022-11-16;0.0;BA.2.86.x
NL.3;2022-11-23;0.0;BA.2.86.x
NL.3;2022-11-30;0.0;BA.2.86.x
NL.3;2022-12-07;0.0;BA.2.86.x
NL.3;2022-12-14;0.0;BA.2.86.x
NL.3;2022-12-21;0.0;BA.2.86.x
NL.3;2022-12-28;0.0;BA.2.86.x
NL.3;2023-01-04;0.0;BA.2.86.x
NL.3;2023-01-11;0.0;BA.2.86.x
NL.3;2023-01-18;0.0;BA.2.86.x
NL.3;2023-01-25;0.0;BA.2.86.x
NL.3;2023-02-01;0.0;BA.2.86.x
NL.3;2023-02-08;0.0;BA.2.86.x
NL.3;2023-02-15;0.0;BA.2.86.x
NL.3;2023-02-22;0.0;BA.2.86.x
NL.3;2023-03-01;0.0;BA.2.86.x
NL.3;2023-03-08;0.0;BA.2.86.x
NL.3;2023-03-15;0.0;BA.2.86.x
NL.3;2023-03-22;0.0;BA.2.86.x
NL.3;2023-03-29;0.0;BA.2.86.x
NL.3;2023-04-05;0.0;BA.2.86.x
NL.3;2023-04-12;0.0;BA.2.86.x
NL.3;2023-04-19;0.0;BA.2.86.x
NL.3;2023-04-26;0.0;BA.2.86.x
NL.3;2023-05-03;0.0;BA.2.86.x
NL.3;2023-05-10;0.0;BA.2.86.x
NL.3;2023-05-17;0.0;BA.2.86.x
NL.3;2023-05-24;0.0;BA.2.86.x
NL.3;2023-05-31;0.0;BA.2.86.x
NL.3;2023-06-07;0.0;BA.2.86.x
NL.3;2023-06-14;0.0;BA.2.86.x
NL.3;2023-06-21;0.0;BA.2.86.x
NL.3;2023-06-28;0.0;BA.2.86.x
NL.3;2023-07-05;0.0;BA.2.86.x
NL.3;2023-07-12;0.0;BA.2.86.x
NL.3;2023-07-19;0.0;BA.2.86.x
NL.3;2023-07-26;0.0;BA.2.86.x
NL.3;2023-08-02;0.0;BA.2.86.x
NL.3;2023-08-09;0.0;BA.2.86.x
NL.3;2023-08-16;0.0;BA.2.86.x
NL.3;2023-08-23;0.0;BA.2.86.x
NL.3;2023-08-30;0.0;BA.2.86.x
NL.3;2023-09-06;0.0;BA.2.86.x
NL.3;2023-09-13;0.0;BA.2.86.x
NL.3;2023-09-20;0.0;BA.2.86.x
NL.3;2023-09-27;0.0;BA.2.86.x
NL.3;2023-10-04;0.0;BA.2.86.x
NL.3;2023-10-11;0.0;BA.2.86.x
NL.3;2023-10-18;0.0;BA.2.86.x
NL.3;2023-10-25;0.0;BA.2.86.x
NL.3;2023-11-01;0.0;BA.2.86.x
NL.3;2023-11-08;0.0;BA.2.86.x
NL.3;2023-11-15;0.0;BA.2.86.x
NL.3;2023-11-22;0.0;BA.2.86.x
NL.3;2023-11-29;0.0;BA.2.86.x
NL.3;2023-12-06;0.0;BA.2.86.x
NL.3;2023-12-13;0.0;BA.2.86.x
NL.3;2023-12-20;0.0;BA.2.86.x
NL.3;2023-12-27;0.0;BA.2.86.x
NL.3;2024-01-03;0.0;BA.2.86.x
NL.3;2024-01-10;0.0;BA.2.86.x
NL.3;2024-01-17;0.0;BA.2.86.x
NL.3;2024-01-24;0.0;BA.2.86.x
NL.3;2024-01-31;0.0;BA.2.86.x
NL.3;2024-02-07;0.0;BA.2.86.x
NL.3;2024-02-14;0.0;BA.2.86.x
NL.3;2024-02-21;0.0;BA.2.86.x
NL.3;2024-02-28;0.0;BA.2.86.x
NL.3;2024-03-06;0.0;BA.2.86.x
NL.3;2024-03-13;0.0;BA.2.86.x
NL.3;2024-03-20;0.0;BA.2.86.x
NL.3;2024-03-27;0.0;BA.2.86.x
NL.3;2024-04-03;0.0;BA.2.86.x
NL.3;2024-04-10;0.0;BA.2.86.x
NL.3;2024-04-17;0.0;BA.2.86.x
NL.3;2024-04-24;0.0;BA.2.86.x
NL.3;2024-05-01;0.0;BA.2.86.x
NL.3;2024-05-08;0.0;BA.2.86.x
NL.3;2024-05-15;0.0;BA.2.86.x
NL.3;2024-05-22;0.0;BA.2.86.x
NL.3;2024-05-29;0.0;BA.2.86.x
NL.3;2024-06-05;0.0;BA.2.86.x
NL.3;2024-06-12;0.0;BA.2.86.x
NL.3;2024-06-19;0.0;BA.2.86.x
NL.3;2024-06-26;0.0;BA.2.86.x
NL.3;2024-07-03;0.0;BA.2.86.x
NL.3;2024-07-10;0.002;BA.2.86.x
NL.3;2024-07-17;0.002;BA.2.86.x
NL.3;2024-07-24;0.003;BA.2.86.x
NL.3;2024-07-31;0.001;BA.2.86.x
NL.3;2024-08-07;0.001;BA.2.86.x
NL.3;2024-08-14;0.001;BA.2.86.x
NL.3;2024-08-21;0.0;BA.2.86.x
NL.3;2024-08-28;0.005;BA.2.86.x
NL.3;2024-09-04;0.003;BA.2.86.x
NL.3;2024-09-11;0.007;BA.2.86.x
NL.3;2024-09-18;0.005;BA.2.86.x
NL.3;2024-09-25;0.007;BA.2.86.x
NL.3;2024-10-02;0.008;BA.2.86.x
NL.3;2024-10-09;0.008;BA.2.86.x
NL.3;2024-10-16;0.014;BA.2.86.x
NL.3;2024-10-23;0.015;BA.2.86.x
NL.3;2024-10-30;0.003;BA.2.86.x
NL.3;2024-11-06;0.004;BA.2.86.x
NL.3;2024-11-13;0.003;BA.2.86.x
NL.3;2024-11-20;0.002;BA.2.86.x
NL.3;2024-11-27;0.005;BA.2.86.x
NL.3;2024-12-04;0.007;BA.2.86.x
NL.3;2024-12-11;0.042;BA.2.86.x
NL.3;2024-12-18;0.006;BA.2.86.x
NL.3;2024-12-25;0.007;BA.2.86.x
NL.3;2025-01-01;0.005;BA.2.86.x
NL.3;2025-01-08;0.003;BA.2.86.x
NL.3;2025-01-15;0.009;BA.2.86.x
NL.3;2025-01-22;0.058;BA.2.86.x
NL.3;2025-01-29;0.024;BA.2.86.x
NL.3;2025-02-05;0.068;BA.2.86.x
NL.3;2025-02-12;0.009;BA.2.86.x
NL.3;2025-02-19;0.045;BA.2.86.x
NL.3;2025-02-26;0.012;BA.2.86.x
NL.3;2025-03-05;0.036;BA.2.86.x
NL.3;2025-03-12;0.001;BA.2.86.x
NL.3;2025-03-19;0.001;BA.2.86.x
NL.3;2025-03-26;0.0;BA.2.86.x
NL.3;2025-04-02;0.0;BA.2.86.x
NL.3;2025-04-09;0.0;BA.2.86.x
NL.3;2025-04-16;0.0;BA.2.86.x
NL.3;2025-04-23;0.0;BA.2.86.x
NL.3;2025-04-30;0.0;BA.2.86.x
NL.3;2025-05-07;0.0;BA.2.86.x
NL.3;2025-05-14;0.0;BA.2.86.x
NL.3;2025-05-21;0.0;BA.2.86.x
NL.3;2025-05-28;0.0;BA.2.86.x
NL.3;2025-06-04;0.0;BA.2.86.x
NL.3;2025-06-11;0.0;BA.2.86.x
NL.3;2025-06-18;0.0;BA.2.86.x
NL.3;2025-06-25;0.0;BA.2.86.x
NL.3;2025-07-02;0.001;BA.2.86.x
NL.3;2025-07-09;0.0;BA.2.86.x
LP.8.1;2022-09-21;0.0;BA.2.86.x
LP.8.1;2022-09-28;0.0;BA.2.86.x
LP.8.1;2022-10-05;0.0;BA.2.86.x
LP.8.1;2022-10-12;0.0;BA.2.86.x
LP.8.1;2022-10-19;0.0;BA.2.86.x
LP.8.1;2022-10-26;0.0;BA.2.86.x
LP.8.1;2022-11-02;0.0;BA.2.86.x
LP.8.1;2022-11-09;0.0;BA.2.86.x
LP.8.1;2022-11-16;0.0;BA.2.86.x
LP.8.1;2022-11-23;0.0;BA.2.86.x
LP.8.1;2022-11-30;0.0;BA.2.86.x
LP.8.1;2022-12-07;0.0;BA.2.86.x
LP.8.1;2022-12-14;0.0;BA.2.86.x
LP.8.1;2022-12-21;0.0;BA.2.86.x
LP.8.1;2022-12-28;0.0;BA.2.86.x
LP.8.1;2023-01-04;0.0;BA.2.86.x
LP.8.1;2023-01-11;0.0;BA.2.86.x
LP.8.1;2023-01-18;0.0;BA.2.86.x
LP.8.1;2023-01-25;0.0;BA.2.86.x
LP.8.1;2023-02-01;0.0;BA.2.86.x
LP.8.1;2023-02-08;0.0;BA.2.86.x
LP.8.1;2023-02-15;0.0;BA.2.86.x
LP.8.1;2023-02-22;0.0;BA.2.86.x
LP.8.1;2023-03-01;0.0;BA.2.86.x
LP.8.1;2023-03-08;0.0;BA.2.86.x
LP.8.1;2023-03-15;0.0;BA.2.86.x
LP.8.1;2023-03-22;0.0;BA.2.86.x
LP.8.1;2023-03-29;0.0;BA.2.86.x
LP.8.1;2023-04-05;0.0;BA.2.86.x
LP.8.1;2023-04-12;0.0;BA.2.86.x
LP.8.1;2023-04-19;0.0;BA.2.86.x
LP.8.1;2023-04-26;0.0;BA.2.86.x
LP.8.1;2023-05-03;0.0;BA.2.86.x
LP.8.1;2023-05-10;0.0;BA.2.86.x
LP.8.1;2023-05-17;0.0;BA.2.86.x
LP.8.1;2023-05-24;0.0;BA.2.86.x
LP.8.1;2023-05-31;0.0;BA.2.86.x
LP.8.1;2023-06-07;0.0;BA.2.86.x
LP.8.1;2023-06-14;0.0;BA.2.86.x
LP.8.1;2023-06-21;0.0;BA.2.86.x
LP.8.1;2023-06-28;0.0;BA.2.86.x
LP.8.1;2023-07-05;0.0;BA.2.86.x
LP.8.1;2023-07-12;0.0;BA.2.86.x
LP.8.1;2023-07-19;0.0;BA.2.86.x
LP.8.1;2023-07-26;0.0;BA.2.86.x
LP.8.1;2023-08-02;0.0;BA.2.86.x
LP.8.1;2023-08-09;0.0;BA.2.86.x
LP.8.1;2023-08-16;0.0;BA.2.86.x
LP.8.1;2023-08-23;0.0;BA.2.86.x
LP.8.1;2023-08-30;0.0;BA.2.86.x
LP.8.1;2023-09-06;0.0;BA.2.86.x
LP.8.1;2023-09-13;0.0;BA.2.86.x
LP.8.1;2023-09-20;0.0;BA.2.86.x
LP.8.1;2023-09-27;0.0;BA.2.86.x
LP.8.1;2023-10-04;0.0;BA.2.86.x
LP.8.1;2023-10-11;0.0;BA.2.86.x
LP.8.1;2023-10-18;0.0;BA.2.86.x
LP.8.1;2023-10-25;0.0;BA.2.86.x
LP.8.1;2023-11-01;0.0;BA.2.86.x
LP.8.1;2023-11-08;0.0;BA.2.86.x
LP.8.1;2023-11-15;0.0;BA.2.86.x
LP.8.1;2023-11-22;0.0;BA.2.86.x
LP.8.1;2023-11-29;0.0;BA.2.86.x
LP.8.1;2023-12-06;0.0;BA.2.86.x
LP.8.1;2023-12-13;0.0;BA.2.86.x
LP.8.1;2023-12-20;0.0;BA.2.86.x
LP.8.1;2023-12-27;0.0;BA.2.86.x
LP.8.1;2024-01-03;0.0;BA.2.86.x
LP.8.1;2024-01-10;0.0;BA.2.86.x
LP.8.1;2024-01-17;0.0;BA.2.86.x
LP.8.1;2024-01-24;0.0;BA.2.86.x
LP.8.1;2024-01-31;0.0;BA.2.86.x
LP.8.1;2024-02-07;0.0;BA.2.86.x
LP.8.1;2024-02-14;0.0;BA.2.86.x
LP.8.1;2024-02-21;0.0;BA.2.86.x
LP.8.1;2024-02-28;0.0;BA.2.86.x
LP.8.1;2024-03-06;0.0;BA.2.86.x
LP.8.1;2024-03-13;0.0;BA.2.86.x
LP.8.1;2024-03-20;0.0;BA.2.86.x
LP.8.1;2024-03-27;0.0;BA.2.86.x
LP.8.1;2024-04-03;0.0;BA.2.86.x
LP.8.1;2024-04-10;0.085;BA.2.86.x
LP.8.1;2024-04-17;0.113;BA.2.86.x
LP.8.1;2024-04-24;0.082;BA.2.86.x
LP.8.1;2024-05-01;0.069;BA.2.86.x
LP.8.1;2024-05-08;0.017;BA.2.86.x
LP.8.1;2024-05-15;0.058;BA.2.86.x
LP.8.1;2024-05-22;0.001;BA.2.86.x
LP.8.1;2024-05-29;0.004;BA.2.86.x
LP.8.1;2024-06-05;0.002;BA.2.86.x
LP.8.1;2024-06-12;0.007;BA.2.86.x
LP.8.1;2024-06-19;0.002;BA.2.86.x
LP.8.1;2024-06-26;0.001;BA.2.86.x
LP.8.1;2024-07-03;0.01;BA.2.86.x
LP.8.1;2024-07-10;0.004;BA.2.86.x
LP.8.1;2024-07-17;0.002;BA.2.86.x
LP.8.1;2024-07-24;0.003;BA.2.86.x
LP.8.1;2024-07-31;0.004;BA.2.86.x
LP.8.1;2024-08-07;0.002;BA.2.86.x
LP.8.1;2024-08-14;0.006;BA.2.86.x
LP.8.1;2024-08-21;0.003;BA.2.86.x
LP.8.1;2024-08-28;0.004;BA.2.86.x
LP.8.1;2024-09-04;0.005;BA.2.86.x
LP.8.1;2024-09-11;0.005;BA.2.86.x
LP.8.1;2024-09-18;0.013;BA.2.86.x
LP.8.1;2024-09-25;0.018;BA.2.86.x
LP.8.1;2024-10-02;0.008;BA.2.86.x
LP.8.1;2024-10-09;0.003;BA.2.86.x
LP.8.1;2024-10-16;0.008;BA.2.86.x
LP.8.1;2024-10-23;0.01;BA.2.86.x
LP.8.1;2024-10-30;0.001;BA.2.86.x
LP.8.1;2024-11-06;0.002;BA.2.86.x
LP.8.1;2024-11-13;0.001;BA.2.86.x
LP.8.1;2024-11-20;0.002;BA.2.86.x
LP.8.1;2024-11-27;0.004;BA.2.86.x
LP.8.1;2024-12-04;0.011;BA.2.86.x
LP.8.1;2024-12-11;0.022;BA.2.86.x
LP.8.1;2024-12-18;0.013;BA.2.86.x
LP.8.1;2024-12-25;0.015;BA.2.86.x
LP.8.1;2025-01-01;0.026;BA.2.86.x
LP.8.1;2025-01-08;0.032;BA.2.86.x
LP.8.1;2025-01-15;0.011;BA.2.86.x
LP.8.1;2025-01-22;0.032;BA.2.86.x
LP.8.1;2025-01-29;0.052;BA.2.86.x
LP.8.1;2025-02-05;0.065;BA.2.86.x
LP.8.1;2025-02-12;0.019;BA.2.86.x
LP.8.1;2025-02-19;0.057;BA.2.86.x
LP.8.1;2025-02-26;0.102;BA.2.86.x
LP.8.1;2025-03-05;0.153;BA.2.86.x
LP.8.1;2025-03-12;0.179;BA.2.86.x
LP.8.1;2025-03-19;0.221;BA.2.86.x
LP.8.1;2025-03-26;0.21;BA.2.86.x
LP.8.1;2025-04-02;0.281;BA.2.86.x
LP.8.1;2025-04-09;0.144;BA.2.86.x
LP.8.1;2025-04-16;0.143;BA.2.86.x
LP.8.1;2025-04-23;0.224;BA.2.86.x
LP.8.1;2025-04-30;0.311;BA.2.86.x
LP.8.1;2025-05-07;0.179;BA.2.86.x
LP.8.1;2025-05-14;0.2;BA.2.86.x
LP.8.1;2025-05-21;0.16;BA.2.86.x
LP.8.1;2025-05-28;0.134;BA.2.86.x
LP.8.1;2025-06-04;0.155;BA.2.86.x
LP.8.1;2025-06-11;0.072;BA.2.86.x
LP.8.1;2025-06-18;0.067;BA.2.86.x
LP.8.1;2025-06-25;0.099;BA.2.86.x
LP.8.1;2025-07-02;0.111;BA.2.86.x
LP.8.1;2025-07-09;0.036;BA.2.86.x
LB.1.3.1;2022-09-21;0.0;BA.2.86.x
LB.1.3.1;2022-09-28;0.0;BA.2.86.x
LB.1.3.1;2022-10-05;0.0;BA.2.86.x
LB.1.3.1;2022-10-12;0.0;BA.2.86.x
LB.1.3.1;2022-10-19;0.0;BA.2.86.x
LB.1.3.1;2022-10-26;0.0;BA.2.86.x
LB.1.3.1;2022-11-02;0.0;BA.2.86.x
LB.1.3.1;2022-11-09;0.0;BA.2.86.x
LB.1.3.1;2022-11-16;0.0;BA.2.86.x
LB.1.3.1;2022-11-23;0.0;BA.2.86.x
LB.1.3.1;2022-11-30;0.0;BA.2.86.x
LB.1.3.1;2022-12-07;0.0;BA.2.86.x
LB.1.3.1;2022-12-14;0.0;BA.2.86.x
LB.1.3.1;2022-12-21;0.0;BA.2.86.x
LB.1.3.1;2022-12-28;0.0;BA.2.86.x
LB.1.3.1;2023-01-04;0.0;BA.2.86.x
LB.1.3.1;2023-01-11;0.0;BA.2.86.x
LB.1.3.1;2023-01-18;0.0;BA.2.86.x
LB.1.3.1;2023-01-25;0.0;BA.2.86.x
LB.1.3.1;2023-02-01;0.0;BA.2.86.x
LB.1.3.1;2023-02-08;0.0;BA.2.86.x
LB.1.3.1;2023-02-15;0.0;BA.2.86.x
LB.1.3.1;2023-02-22;0.0;BA.2.86.x
LB.1.3.1;2023-03-01;0.0;BA.2.86.x
LB.1.3.1;2023-03-08;0.0;BA.2.86.x
LB.1.3.1;2023-03-15;0.0;BA.2.86.x
LB.1.3.1;2023-03-22;0.0;BA.2.86.x
LB.1.3.1;2023-03-29;0.0;BA.2.86.x
LB.1.3.1;2023-04-05;0.0;BA.2.86.x
LB.1.3.1;2023-04-12;0.0;BA.2.86.x
LB.1.3.1;2023-04-19;0.0;BA.2.86.x
LB.1.3.1;2023-04-26;0.0;BA.2.86.x
LB.1.3.1;2023-05-03;0.0;BA.2.86.x
LB.1.3.1;2023-05-10;0.0;BA.2.86.x
LB.1.3.1;2023-05-17;0.0;BA.2.86.x
LB.1.3.1;2023-05-24;0.0;BA.2.86.x
LB.1.3.1;2023-05-31;0.0;BA.2.86.x
LB.1.3.1;2023-06-07;0.0;BA.2.86.x
LB.1.3.1;2023-06-14;0.0;BA.2.86.x
LB.1.3.1;2023-06-21;0.0;BA.2.86.x
LB.1.3.1;2023-06-28;0.0;BA.2.86.x
LB.1.3.1;2023-07-05;0.0;BA.2.86.x
LB.1.3.1;2023-07-12;0.0;BA.2.86.x
LB.1.3.1;2023-07-19;0.0;BA.2.86.x
LB.1.3.1;2023-07-26;0.0;BA.2.86.x
LB.1.3.1;2023-08-02;0.0;BA.2.86.x
LB.1.3.1;2023-08-09;0.0;BA.2.86.x
LB.1.3.1;2023-08-16;0.0;BA.2.86.x
LB.1.3.1;2023-08-23;0.0;BA.2.86.x
LB.1.3.1;2023-08-30;0.0;BA.2.86.x
LB.1.3.1;2023-09-06;0.0;BA.2.86.x
LB.1.3.1;2023-09-13;0.0;BA.2.86.x
LB.1.3.1;2023-09-20;0.0;BA.2.86.x
LB.1.3.1;2023-09-27;0.0;BA.2.86.x
LB.1.3.1;2023-10-04;0.0;BA.2.86.x
LB.1.3.1;2023-10-11;0.0;BA.2.86.x
LB.1.3.1;2023-10-18;0.0;BA.2.86.x
LB.1.3.1;2023-10-25;0.0;BA.2.86.x
LB.1.3.1;2023-11-01;0.0;BA.2.86.x
LB.1.3.1;2023-11-08;0.0;BA.2.86.x
LB.1.3.1;2023-11-15;0.0;BA.2.86.x
LB.1.3.1;2023-11-22;0.0;BA.2.86.x
LB.1.3.1;2023-11-29;0.0;BA.2.86.x
LB.1.3.1;2023-12-06;0.0;BA.2.86.x
LB.1.3.1;2023-12-13;0.0;BA.2.86.x
LB.1.3.1;2023-12-20;0.0;BA.2.86.x
LB.1.3.1;2023-12-27;0.0;BA.2.86.x
LB.1.3.1;2024-01-03;0.0;BA.2.86.x
LB.1.3.1;2024-01-10;0.0;BA.2.86.x
LB.1.3.1;2024-01-17;0.0;BA.2.86.x
LB.1.3.1;2024-01-24;0.0;BA.2.86.x
LB.1.3.1;2024-01-31;0.0;BA.2.86.x
LB.1.3.1;2024-02-07;0.0;BA.2.86.x
LB.1.3.1;2024-02-14;0.0;BA.2.86.x
LB.1.3.1;2024-02-21;0.0;BA.2.86.x
LB.1.3.1;2024-02-28;0.0;BA.2.86.x
LB.1.3.1;2024-03-06;0.0;BA.2.86.x
LB.1.3.1;2024-03-13;0.0;BA.2.86.x
LB.1.3.1;2024-03-20;0.0;BA.2.86.x
LB.1.3.1;2024-03-27;0.0;BA.2.86.x
LB.1.3.1;2024-04-03;0.002;BA.2.86.x
LB.1.3.1;2024-04-10;0.004;BA.2.86.x
LB.1.3.1;2024-04-17;0.002;BA.2.86.x
LB.1.3.1;2024-04-24;0.0;BA.2.86.x
LB.1.3.1;2024-05-01;0.003;BA.2.86.x
LB.1.3.1;2024-05-08;0.001;BA.2.86.x
LB.1.3.1;2024-05-15;0.035;BA.2.86.x
LB.1.3.1;2024-05-22;0.043;BA.2.86.x
LB.1.3.1;2024-05-29;0.053;BA.2.86.x
LB.1.3.1;2024-06-05;0.012;BA.2.86.x
LB.1.3.1;2024-06-12;0.017;BA.2.86.x
LB.1.3.1;2024-06-19;0.016;BA.2.86.x
LB.1.3.1;2024-06-26;0.0;BA.2.86.x
LB.1.3.1;2024-07-03;0.0;BA.2.86.x
LB.1.3.1;2024-07-10;0.0;BA.2.86.x
LB.1.3.1;2024-07-17;0.0;BA.2.86.x
LB.1.3.1;2024-07-24;0.0;BA.2.86.x
LB.1.3.1;2024-07-31;0.0;BA.2.86.x
LB.1.3.1;2024-08-07;0.0;BA.2.86.x
LB.1.3.1;2024-08-14;0.0;BA.2.86.x
LB.1.3.1;2024-08-21;0.0;BA.2.86.x
LB.1.3.1;2024-08-28;0.0;BA.2.86.x
LB.1.3.1;2024-09-04;0.0;BA.2.86.x
LB.1.3.1;2024-09-11;0.0;BA.2.86.x
LB.1.3.1;2024-09-18;0.0;BA.2.86.x
LB.1.3.1;2024-09-25;0.0;BA.2.86.x
LB.1.3.1;2024-10-02;0.0;BA.2.86.x
LB.1.3.1;2024-10-09;0.0;BA.2.86.x
LB.1.3.1;2024-10-16;0.0;BA.2.86.x
LB.1.3.1;2024-10-23;0.0;BA.2.86.x
LB.1.3.1;2024-10-30;0.0;BA.2.86.x
LB.1.3.1;2024-11-06;0.0;BA.2.86.x
LB.1.3.1;2024-11-13;0.0;BA.2.86.x
LB.1.3.1;2024-11-20;0.0;BA.2.86.x
LB.1.3.1;2024-11-27;0.0;BA.2.86.x
LB.1.3.1;2024-12-04;0.0;BA.2.86.x
LB.1.3.1;2024-12-11;0.0;BA.2.86.x
LB.1.3.1;2024-12-18;0.0;BA.2.86.x
LB.1.3.1;2024-12-25;0.0;BA.2.86.x
LB.1.3.1;2025-01-01;0.0;BA.2.86.x
LB.1.3.1;2025-01-08;0.0;BA.2.86.x
LB.1.3.1;2025-01-15;0.0;BA.2.86.x
LB.1.3.1;2025-01-22;0.0;BA.2.86.x
LB.1.3.1;2025-01-29;0.0;BA.2.86.x
LB.1.3.1;2025-02-05;0.0;BA.2.86.x
LB.1.3.1;2025-02-12;0.0;BA.2.86.x
LB.1.3.1;2025-02-19;0.0;BA.2.86.x
LB.1.3.1;2025-02-26;0.0;BA.2.86.x
LB.1.3.1;2025-03-05;0.0;BA.2.86.x
LB.1.3.1;2025-03-12;0.0;BA.2.86.x
LB.1.3.1;2025-03-19;0.0;BA.2.86.x
LB.1.3.1;2025-03-26;0.0;BA.2.86.x
LB.1.3.1;2025-04-02;0.0;BA.2.86.x
LB.1.3.1;2025-04-09;0.0;BA.2.86.x
LB.1.3.1;2025-04-16;0.0;BA.2.86.x
LB.1.3.1;2025-04-23;0.0;BA.2.86.x
LB.1.3.1;2025-04-30;0.0;BA.2.86.x
LB.1.3.1;2025-05-07;0.0;BA.2.86.x
LB.1.3.1;2025-05-14;0.0;BA.2.86.x
LB.1.3.1;2025-05-21;0.0;BA.2.86.x
LB.1.3.1;2025-05-28;0.0;BA.2.86.x
LB.1.3.1;2025-06-04;0.0;BA.2.86.x
LB.1.3.1;2025-06-11;0.0;BA.2.86.x
LB.1.3.1;2025-06-18;0.0;BA.2.86.x
LB.1.3.1;2025-06-25;0.0;BA.2.86.x
LB.1.3.1;2025-07-02;0.0;BA.2.86.x
LB.1.3.1;2025-07-09;0.0;BA.2.86.x
LB.1.3;2022-09-21;0.0;BA.2.86.x
LB.1.3;2022-09-28;0.0;BA.2.86.x
LB.1.3;2022-10-05;0.0;BA.2.86.x
LB.1.3;2022-10-12;0.0;BA.2.86.x
LB.1.3;2022-10-19;0.0;BA.2.86.x
LB.1.3;2022-10-26;0.0;BA.2.86.x
LB.1.3;2022-11-02;0.0;BA.2.86.x
LB.1.3;2022-11-09;0.0;BA.2.86.x
LB.1.3;2022-11-16;0.0;BA.2.86.x
LB.1.3;2022-11-23;0.0;BA.2.86.x
LB.1.3;2022-11-30;0.0;BA.2.86.x
LB.1.3;2022-12-07;0.0;BA.2.86.x
LB.1.3;2022-12-14;0.0;BA.2.86.x
LB.1.3;2022-12-21;0.0;BA.2.86.x
LB.1.3;2022-12-28;0.0;BA.2.86.x
LB.1.3;2023-01-04;0.0;BA.2.86.x
LB.1.3;2023-01-11;0.0;BA.2.86.x
LB.1.3;2023-01-18;0.0;BA.2.86.x
LB.1.3;2023-01-25;0.0;BA.2.86.x
LB.1.3;2023-02-01;0.0;BA.2.86.x
LB.1.3;2023-02-08;0.0;BA.2.86.x
LB.1.3;2023-02-15;0.0;BA.2.86.x
LB.1.3;2023-02-22;0.0;BA.2.86.x
LB.1.3;2023-03-01;0.0;BA.2.86.x
LB.1.3;2023-03-08;0.0;BA.2.86.x
LB.1.3;2023-03-15;0.0;BA.2.86.x
LB.1.3;2023-03-22;0.0;BA.2.86.x
LB.1.3;2023-03-29;0.0;BA.2.86.x
LB.1.3;2023-04-05;0.0;BA.2.86.x
LB.1.3;2023-04-12;0.0;BA.2.86.x
LB.1.3;2023-04-19;0.0;BA.2.86.x
LB.1.3;2023-04-26;0.0;BA.2.86.x
LB.1.3;2023-05-03;0.0;BA.2.86.x
LB.1.3;2023-05-10;0.0;BA.2.86.x
LB.1.3;2023-05-17;0.0;BA.2.86.x
LB.1.3;2023-05-24;0.0;BA.2.86.x
LB.1.3;2023-05-31;0.0;BA.2.86.x
LB.1.3;2023-06-07;0.0;BA.2.86.x
LB.1.3;2023-06-14;0.0;BA.2.86.x
LB.1.3;2023-06-21;0.0;BA.2.86.x
LB.1.3;2023-06-28;0.0;BA.2.86.x
LB.1.3;2023-07-05;0.0;BA.2.86.x
LB.1.3;2023-07-12;0.0;BA.2.86.x
LB.1.3;2023-07-19;0.0;BA.2.86.x
LB.1.3;2023-07-26;0.0;BA.2.86.x
LB.1.3;2023-08-02;0.0;BA.2.86.x
LB.1.3;2023-08-09;0.0;BA.2.86.x
LB.1.3;2023-08-16;0.0;BA.2.86.x
LB.1.3;2023-08-23;0.0;BA.2.86.x
LB.1.3;2023-08-30;0.0;BA.2.86.x
LB.1.3;2023-09-06;0.0;BA.2.86.x
LB.1.3;2023-09-13;0.0;BA.2.86.x
LB.1.3;2023-09-20;0.0;BA.2.86.x
LB.1.3;2023-09-27;0.0;BA.2.86.x
LB.1.3;2023-10-04;0.0;BA.2.86.x
LB.1.3;2023-10-11;0.0;BA.2.86.x
LB.1.3;2023-10-18;0.0;BA.2.86.x
LB.1.3;2023-10-25;0.0;BA.2.86.x
LB.1.3;2023-11-01;0.0;BA.2.86.x
LB.1.3;2023-11-08;0.0;BA.2.86.x
LB.1.3;2023-11-15;0.0;BA.2.86.x
LB.1.3;2023-11-22;0.0;BA.2.86.x
LB.1.3;2023-11-29;0.001;BA.2.86.x
LB.1.3;2023-12-06;0.001;BA.2.86.x
LB.1.3;2023-12-13;0.013;BA.2.86.x
LB.1.3;2023-12-20;0.021;BA.2.86.x
LB.1.3;2023-12-27;0.001;BA.2.86.x
LB.1.3;2024-01-03;0.006;BA.2.86.x
LB.1.3;2024-01-10;0.014;BA.2.86.x
LB.1.3;2024-01-17;0.0;BA.2.86.x
LB.1.3;2024-01-24;0.0;BA.2.86.x
LB.1.3;2024-01-31;0.0;BA.2.86.x
LB.1.3;2024-02-07;0.0;BA.2.86.x
LB.1.3;2024-02-14;0.0;BA.2.86.x
LB.1.3;2024-02-21;0.0;BA.2.86.x
LB.1.3;2024-02-28;0.0;BA.2.86.x
LB.1.3;2024-03-06;0.0;BA.2.86.x
LB.1.3;2024-03-13;0.0;BA.2.86.x
LB.1.3;2024-03-20;0.0;BA.2.86.x
LB.1.3;2024-03-27;0.0;BA.2.86.x
LB.1.3;2024-04-03;0.0;BA.2.86.x
LB.1.3;2024-04-10;0.0;BA.2.86.x
LB.1.3;2024-04-17;0.0;BA.2.86.x
LB.1.3;2024-04-24;0.0;BA.2.86.x
LB.1.3;2024-05-01;0.0;BA.2.86.x
LB.1.3;2024-05-08;0.0;BA.2.86.x
LB.1.3;2024-05-15;0.0;BA.2.86.x
LB.1.3;2024-05-22;0.0;BA.2.86.x
LB.1.3;2024-05-29;0.0;BA.2.86.x
LB.1.3;2024-06-05;0.0;BA.2.86.x
LB.1.3;2024-06-12;0.0;BA.2.86.x
LB.1.3;2024-06-19;0.0;BA.2.86.x
LB.1.3;2024-06-26;0.0;BA.2.86.x
LB.1.3;2024-07-03;0.0;BA.2.86.x
LB.1.3;2024-07-10;0.0;BA.2.86.x
LB.1.3;2024-07-17;0.0;BA.2.86.x
LB.1.3;2024-07-24;0.0;BA.2.86.x
LB.1.3;2024-07-31;0.0;BA.2.86.x
LB.1.3;2024-08-07;0.0;BA.2.86.x
LB.1.3;2024-08-14;0.0;BA.2.86.x
LB.1.3;2024-08-21;0.0;BA.2.86.x
LB.1.3;2024-08-28;0.0;BA.2.86.x
LB.1.3;2024-09-04;0.0;BA.2.86.x
LB.1.3;2024-09-11;0.0;BA.2.86.x
LB.1.3;2024-09-18;0.0;BA.2.86.x
LB.1.3;2024-09-25;0.0;BA.2.86.x
LB.1.3;2024-10-02;0.0;BA.2.86.x
LB.1.3;2024-10-09;0.0;BA.2.86.x
LB.1.3;2024-10-16;0.0;BA.2.86.x
LB.1.3;2024-10-23;0.0;BA.2.86.x
LB.1.3;2024-10-30;0.0;BA.2.86.x
LB.1.3;2024-11-06;0.0;BA.2.86.x
LB.1.3;2024-11-13;0.0;BA.2.86.x
LB.1.3;2024-11-20;0.0;BA.2.86.x
LB.1.3;2024-11-27;0.0;BA.2.86.x
LB.1.3;2024-12-04;0.0;BA.2.86.x
LB.1.3;2024-12-11;0.0;BA.2.86.x
LB.1.3;2024-12-18;0.0;BA.2.86.x
LB.1.3;2024-12-25;0.0;BA.2.86.x
LB.1.3;2025-01-01;0.0;BA.2.86.x
LB.1.3;2025-01-08;0.0;BA.2.86.x
LB.1.3;2025-01-15;0.0;BA.2.86.x
LB.1.3;2025-01-22;0.0;BA.2.86.x
LB.1.3;2025-01-29;0.0;BA.2.86.x
LB.1.3;2025-02-05;0.0;BA.2.86.x
LB.1.3;2025-02-12;0.0;BA.2.86.x
LB.1.3;2025-02-19;0.0;BA.2.86.x
LB.1.3;2025-02-26;0.0;BA.2.86.x
LB.1.3;2025-03-05;0.0;BA.2.86.x
LB.1.3;2025-03-12;0.0;BA.2.86.x
LB.1.3;2025-03-19;0.0;BA.2.86.x
LB.1.3;2025-03-26;0.0;BA.2.86.x
LB.1.3;2025-04-02;0.0;BA.2.86.x
LB.1.3;2025-04-09;0.0;BA.2.86.x
LB.1.3;2025-04-16;0.0;BA.2.86.x
LB.1.3;2025-04-23;0.0;BA.2.86.x
LB.1.3;2025-04-30;0.0;BA.2.86.x
LB.1.3;2025-05-07;0.0;BA.2.86.x
LB.1.3;2025-05-14;0.0;BA.2.86.x
LB.1.3;2025-05-21;0.0;BA.2.86.x
LB.1.3;2025-05-28;0.0;BA.2.86.x
LB.1.3;2025-06-04;0.0;BA.2.86.x
LB.1.3;2025-06-11;0.0;BA.2.86.x
LB.1.3;2025-06-18;0.0;BA.2.86.x
LB.1.3;2025-06-25;0.0;BA.2.86.x
LB.1.3;2025-07-02;0.0;BA.2.86.x
LB.1.3;2025-07-09;0.0;BA.2.86.x
LB.1;2022-09-21;0.0;BA.2.86.x
LB.1;2022-09-28;0.0;BA.2.86.x
LB.1;2022-10-05;0.0;BA.2.86.x
LB.1;2022-10-12;0.0;BA.2.86.x
LB.1;2022-10-19;0.0;BA.2.86.x
LB.1;2022-10-26;0.0;BA.2.86.x
LB.1;2022-11-02;0.0;BA.2.86.x
LB.1;2022-11-09;0.0;BA.2.86.x
LB.1;2022-11-16;0.0;BA.2.86.x
LB.1;2022-11-23;0.0;BA.2.86.x
LB.1;2022-11-30;0.0;BA.2.86.x
LB.1;2022-12-07;0.0;BA.2.86.x
LB.1;2022-12-14;0.0;BA.2.86.x
LB.1;2022-12-21;0.0;BA.2.86.x
LB.1;2022-12-28;0.0;BA.2.86.x
LB.1;2023-01-04;0.0;BA.2.86.x
LB.1;2023-01-11;0.0;BA.2.86.x
LB.1;2023-01-18;0.0;BA.2.86.x
LB.1;2023-01-25;0.0;BA.2.86.x
LB.1;2023-02-01;0.0;BA.2.86.x
LB.1;2023-02-08;0.0;BA.2.86.x
LB.1;2023-02-15;0.0;BA.2.86.x
LB.1;2023-02-22;0.0;BA.2.86.x
LB.1;2023-03-01;0.0;BA.2.86.x
LB.1;2023-03-08;0.0;BA.2.86.x
LB.1;2023-03-15;0.0;BA.2.86.x
LB.1;2023-03-22;0.0;BA.2.86.x
LB.1;2023-03-29;0.0;BA.2.86.x
LB.1;2023-04-05;0.0;BA.2.86.x
LB.1;2023-04-12;0.0;BA.2.86.x
LB.1;2023-04-19;0.0;BA.2.86.x
LB.1;2023-04-26;0.0;BA.2.86.x
LB.1;2023-05-03;0.0;BA.2.86.x
LB.1;2023-05-10;0.0;BA.2.86.x
LB.1;2023-05-17;0.0;BA.2.86.x
LB.1;2023-05-24;0.0;BA.2.86.x
LB.1;2023-05-31;0.0;BA.2.86.x
LB.1;2023-06-07;0.0;BA.2.86.x
LB.1;2023-06-14;0.0;BA.2.86.x
LB.1;2023-06-21;0.0;BA.2.86.x
LB.1;2023-06-28;0.0;BA.2.86.x
LB.1;2023-07-05;0.0;BA.2.86.x
LB.1;2023-07-12;0.0;BA.2.86.x
LB.1;2023-07-19;0.0;BA.2.86.x
LB.1;2023-07-26;0.0;BA.2.86.x
LB.1;2023-08-02;0.0;BA.2.86.x
LB.1;2023-08-09;0.0;BA.2.86.x
LB.1;2023-08-16;0.0;BA.2.86.x
LB.1;2023-08-23;0.0;BA.2.86.x
LB.1;2023-08-30;0.0;BA.2.86.x
LB.1;2023-09-06;0.0;BA.2.86.x
LB.1;2023-09-13;0.0;BA.2.86.x
LB.1;2023-09-20;0.0;BA.2.86.x
LB.1;2023-09-27;0.0;BA.2.86.x
LB.1;2023-10-04;0.0;BA.2.86.x
LB.1;2023-10-11;0.0;BA.2.86.x
LB.1;2023-10-18;0.0;BA.2.86.x
LB.1;2023-10-25;0.0;BA.2.86.x
LB.1;2023-11-01;0.0;BA.2.86.x
LB.1;2023-11-08;0.0;BA.2.86.x
LB.1;2023-11-15;0.0;BA.2.86.x
LB.1;2023-11-22;0.0;BA.2.86.x
LB.1;2023-11-29;0.0;BA.2.86.x
LB.1;2023-12-06;0.0;BA.2.86.x
LB.1;2023-12-13;0.0;BA.2.86.x
LB.1;2023-12-20;0.0;BA.2.86.x
LB.1;2023-12-27;0.0;BA.2.86.x
LB.1;2024-01-03;0.0;BA.2.86.x
LB.1;2024-01-10;0.0;BA.2.86.x
LB.1;2024-01-17;0.0;BA.2.86.x
LB.1;2024-01-24;0.0;BA.2.86.x
LB.1;2024-01-31;0.0;BA.2.86.x
LB.1;2024-02-07;0.0;BA.2.86.x
LB.1;2024-02-14;0.0;BA.2.86.x
LB.1;2024-02-21;0.0;BA.2.86.x
LB.1;2024-02-28;0.0;BA.2.86.x
LB.1;2024-03-06;0.0;BA.2.86.x
LB.1;2024-03-13;0.0;BA.2.86.x
LB.1;2024-03-20;0.0;BA.2.86.x
LB.1;2024-03-27;0.0;BA.2.86.x
LB.1;2024-04-03;0.0;BA.2.86.x
LB.1;2024-04-10;0.009;BA.2.86.x
LB.1;2024-04-17;0.011;BA.2.86.x
LB.1;2024-04-24;0.0;BA.2.86.x
LB.1;2024-05-01;0.017;BA.2.86.x
LB.1;2024-05-08;0.03;BA.2.86.x
LB.1;2024-05-15;0.017;BA.2.86.x
LB.1;2024-05-22;0.003;BA.2.86.x
LB.1;2024-05-29;0.003;BA.2.86.x
LB.1;2024-06-05;0.034;BA.2.86.x
LB.1;2024-06-12;0.04;BA.2.86.x
LB.1;2024-06-19;0.027;BA.2.86.x
LB.1;2024-06-26;0.001;BA.2.86.x
LB.1;2024-07-03;0.0;BA.2.86.x
LB.1;2024-07-10;0.0;BA.2.86.x
LB.1;2024-07-17;0.001;BA.2.86.x
LB.1;2024-07-24;0.001;BA.2.86.x
LB.1;2024-07-31;0.0;BA.2.86.x
LB.1;2024-08-07;0.001;BA.2.86.x
LB.1;2024-08-14;0.0;BA.2.86.x
LB.1;2024-08-21;0.0;BA.2.86.x
LB.1;2024-08-28;0.002;BA.2.86.x
LB.1;2024-09-04;0.001;BA.2.86.x
LB.1;2024-09-11;0.08;BA.2.86.x
LB.1;2024-09-18;0.049;BA.2.86.x
LB.1;2024-09-25;0.014;BA.2.86.x
LB.1;2024-10-02;0.035;BA.2.86.x
LB.1;2024-10-09;0.034;BA.2.86.x
LB.1;2024-10-16;0.027;BA.2.86.x
LB.1;2024-10-23;0.05;BA.2.86.x
LB.1;2024-10-30;0.107;BA.2.86.x
LB.1;2024-11-06;0.008;BA.2.86.x
LB.1;2024-11-13;0.008;BA.2.86.x
LB.1;2024-11-20;0.005;BA.2.86.x
LB.1;2024-11-27;0.009;BA.2.86.x
LB.1;2024-12-04;0.022;BA.2.86.x
LB.1;2024-12-11;0.009;BA.2.86.x
LB.1;2024-12-18;0.01;BA.2.86.x
LB.1;2024-12-25;0.007;BA.2.86.x
LB.1;2025-01-01;0.026;BA.2.86.x
LB.1;2025-01-08;0.001;BA.2.86.x
LB.1;2025-01-15;0.001;BA.2.86.x
LB.1;2025-01-22;0.005;BA.2.86.x
LB.1;2025-01-29;0.021;BA.2.86.x
LB.1;2025-02-05;0.008;BA.2.86.x
LB.1;2025-02-12;0.001;BA.2.86.x
LB.1;2025-02-19;0.015;BA.2.86.x
LB.1;2025-02-26;0.0;BA.2.86.x
LB.1;2025-03-05;0.003;BA.2.86.x
LB.1;2025-03-12;0.0;BA.2.86.x
LB.1;2025-03-19;0.0;BA.2.86.x
LB.1;2025-03-26;0.0;BA.2.86.x
LB.1;2025-04-02;0.0;BA.2.86.x
LB.1;2025-04-09;0.0;BA.2.86.x
LB.1;2025-04-16;0.0;BA.2.86.x
LB.1;2025-04-23;0.0;BA.2.86.x
LB.1;2025-04-30;0.0;BA.2.86.x
LB.1;2025-05-07;0.0;BA.2.86.x
LB.1;2025-05-14;0.0;BA.2.86.x
LB.1;2025-05-21;0.0;BA.2.86.x
LB.1;2025-05-28;0.0;BA.2.86.x
LB.1;2025-06-04;0.0;BA.2.86.x
LB.1;2025-06-11;0.0;BA.2.86.x
LB.1;2025-06-18;0.003;BA.2.86.x
LB.1;2025-06-25;0.009;BA.2.86.x
LB.1;2025-07-02;0.003;BA.2.86.x
LB.1;2025-07-09;0.0;BA.2.86.x
KP.3.3;2022-09-21;0.0;BA.2.86.x
KP.3.3;2022-09-28;0.0;BA.2.86.x
KP.3.3;2022-10-05;0.0;BA.2.86.x
KP.3.3;2022-10-12;0.0;BA.2.86.x
KP.3.3;2022-10-19;0.0;BA.2.86.x
KP.3.3;2022-10-26;0.0;BA.2.86.x
KP.3.3;2022-11-02;0.0;BA.2.86.x
KP.3.3;2022-11-09;0.0;BA.2.86.x
KP.3.3;2022-11-16;0.0;BA.2.86.x
KP.3.3;2022-11-23;0.0;BA.2.86.x
KP.3.3;2022-11-30;0.0;BA.2.86.x
KP.3.3;2022-12-07;0.0;BA.2.86.x
KP.3.3;2022-12-14;0.0;BA.2.86.x
KP.3.3;2022-12-21;0.0;BA.2.86.x
KP.3.3;2022-12-28;0.0;BA.2.86.x
KP.3.3;2023-01-04;0.0;BA.2.86.x
KP.3.3;2023-01-11;0.0;BA.2.86.x
KP.3.3;2023-01-18;0.0;BA.2.86.x
KP.3.3;2023-01-25;0.0;BA.2.86.x
KP.3.3;2023-02-01;0.0;BA.2.86.x
KP.3.3;2023-02-08;0.0;BA.2.86.x
KP.3.3;2023-02-15;0.0;BA.2.86.x
KP.3.3;2023-02-22;0.0;BA.2.86.x
KP.3.3;2023-03-01;0.0;BA.2.86.x
KP.3.3;2023-03-08;0.0;BA.2.86.x
KP.3.3;2023-03-15;0.0;BA.2.86.x
KP.3.3;2023-03-22;0.0;BA.2.86.x
KP.3.3;2023-03-29;0.0;BA.2.86.x
KP.3.3;2023-04-05;0.0;BA.2.86.x
KP.3.3;2023-04-12;0.0;BA.2.86.x
KP.3.3;2023-04-19;0.0;BA.2.86.x
KP.3.3;2023-04-26;0.0;BA.2.86.x
KP.3.3;2023-05-03;0.0;BA.2.86.x
KP.3.3;2023-05-10;0.0;BA.2.86.x
KP.3.3;2023-05-17;0.0;BA.2.86.x
KP.3.3;2023-05-24;0.0;BA.2.86.x
KP.3.3;2023-05-31;0.0;BA.2.86.x
KP.3.3;2023-06-07;0.0;BA.2.86.x
KP.3.3;2023-06-14;0.0;BA.2.86.x
KP.3.3;2023-06-21;0.0;BA.2.86.x
KP.3.3;2023-06-28;0.0;BA.2.86.x
KP.3.3;2023-07-05;0.0;BA.2.86.x
KP.3.3;2023-07-12;0.0;BA.2.86.x
KP.3.3;2023-07-19;0.0;BA.2.86.x
KP.3.3;2023-07-26;0.0;BA.2.86.x
KP.3.3;2023-08-02;0.0;BA.2.86.x
KP.3.3;2023-08-09;0.0;BA.2.86.x
KP.3.3;2023-08-16;0.0;BA.2.86.x
KP.3.3;2023-08-23;0.0;BA.2.86.x
KP.3.3;2023-08-30;0.0;BA.2.86.x
KP.3.3;2023-09-06;0.0;BA.2.86.x
KP.3.3;2023-09-13;0.0;BA.2.86.x
KP.3.3;2023-09-20;0.0;BA.2.86.x
KP.3.3;2023-09-27;0.0;BA.2.86.x
KP.3.3;2023-10-04;0.0;BA.2.86.x
KP.3.3;2023-10-11;0.0;BA.2.86.x
KP.3.3;2023-10-18;0.0;BA.2.86.x
KP.3.3;2023-10-25;0.0;BA.2.86.x
KP.3.3;2023-11-01;0.0;BA.2.86.x
KP.3.3;2023-11-08;0.0;BA.2.86.x
KP.3.3;2023-11-15;0.0;BA.2.86.x
KP.3.3;2023-11-22;0.0;BA.2.86.x
KP.3.3;2023-11-29;0.0;BA.2.86.x
KP.3.3;2023-12-06;0.0;BA.2.86.x
KP.3.3;2023-12-13;0.0;BA.2.86.x
KP.3.3;2023-12-20;0.0;BA.2.86.x
KP.3.3;2023-12-27;0.0;BA.2.86.x
KP.3.3;2024-01-03;0.0;BA.2.86.x
KP.3.3;2024-01-10;0.0;BA.2.86.x
KP.3.3;2024-01-17;0.0;BA.2.86.x
KP.3.3;2024-01-24;0.001;BA.2.86.x
KP.3.3;2024-01-31;0.0;BA.2.86.x
KP.3.3;2024-02-07;0.0;BA.2.86.x
KP.3.3;2024-02-14;0.0;BA.2.86.x
KP.3.3;2024-02-21;0.0;BA.2.86.x
KP.3.3;2024-02-28;0.0;BA.2.86.x
KP.3.3;2024-03-06;0.0;BA.2.86.x
KP.3.3;2024-03-13;0.0;BA.2.86.x
KP.3.3;2024-03-20;0.0;BA.2.86.x
KP.3.3;2024-03-27;0.0;BA.2.86.x
KP.3.3;2024-04-03;0.0;BA.2.86.x
KP.3.3;2024-04-10;0.0;BA.2.86.x
KP.3.3;2024-04-17;0.0;BA.2.86.x
KP.3.3;2024-04-24;0.0;BA.2.86.x
KP.3.3;2024-05-01;0.0;BA.2.86.x
KP.3.3;2024-05-08;0.0;BA.2.86.x
KP.3.3;2024-05-15;0.0;BA.2.86.x
KP.3.3;2024-05-22;0.018;BA.2.86.x
KP.3.3;2024-05-29;0.001;BA.2.86.x
KP.3.3;2024-06-05;0.005;BA.2.86.x
KP.3.3;2024-06-12;0.002;BA.2.86.x
KP.3.3;2024-06-19;0.01;BA.2.86.x
KP.3.3;2024-06-26;0.16;BA.2.86.x
KP.3.3;2024-07-03;0.143;BA.2.86.x
KP.3.3;2024-07-10;0.113;BA.2.86.x
KP.3.3;2024-07-17;0.114;BA.2.86.x
KP.3.3;2024-07-24;0.047;BA.2.86.x
KP.3.3;2024-07-31;0.07;BA.2.86.x
KP.3.3;2024-08-07;0.106;BA.2.86.x
KP.3.3;2024-08-14;0.112;BA.2.86.x
KP.3.3;2024-08-21;0.045;BA.2.86.x
KP.3.3;2024-08-28;0.018;BA.2.86.x
KP.3.3;2024-09-04;0.066;BA.2.86.x
KP.3.3;2024-09-11;0.009;BA.2.86.x
KP.3.3;2024-09-18;0.01;BA.2.86.x
KP.3.3;2024-09-25;0.007;BA.2.86.x
KP.3.3;2024-10-02;0.005;BA.2.86.x
KP.3.3;2024-10-09;0.004;BA.2.86.x
KP.3.3;2024-10-16;0.005;BA.2.86.x
KP.3.3;2024-10-23;0.004;BA.2.86.x
KP.3.3;2024-10-30;0.002;BA.2.86.x
KP.3.3;2024-11-06;0.004;BA.2.86.x
KP.3.3;2024-11-13;0.016;BA.2.86.x
KP.3.3;2024-11-20;0.005;BA.2.86.x
KP.3.3;2024-11-27;0.038;BA.2.86.x
KP.3.3;2024-12-04;0.003;BA.2.86.x
KP.3.3;2024-12-11;0.006;BA.2.86.x
KP.3.3;2024-12-18;0.0;BA.2.86.x
KP.3.3;2024-12-25;0.005;BA.2.86.x
KP.3.3;2025-01-01;0.001;BA.2.86.x
KP.3.3;2025-01-08;0.033;BA.2.86.x
KP.3.3;2025-01-15;0.013;BA.2.86.x
KP.3.3;2025-01-22;0.004;BA.2.86.x
KP.3.3;2025-01-29;0.014;BA.2.86.x
KP.3.3;2025-02-05;0.012;BA.2.86.x
KP.3.3;2025-02-12;0.029;BA.2.86.x
KP.3.3;2025-02-19;0.086;BA.2.86.x
KP.3.3;2025-02-26;0.05;BA.2.86.x
KP.3.3;2025-03-05;0.113;BA.2.86.x
KP.3.3;2025-03-12;0.062;BA.2.86.x
KP.3.3;2025-03-19;0.125;BA.2.86.x
KP.3.3;2025-03-26;0.155;BA.2.86.x
KP.3.3;2025-04-02;0.242;BA.2.86.x
KP.3.3;2025-04-09;0.205;BA.2.86.x
KP.3.3;2025-04-16;0.149;BA.2.86.x
KP.3.3;2025-04-23;0.298;BA.2.86.x
KP.3.3;2025-04-30;0.162;BA.2.86.x
KP.3.3;2025-05-07;0.147;BA.2.86.x
KP.3.3;2025-05-14;0.091;BA.2.86.x
KP.3.3;2025-05-21;0.031;BA.2.86.x
KP.3.3;2025-05-28;0.035;BA.2.86.x
KP.3.3;2025-06-04;0.031;BA.2.86.x
KP.3.3;2025-06-11;0.033;BA.2.86.x
KP.3.3;2025-06-18;0.036;BA.2.86.x
KP.3.3;2025-06-25;0.066;BA.2.86.x
KP.3.3;2025-07-02;0.038;BA.2.86.x
KP.3.3;2025-07-09;0.036;BA.2.86.x
KP.3.2;2022-09-21;0.0;BA.2.86.x
KP.3.2;2022-09-28;0.0;BA.2.86.x
KP.3.2;2022-10-05;0.0;BA.2.86.x
KP.3.2;2022-10-12;0.0;BA.2.86.x
KP.3.2;2022-10-19;0.0;BA.2.86.x
KP.3.2;2022-10-26;0.0;BA.2.86.x
KP.3.2;2022-11-02;0.0;BA.2.86.x
KP.3.2;2022-11-09;0.0;BA.2.86.x
KP.3.2;2022-11-16;0.0;BA.2.86.x
KP.3.2;2022-11-23;0.0;BA.2.86.x
KP.3.2;2022-11-30;0.0;BA.2.86.x
KP.3.2;2022-12-07;0.0;BA.2.86.x
KP.3.2;2022-12-14;0.0;BA.2.86.x
KP.3.2;2022-12-21;0.0;BA.2.86.x
KP.3.2;2022-12-28;0.0;BA.2.86.x
KP.3.2;2023-01-04;0.0;BA.2.86.x
KP.3.2;2023-01-11;0.0;BA.2.86.x
KP.3.2;2023-01-18;0.0;BA.2.86.x
KP.3.2;2023-01-25;0.0;BA.2.86.x
KP.3.2;2023-02-01;0.0;BA.2.86.x
KP.3.2;2023-02-08;0.0;BA.2.86.x
KP.3.2;2023-02-15;0.0;BA.2.86.x
KP.3.2;2023-02-22;0.0;BA.2.86.x
KP.3.2;2023-03-01;0.0;BA.2.86.x
KP.3.2;2023-03-08;0.0;BA.2.86.x
KP.3.2;2023-03-15;0.0;BA.2.86.x
KP.3.2;2023-03-22;0.0;BA.2.86.x
KP.3.2;2023-03-29;0.0;BA.2.86.x
KP.3.2;2023-04-05;0.0;BA.2.86.x
KP.3.2;2023-04-12;0.0;BA.2.86.x
KP.3.2;2023-04-19;0.0;BA.2.86.x
KP.3.2;2023-04-26;0.0;BA.2.86.x
KP.3.2;2023-05-03;0.0;BA.2.86.x
KP.3.2;2023-05-10;0.0;BA.2.86.x
KP.3.2;2023-05-17;0.0;BA.2.86.x
KP.3.2;2023-05-24;0.0;BA.2.86.x
KP.3.2;2023-05-31;0.0;BA.2.86.x
KP.3.2;2023-06-07;0.0;BA.2.86.x
KP.3.2;2023-06-14;0.0;BA.2.86.x
KP.3.2;2023-06-21;0.0;BA.2.86.x
KP.3.2;2023-06-28;0.0;BA.2.86.x
KP.3.2;2023-07-05;0.0;BA.2.86.x
KP.3.2;2023-07-12;0.0;BA.2.86.x
KP.3.2;2023-07-19;0.0;BA.2.86.x
KP.3.2;2023-07-26;0.0;BA.2.86.x
KP.3.2;2023-08-02;0.0;BA.2.86.x
KP.3.2;2023-08-09;0.0;BA.2.86.x
KP.3.2;2023-08-16;0.0;BA.2.86.x
KP.3.2;2023-08-23;0.0;BA.2.86.x
KP.3.2;2023-08-30;0.0;BA.2.86.x
KP.3.2;2023-09-06;0.0;BA.2.86.x
KP.3.2;2023-09-13;0.0;BA.2.86.x
KP.3.2;2023-09-20;0.0;BA.2.86.x
KP.3.2;2023-09-27;0.0;BA.2.86.x
KP.3.2;2023-10-04;0.0;BA.2.86.x
KP.3.2;2023-10-11;0.0;BA.2.86.x
KP.3.2;2023-10-18;0.0;BA.2.86.x
KP.3.2;2023-10-25;0.0;BA.2.86.x
KP.3.2;2023-11-01;0.0;BA.2.86.x
KP.3.2;2023-11-08;0.0;BA.2.86.x
KP.3.2;2023-11-15;0.0;BA.2.86.x
KP.3.2;2023-11-22;0.0;BA.2.86.x
KP.3.2;2023-11-29;0.0;BA.2.86.x
KP.3.2;2023-12-06;0.001;BA.2.86.x
KP.3.2;2023-12-13;0.002;BA.2.86.x
KP.3.2;2023-12-20;0.0;BA.2.86.x
KP.3.2;2023-12-27;0.0;BA.2.86.x
KP.3.2;2024-01-03;0.0;BA.2.86.x
KP.3.2;2024-01-10;0.0;BA.2.86.x
KP.3.2;2024-01-17;0.001;BA.2.86.x
KP.3.2;2024-01-24;0.0;BA.2.86.x
KP.3.2;2024-01-31;0.0;BA.2.86.x
KP.3.2;2024-02-07;0.0;BA.2.86.x
KP.3.2;2024-02-14;0.001;BA.2.86.x
KP.3.2;2024-02-21;0.0;BA.2.86.x
KP.3.2;2024-02-28;0.0;BA.2.86.x
KP.3.2;2024-03-06;0.0;BA.2.86.x
KP.3.2;2024-03-13;0.0;BA.2.86.x
KP.3.2;2024-03-20;0.0;BA.2.86.x
KP.3.2;2024-03-27;0.0;BA.2.86.x
KP.3.2;2024-04-03;0.0;BA.2.86.x
KP.3.2;2024-04-10;0.003;BA.2.86.x
KP.3.2;2024-04-17;0.002;BA.2.86.x
KP.3.2;2024-04-24;0.013;BA.2.86.x
KP.3.2;2024-05-01;0.016;BA.2.86.x
KP.3.2;2024-05-08;0.011;BA.2.86.x
KP.3.2;2024-05-15;0.036;BA.2.86.x
KP.3.2;2024-05-22;0.028;BA.2.86.x
KP.3.2;2024-05-29;0.051;BA.2.86.x
KP.3.2;2024-06-05;0.066;BA.2.86.x
KP.3.2;2024-06-12;0.02;BA.2.86.x
KP.3.2;2024-06-19;0.017;BA.2.86.x
KP.3.2;2024-06-26;0.052;BA.2.86.x
KP.3.2;2024-07-03;0.089;BA.2.86.x
KP.3.2;2024-07-10;0.083;BA.2.86.x
KP.3.2;2024-07-17;0.049;BA.2.86.x
KP.3.2;2024-07-24;0.032;BA.2.86.x
KP.3.2;2024-07-31;0.039;BA.2.86.x
KP.3.2;2024-08-07;0.023;BA.2.86.x
KP.3.2;2024-08-14;0.021;BA.2.86.x
KP.3.2;2024-08-21;0.055;BA.2.86.x
KP.3.2;2024-08-28;0.07;BA.2.86.x
KP.3.2;2024-09-04;0.006;BA.2.86.x
KP.3.2;2024-09-11;0.007;BA.2.86.x
KP.3.2;2024-09-18;0.002;BA.2.86.x
KP.3.2;2024-09-25;0.01;BA.2.86.x
KP.3.2;2024-10-02;0.007;BA.2.86.x
KP.3.2;2024-10-09;0.021;BA.2.86.x
KP.3.2;2024-10-16;0.017;BA.2.86.x
KP.3.2;2024-10-23;0.015;BA.2.86.x
KP.3.2;2024-10-30;0.001;BA.2.86.x
KP.3.2;2024-11-06;0.001;BA.2.86.x
KP.3.2;2024-11-13;0.0;BA.2.86.x
KP.3.2;2024-11-20;0.0;BA.2.86.x
KP.3.2;2024-11-27;0.011;BA.2.86.x
KP.3.2;2024-12-04;0.002;BA.2.86.x
KP.3.2;2024-12-11;0.004;BA.2.86.x
KP.3.2;2024-12-18;0.0;BA.2.86.x
KP.3.2;2024-12-25;0.0;BA.2.86.x
KP.3.2;2025-01-01;0.0;BA.2.86.x
KP.3.2;2025-01-08;0.0;BA.2.86.x
KP.3.2;2025-01-15;0.0;BA.2.86.x
KP.3.2;2025-01-22;0.0;BA.2.86.x
KP.3.2;2025-01-29;0.0;BA.2.86.x
KP.3.2;2025-02-05;0.0;BA.2.86.x
KP.3.2;2025-02-12;0.0;BA.2.86.x
KP.3.2;2025-02-19;0.0;BA.2.86.x
KP.3.2;2025-02-26;0.0;BA.2.86.x
KP.3.2;2025-03-05;0.0;BA.2.86.x
KP.3.2;2025-03-12;0.0;BA.2.86.x
KP.3.2;2025-03-19;0.0;BA.2.86.x
KP.3.2;2025-03-26;0.0;BA.2.86.x
KP.3.2;2025-04-02;0.0;BA.2.86.x
KP.3.2;2025-04-09;0.0;BA.2.86.x
KP.3.2;2025-04-16;0.0;BA.2.86.x
KP.3.2;2025-04-23;0.0;BA.2.86.x
KP.3.2;2025-04-30;0.0;BA.2.86.x
KP.3.2;2025-05-07;0.0;BA.2.86.x
KP.3.2;2025-05-14;0.0;BA.2.86.x
KP.3.2;2025-05-21;0.0;BA.2.86.x
KP.3.2;2025-05-28;0.0;BA.2.86.x
KP.3.2;2025-06-04;0.0;BA.2.86.x
KP.3.2;2025-06-11;0.0;BA.2.86.x
KP.3.2;2025-06-18;0.0;BA.2.86.x
KP.3.2;2025-06-25;0.0;BA.2.86.x
KP.3.2;2025-07-02;0.0;BA.2.86.x
KP.3.2;2025-07-09;0.0;BA.2.86.x
KP.3.1;2022-09-21;0.0;BA.2.86.x
KP.3.1;2022-09-28;0.0;BA.2.86.x
KP.3.1;2022-10-05;0.0;BA.2.86.x
KP.3.1;2022-10-12;0.0;BA.2.86.x
KP.3.1;2022-10-19;0.0;BA.2.86.x
KP.3.1;2022-10-26;0.0;BA.2.86.x
KP.3.1;2022-11-02;0.0;BA.2.86.x
KP.3.1;2022-11-09;0.0;BA.2.86.x
KP.3.1;2022-11-16;0.0;BA.2.86.x
KP.3.1;2022-11-23;0.0;BA.2.86.x
KP.3.1;2022-11-30;0.0;BA.2.86.x
KP.3.1;2022-12-07;0.0;BA.2.86.x
KP.3.1;2022-12-14;0.0;BA.2.86.x
KP.3.1;2022-12-21;0.0;BA.2.86.x
KP.3.1;2022-12-28;0.0;BA.2.86.x
KP.3.1;2023-01-04;0.0;BA.2.86.x
KP.3.1;2023-01-11;0.0;BA.2.86.x
KP.3.1;2023-01-18;0.0;BA.2.86.x
KP.3.1;2023-01-25;0.0;BA.2.86.x
KP.3.1;2023-02-01;0.0;BA.2.86.x
KP.3.1;2023-02-08;0.0;BA.2.86.x
KP.3.1;2023-02-15;0.0;BA.2.86.x
KP.3.1;2023-02-22;0.0;BA.2.86.x
KP.3.1;2023-03-01;0.0;BA.2.86.x
KP.3.1;2023-03-08;0.0;BA.2.86.x
KP.3.1;2023-03-15;0.0;BA.2.86.x
KP.3.1;2023-03-22;0.0;BA.2.86.x
KP.3.1;2023-03-29;0.0;BA.2.86.x
KP.3.1;2023-04-05;0.0;BA.2.86.x
KP.3.1;2023-04-12;0.0;BA.2.86.x
KP.3.1;2023-04-19;0.0;BA.2.86.x
KP.3.1;2023-04-26;0.0;BA.2.86.x
KP.3.1;2023-05-03;0.0;BA.2.86.x
KP.3.1;2023-05-10;0.0;BA.2.86.x
KP.3.1;2023-05-17;0.0;BA.2.86.x
KP.3.1;2023-05-24;0.0;BA.2.86.x
KP.3.1;2023-05-31;0.0;BA.2.86.x
KP.3.1;2023-06-07;0.0;BA.2.86.x
KP.3.1;2023-06-14;0.0;BA.2.86.x
KP.3.1;2023-06-21;0.0;BA.2.86.x
KP.3.1;2023-06-28;0.0;BA.2.86.x
KP.3.1;2023-07-05;0.0;BA.2.86.x
KP.3.1;2023-07-12;0.0;BA.2.86.x
KP.3.1;2023-07-19;0.0;BA.2.86.x
KP.3.1;2023-07-26;0.0;BA.2.86.x
KP.3.1;2023-08-02;0.0;BA.2.86.x
KP.3.1;2023-08-09;0.0;BA.2.86.x
KP.3.1;2023-08-16;0.0;BA.2.86.x
KP.3.1;2023-08-23;0.0;BA.2.86.x
KP.3.1;2023-08-30;0.0;BA.2.86.x
KP.3.1;2023-09-06;0.0;BA.2.86.x
KP.3.1;2023-09-13;0.0;BA.2.86.x
KP.3.1;2023-09-20;0.0;BA.2.86.x
KP.3.1;2023-09-27;0.0;BA.2.86.x
KP.3.1;2023-10-04;0.0;BA.2.86.x
KP.3.1;2023-10-11;0.0;BA.2.86.x
KP.3.1;2023-10-18;0.0;BA.2.86.x
KP.3.1;2023-10-25;0.0;BA.2.86.x
KP.3.1;2023-11-01;0.0;BA.2.86.x
KP.3.1;2023-11-08;0.0;BA.2.86.x
KP.3.1;2023-11-15;0.0;BA.2.86.x
KP.3.1;2023-11-22;0.0;BA.2.86.x
KP.3.1;2023-11-29;0.004;BA.2.86.x
KP.3.1;2023-12-06;0.004;BA.2.86.x
KP.3.1;2023-12-13;0.004;BA.2.86.x
KP.3.1;2023-12-20;0.0;BA.2.86.x
KP.3.1;2023-12-27;0.013;BA.2.86.x
KP.3.1;2024-01-03;0.007;BA.2.86.x
KP.3.1;2024-01-10;0.001;BA.2.86.x
KP.3.1;2024-01-17;0.0;BA.2.86.x
KP.3.1;2024-01-24;0.001;BA.2.86.x
KP.3.1;2024-01-31;0.0;BA.2.86.x
KP.3.1;2024-02-07;0.002;BA.2.86.x
KP.3.1;2024-02-14;0.0;BA.2.86.x
KP.3.1;2024-02-21;0.001;BA.2.86.x
KP.3.1;2024-02-28;0.003;BA.2.86.x
KP.3.1;2024-03-06;0.004;BA.2.86.x
KP.3.1;2024-03-13;0.024;BA.2.86.x
KP.3.1;2024-03-20;0.02;BA.2.86.x
KP.3.1;2024-03-27;0.0;BA.2.86.x
KP.3.1;2024-04-03;0.022;BA.2.86.x
KP.3.1;2024-04-10;0.01;BA.2.86.x
KP.3.1;2024-04-17;0.022;BA.2.86.x
KP.3.1;2024-04-24;0.036;BA.2.86.x
KP.3.1;2024-05-01;0.097;BA.2.86.x
KP.3.1;2024-05-08;0.075;BA.2.86.x
KP.3.1;2024-05-15;0.096;BA.2.86.x
KP.3.1;2024-05-22;0.129;BA.2.86.x
KP.3.1;2024-05-29;0.076;BA.2.86.x
KP.3.1;2024-06-05;0.06;BA.2.86.x
KP.3.1;2024-06-12;0.069;BA.2.86.x
KP.3.1;2024-06-19;0.023;BA.2.86.x
KP.3.1;2024-06-26;0.022;BA.2.86.x
KP.3.1;2024-07-03;0.047;BA.2.86.x
KP.3.1;2024-07-10;0.054;BA.2.86.x
KP.3.1;2024-07-17;0.063;BA.2.86.x
KP.3.1;2024-07-24;0.033;BA.2.86.x
KP.3.1;2024-07-31;0.088;BA.2.86.x
KP.3.1;2024-08-07;0.023;BA.2.86.x
KP.3.1;2024-08-14;0.003;BA.2.86.x
KP.3.1;2024-08-21;0.017;BA.2.86.x
KP.3.1;2024-08-28;0.034;BA.2.86.x
KP.3.1;2024-09-04;0.032;BA.2.86.x
KP.3.1;2024-09-11;0.036;BA.2.86.x
KP.3.1;2024-09-18;0.069;BA.2.86.x
KP.3.1;2024-09-25;0.03;BA.2.86.x
KP.3.1;2024-10-02;0.105;BA.2.86.x
KP.3.1;2024-10-09;0.054;BA.2.86.x
KP.3.1;2024-10-16;0.018;BA.2.86.x
KP.3.1;2024-10-23;0.087;BA.2.86.x
KP.3.1;2024-10-30;0.052;BA.2.86.x
KP.3.1;2024-11-06;0.095;BA.2.86.x
KP.3.1;2024-11-13;0.01;BA.2.86.x
KP.3.1;2024-11-20;0.041;BA.2.86.x
KP.3.1;2024-11-27;0.023;BA.2.86.x
KP.3.1;2024-12-04;0.008;BA.2.86.x
KP.3.1;2024-12-11;0.013;BA.2.86.x
KP.3.1;2024-12-18;0.013;BA.2.86.x
KP.3.1;2024-12-25;0.038;BA.2.86.x
KP.3.1;2025-01-01;0.006;BA.2.86.x
KP.3.1;2025-01-08;0.001;BA.2.86.x
KP.3.1;2025-01-15;0.002;BA.2.86.x
KP.3.1;2025-01-22;0.004;BA.2.86.x
KP.3.1;2025-01-29;0.03;BA.2.86.x
KP.3.1;2025-02-05;0.004;BA.2.86.x
KP.3.1;2025-02-12;0.039;BA.2.86.x
KP.3.1;2025-02-19;0.036;BA.2.86.x
KP.3.1;2025-02-26;0.004;BA.2.86.x
KP.3.1;2025-03-05;0.005;BA.2.86.x
KP.3.1;2025-03-12;0.035;BA.2.86.x
KP.3.1;2025-03-19;0.041;BA.2.86.x
KP.3.1;2025-03-26;0.0;BA.2.86.x
KP.3.1;2025-04-02;0.001;BA.2.86.x
KP.3.1;2025-04-09;0.004;BA.2.86.x
KP.3.1;2025-04-16;0.003;BA.2.86.x
KP.3.1;2025-04-23;0.002;BA.2.86.x
KP.3.1;2025-04-30;0.0;BA.2.86.x
KP.3.1;2025-05-07;0.0;BA.2.86.x
KP.3.1;2025-05-14;0.0;BA.2.86.x
KP.3.1;2025-05-21;0.001;BA.2.86.x
KP.3.1;2025-05-28;0.002;BA.2.86.x
KP.3.1;2025-06-04;0.002;BA.2.86.x
KP.3.1;2025-06-11;0.001;BA.2.86.x
KP.3.1;2025-06-18;0.003;BA.2.86.x
KP.3.1;2025-06-25;0.001;BA.2.86.x
KP.3.1;2025-07-02;0.0;BA.2.86.x
KP.3.1;2025-07-09;0.0;BA.2.86.x
KP.3;2022-09-21;0.0;BA.2.86.x
KP.3;2022-09-28;0.0;BA.2.86.x
KP.3;2022-10-05;0.0;BA.2.86.x
KP.3;2022-10-12;0.0;BA.2.86.x
KP.3;2022-10-19;0.0;BA.2.86.x
KP.3;2022-10-26;0.0;BA.2.86.x
KP.3;2022-11-02;0.0;BA.2.86.x
KP.3;2022-11-09;0.0;BA.2.86.x
KP.3;2022-11-16;0.0;BA.2.86.x
KP.3;2022-11-23;0.0;BA.2.86.x
KP.3;2022-11-30;0.0;BA.2.86.x
KP.3;2022-12-07;0.0;BA.2.86.x
KP.3;2022-12-14;0.0;BA.2.86.x
KP.3;2022-12-21;0.0;BA.2.86.x
KP.3;2022-12-28;0.0;BA.2.86.x
KP.3;2023-01-04;0.0;BA.2.86.x
KP.3;2023-01-11;0.0;BA.2.86.x
KP.3;2023-01-18;0.0;BA.2.86.x
KP.3;2023-01-25;0.0;BA.2.86.x
KP.3;2023-02-01;0.0;BA.2.86.x
KP.3;2023-02-08;0.0;BA.2.86.x
KP.3;2023-02-15;0.0;BA.2.86.x
KP.3;2023-02-22;0.0;BA.2.86.x
KP.3;2023-03-01;0.0;BA.2.86.x
KP.3;2023-03-08;0.0;BA.2.86.x
KP.3;2023-03-15;0.0;BA.2.86.x
KP.3;2023-03-22;0.0;BA.2.86.x
KP.3;2023-03-29;0.0;BA.2.86.x
KP.3;2023-04-05;0.0;BA.2.86.x
KP.3;2023-04-12;0.0;BA.2.86.x
KP.3;2023-04-19;0.0;BA.2.86.x
KP.3;2023-04-26;0.0;BA.2.86.x
KP.3;2023-05-03;0.0;BA.2.86.x
KP.3;2023-05-10;0.0;BA.2.86.x
KP.3;2023-05-17;0.0;BA.2.86.x
KP.3;2023-05-24;0.0;BA.2.86.x
KP.3;2023-05-31;0.0;BA.2.86.x
KP.3;2023-06-07;0.0;BA.2.86.x
KP.3;2023-06-14;0.0;BA.2.86.x
KP.3;2023-06-21;0.0;BA.2.86.x
KP.3;2023-06-28;0.0;BA.2.86.x
KP.3;2023-07-05;0.0;BA.2.86.x
KP.3;2023-07-12;0.0;BA.2.86.x
KP.3;2023-07-19;0.0;BA.2.86.x
KP.3;2023-07-26;0.0;BA.2.86.x
KP.3;2023-08-02;0.0;BA.2.86.x
KP.3;2023-08-09;0.0;BA.2.86.x
KP.3;2023-08-16;0.0;BA.2.86.x
KP.3;2023-08-23;0.0;BA.2.86.x
KP.3;2023-08-30;0.0;BA.2.86.x
KP.3;2023-09-06;0.0;BA.2.86.x
KP.3;2023-09-13;0.0;BA.2.86.x
KP.3;2023-09-20;0.0;BA.2.86.x
KP.3;2023-09-27;0.0;BA.2.86.x
KP.3;2023-10-04;0.0;BA.2.86.x
KP.3;2023-10-11;0.0;BA.2.86.x
KP.3;2023-10-18;0.0;BA.2.86.x
KP.3;2023-10-25;0.0;BA.2.86.x
KP.3;2023-11-01;0.0;BA.2.86.x
KP.3;2023-11-08;0.0;BA.2.86.x
KP.3;2023-11-15;0.0;BA.2.86.x
KP.3;2023-11-22;0.0;BA.2.86.x
KP.3;2023-11-29;0.004;BA.2.86.x
KP.3;2023-12-06;0.008;BA.2.86.x
KP.3;2023-12-13;0.005;BA.2.86.x
KP.3;2023-12-20;0.0;BA.2.86.x
KP.3;2023-12-27;0.013;BA.2.86.x
KP.3;2024-01-03;0.007;BA.2.86.x
KP.3;2024-01-10;0.001;BA.2.86.x
KP.3;2024-01-17;0.004;BA.2.86.x
KP.3;2024-01-24;0.007;BA.2.86.x
KP.3;2024-01-31;0.0;BA.2.86.x
KP.3;2024-02-07;0.004;BA.2.86.x
KP.3;2024-02-14;0.003;BA.2.86.x
KP.3;2024-02-21;0.007;BA.2.86.x
KP.3;2024-02-28;0.003;BA.2.86.x
KP.3;2024-03-06;0.004;BA.2.86.x
KP.3;2024-03-13;0.0;BA.2.86.x
KP.3;2024-03-20;0.007;BA.2.86.x
KP.3;2024-03-27;0.0;BA.2.86.x
KP.3;2024-04-03;0.006;BA.2.86.x
KP.3;2024-04-10;0.066;BA.2.86.x
KP.3;2024-04-17;0.015;BA.2.86.x
KP.3;2024-04-24;0.057;BA.2.86.x
KP.3;2024-05-01;0.116;BA.2.86.x
KP.3;2024-05-08;0.288;BA.2.86.x
KP.3;2024-05-15;0.164;BA.2.86.x
KP.3;2024-05-22;0.106;BA.2.86.x
KP.3;2024-05-29;0.068;BA.2.86.x
KP.3;2024-06-05;0.117;BA.2.86.x
KP.3;2024-06-12;0.055;BA.2.86.x
KP.3;2024-06-19;0.244;BA.2.86.x
KP.3;2024-06-26;0.043;BA.2.86.x
KP.3;2024-07-03;0.033;BA.2.86.x
KP.3;2024-07-10;0.05;BA.2.86.x
KP.3;2024-07-17;0.013;BA.2.86.x
KP.3;2024-07-24;0.019;BA.2.86.x
KP.3;2024-07-31;0.006;BA.2.86.x
KP.3;2024-08-07;0.009;BA.2.86.x
KP.3;2024-08-14;0.003;BA.2.86.x
KP.3;2024-08-21;0.002;BA.2.86.x
KP.3;2024-08-28;0.004;BA.2.86.x
KP.3;2024-09-04;0.01;BA.2.86.x
KP.3;2024-09-11;0.009;BA.2.86.x
KP.3;2024-09-18;0.02;BA.2.86.x
KP.3;2024-09-25;0.023;BA.2.86.x
KP.3;2024-10-02;0.04;BA.2.86.x
KP.3;2024-10-09;0.041;BA.2.86.x
KP.3;2024-10-16;0.02;BA.2.86.x
KP.3;2024-10-23;0.027;BA.2.86.x
KP.3;2024-10-30;0.011;BA.2.86.x
KP.3;2024-11-06;0.04;BA.2.86.x
KP.3;2024-11-13;0.054;BA.2.86.x
KP.3;2024-11-20;0.02;BA.2.86.x
KP.3;2024-11-27;0.038;BA.2.86.x
KP.3;2024-12-04;0.003;BA.2.86.x
KP.3;2024-12-11;0.003;BA.2.86.x
KP.3;2024-12-18;0.01;BA.2.86.x
KP.3;2024-12-25;0.012;BA.2.86.x
KP.3;2025-01-01;0.0;BA.2.86.x
KP.3;2025-01-08;0.004;BA.2.86.x
KP.3;2025-01-15;0.007;BA.2.86.x
KP.3;2025-01-22;0.011;BA.2.86.x
KP.3;2025-01-29;0.017;BA.2.86.x
KP.3;2025-02-05;0.004;BA.2.86.x
KP.3;2025-02-12;0.001;BA.2.86.x
KP.3;2025-02-19;0.0;BA.2.86.x
KP.3;2025-02-26;0.004;BA.2.86.x
KP.3;2025-03-05;0.009;BA.2.86.x
KP.3;2025-03-12;0.032;BA.2.86.x
KP.3;2025-03-19;0.041;BA.2.86.x
KP.3;2025-03-26;0.001;BA.2.86.x
KP.3;2025-04-02;0.001;BA.2.86.x
KP.3;2025-04-09;0.004;BA.2.86.x
KP.3;2025-04-16;0.01;BA.2.86.x
KP.3;2025-04-23;0.033;BA.2.86.x
KP.3;2025-04-30;0.0;BA.2.86.x
KP.3;2025-05-07;0.001;BA.2.86.x
KP.3;2025-05-14;0.02;BA.2.86.x
KP.3;2025-05-21;0.014;BA.2.86.x
KP.3;2025-05-28;0.019;BA.2.86.x
KP.3;2025-06-04;0.026;BA.2.86.x
KP.3;2025-06-11;0.005;BA.2.86.x
KP.3;2025-06-18;0.023;BA.2.86.x
KP.3;2025-06-25;0.001;BA.2.86.x
KP.3;2025-07-02;0.012;BA.2.86.x
KP.3;2025-07-09;0.006;BA.2.86.x
KP.2.3;2022-09-21;0.0;BA.2.86.x
KP.2.3;2022-09-28;0.0;BA.2.86.x
KP.2.3;2022-10-05;0.0;BA.2.86.x
KP.2.3;2022-10-12;0.0;BA.2.86.x
KP.2.3;2022-10-19;0.0;BA.2.86.x
KP.2.3;2022-10-26;0.0;BA.2.86.x
KP.2.3;2022-11-02;0.0;BA.2.86.x
KP.2.3;2022-11-09;0.0;BA.2.86.x
KP.2.3;2022-11-16;0.0;BA.2.86.x
KP.2.3;2022-11-23;0.0;BA.2.86.x
KP.2.3;2022-11-30;0.0;BA.2.86.x
KP.2.3;2022-12-07;0.0;BA.2.86.x
KP.2.3;2022-12-14;0.0;BA.2.86.x
KP.2.3;2022-12-21;0.0;BA.2.86.x
KP.2.3;2022-12-28;0.0;BA.2.86.x
KP.2.3;2023-01-04;0.0;BA.2.86.x
KP.2.3;2023-01-11;0.0;BA.2.86.x
KP.2.3;2023-01-18;0.0;BA.2.86.x
KP.2.3;2023-01-25;0.0;BA.2.86.x
KP.2.3;2023-02-01;0.0;BA.2.86.x
KP.2.3;2023-02-08;0.0;BA.2.86.x
KP.2.3;2023-02-15;0.0;BA.2.86.x
KP.2.3;2023-02-22;0.0;BA.2.86.x
KP.2.3;2023-03-01;0.0;BA.2.86.x
KP.2.3;2023-03-08;0.0;BA.2.86.x
KP.2.3;2023-03-15;0.0;BA.2.86.x
KP.2.3;2023-03-22;0.0;BA.2.86.x
KP.2.3;2023-03-29;0.0;BA.2.86.x
KP.2.3;2023-04-05;0.0;BA.2.86.x
KP.2.3;2023-04-12;0.0;BA.2.86.x
KP.2.3;2023-04-19;0.0;BA.2.86.x
KP.2.3;2023-04-26;0.0;BA.2.86.x
KP.2.3;2023-05-03;0.0;BA.2.86.x
KP.2.3;2023-05-10;0.0;BA.2.86.x
KP.2.3;2023-05-17;0.0;BA.2.86.x
KP.2.3;2023-05-24;0.0;BA.2.86.x
KP.2.3;2023-05-31;0.0;BA.2.86.x
KP.2.3;2023-06-07;0.0;BA.2.86.x
KP.2.3;2023-06-14;0.0;BA.2.86.x
KP.2.3;2023-06-21;0.0;BA.2.86.x
KP.2.3;2023-06-28;0.0;BA.2.86.x
KP.2.3;2023-07-05;0.0;BA.2.86.x
KP.2.3;2023-07-12;0.0;BA.2.86.x
KP.2.3;2023-07-19;0.0;BA.2.86.x
KP.2.3;2023-07-26;0.0;BA.2.86.x
KP.2.3;2023-08-02;0.0;BA.2.86.x
KP.2.3;2023-08-09;0.0;BA.2.86.x
KP.2.3;2023-08-16;0.0;BA.2.86.x
KP.2.3;2023-08-23;0.0;BA.2.86.x
KP.2.3;2023-08-30;0.0;BA.2.86.x
KP.2.3;2023-09-06;0.0;BA.2.86.x
KP.2.3;2023-09-13;0.0;BA.2.86.x
KP.2.3;2023-09-20;0.0;BA.2.86.x
KP.2.3;2023-09-27;0.0;BA.2.86.x
KP.2.3;2023-10-04;0.0;BA.2.86.x
KP.2.3;2023-10-11;0.0;BA.2.86.x
KP.2.3;2023-10-18;0.0;BA.2.86.x
KP.2.3;2023-10-25;0.0;BA.2.86.x
KP.2.3;2023-11-01;0.0;BA.2.86.x
KP.2.3;2023-11-08;0.0;BA.2.86.x
KP.2.3;2023-11-15;0.0;BA.2.86.x
KP.2.3;2023-11-22;0.0;BA.2.86.x
KP.2.3;2023-11-29;0.0;BA.2.86.x
KP.2.3;2023-12-06;0.0;BA.2.86.x
KP.2.3;2023-12-13;0.0;BA.2.86.x
KP.2.3;2023-12-20;0.0;BA.2.86.x
KP.2.3;2023-12-27;0.0;BA.2.86.x
KP.2.3;2024-01-03;0.001;BA.2.86.x
KP.2.3;2024-01-10;0.004;BA.2.86.x
KP.2.3;2024-01-17;0.001;BA.2.86.x
KP.2.3;2024-01-24;0.001;BA.2.86.x
KP.2.3;2024-01-31;0.0;BA.2.86.x
KP.2.3;2024-02-07;0.0;BA.2.86.x
KP.2.3;2024-02-14;0.0;BA.2.86.x
KP.2.3;2024-02-21;0.0;BA.2.86.x
KP.2.3;2024-02-28;0.0;BA.2.86.x
KP.2.3;2024-03-06;0.0;BA.2.86.x
KP.2.3;2024-03-13;0.0;BA.2.86.x
KP.2.3;2024-03-20;0.0;BA.2.86.x
KP.2.3;2024-03-27;0.0;BA.2.86.x
KP.2.3;2024-04-03;0.0;BA.2.86.x
KP.2.3;2024-04-10;0.0;BA.2.86.x
KP.2.3;2024-04-17;0.005;BA.2.86.x
KP.2.3;2024-04-24;0.006;BA.2.86.x
KP.2.3;2024-05-01;0.028;BA.2.86.x
KP.2.3;2024-05-08;0.022;BA.2.86.x
KP.2.3;2024-05-15;0.053;BA.2.86.x
KP.2.3;2024-05-22;0.109;BA.2.86.x
KP.2.3;2024-05-29;0.07;BA.2.86.x
KP.2.3;2024-06-05;0.079;BA.2.86.x
KP.2.3;2024-06-12;0.189;BA.2.86.x
KP.2.3;2024-06-19;0.036;BA.2.86.x
KP.2.3;2024-06-26;0.123;BA.2.86.x
KP.2.3;2024-07-03;0.087;BA.2.86.x
KP.2.3;2024-07-10;0.071;BA.2.86.x
KP.2.3;2024-07-17;0.066;BA.2.86.x
KP.2.3;2024-07-24;0.072;BA.2.86.x
KP.2.3;2024-07-31;0.087;BA.2.86.x
KP.2.3;2024-08-07;0.099;BA.2.86.x
KP.2.3;2024-08-14;0.099;BA.2.86.x
KP.2.3;2024-08-21;0.104;BA.2.86.x
KP.2.3;2024-08-28;0.078;BA.2.86.x
KP.2.3;2024-09-04;0.043;BA.2.86.x
KP.2.3;2024-09-11;0.034;BA.2.86.x
KP.2.3;2024-09-18;0.017;BA.2.86.x
KP.2.3;2024-09-25;0.016;BA.2.86.x
KP.2.3;2024-10-02;0.01;BA.2.86.x
KP.2.3;2024-10-09;0.014;BA.2.86.x
KP.2.3;2024-10-16;0.003;BA.2.86.x
KP.2.3;2024-10-23;0.005;BA.2.86.x
KP.2.3;2024-10-30;0.01;BA.2.86.x
KP.2.3;2024-11-06;0.011;BA.2.86.x
KP.2.3;2024-11-13;0.019;BA.2.86.x
KP.2.3;2024-11-20;0.007;BA.2.86.x
KP.2.3;2024-11-27;0.012;BA.2.86.x
KP.2.3;2024-12-04;0.001;BA.2.86.x
KP.2.3;2024-12-11;0.012;BA.2.86.x
KP.2.3;2024-12-18;0.006;BA.2.86.x
KP.2.3;2024-12-25;0.004;BA.2.86.x
KP.2.3;2025-01-01;0.0;BA.2.86.x
KP.2.3;2025-01-08;0.0;BA.2.86.x
KP.2.3;2025-01-15;0.0;BA.2.86.x
KP.2.3;2025-01-22;0.0;BA.2.86.x
KP.2.3;2025-01-29;0.0;BA.2.86.x
KP.2.3;2025-02-05;0.0;BA.2.86.x
KP.2.3;2025-02-12;0.0;BA.2.86.x
KP.2.3;2025-02-19;0.001;BA.2.86.x
KP.2.3;2025-02-26;0.001;BA.2.86.x
KP.2.3;2025-03-05;0.0;BA.2.86.x
KP.2.3;2025-03-12;0.0;BA.2.86.x
KP.2.3;2025-03-19;0.0;BA.2.86.x
KP.2.3;2025-03-26;0.0;BA.2.86.x
KP.2.3;2025-04-02;0.0;BA.2.86.x
KP.2.3;2025-04-09;0.0;BA.2.86.x
KP.2.3;2025-04-16;0.001;BA.2.86.x
KP.2.3;2025-04-23;0.0;BA.2.86.x
KP.2.3;2025-04-30;0.0;BA.2.86.x
KP.2.3;2025-05-07;0.0;BA.2.86.x
KP.2.3;2025-05-14;0.0;BA.2.86.x
KP.2.3;2025-05-21;0.0;BA.2.86.x
KP.2.3;2025-05-28;0.0;BA.2.86.x
KP.2.3;2025-06-04;0.0;BA.2.86.x
KP.2.3;2025-06-11;0.0;BA.2.86.x
KP.2.3;2025-06-18;0.0;BA.2.86.x
KP.2.3;2025-06-25;0.0;BA.2.86.x
KP.2.3;2025-07-02;0.001;BA.2.86.x
KP.2.3;2025-07-09;0.001;BA.2.86.x
KP.2;2022-09-21;0.0;BA.2.86.x
KP.2;2022-09-28;0.0;BA.2.86.x
KP.2;2022-10-05;0.0;BA.2.86.x
KP.2;2022-10-12;0.0;BA.2.86.x
KP.2;2022-10-19;0.0;BA.2.86.x
KP.2;2022-10-26;0.0;BA.2.86.x
KP.2;2022-11-02;0.0;BA.2.86.x
KP.2;2022-11-09;0.0;BA.2.86.x
KP.2;2022-11-16;0.0;BA.2.86.x
KP.2;2022-11-23;0.0;BA.2.86.x
KP.2;2022-11-30;0.0;BA.2.86.x
KP.2;2022-12-07;0.0;BA.2.86.x
KP.2;2022-12-14;0.0;BA.2.86.x
KP.2;2022-12-21;0.0;BA.2.86.x
KP.2;2022-12-28;0.0;BA.2.86.x
KP.2;2023-01-04;0.0;BA.2.86.x
KP.2;2023-01-11;0.0;BA.2.86.x
KP.2;2023-01-18;0.0;BA.2.86.x
KP.2;2023-01-25;0.0;BA.2.86.x
KP.2;2023-02-01;0.0;BA.2.86.x
KP.2;2023-02-08;0.0;BA.2.86.x
KP.2;2023-02-15;0.0;BA.2.86.x
KP.2;2023-02-22;0.0;BA.2.86.x
KP.2;2023-03-01;0.0;BA.2.86.x
KP.2;2023-03-08;0.0;BA.2.86.x
KP.2;2023-03-15;0.0;BA.2.86.x
KP.2;2023-03-22;0.0;BA.2.86.x
KP.2;2023-03-29;0.001;BA.2.86.x
KP.2;2023-04-05;0.0;BA.2.86.x
KP.2;2023-04-12;0.0;BA.2.86.x
KP.2;2023-04-19;0.0;BA.2.86.x
KP.2;2023-04-26;0.0;BA.2.86.x
KP.2;2023-05-03;0.0;BA.2.86.x
KP.2;2023-05-10;0.0;BA.2.86.x
KP.2;2023-05-17;0.0;BA.2.86.x
KP.2;2023-05-24;0.0;BA.2.86.x
KP.2;2023-05-31;0.0;BA.2.86.x
KP.2;2023-06-07;0.0;BA.2.86.x
KP.2;2023-06-14;0.0;BA.2.86.x
KP.2;2023-06-21;0.0;BA.2.86.x
KP.2;2023-06-28;0.0;BA.2.86.x
KP.2;2023-07-05;0.0;BA.2.86.x
KP.2;2023-07-12;0.0;BA.2.86.x
KP.2;2023-07-19;0.0;BA.2.86.x
KP.2;2023-07-26;0.0;BA.2.86.x
KP.2;2023-08-02;0.0;BA.2.86.x
KP.2;2023-08-09;0.0;BA.2.86.x
KP.2;2023-08-16;0.0;BA.2.86.x
KP.2;2023-08-23;0.0;BA.2.86.x
KP.2;2023-08-30;0.0;BA.2.86.x
KP.2;2023-09-06;0.0;BA.2.86.x
KP.2;2023-09-13;0.0;BA.2.86.x
KP.2;2023-09-20;0.0;BA.2.86.x
KP.2;2023-09-27;0.0;BA.2.86.x
KP.2;2023-10-04;0.0;BA.2.86.x
KP.2;2023-10-11;0.0;BA.2.86.x
KP.2;2023-10-18;0.0;BA.2.86.x
KP.2;2023-10-25;0.0;BA.2.86.x
KP.2;2023-11-01;0.0;BA.2.86.x
KP.2;2023-11-08;0.0;BA.2.86.x
KP.2;2023-11-15;0.0;BA.2.86.x
KP.2;2023-11-22;0.0;BA.2.86.x
KP.2;2023-11-29;0.001;BA.2.86.x
KP.2;2023-12-06;0.003;BA.2.86.x
KP.2;2023-12-13;0.0;BA.2.86.x
KP.2;2023-12-20;0.0;BA.2.86.x
KP.2;2023-12-27;0.0;BA.2.86.x
KP.2;2024-01-03;0.003;BA.2.86.x
KP.2;2024-01-10;0.002;BA.2.86.x
KP.2;2024-01-17;0.018;BA.2.86.x
KP.2;2024-01-24;0.026;BA.2.86.x
KP.2;2024-01-31;0.097;BA.2.86.x
KP.2;2024-02-07;0.004;BA.2.86.x
KP.2;2024-02-14;0.015;BA.2.86.x
KP.2;2024-02-21;0.024;BA.2.86.x
KP.2;2024-02-28;0.005;BA.2.86.x
KP.2;2024-03-06;0.014;BA.2.86.x
KP.2;2024-03-13;0.038;BA.2.86.x
KP.2;2024-03-20;0.215;BA.2.86.x
KP.2;2024-03-27;0.051;BA.2.86.x
KP.2;2024-04-03;0.0;BA.2.86.x
KP.2;2024-04-10;0.0;BA.2.86.x
KP.2;2024-04-17;0.018;BA.2.86.x
KP.2;2024-04-24;0.004;BA.2.86.x
KP.2;2024-05-01;0.043;BA.2.86.x
KP.2;2024-05-08;0.039;BA.2.86.x
KP.2;2024-05-15;0.097;BA.2.86.x
KP.2;2024-05-22;0.113;BA.2.86.x
KP.2;2024-05-29;0.168;BA.2.86.x
KP.2;2024-06-05;0.148;BA.2.86.x
KP.2;2024-06-12;0.144;BA.2.86.x
KP.2;2024-06-19;0.116;BA.2.86.x
KP.2;2024-06-26;0.061;BA.2.86.x
KP.2;2024-07-03;0.106;BA.2.86.x
KP.2;2024-07-10;0.168;BA.2.86.x
KP.2;2024-07-17;0.117;BA.2.86.x
KP.2;2024-07-24;0.082;BA.2.86.x
KP.2;2024-07-31;0.079;BA.2.86.x
KP.2;2024-08-07;0.083;BA.2.86.x
KP.2;2024-08-14;0.045;BA.2.86.x
KP.2;2024-08-21;0.015;BA.2.86.x
KP.2;2024-08-28;0.014;BA.2.86.x
KP.2;2024-09-04;0.016;BA.2.86.x
KP.2;2024-09-11;0.017;BA.2.86.x
KP.2;2024-09-18;0.004;BA.2.86.x
KP.2;2024-09-25;0.01;BA.2.86.x
KP.2;2024-10-02;0.004;BA.2.86.x
KP.2;2024-10-09;0.026;BA.2.86.x
KP.2;2024-10-16;0.002;BA.2.86.x
KP.2;2024-10-23;0.002;BA.2.86.x
KP.2;2024-10-30;0.001;BA.2.86.x
KP.2;2024-11-06;0.006;BA.2.86.x
KP.2;2024-11-13;0.0;BA.2.86.x
KP.2;2024-11-20;0.0;BA.2.86.x
KP.2;2024-11-27;0.0;BA.2.86.x
KP.2;2024-12-04;0.0;BA.2.86.x
KP.2;2024-12-11;0.0;BA.2.86.x
KP.2;2024-12-18;0.006;BA.2.86.x
KP.2;2024-12-25;0.0;BA.2.86.x
KP.2;2025-01-01;0.0;BA.2.86.x
KP.2;2025-01-08;0.0;BA.2.86.x
KP.2;2025-01-15;0.0;BA.2.86.x
KP.2;2025-01-22;0.0;BA.2.86.x
KP.2;2025-01-29;0.0;BA.2.86.x
KP.2;2025-02-05;0.0;BA.2.86.x
KP.2;2025-02-12;0.0;BA.2.86.x
KP.2;2025-02-19;0.0;BA.2.86.x
KP.2;2025-02-26;0.0;BA.2.86.x
KP.2;2025-03-05;0.0;BA.2.86.x
KP.2;2025-03-12;0.0;BA.2.86.x
KP.2;2025-03-19;0.0;BA.2.86.x
KP.2;2025-03-26;0.0;BA.2.86.x
KP.2;2025-04-02;0.0;BA.2.86.x
KP.2;2025-04-09;0.0;BA.2.86.x
KP.2;2025-04-16;0.0;BA.2.86.x
KP.2;2025-04-23;0.0;BA.2.86.x
KP.2;2025-04-30;0.0;BA.2.86.x
KP.2;2025-05-07;0.0;BA.2.86.x
KP.2;2025-05-14;0.0;BA.2.86.x
KP.2;2025-05-21;0.0;BA.2.86.x
KP.2;2025-05-28;0.0;BA.2.86.x
KP.2;2025-06-04;0.0;BA.2.86.x
KP.2;2025-06-11;0.0;BA.2.86.x
KP.2;2025-06-18;0.0;BA.2.86.x
KP.2;2025-06-25;0.001;BA.2.86.x
KP.2;2025-07-02;0.001;BA.2.86.x
KP.2;2025-07-09;0.0;BA.2.86.x
JN.1.7;2022-09-21;0.0;BA.2.86.x
JN.1.7;2022-09-28;0.0;BA.2.86.x
JN.1.7;2022-10-05;0.0;BA.2.86.x
JN.1.7;2022-10-12;0.0;BA.2.86.x
JN.1.7;2022-10-19;0.0;BA.2.86.x
JN.1.7;2022-10-26;0.0;BA.2.86.x
JN.1.7;2022-11-02;0.0;BA.2.86.x
JN.1.7;2022-11-09;0.0;BA.2.86.x
JN.1.7;2022-11-16;0.0;BA.2.86.x
JN.1.7;2022-11-23;0.0;BA.2.86.x
JN.1.7;2022-11-30;0.0;BA.2.86.x
JN.1.7;2022-12-07;0.0;BA.2.86.x
JN.1.7;2022-12-14;0.0;BA.2.86.x
JN.1.7;2022-12-21;0.0;BA.2.86.x
JN.1.7;2022-12-28;0.0;BA.2.86.x
JN.1.7;2023-01-04;0.0;BA.2.86.x
JN.1.7;2023-01-11;0.0;BA.2.86.x
JN.1.7;2023-01-18;0.0;BA.2.86.x
JN.1.7;2023-01-25;0.0;BA.2.86.x
JN.1.7;2023-02-01;0.0;BA.2.86.x
JN.1.7;2023-02-08;0.0;BA.2.86.x
JN.1.7;2023-02-15;0.0;BA.2.86.x
JN.1.7;2023-02-22;0.0;BA.2.86.x
JN.1.7;2023-03-01;0.0;BA.2.86.x
JN.1.7;2023-03-08;0.0;BA.2.86.x
JN.1.7;2023-03-15;0.0;BA.2.86.x
JN.1.7;2023-03-22;0.0;BA.2.86.x
JN.1.7;2023-03-29;0.0;BA.2.86.x
JN.1.7;2023-04-05;0.0;BA.2.86.x
JN.1.7;2023-04-12;0.0;BA.2.86.x
JN.1.7;2023-04-19;0.0;BA.2.86.x
JN.1.7;2023-04-26;0.0;BA.2.86.x
JN.1.7;2023-05-03;0.0;BA.2.86.x
JN.1.7;2023-05-10;0.0;BA.2.86.x
JN.1.7;2023-05-17;0.0;BA.2.86.x
JN.1.7;2023-05-24;0.0;BA.2.86.x
JN.1.7;2023-05-31;0.0;BA.2.86.x
JN.1.7;2023-06-07;0.0;BA.2.86.x
JN.1.7;2023-06-14;0.0;BA.2.86.x
JN.1.7;2023-06-21;0.0;BA.2.86.x
JN.1.7;2023-06-28;0.0;BA.2.86.x
JN.1.7;2023-07-05;0.0;BA.2.86.x
JN.1.7;2023-07-12;0.0;BA.2.86.x
JN.1.7;2023-07-19;0.0;BA.2.86.x
JN.1.7;2023-07-26;0.0;BA.2.86.x
JN.1.7;2023-08-02;0.0;BA.2.86.x
JN.1.7;2023-08-09;0.0;BA.2.86.x
JN.1.7;2023-08-16;0.0;BA.2.86.x
JN.1.7;2023-08-23;0.0;BA.2.86.x
JN.1.7;2023-08-30;0.0;BA.2.86.x
JN.1.7;2023-09-06;0.0;BA.2.86.x
JN.1.7;2023-09-13;0.0;BA.2.86.x
JN.1.7;2023-09-20;0.0;BA.2.86.x
JN.1.7;2023-09-27;0.0;BA.2.86.x
JN.1.7;2023-10-04;0.0;BA.2.86.x
JN.1.7;2023-10-11;0.0;BA.2.86.x
JN.1.7;2023-10-18;0.0;BA.2.86.x
JN.1.7;2023-10-25;0.0;BA.2.86.x
JN.1.7;2023-11-01;0.0;BA.2.86.x
JN.1.7;2023-11-08;0.0;BA.2.86.x
JN.1.7;2023-11-15;0.0;BA.2.86.x
JN.1.7;2023-11-22;0.0;BA.2.86.x
JN.1.7;2023-11-29;0.0;BA.2.86.x
JN.1.7;2023-12-06;0.0;BA.2.86.x
JN.1.7;2023-12-13;0.001;BA.2.86.x
JN.1.7;2023-12-20;0.003;BA.2.86.x
JN.1.7;2023-12-27;0.002;BA.2.86.x
JN.1.7;2024-01-03;0.005;BA.2.86.x
JN.1.7;2024-01-10;0.007;BA.2.86.x
JN.1.7;2024-01-17;0.03;BA.2.86.x
JN.1.7;2024-01-24;0.031;BA.2.86.x
JN.1.7;2024-01-31;0.031;BA.2.86.x
JN.1.7;2024-02-07;0.013;BA.2.86.x
JN.1.7;2024-02-14;0.019;BA.2.86.x
JN.1.7;2024-02-21;0.03;BA.2.86.x
JN.1.7;2024-02-28;0.027;BA.2.86.x
JN.1.7;2024-03-06;0.019;BA.2.86.x
JN.1.7;2024-03-13;0.075;BA.2.86.x
JN.1.7;2024-03-20;0.007;BA.2.86.x
JN.1.7;2024-03-27;0.001;BA.2.86.x
JN.1.7;2024-04-03;0.009;BA.2.86.x
JN.1.7;2024-04-10;0.009;BA.2.86.x
JN.1.7;2024-04-17;0.019;BA.2.86.x
JN.1.7;2024-04-24;0.02;BA.2.86.x
JN.1.7;2024-05-01;0.023;BA.2.86.x
JN.1.7;2024-05-08;0.018;BA.2.86.x
JN.1.7;2024-05-15;0.047;BA.2.86.x
JN.1.7;2024-05-22;0.018;BA.2.86.x
JN.1.7;2024-05-29;0.01;BA.2.86.x
JN.1.7;2024-06-05;0.033;BA.2.86.x
JN.1.7;2024-06-12;0.014;BA.2.86.x
JN.1.7;2024-06-19;0.067;BA.2.86.x
JN.1.7;2024-06-26;0.006;BA.2.86.x
JN.1.7;2024-07-03;0.012;BA.2.86.x
JN.1.7;2024-07-10;0.003;BA.2.86.x
JN.1.7;2024-07-17;0.002;BA.2.86.x
JN.1.7;2024-07-24;0.0;BA.2.86.x
JN.1.7;2024-07-31;0.0;BA.2.86.x
JN.1.7;2024-08-07;0.002;BA.2.86.x
JN.1.7;2024-08-14;0.001;BA.2.86.x
JN.1.7;2024-08-21;0.006;BA.2.86.x
JN.1.7;2024-08-28;0.002;BA.2.86.x
JN.1.7;2024-09-04;0.002;BA.2.86.x
JN.1.7;2024-09-11;0.002;BA.2.86.x
JN.1.7;2024-09-18;0.0;BA.2.86.x
JN.1.7;2024-09-25;0.007;BA.2.86.x
JN.1.7;2024-10-02;0.005;BA.2.86.x
JN.1.7;2024-10-09;0.0;BA.2.86.x
JN.1.7;2024-10-16;0.0;BA.2.86.x
JN.1.7;2024-10-23;0.0;BA.2.86.x
JN.1.7;2024-10-30;0.0;BA.2.86.x
JN.1.7;2024-11-06;0.003;BA.2.86.x
JN.1.7;2024-11-13;0.0;BA.2.86.x
JN.1.7;2024-11-20;0.002;BA.2.86.x
JN.1.7;2024-11-27;0.008;BA.2.86.x
JN.1.7;2024-12-04;0.0;BA.2.86.x
JN.1.7;2024-12-11;0.0;BA.2.86.x
JN.1.7;2024-12-18;0.0;BA.2.86.x
JN.1.7;2024-12-25;0.0;BA.2.86.x
JN.1.7;2025-01-01;0.0;BA.2.86.x
JN.1.7;2025-01-08;0.0;BA.2.86.x
JN.1.7;2025-01-15;0.0;BA.2.86.x
JN.1.7;2025-01-22;0.0;BA.2.86.x
JN.1.7;2025-01-29;0.0;BA.2.86.x
JN.1.7;2025-02-05;0.001;BA.2.86.x
JN.1.7;2025-02-12;0.0;BA.2.86.x
JN.1.7;2025-02-19;0.001;BA.2.86.x
JN.1.7;2025-02-26;0.001;BA.2.86.x
JN.1.7;2025-03-05;0.0;BA.2.86.x
JN.1.7;2025-03-12;0.001;BA.2.86.x
JN.1.7;2025-03-19;0.0;BA.2.86.x
JN.1.7;2025-03-26;0.0;BA.2.86.x
JN.1.7;2025-04-02;0.0;BA.2.86.x
JN.1.7;2025-04-09;0.0;BA.2.86.x
JN.1.7;2025-04-16;0.0;BA.2.86.x
JN.1.7;2025-04-23;0.0;BA.2.86.x
JN.1.7;2025-04-30;0.0;BA.2.86.x
JN.1.7;2025-05-07;0.0;BA.2.86.x
JN.1.7;2025-05-14;0.0;BA.2.86.x
JN.1.7;2025-05-21;0.0;BA.2.86.x
JN.1.7;2025-05-28;0.0;BA.2.86.x
JN.1.7;2025-06-04;0.0;BA.2.86.x
JN.1.7;2025-06-11;0.0;BA.2.86.x
JN.1.7;2025-06-18;0.0;BA.2.86.x
JN.1.7;2025-06-25;0.001;BA.2.86.x
JN.1.7;2025-07-02;0.001;BA.2.86.x
JN.1.7;2025-07-09;0.0;BA.2.86.x
JN.1.4.6;2022-09-21;0.0;BA.2.86.x
JN.1.4.6;2022-09-28;0.0;BA.2.86.x
JN.1.4.6;2022-10-05;0.0;BA.2.86.x
JN.1.4.6;2022-10-12;0.0;BA.2.86.x
JN.1.4.6;2022-10-19;0.0;BA.2.86.x
JN.1.4.6;2022-10-26;0.0;BA.2.86.x
JN.1.4.6;2022-11-02;0.0;BA.2.86.x
JN.1.4.6;2022-11-09;0.0;BA.2.86.x
JN.1.4.6;2022-11-16;0.0;BA.2.86.x
JN.1.4.6;2022-11-23;0.0;BA.2.86.x
JN.1.4.6;2022-11-30;0.0;BA.2.86.x
JN.1.4.6;2022-12-07;0.0;BA.2.86.x
JN.1.4.6;2022-12-14;0.0;BA.2.86.x
JN.1.4.6;2022-12-21;0.0;BA.2.86.x
JN.1.4.6;2022-12-28;0.0;BA.2.86.x
JN.1.4.6;2023-01-04;0.0;BA.2.86.x
JN.1.4.6;2023-01-11;0.0;BA.2.86.x
JN.1.4.6;2023-01-18;0.0;BA.2.86.x
JN.1.4.6;2023-01-25;0.0;BA.2.86.x
JN.1.4.6;2023-02-01;0.0;BA.2.86.x
JN.1.4.6;2023-02-08;0.0;BA.2.86.x
JN.1.4.6;2023-02-15;0.0;BA.2.86.x
JN.1.4.6;2023-02-22;0.0;BA.2.86.x
JN.1.4.6;2023-03-01;0.0;BA.2.86.x
JN.1.4.6;2023-03-08;0.0;BA.2.86.x
JN.1.4.6;2023-03-15;0.0;BA.2.86.x
JN.1.4.6;2023-03-22;0.0;BA.2.86.x
JN.1.4.6;2023-03-29;0.0;BA.2.86.x
JN.1.4.6;2023-04-05;0.0;BA.2.86.x
JN.1.4.6;2023-04-12;0.0;BA.2.86.x
JN.1.4.6;2023-04-19;0.0;BA.2.86.x
JN.1.4.6;2023-04-26;0.0;BA.2.86.x
JN.1.4.6;2023-05-03;0.0;BA.2.86.x
JN.1.4.6;2023-05-10;0.0;BA.2.86.x
JN.1.4.6;2023-05-17;0.0;BA.2.86.x
JN.1.4.6;2023-05-24;0.0;BA.2.86.x
JN.1.4.6;2023-05-31;0.0;BA.2.86.x
JN.1.4.6;2023-06-07;0.0;BA.2.86.x
JN.1.4.6;2023-06-14;0.0;BA.2.86.x
JN.1.4.6;2023-06-21;0.0;BA.2.86.x
JN.1.4.6;2023-06-28;0.0;BA.2.86.x
JN.1.4.6;2023-07-05;0.0;BA.2.86.x
JN.1.4.6;2023-07-12;0.0;BA.2.86.x
JN.1.4.6;2023-07-19;0.0;BA.2.86.x
JN.1.4.6;2023-07-26;0.0;BA.2.86.x
JN.1.4.6;2023-08-02;0.0;BA.2.86.x
JN.1.4.6;2023-08-09;0.0;BA.2.86.x
JN.1.4.6;2023-08-16;0.0;BA.2.86.x
JN.1.4.6;2023-08-23;0.0;BA.2.86.x
JN.1.4.6;2023-08-30;0.0;BA.2.86.x
JN.1.4.6;2023-09-06;0.0;BA.2.86.x
JN.1.4.6;2023-09-13;0.0;BA.2.86.x
JN.1.4.6;2023-09-20;0.0;BA.2.86.x
JN.1.4.6;2023-09-27;0.0;BA.2.86.x
JN.1.4.6;2023-10-04;0.0;BA.2.86.x
JN.1.4.6;2023-10-11;0.0;BA.2.86.x
JN.1.4.6;2023-10-18;0.0;BA.2.86.x
JN.1.4.6;2023-10-25;0.0;BA.2.86.x
JN.1.4.6;2023-11-01;0.0;BA.2.86.x
JN.1.4.6;2023-11-08;0.0;BA.2.86.x
JN.1.4.6;2023-11-15;0.0;BA.2.86.x
JN.1.4.6;2023-11-22;0.0;BA.2.86.x
JN.1.4.6;2023-11-29;0.0;BA.2.86.x
JN.1.4.6;2023-12-06;0.0;BA.2.86.x
JN.1.4.6;2023-12-13;0.0;BA.2.86.x
JN.1.4.6;2023-12-20;0.0;BA.2.86.x
JN.1.4.6;2023-12-27;0.0;BA.2.86.x
JN.1.4.6;2024-01-03;0.0;BA.2.86.x
JN.1.4.6;2024-01-10;0.0;BA.2.86.x
JN.1.4.6;2024-01-17;0.0;BA.2.86.x
JN.1.4.6;2024-01-24;0.0;BA.2.86.x
JN.1.4.6;2024-01-31;0.0;BA.2.86.x
JN.1.4.6;2024-02-07;0.0;BA.2.86.x
JN.1.4.6;2024-02-14;0.0;BA.2.86.x
JN.1.4.6;2024-02-21;0.021;BA.2.86.x
JN.1.4.6;2024-02-28;0.0;BA.2.86.x
JN.1.4.6;2024-03-06;0.0;BA.2.86.x
JN.1.4.6;2024-03-13;0.0;BA.2.86.x
JN.1.4.6;2024-03-20;0.0;BA.2.86.x
JN.1.4.6;2024-03-27;0.0;BA.2.86.x
JN.1.4.6;2024-04-03;0.0;BA.2.86.x
JN.1.4.6;2024-04-10;0.0;BA.2.86.x
JN.1.4.6;2024-04-17;0.0;BA.2.86.x
JN.1.4.6;2024-04-24;0.0;BA.2.86.x
JN.1.4.6;2024-05-01;0.0;BA.2.86.x
JN.1.4.6;2024-05-08;0.0;BA.2.86.x
JN.1.4.6;2024-05-15;0.0;BA.2.86.x
JN.1.4.6;2024-05-22;0.0;BA.2.86.x
JN.1.4.6;2024-05-29;0.0;BA.2.86.x
JN.1.4.6;2024-06-05;0.0;BA.2.86.x
JN.1.4.6;2024-06-12;0.0;BA.2.86.x
JN.1.4.6;2024-06-19;0.0;BA.2.86.x
JN.1.4.6;2024-06-26;0.0;BA.2.86.x
JN.1.4.6;2024-07-03;0.0;BA.2.86.x
JN.1.4.6;2024-07-10;0.0;BA.2.86.x
JN.1.4.6;2024-07-17;0.0;BA.2.86.x
JN.1.4.6;2024-07-24;0.0;BA.2.86.x
JN.1.4.6;2024-07-31;0.0;BA.2.86.x
JN.1.4.6;2024-08-07;0.0;BA.2.86.x
JN.1.4.6;2024-08-14;0.0;BA.2.86.x
JN.1.4.6;2024-08-21;0.0;BA.2.86.x
JN.1.4.6;2024-08-28;0.0;BA.2.86.x
JN.1.4.6;2024-09-04;0.0;BA.2.86.x
JN.1.4.6;2024-09-11;0.0;BA.2.86.x
JN.1.4.6;2024-09-18;0.0;BA.2.86.x
JN.1.4.6;2024-09-25;0.0;BA.2.86.x
JN.1.4.6;2024-10-02;0.0;BA.2.86.x
JN.1.4.6;2024-10-09;0.0;BA.2.86.x
JN.1.4.6;2024-10-16;0.0;BA.2.86.x
JN.1.4.6;2024-10-23;0.0;BA.2.86.x
JN.1.4.6;2024-10-30;0.0;BA.2.86.x
JN.1.4.6;2024-11-06;0.0;BA.2.86.x
JN.1.4.6;2024-11-13;0.0;BA.2.86.x
JN.1.4.6;2024-11-20;0.0;BA.2.86.x
JN.1.4.6;2024-11-27;0.0;BA.2.86.x
JN.1.4.6;2024-12-04;0.0;BA.2.86.x
JN.1.4.6;2024-12-11;0.0;BA.2.86.x
JN.1.4.6;2024-12-18;0.0;BA.2.86.x
JN.1.4.6;2024-12-25;0.0;BA.2.86.x
JN.1.4.6;2025-01-01;0.0;BA.2.86.x
JN.1.4.6;2025-01-08;0.0;BA.2.86.x
JN.1.4.6;2025-01-15;0.0;BA.2.86.x
JN.1.4.6;2025-01-22;0.0;BA.2.86.x
JN.1.4.6;2025-01-29;0.0;BA.2.86.x
JN.1.4.6;2025-02-05;0.0;BA.2.86.x
JN.1.4.6;2025-02-12;0.0;BA.2.86.x
JN.1.4.6;2025-02-19;0.0;BA.2.86.x
JN.1.4.6;2025-02-26;0.0;BA.2.86.x
JN.1.4.6;2025-03-05;0.0;BA.2.86.x
JN.1.4.6;2025-03-12;0.0;BA.2.86.x
JN.1.4.6;2025-03-19;0.0;BA.2.86.x
JN.1.4.6;2025-03-26;0.0;BA.2.86.x
JN.1.4.6;2025-04-02;0.0;BA.2.86.x
JN.1.4.6;2025-04-09;0.0;BA.2.86.x
JN.1.4.6;2025-04-16;0.0;BA.2.86.x
JN.1.4.6;2025-04-23;0.0;BA.2.86.x
JN.1.4.6;2025-04-30;0.0;BA.2.86.x
JN.1.4.6;2025-05-07;0.0;BA.2.86.x
JN.1.4.6;2025-05-14;0.0;BA.2.86.x
JN.1.4.6;2025-05-21;0.0;BA.2.86.x
JN.1.4.6;2025-05-28;0.0;BA.2.86.x
JN.1.4.6;2025-06-04;0.0;BA.2.86.x
JN.1.4.6;2025-06-11;0.0;BA.2.86.x
JN.1.4.6;2025-06-18;0.0;BA.2.86.x
JN.1.4.6;2025-06-25;0.0;BA.2.86.x
JN.1.4.6;2025-07-02;0.0;BA.2.86.x
JN.1.4.6;2025-07-09;0.0;BA.2.86.x
JN.1.4.5;2022-09-21;0.0;BA.2.86.x
JN.1.4.5;2022-09-28;0.0;BA.2.86.x
JN.1.4.5;2022-10-05;0.0;BA.2.86.x
JN.1.4.5;2022-10-12;0.0;BA.2.86.x
JN.1.4.5;2022-10-19;0.0;BA.2.86.x
JN.1.4.5;2022-10-26;0.0;BA.2.86.x
JN.1.4.5;2022-11-02;0.0;BA.2.86.x
JN.1.4.5;2022-11-09;0.0;BA.2.86.x
JN.1.4.5;2022-11-16;0.0;BA.2.86.x
JN.1.4.5;2022-11-23;0.0;BA.2.86.x
JN.1.4.5;2022-11-30;0.0;BA.2.86.x
JN.1.4.5;2022-12-07;0.0;BA.2.86.x
JN.1.4.5;2022-12-14;0.0;BA.2.86.x
JN.1.4.5;2022-12-21;0.0;BA.2.86.x
JN.1.4.5;2022-12-28;0.0;BA.2.86.x
JN.1.4.5;2023-01-04;0.0;BA.2.86.x
JN.1.4.5;2023-01-11;0.0;BA.2.86.x
JN.1.4.5;2023-01-18;0.0;BA.2.86.x
JN.1.4.5;2023-01-25;0.0;BA.2.86.x
JN.1.4.5;2023-02-01;0.0;BA.2.86.x
JN.1.4.5;2023-02-08;0.0;BA.2.86.x
JN.1.4.5;2023-02-15;0.0;BA.2.86.x
JN.1.4.5;2023-02-22;0.0;BA.2.86.x
JN.1.4.5;2023-03-01;0.0;BA.2.86.x
JN.1.4.5;2023-03-08;0.0;BA.2.86.x
JN.1.4.5;2023-03-15;0.0;BA.2.86.x
JN.1.4.5;2023-03-22;0.0;BA.2.86.x
JN.1.4.5;2023-03-29;0.0;BA.2.86.x
JN.1.4.5;2023-04-05;0.0;BA.2.86.x
JN.1.4.5;2023-04-12;0.0;BA.2.86.x
JN.1.4.5;2023-04-19;0.0;BA.2.86.x
JN.1.4.5;2023-04-26;0.0;BA.2.86.x
JN.1.4.5;2023-05-03;0.0;BA.2.86.x
JN.1.4.5;2023-05-10;0.0;BA.2.86.x
JN.1.4.5;2023-05-17;0.0;BA.2.86.x
JN.1.4.5;2023-05-24;0.0;BA.2.86.x
JN.1.4.5;2023-05-31;0.0;BA.2.86.x
JN.1.4.5;2023-06-07;0.0;BA.2.86.x
JN.1.4.5;2023-06-14;0.0;BA.2.86.x
JN.1.4.5;2023-06-21;0.0;BA.2.86.x
JN.1.4.5;2023-06-28;0.0;BA.2.86.x
JN.1.4.5;2023-07-05;0.0;BA.2.86.x
JN.1.4.5;2023-07-12;0.0;BA.2.86.x
JN.1.4.5;2023-07-19;0.0;BA.2.86.x
JN.1.4.5;2023-07-26;0.0;BA.2.86.x
JN.1.4.5;2023-08-02;0.0;BA.2.86.x
JN.1.4.5;2023-08-09;0.0;BA.2.86.x
JN.1.4.5;2023-08-16;0.0;BA.2.86.x
JN.1.4.5;2023-08-23;0.0;BA.2.86.x
JN.1.4.5;2023-08-30;0.0;BA.2.86.x
JN.1.4.5;2023-09-06;0.0;BA.2.86.x
JN.1.4.5;2023-09-13;0.0;BA.2.86.x
JN.1.4.5;2023-09-20;0.0;BA.2.86.x
JN.1.4.5;2023-09-27;0.0;BA.2.86.x
JN.1.4.5;2023-10-04;0.0;BA.2.86.x
JN.1.4.5;2023-10-11;0.0;BA.2.86.x
JN.1.4.5;2023-10-18;0.0;BA.2.86.x
JN.1.4.5;2023-10-25;0.001;BA.2.86.x
JN.1.4.5;2023-11-01;0.014;BA.2.86.x
JN.1.4.5;2023-11-08;0.011;BA.2.86.x
JN.1.4.5;2023-11-15;0.008;BA.2.86.x
JN.1.4.5;2023-11-22;0.025;BA.2.86.x
JN.1.4.5;2023-11-29;0.03;BA.2.86.x
JN.1.4.5;2023-12-06;0.04;BA.2.86.x
JN.1.4.5;2023-12-13;0.06;BA.2.86.x
JN.1.4.5;2023-12-20;0.086;BA.2.86.x
JN.1.4.5;2023-12-27;0.098;BA.2.86.x
JN.1.4.5;2024-01-03;0.112;BA.2.86.x
JN.1.4.5;2024-01-10;0.13;BA.2.86.x
JN.1.4.5;2024-01-17;0.078;BA.2.86.x
JN.1.4.5;2024-01-24;0.077;BA.2.86.x
JN.1.4.5;2024-01-31;0.081;BA.2.86.x
JN.1.4.5;2024-02-07;0.01;BA.2.86.x
JN.1.4.5;2024-02-14;0.012;BA.2.86.x
JN.1.4.5;2024-02-21;0.016;BA.2.86.x
JN.1.4.5;2024-02-28;0.002;BA.2.86.x
JN.1.4.5;2024-03-06;0.007;BA.2.86.x
JN.1.4.5;2024-03-13;0.025;BA.2.86.x
JN.1.4.5;2024-03-20;0.052;BA.2.86.x
JN.1.4.5;2024-03-27;0.058;BA.2.86.x
JN.1.4.5;2024-04-03;0.004;BA.2.86.x
JN.1.4.5;2024-04-10;0.004;BA.2.86.x
JN.1.4.5;2024-04-17;0.0;BA.2.86.x
JN.1.4.5;2024-04-24;0.003;BA.2.86.x
JN.1.4.5;2024-05-01;0.002;BA.2.86.x
JN.1.4.5;2024-05-08;0.007;BA.2.86.x
JN.1.4.5;2024-05-15;0.01;BA.2.86.x
JN.1.4.5;2024-05-22;0.005;BA.2.86.x
JN.1.4.5;2024-05-29;0.004;BA.2.86.x
JN.1.4.5;2024-06-05;0.001;BA.2.86.x
JN.1.4.5;2024-06-12;0.0;BA.2.86.x
JN.1.4.5;2024-06-19;0.004;BA.2.86.x
JN.1.4.5;2024-06-26;0.072;BA.2.86.x
JN.1.4.5;2024-07-03;0.0;BA.2.86.x
JN.1.4.5;2024-07-10;0.0;BA.2.86.x
JN.1.4.5;2024-07-17;0.0;BA.2.86.x
JN.1.4.5;2024-07-24;0.0;BA.2.86.x
JN.1.4.5;2024-07-31;0.0;BA.2.86.x
JN.1.4.5;2024-08-07;0.002;BA.2.86.x
JN.1.4.5;2024-08-14;0.002;BA.2.86.x
JN.1.4.5;2024-08-21;0.001;BA.2.86.x
JN.1.4.5;2024-08-28;0.0;BA.2.86.x
JN.1.4.5;2024-09-04;0.001;BA.2.86.x
JN.1.4.5;2024-09-11;0.0;BA.2.86.x
JN.1.4.5;2024-09-18;0.001;BA.2.86.x
JN.1.4.5;2024-09-25;0.0;BA.2.86.x
JN.1.4.5;2024-10-02;0.0;BA.2.86.x
JN.1.4.5;2024-10-09;0.0;BA.2.86.x
JN.1.4.5;2024-10-16;0.0;BA.2.86.x
JN.1.4.5;2024-10-23;0.0;BA.2.86.x
JN.1.4.5;2024-10-30;0.0;BA.2.86.x
JN.1.4.5;2024-11-06;0.0;BA.2.86.x
JN.1.4.5;2024-11-13;0.0;BA.2.86.x
JN.1.4.5;2024-11-20;0.0;BA.2.86.x
JN.1.4.5;2024-11-27;0.001;BA.2.86.x
JN.1.4.5;2024-12-04;0.004;BA.2.86.x
JN.1.4.5;2024-12-11;0.0;BA.2.86.x
JN.1.4.5;2024-12-18;0.001;BA.2.86.x
JN.1.4.5;2024-12-25;0.0;BA.2.86.x
JN.1.4.5;2025-01-01;0.0;BA.2.86.x
JN.1.4.5;2025-01-08;0.0;BA.2.86.x
JN.1.4.5;2025-01-15;0.0;BA.2.86.x
JN.1.4.5;2025-01-22;0.0;BA.2.86.x
JN.1.4.5;2025-01-29;0.0;BA.2.86.x
JN.1.4.5;2025-02-05;0.0;BA.2.86.x
JN.1.4.5;2025-02-12;0.0;BA.2.86.x
JN.1.4.5;2025-02-19;0.0;BA.2.86.x
JN.1.4.5;2025-02-26;0.0;BA.2.86.x
JN.1.4.5;2025-03-05;0.0;BA.2.86.x
JN.1.4.5;2025-03-12;0.0;BA.2.86.x
JN.1.4.5;2025-03-19;0.0;BA.2.86.x
JN.1.4.5;2025-03-26;0.0;BA.2.86.x
JN.1.4.5;2025-04-02;0.0;BA.2.86.x
JN.1.4.5;2025-04-09;0.0;BA.2.86.x
JN.1.4.5;2025-04-16;0.0;BA.2.86.x
JN.1.4.5;2025-04-23;0.0;BA.2.86.x
JN.1.4.5;2025-04-30;0.0;BA.2.86.x
JN.1.4.5;2025-05-07;0.0;BA.2.86.x
JN.1.4.5;2025-05-14;0.0;BA.2.86.x
JN.1.4.5;2025-05-21;0.0;BA.2.86.x
JN.1.4.5;2025-05-28;0.0;BA.2.86.x
JN.1.4.5;2025-06-04;0.0;BA.2.86.x
JN.1.4.5;2025-06-11;0.0;BA.2.86.x
JN.1.4.5;2025-06-18;0.0;BA.2.86.x
JN.1.4.5;2025-06-25;0.0;BA.2.86.x
JN.1.4.5;2025-07-02;0.0;BA.2.86.x
JN.1.4.5;2025-07-09;0.0;BA.2.86.x
JN.1.4;2022-09-21;0.0;BA.2.86.x
JN.1.4;2022-09-28;0.0;BA.2.86.x
JN.1.4;2022-10-05;0.0;BA.2.86.x
JN.1.4;2022-10-12;0.0;BA.2.86.x
JN.1.4;2022-10-19;0.0;BA.2.86.x
JN.1.4;2022-10-26;0.0;BA.2.86.x
JN.1.4;2022-11-02;0.0;BA.2.86.x
JN.1.4;2022-11-09;0.0;BA.2.86.x
JN.1.4;2022-11-16;0.0;BA.2.86.x
JN.1.4;2022-11-23;0.0;BA.2.86.x
JN.1.4;2022-11-30;0.0;BA.2.86.x
JN.1.4;2022-12-07;0.0;BA.2.86.x
JN.1.4;2022-12-14;0.0;BA.2.86.x
JN.1.4;2022-12-21;0.0;BA.2.86.x
JN.1.4;2022-12-28;0.0;BA.2.86.x
JN.1.4;2023-01-04;0.0;BA.2.86.x
JN.1.4;2023-01-11;0.0;BA.2.86.x
JN.1.4;2023-01-18;0.0;BA.2.86.x
JN.1.4;2023-01-25;0.0;BA.2.86.x
JN.1.4;2023-02-01;0.0;BA.2.86.x
JN.1.4;2023-02-08;0.0;BA.2.86.x
JN.1.4;2023-02-15;0.0;BA.2.86.x
JN.1.4;2023-02-22;0.0;BA.2.86.x
JN.1.4;2023-03-01;0.0;BA.2.86.x
JN.1.4;2023-03-08;0.0;BA.2.86.x
JN.1.4;2023-03-15;0.0;BA.2.86.x
JN.1.4;2023-03-22;0.0;BA.2.86.x
JN.1.4;2023-03-29;0.0;BA.2.86.x
JN.1.4;2023-04-05;0.0;BA.2.86.x
JN.1.4;2023-04-12;0.0;BA.2.86.x
JN.1.4;2023-04-19;0.0;BA.2.86.x
JN.1.4;2023-04-26;0.0;BA.2.86.x
JN.1.4;2023-05-03;0.0;BA.2.86.x
JN.1.4;2023-05-10;0.0;BA.2.86.x
JN.1.4;2023-05-17;0.0;BA.2.86.x
JN.1.4;2023-05-24;0.0;BA.2.86.x
JN.1.4;2023-05-31;0.0;BA.2.86.x
JN.1.4;2023-06-07;0.0;BA.2.86.x
JN.1.4;2023-06-14;0.0;BA.2.86.x
JN.1.4;2023-06-21;0.0;BA.2.86.x
JN.1.4;2023-06-28;0.0;BA.2.86.x
JN.1.4;2023-07-05;0.0;BA.2.86.x
JN.1.4;2023-07-12;0.0;BA.2.86.x
JN.1.4;2023-07-19;0.0;BA.2.86.x
JN.1.4;2023-07-26;0.0;BA.2.86.x
JN.1.4;2023-08-02;0.0;BA.2.86.x
JN.1.4;2023-08-09;0.0;BA.2.86.x
JN.1.4;2023-08-16;0.0;BA.2.86.x
JN.1.4;2023-08-23;0.0;BA.2.86.x
JN.1.4;2023-08-30;0.0;BA.2.86.x
JN.1.4;2023-09-06;0.0;BA.2.86.x
JN.1.4;2023-09-13;0.0;BA.2.86.x
JN.1.4;2023-09-20;0.0;BA.2.86.x
JN.1.4;2023-09-27;0.0;BA.2.86.x
JN.1.4;2023-10-04;0.001;BA.2.86.x
JN.1.4;2023-10-11;0.0;BA.2.86.x
JN.1.4;2023-10-18;0.001;BA.2.86.x
JN.1.4;2023-10-25;0.007;BA.2.86.x
JN.1.4;2023-11-01;0.014;BA.2.86.x
JN.1.4;2023-11-08;0.029;BA.2.86.x
JN.1.4;2023-11-15;0.061;BA.2.86.x
JN.1.4;2023-11-22;0.092;BA.2.86.x
JN.1.4;2023-11-29;0.096;BA.2.86.x
JN.1.4;2023-12-06;0.14;BA.2.86.x
JN.1.4;2023-12-13;0.178;BA.2.86.x
JN.1.4;2023-12-20;0.187;BA.2.86.x
JN.1.4;2023-12-27;0.207;BA.2.86.x
JN.1.4;2024-01-03;0.18;BA.2.86.x
JN.1.4;2024-01-10;0.162;BA.2.86.x
JN.1.4;2024-01-17;0.258;BA.2.86.x
JN.1.4;2024-01-24;0.264;BA.2.86.x
JN.1.4;2024-01-31;0.286;BA.2.86.x
JN.1.4;2024-02-07;0.177;BA.2.86.x
JN.1.4;2024-02-14;0.241;BA.2.86.x
JN.1.4;2024-02-21;0.283;BA.2.86.x
JN.1.4;2024-02-28;0.391;BA.2.86.x
JN.1.4;2024-03-06;0.282;BA.2.86.x
JN.1.4;2024-03-13;0.016;BA.2.86.x
JN.1.4;2024-03-20;0.014;BA.2.86.x
JN.1.4;2024-03-27;0.02;BA.2.86.x
JN.1.4;2024-04-03;0.144;BA.2.86.x
JN.1.4;2024-04-10;0.215;BA.2.86.x
JN.1.4;2024-04-17;0.008;BA.2.86.x
JN.1.4;2024-04-24;0.027;BA.2.86.x
JN.1.4;2024-05-01;0.001;BA.2.86.x
JN.1.4;2024-05-08;0.01;BA.2.86.x
JN.1.4;2024-05-15;0.01;BA.2.86.x
JN.1.4;2024-05-22;0.0;BA.2.86.x
JN.1.4;2024-05-29;0.001;BA.2.86.x
JN.1.4;2024-06-05;0.0;BA.2.86.x
JN.1.4;2024-06-12;0.004;BA.2.86.x
JN.1.4;2024-06-19;0.021;BA.2.86.x
JN.1.4;2024-06-26;0.0;BA.2.86.x
JN.1.4;2024-07-03;0.002;BA.2.86.x
JN.1.4;2024-07-10;0.0;BA.2.86.x
JN.1.4;2024-07-17;0.0;BA.2.86.x
JN.1.4;2024-07-24;0.0;BA.2.86.x
JN.1.4;2024-07-31;0.0;BA.2.86.x
JN.1.4;2024-08-07;0.0;BA.2.86.x
JN.1.4;2024-08-14;0.0;BA.2.86.x
JN.1.4;2024-08-21;0.002;BA.2.86.x
JN.1.4;2024-08-28;0.001;BA.2.86.x
JN.1.4;2024-09-04;0.004;BA.2.86.x
JN.1.4;2024-09-11;0.002;BA.2.86.x
JN.1.4;2024-09-18;0.0;BA.2.86.x
JN.1.4;2024-09-25;0.001;BA.2.86.x
JN.1.4;2024-10-02;0.001;BA.2.86.x
JN.1.4;2024-10-09;0.001;BA.2.86.x
JN.1.4;2024-10-16;0.002;BA.2.86.x
JN.1.4;2024-10-23;0.004;BA.2.86.x
JN.1.4;2024-10-30;0.0;BA.2.86.x
JN.1.4;2024-11-06;0.002;BA.2.86.x
JN.1.4;2024-11-13;0.0;BA.2.86.x
JN.1.4;2024-11-20;0.0;BA.2.86.x
JN.1.4;2024-11-27;0.008;BA.2.86.x
JN.1.4;2024-12-04;0.016;BA.2.86.x
JN.1.4;2024-12-11;0.0;BA.2.86.x
JN.1.4;2024-12-18;0.001;BA.2.86.x
JN.1.4;2024-12-25;0.0;BA.2.86.x
JN.1.4;2025-01-01;0.0;BA.2.86.x
JN.1.4;2025-01-08;0.0;BA.2.86.x
JN.1.4;2025-01-15;0.0;BA.2.86.x
JN.1.4;2025-01-22;0.001;BA.2.86.x
JN.1.4;2025-01-29;0.0;BA.2.86.x
JN.1.4;2025-02-05;0.0;BA.2.86.x
JN.1.4;2025-02-12;0.0;BA.2.86.x
JN.1.4;2025-02-19;0.0;BA.2.86.x
JN.1.4;2025-02-26;0.0;BA.2.86.x
JN.1.4;2025-03-05;0.0;BA.2.86.x
JN.1.4;2025-03-12;0.0;BA.2.86.x
JN.1.4;2025-03-19;0.0;BA.2.86.x
JN.1.4;2025-03-26;0.0;BA.2.86.x
JN.1.4;2025-04-02;0.0;BA.2.86.x
JN.1.4;2025-04-09;0.0;BA.2.86.x
JN.1.4;2025-04-16;0.0;BA.2.86.x
JN.1.4;2025-04-23;0.005;BA.2.86.x
JN.1.4;2025-04-30;0.002;BA.2.86.x
JN.1.4;2025-05-07;0.001;BA.2.86.x
JN.1.4;2025-05-14;0.0;BA.2.86.x
JN.1.4;2025-05-21;0.011;BA.2.86.x
JN.1.4;2025-05-28;0.013;BA.2.86.x
JN.1.4;2025-06-04;0.0;BA.2.86.x
JN.1.4;2025-06-11;0.001;BA.2.86.x
JN.1.4;2025-06-18;0.0;BA.2.86.x
JN.1.4;2025-06-25;0.0;BA.2.86.x
JN.1.4;2025-07-02;0.0;BA.2.86.x
JN.1.4;2025-07-09;0.0;BA.2.86.x
JN.1.11;2022-09-21;0.0;BA.2.86.x
JN.1.11;2022-09-28;0.0;BA.2.86.x
JN.1.11;2022-10-05;0.0;BA.2.86.x
JN.1.11;2022-10-12;0.0;BA.2.86.x
JN.1.11;2022-10-19;0.0;BA.2.86.x
JN.1.11;2022-10-26;0.0;BA.2.86.x
JN.1.11;2022-11-02;0.0;BA.2.86.x
JN.1.11;2022-11-09;0.0;BA.2.86.x
JN.1.11;2022-11-16;0.0;BA.2.86.x
JN.1.11;2022-11-23;0.0;BA.2.86.x
JN.1.11;2022-11-30;0.0;BA.2.86.x
JN.1.11;2022-12-07;0.0;BA.2.86.x
JN.1.11;2022-12-14;0.0;BA.2.86.x
JN.1.11;2022-12-21;0.0;BA.2.86.x
JN.1.11;2022-12-28;0.0;BA.2.86.x
JN.1.11;2023-01-04;0.0;BA.2.86.x
JN.1.11;2023-01-11;0.0;BA.2.86.x
JN.1.11;2023-01-18;0.0;BA.2.86.x
JN.1.11;2023-01-25;0.0;BA.2.86.x
JN.1.11;2023-02-01;0.0;BA.2.86.x
JN.1.11;2023-02-08;0.0;BA.2.86.x
JN.1.11;2023-02-15;0.0;BA.2.86.x
JN.1.11;2023-02-22;0.0;BA.2.86.x
JN.1.11;2023-03-01;0.0;BA.2.86.x
JN.1.11;2023-03-08;0.0;BA.2.86.x
JN.1.11;2023-03-15;0.0;BA.2.86.x
JN.1.11;2023-03-22;0.0;BA.2.86.x
JN.1.11;2023-03-29;0.0;BA.2.86.x
JN.1.11;2023-04-05;0.0;BA.2.86.x
JN.1.11;2023-04-12;0.0;BA.2.86.x
JN.1.11;2023-04-19;0.0;BA.2.86.x
JN.1.11;2023-04-26;0.0;BA.2.86.x
JN.1.11;2023-05-03;0.0;BA.2.86.x
JN.1.11;2023-05-10;0.0;BA.2.86.x
JN.1.11;2023-05-17;0.0;BA.2.86.x
JN.1.11;2023-05-24;0.0;BA.2.86.x
JN.1.11;2023-05-31;0.0;BA.2.86.x
JN.1.11;2023-06-07;0.0;BA.2.86.x
JN.1.11;2023-06-14;0.0;BA.2.86.x
JN.1.11;2023-06-21;0.0;BA.2.86.x
JN.1.11;2023-06-28;0.0;BA.2.86.x
JN.1.11;2023-07-05;0.0;BA.2.86.x
JN.1.11;2023-07-12;0.0;BA.2.86.x
JN.1.11;2023-07-19;0.0;BA.2.86.x
JN.1.11;2023-07-26;0.0;BA.2.86.x
JN.1.11;2023-08-02;0.0;BA.2.86.x
JN.1.11;2023-08-09;0.0;BA.2.86.x
JN.1.11;2023-08-16;0.0;BA.2.86.x
JN.1.11;2023-08-23;0.0;BA.2.86.x
JN.1.11;2023-08-30;0.0;BA.2.86.x
JN.1.11;2023-09-06;0.0;BA.2.86.x
JN.1.11;2023-09-13;0.0;BA.2.86.x
JN.1.11;2023-09-20;0.0;BA.2.86.x
JN.1.11;2023-09-27;0.0;BA.2.86.x
JN.1.11;2023-10-04;0.0;BA.2.86.x
JN.1.11;2023-10-11;0.0;BA.2.86.x
JN.1.11;2023-10-18;0.0;BA.2.86.x
JN.1.11;2023-10-25;0.0;BA.2.86.x
JN.1.11;2023-11-01;0.0;BA.2.86.x
JN.1.11;2023-11-08;0.0;BA.2.86.x
JN.1.11;2023-11-15;0.0;BA.2.86.x
JN.1.11;2023-11-22;0.0;BA.2.86.x
JN.1.11;2023-11-29;0.0;BA.2.86.x
JN.1.11;2023-12-06;0.0;BA.2.86.x
JN.1.11;2023-12-13;0.0;BA.2.86.x
JN.1.11;2023-12-20;0.0;BA.2.86.x
JN.1.11;2023-12-27;0.0;BA.2.86.x
JN.1.11;2024-01-03;0.0;BA.2.86.x
JN.1.11;2024-01-10;0.0;BA.2.86.x
JN.1.11;2024-01-17;0.024;BA.2.86.x
JN.1.11;2024-01-24;0.003;BA.2.86.x
JN.1.11;2024-01-31;0.002;BA.2.86.x
JN.1.11;2024-02-07;0.007;BA.2.86.x
JN.1.11;2024-02-14;0.004;BA.2.86.x
JN.1.11;2024-02-21;0.031;BA.2.86.x
JN.1.11;2024-02-28;0.174;BA.2.86.x
JN.1.11;2024-03-06;0.109;BA.2.86.x
JN.1.11;2024-03-13;0.102;BA.2.86.x
JN.1.11;2024-03-20;0.07;BA.2.86.x
JN.1.11;2024-03-27;0.232;BA.2.86.x
JN.1.11;2024-04-03;0.101;BA.2.86.x
JN.1.11;2024-04-10;0.144;BA.2.86.x
JN.1.11;2024-04-17;0.129;BA.2.86.x
JN.1.11;2024-04-24;0.213;BA.2.86.x
JN.1.11;2024-05-01;0.018;BA.2.86.x
JN.1.11;2024-05-08;0.04;BA.2.86.x
JN.1.11;2024-05-15;0.02;BA.2.86.x
JN.1.11;2024-05-22;0.037;BA.2.86.x
JN.1.11;2024-05-29;0.04;BA.2.86.x
JN.1.11;2024-06-05;0.014;BA.2.86.x
JN.1.11;2024-06-12;0.008;BA.2.86.x
JN.1.11;2024-06-19;0.015;BA.2.86.x
JN.1.11;2024-06-26;0.006;BA.2.86.x
JN.1.11;2024-07-03;0.008;BA.2.86.x
JN.1.11;2024-07-10;0.015;BA.2.86.x
JN.1.11;2024-07-17;0.021;BA.2.86.x
JN.1.11;2024-07-24;0.05;BA.2.86.x
JN.1.11;2024-07-31;0.007;BA.2.86.x
JN.1.11;2024-08-07;0.003;BA.2.86.x
JN.1.11;2024-08-14;0.002;BA.2.86.x
JN.1.11;2024-08-21;0.023;BA.2.86.x
JN.1.11;2024-08-28;0.009;BA.2.86.x
JN.1.11;2024-09-04;0.019;BA.2.86.x
JN.1.11;2024-09-11;0.005;BA.2.86.x
JN.1.11;2024-09-18;0.014;BA.2.86.x
JN.1.11;2024-09-25;0.016;BA.2.86.x
JN.1.11;2024-10-02;0.016;BA.2.86.x
JN.1.11;2024-10-09;0.026;BA.2.86.x
JN.1.11;2024-10-16;0.05;BA.2.86.x
JN.1.11;2024-10-23;0.009;BA.2.86.x
JN.1.11;2024-10-30;0.038;BA.2.86.x
JN.1.11;2024-11-06;0.006;BA.2.86.x
JN.1.11;2024-11-13;0.022;BA.2.86.x
JN.1.11;2024-11-20;0.01;BA.2.86.x
JN.1.11;2024-11-27;0.013;BA.2.86.x
JN.1.11;2024-12-04;0.011;BA.2.86.x
JN.1.11;2024-12-11;0.01;BA.2.86.x
JN.1.11;2024-12-18;0.006;BA.2.86.x
JN.1.11;2024-12-25;0.005;BA.2.86.x
JN.1.11;2025-01-01;0.001;BA.2.86.x
JN.1.11;2025-01-08;0.006;BA.2.86.x
JN.1.11;2025-01-15;0.004;BA.2.86.x
JN.1.11;2025-01-22;0.002;BA.2.86.x
JN.1.11;2025-01-29;0.022;BA.2.86.x
JN.1.11;2025-02-05;0.003;BA.2.86.x
JN.1.11;2025-02-12;0.001;BA.2.86.x
JN.1.11;2025-02-19;0.001;BA.2.86.x
JN.1.11;2025-02-26;0.006;BA.2.86.x
JN.1.11;2025-03-05;0.007;BA.2.86.x
JN.1.11;2025-03-12;0.001;BA.2.86.x
JN.1.11;2025-03-19;0.005;BA.2.86.x
JN.1.11;2025-03-26;0.004;BA.2.86.x
JN.1.11;2025-04-02;0.007;BA.2.86.x
JN.1.11;2025-04-09;0.008;BA.2.86.x
JN.1.11;2025-04-16;0.015;BA.2.86.x
JN.1.11;2025-04-23;0.001;BA.2.86.x
JN.1.11;2025-04-30;0.002;BA.2.86.x
JN.1.11;2025-05-07;0.003;BA.2.86.x
JN.1.11;2025-05-14;0.025;BA.2.86.x
JN.1.11;2025-05-21;0.033;BA.2.86.x
JN.1.11;2025-05-28;0.006;BA.2.86.x
JN.1.11;2025-06-04;0.009;BA.2.86.x
JN.1.11;2025-06-11;0.008;BA.2.86.x
JN.1.11;2025-06-18;0.006;BA.2.86.x
JN.1.11;2025-06-25;0.054;BA.2.86.x
JN.1.11;2025-07-02;0.01;BA.2.86.x
JN.1.11;2025-07-09;0.078;BA.2.86.x
JN.1.1;2022-09-21;0.0;BA.2.86.x
JN.1.1;2022-09-28;0.0;BA.2.86.x
JN.1.1;2022-10-05;0.0;BA.2.86.x
JN.1.1;2022-10-12;0.0;BA.2.86.x
JN.1.1;2022-10-19;0.0;BA.2.86.x
JN.1.1;2022-10-26;0.0;BA.2.86.x
JN.1.1;2022-11-02;0.0;BA.2.86.x
JN.1.1;2022-11-09;0.0;BA.2.86.x
JN.1.1;2022-11-16;0.0;BA.2.86.x
JN.1.1;2022-11-23;0.0;BA.2.86.x
JN.1.1;2022-11-30;0.0;BA.2.86.x
JN.1.1;2022-12-07;0.0;BA.2.86.x
JN.1.1;2022-12-14;0.0;BA.2.86.x
JN.1.1;2022-12-21;0.0;BA.2.86.x
JN.1.1;2022-12-28;0.0;BA.2.86.x
JN.1.1;2023-01-04;0.0;BA.2.86.x
JN.1.1;2023-01-11;0.0;BA.2.86.x
JN.1.1;2023-01-18;0.0;BA.2.86.x
JN.1.1;2023-01-25;0.0;BA.2.86.x
JN.1.1;2023-02-01;0.0;BA.2.86.x
JN.1.1;2023-02-08;0.0;BA.2.86.x
JN.1.1;2023-02-15;0.0;BA.2.86.x
JN.1.1;2023-02-22;0.0;BA.2.86.x
JN.1.1;2023-03-01;0.0;BA.2.86.x
JN.1.1;2023-03-08;0.0;BA.2.86.x
JN.1.1;2023-03-15;0.0;BA.2.86.x
JN.1.1;2023-03-22;0.0;BA.2.86.x
JN.1.1;2023-03-29;0.0;BA.2.86.x
JN.1.1;2023-04-05;0.0;BA.2.86.x
JN.1.1;2023-04-12;0.0;BA.2.86.x
JN.1.1;2023-04-19;0.0;BA.2.86.x
JN.1.1;2023-04-26;0.0;BA.2.86.x
JN.1.1;2023-05-03;0.0;BA.2.86.x
JN.1.1;2023-05-10;0.0;BA.2.86.x
JN.1.1;2023-05-17;0.0;BA.2.86.x
JN.1.1;2023-05-24;0.0;BA.2.86.x
JN.1.1;2023-05-31;0.0;BA.2.86.x
JN.1.1;2023-06-07;0.0;BA.2.86.x
JN.1.1;2023-06-14;0.0;BA.2.86.x
JN.1.1;2023-06-21;0.0;BA.2.86.x
JN.1.1;2023-06-28;0.0;BA.2.86.x
JN.1.1;2023-07-05;0.0;BA.2.86.x
JN.1.1;2023-07-12;0.0;BA.2.86.x
JN.1.1;2023-07-19;0.0;BA.2.86.x
JN.1.1;2023-07-26;0.0;BA.2.86.x
JN.1.1;2023-08-02;0.0;BA.2.86.x
JN.1.1;2023-08-09;0.0;BA.2.86.x
JN.1.1;2023-08-16;0.0;BA.2.86.x
JN.1.1;2023-08-23;0.0;BA.2.86.x
JN.1.1;2023-08-30;0.0;BA.2.86.x
JN.1.1;2023-09-06;0.0;BA.2.86.x
JN.1.1;2023-09-13;0.0;BA.2.86.x
JN.1.1;2023-09-20;0.0;BA.2.86.x
JN.1.1;2023-09-27;0.0;BA.2.86.x
JN.1.1;2023-10-04;0.0;BA.2.86.x
JN.1.1;2023-10-11;0.008;BA.2.86.x
JN.1.1;2023-10-18;0.003;BA.2.86.x
JN.1.1;2023-10-25;0.032;BA.2.86.x
JN.1.1;2023-11-01;0.028;BA.2.86.x
JN.1.1;2023-11-08;0.052;BA.2.86.x
JN.1.1;2023-11-15;0.06;BA.2.86.x
JN.1.1;2023-11-22;0.069;BA.2.86.x
JN.1.1;2023-11-29;0.077;BA.2.86.x
JN.1.1;2023-12-06;0.098;BA.2.86.x
JN.1.1;2023-12-13;0.118;BA.2.86.x
JN.1.1;2023-12-20;0.137;BA.2.86.x
JN.1.1;2023-12-27;0.125;BA.2.86.x
JN.1.1;2024-01-03;0.149;BA.2.86.x
JN.1.1;2024-01-10;0.177;BA.2.86.x
JN.1.1;2024-01-17;0.152;BA.2.86.x
JN.1.1;2024-01-24;0.151;BA.2.86.x
JN.1.1;2024-01-31;0.145;BA.2.86.x
JN.1.1;2024-02-07;0.023;BA.2.86.x
JN.1.1;2024-02-14;0.055;BA.2.86.x
JN.1.1;2024-02-21;0.098;BA.2.86.x
JN.1.1;2024-02-28;0.046;BA.2.86.x
JN.1.1;2024-03-06;0.023;BA.2.86.x
JN.1.1;2024-03-13;0.058;BA.2.86.x
JN.1.1;2024-03-20;0.125;BA.2.86.x
JN.1.1;2024-03-27;0.033;BA.2.86.x
JN.1.1;2024-04-03;0.084;BA.2.86.x
JN.1.1;2024-04-10;0.009;BA.2.86.x
JN.1.1;2024-04-17;0.026;BA.2.86.x
JN.1.1;2024-04-24;0.041;BA.2.86.x
JN.1.1;2024-05-01;0.053;BA.2.86.x
JN.1.1;2024-05-08;0.052;BA.2.86.x
JN.1.1;2024-05-15;0.081;BA.2.86.x
JN.1.1;2024-05-22;0.048;BA.2.86.x
JN.1.1;2024-05-29;0.026;BA.2.86.x
JN.1.1;2024-06-05;0.028;BA.2.86.x
JN.1.1;2024-06-12;0.002;BA.2.86.x
JN.1.1;2024-06-19;0.022;BA.2.86.x
JN.1.1;2024-06-26;0.016;BA.2.86.x
JN.1.1;2024-07-03;0.012;BA.2.86.x
JN.1.1;2024-07-10;0.004;BA.2.86.x
JN.1.1;2024-07-17;0.011;BA.2.86.x
JN.1.1;2024-07-24;0.011;BA.2.86.x
JN.1.1;2024-07-31;0.006;BA.2.86.x
JN.1.1;2024-08-07;0.004;BA.2.86.x
JN.1.1;2024-08-14;0.003;BA.2.86.x
JN.1.1;2024-08-21;0.007;BA.2.86.x
JN.1.1;2024-08-28;0.003;BA.2.86.x
JN.1.1;2024-09-04;0.007;BA.2.86.x
JN.1.1;2024-09-11;0.003;BA.2.86.x
JN.1.1;2024-09-18;0.002;BA.2.86.x
JN.1.1;2024-09-25;0.003;BA.2.86.x
JN.1.1;2024-10-02;0.002;BA.2.86.x
JN.1.1;2024-10-09;0.001;BA.2.86.x
JN.1.1;2024-10-16;0.001;BA.2.86.x
JN.1.1;2024-10-23;0.005;BA.2.86.x
JN.1.1;2024-10-30;0.003;BA.2.86.x
JN.1.1;2024-11-06;0.005;BA.2.86.x
JN.1.1;2024-11-13;0.003;BA.2.86.x
JN.1.1;2024-11-20;0.003;BA.2.86.x
JN.1.1;2024-11-27;0.011;BA.2.86.x
JN.1.1;2024-12-04;0.017;BA.2.86.x
JN.1.1;2024-12-11;0.003;BA.2.86.x
JN.1.1;2024-12-18;0.009;BA.2.86.x
JN.1.1;2024-12-25;0.008;BA.2.86.x
JN.1.1;2025-01-01;0.002;BA.2.86.x
JN.1.1;2025-01-08;0.004;BA.2.86.x
JN.1.1;2025-01-15;0.003;BA.2.86.x
JN.1.1;2025-01-22;0.007;BA.2.86.x
JN.1.1;2025-01-29;0.02;BA.2.86.x
JN.1.1;2025-02-05;0.005;BA.2.86.x
JN.1.1;2025-02-12;0.003;BA.2.86.x
JN.1.1;2025-02-19;0.003;BA.2.86.x
JN.1.1;2025-02-26;0.014;BA.2.86.x
JN.1.1;2025-03-05;0.01;BA.2.86.x
JN.1.1;2025-03-12;0.046;BA.2.86.x
JN.1.1;2025-03-19;0.005;BA.2.86.x
JN.1.1;2025-03-26;0.041;BA.2.86.x
JN.1.1;2025-04-02;0.008;BA.2.86.x
JN.1.1;2025-04-09;0.07;BA.2.86.x
JN.1.1;2025-04-16;0.03;BA.2.86.x
JN.1.1;2025-04-23;0.012;BA.2.86.x
JN.1.1;2025-04-30;0.003;BA.2.86.x
JN.1.1;2025-05-07;0.005;BA.2.86.x
JN.1.1;2025-05-14;0.009;BA.2.86.x
JN.1.1;2025-05-21;0.02;BA.2.86.x
JN.1.1;2025-05-28;0.011;BA.2.86.x
JN.1.1;2025-06-04;0.007;BA.2.86.x
JN.1.1;2025-06-11;0.004;BA.2.86.x
JN.1.1;2025-06-18;0.008;BA.2.86.x
JN.1.1;2025-06-25;0.026;BA.2.86.x
JN.1.1;2025-07-02;0.032;BA.2.86.x
JN.1.1;2025-07-09;0.002;BA.2.86.x
JN.1;2022-09-21;0.0;BA.2.86.x
JN.1;2022-09-28;0.0;BA.2.86.x
JN.1;2022-10-05;0.0;BA.2.86.x
JN.1;2022-10-12;0.0;BA.2.86.x
JN.1;2022-10-19;0.0;BA.2.86.x
JN.1;2022-10-26;0.0;BA.2.86.x
JN.1;2022-11-02;0.0;BA.2.86.x
JN.1;2022-11-09;0.0;BA.2.86.x
JN.1;2022-11-16;0.0;BA.2.86.x
JN.1;2022-11-23;0.0;BA.2.86.x
JN.1;2022-11-30;0.0;BA.2.86.x
JN.1;2022-12-07;0.0;BA.2.86.x
JN.1;2022-12-14;0.0;BA.2.86.x
JN.1;2022-12-21;0.0;BA.2.86.x
JN.1;2022-12-28;0.0;BA.2.86.x
JN.1;2023-01-04;0.0;BA.2.86.x
JN.1;2023-01-11;0.0;BA.2.86.x
JN.1;2023-01-18;0.0;BA.2.86.x
JN.1;2023-01-25;0.0;BA.2.86.x
JN.1;2023-02-01;0.0;BA.2.86.x
JN.1;2023-02-08;0.0;BA.2.86.x
JN.1;2023-02-15;0.0;BA.2.86.x
JN.1;2023-02-22;0.0;BA.2.86.x
JN.1;2023-03-01;0.0;BA.2.86.x
JN.1;2023-03-08;0.0;BA.2.86.x
JN.1;2023-03-15;0.0;BA.2.86.x
JN.1;2023-03-22;0.0;BA.2.86.x
JN.1;2023-03-29;0.0;BA.2.86.x
JN.1;2023-04-05;0.0;BA.2.86.x
JN.1;2023-04-12;0.0;BA.2.86.x
JN.1;2023-04-19;0.0;BA.2.86.x
JN.1;2023-04-26;0.0;BA.2.86.x
JN.1;2023-05-03;0.0;BA.2.86.x
JN.1;2023-05-10;0.0;BA.2.86.x
JN.1;2023-05-17;0.0;BA.2.86.x
JN.1;2023-05-24;0.0;BA.2.86.x
JN.1;2023-05-31;0.0;BA.2.86.x
JN.1;2023-06-07;0.0;BA.2.86.x
JN.1;2023-06-14;0.0;BA.2.86.x
JN.1;2023-06-21;0.0;BA.2.86.x
JN.1;2023-06-28;0.0;BA.2.86.x
JN.1;2023-07-05;0.0;BA.2.86.x
JN.1;2023-07-12;0.0;BA.2.86.x
JN.1;2023-07-19;0.0;BA.2.86.x
JN.1;2023-07-26;0.0;BA.2.86.x
JN.1;2023-08-02;0.0;BA.2.86.x
JN.1;2023-08-09;0.0;BA.2.86.x
JN.1;2023-08-16;0.0;BA.2.86.x
JN.1;2023-08-23;0.0;BA.2.86.x
JN.1;2023-08-30;0.0;BA.2.86.x
JN.1;2023-09-06;0.0;BA.2.86.x
JN.1;2023-09-13;0.0;BA.2.86.x
JN.1;2023-09-20;0.0;BA.2.86.x
JN.1;2023-09-27;0.0;BA.2.86.x
JN.1;2023-10-04;0.0;BA.2.86.x
JN.1;2023-10-11;0.012;BA.2.86.x
JN.1;2023-10-18;0.005;BA.2.86.x
JN.1;2023-10-25;0.006;BA.2.86.x
JN.1;2023-11-01;0.024;BA.2.86.x
JN.1;2023-11-08;0.033;BA.2.86.x
JN.1;2023-11-15;0.044;BA.2.86.x
JN.1;2023-11-22;0.065;BA.2.86.x
JN.1;2023-11-29;0.102;BA.2.86.x
JN.1;2023-12-06;0.117;BA.2.86.x
JN.1;2023-12-13;0.085;BA.2.86.x
JN.1;2023-12-20;0.094;BA.2.86.x
JN.1;2023-12-27;0.144;BA.2.86.x
JN.1;2024-01-03;0.138;BA.2.86.x
JN.1;2024-01-10;0.185;BA.2.86.x
JN.1;2024-01-17;0.225;BA.2.86.x
JN.1;2024-01-24;0.266;BA.2.86.x
JN.1;2024-01-31;0.214;BA.2.86.x
JN.1;2024-02-07;0.55;BA.2.86.x
JN.1;2024-02-14;0.514;BA.2.86.x
JN.1;2024-02-21;0.402;BA.2.86.x
JN.1;2024-02-28;0.181;BA.2.86.x
JN.1;2024-03-06;0.42;BA.2.86.x
JN.1;2024-03-13;0.494;BA.2.86.x
JN.1;2024-03-20;0.206;BA.2.86.x
JN.1;2024-03-27;0.325;BA.2.86.x
JN.1;2024-04-03;0.282;BA.2.86.x
JN.1;2024-04-10;0.039;BA.2.86.x
JN.1;2024-04-17;0.021;BA.2.86.x
JN.1;2024-04-24;0.096;BA.2.86.x
JN.1;2024-05-01;0.134;BA.2.86.x
JN.1;2024-05-08;0.095;BA.2.86.x
JN.1;2024-05-15;0.013;BA.2.86.x
JN.1;2024-05-22;0.039;BA.2.86.x
JN.1;2024-05-29;0.023;BA.2.86.x
JN.1;2024-06-05;0.056;BA.2.86.x
JN.1;2024-06-12;0.005;BA.2.86.x
JN.1;2024-06-19;0.025;BA.2.86.x
JN.1;2024-06-26;0.021;BA.2.86.x
JN.1;2024-07-03;0.045;BA.2.86.x
JN.1;2024-07-10;0.011;BA.2.86.x
JN.1;2024-07-17;0.041;BA.2.86.x
JN.1;2024-07-24;0.02;BA.2.86.x
JN.1;2024-07-31;0.037;BA.2.86.x
JN.1;2024-08-07;0.006;BA.2.86.x
JN.1;2024-08-14;0.001;BA.2.86.x
JN.1;2024-08-21;0.002;BA.2.86.x
JN.1;2024-08-28;0.001;BA.2.86.x
JN.1;2024-09-04;0.032;BA.2.86.x
JN.1;2024-09-11;0.002;BA.2.86.x
JN.1;2024-09-18;0.002;BA.2.86.x
JN.1;2024-09-25;0.017;BA.2.86.x
JN.1;2024-10-02;0.018;BA.2.86.x
JN.1;2024-10-09;0.018;BA.2.86.x
JN.1;2024-10-16;0.003;BA.2.86.x
JN.1;2024-10-23;0.008;BA.2.86.x
JN.1;2024-10-30;0.001;BA.2.86.x
JN.1;2024-11-06;0.001;BA.2.86.x
JN.1;2024-11-13;0.002;BA.2.86.x
JN.1;2024-11-20;0.003;BA.2.86.x
JN.1;2024-11-27;0.009;BA.2.86.x
JN.1;2024-12-04;0.013;BA.2.86.x
JN.1;2024-12-11;0.0;BA.2.86.x
JN.1;2024-12-18;0.002;BA.2.86.x
JN.1;2024-12-25;0.003;BA.2.86.x
JN.1;2025-01-01;0.0;BA.2.86.x
JN.1;2025-01-08;0.0;BA.2.86.x
JN.1;2025-01-15;0.0;BA.2.86.x
JN.1;2025-01-22;0.0;BA.2.86.x
JN.1;2025-01-29;0.016;BA.2.86.x
JN.1;2025-02-05;0.0;BA.2.86.x
JN.1;2025-02-12;0.001;BA.2.86.x
JN.1;2025-02-19;0.0;BA.2.86.x
JN.1;2025-02-26;0.0;BA.2.86.x
JN.1;2025-03-05;0.003;BA.2.86.x
JN.1;2025-03-12;0.0;BA.2.86.x
JN.1;2025-03-19;0.002;BA.2.86.x
JN.1;2025-03-26;0.0;BA.2.86.x
JN.1;2025-04-02;0.001;BA.2.86.x
JN.1;2025-04-09;0.002;BA.2.86.x
JN.1;2025-04-16;0.001;BA.2.86.x
JN.1;2025-04-23;0.007;BA.2.86.x
JN.1;2025-04-30;0.0;BA.2.86.x
JN.1;2025-05-07;0.003;BA.2.86.x
JN.1;2025-05-14;0.0;BA.2.86.x
JN.1;2025-05-21;0.005;BA.2.86.x
JN.1;2025-05-28;0.024;BA.2.86.x
JN.1;2025-06-04;0.001;BA.2.86.x
JN.1;2025-06-11;0.0;BA.2.86.x
JN.1;2025-06-18;0.002;BA.2.86.x
JN.1;2025-06-25;0.011;BA.2.86.x
JN.1;2025-07-02;0.004;BA.2.86.x
JN.1;2025-07-09;0.003;BA.2.86.x
DV.7.1;2022-09-21;0.0;BA.2.x
DV.7.1;2022-09-28;0.0;BA.2.x
DV.7.1;2022-10-05;0.0;BA.2.x
DV.7.1;2022-10-12;0.0;BA.2.x
DV.7.1;2022-10-19;0.0;BA.2.x
DV.7.1;2022-10-26;0.0;BA.2.x
DV.7.1;2022-11-02;0.0;BA.2.x
DV.7.1;2022-11-09;0.0;BA.2.x
DV.7.1;2022-11-16;0.0;BA.2.x
DV.7.1;2022-11-23;0.0;BA.2.x
DV.7.1;2022-11-30;0.0;BA.2.x
DV.7.1;2022-12-07;0.0;BA.2.x
DV.7.1;2022-12-14;0.0;BA.2.x
DV.7.1;2022-12-21;0.0;BA.2.x
DV.7.1;2022-12-28;0.001;BA.2.x
DV.7.1;2023-01-04;0.0;BA.2.x
DV.7.1;2023-01-11;0.0;BA.2.x
DV.7.1;2023-01-18;0.0;BA.2.x
DV.7.1;2023-01-25;0.0;BA.2.x
DV.7.1;2023-02-01;0.004;BA.2.x
DV.7.1;2023-02-08;0.004;BA.2.x
DV.7.1;2023-02-15;0.011;BA.2.x
DV.7.1;2023-02-22;0.006;BA.2.x
DV.7.1;2023-03-01;0.001;BA.2.x
DV.7.1;2023-03-08;0.0;BA.2.x
DV.7.1;2023-03-15;0.0;BA.2.x
DV.7.1;2023-03-22;0.03;BA.2.x
DV.7.1;2023-03-29;0.005;BA.2.x
DV.7.1;2023-04-05;0.005;BA.2.x
DV.7.1;2023-04-12;0.003;BA.2.x
DV.7.1;2023-04-19;0.005;BA.2.x
DV.7.1;2023-04-26;0.0;BA.2.x
DV.7.1;2023-05-03;0.001;BA.2.x
DV.7.1;2023-05-10;0.0;BA.2.x
DV.7.1;2023-05-17;0.0;BA.2.x
DV.7.1;2023-05-24;0.0;BA.2.x
DV.7.1;2023-05-31;0.0;BA.2.x
DV.7.1;2023-06-07;0.0;BA.2.x
DV.7.1;2023-06-14;0.0;BA.2.x
DV.7.1;2023-06-21;0.0;BA.2.x
DV.7.1;2023-06-28;0.0;BA.2.x
DV.7.1;2023-07-05;0.0;BA.2.x
DV.7.1;2023-07-12;0.0;BA.2.x
DV.7.1;2023-07-19;0.0;BA.2.x
DV.7.1;2023-07-26;0.0;BA.2.x
DV.7.1;2023-08-02;0.0;BA.2.x
DV.7.1;2023-08-09;0.0;BA.2.x
DV.7.1;2023-08-16;0.002;BA.2.x
DV.7.1;2023-08-23;0.015;BA.2.x
DV.7.1;2023-08-30;0.002;BA.2.x
DV.7.1;2023-09-06;0.004;BA.2.x
DV.7.1;2023-09-13;0.003;BA.2.x
DV.7.1;2023-09-20;0.004;BA.2.x
DV.7.1;2023-09-27;0.005;BA.2.x
DV.7.1;2023-10-04;0.005;BA.2.x
DV.7.1;2023-10-11;0.009;BA.2.x
DV.7.1;2023-10-18;0.003;BA.2.x
DV.7.1;2023-10-25;0.003;BA.2.x
DV.7.1;2023-11-01;0.003;BA.2.x
DV.7.1;2023-11-08;0.004;BA.2.x
DV.7.1;2023-11-15;0.005;BA.2.x
DV.7.1;2023-11-22;0.006;BA.2.x
DV.7.1;2023-11-29;0.005;BA.2.x
DV.7.1;2023-12-06;0.003;BA.2.x
DV.7.1;2023-12-13;0.001;BA.2.x
DV.7.1;2023-12-20;0.0;BA.2.x
DV.7.1;2023-12-27;0.0;BA.2.x
DV.7.1;2024-01-03;0.0;BA.2.x
DV.7.1;2024-01-10;0.0;BA.2.x
DV.7.1;2024-01-17;0.0;BA.2.x
DV.7.1;2024-01-24;0.0;BA.2.x
DV.7.1;2024-01-31;0.0;BA.2.x
DV.7.1;2024-02-07;0.0;BA.2.x
DV.7.1;2024-02-14;0.0;BA.2.x
DV.7.1;2024-02-21;0.0;BA.2.x
DV.7.1;2024-02-28;0.0;BA.2.x
DV.7.1;2024-03-06;0.0;BA.2.x
DV.7.1;2024-03-13;0.0;BA.2.x
DV.7.1;2024-03-20;0.0;BA.2.x
DV.7.1;2024-03-27;0.0;BA.2.x
DV.7.1;2024-04-03;0.0;BA.2.x
DV.7.1;2024-04-10;0.0;BA.2.x
DV.7.1;2024-04-17;0.0;BA.2.x
DV.7.1;2024-04-24;0.0;BA.2.x
DV.7.1;2024-05-01;0.0;BA.2.x
DV.7.1;2024-05-08;0.0;BA.2.x
DV.7.1;2024-05-15;0.0;BA.2.x
DV.7.1;2024-05-22;0.0;BA.2.x
DV.7.1;2024-05-29;0.0;BA.2.x
DV.7.1;2024-06-05;0.0;BA.2.x
DV.7.1;2024-06-12;0.0;BA.2.x
DV.7.1;2024-06-19;0.0;BA.2.x
DV.7.1;2024-06-26;0.0;BA.2.x
DV.7.1;2024-07-03;0.0;BA.2.x
DV.7.1;2024-07-10;0.0;BA.2.x
DV.7.1;2024-07-17;0.0;BA.2.x
DV.7.1;2024-07-24;0.0;BA.2.x
DV.7.1;2024-07-31;0.0;BA.2.x
DV.7.1;2024-08-07;0.0;BA.2.x
DV.7.1;2024-08-14;0.0;BA.2.x
DV.7.1;2024-08-21;0.0;BA.2.x
DV.7.1;2024-08-28;0.0;BA.2.x
DV.7.1;2024-09-04;0.0;BA.2.x
DV.7.1;2024-09-11;0.0;BA.2.x
DV.7.1;2024-09-18;0.0;BA.2.x
DV.7.1;2024-09-25;0.0;BA.2.x
DV.7.1;2024-10-02;0.0;BA.2.x
DV.7.1;2024-10-09;0.0;BA.2.x
DV.7.1;2024-10-16;0.0;BA.2.x
DV.7.1;2024-10-23;0.0;BA.2.x
DV.7.1;2024-10-30;0.0;BA.2.x
DV.7.1;2024-11-06;0.0;BA.2.x
DV.7.1;2024-11-13;0.0;BA.2.x
DV.7.1;2024-11-20;0.0;BA.2.x
DV.7.1;2024-11-27;0.0;BA.2.x
DV.7.1;2024-12-04;0.0;BA.2.x
DV.7.1;2024-12-11;0.0;BA.2.x
DV.7.1;2024-12-18;0.0;BA.2.x
DV.7.1;2024-12-25;0.0;BA.2.x
DV.7.1;2025-01-01;0.0;BA.2.x
DV.7.1;2025-01-08;0.0;BA.2.x
DV.7.1;2025-01-15;0.0;BA.2.x
DV.7.1;2025-01-22;0.0;BA.2.x
DV.7.1;2025-01-29;0.0;BA.2.x
DV.7.1;2025-02-05;0.0;BA.2.x
DV.7.1;2025-02-12;0.0;BA.2.x
DV.7.1;2025-02-19;0.0;BA.2.x
DV.7.1;2025-02-26;0.0;BA.2.x
DV.7.1;2025-03-05;0.0;BA.2.x
DV.7.1;2025-03-12;0.0;BA.2.x
DV.7.1;2025-03-19;0.0;BA.2.x
DV.7.1;2025-03-26;0.0;BA.2.x
DV.7.1;2025-04-02;0.0;BA.2.x
DV.7.1;2025-04-09;0.0;BA.2.x
DV.7.1;2025-04-16;0.0;BA.2.x
DV.7.1;2025-04-23;0.0;BA.2.x
DV.7.1;2025-04-30;0.0;BA.2.x
DV.7.1;2025-05-07;0.0;BA.2.x
DV.7.1;2025-05-14;0.0;BA.2.x
DV.7.1;2025-05-21;0.0;BA.2.x
DV.7.1;2025-05-28;0.0;BA.2.x
DV.7.1;2025-06-04;0.0;BA.2.x
DV.7.1;2025-06-11;0.0;BA.2.x
DV.7.1;2025-06-18;0.0;BA.2.x
DV.7.1;2025-06-25;0.0;BA.2.x
DV.7.1;2025-07-02;0.0;BA.2.x
DV.7.1;2025-07-09;0.0;BA.2.x
CH.1.1;2022-09-21;0.012;BA.2.x
CH.1.1;2022-09-28;0.003;BA.2.x
CH.1.1;2022-10-05;0.002;BA.2.x
CH.1.1;2022-10-12;0.0;BA.2.x
CH.1.1;2022-10-19;0.002;BA.2.x
CH.1.1;2022-10-26;0.002;BA.2.x
CH.1.1;2022-11-02;0.02;BA.2.x
CH.1.1;2022-11-09;0.02;BA.2.x
CH.1.1;2022-11-16;0.028;BA.2.x
CH.1.1;2022-11-23;0.047;BA.2.x
CH.1.1;2022-11-30;0.042;BA.2.x
CH.1.1;2022-12-07;0.043;BA.2.x
CH.1.1;2022-12-14;0.053;BA.2.x
CH.1.1;2022-12-21;0.047;BA.2.x
CH.1.1;2022-12-28;0.072;BA.2.x
CH.1.1;2023-01-04;0.089;BA.2.x
CH.1.1;2023-01-11;0.066;BA.2.x
CH.1.1;2023-01-18;0.129;BA.2.x
CH.1.1;2023-01-25;0.128;BA.2.x
CH.1.1;2023-02-01;0.108;BA.2.x
CH.1.1;2023-02-08;0.112;BA.2.x
CH.1.1;2023-02-15;0.11;BA.2.x
CH.1.1;2023-02-22;0.105;BA.2.x
CH.1.1;2023-03-01;0.104;BA.2.x
CH.1.1;2023-03-08;0.093;BA.2.x
CH.1.1;2023-03-15;0.083;BA.2.x
CH.1.1;2023-03-22;0.044;BA.2.x
CH.1.1;2023-03-29;0.057;BA.2.x
CH.1.1;2023-04-05;0.067;BA.2.x
CH.1.1;2023-04-12;0.087;BA.2.x
CH.1.1;2023-04-19;0.07;BA.2.x
CH.1.1;2023-04-26;0.07;BA.2.x
CH.1.1;2023-05-03;0.053;BA.2.x
CH.1.1;2023-05-10;0.046;BA.2.x
CH.1.1;2023-05-17;0.044;BA.2.x
CH.1.1;2023-05-24;0.037;BA.2.x
CH.1.1;2023-05-31;0.029;BA.2.x
CH.1.1;2023-06-07;0.008;BA.2.x
CH.1.1;2023-06-14;0.005;BA.2.x
CH.1.1;2023-06-21;0.008;BA.2.x
CH.1.1;2023-06-28;0.006;BA.2.x
CH.1.1;2023-07-05;0.001;BA.2.x
CH.1.1;2023-07-12;0.001;BA.2.x
CH.1.1;2023-07-19;0.0;BA.2.x
CH.1.1;2023-07-26;0.0;BA.2.x
CH.1.1;2023-08-02;0.0;BA.2.x
CH.1.1;2023-08-09;0.001;BA.2.x
CH.1.1;2023-08-16;0.026;BA.2.x
CH.1.1;2023-08-23;0.046;BA.2.x
CH.1.1;2023-08-30;0.006;BA.2.x
CH.1.1;2023-09-06;0.004;BA.2.x
CH.1.1;2023-09-13;0.002;BA.2.x
CH.1.1;2023-09-20;0.004;BA.2.x
CH.1.1;2023-09-27;0.024;BA.2.x
CH.1.1;2023-10-04;0.009;BA.2.x
CH.1.1;2023-10-11;0.003;BA.2.x
CH.1.1;2023-10-18;0.019;BA.2.x
CH.1.1;2023-10-25;0.004;BA.2.x
CH.1.1;2023-11-01;0.007;BA.2.x
CH.1.1;2023-11-08;0.007;BA.2.x
CH.1.1;2023-11-15;0.003;BA.2.x
CH.1.1;2023-11-22;0.002;BA.2.x
CH.1.1;2023-11-29;0.005;BA.2.x
CH.1.1;2023-12-06;0.004;BA.2.x
CH.1.1;2023-12-13;0.003;BA.2.x
CH.1.1;2023-12-20;0.001;BA.2.x
CH.1.1;2023-12-27;0.0;BA.2.x
CH.1.1;2024-01-03;0.0;BA.2.x
CH.1.1;2024-01-10;0.0;BA.2.x
CH.1.1;2024-01-17;0.0;BA.2.x
CH.1.1;2024-01-24;0.0;BA.2.x
CH.1.1;2024-01-31;0.0;BA.2.x
CH.1.1;2024-02-07;0.0;BA.2.x
CH.1.1;2024-02-14;0.0;BA.2.x
CH.1.1;2024-02-21;0.0;BA.2.x
CH.1.1;2024-02-28;0.0;BA.2.x
CH.1.1;2024-03-06;0.0;BA.2.x
CH.1.1;2024-03-13;0.0;BA.2.x
CH.1.1;2024-03-20;0.0;BA.2.x
CH.1.1;2024-03-27;0.0;BA.2.x
CH.1.1;2024-04-03;0.0;BA.2.x
CH.1.1;2024-04-10;0.0;BA.2.x
CH.1.1;2024-04-17;0.0;BA.2.x
CH.1.1;2024-04-24;0.0;BA.2.x
CH.1.1;2024-05-01;0.0;BA.2.x
CH.1.1;2024-05-08;0.0;BA.2.x
CH.1.1;2024-05-15;0.0;BA.2.x
CH.1.1;2024-05-22;0.0;BA.2.x
CH.1.1;2024-05-29;0.0;BA.2.x
CH.1.1;2024-06-05;0.0;BA.2.x
CH.1.1;2024-06-12;0.0;BA.2.x
CH.1.1;2024-06-19;0.0;BA.2.x
CH.1.1;2024-06-26;0.0;BA.2.x
CH.1.1;2024-07-03;0.0;BA.2.x
CH.1.1;2024-07-10;0.0;BA.2.x
CH.1.1;2024-07-17;0.0;BA.2.x
CH.1.1;2024-07-24;0.0;BA.2.x
CH.1.1;2024-07-31;0.0;BA.2.x
CH.1.1;2024-08-07;0.0;BA.2.x
CH.1.1;2024-08-14;0.0;BA.2.x
CH.1.1;2024-08-21;0.0;BA.2.x
CH.1.1;2024-08-28;0.0;BA.2.x
CH.1.1;2024-09-04;0.0;BA.2.x
CH.1.1;2024-09-11;0.0;BA.2.x
CH.1.1;2024-09-18;0.0;BA.2.x
CH.1.1;2024-09-25;0.0;BA.2.x
CH.1.1;2024-10-02;0.0;BA.2.x
CH.1.1;2024-10-09;0.0;BA.2.x
CH.1.1;2024-10-16;0.0;BA.2.x
CH.1.1;2024-10-23;0.0;BA.2.x
CH.1.1;2024-10-30;0.0;BA.2.x
CH.1.1;2024-11-06;0.0;BA.2.x
CH.1.1;2024-11-13;0.0;BA.2.x
CH.1.1;2024-11-20;0.0;BA.2.x
CH.1.1;2024-11-27;0.0;BA.2.x
CH.1.1;2024-12-04;0.0;BA.2.x
CH.1.1;2024-12-11;0.0;BA.2.x
CH.1.1;2024-12-18;0.0;BA.2.x
CH.1.1;2024-12-25;0.0;BA.2.x
CH.1.1;2025-01-01;0.0;BA.2.x
CH.1.1;2025-01-08;0.0;BA.2.x
CH.1.1;2025-01-15;0.0;BA.2.x
CH.1.1;2025-01-22;0.0;BA.2.x
CH.1.1;2025-01-29;0.0;BA.2.x
CH.1.1;2025-02-05;0.0;BA.2.x
CH.1.1;2025-02-12;0.0;BA.2.x
CH.1.1;2025-02-19;0.0;BA.2.x
CH.1.1;2025-02-26;0.0;BA.2.x
CH.1.1;2025-03-05;0.0;BA.2.x
CH.1.1;2025-03-12;0.0;BA.2.x
CH.1.1;2025-03-19;0.0;BA.2.x
CH.1.1;2025-03-26;0.0;BA.2.x
CH.1.1;2025-04-02;0.0;BA.2.x
CH.1.1;2025-04-09;0.0;BA.2.x
CH.1.1;2025-04-16;0.0;BA.2.x
CH.1.1;2025-04-23;0.0;BA.2.x
CH.1.1;2025-04-30;0.0;BA.2.x
CH.1.1;2025-05-07;0.0;BA.2.x
CH.1.1;2025-05-14;0.0;BA.2.x
CH.1.1;2025-05-21;0.0;BA.2.x
CH.1.1;2025-05-28;0.0;BA.2.x
CH.1.1;2025-06-04;0.0;BA.2.x
CH.1.1;2025-06-11;0.0;BA.2.x
CH.1.1;2025-06-18;0.0;BA.2.x
CH.1.1;2025-06-25;0.0;BA.2.x
CH.1.1;2025-07-02;0.0;BA.2.x
CH.1.1;2025-07-09;0.0;BA.2.x
BN.1;2022-09-21;0.0;BA.2.x
BN.1;2022-09-28;0.0;BA.2.x
BN.1;2022-10-05;0.0;BA.2.x
BN.1;2022-10-12;0.0;BA.2.x
BN.1;2022-10-19;0.0;BA.2.x
BN.1;2022-10-26;0.004;BA.2.x
BN.1;2022-11-02;0.033;BA.2.x
BN.1;2022-11-09;0.029;BA.2.x
BN.1;2022-11-16;0.049;BA.2.x
BN.1;2022-11-23;0.058;BA.2.x
BN.1;2022-11-30;0.078;BA.2.x
BN.1;2022-12-07;0.072;BA.2.x
BN.1;2022-12-14;0.068;BA.2.x
BN.1;2022-12-21;0.089;BA.2.x
BN.1;2022-12-28;0.0;BA.2.x
BN.1;2023-01-04;0.0;BA.2.x
BN.1;2023-01-11;0.0;BA.2.x
BN.1;2023-01-18;0.0;BA.2.x
BN.1;2023-01-25;0.0;BA.2.x
BN.1;2023-02-01;0.0;BA.2.x
BN.1;2023-02-08;0.0;BA.2.x
BN.1;2023-02-15;0.0;BA.2.x
BN.1;2023-02-22;0.0;BA.2.x
BN.1;2023-03-01;0.0;BA.2.x
BN.1;2023-03-08;0.0;BA.2.x
BN.1;2023-03-15;0.0;BA.2.x
BN.1;2023-03-22;0.004;BA.2.x
BN.1;2023-03-29;0.018;BA.2.x
BN.1;2023-04-05;0.004;BA.2.x
BN.1;2023-04-12;0.003;BA.2.x
BN.1;2023-04-19;0.003;BA.2.x
BN.1;2023-04-26;0.001;BA.2.x
BN.1;2023-05-03;0.0;BA.2.x
BN.1;2023-05-10;0.0;BA.2.x
BN.1;2023-05-17;0.0;BA.2.x
BN.1;2023-05-24;0.0;BA.2.x
BN.1;2023-05-31;0.0;BA.2.x
BN.1;2023-06-07;0.0;BA.2.x
BN.1;2023-06-14;0.0;BA.2.x
BN.1;2023-06-21;0.0;BA.2.x
BN.1;2023-06-28;0.0;BA.2.x
BN.1;2023-07-05;0.0;BA.2.x
BN.1;2023-07-12;0.0;BA.2.x
BN.1;2023-07-19;0.0;BA.2.x
BN.1;2023-07-26;0.0;BA.2.x
BN.1;2023-08-02;0.0;BA.2.x
BN.1;2023-08-09;0.005;BA.2.x
BN.1;2023-08-16;0.001;BA.2.x
BN.1;2023-08-23;0.0;BA.2.x
BN.1;2023-08-30;0.0;BA.2.x
BN.1;2023-09-06;0.001;BA.2.x
BN.1;2023-09-13;0.0;BA.2.x
BN.1;2023-09-20;0.004;BA.2.x
BN.1;2023-09-27;0.0;BA.2.x
BN.1;2023-10-04;0.0;BA.2.x
BN.1;2023-10-11;0.0;BA.2.x
BN.1;2023-10-18;0.0;BA.2.x
BN.1;2023-10-25;0.0;BA.2.x
BN.1;2023-11-01;0.0;BA.2.x
BN.1;2023-11-08;0.0;BA.2.x
BN.1;2023-11-15;0.0;BA.2.x
BN.1;2023-11-22;0.001;BA.2.x
BN.1;2023-11-29;0.0;BA.2.x
BN.1;2023-12-06;0.0;BA.2.x
BN.1;2023-12-13;0.0;BA.2.x
BN.1;2023-12-20;0.0;BA.2.x
BN.1;2023-12-27;0.001;BA.2.x
BN.1;2024-01-03;0.0;BA.2.x
BN.1;2024-01-10;0.0;BA.2.x
BN.1;2024-01-17;0.0;BA.2.x
BN.1;2024-01-24;0.0;BA.2.x
BN.1;2024-01-31;0.0;BA.2.x
BN.1;2024-02-07;0.0;BA.2.x
BN.1;2024-02-14;0.0;BA.2.x
BN.1;2024-02-21;0.0;BA.2.x
BN.1;2024-02-28;0.0;BA.2.x
BN.1;2024-03-06;0.0;BA.2.x
BN.1;2024-03-13;0.0;BA.2.x
BN.1;2024-03-20;0.0;BA.2.x
BN.1;2024-03-27;0.0;BA.2.x
BN.1;2024-04-03;0.0;BA.2.x
BN.1;2024-04-10;0.0;BA.2.x
BN.1;2024-04-17;0.0;BA.2.x
BN.1;2024-04-24;0.0;BA.2.x
BN.1;2024-05-01;0.0;BA.2.x
BN.1;2024-05-08;0.0;BA.2.x
BN.1;2024-05-15;0.0;BA.2.x
BN.1;2024-05-22;0.0;BA.2.x
BN.1;2024-05-29;0.0;BA.2.x
BN.1;2024-06-05;0.0;BA.2.x
BN.1;2024-06-12;0.0;BA.2.x
BN.1;2024-06-19;0.0;BA.2.x
BN.1;2024-06-26;0.0;BA.2.x
BN.1;2024-07-03;0.0;BA.2.x
BN.1;2024-07-10;0.0;BA.2.x
BN.1;2024-07-17;0.0;BA.2.x
BN.1;2024-07-24;0.0;BA.2.x
BN.1;2024-07-31;0.0;BA.2.x
BN.1;2024-08-07;0.0;BA.2.x
BN.1;2024-08-14;0.0;BA.2.x
BN.1;2024-08-21;0.0;BA.2.x
BN.1;2024-08-28;0.0;BA.2.x
BN.1;2024-09-04;0.0;BA.2.x
BN.1;2024-09-11;0.0;BA.2.x
BN.1;2024-09-18;0.0;BA.2.x
BN.1;2024-09-25;0.0;BA.2.x
BN.1;2024-10-02;0.0;BA.2.x
BN.1;2024-10-09;0.0;BA.2.x
BN.1;2024-10-16;0.0;BA.2.x
BN.1;2024-10-23;0.0;BA.2.x
BN.1;2024-10-30;0.0;BA.2.x
BN.1;2024-11-06;0.0;BA.2.x
BN.1;2024-11-13;0.0;BA.2.x
BN.1;2024-11-20;0.0;BA.2.x
BN.1;2024-11-27;0.0;BA.2.x
BN.1;2024-12-04;0.0;BA.2.x
BN.1;2024-12-11;0.0;BA.2.x
BN.1;2024-12-18;0.0;BA.2.x
BN.1;2024-12-25;0.0;BA.2.x
BN.1;2025-01-01;0.0;BA.2.x
BN.1;2025-01-08;0.0;BA.2.x
BN.1;2025-01-15;0.0;BA.2.x
BN.1;2025-01-22;0.0;BA.2.x
BN.1;2025-01-29;0.0;BA.2.x
BN.1;2025-02-05;0.0;BA.2.x
BN.1;2025-02-12;0.0;BA.2.x
BN.1;2025-02-19;0.0;BA.2.x
BN.1;2025-02-26;0.0;BA.2.x
BN.1;2025-03-05;0.0;BA.2.x
BN.1;2025-03-12;0.0;BA.2.x
BN.1;2025-03-19;0.0;BA.2.x
BN.1;2025-03-26;0.0;BA.2.x
BN.1;2025-04-02;0.0;BA.2.x
BN.1;2025-04-09;0.0;BA.2.x
BN.1;2025-04-16;0.0;BA.2.x
BN.1;2025-04-23;0.0;BA.2.x
BN.1;2025-04-30;0.0;BA.2.x
BN.1;2025-05-07;0.0;BA.2.x
BN.1;2025-05-14;0.0;BA.2.x
BN.1;2025-05-21;0.0;BA.2.x
BN.1;2025-05-28;0.0;BA.2.x
BN.1;2025-06-04;0.0;BA.2.x
BN.1;2025-06-11;0.0;BA.2.x
BN.1;2025-06-18;0.0;BA.2.x
BN.1;2025-06-25;0.0;BA.2.x
BN.1;2025-07-02;0.0;BA.2.x
BN.1;2025-07-09;0.0;BA.2.x
BA.2.86.1;2022-09-21;0.0;BA.2.86.x
BA.2.86.1;2022-09-28;0.0;BA.2.86.x
BA.2.86.1;2022-10-05;0.0;BA.2.86.x
BA.2.86.1;2022-10-12;0.0;BA.2.86.x
BA.2.86.1;2022-10-19;0.0;BA.2.86.x
BA.2.86.1;2022-10-26;0.0;BA.2.86.x
BA.2.86.1;2022-11-02;0.0;BA.2.86.x
BA.2.86.1;2022-11-09;0.0;BA.2.86.x
BA.2.86.1;2022-11-16;0.0;BA.2.86.x
BA.2.86.1;2022-11-23;0.0;BA.2.86.x
BA.2.86.1;2022-11-30;0.0;BA.2.86.x
BA.2.86.1;2022-12-07;0.0;BA.2.86.x
BA.2.86.1;2022-12-14;0.0;BA.2.86.x
BA.2.86.1;2022-12-21;0.0;BA.2.86.x
BA.2.86.1;2022-12-28;0.0;BA.2.86.x
BA.2.86.1;2023-01-04;0.0;BA.2.86.x
BA.2.86.1;2023-01-11;0.0;BA.2.86.x
BA.2.86.1;2023-01-18;0.0;BA.2.86.x
BA.2.86.1;2023-01-25;0.0;BA.2.86.x
BA.2.86.1;2023-02-01;0.0;BA.2.86.x
BA.2.86.1;2023-02-08;0.0;BA.2.86.x
BA.2.86.1;2023-02-15;0.0;BA.2.86.x
BA.2.86.1;2023-02-22;0.0;BA.2.86.x
BA.2.86.1;2023-03-01;0.0;BA.2.86.x
BA.2.86.1;2023-03-08;0.0;BA.2.86.x
BA.2.86.1;2023-03-15;0.0;BA.2.86.x
BA.2.86.1;2023-03-22;0.0;BA.2.86.x
BA.2.86.1;2023-03-29;0.0;BA.2.86.x
BA.2.86.1;2023-04-05;0.0;BA.2.86.x
BA.2.86.1;2023-04-12;0.0;BA.2.86.x
BA.2.86.1;2023-04-19;0.0;BA.2.86.x
BA.2.86.1;2023-04-26;0.0;BA.2.86.x
BA.2.86.1;2023-05-03;0.0;BA.2.86.x
BA.2.86.1;2023-05-10;0.0;BA.2.86.x
BA.2.86.1;2023-05-17;0.0;BA.2.86.x
BA.2.86.1;2023-05-24;0.0;BA.2.86.x
BA.2.86.1;2023-05-31;0.0;BA.2.86.x
BA.2.86.1;2023-06-07;0.0;BA.2.86.x
BA.2.86.1;2023-06-14;0.0;BA.2.86.x
BA.2.86.1;2023-06-21;0.0;BA.2.86.x
BA.2.86.1;2023-06-28;0.0;BA.2.86.x
BA.2.86.1;2023-07-05;0.0;BA.2.86.x
BA.2.86.1;2023-07-12;0.0;BA.2.86.x
BA.2.86.1;2023-07-19;0.0;BA.2.86.x
BA.2.86.1;2023-07-26;0.0;BA.2.86.x
BA.2.86.1;2023-08-02;0.0;BA.2.86.x
BA.2.86.1;2023-08-09;0.0;BA.2.86.x
BA.2.86.1;2023-08-16;0.0;BA.2.86.x
BA.2.86.1;2023-08-23;0.0;BA.2.86.x
BA.2.86.1;2023-08-30;0.0;BA.2.86.x
BA.2.86.1;2023-09-06;0.0;BA.2.86.x
BA.2.86.1;2023-09-13;0.0;BA.2.86.x
BA.2.86.1;2023-09-20;0.0;BA.2.86.x
BA.2.86.1;2023-09-27;0.0;BA.2.86.x
BA.2.86.1;2023-10-04;0.0;BA.2.86.x
BA.2.86.1;2023-10-11;0.0;BA.2.86.x
BA.2.86.1;2023-10-18;0.0;BA.2.86.x
BA.2.86.1;2023-10-25;0.0;BA.2.86.x
BA.2.86.1;2023-11-01;0.0;BA.2.86.x
BA.2.86.1;2023-11-08;0.0;BA.2.86.x
BA.2.86.1;2023-11-15;0.0;BA.2.86.x
BA.2.86.1;2023-11-22;0.0;BA.2.86.x
BA.2.86.1;2023-11-29;0.0;BA.2.86.x
BA.2.86.1;2023-12-06;0.0;BA.2.86.x
BA.2.86.1;2023-12-13;0.0;BA.2.86.x
BA.2.86.1;2023-12-20;0.0;BA.2.86.x
BA.2.86.1;2023-12-27;0.0;BA.2.86.x
BA.2.86.1;2024-01-03;0.0;BA.2.86.x
BA.2.86.1;2024-01-10;0.0;BA.2.86.x
BA.2.86.1;2024-01-17;0.006;BA.2.86.x
BA.2.86.1;2024-01-24;0.009;BA.2.86.x
BA.2.86.1;2024-01-31;0.012;BA.2.86.x
BA.2.86.1;2024-02-07;0.002;BA.2.86.x
BA.2.86.1;2024-02-14;0.031;BA.2.86.x
BA.2.86.1;2024-02-21;0.011;BA.2.86.x
BA.2.86.1;2024-02-28;0.011;BA.2.86.x
BA.2.86.1;2024-03-06;0.011;BA.2.86.x
BA.2.86.1;2024-03-13;0.008;BA.2.86.x
BA.2.86.1;2024-03-20;0.04;BA.2.86.x
BA.2.86.1;2024-03-27;0.111;BA.2.86.x
BA.2.86.1;2024-04-03;0.003;BA.2.86.x
BA.2.86.1;2024-04-10;0.006;BA.2.86.x
BA.2.86.1;2024-04-17;0.007;BA.2.86.x
BA.2.86.1;2024-04-24;0.004;BA.2.86.x
BA.2.86.1;2024-05-01;0.009;BA.2.86.x
BA.2.86.1;2024-05-08;0.035;BA.2.86.x
BA.2.86.1;2024-05-15;0.002;BA.2.86.x
BA.2.86.1;2024-05-22;0.004;BA.2.86.x
BA.2.86.1;2024-05-29;0.001;BA.2.86.x
BA.2.86.1;2024-06-05;0.001;BA.2.86.x
BA.2.86.1;2024-06-12;0.001;BA.2.86.x
BA.2.86.1;2024-06-19;0.001;BA.2.86.x
BA.2.86.1;2024-06-26;0.003;BA.2.86.x
BA.2.86.1;2024-07-03;0.002;BA.2.86.x
BA.2.86.1;2024-07-10;0.0;BA.2.86.x
BA.2.86.1;2024-07-17;0.0;BA.2.86.x
BA.2.86.1;2024-07-24;0.0;BA.2.86.x
BA.2.86.1;2024-07-31;0.001;BA.2.86.x
BA.2.86.1;2024-08-07;0.002;BA.2.86.x
BA.2.86.1;2024-08-14;0.0;BA.2.86.x
BA.2.86.1;2024-08-21;0.001;BA.2.86.x
BA.2.86.1;2024-08-28;0.0;BA.2.86.x
BA.2.86.1;2024-09-04;0.003;BA.2.86.x
BA.2.86.1;2024-09-11;0.0;BA.2.86.x
BA.2.86.1;2024-09-18;0.001;BA.2.86.x
BA.2.86.1;2024-09-25;0.001;BA.2.86.x
BA.2.86.1;2024-10-02;0.002;BA.2.86.x
BA.2.86.1;2024-10-09;0.002;BA.2.86.x
BA.2.86.1;2024-10-16;0.011;BA.2.86.x
BA.2.86.1;2024-10-23;0.005;BA.2.86.x
BA.2.86.1;2024-10-30;0.004;BA.2.86.x
BA.2.86.1;2024-11-06;0.003;BA.2.86.x
BA.2.86.1;2024-11-13;0.005;BA.2.86.x
BA.2.86.1;2024-11-20;0.004;BA.2.86.x
BA.2.86.1;2024-11-27;0.01;BA.2.86.x
BA.2.86.1;2024-12-04;0.009;BA.2.86.x
BA.2.86.1;2024-12-11;0.001;BA.2.86.x
BA.2.86.1;2024-12-18;0.004;BA.2.86.x
BA.2.86.1;2024-12-25;0.008;BA.2.86.x
BA.2.86.1;2025-01-01;0.001;BA.2.86.x
BA.2.86.1;2025-01-08;0.002;BA.2.86.x
BA.2.86.1;2025-01-15;0.001;BA.2.86.x
BA.2.86.1;2025-01-22;0.001;BA.2.86.x
BA.2.86.1;2025-01-29;0.016;BA.2.86.x
BA.2.86.1;2025-02-05;0.0;BA.2.86.x
BA.2.86.1;2025-02-12;0.001;BA.2.86.x
BA.2.86.1;2025-02-19;0.006;BA.2.86.x
BA.2.86.1;2025-02-26;0.002;BA.2.86.x
BA.2.86.1;2025-03-05;0.006;BA.2.86.x
BA.2.86.1;2025-03-12;0.001;BA.2.86.x
BA.2.86.1;2025-03-19;0.006;BA.2.86.x
BA.2.86.1;2025-03-26;0.001;BA.2.86.x
BA.2.86.1;2025-04-02;0.001;BA.2.86.x
BA.2.86.1;2025-04-09;0.003;BA.2.86.x
BA.2.86.1;2025-04-16;0.005;BA.2.86.x
BA.2.86.1;2025-04-23;0.004;BA.2.86.x
BA.2.86.1;2025-04-30;0.0;BA.2.86.x
BA.2.86.1;2025-05-07;0.0;BA.2.86.x
BA.2.86.1;2025-05-14;0.0;BA.2.86.x
BA.2.86.1;2025-05-21;0.001;BA.2.86.x
BA.2.86.1;2025-05-28;0.007;BA.2.86.x
BA.2.86.1;2025-06-04;0.009;BA.2.86.x
BA.2.86.1;2025-06-11;0.0;BA.2.86.x
BA.2.86.1;2025-06-18;0.002;BA.2.86.x
BA.2.86.1;2025-06-25;0.005;BA.2.86.x
BA.2.86.1;2025-07-02;0.006;BA.2.86.x
BA.2.86.1;2025-07-09;0.072;BA.2.86.x
BA.2.86;2022-09-21;0.0;BA.2.86.x
BA.2.86;2022-09-28;0.0;BA.2.86.x
BA.2.86;2022-10-05;0.0;BA.2.86.x
BA.2.86;2022-10-12;0.0;BA.2.86.x
BA.2.86;2022-10-19;0.0;BA.2.86.x
BA.2.86;2022-10-26;0.0;BA.2.86.x
BA.2.86;2022-11-02;0.0;BA.2.86.x
BA.2.86;2022-11-09;0.0;BA.2.86.x
BA.2.86;2022-11-16;0.0;BA.2.86.x
BA.2.86;2022-11-23;0.0;BA.2.86.x
BA.2.86;2022-11-30;0.0;BA.2.86.x
BA.2.86;2022-12-07;0.0;BA.2.86.x
BA.2.86;2022-12-14;0.0;BA.2.86.x
BA.2.86;2022-12-21;0.0;BA.2.86.x
BA.2.86;2022-12-28;0.0;BA.2.86.x
BA.2.86;2023-01-04;0.0;BA.2.86.x
BA.2.86;2023-01-11;0.0;BA.2.86.x
BA.2.86;2023-01-18;0.0;BA.2.86.x
BA.2.86;2023-01-25;0.0;BA.2.86.x
BA.2.86;2023-02-01;0.0;BA.2.86.x
BA.2.86;2023-02-08;0.0;BA.2.86.x
BA.2.86;2023-02-15;0.0;BA.2.86.x
BA.2.86;2023-02-22;0.0;BA.2.86.x
BA.2.86;2023-03-01;0.0;BA.2.86.x
BA.2.86;2023-03-08;0.0;BA.2.86.x
BA.2.86;2023-03-15;0.0;BA.2.86.x
BA.2.86;2023-03-22;0.001;BA.2.86.x
BA.2.86;2023-03-29;0.0;BA.2.86.x
BA.2.86;2023-04-05;0.002;BA.2.86.x
BA.2.86;2023-04-12;0.0;BA.2.86.x
BA.2.86;2023-04-19;0.002;BA.2.86.x
BA.2.86;2023-04-26;0.0;BA.2.86.x
BA.2.86;2023-05-03;0.001;BA.2.86.x
BA.2.86;2023-05-10;0.0;BA.2.86.x
BA.2.86;2023-05-17;0.0;BA.2.86.x
BA.2.86;2023-05-24;0.0;BA.2.86.x
BA.2.86;2023-05-31;0.0;BA.2.86.x
BA.2.86;2023-06-07;0.0;BA.2.86.x
BA.2.86;2023-06-14;0.0;BA.2.86.x
BA.2.86;2023-06-21;0.0;BA.2.86.x
BA.2.86;2023-06-28;0.0;BA.2.86.x
BA.2.86;2023-07-05;0.0;BA.2.86.x
BA.2.86;2023-07-12;0.0;BA.2.86.x
BA.2.86;2023-07-19;0.0;BA.2.86.x
BA.2.86;2023-07-26;0.0;BA.2.86.x
BA.2.86;2023-08-02;0.0;BA.2.86.x
BA.2.86;2023-08-09;0.0;BA.2.86.x
BA.2.86;2023-08-16;0.0;BA.2.86.x
BA.2.86;2023-08-23;0.0;BA.2.86.x
BA.2.86;2023-08-30;0.0;BA.2.86.x
BA.2.86;2023-09-06;0.0;BA.2.86.x
BA.2.86;2023-09-13;0.0;BA.2.86.x
BA.2.86;2023-09-20;0.0;BA.2.86.x
BA.2.86;2023-09-27;0.001;BA.2.86.x
BA.2.86;2023-10-04;0.001;BA.2.86.x
BA.2.86;2023-10-11;0.008;BA.2.86.x
BA.2.86;2023-10-18;0.007;BA.2.86.x
BA.2.86;2023-10-25;0.022;BA.2.86.x
BA.2.86;2023-11-01;0.013;BA.2.86.x
BA.2.86;2023-11-08;0.026;BA.2.86.x
BA.2.86;2023-11-15;0.027;BA.2.86.x
BA.2.86;2023-11-22;0.019;BA.2.86.x
BA.2.86;2023-11-29;0.019;BA.2.86.x
BA.2.86;2023-12-06;0.003;BA.2.86.x
BA.2.86;2023-12-13;0.004;BA.2.86.x
BA.2.86;2023-12-20;0.003;BA.2.86.x
BA.2.86;2023-12-27;0.0;BA.2.86.x
BA.2.86;2024-01-03;0.004;BA.2.86.x
BA.2.86;2024-01-10;0.005;BA.2.86.x
BA.2.86;2024-01-17;0.006;BA.2.86.x
BA.2.86;2024-01-24;0.005;BA.2.86.x
BA.2.86;2024-01-31;0.012;BA.2.86.x
BA.2.86;2024-02-07;0.07;BA.2.86.x
BA.2.86;2024-02-14;0.017;BA.2.86.x
BA.2.86;2024-02-21;0.007;BA.2.86.x
BA.2.86;2024-02-28;0.027;BA.2.86.x
BA.2.86;2024-03-06;0.045;BA.2.86.x
BA.2.86;2024-03-13;0.023;BA.2.86.x
BA.2.86;2024-03-20;0.021;BA.2.86.x
BA.2.86;2024-03-27;0.047;BA.2.86.x
BA.2.86;2024-04-03;0.089;BA.2.86.x
BA.2.86;2024-04-10;0.011;BA.2.86.x
BA.2.86;2024-04-17;0.023;BA.2.86.x
BA.2.86;2024-04-24;0.033;BA.2.86.x
BA.2.86;2024-05-01;0.008;BA.2.86.x
BA.2.86;2024-05-08;0.004;BA.2.86.x
BA.2.86;2024-05-15;0.012;BA.2.86.x
BA.2.86;2024-05-22;0.065;BA.2.86.x
BA.2.86;2024-05-29;0.075;BA.2.86.x
BA.2.86;2024-06-05;0.028;BA.2.86.x
BA.2.86;2024-06-12;0.006;BA.2.86.x
BA.2.86;2024-06-19;0.023;BA.2.86.x
BA.2.86;2024-06-26;0.053;BA.2.86.x
BA.2.86;2024-07-03;0.036;BA.2.86.x
BA.2.86;2024-07-10;0.057;BA.2.86.x
BA.2.86;2024-07-17;0.053;BA.2.86.x
BA.2.86;2024-07-24;0.029;BA.2.86.x
BA.2.86;2024-07-31;0.018;BA.2.86.x
BA.2.86;2024-08-07;0.017;BA.2.86.x
BA.2.86;2024-08-14;0.006;BA.2.86.x
BA.2.86;2024-08-21;0.003;BA.2.86.x
BA.2.86;2024-08-28;0.004;BA.2.86.x
BA.2.86;2024-09-04;0.011;BA.2.86.x
BA.2.86;2024-09-11;0.01;BA.2.86.x
BA.2.86;2024-09-18;0.018;BA.2.86.x
BA.2.86;2024-09-25;0.028;BA.2.86.x
BA.2.86;2024-10-02;0.03;BA.2.86.x
BA.2.86;2024-10-09;0.031;BA.2.86.x
BA.2.86;2024-10-16;0.038;BA.2.86.x
BA.2.86;2024-10-23;0.027;BA.2.86.x
BA.2.86;2024-10-30;0.009;BA.2.86.x
BA.2.86;2024-11-06;0.022;BA.2.86.x
BA.2.86;2024-11-13;0.026;BA.2.86.x
BA.2.86;2024-11-20;0.025;BA.2.86.x
BA.2.86;2024-11-27;0.024;BA.2.86.x
BA.2.86;2024-12-04;0.019;BA.2.86.x
BA.2.86;2024-12-11;0.005;BA.2.86.x
BA.2.86;2024-12-18;0.02;BA.2.86.x
BA.2.86;2024-12-25;0.031;BA.2.86.x
BA.2.86;2025-01-01;0.097;BA.2.86.x
BA.2.86;2025-01-08;0.009;BA.2.86.x
BA.2.86;2025-01-15;0.003;BA.2.86.x
BA.2.86;2025-01-22;0.002;BA.2.86.x
BA.2.86;2025-01-29;0.019;BA.2.86.x
BA.2.86;2025-02-05;0.002;BA.2.86.x
BA.2.86;2025-02-12;0.01;BA.2.86.x
BA.2.86;2025-02-19;0.001;BA.2.86.x
BA.2.86;2025-02-26;0.002;BA.2.86.x
BA.2.86;2025-03-05;0.008;BA.2.86.x
BA.2.86;2025-03-12;0.014;BA.2.86.x
BA.2.86;2025-03-19;0.028;BA.2.86.x
BA.2.86;2025-03-26;0.006;BA.2.86.x
BA.2.86;2025-04-02;0.003;BA.2.86.x
BA.2.86;2025-04-09;0.006;BA.2.86.x
BA.2.86;2025-04-16;0.011;BA.2.86.x
BA.2.86;2025-04-23;0.053;BA.2.86.x
BA.2.86;2025-04-30;0.0;BA.2.86.x
BA.2.86;2025-05-07;0.0;BA.2.86.x
BA.2.86;2025-05-14;0.0;BA.2.86.x
BA.2.86;2025-05-21;0.0;BA.2.86.x
BA.2.86;2025-05-28;0.009;BA.2.86.x
BA.2.86;2025-06-04;0.014;BA.2.86.x
BA.2.86;2025-06-11;0.0;BA.2.86.x
BA.2.86;2025-06-18;0.001;BA.2.86.x
BA.2.86;2025-06-25;0.009;BA.2.86.x
BA.2.86;2025-07-02;0.003;BA.2.86.x
BA.2.86;2025-07-09;0.021;BA.2.86.x
BA.2.75x;2022-09-21;0.0;BA.2.x
BA.2.75x;2022-09-28;0.0;BA.2.x
BA.2.75x;2022-10-05;0.0;BA.2.x
BA.2.75x;2022-10-12;0.0;BA.2.x
BA.2.75x;2022-10-19;0.0;BA.2.x
BA.2.75x;2022-10-26;0.0;BA.2.x
BA.2.75x;2022-11-02;0.0;BA.2.x
BA.2.75x;2022-11-09;0.0;BA.2.x
BA.2.75x;2022-11-16;0.0;BA.2.x
BA.2.75x;2022-11-23;0.0;BA.2.x
BA.2.75x;2022-11-30;0.0;BA.2.x
BA.2.75x;2022-12-07;0.0;BA.2.x
BA.2.75x;2022-12-14;0.0;BA.2.x
BA.2.75x;2022-12-21;0.0;BA.2.x
BA.2.75x;2022-12-28;0.058;BA.2.x
BA.2.75x;2023-01-04;0.076;BA.2.x
BA.2.75x;2023-01-11;0.052;BA.2.x
BA.2.75x;2023-01-18;0.045;BA.2.x
BA.2.75x;2023-01-25;0.104;BA.2.x
BA.2.75x;2023-02-01;0.0;BA.2.x
BA.2.75x;2023-02-08;0.0;BA.2.x
BA.2.75x;2023-02-15;0.0;BA.2.x
BA.2.75x;2023-02-22;0.0;BA.2.x
BA.2.75x;2023-03-01;0.0;BA.2.x
BA.2.75x;2023-03-08;0.0;BA.2.x
BA.2.75x;2023-03-15;0.0;BA.2.x
BA.2.75x;2023-03-22;0.0;BA.2.x
BA.2.75x;2023-03-29;0.0;BA.2.x
BA.2.75x;2023-04-05;0.0;BA.2.x
BA.2.75x;2023-04-12;0.0;BA.2.x
BA.2.75x;2023-04-19;0.0;BA.2.x
BA.2.75x;2023-04-26;0.0;BA.2.x
BA.2.75x;2023-05-03;0.0;BA.2.x
BA.2.75x;2023-05-10;0.0;BA.2.x
BA.2.75x;2023-05-17;0.0;BA.2.x
BA.2.75x;2023-05-24;0.0;BA.2.x
BA.2.75x;2023-05-31;0.0;BA.2.x
BA.2.75x;2023-06-07;0.0;BA.2.x
BA.2.75x;2023-06-14;0.0;BA.2.x
BA.2.75x;2023-06-21;0.0;BA.2.x
BA.2.75x;2023-06-28;0.0;BA.2.x
BA.2.75x;2023-07-05;0.0;BA.2.x
BA.2.75x;2023-07-12;0.0;BA.2.x
BA.2.75x;2023-07-19;0.0;BA.2.x
BA.2.75x;2023-07-26;0.0;BA.2.x
BA.2.75x;2023-08-02;0.0;BA.2.x
BA.2.75x;2023-08-09;0.0;BA.2.x
BA.2.75x;2023-08-16;0.0;BA.2.x
BA.2.75x;2023-08-23;0.0;BA.2.x
BA.2.75x;2023-08-30;0.0;BA.2.x
BA.2.75x;2023-09-06;0.0;BA.2.x
BA.2.75x;2023-09-13;0.0;BA.2.x
BA.2.75x;2023-09-20;0.0;BA.2.x
BA.2.75x;2023-09-27;0.0;BA.2.x
BA.2.75x;2023-10-04;0.0;BA.2.x
BA.2.75x;2023-10-11;0.0;BA.2.x
BA.2.75x;2023-10-18;0.0;BA.2.x
BA.2.75x;2023-10-25;0.0;BA.2.x
BA.2.75x;2023-11-01;0.0;BA.2.x
BA.2.75x;2023-11-08;0.0;BA.2.x
BA.2.75x;2023-11-15;0.0;BA.2.x
BA.2.75x;2023-11-22;0.0;BA.2.x
BA.2.75x;2023-11-29;0.0;BA.2.x
BA.2.75x;2023-12-06;0.0;BA.2.x
BA.2.75x;2023-12-13;0.0;BA.2.x
BA.2.75x;2023-12-20;0.0;BA.2.x
BA.2.75x;2023-12-27;0.0;BA.2.x
BA.2.75x;2024-01-03;0.0;BA.2.x
BA.2.75x;2024-01-10;0.0;BA.2.x
BA.2.75x;2024-01-17;0.0;BA.2.x
BA.2.75x;2024-01-24;0.0;BA.2.x
BA.2.75x;2024-01-31;0.0;BA.2.x
BA.2.75x;2024-02-07;0.0;BA.2.x
BA.2.75x;2024-02-14;0.0;BA.2.x
BA.2.75x;2024-02-21;0.0;BA.2.x
BA.2.75x;2024-02-28;0.0;BA.2.x
BA.2.75x;2024-03-06;0.0;BA.2.x
BA.2.75x;2024-03-13;0.0;BA.2.x
BA.2.75x;2024-03-20;0.0;BA.2.x
BA.2.75x;2024-03-27;0.0;BA.2.x
BA.2.75x;2024-04-03;0.0;BA.2.x
BA.2.75x;2024-04-10;0.0;BA.2.x
BA.2.75x;2024-04-17;0.0;BA.2.x
BA.2.75x;2024-04-24;0.0;BA.2.x
BA.2.75x;2024-05-01;0.0;BA.2.x
BA.2.75x;2024-05-08;0.0;BA.2.x
BA.2.75x;2024-05-15;0.0;BA.2.x
BA.2.75x;2024-05-22;0.0;BA.2.x
BA.2.75x;2024-05-29;0.0;BA.2.x
BA.2.75x;2024-06-05;0.0;BA.2.x
BA.2.75x;2024-06-12;0.0;BA.2.x
BA.2.75x;2024-06-19;0.0;BA.2.x
BA.2.75x;2024-06-26;0.0;BA.2.x
BA.2.75x;2024-07-03;0.0;BA.2.x
BA.2.75x;2024-07-10;0.0;BA.2.x
BA.2.75x;2024-07-17;0.0;BA.2.x
BA.2.75x;2024-07-24;0.0;BA.2.x
BA.2.75x;2024-07-31;0.0;BA.2.x
BA.2.75x;2024-08-07;0.0;BA.2.x
BA.2.75x;2024-08-14;0.0;BA.2.x
BA.2.75x;2024-08-21;0.0;BA.2.x
BA.2.75x;2024-08-28;0.0;BA.2.x
BA.2.75x;2024-09-04;0.0;BA.2.x
BA.2.75x;2024-09-11;0.0;BA.2.x
BA.2.75x;2024-09-18;0.0;BA.2.x
BA.2.75x;2024-09-25;0.0;BA.2.x
BA.2.75x;2024-10-02;0.0;BA.2.x
BA.2.75x;2024-10-09;0.0;BA.2.x
BA.2.75x;2024-10-16;0.0;BA.2.x
BA.2.75x;2024-10-23;0.0;BA.2.x
BA.2.75x;2024-10-30;0.0;BA.2.x
BA.2.75x;2024-11-06;0.0;BA.2.x
BA.2.75x;2024-11-13;0.0;BA.2.x
BA.2.75x;2024-11-20;0.0;BA.2.x
BA.2.75x;2024-11-27;0.0;BA.2.x
BA.2.75x;2024-12-04;0.0;BA.2.x
BA.2.75x;2024-12-11;0.0;BA.2.x
BA.2.75x;2024-12-18;0.0;BA.2.x
BA.2.75x;2024-12-25;0.0;BA.2.x
BA.2.75x;2025-01-01;0.0;BA.2.x
BA.2.75x;2025-01-08;0.0;BA.2.x
BA.2.75x;2025-01-15;0.0;BA.2.x
BA.2.75x;2025-01-22;0.0;BA.2.x
BA.2.75x;2025-01-29;0.0;BA.2.x
BA.2.75x;2025-02-05;0.0;BA.2.x
BA.2.75x;2025-02-12;0.0;BA.2.x
BA.2.75x;2025-02-19;0.0;BA.2.x
BA.2.75x;2025-02-26;0.0;BA.2.x
BA.2.75x;2025-03-05;0.0;BA.2.x
BA.2.75x;2025-03-12;0.0;BA.2.x
BA.2.75x;2025-03-19;0.0;BA.2.x
BA.2.75x;2025-03-26;0.0;BA.2.x
BA.2.75x;2025-04-02;0.0;BA.2.x
BA.2.75x;2025-04-09;0.0;BA.2.x
BA.2.75x;2025-04-16;0.0;BA.2.x
BA.2.75x;2025-04-23;0.0;BA.2.x
BA.2.75x;2025-04-30;0.0;BA.2.x
BA.2.75x;2025-05-07;0.0;BA.2.x
BA.2.75x;2025-05-14;0.0;BA.2.x
BA.2.75x;2025-05-21;0.0;BA.2.x
BA.2.75x;2025-05-28;0.0;BA.2.x
BA.2.75x;2025-06-04;0.0;BA.2.x
BA.2.75x;2025-06-11;0.0;BA.2.x
BA.2.75x;2025-06-18;0.0;BA.2.x
BA.2.75x;2025-06-25;0.0;BA.2.x
BA.2.75x;2025-07-02;0.0;BA.2.x
BA.2.75x;2025-07-09;0.0;BA.2.x
BA.2.75;2022-09-21;0.014;BA.2.x
BA.2.75;2022-09-28;0.004;BA.2.x
BA.2.75;2022-10-05;0.023;BA.2.x
BA.2.75;2022-10-12;0.006;BA.2.x
BA.2.75;2022-10-19;0.008;BA.2.x
BA.2.75;2022-10-26;0.007;BA.2.x
BA.2.75;2022-11-02;0.003;BA.2.x
BA.2.75;2022-11-09;0.006;BA.2.x
BA.2.75;2022-11-16;0.004;BA.2.x
BA.2.75;2022-11-23;0.001;BA.2.x
BA.2.75;2022-11-30;0.004;BA.2.x
BA.2.75;2022-12-07;0.003;BA.2.x
BA.2.75;2022-12-14;0.002;BA.2.x
BA.2.75;2022-12-21;0.006;BA.2.x
BA.2.75;2022-12-28;0.0;BA.2.x
BA.2.75;2023-01-04;0.0;BA.2.x
BA.2.75;2023-01-11;0.0;BA.2.x
BA.2.75;2023-01-18;0.0;BA.2.x
BA.2.75;2023-01-25;0.0;BA.2.x
BA.2.75;2023-02-01;0.115;BA.2.x
BA.2.75;2023-02-08;0.121;BA.2.x
BA.2.75;2023-02-15;0.063;BA.2.x
BA.2.75;2023-02-22;0.05;BA.2.x
BA.2.75;2023-03-01;0.047;BA.2.x
BA.2.75;2023-03-08;0.036;BA.2.x
BA.2.75;2023-03-15;0.027;BA.2.x
BA.2.75;2023-03-22;0.02;BA.2.x
BA.2.75;2023-03-29;0.016;BA.2.x
BA.2.75;2023-04-05;0.014;BA.2.x
BA.2.75;2023-04-12;0.016;BA.2.x
BA.2.75;2023-04-19;0.013;BA.2.x
BA.2.75;2023-04-26;0.035;BA.2.x
BA.2.75;2023-05-03;0.0;BA.2.x
BA.2.75;2023-05-10;0.012;BA.2.x
BA.2.75;2023-05-17;0.001;BA.2.x
BA.2.75;2023-05-24;0.0;BA.2.x
BA.2.75;2023-05-31;0.0;BA.2.x
BA.2.75;2023-06-07;0.001;BA.2.x
BA.2.75;2023-06-14;0.0;BA.2.x
BA.2.75;2023-06-21;0.0;BA.2.x
BA.2.75;2023-06-28;0.002;BA.2.x
BA.2.75;2023-07-05;0.003;BA.2.x
BA.2.75;2023-07-12;0.003;BA.2.x
BA.2.75;2023-07-19;0.0;BA.2.x
BA.2.75;2023-07-26;0.001;BA.2.x
BA.2.75;2023-08-02;0.0;BA.2.x
BA.2.75;2023-08-09;0.001;BA.2.x
BA.2.75;2023-08-16;0.0;BA.2.x
BA.2.75;2023-08-23;0.002;BA.2.x
BA.2.75;2023-08-30;0.0;BA.2.x
BA.2.75;2023-09-06;0.003;BA.2.x
BA.2.75;2023-09-13;0.006;BA.2.x
BA.2.75;2023-09-20;0.023;BA.2.x
BA.2.75;2023-09-27;0.004;BA.2.x
BA.2.75;2023-10-04;0.007;BA.2.x
BA.2.75;2023-10-11;0.011;BA.2.x
BA.2.75;2023-10-18;0.009;BA.2.x
BA.2.75;2023-10-25;0.003;BA.2.x
BA.2.75;2023-11-01;0.001;BA.2.x
BA.2.75;2023-11-08;0.002;BA.2.x
BA.2.75;2023-11-15;0.004;BA.2.x
BA.2.75;2023-11-22;0.003;BA.2.x
BA.2.75;2023-11-29;0.006;BA.2.x
BA.2.75;2023-12-06;0.005;BA.2.x
BA.2.75;2023-12-13;0.007;BA.2.x
BA.2.75;2023-12-20;0.0;BA.2.x
BA.2.75;2023-12-27;0.0;BA.2.x
BA.2.75;2024-01-03;0.0;BA.2.x
BA.2.75;2024-01-10;0.0;BA.2.x
BA.2.75;2024-01-17;0.0;BA.2.x
BA.2.75;2024-01-24;0.0;BA.2.x
BA.2.75;2024-01-31;0.0;BA.2.x
BA.2.75;2024-02-07;0.0;BA.2.x
BA.2.75;2024-02-14;0.0;BA.2.x
BA.2.75;2024-02-21;0.0;BA.2.x
BA.2.75;2024-02-28;0.0;BA.2.x
BA.2.75;2024-03-06;0.0;BA.2.x
BA.2.75;2024-03-13;0.0;BA.2.x
BA.2.75;2024-03-20;0.0;BA.2.x
BA.2.75;2024-03-27;0.0;BA.2.x
BA.2.75;2024-04-03;0.0;BA.2.x
BA.2.75;2024-04-10;0.0;BA.2.x
BA.2.75;2024-04-17;0.0;BA.2.x
BA.2.75;2024-04-24;0.0;BA.2.x
BA.2.75;2024-05-01;0.0;BA.2.x
BA.2.75;2024-05-08;0.0;BA.2.x
BA.2.75;2024-05-15;0.0;BA.2.x
BA.2.75;2024-05-22;0.0;BA.2.x
BA.2.75;2024-05-29;0.0;BA.2.x
BA.2.75;2024-06-05;0.0;BA.2.x
BA.2.75;2024-06-12;0.0;BA.2.x
BA.2.75;2024-06-19;0.0;BA.2.x
BA.2.75;2024-06-26;0.0;BA.2.x
BA.2.75;2024-07-03;0.0;BA.2.x
BA.2.75;2024-07-10;0.0;BA.2.x
BA.2.75;2024-07-17;0.0;BA.2.x
BA.2.75;2024-07-24;0.0;BA.2.x
BA.2.75;2024-07-31;0.0;BA.2.x
BA.2.75;2024-08-07;0.0;BA.2.x
BA.2.75;2024-08-14;0.0;BA.2.x
BA.2.75;2024-08-21;0.0;BA.2.x
BA.2.75;2024-08-28;0.0;BA.2.x
BA.2.75;2024-09-04;0.0;BA.2.x
BA.2.75;2024-09-11;0.0;BA.2.x
BA.2.75;2024-09-18;0.0;BA.2.x
BA.2.75;2024-09-25;0.0;BA.2.x
BA.2.75;2024-10-02;0.0;BA.2.x
BA.2.75;2024-10-09;0.0;BA.2.x
BA.2.75;2024-10-16;0.0;BA.2.x
BA.2.75;2024-10-23;0.0;BA.2.x
BA.2.75;2024-10-30;0.0;BA.2.x
BA.2.75;2024-11-06;0.0;BA.2.x
BA.2.75;2024-11-13;0.0;BA.2.x
BA.2.75;2024-11-20;0.0;BA.2.x
BA.2.75;2024-11-27;0.0;BA.2.x
BA.2.75;2024-12-04;0.0;BA.2.x
BA.2.75;2024-12-11;0.0;BA.2.x
BA.2.75;2024-12-18;0.0;BA.2.x
BA.2.75;2024-12-25;0.0;BA.2.x
BA.2.75;2025-01-01;0.0;BA.2.x
BA.2.75;2025-01-08;0.0;BA.2.x
BA.2.75;2025-01-15;0.0;BA.2.x
BA.2.75;2025-01-22;0.0;BA.2.x
BA.2.75;2025-01-29;0.0;BA.2.x
BA.2.75;2025-02-05;0.0;BA.2.x
BA.2.75;2025-02-12;0.0;BA.2.x
BA.2.75;2025-02-19;0.0;BA.2.x
BA.2.75;2025-02-26;0.0;BA.2.x
BA.2.75;2025-03-05;0.0;BA.2.x
BA.2.75;2025-03-12;0.0;BA.2.x
BA.2.75;2025-03-19;0.0;BA.2.x
BA.2.75;2025-03-26;0.0;BA.2.x
BA.2.75;2025-04-02;0.0;BA.2.x
BA.2.75;2025-04-09;0.0;BA.2.x
BA.2.75;2025-04-16;0.0;BA.2.x
BA.2.75;2025-04-23;0.0;BA.2.x
BA.2.75;2025-04-30;0.0;BA.2.x
BA.2.75;2025-05-07;0.0;BA.2.x
BA.2.75;2025-05-14;0.0;BA.2.x
BA.2.75;2025-05-21;0.0;BA.2.x
BA.2.75;2025-05-28;0.0;BA.2.x
BA.2.75;2025-06-04;0.0;BA.2.x
BA.2.75;2025-06-11;0.0;BA.2.x
BA.2.75;2025-06-18;0.0;BA.2.x
BA.2.75;2025-06-25;0.0;BA.2.x
BA.2.75;2025-07-02;0.0;BA.2.x
BA.2.75;2025-07-09;0.0;BA.2.x
BA.2.3.20;2022-09-21;0.0;BA.2.x
BA.2.3.20;2022-09-28;0.0;BA.2.x
BA.2.3.20;2022-10-05;0.003;BA.2.x
BA.2.3.20;2022-10-12;0.002;BA.2.x
BA.2.3.20;2022-10-19;0.019;BA.2.x
BA.2.3.20;2022-10-26;0.021;BA.2.x
BA.2.3.20;2022-11-02;0.004;BA.2.x
BA.2.3.20;2022-11-09;0.001;BA.2.x
BA.2.3.20;2022-11-16;0.025;BA.2.x
BA.2.3.20;2022-11-23;0.003;BA.2.x
BA.2.3.20;2022-11-30;0.017;BA.2.x
BA.2.3.20;2022-12-07;0.013;BA.2.x
BA.2.3.20;2022-12-14;0.016;BA.2.x
BA.2.3.20;2022-12-21;0.014;BA.2.x
BA.2.3.20;2022-12-28;0.029;BA.2.x
BA.2.3.20;2023-01-04;0.016;BA.2.x
BA.2.3.20;2023-01-11;0.001;BA.2.x
BA.2.3.20;2023-01-18;0.003;BA.2.x
BA.2.3.20;2023-01-25;0.014;BA.2.x
BA.2.3.20;2023-02-01;0.001;BA.2.x
BA.2.3.20;2023-02-08;0.0;BA.2.x
BA.2.3.20;2023-02-15;0.0;BA.2.x
BA.2.3.20;2023-02-22;0.001;BA.2.x
BA.2.3.20;2023-03-01;0.0;BA.2.x
BA.2.3.20;2023-03-08;0.0;BA.2.x
BA.2.3.20;2023-03-15;0.0;BA.2.x
BA.2.3.20;2023-03-22;0.0;BA.2.x
BA.2.3.20;2023-03-29;0.0;BA.2.x
BA.2.3.20;2023-04-05;0.0;BA.2.x
BA.2.3.20;2023-04-12;0.0;BA.2.x
BA.2.3.20;2023-04-19;0.0;BA.2.x
BA.2.3.20;2023-04-26;0.0;BA.2.x
BA.2.3.20;2023-05-03;0.003;BA.2.x
BA.2.3.20;2023-05-10;0.004;BA.2.x
BA.2.3.20;2023-05-17;0.0;BA.2.x
BA.2.3.20;2023-05-24;0.0;BA.2.x
BA.2.3.20;2023-05-31;0.0;BA.2.x
BA.2.3.20;2023-06-07;0.0;BA.2.x
BA.2.3.20;2023-06-14;0.0;BA.2.x
BA.2.3.20;2023-06-21;0.0;BA.2.x
BA.2.3.20;2023-06-28;0.0;BA.2.x
BA.2.3.20;2023-07-05;0.0;BA.2.x
BA.2.3.20;2023-07-12;0.0;BA.2.x
BA.2.3.20;2023-07-19;0.0;BA.2.x
BA.2.3.20;2023-07-26;0.0;BA.2.x
BA.2.3.20;2023-08-02;0.0;BA.2.x
BA.2.3.20;2023-08-09;0.0;BA.2.x
BA.2.3.20;2023-08-16;0.0;BA.2.x
BA.2.3.20;2023-08-23;0.0;BA.2.x
BA.2.3.20;2023-08-30;0.0;BA.2.x
BA.2.3.20;2023-09-06;0.0;BA.2.x
BA.2.3.20;2023-09-13;0.0;BA.2.x
BA.2.3.20;2023-09-20;0.0;BA.2.x
BA.2.3.20;2023-09-27;0.0;BA.2.x
BA.2.3.20;2023-10-04;0.0;BA.2.x
BA.2.3.20;2023-10-11;0.0;BA.2.x
BA.2.3.20;2023-10-18;0.0;BA.2.x
BA.2.3.20;2023-10-25;0.0;BA.2.x
BA.2.3.20;2023-11-01;0.0;BA.2.x
BA.2.3.20;2023-11-08;0.0;BA.2.x
BA.2.3.20;2023-11-15;0.0;BA.2.x
BA.2.3.20;2023-11-22;0.0;BA.2.x
BA.2.3.20;2023-11-29;0.0;BA.2.x
BA.2.3.20;2023-12-06;0.0;BA.2.x
BA.2.3.20;2023-12-13;0.0;BA.2.x
BA.2.3.20;2023-12-20;0.0;BA.2.x
BA.2.3.20;2023-12-27;0.0;BA.2.x
BA.2.3.20;2024-01-03;0.0;BA.2.x
BA.2.3.20;2024-01-10;0.0;BA.2.x
BA.2.3.20;2024-01-17;0.0;BA.2.x
BA.2.3.20;2024-01-24;0.0;BA.2.x
BA.2.3.20;2024-01-31;0.0;BA.2.x
BA.2.3.20;2024-02-07;0.0;BA.2.x
BA.2.3.20;2024-02-14;0.0;BA.2.x
BA.2.3.20;2024-02-21;0.0;BA.2.x
BA.2.3.20;2024-02-28;0.0;BA.2.x
BA.2.3.20;2024-03-06;0.0;BA.2.x
BA.2.3.20;2024-03-13;0.0;BA.2.x
BA.2.3.20;2024-03-20;0.0;BA.2.x
BA.2.3.20;2024-03-27;0.0;BA.2.x
BA.2.3.20;2024-04-03;0.0;BA.2.x
BA.2.3.20;2024-04-10;0.0;BA.2.x
BA.2.3.20;2024-04-17;0.0;BA.2.x
BA.2.3.20;2024-04-24;0.0;BA.2.x
BA.2.3.20;2024-05-01;0.0;BA.2.x
BA.2.3.20;2024-05-08;0.0;BA.2.x
BA.2.3.20;2024-05-15;0.0;BA.2.x
BA.2.3.20;2024-05-22;0.0;BA.2.x
BA.2.3.20;2024-05-29;0.0;BA.2.x
BA.2.3.20;2024-06-05;0.0;BA.2.x
BA.2.3.20;2024-06-12;0.0;BA.2.x
BA.2.3.20;2024-06-19;0.0;BA.2.x
BA.2.3.20;2024-06-26;0.0;BA.2.x
BA.2.3.20;2024-07-03;0.0;BA.2.x
BA.2.3.20;2024-07-10;0.0;BA.2.x
BA.2.3.20;2024-07-17;0.0;BA.2.x
BA.2.3.20;2024-07-24;0.0;BA.2.x
BA.2.3.20;2024-07-31;0.0;BA.2.x
BA.2.3.20;2024-08-07;0.0;BA.2.x
BA.2.3.20;2024-08-14;0.0;BA.2.x
BA.2.3.20;2024-08-21;0.0;BA.2.x
BA.2.3.20;2024-08-28;0.0;BA.2.x
BA.2.3.20;2024-09-04;0.0;BA.2.x
BA.2.3.20;2024-09-11;0.0;BA.2.x
BA.2.3.20;2024-09-18;0.0;BA.2.x
BA.2.3.20;2024-09-25;0.0;BA.2.x
BA.2.3.20;2024-10-02;0.0;BA.2.x
BA.2.3.20;2024-10-09;0.0;BA.2.x
BA.2.3.20;2024-10-16;0.0;BA.2.x
BA.2.3.20;2024-10-23;0.0;BA.2.x
BA.2.3.20;2024-10-30;0.0;BA.2.x
BA.2.3.20;2024-11-06;0.0;BA.2.x
BA.2.3.20;2024-11-13;0.0;BA.2.x
BA.2.3.20;2024-11-20;0.0;BA.2.x
BA.2.3.20;2024-11-27;0.0;BA.2.x
BA.2.3.20;2024-12-04;0.0;BA.2.x
BA.2.3.20;2024-12-11;0.0;BA.2.x
BA.2.3.20;2024-12-18;0.0;BA.2.x
BA.2.3.20;2024-12-25;0.0;BA.2.x
BA.2.3.20;2025-01-01;0.0;BA.2.x
BA.2.3.20;2025-01-08;0.0;BA.2.x
BA.2.3.20;2025-01-15;0.0;BA.2.x
BA.2.3.20;2025-01-22;0.0;BA.2.x
BA.2.3.20;2025-01-29;0.0;BA.2.x
BA.2.3.20;2025-02-05;0.0;BA.2.x
BA.2.3.20;2025-02-12;0.0;BA.2.x
BA.2.3.20;2025-02-19;0.0;BA.2.x
BA.2.3.20;2025-02-26;0.0;BA.2.x
BA.2.3.20;2025-03-05;0.0;BA.2.x
BA.2.3.20;2025-03-12;0.0;BA.2.x
BA.2.3.20;2025-03-19;0.0;BA.2.x
BA.2.3.20;2025-03-26;0.0;BA.2.x
BA.2.3.20;2025-04-02;0.0;BA.2.x
BA.2.3.20;2025-04-09;0.0;BA.2.x
BA.2.3.20;2025-04-16;0.0;BA.2.x
BA.2.3.20;2025-04-23;0.0;BA.2.x
BA.2.3.20;2025-04-30;0.0;BA.2.x
BA.2.3.20;2025-05-07;0.0;BA.2.x
BA.2.3.20;2025-05-14;0.0;BA.2.x
BA.2.3.20;2025-05-21;0.0;BA.2.x
BA.2.3.20;2025-05-28;0.0;BA.2.x
BA.2.3.20;2025-06-04;0.0;BA.2.x
BA.2.3.20;2025-06-11;0.0;BA.2.x
BA.2.3.20;2025-06-18;0.0;BA.2.x
BA.2.3.20;2025-06-25;0.0;BA.2.x
BA.2.3.20;2025-07-02;0.0;BA.2.x
BA.2.3.20;2025-07-09;0.0;BA.2.x
BA.2;2022-09-21;0.002;BA.2.x
BA.2;2022-09-28;0.007;BA.2.x
BA.2;2022-10-05;0.024;BA.2.x
BA.2;2022-10-12;0.001;BA.2.x
BA.2;2022-10-19;0.026;BA.2.x
BA.2;2022-10-26;0.024;BA.2.x
BA.2;2022-11-02;0.026;BA.2.x
BA.2;2022-11-09;0.024;BA.2.x
BA.2;2022-11-16;0.041;BA.2.x
BA.2;2022-11-23;0.032;BA.2.x
BA.2;2022-11-30;0.025;BA.2.x
BA.2;2022-12-07;0.02;BA.2.x
BA.2;2022-12-14;0.021;BA.2.x
BA.2;2022-12-21;0.028;BA.2.x
BA.2;2022-12-28;0.081;BA.2.x
BA.2;2023-01-04;0.056;BA.2.x
BA.2;2023-01-11;0.019;BA.2.x
BA.2;2023-01-18;0.071;BA.2.x
BA.2;2023-01-25;0.049;BA.2.x
BA.2;2023-02-01;0.063;BA.2.x
BA.2;2023-02-08;0.03;BA.2.x
BA.2;2023-02-15;0.038;BA.2.x
BA.2;2023-02-22;0.046;BA.2.x
BA.2;2023-03-01;0.043;BA.2.x
BA.2;2023-03-08;0.025;BA.2.x
BA.2;2023-03-15;0.02;BA.2.x
BA.2;2023-03-22;0.017;BA.2.x
BA.2;2023-03-29;0.008;BA.2.x
BA.2;2023-04-05;0.001;BA.2.x
BA.2;2023-04-12;0.003;BA.2.x
BA.2;2023-04-19;0.001;BA.2.x
BA.2;2023-04-26;0.012;BA.2.x
BA.2;2023-05-03;0.005;BA.2.x
BA.2;2023-05-10;0.012;BA.2.x
BA.2;2023-05-17;0.0;BA.2.x
BA.2;2023-05-24;0.001;BA.2.x
BA.2;2023-05-31;0.0;BA.2.x
BA.2;2023-06-07;0.0;BA.2.x
BA.2;2023-06-14;0.0;BA.2.x
BA.2;2023-06-21;0.0;BA.2.x
BA.2;2023-06-28;0.0;BA.2.x
BA.2;2023-07-05;0.0;BA.2.x
BA.2;2023-07-12;0.004;BA.2.x
BA.2;2023-07-19;0.004;BA.2.x
BA.2;2023-07-26;0.0;BA.2.x
BA.2;2023-08-02;0.0;BA.2.x
BA.2;2023-08-09;0.0;BA.2.x
BA.2;2023-08-16;0.001;BA.2.x
BA.2;2023-08-23;0.001;BA.2.x
BA.2;2023-08-30;0.0;BA.2.x
BA.2;2023-09-06;0.001;BA.2.x
BA.2;2023-09-13;0.0;BA.2.x
BA.2;2023-09-20;0.001;BA.2.x
BA.2;2023-09-27;0.0;BA.2.x
BA.2;2023-10-04;0.0;BA.2.x
BA.2;2023-10-11;0.001;BA.2.x
BA.2;2023-10-18;0.005;BA.2.x
BA.2;2023-10-25;0.0;BA.2.x
BA.2;2023-11-01;0.0;BA.2.x
BA.2;2023-11-08;0.002;BA.2.x
BA.2;2023-11-15;0.0;BA.2.x
BA.2;2023-11-22;0.0;BA.2.x
BA.2;2023-11-29;0.002;BA.2.x
BA.2;2023-12-06;0.001;BA.2.x
BA.2;2023-12-13;0.001;BA.2.x
BA.2;2023-12-20;0.001;BA.2.x
BA.2;2023-12-27;0.0;BA.2.x
BA.2;2024-01-03;0.002;BA.2.x
BA.2;2024-01-10;0.005;BA.2.x
BA.2;2024-01-17;0.011;BA.2.x
BA.2;2024-01-24;0.006;BA.2.x
BA.2;2024-01-31;0.02;BA.2.x
BA.2;2024-02-07;0.005;BA.2.x
BA.2;2024-02-14;0.002;BA.2.x
BA.2;2024-02-21;0.005;BA.2.x
BA.2;2024-02-28;0.034;BA.2.x
BA.2;2024-03-06;0.002;BA.2.x
BA.2;2024-03-13;0.003;BA.2.x
BA.2;2024-03-20;0.002;BA.2.x
BA.2;2024-03-27;0.001;BA.2.x
BA.2;2024-04-03;0.0;BA.2.x
BA.2;2024-04-10;0.0;BA.2.x
BA.2;2024-04-17;0.0;BA.2.x
BA.2;2024-04-24;0.0;BA.2.x
BA.2;2024-05-01;0.029;BA.2.x
BA.2;2024-05-08;0.003;BA.2.x
BA.2;2024-05-15;0.037;BA.2.x
BA.2;2024-05-22;0.002;BA.2.x
BA.2;2024-05-29;0.0;BA.2.x
BA.2;2024-06-05;0.001;BA.2.x
BA.2;2024-06-12;0.0;BA.2.x
BA.2;2024-06-19;0.0;BA.2.x
BA.2;2024-06-26;0.002;BA.2.x
BA.2;2024-07-03;0.005;BA.2.x
BA.2;2024-07-10;0.005;BA.2.x
BA.2;2024-07-17;0.003;BA.2.x
BA.2;2024-07-24;0.003;BA.2.x
BA.2;2024-07-31;0.0;BA.2.x
BA.2;2024-08-07;0.002;BA.2.x
BA.2;2024-08-14;0.036;BA.2.x
BA.2;2024-08-21;0.002;BA.2.x
BA.2;2024-08-28;0.002;BA.2.x
BA.2;2024-09-04;0.001;BA.2.x
BA.2;2024-09-11;0.001;BA.2.x
BA.2;2024-09-18;0.001;BA.2.x
BA.2;2024-09-25;0.0;BA.2.x
BA.2;2024-10-02;0.0;BA.2.x
BA.2;2024-10-09;0.0;BA.2.x
BA.2;2024-10-16;0.0;BA.2.x
BA.2;2024-10-23;0.0;BA.2.x
BA.2;2024-10-30;0.0;BA.2.x
BA.2;2024-11-06;0.0;BA.2.x
BA.2;2024-11-13;0.0;BA.2.x
BA.2;2024-11-20;0.0;BA.2.x
BA.2;2024-11-27;0.0;BA.2.x
BA.2;2024-12-04;0.0;BA.2.x
BA.2;2024-12-11;0.001;BA.2.x
BA.2;2024-12-18;0.0;BA.2.x
BA.2;2024-12-25;0.002;BA.2.x
BA.2;2025-01-01;0.002;BA.2.x
BA.2;2025-01-08;0.0;BA.2.x
BA.2;2025-01-15;0.0;BA.2.x
BA.2;2025-01-22;0.004;BA.2.x
BA.2;2025-01-29;0.0;BA.2.x
BA.2;2025-02-05;0.001;BA.2.x
BA.2;2025-02-12;0.001;BA.2.x
BA.2;2025-02-19;0.0;BA.2.x
BA.2;2025-02-26;0.001;BA.2.x
BA.2;2025-03-05;0.0;BA.2.x
BA.2;2025-03-12;0.0;BA.2.x
BA.2;2025-03-19;0.001;BA.2.x
BA.2;2025-03-26;0.0;BA.2.x
BA.2;2025-04-02;0.0;BA.2.x
BA.2;2025-04-09;0.0;BA.2.x
BA.2;2025-04-16;0.0;BA.2.x
BA.2;2025-04-23;0.002;BA.2.x
BA.2;2025-04-30;0.002;BA.2.x
BA.2;2025-05-07;0.0;BA.2.x
BA.2;2025-05-14;0.001;BA.2.x
BA.2;2025-05-21;0.0;BA.2.x
BA.2;2025-05-28;0.001;BA.2.x
BA.2;2025-06-04;0.0;BA.2.x
BA.2;2025-06-11;0.015;BA.2.x
BA.2;2025-06-18;0.0;BA.2.x
BA.2;2025-06-25;0.0;BA.2.x
BA.2;2025-07-02;0.0;BA.2.x
BA.2;2025-07-09;0.0;BA.2.x
