Variante;Datum;Anteil [%];Gruppenzuordnung
XEK;2022-09-21;0.0;sonstige
XEK;2022-09-28;0.0;sonstige
XEK;2022-10-05;0.0;sonstige
XEK;2022-10-12;0.0;sonstige
XEK;2022-10-19;0.0;sonstige
XEK;2022-10-26;0.0;sonstige
XEK;2022-11-02;0.0;sonstige
XEK;2022-11-09;0.0;sonstige
XEK;2022-11-16;0.0;sonstige
XEK;2022-11-23;0.0;sonstige
XEK;2022-11-30;0.0;sonstige
XEK;2022-12-07;0.0;sonstige
XEK;2022-12-14;0.0;sonstige
XEK;2022-12-21;0.0;sonstige
XEK;2022-12-28;0.0;sonstige
XEK;2023-01-04;0.0;sonstige
XEK;2023-01-11;0.0;sonstige
XEK;2023-01-18;0.0;sonstige
XEK;2023-01-25;0.0;sonstige
XEK;2023-02-01;0.0;sonstige
XEK;2023-02-08;0.0;sonstige
XEK;2023-02-15;0.0;sonstige
XEK;2023-02-22;0.0;sonstige
XEK;2023-03-01;0.0;sonstige
XEK;2023-03-08;0.0;sonstige
XEK;2023-03-15;0.0;sonstige
XEK;2023-03-22;0.0;sonstige
XEK;2023-03-29;0.0;sonstige
XEK;2023-04-05;0.0;sonstige
XEK;2023-04-12;0.0;sonstige
XEK;2023-04-19;0.0;sonstige
XEK;2023-04-26;0.0;sonstige
XEK;2023-05-03;0.0;sonstige
XEK;2023-05-10;0.0;sonstige
XEK;2023-05-17;0.0;sonstige
XEK;2023-05-24;0.0;sonstige
XEK;2023-05-31;0.0;sonstige
XEK;2023-06-07;0.0;sonstige
XEK;2023-06-14;0.0;sonstige
XEK;2023-06-21;0.0;sonstige
XEK;2023-06-28;0.0;sonstige
XEK;2023-07-05;0.0;sonstige
XEK;2023-07-12;0.0;sonstige
XEK;2023-07-19;0.0;sonstige
XEK;2023-07-26;0.0;sonstige
XEK;2023-08-02;0.0;sonstige
XEK;2023-08-09;0.0;sonstige
XEK;2023-08-16;0.0;sonstige
XEK;2023-08-23;0.0;sonstige
XEK;2023-08-30;0.0;sonstige
XEK;2023-09-06;0.0;sonstige
XEK;2023-09-13;0.0;sonstige
XEK;2023-09-20;0.0;sonstige
XEK;2023-09-27;0.0;sonstige
XEK;2023-10-04;0.0;sonstige
XEK;2023-10-11;0.0;sonstige
XEK;2023-10-18;0.0;sonstige
XEK;2023-10-25;0.0;sonstige
XEK;2023-11-01;0.0;sonstige
XEK;2023-11-08;0.0;sonstige
XEK;2023-11-15;0.0;sonstige
XEK;2023-11-22;0.0;sonstige
XEK;2023-11-29;0.0;sonstige
XEK;2023-12-06;0.0;sonstige
XEK;2023-12-13;0.0;sonstige
XEK;2023-12-20;0.0;sonstige
XEK;2023-12-27;0.0;sonstige
XEK;2024-01-03;0.0;sonstige
XEK;2024-01-10;0.0;sonstige
XEK;2024-01-17;0.0;sonstige
XEK;2024-01-24;0.0;sonstige
XEK;2024-01-31;0.0;sonstige
XEK;2024-02-07;0.0;sonstige
XEK;2024-02-14;0.0;sonstige
XEK;2024-02-21;0.0;sonstige
XEK;2024-02-28;0.0;sonstige
XEK;2024-03-06;0.0;sonstige
XEK;2024-03-13;0.0;sonstige
XEK;2024-03-20;0.0;sonstige
XEK;2024-03-27;0.0;sonstige
XEK;2024-04-03;0.0;sonstige
XEK;2024-04-10;0.0;sonstige
XEK;2024-04-17;0.0;sonstige
XEK;2024-04-24;0.0;sonstige
XEK;2024-05-01;0.0;sonstige
XEK;2024-05-08;0.0;sonstige
XEK;2024-05-15;0.0;sonstige
XEK;2024-05-22;0.0;sonstige
XEK;2024-05-29;0.0;sonstige
XEK;2024-06-05;0.006;sonstige
XEK;2024-06-12;0.0;sonstige
XEK;2024-06-19;0.007;sonstige
XEK;2024-06-26;0.0;sonstige
XEK;2024-07-03;0.001;sonstige
XEK;2024-07-10;0.0;sonstige
XEK;2024-07-17;0.0;sonstige
XEK;2024-07-24;0.0;sonstige
XEK;2024-07-31;0.0;sonstige
XEK;2024-08-07;0.003;sonstige
XEK;2024-08-14;0.001;sonstige
XEK;2024-08-21;0.002;sonstige
XEK;2024-08-28;0.004;sonstige
XEK;2024-09-04;0.005;sonstige
XEK;2024-09-11;0.016;sonstige
XEK;2024-09-18;0.031;sonstige
XEK;2024-09-25;0.048;sonstige
XEK;2024-10-02;0.042;sonstige
XEK;2024-10-09;0.064;sonstige
XEK;2024-10-16;0.052;sonstige
XEK;2024-10-23;0.055;sonstige
XEK;2024-10-30;0.069;sonstige
XEK;2024-11-06;0.066;sonstige
XEK;2024-11-13;0.073;sonstige
XEK;2024-11-20;0.062;sonstige
XEK;2024-11-27;0.054;sonstige
XEK;2024-12-04;0.054;sonstige
XEK;2024-12-11;0.085;sonstige
XEK;2024-12-18;0.055;sonstige
XEK;2024-12-25;0.042;sonstige
XEK;2025-01-01;0.101;sonstige
XEK;2025-01-08;0.104;sonstige
XEK;2025-01-15;0.066;sonstige
XEK;2025-01-22;0.087;sonstige
XEK;2025-01-29;0.111;sonstige
XEK;2025-02-05;0.061;sonstige
XEK;2025-02-12;0.014;sonstige
XEK;2025-02-19;0.018;sonstige
XEK;2025-02-26;0.027;sonstige
XEK;2025-03-05;0.019;sonstige
XEK;2025-03-12;0.029;sonstige
XEK;2025-03-19;0.016;sonstige
XEK;2025-03-26;0.02;sonstige
XEC;2022-09-21;0.0;sonstige
XEC;2022-09-28;0.0;sonstige
XEC;2022-10-05;0.0;sonstige
XEC;2022-10-12;0.0;sonstige
XEC;2022-10-19;0.0;sonstige
XEC;2022-10-26;0.0;sonstige
XEC;2022-11-02;0.0;sonstige
XEC;2022-11-09;0.0;sonstige
XEC;2022-11-16;0.0;sonstige
XEC;2022-11-23;0.0;sonstige
XEC;2022-11-30;0.0;sonstige
XEC;2022-12-07;0.0;sonstige
XEC;2022-12-14;0.0;sonstige
XEC;2022-12-21;0.0;sonstige
XEC;2022-12-28;0.0;sonstige
XEC;2023-01-04;0.0;sonstige
XEC;2023-01-11;0.0;sonstige
XEC;2023-01-18;0.0;sonstige
XEC;2023-01-25;0.0;sonstige
XEC;2023-02-01;0.0;sonstige
XEC;2023-02-08;0.0;sonstige
XEC;2023-02-15;0.0;sonstige
XEC;2023-02-22;0.0;sonstige
XEC;2023-03-01;0.0;sonstige
XEC;2023-03-08;0.0;sonstige
XEC;2023-03-15;0.0;sonstige
XEC;2023-03-22;0.0;sonstige
XEC;2023-03-29;0.0;sonstige
XEC;2023-04-05;0.0;sonstige
XEC;2023-04-12;0.0;sonstige
XEC;2023-04-19;0.0;sonstige
XEC;2023-04-26;0.0;sonstige
XEC;2023-05-03;0.0;sonstige
XEC;2023-05-10;0.0;sonstige
XEC;2023-05-17;0.0;sonstige
XEC;2023-05-24;0.0;sonstige
XEC;2023-05-31;0.0;sonstige
XEC;2023-06-07;0.0;sonstige
XEC;2023-06-14;0.0;sonstige
XEC;2023-06-21;0.0;sonstige
XEC;2023-06-28;0.0;sonstige
XEC;2023-07-05;0.0;sonstige
XEC;2023-07-12;0.0;sonstige
XEC;2023-07-19;0.0;sonstige
XEC;2023-07-26;0.0;sonstige
XEC;2023-08-02;0.0;sonstige
XEC;2023-08-09;0.0;sonstige
XEC;2023-08-16;0.0;sonstige
XEC;2023-08-23;0.0;sonstige
XEC;2023-08-30;0.0;sonstige
XEC;2023-09-06;0.0;sonstige
XEC;2023-09-13;0.0;sonstige
XEC;2023-09-20;0.0;sonstige
XEC;2023-09-27;0.0;sonstige
XEC;2023-10-04;0.0;sonstige
XEC;2023-10-11;0.0;sonstige
XEC;2023-10-18;0.0;sonstige
XEC;2023-10-25;0.0;sonstige
XEC;2023-11-01;0.0;sonstige
XEC;2023-11-08;0.0;sonstige
XEC;2023-11-15;0.0;sonstige
XEC;2023-11-22;0.0;sonstige
XEC;2023-11-29;0.0;sonstige
XEC;2023-12-06;0.0;sonstige
XEC;2023-12-13;0.0;sonstige
XEC;2023-12-20;0.0;sonstige
XEC;2023-12-27;0.0;sonstige
XEC;2024-01-03;0.0;sonstige
XEC;2024-01-10;0.0;sonstige
XEC;2024-01-17;0.0;sonstige
XEC;2024-01-24;0.0;sonstige
XEC;2024-01-31;0.001;sonstige
XEC;2024-02-07;0.0;sonstige
XEC;2024-02-14;0.0;sonstige
XEC;2024-02-21;0.0;sonstige
XEC;2024-02-28;0.0;sonstige
XEC;2024-03-06;0.0;sonstige
XEC;2024-03-13;0.0;sonstige
XEC;2024-03-20;0.0;sonstige
XEC;2024-03-27;0.0;sonstige
XEC;2024-04-03;0.0;sonstige
XEC;2024-04-10;0.0;sonstige
XEC;2024-04-17;0.0;sonstige
XEC;2024-04-24;0.0;sonstige
XEC;2024-05-01;0.0;sonstige
XEC;2024-05-08;0.0;sonstige
XEC;2024-05-15;0.0;sonstige
XEC;2024-05-22;0.0;sonstige
XEC;2024-05-29;0.0;sonstige
XEC;2024-06-05;0.0;sonstige
XEC;2024-06-12;0.0;sonstige
XEC;2024-06-19;0.0;sonstige
XEC;2024-06-26;0.001;sonstige
XEC;2024-07-03;0.001;sonstige
XEC;2024-07-10;0.006;sonstige
XEC;2024-07-17;0.002;sonstige
XEC;2024-07-24;0.007;sonstige
XEC;2024-07-31;0.011;sonstige
XEC;2024-08-07;0.023;sonstige
XEC;2024-08-14;0.023;sonstige
XEC;2024-08-21;0.056;sonstige
XEC;2024-08-28;0.073;sonstige
XEC;2024-09-04;0.12;sonstige
XEC;2024-09-11;0.158;sonstige
XEC;2024-09-18;0.162;sonstige
XEC;2024-09-25;0.172;sonstige
XEC;2024-10-02;0.219;sonstige
XEC;2024-10-09;0.238;sonstige
XEC;2024-10-16;0.278;sonstige
XEC;2024-10-23;0.242;sonstige
XEC;2024-10-30;0.324;sonstige
XEC;2024-11-06;0.355;sonstige
XEC;2024-11-13;0.368;sonstige
XEC;2024-11-20;0.335;sonstige
XEC;2024-11-27;0.338;sonstige
XEC;2024-12-04;0.39;sonstige
XEC;2024-12-11;0.376;sonstige
XEC;2024-12-18;0.436;sonstige
XEC;2024-12-25;0.491;sonstige
XEC;2025-01-01;0.472;sonstige
XEC;2025-01-08;0.287;sonstige
XEC;2025-01-15;0.314;sonstige
XEC;2025-01-22;0.361;sonstige
XEC;2025-01-29;0.389;sonstige
XEC;2025-02-05;0.333;sonstige
XEC;2025-02-12;0.265;sonstige
XEC;2025-02-19;0.224;sonstige
XEC;2025-02-26;0.298;sonstige
XEC;2025-03-05;0.24;sonstige
XEC;2025-03-12;0.111;sonstige
XEC;2025-03-19;0.067;sonstige
XEC;2025-03-26;0.055;sonstige
XDK.1;2022-09-21;0.0;sonstige
XDK.1;2022-09-28;0.0;sonstige
XDK.1;2022-10-05;0.0;sonstige
XDK.1;2022-10-12;0.0;sonstige
XDK.1;2022-10-19;0.0;sonstige
XDK.1;2022-10-26;0.0;sonstige
XDK.1;2022-11-02;0.0;sonstige
XDK.1;2022-11-09;0.0;sonstige
XDK.1;2022-11-16;0.0;sonstige
XDK.1;2022-11-23;0.0;sonstige
XDK.1;2022-11-30;0.0;sonstige
XDK.1;2022-12-07;0.0;sonstige
XDK.1;2022-12-14;0.0;sonstige
XDK.1;2022-12-21;0.0;sonstige
XDK.1;2022-12-28;0.0;sonstige
XDK.1;2023-01-04;0.0;sonstige
XDK.1;2023-01-11;0.0;sonstige
XDK.1;2023-01-18;0.0;sonstige
XDK.1;2023-01-25;0.0;sonstige
XDK.1;2023-02-01;0.0;sonstige
XDK.1;2023-02-08;0.0;sonstige
XDK.1;2023-02-15;0.0;sonstige
XDK.1;2023-02-22;0.0;sonstige
XDK.1;2023-03-01;0.0;sonstige
XDK.1;2023-03-08;0.0;sonstige
XDK.1;2023-03-15;0.0;sonstige
XDK.1;2023-03-22;0.0;sonstige
XDK.1;2023-03-29;0.0;sonstige
XDK.1;2023-04-05;0.0;sonstige
XDK.1;2023-04-12;0.0;sonstige
XDK.1;2023-04-19;0.0;sonstige
XDK.1;2023-04-26;0.0;sonstige
XDK.1;2023-05-03;0.0;sonstige
XDK.1;2023-05-10;0.0;sonstige
XDK.1;2023-05-17;0.0;sonstige
XDK.1;2023-05-24;0.0;sonstige
XDK.1;2023-05-31;0.0;sonstige
XDK.1;2023-06-07;0.0;sonstige
XDK.1;2023-06-14;0.0;sonstige
XDK.1;2023-06-21;0.0;sonstige
XDK.1;2023-06-28;0.0;sonstige
XDK.1;2023-07-05;0.0;sonstige
XDK.1;2023-07-12;0.0;sonstige
XDK.1;2023-07-19;0.0;sonstige
XDK.1;2023-07-26;0.0;sonstige
XDK.1;2023-08-02;0.0;sonstige
XDK.1;2023-08-09;0.0;sonstige
XDK.1;2023-08-16;0.0;sonstige
XDK.1;2023-08-23;0.0;sonstige
XDK.1;2023-08-30;0.0;sonstige
XDK.1;2023-09-06;0.0;sonstige
XDK.1;2023-09-13;0.0;sonstige
XDK.1;2023-09-20;0.0;sonstige
XDK.1;2023-09-27;0.0;sonstige
XDK.1;2023-10-04;0.0;sonstige
XDK.1;2023-10-11;0.0;sonstige
XDK.1;2023-10-18;0.0;sonstige
XDK.1;2023-10-25;0.0;sonstige
XDK.1;2023-11-01;0.0;sonstige
XDK.1;2023-11-08;0.0;sonstige
XDK.1;2023-11-15;0.0;sonstige
XDK.1;2023-11-22;0.0;sonstige
XDK.1;2023-11-29;0.0;sonstige
XDK.1;2023-12-06;0.0;sonstige
XDK.1;2023-12-13;0.0;sonstige
XDK.1;2023-12-20;0.0;sonstige
XDK.1;2023-12-27;0.0;sonstige
XDK.1;2024-01-03;0.0;sonstige
XDK.1;2024-01-10;0.0;sonstige
XDK.1;2024-01-17;0.0;sonstige
XDK.1;2024-01-24;0.002;sonstige
XDK.1;2024-01-31;0.001;sonstige
XDK.1;2024-02-07;0.0;sonstige
XDK.1;2024-02-14;0.0;sonstige
XDK.1;2024-02-21;0.0;sonstige
XDK.1;2024-02-28;0.0;sonstige
XDK.1;2024-03-06;0.007;sonstige
XDK.1;2024-03-13;0.043;sonstige
XDK.1;2024-03-20;0.005;sonstige
XDK.1;2024-03-27;0.0;sonstige
XDK.1;2024-04-03;0.001;sonstige
XDK.1;2024-04-10;0.007;sonstige
XDK.1;2024-04-17;0.002;sonstige
XDK.1;2024-04-24;0.004;sonstige
XDK.1;2024-05-01;0.056;sonstige
XDK.1;2024-05-08;0.029;sonstige
XDK.1;2024-05-15;0.033;sonstige
XDK.1;2024-05-22;0.0;sonstige
XDK.1;2024-05-29;0.001;sonstige
XDK.1;2024-06-05;0.001;sonstige
XDK.1;2024-06-12;0.003;sonstige
XDK.1;2024-06-19;0.003;sonstige
XDK.1;2024-06-26;0.001;sonstige
XDK.1;2024-07-03;0.005;sonstige
XDK.1;2024-07-10;0.0;sonstige
XDK.1;2024-07-17;0.0;sonstige
XDK.1;2024-07-24;0.0;sonstige
XDK.1;2024-07-31;0.0;sonstige
XDK.1;2024-08-07;0.0;sonstige
XDK.1;2024-08-14;0.0;sonstige
XDK.1;2024-08-21;0.0;sonstige
XDK.1;2024-08-28;0.0;sonstige
XDK.1;2024-09-04;0.0;sonstige
XDK.1;2024-09-11;0.0;sonstige
XDK.1;2024-09-18;0.0;sonstige
XDK.1;2024-09-25;0.0;sonstige
XDK.1;2024-10-02;0.0;sonstige
XDK.1;2024-10-09;0.0;sonstige
XDK.1;2024-10-16;0.0;sonstige
XDK.1;2024-10-23;0.0;sonstige
XDK.1;2024-10-30;0.0;sonstige
XDK.1;2024-11-06;0.0;sonstige
XDK.1;2024-11-13;0.0;sonstige
XDK.1;2024-11-20;0.0;sonstige
XDK.1;2024-11-27;0.0;sonstige
XDK.1;2024-12-04;0.0;sonstige
XDK.1;2024-12-11;0.0;sonstige
XDK.1;2024-12-18;0.0;sonstige
XDK.1;2024-12-25;0.0;sonstige
XDK.1;2025-01-01;0.0;sonstige
XDK.1;2025-01-08;0.0;sonstige
XDK.1;2025-01-15;0.0;sonstige
XDK.1;2025-01-22;0.0;sonstige
XDK.1;2025-01-29;0.0;sonstige
XDK.1;2025-02-05;0.0;sonstige
XDK.1;2025-02-12;0.0;sonstige
XDK.1;2025-02-19;0.0;sonstige
XDK.1;2025-02-26;0.0;sonstige
XDK.1;2025-03-05;0.0;sonstige
XDK.1;2025-03-12;0.0;sonstige
XDK.1;2025-03-19;0.0;sonstige
XDK.1;2025-03-26;0.0;sonstige
NY.3;2022-09-21;0.0;sonstige
NY.3;2022-09-28;0.0;sonstige
NY.3;2022-10-05;0.0;sonstige
NY.3;2022-10-12;0.0;sonstige
NY.3;2022-10-19;0.0;sonstige
NY.3;2022-10-26;0.0;sonstige
NY.3;2022-11-02;0.0;sonstige
NY.3;2022-11-09;0.0;sonstige
NY.3;2022-11-16;0.0;sonstige
NY.3;2022-11-23;0.0;sonstige
NY.3;2022-11-30;0.0;sonstige
NY.3;2022-12-07;0.0;sonstige
NY.3;2022-12-14;0.0;sonstige
NY.3;2022-12-21;0.0;sonstige
NY.3;2022-12-28;0.0;sonstige
NY.3;2023-01-04;0.0;sonstige
NY.3;2023-01-11;0.0;sonstige
NY.3;2023-01-18;0.0;sonstige
NY.3;2023-01-25;0.0;sonstige
NY.3;2023-02-01;0.0;sonstige
NY.3;2023-02-08;0.0;sonstige
NY.3;2023-02-15;0.0;sonstige
NY.3;2023-02-22;0.0;sonstige
NY.3;2023-03-01;0.0;sonstige
NY.3;2023-03-08;0.0;sonstige
NY.3;2023-03-15;0.0;sonstige
NY.3;2023-03-22;0.0;sonstige
NY.3;2023-03-29;0.0;sonstige
NY.3;2023-04-05;0.0;sonstige
NY.3;2023-04-12;0.0;sonstige
NY.3;2023-04-19;0.0;sonstige
NY.3;2023-04-26;0.0;sonstige
NY.3;2023-05-03;0.0;sonstige
NY.3;2023-05-10;0.0;sonstige
NY.3;2023-05-17;0.0;sonstige
NY.3;2023-05-24;0.0;sonstige
NY.3;2023-05-31;0.0;sonstige
NY.3;2023-06-07;0.0;sonstige
NY.3;2023-06-14;0.0;sonstige
NY.3;2023-06-21;0.0;sonstige
NY.3;2023-06-28;0.0;sonstige
NY.3;2023-07-05;0.0;sonstige
NY.3;2023-07-12;0.0;sonstige
NY.3;2023-07-19;0.0;sonstige
NY.3;2023-07-26;0.0;sonstige
NY.3;2023-08-02;0.0;sonstige
NY.3;2023-08-09;0.0;sonstige
NY.3;2023-08-16;0.0;sonstige
NY.3;2023-08-23;0.0;sonstige
NY.3;2023-08-30;0.0;sonstige
NY.3;2023-09-06;0.0;sonstige
NY.3;2023-09-13;0.0;sonstige
NY.3;2023-09-20;0.0;sonstige
NY.3;2023-09-27;0.0;sonstige
NY.3;2023-10-04;0.0;sonstige
NY.3;2023-10-11;0.0;sonstige
NY.3;2023-10-18;0.0;sonstige
NY.3;2023-10-25;0.0;sonstige
NY.3;2023-11-01;0.0;sonstige
NY.3;2023-11-08;0.0;sonstige
NY.3;2023-11-15;0.0;sonstige
NY.3;2023-11-22;0.0;sonstige
NY.3;2023-11-29;0.0;sonstige
NY.3;2023-12-06;0.0;sonstige
NY.3;2023-12-13;0.0;sonstige
NY.3;2023-12-20;0.0;sonstige
NY.3;2023-12-27;0.0;sonstige
NY.3;2024-01-03;0.0;sonstige
NY.3;2024-01-10;0.0;sonstige
NY.3;2024-01-17;0.0;sonstige
NY.3;2024-01-24;0.0;sonstige
NY.3;2024-01-31;0.0;sonstige
NY.3;2024-02-07;0.0;sonstige
NY.3;2024-02-14;0.0;sonstige
NY.3;2024-02-21;0.0;sonstige
NY.3;2024-02-28;0.0;sonstige
NY.3;2024-03-06;0.0;sonstige
NY.3;2024-03-13;0.0;sonstige
NY.3;2024-03-20;0.0;sonstige
NY.3;2024-03-27;0.0;sonstige
NY.3;2024-04-03;0.0;sonstige
NY.3;2024-04-10;0.0;sonstige
NY.3;2024-04-17;0.0;sonstige
NY.3;2024-04-24;0.0;sonstige
NY.3;2024-05-01;0.0;sonstige
NY.3;2024-05-08;0.0;sonstige
NY.3;2024-05-15;0.0;sonstige
NY.3;2024-05-22;0.0;sonstige
NY.3;2024-05-29;0.0;sonstige
NY.3;2024-06-05;0.0;sonstige
NY.3;2024-06-12;0.0;sonstige
NY.3;2024-06-19;0.0;sonstige
NY.3;2024-06-26;0.0;sonstige
NY.3;2024-07-03;0.0;sonstige
NY.3;2024-07-10;0.0;sonstige
NY.3;2024-07-17;0.0;sonstige
NY.3;2024-07-24;0.0;sonstige
NY.3;2024-07-31;0.0;sonstige
NY.3;2024-08-07;0.0;sonstige
NY.3;2024-08-14;0.0;sonstige
NY.3;2024-08-21;0.0;sonstige
NY.3;2024-08-28;0.0;sonstige
NY.3;2024-09-04;0.0;sonstige
NY.3;2024-09-11;0.001;sonstige
NY.3;2024-09-18;0.001;sonstige
NY.3;2024-09-25;0.001;sonstige
NY.3;2024-10-02;0.0;sonstige
NY.3;2024-10-09;0.0;sonstige
NY.3;2024-10-16;0.0;sonstige
NY.3;2024-10-23;0.0;sonstige
NY.3;2024-10-30;0.0;sonstige
NY.3;2024-11-06;0.0;sonstige
NY.3;2024-11-13;0.005;sonstige
NY.3;2024-11-20;0.003;sonstige
NY.3;2024-11-27;0.008;sonstige
NY.3;2024-12-04;0.004;sonstige
NY.3;2024-12-11;0.004;sonstige
NY.3;2024-12-18;0.004;sonstige
NY.3;2024-12-25;0.006;sonstige
NY.3;2025-01-01;0.0;sonstige
NY.3;2025-01-08;0.0;sonstige
NY.3;2025-01-15;0.021;sonstige
NY.3;2025-01-22;0.046;sonstige
NY.3;2025-01-29;0.051;sonstige
NY.3;2025-02-05;0.058;sonstige
NY.3;2025-02-12;0.03;sonstige
NY.3;2025-02-19;0.094;sonstige
NY.3;2025-02-26;0.004;sonstige
NY.3;2025-03-05;0.004;sonstige
NY.3;2025-03-12;0.004;sonstige
NY.3;2025-03-19;0.004;sonstige
NY.3;2025-03-26;0.059;sonstige
NL.3;2022-09-21;0.0;sonstige
NL.3;2022-09-28;0.0;sonstige
NL.3;2022-10-05;0.0;sonstige
NL.3;2022-10-12;0.0;sonstige
NL.3;2022-10-19;0.0;sonstige
NL.3;2022-10-26;0.0;sonstige
NL.3;2022-11-02;0.0;sonstige
NL.3;2022-11-09;0.0;sonstige
NL.3;2022-11-16;0.0;sonstige
NL.3;2022-11-23;0.0;sonstige
NL.3;2022-11-30;0.0;sonstige
NL.3;2022-12-07;0.0;sonstige
NL.3;2022-12-14;0.0;sonstige
NL.3;2022-12-21;0.0;sonstige
NL.3;2022-12-28;0.0;sonstige
NL.3;2023-01-04;0.0;sonstige
NL.3;2023-01-11;0.0;sonstige
NL.3;2023-01-18;0.0;sonstige
NL.3;2023-01-25;0.0;sonstige
NL.3;2023-02-01;0.0;sonstige
NL.3;2023-02-08;0.0;sonstige
NL.3;2023-02-15;0.0;sonstige
NL.3;2023-02-22;0.0;sonstige
NL.3;2023-03-01;0.0;sonstige
NL.3;2023-03-08;0.0;sonstige
NL.3;2023-03-15;0.0;sonstige
NL.3;2023-03-22;0.0;sonstige
NL.3;2023-03-29;0.0;sonstige
NL.3;2023-04-05;0.0;sonstige
NL.3;2023-04-12;0.0;sonstige
NL.3;2023-04-19;0.0;sonstige
NL.3;2023-04-26;0.0;sonstige
NL.3;2023-05-03;0.0;sonstige
NL.3;2023-05-10;0.0;sonstige
NL.3;2023-05-17;0.0;sonstige
NL.3;2023-05-24;0.0;sonstige
NL.3;2023-05-31;0.0;sonstige
NL.3;2023-06-07;0.0;sonstige
NL.3;2023-06-14;0.0;sonstige
NL.3;2023-06-21;0.0;sonstige
NL.3;2023-06-28;0.0;sonstige
NL.3;2023-07-05;0.0;sonstige
NL.3;2023-07-12;0.0;sonstige
NL.3;2023-07-19;0.0;sonstige
NL.3;2023-07-26;0.0;sonstige
NL.3;2023-08-02;0.0;sonstige
NL.3;2023-08-09;0.0;sonstige
NL.3;2023-08-16;0.0;sonstige
NL.3;2023-08-23;0.0;sonstige
NL.3;2023-08-30;0.0;sonstige
NL.3;2023-09-06;0.0;sonstige
NL.3;2023-09-13;0.0;sonstige
NL.3;2023-09-20;0.0;sonstige
NL.3;2023-09-27;0.0;sonstige
NL.3;2023-10-04;0.0;sonstige
NL.3;2023-10-11;0.0;sonstige
NL.3;2023-10-18;0.0;sonstige
NL.3;2023-10-25;0.0;sonstige
NL.3;2023-11-01;0.0;sonstige
NL.3;2023-11-08;0.0;sonstige
NL.3;2023-11-15;0.0;sonstige
NL.3;2023-11-22;0.0;sonstige
NL.3;2023-11-29;0.0;sonstige
NL.3;2023-12-06;0.0;sonstige
NL.3;2023-12-13;0.0;sonstige
NL.3;2023-12-20;0.0;sonstige
NL.3;2023-12-27;0.0;sonstige
NL.3;2024-01-03;0.0;sonstige
NL.3;2024-01-10;0.0;sonstige
NL.3;2024-01-17;0.0;sonstige
NL.3;2024-01-24;0.0;sonstige
NL.3;2024-01-31;0.0;sonstige
NL.3;2024-02-07;0.0;sonstige
NL.3;2024-02-14;0.0;sonstige
NL.3;2024-02-21;0.0;sonstige
NL.3;2024-02-28;0.0;sonstige
NL.3;2024-03-06;0.0;sonstige
NL.3;2024-03-13;0.0;sonstige
NL.3;2024-03-20;0.0;sonstige
NL.3;2024-03-27;0.0;sonstige
NL.3;2024-04-03;0.0;sonstige
NL.3;2024-04-10;0.0;sonstige
NL.3;2024-04-17;0.0;sonstige
NL.3;2024-04-24;0.0;sonstige
NL.3;2024-05-01;0.0;sonstige
NL.3;2024-05-08;0.0;sonstige
NL.3;2024-05-15;0.0;sonstige
NL.3;2024-05-22;0.0;sonstige
NL.3;2024-05-29;0.0;sonstige
NL.3;2024-06-05;0.0;sonstige
NL.3;2024-06-12;0.0;sonstige
NL.3;2024-06-19;0.0;sonstige
NL.3;2024-06-26;0.0;sonstige
NL.3;2024-07-03;0.0;sonstige
NL.3;2024-07-10;0.001;sonstige
NL.3;2024-07-17;0.001;sonstige
NL.3;2024-07-24;0.001;sonstige
NL.3;2024-07-31;0.001;sonstige
NL.3;2024-08-07;0.001;sonstige
NL.3;2024-08-14;0.0;sonstige
NL.3;2024-08-21;0.0;sonstige
NL.3;2024-08-28;0.0;sonstige
NL.3;2024-09-04;0.001;sonstige
NL.3;2024-09-11;0.001;sonstige
NL.3;2024-09-18;0.002;sonstige
NL.3;2024-09-25;0.001;sonstige
NL.3;2024-10-02;0.003;sonstige
NL.3;2024-10-09;0.002;sonstige
NL.3;2024-10-16;0.003;sonstige
NL.3;2024-10-23;0.001;sonstige
NL.3;2024-10-30;0.013;sonstige
NL.3;2024-11-06;0.002;sonstige
NL.3;2024-11-13;0.001;sonstige
NL.3;2024-11-20;0.001;sonstige
NL.3;2024-11-27;0.002;sonstige
NL.3;2024-12-04;0.001;sonstige
NL.3;2024-12-11;0.002;sonstige
NL.3;2024-12-18;0.003;sonstige
NL.3;2024-12-25;0.002;sonstige
NL.3;2025-01-01;0.0;sonstige
NL.3;2025-01-08;0.0;sonstige
NL.3;2025-01-15;0.01;sonstige
NL.3;2025-01-22;0.007;sonstige
NL.3;2025-01-29;0.011;sonstige
NL.3;2025-02-05;0.021;sonstige
NL.3;2025-02-12;0.013;sonstige
NL.3;2025-02-19;0.005;sonstige
NL.3;2025-02-26;0.006;sonstige
NL.3;2025-03-05;0.014;sonstige
NL.3;2025-03-12;0.001;sonstige
NL.3;2025-03-19;0.0;sonstige
NL.3;2025-03-26;0.0;sonstige
MC.34;2022-09-21;0.0;sonstige
MC.34;2022-09-28;0.0;sonstige
MC.34;2022-10-05;0.0;sonstige
MC.34;2022-10-12;0.0;sonstige
MC.34;2022-10-19;0.0;sonstige
MC.34;2022-10-26;0.0;sonstige
MC.34;2022-11-02;0.0;sonstige
MC.34;2022-11-09;0.0;sonstige
MC.34;2022-11-16;0.0;sonstige
MC.34;2022-11-23;0.0;sonstige
MC.34;2022-11-30;0.0;sonstige
MC.34;2022-12-07;0.0;sonstige
MC.34;2022-12-14;0.0;sonstige
MC.34;2022-12-21;0.0;sonstige
MC.34;2022-12-28;0.0;sonstige
MC.34;2023-01-04;0.0;sonstige
MC.34;2023-01-11;0.0;sonstige
MC.34;2023-01-18;0.0;sonstige
MC.34;2023-01-25;0.0;sonstige
MC.34;2023-02-01;0.0;sonstige
MC.34;2023-02-08;0.0;sonstige
MC.34;2023-02-15;0.0;sonstige
MC.34;2023-02-22;0.0;sonstige
MC.34;2023-03-01;0.0;sonstige
MC.34;2023-03-08;0.0;sonstige
MC.34;2023-03-15;0.0;sonstige
MC.34;2023-03-22;0.0;sonstige
MC.34;2023-03-29;0.0;sonstige
MC.34;2023-04-05;0.0;sonstige
MC.34;2023-04-12;0.0;sonstige
MC.34;2023-04-19;0.0;sonstige
MC.34;2023-04-26;0.0;sonstige
MC.34;2023-05-03;0.0;sonstige
MC.34;2023-05-10;0.0;sonstige
MC.34;2023-05-17;0.0;sonstige
MC.34;2023-05-24;0.0;sonstige
MC.34;2023-05-31;0.0;sonstige
MC.34;2023-06-07;0.0;sonstige
MC.34;2023-06-14;0.0;sonstige
MC.34;2023-06-21;0.0;sonstige
MC.34;2023-06-28;0.0;sonstige
MC.34;2023-07-05;0.0;sonstige
MC.34;2023-07-12;0.0;sonstige
MC.34;2023-07-19;0.0;sonstige
MC.34;2023-07-26;0.0;sonstige
MC.34;2023-08-02;0.0;sonstige
MC.34;2023-08-09;0.0;sonstige
MC.34;2023-08-16;0.0;sonstige
MC.34;2023-08-23;0.0;sonstige
MC.34;2023-08-30;0.0;sonstige
MC.34;2023-09-06;0.0;sonstige
MC.34;2023-09-13;0.0;sonstige
MC.34;2023-09-20;0.0;sonstige
MC.34;2023-09-27;0.0;sonstige
MC.34;2023-10-04;0.0;sonstige
MC.34;2023-10-11;0.0;sonstige
MC.34;2023-10-18;0.0;sonstige
MC.34;2023-10-25;0.0;sonstige
MC.34;2023-11-01;0.0;sonstige
MC.34;2023-11-08;0.0;sonstige
MC.34;2023-11-15;0.0;sonstige
MC.34;2023-11-22;0.0;sonstige
MC.34;2023-11-29;0.0;sonstige
MC.34;2023-12-06;0.0;sonstige
MC.34;2023-12-13;0.0;sonstige
MC.34;2023-12-20;0.0;sonstige
MC.34;2023-12-27;0.0;sonstige
MC.34;2024-01-03;0.0;sonstige
MC.34;2024-01-10;0.0;sonstige
MC.34;2024-01-17;0.0;sonstige
MC.34;2024-01-24;0.0;sonstige
MC.34;2024-01-31;0.0;sonstige
MC.34;2024-02-07;0.0;sonstige
MC.34;2024-02-14;0.0;sonstige
MC.34;2024-02-21;0.0;sonstige
MC.34;2024-02-28;0.0;sonstige
MC.34;2024-03-06;0.0;sonstige
MC.34;2024-03-13;0.0;sonstige
MC.34;2024-03-20;0.0;sonstige
MC.34;2024-03-27;0.0;sonstige
MC.34;2024-04-03;0.0;sonstige
MC.34;2024-04-10;0.0;sonstige
MC.34;2024-04-17;0.0;sonstige
MC.34;2024-04-24;0.0;sonstige
MC.34;2024-05-01;0.0;sonstige
MC.34;2024-05-08;0.0;sonstige
MC.34;2024-05-15;0.0;sonstige
MC.34;2024-05-22;0.0;sonstige
MC.34;2024-05-29;0.0;sonstige
MC.34;2024-06-05;0.0;sonstige
MC.34;2024-06-12;0.001;sonstige
MC.34;2024-06-19;0.001;sonstige
MC.34;2024-06-26;0.002;sonstige
MC.34;2024-07-03;0.005;sonstige
MC.34;2024-07-10;0.008;sonstige
MC.34;2024-07-17;0.008;sonstige
MC.34;2024-07-24;0.014;sonstige
MC.34;2024-07-31;0.014;sonstige
MC.34;2024-08-07;0.011;sonstige
MC.34;2024-08-14;0.01;sonstige
MC.34;2024-08-21;0.01;sonstige
MC.34;2024-08-28;0.008;sonstige
MC.34;2024-09-04;0.022;sonstige
MC.34;2024-09-11;0.016;sonstige
MC.34;2024-09-18;0.015;sonstige
MC.34;2024-09-25;0.048;sonstige
MC.34;2024-10-02;0.031;sonstige
MC.34;2024-10-09;0.014;sonstige
MC.34;2024-10-16;0.016;sonstige
MC.34;2024-10-23;0.015;sonstige
MC.34;2024-10-30;0.014;sonstige
MC.34;2024-11-06;0.024;sonstige
MC.34;2024-11-13;0.02;sonstige
MC.34;2024-11-20;0.004;sonstige
MC.34;2024-11-27;0.006;sonstige
MC.34;2024-12-04;0.006;sonstige
MC.34;2024-12-11;0.007;sonstige
MC.34;2024-12-18;0.001;sonstige
MC.34;2024-12-25;0.001;sonstige
MC.34;2025-01-01;0.0;sonstige
MC.34;2025-01-08;0.007;sonstige
MC.34;2025-01-15;0.013;sonstige
MC.34;2025-01-22;0.008;sonstige
MC.34;2025-01-29;0.008;sonstige
MC.34;2025-02-05;0.012;sonstige
MC.34;2025-02-12;0.001;sonstige
MC.34;2025-02-19;0.002;sonstige
MC.34;2025-02-26;0.003;sonstige
MC.34;2025-03-05;0.004;sonstige
MC.34;2025-03-12;0.0;sonstige
MC.34;2025-03-19;0.0;sonstige
MC.34;2025-03-26;0.0;sonstige
MC.21.1;2022-09-21;0.0;sonstige
MC.21.1;2022-09-28;0.0;sonstige
MC.21.1;2022-10-05;0.0;sonstige
MC.21.1;2022-10-12;0.0;sonstige
MC.21.1;2022-10-19;0.0;sonstige
MC.21.1;2022-10-26;0.0;sonstige
MC.21.1;2022-11-02;0.0;sonstige
MC.21.1;2022-11-09;0.0;sonstige
MC.21.1;2022-11-16;0.0;sonstige
MC.21.1;2022-11-23;0.0;sonstige
MC.21.1;2022-11-30;0.0;sonstige
MC.21.1;2022-12-07;0.0;sonstige
MC.21.1;2022-12-14;0.0;sonstige
MC.21.1;2022-12-21;0.0;sonstige
MC.21.1;2022-12-28;0.0;sonstige
MC.21.1;2023-01-04;0.0;sonstige
MC.21.1;2023-01-11;0.0;sonstige
MC.21.1;2023-01-18;0.0;sonstige
MC.21.1;2023-01-25;0.0;sonstige
MC.21.1;2023-02-01;0.0;sonstige
MC.21.1;2023-02-08;0.0;sonstige
MC.21.1;2023-02-15;0.0;sonstige
MC.21.1;2023-02-22;0.0;sonstige
MC.21.1;2023-03-01;0.0;sonstige
MC.21.1;2023-03-08;0.0;sonstige
MC.21.1;2023-03-15;0.0;sonstige
MC.21.1;2023-03-22;0.0;sonstige
MC.21.1;2023-03-29;0.0;sonstige
MC.21.1;2023-04-05;0.0;sonstige
MC.21.1;2023-04-12;0.0;sonstige
MC.21.1;2023-04-19;0.0;sonstige
MC.21.1;2023-04-26;0.0;sonstige
MC.21.1;2023-05-03;0.0;sonstige
MC.21.1;2023-05-10;0.0;sonstige
MC.21.1;2023-05-17;0.0;sonstige
MC.21.1;2023-05-24;0.0;sonstige
MC.21.1;2023-05-31;0.0;sonstige
MC.21.1;2023-06-07;0.0;sonstige
MC.21.1;2023-06-14;0.0;sonstige
MC.21.1;2023-06-21;0.0;sonstige
MC.21.1;2023-06-28;0.0;sonstige
MC.21.1;2023-07-05;0.0;sonstige
MC.21.1;2023-07-12;0.0;sonstige
MC.21.1;2023-07-19;0.0;sonstige
MC.21.1;2023-07-26;0.0;sonstige
MC.21.1;2023-08-02;0.0;sonstige
MC.21.1;2023-08-09;0.0;sonstige
MC.21.1;2023-08-16;0.0;sonstige
MC.21.1;2023-08-23;0.0;sonstige
MC.21.1;2023-08-30;0.0;sonstige
MC.21.1;2023-09-06;0.0;sonstige
MC.21.1;2023-09-13;0.0;sonstige
MC.21.1;2023-09-20;0.0;sonstige
MC.21.1;2023-09-27;0.0;sonstige
MC.21.1;2023-10-04;0.0;sonstige
MC.21.1;2023-10-11;0.0;sonstige
MC.21.1;2023-10-18;0.0;sonstige
MC.21.1;2023-10-25;0.0;sonstige
MC.21.1;2023-11-01;0.0;sonstige
MC.21.1;2023-11-08;0.0;sonstige
MC.21.1;2023-11-15;0.0;sonstige
MC.21.1;2023-11-22;0.0;sonstige
MC.21.1;2023-11-29;0.0;sonstige
MC.21.1;2023-12-06;0.0;sonstige
MC.21.1;2023-12-13;0.0;sonstige
MC.21.1;2023-12-20;0.0;sonstige
MC.21.1;2023-12-27;0.0;sonstige
MC.21.1;2024-01-03;0.0;sonstige
MC.21.1;2024-01-10;0.0;sonstige
MC.21.1;2024-01-17;0.0;sonstige
MC.21.1;2024-01-24;0.0;sonstige
MC.21.1;2024-01-31;0.0;sonstige
MC.21.1;2024-02-07;0.0;sonstige
MC.21.1;2024-02-14;0.0;sonstige
MC.21.1;2024-02-21;0.0;sonstige
MC.21.1;2024-02-28;0.0;sonstige
MC.21.1;2024-03-06;0.0;sonstige
MC.21.1;2024-03-13;0.0;sonstige
MC.21.1;2024-03-20;0.0;sonstige
MC.21.1;2024-03-27;0.0;sonstige
MC.21.1;2024-04-03;0.0;sonstige
MC.21.1;2024-04-10;0.0;sonstige
MC.21.1;2024-04-17;0.0;sonstige
MC.21.1;2024-04-24;0.0;sonstige
MC.21.1;2024-05-01;0.0;sonstige
MC.21.1;2024-05-08;0.0;sonstige
MC.21.1;2024-05-15;0.0;sonstige
MC.21.1;2024-05-22;0.0;sonstige
MC.21.1;2024-05-29;0.0;sonstige
MC.21.1;2024-06-05;0.0;sonstige
MC.21.1;2024-06-12;0.0;sonstige
MC.21.1;2024-06-19;0.0;sonstige
MC.21.1;2024-06-26;0.0;sonstige
MC.21.1;2024-07-03;0.0;sonstige
MC.21.1;2024-07-10;0.0;sonstige
MC.21.1;2024-07-17;0.001;sonstige
MC.21.1;2024-07-24;0.0;sonstige
MC.21.1;2024-07-31;0.001;sonstige
MC.21.1;2024-08-07;0.001;sonstige
MC.21.1;2024-08-14;0.001;sonstige
MC.21.1;2024-08-21;0.004;sonstige
MC.21.1;2024-08-28;0.005;sonstige
MC.21.1;2024-09-04;0.011;sonstige
MC.21.1;2024-09-11;0.008;sonstige
MC.21.1;2024-09-18;0.012;sonstige
MC.21.1;2024-09-25;0.005;sonstige
MC.21.1;2024-10-02;0.004;sonstige
MC.21.1;2024-10-09;0.002;sonstige
MC.21.1;2024-10-16;0.001;sonstige
MC.21.1;2024-10-23;0.003;sonstige
MC.21.1;2024-10-30;0.003;sonstige
MC.21.1;2024-11-06;0.005;sonstige
MC.21.1;2024-11-13;0.006;sonstige
MC.21.1;2024-11-20;0.01;sonstige
MC.21.1;2024-11-27;0.024;sonstige
MC.21.1;2024-12-04;0.028;sonstige
MC.21.1;2024-12-11;0.032;sonstige
MC.21.1;2024-12-18;0.022;sonstige
MC.21.1;2024-12-25;0.024;sonstige
MC.21.1;2025-01-01;0.065;sonstige
MC.21.1;2025-01-08;0.023;sonstige
MC.21.1;2025-01-15;0.023;sonstige
MC.21.1;2025-01-22;0.042;sonstige
MC.21.1;2025-01-29;0.038;sonstige
MC.21.1;2025-02-05;0.077;sonstige
MC.21.1;2025-02-12;0.037;sonstige
MC.21.1;2025-02-19;0.017;sonstige
MC.21.1;2025-02-26;0.007;sonstige
MC.21.1;2025-03-05;0.018;sonstige
MC.21.1;2025-03-12;0.011;sonstige
MC.21.1;2025-03-19;0.02;sonstige
MC.21.1;2025-03-26;0.008;sonstige
MC.2;2022-09-21;0.0;sonstige
MC.2;2022-09-28;0.0;sonstige
MC.2;2022-10-05;0.0;sonstige
MC.2;2022-10-12;0.0;sonstige
MC.2;2022-10-19;0.0;sonstige
MC.2;2022-10-26;0.0;sonstige
MC.2;2022-11-02;0.0;sonstige
MC.2;2022-11-09;0.0;sonstige
MC.2;2022-11-16;0.0;sonstige
MC.2;2022-11-23;0.0;sonstige
MC.2;2022-11-30;0.0;sonstige
MC.2;2022-12-07;0.0;sonstige
MC.2;2022-12-14;0.0;sonstige
MC.2;2022-12-21;0.0;sonstige
MC.2;2022-12-28;0.0;sonstige
MC.2;2023-01-04;0.0;sonstige
MC.2;2023-01-11;0.0;sonstige
MC.2;2023-01-18;0.0;sonstige
MC.2;2023-01-25;0.0;sonstige
MC.2;2023-02-01;0.0;sonstige
MC.2;2023-02-08;0.0;sonstige
MC.2;2023-02-15;0.0;sonstige
MC.2;2023-02-22;0.0;sonstige
MC.2;2023-03-01;0.0;sonstige
MC.2;2023-03-08;0.0;sonstige
MC.2;2023-03-15;0.0;sonstige
MC.2;2023-03-22;0.0;sonstige
MC.2;2023-03-29;0.0;sonstige
MC.2;2023-04-05;0.0;sonstige
MC.2;2023-04-12;0.0;sonstige
MC.2;2023-04-19;0.0;sonstige
MC.2;2023-04-26;0.0;sonstige
MC.2;2023-05-03;0.0;sonstige
MC.2;2023-05-10;0.0;sonstige
MC.2;2023-05-17;0.0;sonstige
MC.2;2023-05-24;0.0;sonstige
MC.2;2023-05-31;0.0;sonstige
MC.2;2023-06-07;0.0;sonstige
MC.2;2023-06-14;0.0;sonstige
MC.2;2023-06-21;0.0;sonstige
MC.2;2023-06-28;0.0;sonstige
MC.2;2023-07-05;0.0;sonstige
MC.2;2023-07-12;0.0;sonstige
MC.2;2023-07-19;0.0;sonstige
MC.2;2023-07-26;0.0;sonstige
MC.2;2023-08-02;0.0;sonstige
MC.2;2023-08-09;0.0;sonstige
MC.2;2023-08-16;0.0;sonstige
MC.2;2023-08-23;0.0;sonstige
MC.2;2023-08-30;0.0;sonstige
MC.2;2023-09-06;0.0;sonstige
MC.2;2023-09-13;0.0;sonstige
MC.2;2023-09-20;0.0;sonstige
MC.2;2023-09-27;0.0;sonstige
MC.2;2023-10-04;0.0;sonstige
MC.2;2023-10-11;0.0;sonstige
MC.2;2023-10-18;0.0;sonstige
MC.2;2023-10-25;0.0;sonstige
MC.2;2023-11-01;0.0;sonstige
MC.2;2023-11-08;0.0;sonstige
MC.2;2023-11-15;0.0;sonstige
MC.2;2023-11-22;0.0;sonstige
MC.2;2023-11-29;0.0;sonstige
MC.2;2023-12-06;0.0;sonstige
MC.2;2023-12-13;0.0;sonstige
MC.2;2023-12-20;0.0;sonstige
MC.2;2023-12-27;0.0;sonstige
MC.2;2024-01-03;0.0;sonstige
MC.2;2024-01-10;0.0;sonstige
MC.2;2024-01-17;0.0;sonstige
MC.2;2024-01-24;0.0;sonstige
MC.2;2024-01-31;0.0;sonstige
MC.2;2024-02-07;0.0;sonstige
MC.2;2024-02-14;0.0;sonstige
MC.2;2024-02-21;0.0;sonstige
MC.2;2024-02-28;0.0;sonstige
MC.2;2024-03-06;0.0;sonstige
MC.2;2024-03-13;0.0;sonstige
MC.2;2024-03-20;0.0;sonstige
MC.2;2024-03-27;0.0;sonstige
MC.2;2024-04-03;0.001;sonstige
MC.2;2024-04-10;0.001;sonstige
MC.2;2024-04-17;0.001;sonstige
MC.2;2024-04-24;0.001;sonstige
MC.2;2024-05-01;0.0;sonstige
MC.2;2024-05-08;0.0;sonstige
MC.2;2024-05-15;0.0;sonstige
MC.2;2024-05-22;0.0;sonstige
MC.2;2024-05-29;0.0;sonstige
MC.2;2024-06-05;0.0;sonstige
MC.2;2024-06-12;0.0;sonstige
MC.2;2024-06-19;0.0;sonstige
MC.2;2024-06-26;0.023;sonstige
MC.2;2024-07-03;0.02;sonstige
MC.2;2024-07-10;0.027;sonstige
MC.2;2024-07-17;0.02;sonstige
MC.2;2024-07-24;0.011;sonstige
MC.2;2024-07-31;0.022;sonstige
MC.2;2024-08-07;0.032;sonstige
MC.2;2024-08-14;0.028;sonstige
MC.2;2024-08-21;0.041;sonstige
MC.2;2024-08-28;0.028;sonstige
MC.2;2024-09-04;0.024;sonstige
MC.2;2024-09-11;0.033;sonstige
MC.2;2024-09-18;0.024;sonstige
MC.2;2024-09-25;0.043;sonstige
MC.2;2024-10-02;0.028;sonstige
MC.2;2024-10-09;0.029;sonstige
MC.2;2024-10-16;0.011;sonstige
MC.2;2024-10-23;0.029;sonstige
MC.2;2024-10-30;0.032;sonstige
MC.2;2024-11-06;0.027;sonstige
MC.2;2024-11-13;0.018;sonstige
MC.2;2024-11-20;0.013;sonstige
MC.2;2024-11-27;0.022;sonstige
MC.2;2024-12-04;0.028;sonstige
MC.2;2024-12-11;0.025;sonstige
MC.2;2024-12-18;0.022;sonstige
MC.2;2024-12-25;0.019;sonstige
MC.2;2025-01-01;0.007;sonstige
MC.2;2025-01-08;0.063;sonstige
MC.2;2025-01-15;0.064;sonstige
MC.2;2025-01-22;0.073;sonstige
MC.2;2025-01-29;0.013;sonstige
MC.2;2025-02-05;0.023;sonstige
MC.2;2025-02-12;0.01;sonstige
MC.2;2025-02-19;0.005;sonstige
MC.2;2025-02-26;0.003;sonstige
MC.2;2025-03-05;0.003;sonstige
MC.2;2025-03-12;0.002;sonstige
MC.2;2025-03-19;0.001;sonstige
MC.2;2025-03-26;0.005;sonstige
MC.16;2022-09-21;0.0;sonstige
MC.16;2022-09-28;0.0;sonstige
MC.16;2022-10-05;0.0;sonstige
MC.16;2022-10-12;0.0;sonstige
MC.16;2022-10-19;0.0;sonstige
MC.16;2022-10-26;0.0;sonstige
MC.16;2022-11-02;0.0;sonstige
MC.16;2022-11-09;0.0;sonstige
MC.16;2022-11-16;0.0;sonstige
MC.16;2022-11-23;0.0;sonstige
MC.16;2022-11-30;0.0;sonstige
MC.16;2022-12-07;0.0;sonstige
MC.16;2022-12-14;0.0;sonstige
MC.16;2022-12-21;0.0;sonstige
MC.16;2022-12-28;0.0;sonstige
MC.16;2023-01-04;0.0;sonstige
MC.16;2023-01-11;0.0;sonstige
MC.16;2023-01-18;0.0;sonstige
MC.16;2023-01-25;0.0;sonstige
MC.16;2023-02-01;0.0;sonstige
MC.16;2023-02-08;0.0;sonstige
MC.16;2023-02-15;0.0;sonstige
MC.16;2023-02-22;0.0;sonstige
MC.16;2023-03-01;0.0;sonstige
MC.16;2023-03-08;0.0;sonstige
MC.16;2023-03-15;0.0;sonstige
MC.16;2023-03-22;0.0;sonstige
MC.16;2023-03-29;0.0;sonstige
MC.16;2023-04-05;0.0;sonstige
MC.16;2023-04-12;0.0;sonstige
MC.16;2023-04-19;0.0;sonstige
MC.16;2023-04-26;0.0;sonstige
MC.16;2023-05-03;0.0;sonstige
MC.16;2023-05-10;0.0;sonstige
MC.16;2023-05-17;0.0;sonstige
MC.16;2023-05-24;0.0;sonstige
MC.16;2023-05-31;0.0;sonstige
MC.16;2023-06-07;0.0;sonstige
MC.16;2023-06-14;0.0;sonstige
MC.16;2023-06-21;0.0;sonstige
MC.16;2023-06-28;0.0;sonstige
MC.16;2023-07-05;0.0;sonstige
MC.16;2023-07-12;0.0;sonstige
MC.16;2023-07-19;0.0;sonstige
MC.16;2023-07-26;0.0;sonstige
MC.16;2023-08-02;0.0;sonstige
MC.16;2023-08-09;0.0;sonstige
MC.16;2023-08-16;0.0;sonstige
MC.16;2023-08-23;0.0;sonstige
MC.16;2023-08-30;0.0;sonstige
MC.16;2023-09-06;0.0;sonstige
MC.16;2023-09-13;0.0;sonstige
MC.16;2023-09-20;0.0;sonstige
MC.16;2023-09-27;0.0;sonstige
MC.16;2023-10-04;0.0;sonstige
MC.16;2023-10-11;0.0;sonstige
MC.16;2023-10-18;0.0;sonstige
MC.16;2023-10-25;0.0;sonstige
MC.16;2023-11-01;0.0;sonstige
MC.16;2023-11-08;0.0;sonstige
MC.16;2023-11-15;0.0;sonstige
MC.16;2023-11-22;0.0;sonstige
MC.16;2023-11-29;0.002;sonstige
MC.16;2023-12-06;0.006;sonstige
MC.16;2023-12-13;0.0;sonstige
MC.16;2023-12-20;0.0;sonstige
MC.16;2023-12-27;0.005;sonstige
MC.16;2024-01-03;0.006;sonstige
MC.16;2024-01-10;0.0;sonstige
MC.16;2024-01-17;0.0;sonstige
MC.16;2024-01-24;0.0;sonstige
MC.16;2024-01-31;0.0;sonstige
MC.16;2024-02-07;0.0;sonstige
MC.16;2024-02-14;0.0;sonstige
MC.16;2024-02-21;0.0;sonstige
MC.16;2024-02-28;0.0;sonstige
MC.16;2024-03-06;0.0;sonstige
MC.16;2024-03-13;0.0;sonstige
MC.16;2024-03-20;0.0;sonstige
MC.16;2024-03-27;0.0;sonstige
MC.16;2024-04-03;0.0;sonstige
MC.16;2024-04-10;0.0;sonstige
MC.16;2024-04-17;0.0;sonstige
MC.16;2024-04-24;0.0;sonstige
MC.16;2024-05-01;0.0;sonstige
MC.16;2024-05-08;0.0;sonstige
MC.16;2024-05-15;0.0;sonstige
MC.16;2024-05-22;0.0;sonstige
MC.16;2024-05-29;0.0;sonstige
MC.16;2024-06-05;0.0;sonstige
MC.16;2024-06-12;0.003;sonstige
MC.16;2024-06-19;0.006;sonstige
MC.16;2024-06-26;0.008;sonstige
MC.16;2024-07-03;0.011;sonstige
MC.16;2024-07-10;0.026;sonstige
MC.16;2024-07-17;0.031;sonstige
MC.16;2024-07-24;0.054;sonstige
MC.16;2024-07-31;0.056;sonstige
MC.16;2024-08-07;0.057;sonstige
MC.16;2024-08-14;0.063;sonstige
MC.16;2024-08-21;0.068;sonstige
MC.16;2024-08-28;0.099;sonstige
MC.16;2024-09-04;0.11;sonstige
MC.16;2024-09-11;0.104;sonstige
MC.16;2024-09-18;0.084;sonstige
MC.16;2024-09-25;0.104;sonstige
MC.16;2024-10-02;0.059;sonstige
MC.16;2024-10-09;0.07;sonstige
MC.16;2024-10-16;0.089;sonstige
MC.16;2024-10-23;0.079;sonstige
MC.16;2024-10-30;0.091;sonstige
MC.16;2024-11-06;0.061;sonstige
MC.16;2024-11-13;0.017;sonstige
MC.16;2024-11-20;0.017;sonstige
MC.16;2024-11-27;0.012;sonstige
MC.16;2024-12-04;0.01;sonstige
MC.16;2024-12-11;0.008;sonstige
MC.16;2024-12-18;0.007;sonstige
MC.16;2024-12-25;0.009;sonstige
MC.16;2025-01-01;0.063;sonstige
MC.16;2025-01-08;0.014;sonstige
MC.16;2025-01-15;0.009;sonstige
MC.16;2025-01-22;0.011;sonstige
MC.16;2025-01-29;0.007;sonstige
MC.16;2025-02-05;0.005;sonstige
MC.16;2025-02-12;0.007;sonstige
MC.16;2025-02-19;0.003;sonstige
MC.16;2025-02-26;0.0;sonstige
MC.16;2025-03-05;0.0;sonstige
MC.16;2025-03-12;0.0;sonstige
MC.16;2025-03-19;0.0;sonstige
MC.16;2025-03-26;0.0;sonstige
MC.15;2022-09-21;0.0;sonstige
MC.15;2022-09-28;0.0;sonstige
MC.15;2022-10-05;0.0;sonstige
MC.15;2022-10-12;0.0;sonstige
MC.15;2022-10-19;0.0;sonstige
MC.15;2022-10-26;0.0;sonstige
MC.15;2022-11-02;0.0;sonstige
MC.15;2022-11-09;0.0;sonstige
MC.15;2022-11-16;0.0;sonstige
MC.15;2022-11-23;0.0;sonstige
MC.15;2022-11-30;0.0;sonstige
MC.15;2022-12-07;0.0;sonstige
MC.15;2022-12-14;0.0;sonstige
MC.15;2022-12-21;0.0;sonstige
MC.15;2022-12-28;0.0;sonstige
MC.15;2023-01-04;0.0;sonstige
MC.15;2023-01-11;0.0;sonstige
MC.15;2023-01-18;0.0;sonstige
MC.15;2023-01-25;0.0;sonstige
MC.15;2023-02-01;0.0;sonstige
MC.15;2023-02-08;0.0;sonstige
MC.15;2023-02-15;0.0;sonstige
MC.15;2023-02-22;0.0;sonstige
MC.15;2023-03-01;0.0;sonstige
MC.15;2023-03-08;0.0;sonstige
MC.15;2023-03-15;0.0;sonstige
MC.15;2023-03-22;0.0;sonstige
MC.15;2023-03-29;0.0;sonstige
MC.15;2023-04-05;0.0;sonstige
MC.15;2023-04-12;0.0;sonstige
MC.15;2023-04-19;0.0;sonstige
MC.15;2023-04-26;0.0;sonstige
MC.15;2023-05-03;0.0;sonstige
MC.15;2023-05-10;0.0;sonstige
MC.15;2023-05-17;0.0;sonstige
MC.15;2023-05-24;0.0;sonstige
MC.15;2023-05-31;0.0;sonstige
MC.15;2023-06-07;0.0;sonstige
MC.15;2023-06-14;0.0;sonstige
MC.15;2023-06-21;0.0;sonstige
MC.15;2023-06-28;0.0;sonstige
MC.15;2023-07-05;0.0;sonstige
MC.15;2023-07-12;0.0;sonstige
MC.15;2023-07-19;0.0;sonstige
MC.15;2023-07-26;0.0;sonstige
MC.15;2023-08-02;0.0;sonstige
MC.15;2023-08-09;0.0;sonstige
MC.15;2023-08-16;0.0;sonstige
MC.15;2023-08-23;0.0;sonstige
MC.15;2023-08-30;0.0;sonstige
MC.15;2023-09-06;0.0;sonstige
MC.15;2023-09-13;0.0;sonstige
MC.15;2023-09-20;0.0;sonstige
MC.15;2023-09-27;0.0;sonstige
MC.15;2023-10-04;0.0;sonstige
MC.15;2023-10-11;0.0;sonstige
MC.15;2023-10-18;0.0;sonstige
MC.15;2023-10-25;0.0;sonstige
MC.15;2023-11-01;0.0;sonstige
MC.15;2023-11-08;0.0;sonstige
MC.15;2023-11-15;0.0;sonstige
MC.15;2023-11-22;0.0;sonstige
MC.15;2023-11-29;0.0;sonstige
MC.15;2023-12-06;0.0;sonstige
MC.15;2023-12-13;0.0;sonstige
MC.15;2023-12-20;0.0;sonstige
MC.15;2023-12-27;0.0;sonstige
MC.15;2024-01-03;0.0;sonstige
MC.15;2024-01-10;0.0;sonstige
MC.15;2024-01-17;0.0;sonstige
MC.15;2024-01-24;0.0;sonstige
MC.15;2024-01-31;0.0;sonstige
MC.15;2024-02-07;0.0;sonstige
MC.15;2024-02-14;0.0;sonstige
MC.15;2024-02-21;0.0;sonstige
MC.15;2024-02-28;0.0;sonstige
MC.15;2024-03-06;0.0;sonstige
MC.15;2024-03-13;0.005;sonstige
MC.15;2024-03-20;0.003;sonstige
MC.15;2024-03-27;0.0;sonstige
MC.15;2024-04-03;0.0;sonstige
MC.15;2024-04-10;0.0;sonstige
MC.15;2024-04-17;0.0;sonstige
MC.15;2024-04-24;0.0;sonstige
MC.15;2024-05-01;0.006;sonstige
MC.15;2024-05-08;0.005;sonstige
MC.15;2024-05-15;0.005;sonstige
MC.15;2024-05-22;0.0;sonstige
MC.15;2024-05-29;0.004;sonstige
MC.15;2024-06-05;0.0;sonstige
MC.15;2024-06-12;0.0;sonstige
MC.15;2024-06-19;0.0;sonstige
MC.15;2024-06-26;0.0;sonstige
MC.15;2024-07-03;0.0;sonstige
MC.15;2024-07-10;0.0;sonstige
MC.15;2024-07-17;0.0;sonstige
MC.15;2024-07-24;0.003;sonstige
MC.15;2024-07-31;0.007;sonstige
MC.15;2024-08-07;0.011;sonstige
MC.15;2024-08-14;0.026;sonstige
MC.15;2024-08-21;0.025;sonstige
MC.15;2024-08-28;0.021;sonstige
MC.15;2024-09-04;0.022;sonstige
MC.15;2024-09-11;0.016;sonstige
MC.15;2024-09-18;0.008;sonstige
MC.15;2024-09-25;0.006;sonstige
MC.15;2024-10-02;0.003;sonstige
MC.15;2024-10-09;0.005;sonstige
MC.15;2024-10-16;0.008;sonstige
MC.15;2024-10-23;0.008;sonstige
MC.15;2024-10-30;0.006;sonstige
MC.15;2024-11-06;0.007;sonstige
MC.15;2024-11-13;0.01;sonstige
MC.15;2024-11-20;0.013;sonstige
MC.15;2024-11-27;0.013;sonstige
MC.15;2024-12-04;0.015;sonstige
MC.15;2024-12-11;0.009;sonstige
MC.15;2024-12-18;0.005;sonstige
MC.15;2024-12-25;0.004;sonstige
MC.15;2025-01-01;0.0;sonstige
MC.15;2025-01-08;0.005;sonstige
MC.15;2025-01-15;0.006;sonstige
MC.15;2025-01-22;0.005;sonstige
MC.15;2025-01-29;0.007;sonstige
MC.15;2025-02-05;0.007;sonstige
MC.15;2025-02-12;0.007;sonstige
MC.15;2025-02-19;0.001;sonstige
MC.15;2025-02-26;0.023;sonstige
MC.15;2025-03-05;0.019;sonstige
MC.15;2025-03-12;0.004;sonstige
MC.15;2025-03-19;0.0;sonstige
MC.15;2025-03-26;0.0;sonstige
MC.13;2022-09-21;0.0;sonstige
MC.13;2022-09-28;0.0;sonstige
MC.13;2022-10-05;0.0;sonstige
MC.13;2022-10-12;0.0;sonstige
MC.13;2022-10-19;0.0;sonstige
MC.13;2022-10-26;0.0;sonstige
MC.13;2022-11-02;0.0;sonstige
MC.13;2022-11-09;0.0;sonstige
MC.13;2022-11-16;0.0;sonstige
MC.13;2022-11-23;0.0;sonstige
MC.13;2022-11-30;0.0;sonstige
MC.13;2022-12-07;0.0;sonstige
MC.13;2022-12-14;0.0;sonstige
MC.13;2022-12-21;0.0;sonstige
MC.13;2022-12-28;0.0;sonstige
MC.13;2023-01-04;0.0;sonstige
MC.13;2023-01-11;0.0;sonstige
MC.13;2023-01-18;0.0;sonstige
MC.13;2023-01-25;0.0;sonstige
MC.13;2023-02-01;0.0;sonstige
MC.13;2023-02-08;0.0;sonstige
MC.13;2023-02-15;0.0;sonstige
MC.13;2023-02-22;0.0;sonstige
MC.13;2023-03-01;0.0;sonstige
MC.13;2023-03-08;0.0;sonstige
MC.13;2023-03-15;0.0;sonstige
MC.13;2023-03-22;0.0;sonstige
MC.13;2023-03-29;0.0;sonstige
MC.13;2023-04-05;0.0;sonstige
MC.13;2023-04-12;0.0;sonstige
MC.13;2023-04-19;0.0;sonstige
MC.13;2023-04-26;0.0;sonstige
MC.13;2023-05-03;0.0;sonstige
MC.13;2023-05-10;0.0;sonstige
MC.13;2023-05-17;0.0;sonstige
MC.13;2023-05-24;0.0;sonstige
MC.13;2023-05-31;0.0;sonstige
MC.13;2023-06-07;0.0;sonstige
MC.13;2023-06-14;0.0;sonstige
MC.13;2023-06-21;0.0;sonstige
MC.13;2023-06-28;0.0;sonstige
MC.13;2023-07-05;0.0;sonstige
MC.13;2023-07-12;0.0;sonstige
MC.13;2023-07-19;0.0;sonstige
MC.13;2023-07-26;0.0;sonstige
MC.13;2023-08-02;0.0;sonstige
MC.13;2023-08-09;0.0;sonstige
MC.13;2023-08-16;0.0;sonstige
MC.13;2023-08-23;0.0;sonstige
MC.13;2023-08-30;0.0;sonstige
MC.13;2023-09-06;0.0;sonstige
MC.13;2023-09-13;0.0;sonstige
MC.13;2023-09-20;0.0;sonstige
MC.13;2023-09-27;0.0;sonstige
MC.13;2023-10-04;0.0;sonstige
MC.13;2023-10-11;0.0;sonstige
MC.13;2023-10-18;0.0;sonstige
MC.13;2023-10-25;0.0;sonstige
MC.13;2023-11-01;0.0;sonstige
MC.13;2023-11-08;0.0;sonstige
MC.13;2023-11-15;0.0;sonstige
MC.13;2023-11-22;0.0;sonstige
MC.13;2023-11-29;0.0;sonstige
MC.13;2023-12-06;0.0;sonstige
MC.13;2023-12-13;0.0;sonstige
MC.13;2023-12-20;0.0;sonstige
MC.13;2023-12-27;0.0;sonstige
MC.13;2024-01-03;0.0;sonstige
MC.13;2024-01-10;0.0;sonstige
MC.13;2024-01-17;0.0;sonstige
MC.13;2024-01-24;0.0;sonstige
MC.13;2024-01-31;0.0;sonstige
MC.13;2024-02-07;0.0;sonstige
MC.13;2024-02-14;0.0;sonstige
MC.13;2024-02-21;0.0;sonstige
MC.13;2024-02-28;0.0;sonstige
MC.13;2024-03-06;0.0;sonstige
MC.13;2024-03-13;0.0;sonstige
MC.13;2024-03-20;0.0;sonstige
MC.13;2024-03-27;0.0;sonstige
MC.13;2024-04-03;0.0;sonstige
MC.13;2024-04-10;0.0;sonstige
MC.13;2024-04-17;0.0;sonstige
MC.13;2024-04-24;0.0;sonstige
MC.13;2024-05-01;0.0;sonstige
MC.13;2024-05-08;0.0;sonstige
MC.13;2024-05-15;0.0;sonstige
MC.13;2024-05-22;0.0;sonstige
MC.13;2024-05-29;0.0;sonstige
MC.13;2024-06-05;0.008;sonstige
MC.13;2024-06-12;0.006;sonstige
MC.13;2024-06-19;0.014;sonstige
MC.13;2024-06-26;0.034;sonstige
MC.13;2024-07-03;0.025;sonstige
MC.13;2024-07-10;0.028;sonstige
MC.13;2024-07-17;0.037;sonstige
MC.13;2024-07-24;0.09;sonstige
MC.13;2024-07-31;0.071;sonstige
MC.13;2024-08-07;0.093;sonstige
MC.13;2024-08-14;0.1;sonstige
MC.13;2024-08-21;0.087;sonstige
MC.13;2024-08-28;0.087;sonstige
MC.13;2024-09-04;0.083;sonstige
MC.13;2024-09-11;0.079;sonstige
MC.13;2024-09-18;0.064;sonstige
MC.13;2024-09-25;0.068;sonstige
MC.13;2024-10-02;0.056;sonstige
MC.13;2024-10-09;0.059;sonstige
MC.13;2024-10-16;0.072;sonstige
MC.13;2024-10-23;0.095;sonstige
MC.13;2024-10-30;0.084;sonstige
MC.13;2024-11-06;0.063;sonstige
MC.13;2024-11-13;0.054;sonstige
MC.13;2024-11-20;0.045;sonstige
MC.13;2024-11-27;0.042;sonstige
MC.13;2024-12-04;0.052;sonstige
MC.13;2024-12-11;0.013;sonstige
MC.13;2024-12-18;0.012;sonstige
MC.13;2024-12-25;0.01;sonstige
MC.13;2025-01-01;0.0;sonstige
MC.13;2025-01-08;0.003;sonstige
MC.13;2025-01-15;0.0;sonstige
MC.13;2025-01-22;0.0;sonstige
MC.13;2025-01-29;0.002;sonstige
MC.13;2025-02-05;0.002;sonstige
MC.13;2025-02-12;0.001;sonstige
MC.13;2025-02-19;0.003;sonstige
MC.13;2025-02-26;0.01;sonstige
MC.13;2025-03-05;0.008;sonstige
MC.13;2025-03-12;0.002;sonstige
MC.13;2025-03-19;0.014;sonstige
MC.13;2025-03-26;0.0;sonstige
MC.11;2022-09-21;0.0;sonstige
MC.11;2022-09-28;0.0;sonstige
MC.11;2022-10-05;0.0;sonstige
MC.11;2022-10-12;0.0;sonstige
MC.11;2022-10-19;0.0;sonstige
MC.11;2022-10-26;0.0;sonstige
MC.11;2022-11-02;0.0;sonstige
MC.11;2022-11-09;0.0;sonstige
MC.11;2022-11-16;0.0;sonstige
MC.11;2022-11-23;0.0;sonstige
MC.11;2022-11-30;0.0;sonstige
MC.11;2022-12-07;0.0;sonstige
MC.11;2022-12-14;0.0;sonstige
MC.11;2022-12-21;0.0;sonstige
MC.11;2022-12-28;0.0;sonstige
MC.11;2023-01-04;0.0;sonstige
MC.11;2023-01-11;0.0;sonstige
MC.11;2023-01-18;0.0;sonstige
MC.11;2023-01-25;0.0;sonstige
MC.11;2023-02-01;0.0;sonstige
MC.11;2023-02-08;0.0;sonstige
MC.11;2023-02-15;0.0;sonstige
MC.11;2023-02-22;0.0;sonstige
MC.11;2023-03-01;0.0;sonstige
MC.11;2023-03-08;0.0;sonstige
MC.11;2023-03-15;0.0;sonstige
MC.11;2023-03-22;0.0;sonstige
MC.11;2023-03-29;0.0;sonstige
MC.11;2023-04-05;0.0;sonstige
MC.11;2023-04-12;0.0;sonstige
MC.11;2023-04-19;0.0;sonstige
MC.11;2023-04-26;0.0;sonstige
MC.11;2023-05-03;0.0;sonstige
MC.11;2023-05-10;0.0;sonstige
MC.11;2023-05-17;0.0;sonstige
MC.11;2023-05-24;0.0;sonstige
MC.11;2023-05-31;0.0;sonstige
MC.11;2023-06-07;0.0;sonstige
MC.11;2023-06-14;0.0;sonstige
MC.11;2023-06-21;0.0;sonstige
MC.11;2023-06-28;0.0;sonstige
MC.11;2023-07-05;0.0;sonstige
MC.11;2023-07-12;0.0;sonstige
MC.11;2023-07-19;0.0;sonstige
MC.11;2023-07-26;0.0;sonstige
MC.11;2023-08-02;0.0;sonstige
MC.11;2023-08-09;0.0;sonstige
MC.11;2023-08-16;0.0;sonstige
MC.11;2023-08-23;0.0;sonstige
MC.11;2023-08-30;0.0;sonstige
MC.11;2023-09-06;0.0;sonstige
MC.11;2023-09-13;0.0;sonstige
MC.11;2023-09-20;0.0;sonstige
MC.11;2023-09-27;0.0;sonstige
MC.11;2023-10-04;0.0;sonstige
MC.11;2023-10-11;0.0;sonstige
MC.11;2023-10-18;0.0;sonstige
MC.11;2023-10-25;0.0;sonstige
MC.11;2023-11-01;0.0;sonstige
MC.11;2023-11-08;0.0;sonstige
MC.11;2023-11-15;0.0;sonstige
MC.11;2023-11-22;0.0;sonstige
MC.11;2023-11-29;0.0;sonstige
MC.11;2023-12-06;0.0;sonstige
MC.11;2023-12-13;0.0;sonstige
MC.11;2023-12-20;0.0;sonstige
MC.11;2023-12-27;0.0;sonstige
MC.11;2024-01-03;0.0;sonstige
MC.11;2024-01-10;0.0;sonstige
MC.11;2024-01-17;0.0;sonstige
MC.11;2024-01-24;0.0;sonstige
MC.11;2024-01-31;0.0;sonstige
MC.11;2024-02-07;0.0;sonstige
MC.11;2024-02-14;0.0;sonstige
MC.11;2024-02-21;0.0;sonstige
MC.11;2024-02-28;0.0;sonstige
MC.11;2024-03-06;0.0;sonstige
MC.11;2024-03-13;0.0;sonstige
MC.11;2024-03-20;0.0;sonstige
MC.11;2024-03-27;0.0;sonstige
MC.11;2024-04-03;0.0;sonstige
MC.11;2024-04-10;0.0;sonstige
MC.11;2024-04-17;0.0;sonstige
MC.11;2024-04-24;0.0;sonstige
MC.11;2024-05-01;0.0;sonstige
MC.11;2024-05-08;0.0;sonstige
MC.11;2024-05-15;0.0;sonstige
MC.11;2024-05-22;0.0;sonstige
MC.11;2024-05-29;0.0;sonstige
MC.11;2024-06-05;0.0;sonstige
MC.11;2024-06-12;0.004;sonstige
MC.11;2024-06-19;0.018;sonstige
MC.11;2024-06-26;0.028;sonstige
MC.11;2024-07-03;0.029;sonstige
MC.11;2024-07-10;0.035;sonstige
MC.11;2024-07-17;0.034;sonstige
MC.11;2024-07-24;0.027;sonstige
MC.11;2024-07-31;0.03;sonstige
MC.11;2024-08-07;0.047;sonstige
MC.11;2024-08-14;0.06;sonstige
MC.11;2024-08-21;0.07;sonstige
MC.11;2024-08-28;0.068;sonstige
MC.11;2024-09-04;0.065;sonstige
MC.11;2024-09-11;0.068;sonstige
MC.11;2024-09-18;0.049;sonstige
MC.11;2024-09-25;0.062;sonstige
MC.11;2024-10-02;0.047;sonstige
MC.11;2024-10-09;0.045;sonstige
MC.11;2024-10-16;0.041;sonstige
MC.11;2024-10-23;0.045;sonstige
MC.11;2024-10-30;0.05;sonstige
MC.11;2024-11-06;0.058;sonstige
MC.11;2024-11-13;0.026;sonstige
MC.11;2024-11-20;0.025;sonstige
MC.11;2024-11-27;0.024;sonstige
MC.11;2024-12-04;0.002;sonstige
MC.11;2024-12-11;0.006;sonstige
MC.11;2024-12-18;0.003;sonstige
MC.11;2024-12-25;0.003;sonstige
MC.11;2025-01-01;0.0;sonstige
MC.11;2025-01-08;0.0;sonstige
MC.11;2025-01-15;0.0;sonstige
MC.11;2025-01-22;0.0;sonstige
MC.11;2025-01-29;0.0;sonstige
MC.11;2025-02-05;0.0;sonstige
MC.11;2025-02-12;0.0;sonstige
MC.11;2025-02-19;0.0;sonstige
MC.11;2025-02-26;0.0;sonstige
MC.11;2025-03-05;0.0;sonstige
MC.11;2025-03-12;0.0;sonstige
MC.11;2025-03-19;0.0;sonstige
MC.11;2025-03-26;0.0;sonstige
MC.10.1;2022-09-21;0.0;sonstige
MC.10.1;2022-09-28;0.0;sonstige
MC.10.1;2022-10-05;0.0;sonstige
MC.10.1;2022-10-12;0.0;sonstige
MC.10.1;2022-10-19;0.0;sonstige
MC.10.1;2022-10-26;0.0;sonstige
MC.10.1;2022-11-02;0.0;sonstige
MC.10.1;2022-11-09;0.0;sonstige
MC.10.1;2022-11-16;0.0;sonstige
MC.10.1;2022-11-23;0.0;sonstige
MC.10.1;2022-11-30;0.0;sonstige
MC.10.1;2022-12-07;0.0;sonstige
MC.10.1;2022-12-14;0.0;sonstige
MC.10.1;2022-12-21;0.0;sonstige
MC.10.1;2022-12-28;0.0;sonstige
MC.10.1;2023-01-04;0.0;sonstige
MC.10.1;2023-01-11;0.0;sonstige
MC.10.1;2023-01-18;0.0;sonstige
MC.10.1;2023-01-25;0.0;sonstige
MC.10.1;2023-02-01;0.0;sonstige
MC.10.1;2023-02-08;0.0;sonstige
MC.10.1;2023-02-15;0.0;sonstige
MC.10.1;2023-02-22;0.0;sonstige
MC.10.1;2023-03-01;0.0;sonstige
MC.10.1;2023-03-08;0.0;sonstige
MC.10.1;2023-03-15;0.0;sonstige
MC.10.1;2023-03-22;0.0;sonstige
MC.10.1;2023-03-29;0.0;sonstige
MC.10.1;2023-04-05;0.0;sonstige
MC.10.1;2023-04-12;0.0;sonstige
MC.10.1;2023-04-19;0.0;sonstige
MC.10.1;2023-04-26;0.0;sonstige
MC.10.1;2023-05-03;0.0;sonstige
MC.10.1;2023-05-10;0.0;sonstige
MC.10.1;2023-05-17;0.0;sonstige
MC.10.1;2023-05-24;0.0;sonstige
MC.10.1;2023-05-31;0.0;sonstige
MC.10.1;2023-06-07;0.0;sonstige
MC.10.1;2023-06-14;0.0;sonstige
MC.10.1;2023-06-21;0.0;sonstige
MC.10.1;2023-06-28;0.0;sonstige
MC.10.1;2023-07-05;0.0;sonstige
MC.10.1;2023-07-12;0.0;sonstige
MC.10.1;2023-07-19;0.0;sonstige
MC.10.1;2023-07-26;0.0;sonstige
MC.10.1;2023-08-02;0.0;sonstige
MC.10.1;2023-08-09;0.0;sonstige
MC.10.1;2023-08-16;0.0;sonstige
MC.10.1;2023-08-23;0.0;sonstige
MC.10.1;2023-08-30;0.0;sonstige
MC.10.1;2023-09-06;0.0;sonstige
MC.10.1;2023-09-13;0.0;sonstige
MC.10.1;2023-09-20;0.0;sonstige
MC.10.1;2023-09-27;0.0;sonstige
MC.10.1;2023-10-04;0.0;sonstige
MC.10.1;2023-10-11;0.0;sonstige
MC.10.1;2023-10-18;0.0;sonstige
MC.10.1;2023-10-25;0.0;sonstige
MC.10.1;2023-11-01;0.0;sonstige
MC.10.1;2023-11-08;0.0;sonstige
MC.10.1;2023-11-15;0.0;sonstige
MC.10.1;2023-11-22;0.0;sonstige
MC.10.1;2023-11-29;0.0;sonstige
MC.10.1;2023-12-06;0.0;sonstige
MC.10.1;2023-12-13;0.0;sonstige
MC.10.1;2023-12-20;0.0;sonstige
MC.10.1;2023-12-27;0.0;sonstige
MC.10.1;2024-01-03;0.0;sonstige
MC.10.1;2024-01-10;0.0;sonstige
MC.10.1;2024-01-17;0.0;sonstige
MC.10.1;2024-01-24;0.0;sonstige
MC.10.1;2024-01-31;0.0;sonstige
MC.10.1;2024-02-07;0.0;sonstige
MC.10.1;2024-02-14;0.0;sonstige
MC.10.1;2024-02-21;0.0;sonstige
MC.10.1;2024-02-28;0.0;sonstige
MC.10.1;2024-03-06;0.0;sonstige
MC.10.1;2024-03-13;0.0;sonstige
MC.10.1;2024-03-20;0.0;sonstige
MC.10.1;2024-03-27;0.0;sonstige
MC.10.1;2024-04-03;0.0;sonstige
MC.10.1;2024-04-10;0.0;sonstige
MC.10.1;2024-04-17;0.0;sonstige
MC.10.1;2024-04-24;0.0;sonstige
MC.10.1;2024-05-01;0.0;sonstige
MC.10.1;2024-05-08;0.0;sonstige
MC.10.1;2024-05-15;0.0;sonstige
MC.10.1;2024-05-22;0.0;sonstige
MC.10.1;2024-05-29;0.0;sonstige
MC.10.1;2024-06-05;0.0;sonstige
MC.10.1;2024-06-12;0.0;sonstige
MC.10.1;2024-06-19;0.003;sonstige
MC.10.1;2024-06-26;0.01;sonstige
MC.10.1;2024-07-03;0.011;sonstige
MC.10.1;2024-07-10;0.022;sonstige
MC.10.1;2024-07-17;0.012;sonstige
MC.10.1;2024-07-24;0.023;sonstige
MC.10.1;2024-07-31;0.018;sonstige
MC.10.1;2024-08-07;0.027;sonstige
MC.10.1;2024-08-14;0.015;sonstige
MC.10.1;2024-08-21;0.028;sonstige
MC.10.1;2024-08-28;0.016;sonstige
MC.10.1;2024-09-04;0.022;sonstige
MC.10.1;2024-09-11;0.025;sonstige
MC.10.1;2024-09-18;0.035;sonstige
MC.10.1;2024-09-25;0.022;sonstige
MC.10.1;2024-10-02;0.027;sonstige
MC.10.1;2024-10-09;0.029;sonstige
MC.10.1;2024-10-16;0.024;sonstige
MC.10.1;2024-10-23;0.028;sonstige
MC.10.1;2024-10-30;0.035;sonstige
MC.10.1;2024-11-06;0.046;sonstige
MC.10.1;2024-11-13;0.051;sonstige
MC.10.1;2024-11-20;0.038;sonstige
MC.10.1;2024-11-27;0.04;sonstige
MC.10.1;2024-12-04;0.053;sonstige
MC.10.1;2024-12-11;0.059;sonstige
MC.10.1;2024-12-18;0.05;sonstige
MC.10.1;2024-12-25;0.045;sonstige
MC.10.1;2025-01-01;0.024;sonstige
MC.10.1;2025-01-08;0.038;sonstige
MC.10.1;2025-01-15;0.076;sonstige
MC.10.1;2025-01-22;0.064;sonstige
MC.10.1;2025-01-29;0.061;sonstige
MC.10.1;2025-02-05;0.135;sonstige
MC.10.1;2025-02-12;0.143;sonstige
MC.10.1;2025-02-19;0.065;sonstige
MC.10.1;2025-02-26;0.141;sonstige
MC.10.1;2025-03-05;0.082;sonstige
MC.10.1;2025-03-12;0.141;sonstige
MC.10.1;2025-03-19;0.062;sonstige
MC.10.1;2025-03-26;0.239;sonstige
LP.8.1.4;2022-09-21;0.0;sonstige
LP.8.1.4;2022-09-28;0.0;sonstige
LP.8.1.4;2022-10-05;0.0;sonstige
LP.8.1.4;2022-10-12;0.0;sonstige
LP.8.1.4;2022-10-19;0.0;sonstige
LP.8.1.4;2022-10-26;0.0;sonstige
LP.8.1.4;2022-11-02;0.0;sonstige
LP.8.1.4;2022-11-09;0.0;sonstige
LP.8.1.4;2022-11-16;0.0;sonstige
LP.8.1.4;2022-11-23;0.0;sonstige
LP.8.1.4;2022-11-30;0.0;sonstige
LP.8.1.4;2022-12-07;0.0;sonstige
LP.8.1.4;2022-12-14;0.0;sonstige
LP.8.1.4;2022-12-21;0.0;sonstige
LP.8.1.4;2022-12-28;0.0;sonstige
LP.8.1.4;2023-01-04;0.0;sonstige
LP.8.1.4;2023-01-11;0.0;sonstige
LP.8.1.4;2023-01-18;0.0;sonstige
LP.8.1.4;2023-01-25;0.0;sonstige
LP.8.1.4;2023-02-01;0.0;sonstige
LP.8.1.4;2023-02-08;0.0;sonstige
LP.8.1.4;2023-02-15;0.0;sonstige
LP.8.1.4;2023-02-22;0.0;sonstige
LP.8.1.4;2023-03-01;0.0;sonstige
LP.8.1.4;2023-03-08;0.0;sonstige
LP.8.1.4;2023-03-15;0.0;sonstige
LP.8.1.4;2023-03-22;0.0;sonstige
LP.8.1.4;2023-03-29;0.0;sonstige
LP.8.1.4;2023-04-05;0.0;sonstige
LP.8.1.4;2023-04-12;0.0;sonstige
LP.8.1.4;2023-04-19;0.0;sonstige
LP.8.1.4;2023-04-26;0.0;sonstige
LP.8.1.4;2023-05-03;0.0;sonstige
LP.8.1.4;2023-05-10;0.0;sonstige
LP.8.1.4;2023-05-17;0.0;sonstige
LP.8.1.4;2023-05-24;0.0;sonstige
LP.8.1.4;2023-05-31;0.0;sonstige
LP.8.1.4;2023-06-07;0.0;sonstige
LP.8.1.4;2023-06-14;0.0;sonstige
LP.8.1.4;2023-06-21;0.0;sonstige
LP.8.1.4;2023-06-28;0.0;sonstige
LP.8.1.4;2023-07-05;0.0;sonstige
LP.8.1.4;2023-07-12;0.0;sonstige
LP.8.1.4;2023-07-19;0.0;sonstige
LP.8.1.4;2023-07-26;0.0;sonstige
LP.8.1.4;2023-08-02;0.0;sonstige
LP.8.1.4;2023-08-09;0.0;sonstige
LP.8.1.4;2023-08-16;0.0;sonstige
LP.8.1.4;2023-08-23;0.0;sonstige
LP.8.1.4;2023-08-30;0.0;sonstige
LP.8.1.4;2023-09-06;0.0;sonstige
LP.8.1.4;2023-09-13;0.0;sonstige
LP.8.1.4;2023-09-20;0.0;sonstige
LP.8.1.4;2023-09-27;0.0;sonstige
LP.8.1.4;2023-10-04;0.0;sonstige
LP.8.1.4;2023-10-11;0.0;sonstige
LP.8.1.4;2023-10-18;0.0;sonstige
LP.8.1.4;2023-10-25;0.0;sonstige
LP.8.1.4;2023-11-01;0.0;sonstige
LP.8.1.4;2023-11-08;0.0;sonstige
LP.8.1.4;2023-11-15;0.0;sonstige
LP.8.1.4;2023-11-22;0.0;sonstige
LP.8.1.4;2023-11-29;0.0;sonstige
LP.8.1.4;2023-12-06;0.0;sonstige
LP.8.1.4;2023-12-13;0.0;sonstige
LP.8.1.4;2023-12-20;0.0;sonstige
LP.8.1.4;2023-12-27;0.0;sonstige
LP.8.1.4;2024-01-03;0.0;sonstige
LP.8.1.4;2024-01-10;0.0;sonstige
LP.8.1.4;2024-01-17;0.0;sonstige
LP.8.1.4;2024-01-24;0.0;sonstige
LP.8.1.4;2024-01-31;0.0;sonstige
LP.8.1.4;2024-02-07;0.0;sonstige
LP.8.1.4;2024-02-14;0.0;sonstige
LP.8.1.4;2024-02-21;0.0;sonstige
LP.8.1.4;2024-02-28;0.0;sonstige
LP.8.1.4;2024-03-06;0.0;sonstige
LP.8.1.4;2024-03-13;0.0;sonstige
LP.8.1.4;2024-03-20;0.0;sonstige
LP.8.1.4;2024-03-27;0.0;sonstige
LP.8.1.4;2024-04-03;0.0;sonstige
LP.8.1.4;2024-04-10;0.0;sonstige
LP.8.1.4;2024-04-17;0.0;sonstige
LP.8.1.4;2024-04-24;0.0;sonstige
LP.8.1.4;2024-05-01;0.0;sonstige
LP.8.1.4;2024-05-08;0.0;sonstige
LP.8.1.4;2024-05-15;0.0;sonstige
LP.8.1.4;2024-05-22;0.0;sonstige
LP.8.1.4;2024-05-29;0.0;sonstige
LP.8.1.4;2024-06-05;0.002;sonstige
LP.8.1.4;2024-06-12;0.002;sonstige
LP.8.1.4;2024-06-19;0.0;sonstige
LP.8.1.4;2024-06-26;0.005;sonstige
LP.8.1.4;2024-07-03;0.0;sonstige
LP.8.1.4;2024-07-10;0.002;sonstige
LP.8.1.4;2024-07-17;0.001;sonstige
LP.8.1.4;2024-07-24;0.003;sonstige
LP.8.1.4;2024-07-31;0.003;sonstige
LP.8.1.4;2024-08-07;0.004;sonstige
LP.8.1.4;2024-08-14;0.004;sonstige
LP.8.1.4;2024-08-21;0.005;sonstige
LP.8.1.4;2024-08-28;0.003;sonstige
LP.8.1.4;2024-09-04;0.005;sonstige
LP.8.1.4;2024-09-11;0.005;sonstige
LP.8.1.4;2024-09-18;0.004;sonstige
LP.8.1.4;2024-09-25;0.003;sonstige
LP.8.1.4;2024-10-02;0.003;sonstige
LP.8.1.4;2024-10-09;0.002;sonstige
LP.8.1.4;2024-10-16;0.005;sonstige
LP.8.1.4;2024-10-23;0.004;sonstige
LP.8.1.4;2024-10-30;0.007;sonstige
LP.8.1.4;2024-11-06;0.0;sonstige
LP.8.1.4;2024-11-13;0.001;sonstige
LP.8.1.4;2024-11-20;0.001;sonstige
LP.8.1.4;2024-11-27;0.002;sonstige
LP.8.1.4;2024-12-04;0.003;sonstige
LP.8.1.4;2024-12-11;0.002;sonstige
LP.8.1.4;2024-12-18;0.002;sonstige
LP.8.1.4;2024-12-25;0.002;sonstige
LP.8.1.4;2025-01-01;0.017;sonstige
LP.8.1.4;2025-01-08;0.004;sonstige
LP.8.1.4;2025-01-15;0.004;sonstige
LP.8.1.4;2025-01-22;0.008;sonstige
LP.8.1.4;2025-01-29;0.008;sonstige
LP.8.1.4;2025-02-05;0.009;sonstige
LP.8.1.4;2025-02-12;0.011;sonstige
LP.8.1.4;2025-02-19;0.032;sonstige
LP.8.1.4;2025-02-26;0.034;sonstige
LP.8.1.4;2025-03-05;0.036;sonstige
LP.8.1.4;2025-03-12;0.02;sonstige
LP.8.1.4;2025-03-19;0.02;sonstige
LP.8.1.4;2025-03-26;0.018;sonstige
LP.8.1.1;2022-09-21;0.0;sonstige
LP.8.1.1;2022-09-28;0.0;sonstige
LP.8.1.1;2022-10-05;0.0;sonstige
LP.8.1.1;2022-10-12;0.0;sonstige
LP.8.1.1;2022-10-19;0.0;sonstige
LP.8.1.1;2022-10-26;0.0;sonstige
LP.8.1.1;2022-11-02;0.0;sonstige
LP.8.1.1;2022-11-09;0.0;sonstige
LP.8.1.1;2022-11-16;0.0;sonstige
LP.8.1.1;2022-11-23;0.0;sonstige
LP.8.1.1;2022-11-30;0.0;sonstige
LP.8.1.1;2022-12-07;0.0;sonstige
LP.8.1.1;2022-12-14;0.0;sonstige
LP.8.1.1;2022-12-21;0.0;sonstige
LP.8.1.1;2022-12-28;0.0;sonstige
LP.8.1.1;2023-01-04;0.0;sonstige
LP.8.1.1;2023-01-11;0.0;sonstige
LP.8.1.1;2023-01-18;0.0;sonstige
LP.8.1.1;2023-01-25;0.0;sonstige
LP.8.1.1;2023-02-01;0.0;sonstige
LP.8.1.1;2023-02-08;0.0;sonstige
LP.8.1.1;2023-02-15;0.0;sonstige
LP.8.1.1;2023-02-22;0.0;sonstige
LP.8.1.1;2023-03-01;0.0;sonstige
LP.8.1.1;2023-03-08;0.0;sonstige
LP.8.1.1;2023-03-15;0.0;sonstige
LP.8.1.1;2023-03-22;0.0;sonstige
LP.8.1.1;2023-03-29;0.0;sonstige
LP.8.1.1;2023-04-05;0.0;sonstige
LP.8.1.1;2023-04-12;0.0;sonstige
LP.8.1.1;2023-04-19;0.0;sonstige
LP.8.1.1;2023-04-26;0.0;sonstige
LP.8.1.1;2023-05-03;0.0;sonstige
LP.8.1.1;2023-05-10;0.0;sonstige
LP.8.1.1;2023-05-17;0.0;sonstige
LP.8.1.1;2023-05-24;0.0;sonstige
LP.8.1.1;2023-05-31;0.0;sonstige
LP.8.1.1;2023-06-07;0.0;sonstige
LP.8.1.1;2023-06-14;0.0;sonstige
LP.8.1.1;2023-06-21;0.0;sonstige
LP.8.1.1;2023-06-28;0.0;sonstige
LP.8.1.1;2023-07-05;0.0;sonstige
LP.8.1.1;2023-07-12;0.0;sonstige
LP.8.1.1;2023-07-19;0.0;sonstige
LP.8.1.1;2023-07-26;0.0;sonstige
LP.8.1.1;2023-08-02;0.0;sonstige
LP.8.1.1;2023-08-09;0.0;sonstige
LP.8.1.1;2023-08-16;0.0;sonstige
LP.8.1.1;2023-08-23;0.0;sonstige
LP.8.1.1;2023-08-30;0.0;sonstige
LP.8.1.1;2023-09-06;0.0;sonstige
LP.8.1.1;2023-09-13;0.0;sonstige
LP.8.1.1;2023-09-20;0.0;sonstige
LP.8.1.1;2023-09-27;0.0;sonstige
LP.8.1.1;2023-10-04;0.0;sonstige
LP.8.1.1;2023-10-11;0.0;sonstige
LP.8.1.1;2023-10-18;0.0;sonstige
LP.8.1.1;2023-10-25;0.0;sonstige
LP.8.1.1;2023-11-01;0.0;sonstige
LP.8.1.1;2023-11-08;0.0;sonstige
LP.8.1.1;2023-11-15;0.0;sonstige
LP.8.1.1;2023-11-22;0.0;sonstige
LP.8.1.1;2023-11-29;0.0;sonstige
LP.8.1.1;2023-12-06;0.0;sonstige
LP.8.1.1;2023-12-13;0.0;sonstige
LP.8.1.1;2023-12-20;0.0;sonstige
LP.8.1.1;2023-12-27;0.0;sonstige
LP.8.1.1;2024-01-03;0.0;sonstige
LP.8.1.1;2024-01-10;0.0;sonstige
LP.8.1.1;2024-01-17;0.0;sonstige
LP.8.1.1;2024-01-24;0.0;sonstige
LP.8.1.1;2024-01-31;0.0;sonstige
LP.8.1.1;2024-02-07;0.0;sonstige
LP.8.1.1;2024-02-14;0.0;sonstige
LP.8.1.1;2024-02-21;0.0;sonstige
LP.8.1.1;2024-02-28;0.0;sonstige
LP.8.1.1;2024-03-06;0.0;sonstige
LP.8.1.1;2024-03-13;0.0;sonstige
LP.8.1.1;2024-03-20;0.0;sonstige
LP.8.1.1;2024-03-27;0.0;sonstige
LP.8.1.1;2024-04-03;0.0;sonstige
LP.8.1.1;2024-04-10;0.0;sonstige
LP.8.1.1;2024-04-17;0.0;sonstige
LP.8.1.1;2024-04-24;0.0;sonstige
LP.8.1.1;2024-05-01;0.0;sonstige
LP.8.1.1;2024-05-08;0.0;sonstige
LP.8.1.1;2024-05-15;0.0;sonstige
LP.8.1.1;2024-05-22;0.002;sonstige
LP.8.1.1;2024-05-29;0.003;sonstige
LP.8.1.1;2024-06-05;0.016;sonstige
LP.8.1.1;2024-06-12;0.025;sonstige
LP.8.1.1;2024-06-19;0.033;sonstige
LP.8.1.1;2024-06-26;0.028;sonstige
LP.8.1.1;2024-07-03;0.015;sonstige
LP.8.1.1;2024-07-10;0.006;sonstige
LP.8.1.1;2024-07-17;0.001;sonstige
LP.8.1.1;2024-07-24;0.002;sonstige
LP.8.1.1;2024-07-31;0.001;sonstige
LP.8.1.1;2024-08-07;0.001;sonstige
LP.8.1.1;2024-08-14;0.001;sonstige
LP.8.1.1;2024-08-21;0.0;sonstige
LP.8.1.1;2024-08-28;0.001;sonstige
LP.8.1.1;2024-09-04;0.0;sonstige
LP.8.1.1;2024-09-11;0.001;sonstige
LP.8.1.1;2024-09-18;0.002;sonstige
LP.8.1.1;2024-09-25;0.004;sonstige
LP.8.1.1;2024-10-02;0.004;sonstige
LP.8.1.1;2024-10-09;0.003;sonstige
LP.8.1.1;2024-10-16;0.004;sonstige
LP.8.1.1;2024-10-23;0.001;sonstige
LP.8.1.1;2024-10-30;0.002;sonstige
LP.8.1.1;2024-11-06;0.003;sonstige
LP.8.1.1;2024-11-13;0.002;sonstige
LP.8.1.1;2024-11-20;0.002;sonstige
LP.8.1.1;2024-11-27;0.02;sonstige
LP.8.1.1;2024-12-04;0.027;sonstige
LP.8.1.1;2024-12-11;0.005;sonstige
LP.8.1.1;2024-12-18;0.022;sonstige
LP.8.1.1;2024-12-25;0.017;sonstige
LP.8.1.1;2025-01-01;0.05;sonstige
LP.8.1.1;2025-01-08;0.018;sonstige
LP.8.1.1;2025-01-15;0.018;sonstige
LP.8.1.1;2025-01-22;0.012;sonstige
LP.8.1.1;2025-01-29;0.026;sonstige
LP.8.1.1;2025-02-05;0.012;sonstige
LP.8.1.1;2025-02-12;0.025;sonstige
LP.8.1.1;2025-02-19;0.067;sonstige
LP.8.1.1;2025-02-26;0.181;sonstige
LP.8.1.1;2025-03-05;0.174;sonstige
LP.8.1.1;2025-03-12;0.206;sonstige
LP.8.1.1;2025-03-19;0.26;sonstige
LP.8.1.1;2025-03-26;0.156;sonstige
LP.8.1;2022-09-21;0.0;sonstige
LP.8.1;2022-09-28;0.0;sonstige
LP.8.1;2022-10-05;0.0;sonstige
LP.8.1;2022-10-12;0.0;sonstige
LP.8.1;2022-10-19;0.0;sonstige
LP.8.1;2022-10-26;0.0;sonstige
LP.8.1;2022-11-02;0.0;sonstige
LP.8.1;2022-11-09;0.0;sonstige
LP.8.1;2022-11-16;0.0;sonstige
LP.8.1;2022-11-23;0.0;sonstige
LP.8.1;2022-11-30;0.0;sonstige
LP.8.1;2022-12-07;0.0;sonstige
LP.8.1;2022-12-14;0.0;sonstige
LP.8.1;2022-12-21;0.0;sonstige
LP.8.1;2022-12-28;0.0;sonstige
LP.8.1;2023-01-04;0.0;sonstige
LP.8.1;2023-01-11;0.0;sonstige
LP.8.1;2023-01-18;0.0;sonstige
LP.8.1;2023-01-25;0.0;sonstige
LP.8.1;2023-02-01;0.0;sonstige
LP.8.1;2023-02-08;0.0;sonstige
LP.8.1;2023-02-15;0.0;sonstige
LP.8.1;2023-02-22;0.0;sonstige
LP.8.1;2023-03-01;0.0;sonstige
LP.8.1;2023-03-08;0.0;sonstige
LP.8.1;2023-03-15;0.0;sonstige
LP.8.1;2023-03-22;0.0;sonstige
LP.8.1;2023-03-29;0.0;sonstige
LP.8.1;2023-04-05;0.0;sonstige
LP.8.1;2023-04-12;0.0;sonstige
LP.8.1;2023-04-19;0.0;sonstige
LP.8.1;2023-04-26;0.0;sonstige
LP.8.1;2023-05-03;0.0;sonstige
LP.8.1;2023-05-10;0.0;sonstige
LP.8.1;2023-05-17;0.0;sonstige
LP.8.1;2023-05-24;0.0;sonstige
LP.8.1;2023-05-31;0.0;sonstige
LP.8.1;2023-06-07;0.0;sonstige
LP.8.1;2023-06-14;0.0;sonstige
LP.8.1;2023-06-21;0.0;sonstige
LP.8.1;2023-06-28;0.0;sonstige
LP.8.1;2023-07-05;0.0;sonstige
LP.8.1;2023-07-12;0.0;sonstige
LP.8.1;2023-07-19;0.0;sonstige
LP.8.1;2023-07-26;0.0;sonstige
LP.8.1;2023-08-02;0.0;sonstige
LP.8.1;2023-08-09;0.0;sonstige
LP.8.1;2023-08-16;0.0;sonstige
LP.8.1;2023-08-23;0.0;sonstige
LP.8.1;2023-08-30;0.0;sonstige
LP.8.1;2023-09-06;0.0;sonstige
LP.8.1;2023-09-13;0.0;sonstige
LP.8.1;2023-09-20;0.0;sonstige
LP.8.1;2023-09-27;0.0;sonstige
LP.8.1;2023-10-04;0.0;sonstige
LP.8.1;2023-10-11;0.0;sonstige
LP.8.1;2023-10-18;0.0;sonstige
LP.8.1;2023-10-25;0.0;sonstige
LP.8.1;2023-11-01;0.0;sonstige
LP.8.1;2023-11-08;0.0;sonstige
LP.8.1;2023-11-15;0.0;sonstige
LP.8.1;2023-11-22;0.0;sonstige
LP.8.1;2023-11-29;0.0;sonstige
LP.8.1;2023-12-06;0.0;sonstige
LP.8.1;2023-12-13;0.0;sonstige
LP.8.1;2023-12-20;0.0;sonstige
LP.8.1;2023-12-27;0.0;sonstige
LP.8.1;2024-01-03;0.0;sonstige
LP.8.1;2024-01-10;0.0;sonstige
LP.8.1;2024-01-17;0.0;sonstige
LP.8.1;2024-01-24;0.0;sonstige
LP.8.1;2024-01-31;0.0;sonstige
LP.8.1;2024-02-07;0.0;sonstige
LP.8.1;2024-02-14;0.0;sonstige
LP.8.1;2024-02-21;0.0;sonstige
LP.8.1;2024-02-28;0.0;sonstige
LP.8.1;2024-03-06;0.0;sonstige
LP.8.1;2024-03-13;0.0;sonstige
LP.8.1;2024-03-20;0.0;sonstige
LP.8.1;2024-03-27;0.0;sonstige
LP.8.1;2024-04-03;0.0;sonstige
LP.8.1;2024-04-10;0.085;sonstige
LP.8.1;2024-04-17;0.127;sonstige
LP.8.1;2024-04-24;0.083;sonstige
LP.8.1;2024-05-01;0.093;sonstige
LP.8.1;2024-05-08;0.042;sonstige
LP.8.1;2024-05-15;0.045;sonstige
LP.8.1;2024-05-22;0.034;sonstige
LP.8.1;2024-05-29;0.016;sonstige
LP.8.1;2024-06-05;0.116;sonstige
LP.8.1;2024-06-12;0.129;sonstige
LP.8.1;2024-06-19;0.145;sonstige
LP.8.1;2024-06-26;0.058;sonstige
LP.8.1;2024-07-03;0.054;sonstige
LP.8.1;2024-07-10;0.089;sonstige
LP.8.1;2024-07-17;0.09;sonstige
LP.8.1;2024-07-24;0.019;sonstige
LP.8.1;2024-07-31;0.024;sonstige
LP.8.1;2024-08-07;0.022;sonstige
LP.8.1;2024-08-14;0.058;sonstige
LP.8.1;2024-08-21;0.021;sonstige
LP.8.1;2024-08-28;0.019;sonstige
LP.8.1;2024-09-04;0.027;sonstige
LP.8.1;2024-09-11;0.026;sonstige
LP.8.1;2024-09-18;0.022;sonstige
LP.8.1;2024-09-25;0.021;sonstige
LP.8.1;2024-10-02;0.008;sonstige
LP.8.1;2024-10-09;0.004;sonstige
LP.8.1;2024-10-16;0.003;sonstige
LP.8.1;2024-10-23;0.009;sonstige
LP.8.1;2024-10-30;0.004;sonstige
LP.8.1;2024-11-06;0.003;sonstige
LP.8.1;2024-11-13;0.017;sonstige
LP.8.1;2024-11-20;0.011;sonstige
LP.8.1;2024-11-27;0.032;sonstige
LP.8.1;2024-12-04;0.016;sonstige
LP.8.1;2024-12-11;0.03;sonstige
LP.8.1;2024-12-18;0.008;sonstige
LP.8.1;2024-12-25;0.01;sonstige
LP.8.1;2025-01-01;0.001;sonstige
LP.8.1;2025-01-08;0.052;sonstige
LP.8.1;2025-01-15;0.039;sonstige
LP.8.1;2025-01-22;0.024;sonstige
LP.8.1;2025-01-29;0.059;sonstige
LP.8.1;2025-02-05;0.047;sonstige
LP.8.1;2025-02-12;0.045;sonstige
LP.8.1;2025-02-19;0.027;sonstige
LP.8.1;2025-02-26;0.034;sonstige
LP.8.1;2025-03-05;0.024;sonstige
LP.8.1;2025-03-12;0.024;sonstige
LP.8.1;2025-03-19;0.077;sonstige
LP.8.1;2025-03-26;0.037;sonstige
LF.7.2.1;2022-09-21;0.0;sonstige
LF.7.2.1;2022-09-28;0.0;sonstige
LF.7.2.1;2022-10-05;0.0;sonstige
LF.7.2.1;2022-10-12;0.0;sonstige
LF.7.2.1;2022-10-19;0.0;sonstige
LF.7.2.1;2022-10-26;0.0;sonstige
LF.7.2.1;2022-11-02;0.0;sonstige
LF.7.2.1;2022-11-09;0.0;sonstige
LF.7.2.1;2022-11-16;0.0;sonstige
LF.7.2.1;2022-11-23;0.0;sonstige
LF.7.2.1;2022-11-30;0.0;sonstige
LF.7.2.1;2022-12-07;0.0;sonstige
LF.7.2.1;2022-12-14;0.0;sonstige
LF.7.2.1;2022-12-21;0.0;sonstige
LF.7.2.1;2022-12-28;0.0;sonstige
LF.7.2.1;2023-01-04;0.0;sonstige
LF.7.2.1;2023-01-11;0.0;sonstige
LF.7.2.1;2023-01-18;0.0;sonstige
LF.7.2.1;2023-01-25;0.0;sonstige
LF.7.2.1;2023-02-01;0.0;sonstige
LF.7.2.1;2023-02-08;0.0;sonstige
LF.7.2.1;2023-02-15;0.0;sonstige
LF.7.2.1;2023-02-22;0.0;sonstige
LF.7.2.1;2023-03-01;0.0;sonstige
LF.7.2.1;2023-03-08;0.0;sonstige
LF.7.2.1;2023-03-15;0.0;sonstige
LF.7.2.1;2023-03-22;0.0;sonstige
LF.7.2.1;2023-03-29;0.0;sonstige
LF.7.2.1;2023-04-05;0.0;sonstige
LF.7.2.1;2023-04-12;0.0;sonstige
LF.7.2.1;2023-04-19;0.0;sonstige
LF.7.2.1;2023-04-26;0.0;sonstige
LF.7.2.1;2023-05-03;0.0;sonstige
LF.7.2.1;2023-05-10;0.0;sonstige
LF.7.2.1;2023-05-17;0.0;sonstige
LF.7.2.1;2023-05-24;0.0;sonstige
LF.7.2.1;2023-05-31;0.0;sonstige
LF.7.2.1;2023-06-07;0.0;sonstige
LF.7.2.1;2023-06-14;0.0;sonstige
LF.7.2.1;2023-06-21;0.0;sonstige
LF.7.2.1;2023-06-28;0.0;sonstige
LF.7.2.1;2023-07-05;0.0;sonstige
LF.7.2.1;2023-07-12;0.0;sonstige
LF.7.2.1;2023-07-19;0.0;sonstige
LF.7.2.1;2023-07-26;0.0;sonstige
LF.7.2.1;2023-08-02;0.0;sonstige
LF.7.2.1;2023-08-09;0.0;sonstige
LF.7.2.1;2023-08-16;0.0;sonstige
LF.7.2.1;2023-08-23;0.0;sonstige
LF.7.2.1;2023-08-30;0.0;sonstige
LF.7.2.1;2023-09-06;0.0;sonstige
LF.7.2.1;2023-09-13;0.0;sonstige
LF.7.2.1;2023-09-20;0.0;sonstige
LF.7.2.1;2023-09-27;0.0;sonstige
LF.7.2.1;2023-10-04;0.0;sonstige
LF.7.2.1;2023-10-11;0.0;sonstige
LF.7.2.1;2023-10-18;0.0;sonstige
LF.7.2.1;2023-10-25;0.0;sonstige
LF.7.2.1;2023-11-01;0.0;sonstige
LF.7.2.1;2023-11-08;0.0;sonstige
LF.7.2.1;2023-11-15;0.0;sonstige
LF.7.2.1;2023-11-22;0.0;sonstige
LF.7.2.1;2023-11-29;0.0;sonstige
LF.7.2.1;2023-12-06;0.0;sonstige
LF.7.2.1;2023-12-13;0.0;sonstige
LF.7.2.1;2023-12-20;0.0;sonstige
LF.7.2.1;2023-12-27;0.0;sonstige
LF.7.2.1;2024-01-03;0.0;sonstige
LF.7.2.1;2024-01-10;0.0;sonstige
LF.7.2.1;2024-01-17;0.0;sonstige
LF.7.2.1;2024-01-24;0.0;sonstige
LF.7.2.1;2024-01-31;0.0;sonstige
LF.7.2.1;2024-02-07;0.0;sonstige
LF.7.2.1;2024-02-14;0.0;sonstige
LF.7.2.1;2024-02-21;0.0;sonstige
LF.7.2.1;2024-02-28;0.0;sonstige
LF.7.2.1;2024-03-06;0.0;sonstige
LF.7.2.1;2024-03-13;0.0;sonstige
LF.7.2.1;2024-03-20;0.0;sonstige
LF.7.2.1;2024-03-27;0.0;sonstige
LF.7.2.1;2024-04-03;0.0;sonstige
LF.7.2.1;2024-04-10;0.0;sonstige
LF.7.2.1;2024-04-17;0.0;sonstige
LF.7.2.1;2024-04-24;0.0;sonstige
LF.7.2.1;2024-05-01;0.0;sonstige
LF.7.2.1;2024-05-08;0.0;sonstige
LF.7.2.1;2024-05-15;0.0;sonstige
LF.7.2.1;2024-05-22;0.0;sonstige
LF.7.2.1;2024-05-29;0.0;sonstige
LF.7.2.1;2024-06-05;0.0;sonstige
LF.7.2.1;2024-06-12;0.0;sonstige
LF.7.2.1;2024-06-19;0.0;sonstige
LF.7.2.1;2024-06-26;0.0;sonstige
LF.7.2.1;2024-07-03;0.0;sonstige
LF.7.2.1;2024-07-10;0.0;sonstige
LF.7.2.1;2024-07-17;0.0;sonstige
LF.7.2.1;2024-07-24;0.0;sonstige
LF.7.2.1;2024-07-31;0.0;sonstige
LF.7.2.1;2024-08-07;0.0;sonstige
LF.7.2.1;2024-08-14;0.0;sonstige
LF.7.2.1;2024-08-21;0.0;sonstige
LF.7.2.1;2024-08-28;0.0;sonstige
LF.7.2.1;2024-09-04;0.0;sonstige
LF.7.2.1;2024-09-11;0.001;sonstige
LF.7.2.1;2024-09-18;0.0;sonstige
LF.7.2.1;2024-09-25;0.006;sonstige
LF.7.2.1;2024-10-02;0.009;sonstige
LF.7.2.1;2024-10-09;0.011;sonstige
LF.7.2.1;2024-10-16;0.001;sonstige
LF.7.2.1;2024-10-23;0.003;sonstige
LF.7.2.1;2024-10-30;0.002;sonstige
LF.7.2.1;2024-11-06;0.003;sonstige
LF.7.2.1;2024-11-13;0.027;sonstige
LF.7.2.1;2024-11-20;0.024;sonstige
LF.7.2.1;2024-11-27;0.013;sonstige
LF.7.2.1;2024-12-04;0.004;sonstige
LF.7.2.1;2024-12-11;0.003;sonstige
LF.7.2.1;2024-12-18;0.003;sonstige
LF.7.2.1;2024-12-25;0.0;sonstige
LF.7.2.1;2025-01-01;0.0;sonstige
LF.7.2.1;2025-01-08;0.0;sonstige
LF.7.2.1;2025-01-15;0.0;sonstige
LF.7.2.1;2025-01-22;0.0;sonstige
LF.7.2.1;2025-01-29;0.0;sonstige
LF.7.2.1;2025-02-05;0.038;sonstige
LF.7.2.1;2025-02-12;0.051;sonstige
LF.7.2.1;2025-02-19;0.034;sonstige
LF.7.2.1;2025-02-26;0.074;sonstige
LF.7.2.1;2025-03-05;0.072;sonstige
LF.7.2.1;2025-03-12;0.0;sonstige
LF.7.2.1;2025-03-19;0.0;sonstige
LF.7.2.1;2025-03-26;0.0;sonstige
LF.7.1;2022-09-21;0.0;sonstige
LF.7.1;2022-09-28;0.0;sonstige
LF.7.1;2022-10-05;0.0;sonstige
LF.7.1;2022-10-12;0.0;sonstige
LF.7.1;2022-10-19;0.0;sonstige
LF.7.1;2022-10-26;0.0;sonstige
LF.7.1;2022-11-02;0.0;sonstige
LF.7.1;2022-11-09;0.0;sonstige
LF.7.1;2022-11-16;0.0;sonstige
LF.7.1;2022-11-23;0.0;sonstige
LF.7.1;2022-11-30;0.0;sonstige
LF.7.1;2022-12-07;0.0;sonstige
LF.7.1;2022-12-14;0.0;sonstige
LF.7.1;2022-12-21;0.0;sonstige
LF.7.1;2022-12-28;0.0;sonstige
LF.7.1;2023-01-04;0.0;sonstige
LF.7.1;2023-01-11;0.0;sonstige
LF.7.1;2023-01-18;0.0;sonstige
LF.7.1;2023-01-25;0.0;sonstige
LF.7.1;2023-02-01;0.0;sonstige
LF.7.1;2023-02-08;0.0;sonstige
LF.7.1;2023-02-15;0.0;sonstige
LF.7.1;2023-02-22;0.0;sonstige
LF.7.1;2023-03-01;0.0;sonstige
LF.7.1;2023-03-08;0.0;sonstige
LF.7.1;2023-03-15;0.0;sonstige
LF.7.1;2023-03-22;0.0;sonstige
LF.7.1;2023-03-29;0.0;sonstige
LF.7.1;2023-04-05;0.0;sonstige
LF.7.1;2023-04-12;0.0;sonstige
LF.7.1;2023-04-19;0.0;sonstige
LF.7.1;2023-04-26;0.0;sonstige
LF.7.1;2023-05-03;0.0;sonstige
LF.7.1;2023-05-10;0.0;sonstige
LF.7.1;2023-05-17;0.0;sonstige
LF.7.1;2023-05-24;0.0;sonstige
LF.7.1;2023-05-31;0.0;sonstige
LF.7.1;2023-06-07;0.0;sonstige
LF.7.1;2023-06-14;0.0;sonstige
LF.7.1;2023-06-21;0.0;sonstige
LF.7.1;2023-06-28;0.0;sonstige
LF.7.1;2023-07-05;0.0;sonstige
LF.7.1;2023-07-12;0.0;sonstige
LF.7.1;2023-07-19;0.0;sonstige
LF.7.1;2023-07-26;0.0;sonstige
LF.7.1;2023-08-02;0.0;sonstige
LF.7.1;2023-08-09;0.0;sonstige
LF.7.1;2023-08-16;0.0;sonstige
LF.7.1;2023-08-23;0.0;sonstige
LF.7.1;2023-08-30;0.0;sonstige
LF.7.1;2023-09-06;0.0;sonstige
LF.7.1;2023-09-13;0.0;sonstige
LF.7.1;2023-09-20;0.0;sonstige
LF.7.1;2023-09-27;0.0;sonstige
LF.7.1;2023-10-04;0.0;sonstige
LF.7.1;2023-10-11;0.0;sonstige
LF.7.1;2023-10-18;0.0;sonstige
LF.7.1;2023-10-25;0.0;sonstige
LF.7.1;2023-11-01;0.0;sonstige
LF.7.1;2023-11-08;0.0;sonstige
LF.7.1;2023-11-15;0.0;sonstige
LF.7.1;2023-11-22;0.0;sonstige
LF.7.1;2023-11-29;0.0;sonstige
LF.7.1;2023-12-06;0.0;sonstige
LF.7.1;2023-12-13;0.0;sonstige
LF.7.1;2023-12-20;0.0;sonstige
LF.7.1;2023-12-27;0.0;sonstige
LF.7.1;2024-01-03;0.0;sonstige
LF.7.1;2024-01-10;0.0;sonstige
LF.7.1;2024-01-17;0.0;sonstige
LF.7.1;2024-01-24;0.0;sonstige
LF.7.1;2024-01-31;0.0;sonstige
LF.7.1;2024-02-07;0.0;sonstige
LF.7.1;2024-02-14;0.0;sonstige
LF.7.1;2024-02-21;0.0;sonstige
LF.7.1;2024-02-28;0.0;sonstige
LF.7.1;2024-03-06;0.0;sonstige
LF.7.1;2024-03-13;0.0;sonstige
LF.7.1;2024-03-20;0.0;sonstige
LF.7.1;2024-03-27;0.0;sonstige
LF.7.1;2024-04-03;0.0;sonstige
LF.7.1;2024-04-10;0.0;sonstige
LF.7.1;2024-04-17;0.0;sonstige
LF.7.1;2024-04-24;0.0;sonstige
LF.7.1;2024-05-01;0.0;sonstige
LF.7.1;2024-05-08;0.0;sonstige
LF.7.1;2024-05-15;0.0;sonstige
LF.7.1;2024-05-22;0.0;sonstige
LF.7.1;2024-05-29;0.0;sonstige
LF.7.1;2024-06-05;0.0;sonstige
LF.7.1;2024-06-12;0.0;sonstige
LF.7.1;2024-06-19;0.0;sonstige
LF.7.1;2024-06-26;0.0;sonstige
LF.7.1;2024-07-03;0.0;sonstige
LF.7.1;2024-07-10;0.0;sonstige
LF.7.1;2024-07-17;0.0;sonstige
LF.7.1;2024-07-24;0.0;sonstige
LF.7.1;2024-07-31;0.005;sonstige
LF.7.1;2024-08-07;0.014;sonstige
LF.7.1;2024-08-14;0.003;sonstige
LF.7.1;2024-08-21;0.006;sonstige
LF.7.1;2024-08-28;0.001;sonstige
LF.7.1;2024-09-04;0.002;sonstige
LF.7.1;2024-09-11;0.021;sonstige
LF.7.1;2024-09-18;0.032;sonstige
LF.7.1;2024-09-25;0.016;sonstige
LF.7.1;2024-10-02;0.012;sonstige
LF.7.1;2024-10-09;0.011;sonstige
LF.7.1;2024-10-16;0.011;sonstige
LF.7.1;2024-10-23;0.015;sonstige
LF.7.1;2024-10-30;0.032;sonstige
LF.7.1;2024-11-06;0.051;sonstige
LF.7.1;2024-11-13;0.009;sonstige
LF.7.1;2024-11-20;0.034;sonstige
LF.7.1;2024-11-27;0.028;sonstige
LF.7.1;2024-12-04;0.052;sonstige
LF.7.1;2024-12-11;0.003;sonstige
LF.7.1;2024-12-18;0.113;sonstige
LF.7.1;2024-12-25;0.051;sonstige
LF.7.1;2025-01-01;0.016;sonstige
LF.7.1;2025-01-08;0.013;sonstige
LF.7.1;2025-01-15;0.016;sonstige
LF.7.1;2025-01-22;0.01;sonstige
LF.7.1;2025-01-29;0.018;sonstige
LF.7.1;2025-02-05;0.003;sonstige
LF.7.1;2025-02-12;0.002;sonstige
LF.7.1;2025-02-19;0.001;sonstige
LF.7.1;2025-02-26;0.0;sonstige
LF.7.1;2025-03-05;0.0;sonstige
LF.7.1;2025-03-12;0.0;sonstige
LF.7.1;2025-03-19;0.0;sonstige
LF.7.1;2025-03-26;0.0;sonstige
LF.7;2022-09-21;0.0;sonstige
LF.7;2022-09-28;0.0;sonstige
LF.7;2022-10-05;0.0;sonstige
LF.7;2022-10-12;0.0;sonstige
LF.7;2022-10-19;0.0;sonstige
LF.7;2022-10-26;0.0;sonstige
LF.7;2022-11-02;0.0;sonstige
LF.7;2022-11-09;0.0;sonstige
LF.7;2022-11-16;0.0;sonstige
LF.7;2022-11-23;0.0;sonstige
LF.7;2022-11-30;0.0;sonstige
LF.7;2022-12-07;0.0;sonstige
LF.7;2022-12-14;0.0;sonstige
LF.7;2022-12-21;0.0;sonstige
LF.7;2022-12-28;0.0;sonstige
LF.7;2023-01-04;0.0;sonstige
LF.7;2023-01-11;0.0;sonstige
LF.7;2023-01-18;0.0;sonstige
LF.7;2023-01-25;0.0;sonstige
LF.7;2023-02-01;0.0;sonstige
LF.7;2023-02-08;0.0;sonstige
LF.7;2023-02-15;0.0;sonstige
LF.7;2023-02-22;0.0;sonstige
LF.7;2023-03-01;0.0;sonstige
LF.7;2023-03-08;0.0;sonstige
LF.7;2023-03-15;0.0;sonstige
LF.7;2023-03-22;0.0;sonstige
LF.7;2023-03-29;0.0;sonstige
LF.7;2023-04-05;0.0;sonstige
LF.7;2023-04-12;0.0;sonstige
LF.7;2023-04-19;0.0;sonstige
LF.7;2023-04-26;0.0;sonstige
LF.7;2023-05-03;0.0;sonstige
LF.7;2023-05-10;0.0;sonstige
LF.7;2023-05-17;0.0;sonstige
LF.7;2023-05-24;0.0;sonstige
LF.7;2023-05-31;0.0;sonstige
LF.7;2023-06-07;0.0;sonstige
LF.7;2023-06-14;0.0;sonstige
LF.7;2023-06-21;0.0;sonstige
LF.7;2023-06-28;0.0;sonstige
LF.7;2023-07-05;0.0;sonstige
LF.7;2023-07-12;0.0;sonstige
LF.7;2023-07-19;0.0;sonstige
LF.7;2023-07-26;0.0;sonstige
LF.7;2023-08-02;0.0;sonstige
LF.7;2023-08-09;0.0;sonstige
LF.7;2023-08-16;0.0;sonstige
LF.7;2023-08-23;0.0;sonstige
LF.7;2023-08-30;0.0;sonstige
LF.7;2023-09-06;0.0;sonstige
LF.7;2023-09-13;0.0;sonstige
LF.7;2023-09-20;0.0;sonstige
LF.7;2023-09-27;0.0;sonstige
LF.7;2023-10-04;0.0;sonstige
LF.7;2023-10-11;0.0;sonstige
LF.7;2023-10-18;0.0;sonstige
LF.7;2023-10-25;0.0;sonstige
LF.7;2023-11-01;0.0;sonstige
LF.7;2023-11-08;0.0;sonstige
LF.7;2023-11-15;0.0;sonstige
LF.7;2023-11-22;0.0;sonstige
LF.7;2023-11-29;0.0;sonstige
LF.7;2023-12-06;0.0;sonstige
LF.7;2023-12-13;0.0;sonstige
LF.7;2023-12-20;0.0;sonstige
LF.7;2023-12-27;0.0;sonstige
LF.7;2024-01-03;0.0;sonstige
LF.7;2024-01-10;0.0;sonstige
LF.7;2024-01-17;0.0;sonstige
LF.7;2024-01-24;0.0;sonstige
LF.7;2024-01-31;0.0;sonstige
LF.7;2024-02-07;0.0;sonstige
LF.7;2024-02-14;0.0;sonstige
LF.7;2024-02-21;0.0;sonstige
LF.7;2024-02-28;0.0;sonstige
LF.7;2024-03-06;0.0;sonstige
LF.7;2024-03-13;0.0;sonstige
LF.7;2024-03-20;0.0;sonstige
LF.7;2024-03-27;0.0;sonstige
LF.7;2024-04-03;0.0;sonstige
LF.7;2024-04-10;0.0;sonstige
LF.7;2024-04-17;0.0;sonstige
LF.7;2024-04-24;0.0;sonstige
LF.7;2024-05-01;0.0;sonstige
LF.7;2024-05-08;0.0;sonstige
LF.7;2024-05-15;0.0;sonstige
LF.7;2024-05-22;0.0;sonstige
LF.7;2024-05-29;0.0;sonstige
LF.7;2024-06-05;0.0;sonstige
LF.7;2024-06-12;0.0;sonstige
LF.7;2024-06-19;0.0;sonstige
LF.7;2024-06-26;0.0;sonstige
LF.7;2024-07-03;0.0;sonstige
LF.7;2024-07-10;0.0;sonstige
LF.7;2024-07-17;0.0;sonstige
LF.7;2024-07-24;0.0;sonstige
LF.7;2024-07-31;0.0;sonstige
LF.7;2024-08-07;0.0;sonstige
LF.7;2024-08-14;0.0;sonstige
LF.7;2024-08-21;0.0;sonstige
LF.7;2024-08-28;0.001;sonstige
LF.7;2024-09-04;0.009;sonstige
LF.7;2024-09-11;0.001;sonstige
LF.7;2024-09-18;0.0;sonstige
LF.7;2024-09-25;0.001;sonstige
LF.7;2024-10-02;0.002;sonstige
LF.7;2024-10-09;0.001;sonstige
LF.7;2024-10-16;0.009;sonstige
LF.7;2024-10-23;0.002;sonstige
LF.7;2024-10-30;0.021;sonstige
LF.7;2024-11-06;0.003;sonstige
LF.7;2024-11-13;0.002;sonstige
LF.7;2024-11-20;0.005;sonstige
LF.7;2024-11-27;0.001;sonstige
LF.7;2024-12-04;0.001;sonstige
LF.7;2024-12-11;0.003;sonstige
LF.7;2024-12-18;0.005;sonstige
LF.7;2024-12-25;0.005;sonstige
LF.7;2025-01-01;0.036;sonstige
LF.7;2025-01-08;0.053;sonstige
LF.7;2025-01-15;0.035;sonstige
LF.7;2025-01-22;0.002;sonstige
LF.7;2025-01-29;0.0;sonstige
LF.7;2025-02-05;0.001;sonstige
LF.7;2025-02-12;0.0;sonstige
LF.7;2025-02-19;0.01;sonstige
LF.7;2025-02-26;0.009;sonstige
LF.7;2025-03-05;0.017;sonstige
LF.7;2025-03-12;0.03;sonstige
LF.7;2025-03-19;0.058;sonstige
LF.7;2025-03-26;0.08;sonstige
LB.1.3.1;2022-09-21;0.0;sonstige
LB.1.3.1;2022-09-28;0.0;sonstige
LB.1.3.1;2022-10-05;0.0;sonstige
LB.1.3.1;2022-10-12;0.0;sonstige
LB.1.3.1;2022-10-19;0.0;sonstige
LB.1.3.1;2022-10-26;0.0;sonstige
LB.1.3.1;2022-11-02;0.0;sonstige
LB.1.3.1;2022-11-09;0.0;sonstige
LB.1.3.1;2022-11-16;0.0;sonstige
LB.1.3.1;2022-11-23;0.0;sonstige
LB.1.3.1;2022-11-30;0.0;sonstige
LB.1.3.1;2022-12-07;0.0;sonstige
LB.1.3.1;2022-12-14;0.0;sonstige
LB.1.3.1;2022-12-21;0.0;sonstige
LB.1.3.1;2022-12-28;0.0;sonstige
LB.1.3.1;2023-01-04;0.0;sonstige
LB.1.3.1;2023-01-11;0.0;sonstige
LB.1.3.1;2023-01-18;0.0;sonstige
LB.1.3.1;2023-01-25;0.0;sonstige
LB.1.3.1;2023-02-01;0.0;sonstige
LB.1.3.1;2023-02-08;0.0;sonstige
LB.1.3.1;2023-02-15;0.0;sonstige
LB.1.3.1;2023-02-22;0.0;sonstige
LB.1.3.1;2023-03-01;0.0;sonstige
LB.1.3.1;2023-03-08;0.0;sonstige
LB.1.3.1;2023-03-15;0.0;sonstige
LB.1.3.1;2023-03-22;0.0;sonstige
LB.1.3.1;2023-03-29;0.0;sonstige
LB.1.3.1;2023-04-05;0.0;sonstige
LB.1.3.1;2023-04-12;0.0;sonstige
LB.1.3.1;2023-04-19;0.0;sonstige
LB.1.3.1;2023-04-26;0.0;sonstige
LB.1.3.1;2023-05-03;0.0;sonstige
LB.1.3.1;2023-05-10;0.0;sonstige
LB.1.3.1;2023-05-17;0.0;sonstige
LB.1.3.1;2023-05-24;0.0;sonstige
LB.1.3.1;2023-05-31;0.0;sonstige
LB.1.3.1;2023-06-07;0.0;sonstige
LB.1.3.1;2023-06-14;0.0;sonstige
LB.1.3.1;2023-06-21;0.0;sonstige
LB.1.3.1;2023-06-28;0.0;sonstige
LB.1.3.1;2023-07-05;0.0;sonstige
LB.1.3.1;2023-07-12;0.0;sonstige
LB.1.3.1;2023-07-19;0.0;sonstige
LB.1.3.1;2023-07-26;0.0;sonstige
LB.1.3.1;2023-08-02;0.0;sonstige
LB.1.3.1;2023-08-09;0.0;sonstige
LB.1.3.1;2023-08-16;0.0;sonstige
LB.1.3.1;2023-08-23;0.0;sonstige
LB.1.3.1;2023-08-30;0.0;sonstige
LB.1.3.1;2023-09-06;0.0;sonstige
LB.1.3.1;2023-09-13;0.0;sonstige
LB.1.3.1;2023-09-20;0.0;sonstige
LB.1.3.1;2023-09-27;0.0;sonstige
LB.1.3.1;2023-10-04;0.0;sonstige
LB.1.3.1;2023-10-11;0.0;sonstige
LB.1.3.1;2023-10-18;0.0;sonstige
LB.1.3.1;2023-10-25;0.0;sonstige
LB.1.3.1;2023-11-01;0.0;sonstige
LB.1.3.1;2023-11-08;0.0;sonstige
LB.1.3.1;2023-11-15;0.0;sonstige
LB.1.3.1;2023-11-22;0.0;sonstige
LB.1.3.1;2023-11-29;0.0;sonstige
LB.1.3.1;2023-12-06;0.0;sonstige
LB.1.3.1;2023-12-13;0.0;sonstige
LB.1.3.1;2023-12-20;0.0;sonstige
LB.1.3.1;2023-12-27;0.0;sonstige
LB.1.3.1;2024-01-03;0.0;sonstige
LB.1.3.1;2024-01-10;0.0;sonstige
LB.1.3.1;2024-01-17;0.0;sonstige
LB.1.3.1;2024-01-24;0.0;sonstige
LB.1.3.1;2024-01-31;0.0;sonstige
LB.1.3.1;2024-02-07;0.0;sonstige
LB.1.3.1;2024-02-14;0.0;sonstige
LB.1.3.1;2024-02-21;0.0;sonstige
LB.1.3.1;2024-02-28;0.0;sonstige
LB.1.3.1;2024-03-06;0.0;sonstige
LB.1.3.1;2024-03-13;0.0;sonstige
LB.1.3.1;2024-03-20;0.0;sonstige
LB.1.3.1;2024-03-27;0.0;sonstige
LB.1.3.1;2024-04-03;0.002;sonstige
LB.1.3.1;2024-04-10;0.004;sonstige
LB.1.3.1;2024-04-17;0.003;sonstige
LB.1.3.1;2024-04-24;0.0;sonstige
LB.1.3.1;2024-05-01;0.003;sonstige
LB.1.3.1;2024-05-08;0.001;sonstige
LB.1.3.1;2024-05-15;0.043;sonstige
LB.1.3.1;2024-05-22;0.051;sonstige
LB.1.3.1;2024-05-29;0.038;sonstige
LB.1.3.1;2024-06-05;0.01;sonstige
LB.1.3.1;2024-06-12;0.013;sonstige
LB.1.3.1;2024-06-19;0.016;sonstige
LB.1.3.1;2024-06-26;0.042;sonstige
LB.1.3.1;2024-07-03;0.058;sonstige
LB.1.3.1;2024-07-10;0.068;sonstige
LB.1.3.1;2024-07-17;0.054;sonstige
LB.1.3.1;2024-07-24;0.067;sonstige
LB.1.3.1;2024-07-31;0.053;sonstige
LB.1.3.1;2024-08-07;0.053;sonstige
LB.1.3.1;2024-08-14;0.057;sonstige
LB.1.3.1;2024-08-21;0.061;sonstige
LB.1.3.1;2024-08-28;0.044;sonstige
LB.1.3.1;2024-09-04;0.046;sonstige
LB.1.3.1;2024-09-11;0.053;sonstige
LB.1.3.1;2024-09-18;0.027;sonstige
LB.1.3.1;2024-09-25;0.063;sonstige
LB.1.3.1;2024-10-02;0.023;sonstige
LB.1.3.1;2024-10-09;0.021;sonstige
LB.1.3.1;2024-10-16;0.018;sonstige
LB.1.3.1;2024-10-23;0.023;sonstige
LB.1.3.1;2024-10-30;0.018;sonstige
LB.1.3.1;2024-11-06;0.031;sonstige
LB.1.3.1;2024-11-13;0.038;sonstige
LB.1.3.1;2024-11-20;0.044;sonstige
LB.1.3.1;2024-11-27;0.059;sonstige
LB.1.3.1;2024-12-04;0.035;sonstige
LB.1.3.1;2024-12-11;0.063;sonstige
LB.1.3.1;2024-12-18;0.028;sonstige
LB.1.3.1;2024-12-25;0.011;sonstige
LB.1.3.1;2025-01-01;0.037;sonstige
LB.1.3.1;2025-01-08;0.066;sonstige
LB.1.3.1;2025-01-15;0.054;sonstige
LB.1.3.1;2025-01-22;0.068;sonstige
LB.1.3.1;2025-01-29;0.037;sonstige
LB.1.3.1;2025-02-05;0.034;sonstige
LB.1.3.1;2025-02-12;0.032;sonstige
LB.1.3.1;2025-02-19;0.115;sonstige
LB.1.3.1;2025-02-26;0.037;sonstige
LB.1.3.1;2025-03-05;0.024;sonstige
LB.1.3.1;2025-03-12;0.083;sonstige
LB.1.3.1;2025-03-19;0.108;sonstige
LB.1.3.1;2025-03-26;0.135;sonstige
LB.1.3;2022-09-21;0.0;sonstige
LB.1.3;2022-09-28;0.0;sonstige
LB.1.3;2022-10-05;0.0;sonstige
LB.1.3;2022-10-12;0.0;sonstige
LB.1.3;2022-10-19;0.0;sonstige
LB.1.3;2022-10-26;0.0;sonstige
LB.1.3;2022-11-02;0.0;sonstige
LB.1.3;2022-11-09;0.0;sonstige
LB.1.3;2022-11-16;0.0;sonstige
LB.1.3;2022-11-23;0.0;sonstige
LB.1.3;2022-11-30;0.0;sonstige
LB.1.3;2022-12-07;0.0;sonstige
LB.1.3;2022-12-14;0.0;sonstige
LB.1.3;2022-12-21;0.0;sonstige
LB.1.3;2022-12-28;0.0;sonstige
LB.1.3;2023-01-04;0.0;sonstige
LB.1.3;2023-01-11;0.0;sonstige
LB.1.3;2023-01-18;0.0;sonstige
LB.1.3;2023-01-25;0.0;sonstige
LB.1.3;2023-02-01;0.0;sonstige
LB.1.3;2023-02-08;0.0;sonstige
LB.1.3;2023-02-15;0.0;sonstige
LB.1.3;2023-02-22;0.0;sonstige
LB.1.3;2023-03-01;0.0;sonstige
LB.1.3;2023-03-08;0.0;sonstige
LB.1.3;2023-03-15;0.0;sonstige
LB.1.3;2023-03-22;0.0;sonstige
LB.1.3;2023-03-29;0.0;sonstige
LB.1.3;2023-04-05;0.0;sonstige
LB.1.3;2023-04-12;0.0;sonstige
LB.1.3;2023-04-19;0.0;sonstige
LB.1.3;2023-04-26;0.0;sonstige
LB.1.3;2023-05-03;0.0;sonstige
LB.1.3;2023-05-10;0.0;sonstige
LB.1.3;2023-05-17;0.0;sonstige
LB.1.3;2023-05-24;0.0;sonstige
LB.1.3;2023-05-31;0.0;sonstige
LB.1.3;2023-06-07;0.0;sonstige
LB.1.3;2023-06-14;0.0;sonstige
LB.1.3;2023-06-21;0.0;sonstige
LB.1.3;2023-06-28;0.0;sonstige
LB.1.3;2023-07-05;0.0;sonstige
LB.1.3;2023-07-12;0.0;sonstige
LB.1.3;2023-07-19;0.0;sonstige
LB.1.3;2023-07-26;0.0;sonstige
LB.1.3;2023-08-02;0.0;sonstige
LB.1.3;2023-08-09;0.0;sonstige
LB.1.3;2023-08-16;0.0;sonstige
LB.1.3;2023-08-23;0.0;sonstige
LB.1.3;2023-08-30;0.0;sonstige
LB.1.3;2023-09-06;0.0;sonstige
LB.1.3;2023-09-13;0.0;sonstige
LB.1.3;2023-09-20;0.0;sonstige
LB.1.3;2023-09-27;0.0;sonstige
LB.1.3;2023-10-04;0.0;sonstige
LB.1.3;2023-10-11;0.0;sonstige
LB.1.3;2023-10-18;0.0;sonstige
LB.1.3;2023-10-25;0.0;sonstige
LB.1.3;2023-11-01;0.0;sonstige
LB.1.3;2023-11-08;0.0;sonstige
LB.1.3;2023-11-15;0.0;sonstige
LB.1.3;2023-11-22;0.0;sonstige
LB.1.3;2023-11-29;0.001;sonstige
LB.1.3;2023-12-06;0.001;sonstige
LB.1.3;2023-12-13;0.013;sonstige
LB.1.3;2023-12-20;0.021;sonstige
LB.1.3;2023-12-27;0.001;sonstige
LB.1.3;2024-01-03;0.006;sonstige
LB.1.3;2024-01-10;0.014;sonstige
LB.1.3;2024-01-17;0.0;sonstige
LB.1.3;2024-01-24;0.0;sonstige
LB.1.3;2024-01-31;0.0;sonstige
LB.1.3;2024-02-07;0.0;sonstige
LB.1.3;2024-02-14;0.0;sonstige
LB.1.3;2024-02-21;0.0;sonstige
LB.1.3;2024-02-28;0.0;sonstige
LB.1.3;2024-03-06;0.0;sonstige
LB.1.3;2024-03-13;0.0;sonstige
LB.1.3;2024-03-20;0.0;sonstige
LB.1.3;2024-03-27;0.0;sonstige
LB.1.3;2024-04-03;0.0;sonstige
LB.1.3;2024-04-10;0.0;sonstige
LB.1.3;2024-04-17;0.0;sonstige
LB.1.3;2024-04-24;0.0;sonstige
LB.1.3;2024-05-01;0.0;sonstige
LB.1.3;2024-05-08;0.0;sonstige
LB.1.3;2024-05-15;0.0;sonstige
LB.1.3;2024-05-22;0.0;sonstige
LB.1.3;2024-05-29;0.0;sonstige
LB.1.3;2024-06-05;0.0;sonstige
LB.1.3;2024-06-12;0.0;sonstige
LB.1.3;2024-06-19;0.0;sonstige
LB.1.3;2024-06-26;0.0;sonstige
LB.1.3;2024-07-03;0.0;sonstige
LB.1.3;2024-07-10;0.0;sonstige
LB.1.3;2024-07-17;0.0;sonstige
LB.1.3;2024-07-24;0.0;sonstige
LB.1.3;2024-07-31;0.0;sonstige
LB.1.3;2024-08-07;0.0;sonstige
LB.1.3;2024-08-14;0.0;sonstige
LB.1.3;2024-08-21;0.0;sonstige
LB.1.3;2024-08-28;0.0;sonstige
LB.1.3;2024-09-04;0.0;sonstige
LB.1.3;2024-09-11;0.0;sonstige
LB.1.3;2024-09-18;0.0;sonstige
LB.1.3;2024-09-25;0.0;sonstige
LB.1.3;2024-10-02;0.0;sonstige
LB.1.3;2024-10-09;0.0;sonstige
LB.1.3;2024-10-16;0.0;sonstige
LB.1.3;2024-10-23;0.0;sonstige
LB.1.3;2024-10-30;0.0;sonstige
LB.1.3;2024-11-06;0.0;sonstige
LB.1.3;2024-11-13;0.0;sonstige
LB.1.3;2024-11-20;0.0;sonstige
LB.1.3;2024-11-27;0.0;sonstige
LB.1.3;2024-12-04;0.0;sonstige
LB.1.3;2024-12-11;0.0;sonstige
LB.1.3;2024-12-18;0.0;sonstige
LB.1.3;2024-12-25;0.0;sonstige
LB.1.3;2025-01-01;0.0;sonstige
LB.1.3;2025-01-08;0.0;sonstige
LB.1.3;2025-01-15;0.0;sonstige
LB.1.3;2025-01-22;0.0;sonstige
LB.1.3;2025-01-29;0.0;sonstige
LB.1.3;2025-02-05;0.0;sonstige
LB.1.3;2025-02-12;0.0;sonstige
LB.1.3;2025-02-19;0.0;sonstige
LB.1.3;2025-02-26;0.0;sonstige
LB.1.3;2025-03-05;0.0;sonstige
LB.1.3;2025-03-12;0.0;sonstige
LB.1.3;2025-03-19;0.0;sonstige
LB.1.3;2025-03-26;0.0;sonstige
LB.1;2022-09-21;0.0;sonstige
LB.1;2022-09-28;0.0;sonstige
LB.1;2022-10-05;0.0;sonstige
LB.1;2022-10-12;0.0;sonstige
LB.1;2022-10-19;0.0;sonstige
LB.1;2022-10-26;0.0;sonstige
LB.1;2022-11-02;0.0;sonstige
LB.1;2022-11-09;0.0;sonstige
LB.1;2022-11-16;0.0;sonstige
LB.1;2022-11-23;0.0;sonstige
LB.1;2022-11-30;0.0;sonstige
LB.1;2022-12-07;0.0;sonstige
LB.1;2022-12-14;0.0;sonstige
LB.1;2022-12-21;0.0;sonstige
LB.1;2022-12-28;0.0;sonstige
LB.1;2023-01-04;0.0;sonstige
LB.1;2023-01-11;0.0;sonstige
LB.1;2023-01-18;0.0;sonstige
LB.1;2023-01-25;0.0;sonstige
LB.1;2023-02-01;0.0;sonstige
LB.1;2023-02-08;0.0;sonstige
LB.1;2023-02-15;0.0;sonstige
LB.1;2023-02-22;0.0;sonstige
LB.1;2023-03-01;0.0;sonstige
LB.1;2023-03-08;0.0;sonstige
LB.1;2023-03-15;0.0;sonstige
LB.1;2023-03-22;0.0;sonstige
LB.1;2023-03-29;0.0;sonstige
LB.1;2023-04-05;0.0;sonstige
LB.1;2023-04-12;0.0;sonstige
LB.1;2023-04-19;0.0;sonstige
LB.1;2023-04-26;0.0;sonstige
LB.1;2023-05-03;0.0;sonstige
LB.1;2023-05-10;0.0;sonstige
LB.1;2023-05-17;0.0;sonstige
LB.1;2023-05-24;0.0;sonstige
LB.1;2023-05-31;0.0;sonstige
LB.1;2023-06-07;0.0;sonstige
LB.1;2023-06-14;0.0;sonstige
LB.1;2023-06-21;0.0;sonstige
LB.1;2023-06-28;0.0;sonstige
LB.1;2023-07-05;0.0;sonstige
LB.1;2023-07-12;0.0;sonstige
LB.1;2023-07-19;0.0;sonstige
LB.1;2023-07-26;0.0;sonstige
LB.1;2023-08-02;0.0;sonstige
LB.1;2023-08-09;0.0;sonstige
LB.1;2023-08-16;0.0;sonstige
LB.1;2023-08-23;0.0;sonstige
LB.1;2023-08-30;0.0;sonstige
LB.1;2023-09-06;0.0;sonstige
LB.1;2023-09-13;0.0;sonstige
LB.1;2023-09-20;0.0;sonstige
LB.1;2023-09-27;0.0;sonstige
LB.1;2023-10-04;0.0;sonstige
LB.1;2023-10-11;0.0;sonstige
LB.1;2023-10-18;0.0;sonstige
LB.1;2023-10-25;0.0;sonstige
LB.1;2023-11-01;0.0;sonstige
LB.1;2023-11-08;0.0;sonstige
LB.1;2023-11-15;0.0;sonstige
LB.1;2023-11-22;0.0;sonstige
LB.1;2023-11-29;0.0;sonstige
LB.1;2023-12-06;0.0;sonstige
LB.1;2023-12-13;0.0;sonstige
LB.1;2023-12-20;0.0;sonstige
LB.1;2023-12-27;0.0;sonstige
LB.1;2024-01-03;0.0;sonstige
LB.1;2024-01-10;0.0;sonstige
LB.1;2024-01-17;0.0;sonstige
LB.1;2024-01-24;0.0;sonstige
LB.1;2024-01-31;0.0;sonstige
LB.1;2024-02-07;0.0;sonstige
LB.1;2024-02-14;0.0;sonstige
LB.1;2024-02-21;0.0;sonstige
LB.1;2024-02-28;0.0;sonstige
LB.1;2024-03-06;0.0;sonstige
LB.1;2024-03-13;0.0;sonstige
LB.1;2024-03-20;0.0;sonstige
LB.1;2024-03-27;0.0;sonstige
LB.1;2024-04-03;0.0;sonstige
LB.1;2024-04-10;0.009;sonstige
LB.1;2024-04-17;0.012;sonstige
LB.1;2024-04-24;0.0;sonstige
LB.1;2024-05-01;0.017;sonstige
LB.1;2024-05-08;0.028;sonstige
LB.1;2024-05-15;0.007;sonstige
LB.1;2024-05-22;0.004;sonstige
LB.1;2024-05-29;0.004;sonstige
LB.1;2024-06-05;0.023;sonstige
LB.1;2024-06-12;0.029;sonstige
LB.1;2024-06-19;0.017;sonstige
LB.1;2024-06-26;0.003;sonstige
LB.1;2024-07-03;0.008;sonstige
LB.1;2024-07-10;0.02;sonstige
LB.1;2024-07-17;0.036;sonstige
LB.1;2024-07-24;0.004;sonstige
LB.1;2024-07-31;0.027;sonstige
LB.1;2024-08-07;0.024;sonstige
LB.1;2024-08-14;0.007;sonstige
LB.1;2024-08-21;0.003;sonstige
LB.1;2024-08-28;0.005;sonstige
LB.1;2024-09-04;0.005;sonstige
LB.1;2024-09-11;0.034;sonstige
LB.1;2024-09-18;0.037;sonstige
LB.1;2024-09-25;0.006;sonstige
LB.1;2024-10-02;0.035;sonstige
LB.1;2024-10-09;0.031;sonstige
LB.1;2024-10-16;0.035;sonstige
LB.1;2024-10-23;0.057;sonstige
LB.1;2024-10-30;0.011;sonstige
LB.1;2024-11-06;0.009;sonstige
LB.1;2024-11-13;0.009;sonstige
LB.1;2024-11-20;0.011;sonstige
LB.1;2024-11-27;0.009;sonstige
LB.1;2024-12-04;0.02;sonstige
LB.1;2024-12-11;0.008;sonstige
LB.1;2024-12-18;0.015;sonstige
LB.1;2024-12-25;0.023;sonstige
LB.1;2025-01-01;0.017;sonstige
LB.1;2025-01-08;0.011;sonstige
LB.1;2025-01-15;0.004;sonstige
LB.1;2025-01-22;0.001;sonstige
LB.1;2025-01-29;0.004;sonstige
LB.1;2025-02-05;0.012;sonstige
LB.1;2025-02-12;0.07;sonstige
LB.1;2025-02-19;0.008;sonstige
LB.1;2025-02-26;0.008;sonstige
LB.1;2025-03-05;0.008;sonstige
LB.1;2025-03-12;0.001;sonstige
LB.1;2025-03-19;0.002;sonstige
LB.1;2025-03-26;0.0;sonstige
KS.1;2022-09-21;0.0;sonstige
KS.1;2022-09-28;0.0;sonstige
KS.1;2022-10-05;0.0;sonstige
KS.1;2022-10-12;0.0;sonstige
KS.1;2022-10-19;0.0;sonstige
KS.1;2022-10-26;0.0;sonstige
KS.1;2022-11-02;0.0;sonstige
KS.1;2022-11-09;0.0;sonstige
KS.1;2022-11-16;0.0;sonstige
KS.1;2022-11-23;0.0;sonstige
KS.1;2022-11-30;0.0;sonstige
KS.1;2022-12-07;0.0;sonstige
KS.1;2022-12-14;0.0;sonstige
KS.1;2022-12-21;0.0;sonstige
KS.1;2022-12-28;0.0;sonstige
KS.1;2023-01-04;0.0;sonstige
KS.1;2023-01-11;0.0;sonstige
KS.1;2023-01-18;0.0;sonstige
KS.1;2023-01-25;0.0;sonstige
KS.1;2023-02-01;0.0;sonstige
KS.1;2023-02-08;0.0;sonstige
KS.1;2023-02-15;0.0;sonstige
KS.1;2023-02-22;0.0;sonstige
KS.1;2023-03-01;0.0;sonstige
KS.1;2023-03-08;0.0;sonstige
KS.1;2023-03-15;0.0;sonstige
KS.1;2023-03-22;0.0;sonstige
KS.1;2023-03-29;0.0;sonstige
KS.1;2023-04-05;0.0;sonstige
KS.1;2023-04-12;0.0;sonstige
KS.1;2023-04-19;0.0;sonstige
KS.1;2023-04-26;0.0;sonstige
KS.1;2023-05-03;0.0;sonstige
KS.1;2023-05-10;0.0;sonstige
KS.1;2023-05-17;0.0;sonstige
KS.1;2023-05-24;0.0;sonstige
KS.1;2023-05-31;0.0;sonstige
KS.1;2023-06-07;0.0;sonstige
KS.1;2023-06-14;0.0;sonstige
KS.1;2023-06-21;0.0;sonstige
KS.1;2023-06-28;0.0;sonstige
KS.1;2023-07-05;0.0;sonstige
KS.1;2023-07-12;0.0;sonstige
KS.1;2023-07-19;0.0;sonstige
KS.1;2023-07-26;0.0;sonstige
KS.1;2023-08-02;0.0;sonstige
KS.1;2023-08-09;0.0;sonstige
KS.1;2023-08-16;0.0;sonstige
KS.1;2023-08-23;0.0;sonstige
KS.1;2023-08-30;0.0;sonstige
KS.1;2023-09-06;0.0;sonstige
KS.1;2023-09-13;0.0;sonstige
KS.1;2023-09-20;0.0;sonstige
KS.1;2023-09-27;0.0;sonstige
KS.1;2023-10-04;0.0;sonstige
KS.1;2023-10-11;0.0;sonstige
KS.1;2023-10-18;0.0;sonstige
KS.1;2023-10-25;0.0;sonstige
KS.1;2023-11-01;0.0;sonstige
KS.1;2023-11-08;0.0;sonstige
KS.1;2023-11-15;0.0;sonstige
KS.1;2023-11-22;0.0;sonstige
KS.1;2023-11-29;0.0;sonstige
KS.1;2023-12-06;0.0;sonstige
KS.1;2023-12-13;0.001;sonstige
KS.1;2023-12-20;0.002;sonstige
KS.1;2023-12-27;0.0;sonstige
KS.1;2024-01-03;0.0;sonstige
KS.1;2024-01-10;0.0;sonstige
KS.1;2024-01-17;0.0;sonstige
KS.1;2024-01-24;0.0;sonstige
KS.1;2024-01-31;0.0;sonstige
KS.1;2024-02-07;0.0;sonstige
KS.1;2024-02-14;0.001;sonstige
KS.1;2024-02-21;0.001;sonstige
KS.1;2024-02-28;0.003;sonstige
KS.1;2024-03-06;0.01;sonstige
KS.1;2024-03-13;0.029;sonstige
KS.1;2024-03-20;0.072;sonstige
KS.1;2024-03-27;0.047;sonstige
KS.1;2024-04-03;0.227;sonstige
KS.1;2024-04-10;0.255;sonstige
KS.1;2024-04-17;0.442;sonstige
KS.1;2024-04-24;0.313;sonstige
KS.1;2024-05-01;0.225;sonstige
KS.1;2024-05-08;0.186;sonstige
KS.1;2024-05-15;0.132;sonstige
KS.1;2024-05-22;0.162;sonstige
KS.1;2024-05-29;0.096;sonstige
KS.1;2024-06-05;0.147;sonstige
KS.1;2024-06-12;0.098;sonstige
KS.1;2024-06-19;0.09;sonstige
KS.1;2024-06-26;0.063;sonstige
KS.1;2024-07-03;0.036;sonstige
KS.1;2024-07-10;0.019;sonstige
KS.1;2024-07-17;0.021;sonstige
KS.1;2024-07-24;0.015;sonstige
KS.1;2024-07-31;0.015;sonstige
KS.1;2024-08-07;0.046;sonstige
KS.1;2024-08-14;0.043;sonstige
KS.1;2024-08-21;0.073;sonstige
KS.1;2024-08-28;0.052;sonstige
KS.1;2024-09-04;0.049;sonstige
KS.1;2024-09-11;0.026;sonstige
KS.1;2024-09-18;0.02;sonstige
KS.1;2024-09-25;0.013;sonstige
KS.1;2024-10-02;0.008;sonstige
KS.1;2024-10-09;0.009;sonstige
KS.1;2024-10-16;0.011;sonstige
KS.1;2024-10-23;0.003;sonstige
KS.1;2024-10-30;0.003;sonstige
KS.1;2024-11-06;0.001;sonstige
KS.1;2024-11-13;0.004;sonstige
KS.1;2024-11-20;0.001;sonstige
KS.1;2024-11-27;0.007;sonstige
KS.1;2024-12-04;0.006;sonstige
KS.1;2024-12-11;0.004;sonstige
KS.1;2024-12-18;0.006;sonstige
KS.1;2024-12-25;0.003;sonstige
KS.1;2025-01-01;0.0;sonstige
KS.1;2025-01-08;0.001;sonstige
KS.1;2025-01-15;0.001;sonstige
KS.1;2025-01-22;0.001;sonstige
KS.1;2025-01-29;0.001;sonstige
KS.1;2025-02-05;0.001;sonstige
KS.1;2025-02-12;0.0;sonstige
KS.1;2025-02-19;0.001;sonstige
KS.1;2025-02-26;0.002;sonstige
KS.1;2025-03-05;0.0;sonstige
KS.1;2025-03-12;0.0;sonstige
KS.1;2025-03-19;0.001;sonstige
KS.1;2025-03-26;0.001;sonstige
KP.3.6;2022-09-21;0.0;sonstige
KP.3.6;2022-09-28;0.0;sonstige
KP.3.6;2022-10-05;0.0;sonstige
KP.3.6;2022-10-12;0.0;sonstige
KP.3.6;2022-10-19;0.0;sonstige
KP.3.6;2022-10-26;0.0;sonstige
KP.3.6;2022-11-02;0.0;sonstige
KP.3.6;2022-11-09;0.0;sonstige
KP.3.6;2022-11-16;0.0;sonstige
KP.3.6;2022-11-23;0.0;sonstige
KP.3.6;2022-11-30;0.0;sonstige
KP.3.6;2022-12-07;0.0;sonstige
KP.3.6;2022-12-14;0.0;sonstige
KP.3.6;2022-12-21;0.0;sonstige
KP.3.6;2022-12-28;0.0;sonstige
KP.3.6;2023-01-04;0.0;sonstige
KP.3.6;2023-01-11;0.0;sonstige
KP.3.6;2023-01-18;0.0;sonstige
KP.3.6;2023-01-25;0.0;sonstige
KP.3.6;2023-02-01;0.0;sonstige
KP.3.6;2023-02-08;0.0;sonstige
KP.3.6;2023-02-15;0.0;sonstige
KP.3.6;2023-02-22;0.0;sonstige
KP.3.6;2023-03-01;0.0;sonstige
KP.3.6;2023-03-08;0.0;sonstige
KP.3.6;2023-03-15;0.0;sonstige
KP.3.6;2023-03-22;0.0;sonstige
KP.3.6;2023-03-29;0.0;sonstige
KP.3.6;2023-04-05;0.0;sonstige
KP.3.6;2023-04-12;0.0;sonstige
KP.3.6;2023-04-19;0.0;sonstige
KP.3.6;2023-04-26;0.0;sonstige
KP.3.6;2023-05-03;0.0;sonstige
KP.3.6;2023-05-10;0.0;sonstige
KP.3.6;2023-05-17;0.0;sonstige
KP.3.6;2023-05-24;0.0;sonstige
KP.3.6;2023-05-31;0.0;sonstige
KP.3.6;2023-06-07;0.0;sonstige
KP.3.6;2023-06-14;0.0;sonstige
KP.3.6;2023-06-21;0.0;sonstige
KP.3.6;2023-06-28;0.0;sonstige
KP.3.6;2023-07-05;0.0;sonstige
KP.3.6;2023-07-12;0.0;sonstige
KP.3.6;2023-07-19;0.0;sonstige
KP.3.6;2023-07-26;0.0;sonstige
KP.3.6;2023-08-02;0.0;sonstige
KP.3.6;2023-08-09;0.0;sonstige
KP.3.6;2023-08-16;0.0;sonstige
KP.3.6;2023-08-23;0.0;sonstige
KP.3.6;2023-08-30;0.0;sonstige
KP.3.6;2023-09-06;0.0;sonstige
KP.3.6;2023-09-13;0.0;sonstige
KP.3.6;2023-09-20;0.0;sonstige
KP.3.6;2023-09-27;0.0;sonstige
KP.3.6;2023-10-04;0.0;sonstige
KP.3.6;2023-10-11;0.0;sonstige
KP.3.6;2023-10-18;0.0;sonstige
KP.3.6;2023-10-25;0.0;sonstige
KP.3.6;2023-11-01;0.0;sonstige
KP.3.6;2023-11-08;0.0;sonstige
KP.3.6;2023-11-15;0.0;sonstige
KP.3.6;2023-11-22;0.0;sonstige
KP.3.6;2023-11-29;0.0;sonstige
KP.3.6;2023-12-06;0.0;sonstige
KP.3.6;2023-12-13;0.0;sonstige
KP.3.6;2023-12-20;0.0;sonstige
KP.3.6;2023-12-27;0.0;sonstige
KP.3.6;2024-01-03;0.0;sonstige
KP.3.6;2024-01-10;0.0;sonstige
KP.3.6;2024-01-17;0.0;sonstige
KP.3.6;2024-01-24;0.0;sonstige
KP.3.6;2024-01-31;0.0;sonstige
KP.3.6;2024-02-07;0.0;sonstige
KP.3.6;2024-02-14;0.0;sonstige
KP.3.6;2024-02-21;0.0;sonstige
KP.3.6;2024-02-28;0.0;sonstige
KP.3.6;2024-03-06;0.0;sonstige
KP.3.6;2024-03-13;0.0;sonstige
KP.3.6;2024-03-20;0.0;sonstige
KP.3.6;2024-03-27;0.0;sonstige
KP.3.6;2024-04-03;0.0;sonstige
KP.3.6;2024-04-10;0.0;sonstige
KP.3.6;2024-04-17;0.0;sonstige
KP.3.6;2024-04-24;0.0;sonstige
KP.3.6;2024-05-01;0.0;sonstige
KP.3.6;2024-05-08;0.0;sonstige
KP.3.6;2024-05-15;0.0;sonstige
KP.3.6;2024-05-22;0.0;sonstige
KP.3.6;2024-05-29;0.0;sonstige
KP.3.6;2024-06-05;0.0;sonstige
KP.3.6;2024-06-12;0.0;sonstige
KP.3.6;2024-06-19;0.0;sonstige
KP.3.6;2024-06-26;0.0;sonstige
KP.3.6;2024-07-03;0.0;sonstige
KP.3.6;2024-07-10;0.0;sonstige
KP.3.6;2024-07-17;0.0;sonstige
KP.3.6;2024-07-24;0.0;sonstige
KP.3.6;2024-07-31;0.0;sonstige
KP.3.6;2024-08-07;0.0;sonstige
KP.3.6;2024-08-14;0.0;sonstige
KP.3.6;2024-08-21;0.0;sonstige
KP.3.6;2024-08-28;0.0;sonstige
KP.3.6;2024-09-04;0.001;sonstige
KP.3.6;2024-09-11;0.0;sonstige
KP.3.6;2024-09-18;0.0;sonstige
KP.3.6;2024-09-25;0.0;sonstige
KP.3.6;2024-10-02;0.0;sonstige
KP.3.6;2024-10-09;0.0;sonstige
KP.3.6;2024-10-16;0.0;sonstige
KP.3.6;2024-10-23;0.0;sonstige
KP.3.6;2024-10-30;0.0;sonstige
KP.3.6;2024-11-06;0.0;sonstige
KP.3.6;2024-11-13;0.0;sonstige
KP.3.6;2024-11-20;0.0;sonstige
KP.3.6;2024-11-27;0.002;sonstige
KP.3.6;2024-12-04;0.0;sonstige
KP.3.6;2024-12-11;0.0;sonstige
KP.3.6;2024-12-18;0.0;sonstige
KP.3.6;2024-12-25;0.0;sonstige
KP.3.6;2025-01-01;0.0;sonstige
KP.3.6;2025-01-08;0.0;sonstige
KP.3.6;2025-01-15;0.003;sonstige
KP.3.6;2025-01-22;0.0;sonstige
KP.3.6;2025-01-29;0.001;sonstige
KP.3.6;2025-02-05;0.0;sonstige
KP.3.6;2025-02-12;0.062;sonstige
KP.3.6;2025-02-19;0.096;sonstige
KP.3.6;2025-02-26;0.026;sonstige
KP.3.6;2025-03-05;0.095;sonstige
KP.3.6;2025-03-12;0.0;sonstige
KP.3.6;2025-03-19;0.002;sonstige
KP.3.6;2025-03-26;0.006;sonstige
KP.3.2;2022-09-21;0.0;sonstige
KP.3.2;2022-09-28;0.0;sonstige
KP.3.2;2022-10-05;0.0;sonstige
KP.3.2;2022-10-12;0.0;sonstige
KP.3.2;2022-10-19;0.0;sonstige
KP.3.2;2022-10-26;0.0;sonstige
KP.3.2;2022-11-02;0.0;sonstige
KP.3.2;2022-11-09;0.0;sonstige
KP.3.2;2022-11-16;0.0;sonstige
KP.3.2;2022-11-23;0.0;sonstige
KP.3.2;2022-11-30;0.0;sonstige
KP.3.2;2022-12-07;0.0;sonstige
KP.3.2;2022-12-14;0.0;sonstige
KP.3.2;2022-12-21;0.0;sonstige
KP.3.2;2022-12-28;0.0;sonstige
KP.3.2;2023-01-04;0.0;sonstige
KP.3.2;2023-01-11;0.0;sonstige
KP.3.2;2023-01-18;0.0;sonstige
KP.3.2;2023-01-25;0.0;sonstige
KP.3.2;2023-02-01;0.0;sonstige
KP.3.2;2023-02-08;0.0;sonstige
KP.3.2;2023-02-15;0.0;sonstige
KP.3.2;2023-02-22;0.0;sonstige
KP.3.2;2023-03-01;0.0;sonstige
KP.3.2;2023-03-08;0.0;sonstige
KP.3.2;2023-03-15;0.0;sonstige
KP.3.2;2023-03-22;0.0;sonstige
KP.3.2;2023-03-29;0.0;sonstige
KP.3.2;2023-04-05;0.0;sonstige
KP.3.2;2023-04-12;0.0;sonstige
KP.3.2;2023-04-19;0.0;sonstige
KP.3.2;2023-04-26;0.0;sonstige
KP.3.2;2023-05-03;0.0;sonstige
KP.3.2;2023-05-10;0.0;sonstige
KP.3.2;2023-05-17;0.0;sonstige
KP.3.2;2023-05-24;0.0;sonstige
KP.3.2;2023-05-31;0.0;sonstige
KP.3.2;2023-06-07;0.0;sonstige
KP.3.2;2023-06-14;0.0;sonstige
KP.3.2;2023-06-21;0.0;sonstige
KP.3.2;2023-06-28;0.0;sonstige
KP.3.2;2023-07-05;0.0;sonstige
KP.3.2;2023-07-12;0.0;sonstige
KP.3.2;2023-07-19;0.0;sonstige
KP.3.2;2023-07-26;0.0;sonstige
KP.3.2;2023-08-02;0.0;sonstige
KP.3.2;2023-08-09;0.0;sonstige
KP.3.2;2023-08-16;0.0;sonstige
KP.3.2;2023-08-23;0.0;sonstige
KP.3.2;2023-08-30;0.0;sonstige
KP.3.2;2023-09-06;0.0;sonstige
KP.3.2;2023-09-13;0.0;sonstige
KP.3.2;2023-09-20;0.0;sonstige
KP.3.2;2023-09-27;0.0;sonstige
KP.3.2;2023-10-04;0.0;sonstige
KP.3.2;2023-10-11;0.0;sonstige
KP.3.2;2023-10-18;0.0;sonstige
KP.3.2;2023-10-25;0.0;sonstige
KP.3.2;2023-11-01;0.0;sonstige
KP.3.2;2023-11-08;0.0;sonstige
KP.3.2;2023-11-15;0.0;sonstige
KP.3.2;2023-11-22;0.0;sonstige
KP.3.2;2023-11-29;0.0;sonstige
KP.3.2;2023-12-06;0.001;sonstige
KP.3.2;2023-12-13;0.002;sonstige
KP.3.2;2023-12-20;0.0;sonstige
KP.3.2;2023-12-27;0.0;sonstige
KP.3.2;2024-01-03;0.0;sonstige
KP.3.2;2024-01-10;0.0;sonstige
KP.3.2;2024-01-17;0.001;sonstige
KP.3.2;2024-01-24;0.0;sonstige
KP.3.2;2024-01-31;0.0;sonstige
KP.3.2;2024-02-07;0.0;sonstige
KP.3.2;2024-02-14;0.001;sonstige
KP.3.2;2024-02-21;0.0;sonstige
KP.3.2;2024-02-28;0.0;sonstige
KP.3.2;2024-03-06;0.0;sonstige
KP.3.2;2024-03-13;0.0;sonstige
KP.3.2;2024-03-20;0.0;sonstige
KP.3.2;2024-03-27;0.0;sonstige
KP.3.2;2024-04-03;0.0;sonstige
KP.3.2;2024-04-10;0.003;sonstige
KP.3.2;2024-04-17;0.002;sonstige
KP.3.2;2024-04-24;0.014;sonstige
KP.3.2;2024-05-01;0.017;sonstige
KP.3.2;2024-05-08;0.026;sonstige
KP.3.2;2024-05-15;0.03;sonstige
KP.3.2;2024-05-22;0.147;sonstige
KP.3.2;2024-05-29;0.017;sonstige
KP.3.2;2024-06-05;0.066;sonstige
KP.3.2;2024-06-12;0.015;sonstige
KP.3.2;2024-06-19;0.067;sonstige
KP.3.2;2024-06-26;0.127;sonstige
KP.3.2;2024-07-03;0.11;sonstige
KP.3.2;2024-07-10;0.113;sonstige
KP.3.2;2024-07-17;0.057;sonstige
KP.3.2;2024-07-24;0.062;sonstige
KP.3.2;2024-07-31;0.072;sonstige
KP.3.2;2024-08-07;0.036;sonstige
KP.3.2;2024-08-14;0.052;sonstige
KP.3.2;2024-08-21;0.071;sonstige
KP.3.2;2024-08-28;0.092;sonstige
KP.3.2;2024-09-04;0.01;sonstige
KP.3.2;2024-09-11;0.008;sonstige
KP.3.2;2024-09-18;0.004;sonstige
KP.3.2;2024-09-25;0.013;sonstige
KP.3.2;2024-10-02;0.012;sonstige
KP.3.2;2024-10-09;0.007;sonstige
KP.3.2;2024-10-16;0.011;sonstige
KP.3.2;2024-10-23;0.015;sonstige
KP.3.2;2024-10-30;0.004;sonstige
KP.3.2;2024-11-06;0.01;sonstige
KP.3.2;2024-11-13;0.002;sonstige
KP.3.2;2024-11-20;0.001;sonstige
KP.3.2;2024-11-27;0.014;sonstige
KP.3.2;2024-12-04;0.007;sonstige
KP.3.2;2024-12-11;0.008;sonstige
KP.3.2;2024-12-18;0.017;sonstige
KP.3.2;2024-12-25;0.001;sonstige
KP.3.2;2025-01-01;0.0;sonstige
KP.3.2;2025-01-08;0.055;sonstige
KP.3.2;2025-01-15;0.03;sonstige
KP.3.2;2025-01-22;0.005;sonstige
KP.3.2;2025-01-29;0.001;sonstige
KP.3.2;2025-02-05;0.0;sonstige
KP.3.2;2025-02-12;0.001;sonstige
KP.3.2;2025-02-19;0.011;sonstige
KP.3.2;2025-02-26;0.002;sonstige
KP.3.2;2025-03-05;0.004;sonstige
KP.3.2;2025-03-12;0.0;sonstige
KP.3.2;2025-03-19;0.001;sonstige
KP.3.2;2025-03-26;0.001;sonstige
KP.3.1.1;2022-09-21;0.0;sonstige
KP.3.1.1;2022-09-28;0.0;sonstige
KP.3.1.1;2022-10-05;0.0;sonstige
KP.3.1.1;2022-10-12;0.0;sonstige
KP.3.1.1;2022-10-19;0.0;sonstige
KP.3.1.1;2022-10-26;0.0;sonstige
KP.3.1.1;2022-11-02;0.0;sonstige
KP.3.1.1;2022-11-09;0.0;sonstige
KP.3.1.1;2022-11-16;0.0;sonstige
KP.3.1.1;2022-11-23;0.0;sonstige
KP.3.1.1;2022-11-30;0.0;sonstige
KP.3.1.1;2022-12-07;0.0;sonstige
KP.3.1.1;2022-12-14;0.0;sonstige
KP.3.1.1;2022-12-21;0.0;sonstige
KP.3.1.1;2022-12-28;0.0;sonstige
KP.3.1.1;2023-01-04;0.0;sonstige
KP.3.1.1;2023-01-11;0.0;sonstige
KP.3.1.1;2023-01-18;0.0;sonstige
KP.3.1.1;2023-01-25;0.0;sonstige
KP.3.1.1;2023-02-01;0.0;sonstige
KP.3.1.1;2023-02-08;0.0;sonstige
KP.3.1.1;2023-02-15;0.0;sonstige
KP.3.1.1;2023-02-22;0.0;sonstige
KP.3.1.1;2023-03-01;0.0;sonstige
KP.3.1.1;2023-03-08;0.0;sonstige
KP.3.1.1;2023-03-15;0.0;sonstige
KP.3.1.1;2023-03-22;0.0;sonstige
KP.3.1.1;2023-03-29;0.0;sonstige
KP.3.1.1;2023-04-05;0.0;sonstige
KP.3.1.1;2023-04-12;0.0;sonstige
KP.3.1.1;2023-04-19;0.0;sonstige
KP.3.1.1;2023-04-26;0.0;sonstige
KP.3.1.1;2023-05-03;0.0;sonstige
KP.3.1.1;2023-05-10;0.0;sonstige
KP.3.1.1;2023-05-17;0.0;sonstige
KP.3.1.1;2023-05-24;0.0;sonstige
KP.3.1.1;2023-05-31;0.0;sonstige
KP.3.1.1;2023-06-07;0.0;sonstige
KP.3.1.1;2023-06-14;0.0;sonstige
KP.3.1.1;2023-06-21;0.0;sonstige
KP.3.1.1;2023-06-28;0.0;sonstige
KP.3.1.1;2023-07-05;0.0;sonstige
KP.3.1.1;2023-07-12;0.0;sonstige
KP.3.1.1;2023-07-19;0.0;sonstige
KP.3.1.1;2023-07-26;0.0;sonstige
KP.3.1.1;2023-08-02;0.0;sonstige
KP.3.1.1;2023-08-09;0.0;sonstige
KP.3.1.1;2023-08-16;0.0;sonstige
KP.3.1.1;2023-08-23;0.0;sonstige
KP.3.1.1;2023-08-30;0.0;sonstige
KP.3.1.1;2023-09-06;0.0;sonstige
KP.3.1.1;2023-09-13;0.0;sonstige
KP.3.1.1;2023-09-20;0.0;sonstige
KP.3.1.1;2023-09-27;0.0;sonstige
KP.3.1.1;2023-10-04;0.0;sonstige
KP.3.1.1;2023-10-11;0.0;sonstige
KP.3.1.1;2023-10-18;0.0;sonstige
KP.3.1.1;2023-10-25;0.0;sonstige
KP.3.1.1;2023-11-01;0.0;sonstige
KP.3.1.1;2023-11-08;0.0;sonstige
KP.3.1.1;2023-11-15;0.0;sonstige
KP.3.1.1;2023-11-22;0.0;sonstige
KP.3.1.1;2023-11-29;0.0;sonstige
KP.3.1.1;2023-12-06;0.003;sonstige
KP.3.1.1;2023-12-13;0.001;sonstige
KP.3.1.1;2023-12-20;0.0;sonstige
KP.3.1.1;2023-12-27;0.006;sonstige
KP.3.1.1;2024-01-03;0.012;sonstige
KP.3.1.1;2024-01-10;0.001;sonstige
KP.3.1.1;2024-01-17;0.0;sonstige
KP.3.1.1;2024-01-24;0.0;sonstige
KP.3.1.1;2024-01-31;0.0;sonstige
KP.3.1.1;2024-02-07;0.001;sonstige
KP.3.1.1;2024-02-14;0.001;sonstige
KP.3.1.1;2024-02-21;0.001;sonstige
KP.3.1.1;2024-02-28;0.001;sonstige
KP.3.1.1;2024-03-06;0.002;sonstige
KP.3.1.1;2024-03-13;0.0;sonstige
KP.3.1.1;2024-03-20;0.0;sonstige
KP.3.1.1;2024-03-27;0.0;sonstige
KP.3.1.1;2024-04-03;0.0;sonstige
KP.3.1.1;2024-04-10;0.0;sonstige
KP.3.1.1;2024-04-17;0.0;sonstige
KP.3.1.1;2024-04-24;0.0;sonstige
KP.3.1.1;2024-05-01;0.0;sonstige
KP.3.1.1;2024-05-08;0.002;sonstige
KP.3.1.1;2024-05-15;0.005;sonstige
KP.3.1.1;2024-05-22;0.073;sonstige
KP.3.1.1;2024-05-29;0.205;sonstige
KP.3.1.1;2024-06-05;0.149;sonstige
KP.3.1.1;2024-06-12;0.233;sonstige
KP.3.1.1;2024-06-19;0.215;sonstige
KP.3.1.1;2024-06-26;0.163;sonstige
KP.3.1.1;2024-07-03;0.184;sonstige
KP.3.1.1;2024-07-10;0.192;sonstige
KP.3.1.1;2024-07-17;0.219;sonstige
KP.3.1.1;2024-07-24;0.312;sonstige
KP.3.1.1;2024-07-31;0.274;sonstige
KP.3.1.1;2024-08-07;0.239;sonstige
KP.3.1.1;2024-08-14;0.249;sonstige
KP.3.1.1;2024-08-21;0.182;sonstige
KP.3.1.1;2024-08-28;0.195;sonstige
KP.3.1.1;2024-09-04;0.17;sonstige
KP.3.1.1;2024-09-11;0.213;sonstige
KP.3.1.1;2024-09-18;0.264;sonstige
KP.3.1.1;2024-09-25;0.181;sonstige
KP.3.1.1;2024-10-02;0.192;sonstige
KP.3.1.1;2024-10-09;0.183;sonstige
KP.3.1.1;2024-10-16;0.147;sonstige
KP.3.1.1;2024-10-23;0.08;sonstige
KP.3.1.1;2024-10-30;0.057;sonstige
KP.3.1.1;2024-11-06;0.079;sonstige
KP.3.1.1;2024-11-13;0.146;sonstige
KP.3.1.1;2024-11-20;0.173;sonstige
KP.3.1.1;2024-11-27;0.126;sonstige
KP.3.1.1;2024-12-04;0.087;sonstige
KP.3.1.1;2024-12-11;0.052;sonstige
KP.3.1.1;2024-12-18;0.055;sonstige
KP.3.1.1;2024-12-25;0.101;sonstige
KP.3.1.1;2025-01-01;0.056;sonstige
KP.3.1.1;2025-01-08;0.057;sonstige
KP.3.1.1;2025-01-15;0.034;sonstige
KP.3.1.1;2025-01-22;0.049;sonstige
KP.3.1.1;2025-01-29;0.039;sonstige
KP.3.1.1;2025-02-05;0.044;sonstige
KP.3.1.1;2025-02-12;0.115;sonstige
KP.3.1.1;2025-02-19;0.041;sonstige
KP.3.1.1;2025-02-26;0.022;sonstige
KP.3.1.1;2025-03-05;0.07;sonstige
KP.3.1.1;2025-03-12;0.129;sonstige
KP.3.1.1;2025-03-19;0.096;sonstige
KP.3.1.1;2025-03-26;0.086;sonstige
KP.3.1;2022-09-21;0.0;sonstige
KP.3.1;2022-09-28;0.0;sonstige
KP.3.1;2022-10-05;0.0;sonstige
KP.3.1;2022-10-12;0.0;sonstige
KP.3.1;2022-10-19;0.0;sonstige
KP.3.1;2022-10-26;0.0;sonstige
KP.3.1;2022-11-02;0.0;sonstige
KP.3.1;2022-11-09;0.0;sonstige
KP.3.1;2022-11-16;0.0;sonstige
KP.3.1;2022-11-23;0.0;sonstige
KP.3.1;2022-11-30;0.0;sonstige
KP.3.1;2022-12-07;0.0;sonstige
KP.3.1;2022-12-14;0.0;sonstige
KP.3.1;2022-12-21;0.0;sonstige
KP.3.1;2022-12-28;0.0;sonstige
KP.3.1;2023-01-04;0.0;sonstige
KP.3.1;2023-01-11;0.0;sonstige
KP.3.1;2023-01-18;0.0;sonstige
KP.3.1;2023-01-25;0.0;sonstige
KP.3.1;2023-02-01;0.0;sonstige
KP.3.1;2023-02-08;0.0;sonstige
KP.3.1;2023-02-15;0.0;sonstige
KP.3.1;2023-02-22;0.0;sonstige
KP.3.1;2023-03-01;0.0;sonstige
KP.3.1;2023-03-08;0.0;sonstige
KP.3.1;2023-03-15;0.0;sonstige
KP.3.1;2023-03-22;0.0;sonstige
KP.3.1;2023-03-29;0.0;sonstige
KP.3.1;2023-04-05;0.0;sonstige
KP.3.1;2023-04-12;0.0;sonstige
KP.3.1;2023-04-19;0.0;sonstige
KP.3.1;2023-04-26;0.0;sonstige
KP.3.1;2023-05-03;0.0;sonstige
KP.3.1;2023-05-10;0.0;sonstige
KP.3.1;2023-05-17;0.0;sonstige
KP.3.1;2023-05-24;0.0;sonstige
KP.3.1;2023-05-31;0.0;sonstige
KP.3.1;2023-06-07;0.0;sonstige
KP.3.1;2023-06-14;0.0;sonstige
KP.3.1;2023-06-21;0.0;sonstige
KP.3.1;2023-06-28;0.0;sonstige
KP.3.1;2023-07-05;0.0;sonstige
KP.3.1;2023-07-12;0.0;sonstige
KP.3.1;2023-07-19;0.0;sonstige
KP.3.1;2023-07-26;0.0;sonstige
KP.3.1;2023-08-02;0.0;sonstige
KP.3.1;2023-08-09;0.0;sonstige
KP.3.1;2023-08-16;0.0;sonstige
KP.3.1;2023-08-23;0.0;sonstige
KP.3.1;2023-08-30;0.0;sonstige
KP.3.1;2023-09-06;0.0;sonstige
KP.3.1;2023-09-13;0.0;sonstige
KP.3.1;2023-09-20;0.0;sonstige
KP.3.1;2023-09-27;0.0;sonstige
KP.3.1;2023-10-04;0.0;sonstige
KP.3.1;2023-10-11;0.0;sonstige
KP.3.1;2023-10-18;0.0;sonstige
KP.3.1;2023-10-25;0.0;sonstige
KP.3.1;2023-11-01;0.0;sonstige
KP.3.1;2023-11-08;0.0;sonstige
KP.3.1;2023-11-15;0.0;sonstige
KP.3.1;2023-11-22;0.0;sonstige
KP.3.1;2023-11-29;0.004;sonstige
KP.3.1;2023-12-06;0.004;sonstige
KP.3.1;2023-12-13;0.004;sonstige
KP.3.1;2023-12-20;0.0;sonstige
KP.3.1;2023-12-27;0.013;sonstige
KP.3.1;2024-01-03;0.007;sonstige
KP.3.1;2024-01-10;0.001;sonstige
KP.3.1;2024-01-17;0.0;sonstige
KP.3.1;2024-01-24;0.001;sonstige
KP.3.1;2024-01-31;0.0;sonstige
KP.3.1;2024-02-07;0.002;sonstige
KP.3.1;2024-02-14;0.0;sonstige
KP.3.1;2024-02-21;0.001;sonstige
KP.3.1;2024-02-28;0.003;sonstige
KP.3.1;2024-03-06;0.004;sonstige
KP.3.1;2024-03-13;0.024;sonstige
KP.3.1;2024-03-20;0.02;sonstige
KP.3.1;2024-03-27;0.0;sonstige
KP.3.1;2024-04-03;0.022;sonstige
KP.3.1;2024-04-10;0.01;sonstige
KP.3.1;2024-04-17;0.025;sonstige
KP.3.1;2024-04-24;0.042;sonstige
KP.3.1;2024-05-01;0.071;sonstige
KP.3.1;2024-05-08;0.07;sonstige
KP.3.1;2024-05-15;0.079;sonstige
KP.3.1;2024-05-22;0.106;sonstige
KP.3.1;2024-05-29;0.093;sonstige
KP.3.1;2024-06-05;0.073;sonstige
KP.3.1;2024-06-12;0.068;sonstige
KP.3.1;2024-06-19;0.021;sonstige
KP.3.1;2024-06-26;0.021;sonstige
KP.3.1;2024-07-03;0.061;sonstige
KP.3.1;2024-07-10;0.061;sonstige
KP.3.1;2024-07-17;0.063;sonstige
KP.3.1;2024-07-24;0.036;sonstige
KP.3.1;2024-07-31;0.098;sonstige
KP.3.1;2024-08-07;0.091;sonstige
KP.3.1;2024-08-14;0.012;sonstige
KP.3.1;2024-08-21;0.014;sonstige
KP.3.1;2024-08-28;0.011;sonstige
KP.3.1;2024-09-04;0.033;sonstige
KP.3.1;2024-09-11;0.01;sonstige
KP.3.1;2024-09-18;0.02;sonstige
KP.3.1;2024-09-25;0.013;sonstige
KP.3.1;2024-10-02;0.057;sonstige
KP.3.1;2024-10-09;0.02;sonstige
KP.3.1;2024-10-16;0.027;sonstige
KP.3.1;2024-10-23;0.094;sonstige
KP.3.1;2024-10-30;0.021;sonstige
KP.3.1;2024-11-06;0.028;sonstige
KP.3.1;2024-11-13;0.01;sonstige
KP.3.1;2024-11-20;0.042;sonstige
KP.3.1;2024-11-27;0.017;sonstige
KP.3.1;2024-12-04;0.009;sonstige
KP.3.1;2024-12-11;0.034;sonstige
KP.3.1;2024-12-18;0.017;sonstige
KP.3.1;2024-12-25;0.054;sonstige
KP.3.1;2025-01-01;0.0;sonstige
KP.3.1;2025-01-08;0.009;sonstige
KP.3.1;2025-01-15;0.003;sonstige
KP.3.1;2025-01-22;0.004;sonstige
KP.3.1;2025-01-29;0.02;sonstige
KP.3.1;2025-02-05;0.013;sonstige
KP.3.1;2025-02-12;0.018;sonstige
KP.3.1;2025-02-19;0.037;sonstige
KP.3.1;2025-02-26;0.0;sonstige
KP.3.1;2025-03-05;0.007;sonstige
KP.3.1;2025-03-12;0.053;sonstige
KP.3.1;2025-03-19;0.038;sonstige
KP.3.1;2025-03-26;0.006;sonstige
KP.3;2022-09-21;0.0;sonstige
KP.3;2022-09-28;0.0;sonstige
KP.3;2022-10-05;0.0;sonstige
KP.3;2022-10-12;0.0;sonstige
KP.3;2022-10-19;0.0;sonstige
KP.3;2022-10-26;0.0;sonstige
KP.3;2022-11-02;0.0;sonstige
KP.3;2022-11-09;0.0;sonstige
KP.3;2022-11-16;0.0;sonstige
KP.3;2022-11-23;0.0;sonstige
KP.3;2022-11-30;0.0;sonstige
KP.3;2022-12-07;0.0;sonstige
KP.3;2022-12-14;0.0;sonstige
KP.3;2022-12-21;0.0;sonstige
KP.3;2022-12-28;0.0;sonstige
KP.3;2023-01-04;0.0;sonstige
KP.3;2023-01-11;0.0;sonstige
KP.3;2023-01-18;0.0;sonstige
KP.3;2023-01-25;0.0;sonstige
KP.3;2023-02-01;0.0;sonstige
KP.3;2023-02-08;0.0;sonstige
KP.3;2023-02-15;0.0;sonstige
KP.3;2023-02-22;0.0;sonstige
KP.3;2023-03-01;0.0;sonstige
KP.3;2023-03-08;0.0;sonstige
KP.3;2023-03-15;0.0;sonstige
KP.3;2023-03-22;0.0;sonstige
KP.3;2023-03-29;0.0;sonstige
KP.3;2023-04-05;0.0;sonstige
KP.3;2023-04-12;0.0;sonstige
KP.3;2023-04-19;0.0;sonstige
KP.3;2023-04-26;0.0;sonstige
KP.3;2023-05-03;0.0;sonstige
KP.3;2023-05-10;0.0;sonstige
KP.3;2023-05-17;0.0;sonstige
KP.3;2023-05-24;0.0;sonstige
KP.3;2023-05-31;0.0;sonstige
KP.3;2023-06-07;0.0;sonstige
KP.3;2023-06-14;0.0;sonstige
KP.3;2023-06-21;0.0;sonstige
KP.3;2023-06-28;0.0;sonstige
KP.3;2023-07-05;0.0;sonstige
KP.3;2023-07-12;0.0;sonstige
KP.3;2023-07-19;0.0;sonstige
KP.3;2023-07-26;0.0;sonstige
KP.3;2023-08-02;0.0;sonstige
KP.3;2023-08-09;0.0;sonstige
KP.3;2023-08-16;0.0;sonstige
KP.3;2023-08-23;0.0;sonstige
KP.3;2023-08-30;0.0;sonstige
KP.3;2023-09-06;0.0;sonstige
KP.3;2023-09-13;0.0;sonstige
KP.3;2023-09-20;0.0;sonstige
KP.3;2023-09-27;0.0;sonstige
KP.3;2023-10-04;0.0;sonstige
KP.3;2023-10-11;0.0;sonstige
KP.3;2023-10-18;0.0;sonstige
KP.3;2023-10-25;0.0;sonstige
KP.3;2023-11-01;0.0;sonstige
KP.3;2023-11-08;0.0;sonstige
KP.3;2023-11-15;0.0;sonstige
KP.3;2023-11-22;0.0;sonstige
KP.3;2023-11-29;0.004;sonstige
KP.3;2023-12-06;0.008;sonstige
KP.3;2023-12-13;0.005;sonstige
KP.3;2023-12-20;0.0;sonstige
KP.3;2023-12-27;0.013;sonstige
KP.3;2024-01-03;0.007;sonstige
KP.3;2024-01-10;0.001;sonstige
KP.3;2024-01-17;0.004;sonstige
KP.3;2024-01-24;0.007;sonstige
KP.3;2024-01-31;0.0;sonstige
KP.3;2024-02-07;0.004;sonstige
KP.3;2024-02-14;0.003;sonstige
KP.3;2024-02-21;0.007;sonstige
KP.3;2024-02-28;0.003;sonstige
KP.3;2024-03-06;0.004;sonstige
KP.3;2024-03-13;0.0;sonstige
KP.3;2024-03-20;0.007;sonstige
KP.3;2024-03-27;0.0;sonstige
KP.3;2024-04-03;0.006;sonstige
KP.3;2024-04-10;0.066;sonstige
KP.3;2024-04-17;0.054;sonstige
KP.3;2024-04-24;0.091;sonstige
KP.3;2024-05-01;0.108;sonstige
KP.3;2024-05-08;0.07;sonstige
KP.3;2024-05-15;0.228;sonstige
KP.3;2024-05-22;0.047;sonstige
KP.3;2024-05-29;0.06;sonstige
KP.3;2024-06-05;0.071;sonstige
KP.3;2024-06-12;0.029;sonstige
KP.3;2024-06-19;0.086;sonstige
KP.3;2024-06-26;0.11;sonstige
KP.3;2024-07-03;0.101;sonstige
KP.3;2024-07-10;0.047;sonstige
KP.3;2024-07-17;0.033;sonstige
KP.3;2024-07-24;0.025;sonstige
KP.3;2024-07-31;0.017;sonstige
KP.3;2024-08-07;0.01;sonstige
KP.3;2024-08-14;0.022;sonstige
KP.3;2024-08-21;0.006;sonstige
KP.3;2024-08-28;0.009;sonstige
KP.3;2024-09-04;0.021;sonstige
KP.3;2024-09-11;0.008;sonstige
KP.3;2024-09-18;0.013;sonstige
KP.3;2024-09-25;0.012;sonstige
KP.3;2024-10-02;0.033;sonstige
KP.3;2024-10-09;0.048;sonstige
KP.3;2024-10-16;0.017;sonstige
KP.3;2024-10-23;0.038;sonstige
KP.3;2024-10-30;0.017;sonstige
KP.3;2024-11-06;0.014;sonstige
KP.3;2024-11-13;0.03;sonstige
KP.3;2024-11-20;0.025;sonstige
KP.3;2024-11-27;0.032;sonstige
KP.3;2024-12-04;0.011;sonstige
KP.3;2024-12-11;0.039;sonstige
KP.3;2024-12-18;0.012;sonstige
KP.3;2024-12-25;0.029;sonstige
KP.3;2025-01-01;0.0;sonstige
KP.3;2025-01-08;0.019;sonstige
KP.3;2025-01-15;0.016;sonstige
KP.3;2025-01-22;0.009;sonstige
KP.3;2025-01-29;0.005;sonstige
KP.3;2025-02-05;0.009;sonstige
KP.3;2025-02-12;0.004;sonstige
KP.3;2025-02-19;0.005;sonstige
KP.3;2025-02-26;0.0;sonstige
KP.3;2025-03-05;0.006;sonstige
KP.3;2025-03-12;0.038;sonstige
KP.3;2025-03-19;0.048;sonstige
KP.3;2025-03-26;0.006;sonstige
KP.2.3;2022-09-21;0.0;sonstige
KP.2.3;2022-09-28;0.0;sonstige
KP.2.3;2022-10-05;0.0;sonstige
KP.2.3;2022-10-12;0.0;sonstige
KP.2.3;2022-10-19;0.0;sonstige
KP.2.3;2022-10-26;0.0;sonstige
KP.2.3;2022-11-02;0.0;sonstige
KP.2.3;2022-11-09;0.0;sonstige
KP.2.3;2022-11-16;0.0;sonstige
KP.2.3;2022-11-23;0.0;sonstige
KP.2.3;2022-11-30;0.0;sonstige
KP.2.3;2022-12-07;0.0;sonstige
KP.2.3;2022-12-14;0.0;sonstige
KP.2.3;2022-12-21;0.0;sonstige
KP.2.3;2022-12-28;0.0;sonstige
KP.2.3;2023-01-04;0.0;sonstige
KP.2.3;2023-01-11;0.0;sonstige
KP.2.3;2023-01-18;0.0;sonstige
KP.2.3;2023-01-25;0.0;sonstige
KP.2.3;2023-02-01;0.0;sonstige
KP.2.3;2023-02-08;0.0;sonstige
KP.2.3;2023-02-15;0.0;sonstige
KP.2.3;2023-02-22;0.0;sonstige
KP.2.3;2023-03-01;0.0;sonstige
KP.2.3;2023-03-08;0.0;sonstige
KP.2.3;2023-03-15;0.0;sonstige
KP.2.3;2023-03-22;0.0;sonstige
KP.2.3;2023-03-29;0.0;sonstige
KP.2.3;2023-04-05;0.0;sonstige
KP.2.3;2023-04-12;0.0;sonstige
KP.2.3;2023-04-19;0.0;sonstige
KP.2.3;2023-04-26;0.0;sonstige
KP.2.3;2023-05-03;0.0;sonstige
KP.2.3;2023-05-10;0.0;sonstige
KP.2.3;2023-05-17;0.0;sonstige
KP.2.3;2023-05-24;0.0;sonstige
KP.2.3;2023-05-31;0.0;sonstige
KP.2.3;2023-06-07;0.0;sonstige
KP.2.3;2023-06-14;0.0;sonstige
KP.2.3;2023-06-21;0.0;sonstige
KP.2.3;2023-06-28;0.0;sonstige
KP.2.3;2023-07-05;0.0;sonstige
KP.2.3;2023-07-12;0.0;sonstige
KP.2.3;2023-07-19;0.0;sonstige
KP.2.3;2023-07-26;0.0;sonstige
KP.2.3;2023-08-02;0.0;sonstige
KP.2.3;2023-08-09;0.0;sonstige
KP.2.3;2023-08-16;0.0;sonstige
KP.2.3;2023-08-23;0.0;sonstige
KP.2.3;2023-08-30;0.0;sonstige
KP.2.3;2023-09-06;0.0;sonstige
KP.2.3;2023-09-13;0.0;sonstige
KP.2.3;2023-09-20;0.0;sonstige
KP.2.3;2023-09-27;0.0;sonstige
KP.2.3;2023-10-04;0.0;sonstige
KP.2.3;2023-10-11;0.0;sonstige
KP.2.3;2023-10-18;0.0;sonstige
KP.2.3;2023-10-25;0.0;sonstige
KP.2.3;2023-11-01;0.0;sonstige
KP.2.3;2023-11-08;0.0;sonstige
KP.2.3;2023-11-15;0.0;sonstige
KP.2.3;2023-11-22;0.0;sonstige
KP.2.3;2023-11-29;0.0;sonstige
KP.2.3;2023-12-06;0.0;sonstige
KP.2.3;2023-12-13;0.0;sonstige
KP.2.3;2023-12-20;0.0;sonstige
KP.2.3;2023-12-27;0.0;sonstige
KP.2.3;2024-01-03;0.001;sonstige
KP.2.3;2024-01-10;0.004;sonstige
KP.2.3;2024-01-17;0.001;sonstige
KP.2.3;2024-01-24;0.001;sonstige
KP.2.3;2024-01-31;0.0;sonstige
KP.2.3;2024-02-07;0.0;sonstige
KP.2.3;2024-02-14;0.0;sonstige
KP.2.3;2024-02-21;0.0;sonstige
KP.2.3;2024-02-28;0.0;sonstige
KP.2.3;2024-03-06;0.0;sonstige
KP.2.3;2024-03-13;0.0;sonstige
KP.2.3;2024-03-20;0.0;sonstige
KP.2.3;2024-03-27;0.0;sonstige
KP.2.3;2024-04-03;0.0;sonstige
KP.2.3;2024-04-10;0.0;sonstige
KP.2.3;2024-04-17;0.005;sonstige
KP.2.3;2024-04-24;0.006;sonstige
KP.2.3;2024-05-01;0.029;sonstige
KP.2.3;2024-05-08;0.03;sonstige
KP.2.3;2024-05-15;0.058;sonstige
KP.2.3;2024-05-22;0.164;sonstige
KP.2.3;2024-05-29;0.111;sonstige
KP.2.3;2024-06-05;0.081;sonstige
KP.2.3;2024-06-12;0.113;sonstige
KP.2.3;2024-06-19;0.052;sonstige
KP.2.3;2024-06-26;0.101;sonstige
KP.2.3;2024-07-03;0.099;sonstige
KP.2.3;2024-07-10;0.091;sonstige
KP.2.3;2024-07-17;0.139;sonstige
KP.2.3;2024-07-24;0.1;sonstige
KP.2.3;2024-07-31;0.07;sonstige
KP.2.3;2024-08-07;0.08;sonstige
KP.2.3;2024-08-14;0.092;sonstige
KP.2.3;2024-08-21;0.09;sonstige
KP.2.3;2024-08-28;0.09;sonstige
KP.2.3;2024-09-04;0.054;sonstige
KP.2.3;2024-09-11;0.029;sonstige
KP.2.3;2024-09-18;0.019;sonstige
KP.2.3;2024-09-25;0.018;sonstige
KP.2.3;2024-10-02;0.014;sonstige
KP.2.3;2024-10-09;0.012;sonstige
KP.2.3;2024-10-16;0.006;sonstige
KP.2.3;2024-10-23;0.004;sonstige
KP.2.3;2024-10-30;0.021;sonstige
KP.2.3;2024-11-06;0.015;sonstige
KP.2.3;2024-11-13;0.012;sonstige
KP.2.3;2024-11-20;0.002;sonstige
KP.2.3;2024-11-27;0.01;sonstige
KP.2.3;2024-12-04;0.001;sonstige
KP.2.3;2024-12-11;0.006;sonstige
KP.2.3;2024-12-18;0.007;sonstige
KP.2.3;2024-12-25;0.001;sonstige
KP.2.3;2025-01-01;0.0;sonstige
KP.2.3;2025-01-08;0.0;sonstige
KP.2.3;2025-01-15;0.0;sonstige
KP.2.3;2025-01-22;0.0;sonstige
KP.2.3;2025-01-29;0.0;sonstige
KP.2.3;2025-02-05;0.0;sonstige
KP.2.3;2025-02-12;0.0;sonstige
KP.2.3;2025-02-19;0.001;sonstige
KP.2.3;2025-02-26;0.001;sonstige
KP.2.3;2025-03-05;0.0;sonstige
KP.2.3;2025-03-12;0.0;sonstige
KP.2.3;2025-03-19;0.0;sonstige
KP.2.3;2025-03-26;0.0;sonstige
KP.2;2022-09-21;0.0;sonstige
KP.2;2022-09-28;0.0;sonstige
KP.2;2022-10-05;0.0;sonstige
KP.2;2022-10-12;0.0;sonstige
KP.2;2022-10-19;0.0;sonstige
KP.2;2022-10-26;0.0;sonstige
KP.2;2022-11-02;0.0;sonstige
KP.2;2022-11-09;0.0;sonstige
KP.2;2022-11-16;0.0;sonstige
KP.2;2022-11-23;0.0;sonstige
KP.2;2022-11-30;0.0;sonstige
KP.2;2022-12-07;0.0;sonstige
KP.2;2022-12-14;0.0;sonstige
KP.2;2022-12-21;0.0;sonstige
KP.2;2022-12-28;0.0;sonstige
KP.2;2023-01-04;0.0;sonstige
KP.2;2023-01-11;0.0;sonstige
KP.2;2023-01-18;0.0;sonstige
KP.2;2023-01-25;0.0;sonstige
KP.2;2023-02-01;0.0;sonstige
KP.2;2023-02-08;0.0;sonstige
KP.2;2023-02-15;0.0;sonstige
KP.2;2023-02-22;0.0;sonstige
KP.2;2023-03-01;0.0;sonstige
KP.2;2023-03-08;0.0;sonstige
KP.2;2023-03-15;0.0;sonstige
KP.2;2023-03-22;0.0;sonstige
KP.2;2023-03-29;0.001;sonstige
KP.2;2023-04-05;0.0;sonstige
KP.2;2023-04-12;0.0;sonstige
KP.2;2023-04-19;0.0;sonstige
KP.2;2023-04-26;0.0;sonstige
KP.2;2023-05-03;0.0;sonstige
KP.2;2023-05-10;0.0;sonstige
KP.2;2023-05-17;0.0;sonstige
KP.2;2023-05-24;0.0;sonstige
KP.2;2023-05-31;0.0;sonstige
KP.2;2023-06-07;0.0;sonstige
KP.2;2023-06-14;0.0;sonstige
KP.2;2023-06-21;0.0;sonstige
KP.2;2023-06-28;0.0;sonstige
KP.2;2023-07-05;0.0;sonstige
KP.2;2023-07-12;0.0;sonstige
KP.2;2023-07-19;0.0;sonstige
KP.2;2023-07-26;0.0;sonstige
KP.2;2023-08-02;0.0;sonstige
KP.2;2023-08-09;0.0;sonstige
KP.2;2023-08-16;0.0;sonstige
KP.2;2023-08-23;0.0;sonstige
KP.2;2023-08-30;0.0;sonstige
KP.2;2023-09-06;0.0;sonstige
KP.2;2023-09-13;0.0;sonstige
KP.2;2023-09-20;0.0;sonstige
KP.2;2023-09-27;0.0;sonstige
KP.2;2023-10-04;0.0;sonstige
KP.2;2023-10-11;0.0;sonstige
KP.2;2023-10-18;0.0;sonstige
KP.2;2023-10-25;0.0;sonstige
KP.2;2023-11-01;0.0;sonstige
KP.2;2023-11-08;0.0;sonstige
KP.2;2023-11-15;0.0;sonstige
KP.2;2023-11-22;0.0;sonstige
KP.2;2023-11-29;0.001;sonstige
KP.2;2023-12-06;0.003;sonstige
KP.2;2023-12-13;0.0;sonstige
KP.2;2023-12-20;0.0;sonstige
KP.2;2023-12-27;0.0;sonstige
KP.2;2024-01-03;0.003;sonstige
KP.2;2024-01-10;0.002;sonstige
KP.2;2024-01-17;0.018;sonstige
KP.2;2024-01-24;0.026;sonstige
KP.2;2024-01-31;0.097;sonstige
KP.2;2024-02-07;0.004;sonstige
KP.2;2024-02-14;0.015;sonstige
KP.2;2024-02-21;0.024;sonstige
KP.2;2024-02-28;0.005;sonstige
KP.2;2024-03-06;0.014;sonstige
KP.2;2024-03-13;0.038;sonstige
KP.2;2024-03-20;0.215;sonstige
KP.2;2024-03-27;0.051;sonstige
KP.2;2024-04-03;0.0;sonstige
KP.2;2024-04-10;0.0;sonstige
KP.2;2024-04-17;0.018;sonstige
KP.2;2024-04-24;0.004;sonstige
KP.2;2024-05-01;0.042;sonstige
KP.2;2024-05-08;0.029;sonstige
KP.2;2024-05-15;0.111;sonstige
KP.2;2024-05-22;0.07;sonstige
KP.2;2024-05-29;0.202;sonstige
KP.2;2024-06-05;0.06;sonstige
KP.2;2024-06-12;0.097;sonstige
KP.2;2024-06-19;0.051;sonstige
KP.2;2024-06-26;0.028;sonstige
KP.2;2024-07-03;0.047;sonstige
KP.2;2024-07-10;0.059;sonstige
KP.2;2024-07-17;0.015;sonstige
KP.2;2024-07-24;0.029;sonstige
KP.2;2024-07-31;0.024;sonstige
KP.2;2024-08-07;0.021;sonstige
KP.2;2024-08-14;0.011;sonstige
KP.2;2024-08-21;0.005;sonstige
KP.2;2024-08-28;0.006;sonstige
KP.2;2024-09-04;0.004;sonstige
KP.2;2024-09-11;0.002;sonstige
KP.2;2024-09-18;0.003;sonstige
KP.2;2024-09-25;0.002;sonstige
KP.2;2024-10-02;0.003;sonstige
KP.2;2024-10-09;0.004;sonstige
KP.2;2024-10-16;0.002;sonstige
KP.2;2024-10-23;0.003;sonstige
KP.2;2024-10-30;0.001;sonstige
KP.2;2024-11-06;0.002;sonstige
KP.2;2024-11-13;0.0;sonstige
KP.2;2024-11-20;0.0;sonstige
KP.2;2024-11-27;0.0;sonstige
KP.2;2024-12-04;0.0;sonstige
KP.2;2024-12-11;0.0;sonstige
KP.2;2024-12-18;0.0;sonstige
KP.2;2024-12-25;0.0;sonstige
KP.2;2025-01-01;0.0;sonstige
KP.2;2025-01-08;0.0;sonstige
KP.2;2025-01-15;0.003;sonstige
KP.2;2025-01-22;0.002;sonstige
KP.2;2025-01-29;0.005;sonstige
KP.2;2025-02-05;0.003;sonstige
KP.2;2025-02-12;0.0;sonstige
KP.2;2025-02-19;0.002;sonstige
KP.2;2025-02-26;0.0;sonstige
KP.2;2025-03-05;0.0;sonstige
KP.2;2025-03-12;0.0;sonstige
KP.2;2025-03-19;0.0;sonstige
KP.2;2025-03-26;0.0;sonstige
XBB.1.9.2;2022-09-21;0.0;XBB.x
XBB.1.9.2;2022-09-28;0.0;XBB.x
XBB.1.9.2;2022-10-05;0.0;XBB.x
XBB.1.9.2;2022-10-12;0.0;XBB.x
XBB.1.9.2;2022-10-19;0.0;XBB.x
XBB.1.9.2;2022-10-26;0.0;XBB.x
XBB.1.9.2;2022-11-02;0.0;XBB.x
XBB.1.9.2;2022-11-09;0.0;XBB.x
XBB.1.9.2;2022-11-16;0.0;XBB.x
XBB.1.9.2;2022-11-23;0.0;XBB.x
XBB.1.9.2;2022-11-30;0.0;XBB.x
XBB.1.9.2;2022-12-07;0.0;XBB.x
XBB.1.9.2;2022-12-14;0.0;XBB.x
XBB.1.9.2;2022-12-21;0.0;XBB.x
XBB.1.9.2;2022-12-28;0.0;XBB.x
XBB.1.9.2;2023-01-04;0.0;XBB.x
XBB.1.9.2;2023-01-11;0.0;XBB.x
XBB.1.9.2;2023-01-18;0.0;XBB.x
XBB.1.9.2;2023-01-25;0.0;XBB.x
XBB.1.9.2;2023-02-01;0.003;XBB.x
XBB.1.9.2;2023-02-08;0.008;XBB.x
XBB.1.9.2;2023-02-15;0.001;XBB.x
XBB.1.9.2;2023-02-22;0.001;XBB.x
XBB.1.9.2;2023-03-01;0.001;XBB.x
XBB.1.9.2;2023-03-08;0.001;XBB.x
XBB.1.9.2;2023-03-15;0.002;XBB.x
XBB.1.9.2;2023-03-22;0.002;XBB.x
XBB.1.9.2;2023-03-29;0.015;XBB.x
XBB.1.9.2;2023-04-05;0.003;XBB.x
XBB.1.9.2;2023-04-12;0.014;XBB.x
XBB.1.9.2;2023-04-19;0.016;XBB.x
XBB.1.9.2;2023-04-26;0.015;XBB.x
XBB.1.9.2;2023-05-03;0.03;XBB.x
XBB.1.9.2;2023-05-10;0.03;XBB.x
XBB.1.9.2;2023-05-17;0.023;XBB.x
XBB.1.9.2;2023-05-24;0.015;XBB.x
XBB.1.9.2;2023-05-31;0.018;XBB.x
XBB.1.9.2;2023-06-07;0.014;XBB.x
XBB.1.9.2;2023-06-14;0.051;XBB.x
XBB.1.9.2;2023-06-21;0.053;XBB.x
XBB.1.9.2;2023-06-28;0.326;XBB.x
XBB.1.9.2;2023-07-05;0.071;XBB.x
XBB.1.9.2;2023-07-12;0.11;XBB.x
XBB.1.9.2;2023-07-19;0.047;XBB.x
XBB.1.9.2;2023-07-26;0.044;XBB.x
XBB.1.9.2;2023-08-02;0.045;XBB.x
XBB.1.9.2;2023-08-09;0.11;XBB.x
XBB.1.9.2;2023-08-16;0.044;XBB.x
XBB.1.9.2;2023-08-23;0.023;XBB.x
XBB.1.9.2;2023-08-30;0.006;XBB.x
XBB.1.9.2;2023-09-06;0.019;XBB.x
XBB.1.9.2;2023-09-13;0.016;XBB.x
XBB.1.9.2;2023-09-20;0.027;XBB.x
XBB.1.9.2;2023-09-27;0.038;XBB.x
XBB.1.9.2;2023-10-04;0.015;XBB.x
XBB.1.9.2;2023-10-11;0.069;XBB.x
XBB.1.9.2;2023-10-18;0.039;XBB.x
XBB.1.9.2;2023-10-25;0.024;XBB.x
XBB.1.9.2;2023-11-01;0.011;XBB.x
XBB.1.9.2;2023-11-08;0.01;XBB.x
XBB.1.9.2;2023-11-15;0.003;XBB.x
XBB.1.9.2;2023-11-22;0.002;XBB.x
XBB.1.9.2;2023-11-29;0.001;XBB.x
XBB.1.9.2;2023-12-06;0.0;XBB.x
XBB.1.9.2;2023-12-13;0.0;XBB.x
XBB.1.9.2;2023-12-20;0.001;XBB.x
XBB.1.9.2;2023-12-27;0.01;XBB.x
XBB.1.9.2;2024-01-03;0.007;XBB.x
XBB.1.9.2;2024-01-10;0.001;XBB.x
XBB.1.9.2;2024-01-17;0.017;XBB.x
XBB.1.9.2;2024-01-24;0.001;XBB.x
XBB.1.9.2;2024-01-31;0.001;XBB.x
XBB.1.9.2;2024-02-07;0.0;XBB.x
XBB.1.9.2;2024-02-14;0.0;XBB.x
XBB.1.9.2;2024-02-21;0.0;XBB.x
XBB.1.9.2;2024-02-28;0.0;XBB.x
XBB.1.9.2;2024-03-06;0.0;XBB.x
XBB.1.9.2;2024-03-13;0.0;XBB.x
XBB.1.9.2;2024-03-20;0.0;XBB.x
XBB.1.9.2;2024-03-27;0.0;XBB.x
XBB.1.9.2;2024-04-03;0.0;XBB.x
XBB.1.9.2;2024-04-10;0.0;XBB.x
XBB.1.9.2;2024-04-17;0.0;XBB.x
XBB.1.9.2;2024-04-24;0.0;XBB.x
XBB.1.9.2;2024-05-01;0.0;XBB.x
XBB.1.9.2;2024-05-08;0.0;XBB.x
XBB.1.9.2;2024-05-15;0.0;XBB.x
XBB.1.9.2;2024-05-22;0.0;XBB.x
XBB.1.9.2;2024-05-29;0.0;XBB.x
XBB.1.9.2;2024-06-05;0.0;XBB.x
XBB.1.9.2;2024-06-12;0.0;XBB.x
XBB.1.9.2;2024-06-19;0.0;XBB.x
XBB.1.9.2;2024-06-26;0.0;XBB.x
XBB.1.9.2;2024-07-03;0.0;XBB.x
XBB.1.9.2;2024-07-10;0.0;XBB.x
XBB.1.9.2;2024-07-17;0.0;XBB.x
XBB.1.9.2;2024-07-24;0.0;XBB.x
XBB.1.9.2;2024-07-31;0.0;XBB.x
XBB.1.9.2;2024-08-07;0.0;XBB.x
XBB.1.9.2;2024-08-14;0.0;XBB.x
XBB.1.9.2;2024-08-21;0.0;XBB.x
XBB.1.9.2;2024-08-28;0.0;XBB.x
XBB.1.9.2;2024-09-04;0.0;XBB.x
XBB.1.9.2;2024-09-11;0.0;XBB.x
XBB.1.9.2;2024-09-18;0.0;XBB.x
XBB.1.9.2;2024-09-25;0.0;XBB.x
XBB.1.9.2;2024-10-02;0.0;XBB.x
XBB.1.9.2;2024-10-09;0.0;XBB.x
XBB.1.9.2;2024-10-16;0.0;XBB.x
XBB.1.9.2;2024-10-23;0.0;XBB.x
XBB.1.9.2;2024-10-30;0.0;XBB.x
XBB.1.9.2;2024-11-06;0.0;XBB.x
XBB.1.9.2;2024-11-13;0.0;XBB.x
XBB.1.9.2;2024-11-20;0.0;XBB.x
XBB.1.9.2;2024-11-27;0.0;XBB.x
XBB.1.9.2;2024-12-04;0.0;XBB.x
XBB.1.9.2;2024-12-11;0.0;XBB.x
XBB.1.9.2;2024-12-18;0.0;XBB.x
XBB.1.9.2;2024-12-25;0.0;XBB.x
XBB.1.9.2;2025-01-01;0.0;XBB.x
XBB.1.9.2;2025-01-08;0.0;XBB.x
XBB.1.9.2;2025-01-15;0.0;XBB.x
XBB.1.9.2;2025-01-22;0.0;XBB.x
XBB.1.9.2;2025-01-29;0.0;XBB.x
XBB.1.9.2;2025-02-05;0.0;XBB.x
XBB.1.9.2;2025-02-12;0.0;XBB.x
XBB.1.9.2;2025-02-19;0.0;XBB.x
XBB.1.9.2;2025-02-26;0.0;XBB.x
XBB.1.9.2;2025-03-05;0.0;XBB.x
XBB.1.9.2;2025-03-12;0.0;XBB.x
XBB.1.9.2;2025-03-19;0.0;XBB.x
XBB.1.9.2;2025-03-26;0.0;XBB.x
XBB.1.9;2022-09-21;0.0;XBB.x
XBB.1.9;2022-09-28;0.0;XBB.x
XBB.1.9;2022-10-05;0.0;XBB.x
XBB.1.9;2022-10-12;0.0;XBB.x
XBB.1.9;2022-10-19;0.0;XBB.x
XBB.1.9;2022-10-26;0.001;XBB.x
XBB.1.9;2022-11-02;0.004;XBB.x
XBB.1.9;2022-11-09;0.001;XBB.x
XBB.1.9;2022-11-16;0.0;XBB.x
XBB.1.9;2022-11-23;0.001;XBB.x
XBB.1.9;2022-11-30;0.001;XBB.x
XBB.1.9;2022-12-07;0.003;XBB.x
XBB.1.9;2022-12-14;0.006;XBB.x
XBB.1.9;2022-12-21;0.0;XBB.x
XBB.1.9;2022-12-28;0.0;XBB.x
XBB.1.9;2023-01-04;0.0;XBB.x
XBB.1.9;2023-01-11;0.001;XBB.x
XBB.1.9;2023-01-18;0.0;XBB.x
XBB.1.9;2023-01-25;0.0;XBB.x
XBB.1.9;2023-02-01;0.0;XBB.x
XBB.1.9;2023-02-08;0.011;XBB.x
XBB.1.9;2023-02-15;0.029;XBB.x
XBB.1.9;2023-02-22;0.007;XBB.x
XBB.1.9;2023-03-01;0.057;XBB.x
XBB.1.9;2023-03-08;0.02;XBB.x
XBB.1.9;2023-03-15;0.074;XBB.x
XBB.1.9;2023-03-22;0.003;XBB.x
XBB.1.9;2023-03-29;0.002;XBB.x
XBB.1.9;2023-04-05;0.007;XBB.x
XBB.1.9;2023-04-12;0.042;XBB.x
XBB.1.9;2023-04-19;0.03;XBB.x
XBB.1.9;2023-04-26;0.007;XBB.x
XBB.1.9;2023-05-03;0.011;XBB.x
XBB.1.9;2023-05-10;0.006;XBB.x
XBB.1.9;2023-05-17;0.007;XBB.x
XBB.1.9;2023-05-24;0.073;XBB.x
XBB.1.9;2023-05-31;0.005;XBB.x
XBB.1.9;2023-06-07;0.086;XBB.x
XBB.1.9;2023-06-14;0.095;XBB.x
XBB.1.9;2023-06-21;0.108;XBB.x
XBB.1.9;2023-06-28;0.058;XBB.x
XBB.1.9;2023-07-05;0.12;XBB.x
XBB.1.9;2023-07-12;0.105;XBB.x
XBB.1.9;2023-07-19;0.096;XBB.x
XBB.1.9;2023-07-26;0.074;XBB.x
XBB.1.9;2023-08-02;0.058;XBB.x
XBB.1.9;2023-08-09;0.043;XBB.x
XBB.1.9;2023-08-16;0.032;XBB.x
XBB.1.9;2023-08-23;0.081;XBB.x
XBB.1.9;2023-08-30;0.042;XBB.x
XBB.1.9;2023-09-06;0.032;XBB.x
XBB.1.9;2023-09-13;0.022;XBB.x
XBB.1.9;2023-09-20;0.035;XBB.x
XBB.1.9;2023-09-27;0.03;XBB.x
XBB.1.9;2023-10-04;0.058;XBB.x
XBB.1.9;2023-10-11;0.026;XBB.x
XBB.1.9;2023-10-18;0.028;XBB.x
XBB.1.9;2023-10-25;0.016;XBB.x
XBB.1.9;2023-11-01;0.007;XBB.x
XBB.1.9;2023-11-08;0.002;XBB.x
XBB.1.9;2023-11-15;0.002;XBB.x
XBB.1.9;2023-11-22;0.01;XBB.x
XBB.1.9;2023-11-29;0.001;XBB.x
XBB.1.9;2023-12-06;0.0;XBB.x
XBB.1.9;2023-12-13;0.001;XBB.x
XBB.1.9;2023-12-20;0.002;XBB.x
XBB.1.9;2023-12-27;0.0;XBB.x
XBB.1.9;2024-01-03;0.002;XBB.x
XBB.1.9;2024-01-10;0.0;XBB.x
XBB.1.9;2024-01-17;0.026;XBB.x
XBB.1.9;2024-01-24;0.053;XBB.x
XBB.1.9;2024-01-31;0.0;XBB.x
XBB.1.9;2024-02-07;0.0;XBB.x
XBB.1.9;2024-02-14;0.001;XBB.x
XBB.1.9;2024-02-21;0.0;XBB.x
XBB.1.9;2024-02-28;0.0;XBB.x
XBB.1.9;2024-03-06;0.0;XBB.x
XBB.1.9;2024-03-13;0.0;XBB.x
XBB.1.9;2024-03-20;0.0;XBB.x
XBB.1.9;2024-03-27;0.0;XBB.x
XBB.1.9;2024-04-03;0.0;XBB.x
XBB.1.9;2024-04-10;0.0;XBB.x
XBB.1.9;2024-04-17;0.0;XBB.x
XBB.1.9;2024-04-24;0.0;XBB.x
XBB.1.9;2024-05-01;0.0;XBB.x
XBB.1.9;2024-05-08;0.0;XBB.x
XBB.1.9;2024-05-15;0.0;XBB.x
XBB.1.9;2024-05-22;0.0;XBB.x
XBB.1.9;2024-05-29;0.0;XBB.x
XBB.1.9;2024-06-05;0.0;XBB.x
XBB.1.9;2024-06-12;0.0;XBB.x
XBB.1.9;2024-06-19;0.0;XBB.x
XBB.1.9;2024-06-26;0.0;XBB.x
XBB.1.9;2024-07-03;0.0;XBB.x
XBB.1.9;2024-07-10;0.0;XBB.x
XBB.1.9;2024-07-17;0.0;XBB.x
XBB.1.9;2024-07-24;0.0;XBB.x
XBB.1.9;2024-07-31;0.0;XBB.x
XBB.1.9;2024-08-07;0.0;XBB.x
XBB.1.9;2024-08-14;0.0;XBB.x
XBB.1.9;2024-08-21;0.0;XBB.x
XBB.1.9;2024-08-28;0.0;XBB.x
XBB.1.9;2024-09-04;0.0;XBB.x
XBB.1.9;2024-09-11;0.0;XBB.x
XBB.1.9;2024-09-18;0.0;XBB.x
XBB.1.9;2024-09-25;0.0;XBB.x
XBB.1.9;2024-10-02;0.0;XBB.x
XBB.1.9;2024-10-09;0.0;XBB.x
XBB.1.9;2024-10-16;0.0;XBB.x
XBB.1.9;2024-10-23;0.0;XBB.x
XBB.1.9;2024-10-30;0.0;XBB.x
XBB.1.9;2024-11-06;0.0;XBB.x
XBB.1.9;2024-11-13;0.0;XBB.x
XBB.1.9;2024-11-20;0.0;XBB.x
XBB.1.9;2024-11-27;0.0;XBB.x
XBB.1.9;2024-12-04;0.0;XBB.x
XBB.1.9;2024-12-11;0.0;XBB.x
XBB.1.9;2024-12-18;0.0;XBB.x
XBB.1.9;2024-12-25;0.0;XBB.x
XBB.1.9;2025-01-01;0.0;XBB.x
XBB.1.9;2025-01-08;0.0;XBB.x
XBB.1.9;2025-01-15;0.0;XBB.x
XBB.1.9;2025-01-22;0.0;XBB.x
XBB.1.9;2025-01-29;0.0;XBB.x
XBB.1.9;2025-02-05;0.0;XBB.x
XBB.1.9;2025-02-12;0.0;XBB.x
XBB.1.9;2025-02-19;0.0;XBB.x
XBB.1.9;2025-02-26;0.0;XBB.x
XBB.1.9;2025-03-05;0.0;XBB.x
XBB.1.9;2025-03-12;0.0;XBB.x
XBB.1.9;2025-03-19;0.0;XBB.x
XBB.1.9;2025-03-26;0.0;XBB.x
XBB.1.5;2022-09-21;0.0;XBB.x
XBB.1.5;2022-09-28;0.0;XBB.x
XBB.1.5;2022-10-05;0.0;XBB.x
XBB.1.5;2022-10-12;0.0;XBB.x
XBB.1.5;2022-10-19;0.0;XBB.x
XBB.1.5;2022-10-26;0.0;XBB.x
XBB.1.5;2022-11-02;0.005;XBB.x
XBB.1.5;2022-11-09;0.0;XBB.x
XBB.1.5;2022-11-16;0.001;XBB.x
XBB.1.5;2022-11-23;0.0;XBB.x
XBB.1.5;2022-11-30;0.0;XBB.x
XBB.1.5;2022-12-07;0.011;XBB.x
XBB.1.5;2022-12-14;0.002;XBB.x
XBB.1.5;2022-12-21;0.021;XBB.x
XBB.1.5;2022-12-28;0.015;XBB.x
XBB.1.5;2023-01-04;0.04;XBB.x
XBB.1.5;2023-01-11;0.087;XBB.x
XBB.1.5;2023-01-18;0.135;XBB.x
XBB.1.5;2023-01-25;0.159;XBB.x
XBB.1.5;2023-02-01;0.279;XBB.x
XBB.1.5;2023-02-08;0.32;XBB.x
XBB.1.5;2023-02-15;0.383;XBB.x
XBB.1.5;2023-02-22;0.463;XBB.x
XBB.1.5;2023-03-01;0.496;XBB.x
XBB.1.5;2023-03-08;0.557;XBB.x
XBB.1.5;2023-03-15;0.564;XBB.x
XBB.1.5;2023-03-22;0.627;XBB.x
XBB.1.5;2023-03-29;0.651;XBB.x
XBB.1.5;2023-04-05;0.673;XBB.x
XBB.1.5;2023-04-12;0.597;XBB.x
XBB.1.5;2023-04-19;0.554;XBB.x
XBB.1.5;2023-04-26;0.583;XBB.x
XBB.1.5;2023-05-03;0.525;XBB.x
XBB.1.5;2023-05-10;0.497;XBB.x
XBB.1.5;2023-05-17;0.412;XBB.x
XBB.1.5;2023-05-24;0.435;XBB.x
XBB.1.5;2023-05-31;0.343;XBB.x
XBB.1.5;2023-06-07;0.274;XBB.x
XBB.1.5;2023-06-14;0.31;XBB.x
XBB.1.5;2023-06-21;0.321;XBB.x
XBB.1.5;2023-06-28;0.133;XBB.x
XBB.1.5;2023-07-05;0.167;XBB.x
XBB.1.5;2023-07-12;0.093;XBB.x
XBB.1.5;2023-07-19;0.075;XBB.x
XBB.1.5;2023-07-26;0.176;XBB.x
XBB.1.5;2023-08-02;0.198;XBB.x
XBB.1.5;2023-08-09;0.079;XBB.x
XBB.1.5;2023-08-16;0.105;XBB.x
XBB.1.5;2023-08-23;0.127;XBB.x
XBB.1.5;2023-08-30;0.204;XBB.x
XBB.1.5;2023-09-06;0.154;XBB.x
XBB.1.5;2023-09-13;0.092;XBB.x
XBB.1.5;2023-09-20;0.117;XBB.x
XBB.1.5;2023-09-27;0.109;XBB.x
XBB.1.5;2023-10-04;0.098;XBB.x
XBB.1.5;2023-10-11;0.134;XBB.x
XBB.1.5;2023-10-18;0.118;XBB.x
XBB.1.5;2023-10-25;0.147;XBB.x
XBB.1.5;2023-11-01;0.138;XBB.x
XBB.1.5;2023-11-08;0.134;XBB.x
XBB.1.5;2023-11-15;0.12;XBB.x
XBB.1.5;2023-11-22;0.1;XBB.x
XBB.1.5;2023-11-29;0.106;XBB.x
XBB.1.5;2023-12-06;0.097;XBB.x
XBB.1.5;2023-12-13;0.091;XBB.x
XBB.1.5;2023-12-20;0.064;XBB.x
XBB.1.5;2023-12-27;0.027;XBB.x
XBB.1.5;2024-01-03;0.02;XBB.x
XBB.1.5;2024-01-10;0.017;XBB.x
XBB.1.5;2024-01-17;0.004;XBB.x
XBB.1.5;2024-01-24;0.014;XBB.x
XBB.1.5;2024-01-31;0.005;XBB.x
XBB.1.5;2024-02-07;0.0;XBB.x
XBB.1.5;2024-02-14;0.0;XBB.x
XBB.1.5;2024-02-21;0.0;XBB.x
XBB.1.5;2024-02-28;0.0;XBB.x
XBB.1.5;2024-03-06;0.0;XBB.x
XBB.1.5;2024-03-13;0.0;XBB.x
XBB.1.5;2024-03-20;0.0;XBB.x
XBB.1.5;2024-03-27;0.0;XBB.x
XBB.1.5;2024-04-03;0.0;XBB.x
XBB.1.5;2024-04-10;0.0;XBB.x
XBB.1.5;2024-04-17;0.0;XBB.x
XBB.1.5;2024-04-24;0.0;XBB.x
XBB.1.5;2024-05-01;0.0;XBB.x
XBB.1.5;2024-05-08;0.0;XBB.x
XBB.1.5;2024-05-15;0.0;XBB.x
XBB.1.5;2024-05-22;0.0;XBB.x
XBB.1.5;2024-05-29;0.0;XBB.x
XBB.1.5;2024-06-05;0.0;XBB.x
XBB.1.5;2024-06-12;0.0;XBB.x
XBB.1.5;2024-06-19;0.0;XBB.x
XBB.1.5;2024-06-26;0.0;XBB.x
XBB.1.5;2024-07-03;0.0;XBB.x
XBB.1.5;2024-07-10;0.0;XBB.x
XBB.1.5;2024-07-17;0.0;XBB.x
XBB.1.5;2024-07-24;0.0;XBB.x
XBB.1.5;2024-07-31;0.0;XBB.x
XBB.1.5;2024-08-07;0.0;XBB.x
XBB.1.5;2024-08-14;0.0;XBB.x
XBB.1.5;2024-08-21;0.0;XBB.x
XBB.1.5;2024-08-28;0.0;XBB.x
XBB.1.5;2024-09-04;0.0;XBB.x
XBB.1.5;2024-09-11;0.0;XBB.x
XBB.1.5;2024-09-18;0.0;XBB.x
XBB.1.5;2024-09-25;0.0;XBB.x
XBB.1.5;2024-10-02;0.0;XBB.x
XBB.1.5;2024-10-09;0.0;XBB.x
XBB.1.5;2024-10-16;0.0;XBB.x
XBB.1.5;2024-10-23;0.0;XBB.x
XBB.1.5;2024-10-30;0.0;XBB.x
XBB.1.5;2024-11-06;0.0;XBB.x
XBB.1.5;2024-11-13;0.0;XBB.x
XBB.1.5;2024-11-20;0.0;XBB.x
XBB.1.5;2024-11-27;0.0;XBB.x
XBB.1.5;2024-12-04;0.0;XBB.x
XBB.1.5;2024-12-11;0.0;XBB.x
XBB.1.5;2024-12-18;0.0;XBB.x
XBB.1.5;2024-12-25;0.0;XBB.x
XBB.1.5;2025-01-01;0.0;XBB.x
XBB.1.5;2025-01-08;0.0;XBB.x
XBB.1.5;2025-01-15;0.0;XBB.x
XBB.1.5;2025-01-22;0.0;XBB.x
XBB.1.5;2025-01-29;0.0;XBB.x
XBB.1.5;2025-02-05;0.0;XBB.x
XBB.1.5;2025-02-12;0.0;XBB.x
XBB.1.5;2025-02-19;0.0;XBB.x
XBB.1.5;2025-02-26;0.0;XBB.x
XBB.1.5;2025-03-05;0.0;XBB.x
XBB.1.5;2025-03-12;0.0;XBB.x
XBB.1.5;2025-03-19;0.0;XBB.x
XBB.1.5;2025-03-26;0.0;XBB.x
XBB.1.16;2022-09-21;0.0;XBB.x
XBB.1.16;2022-09-28;0.0;XBB.x
XBB.1.16;2022-10-05;0.0;XBB.x
XBB.1.16;2022-10-12;0.0;XBB.x
XBB.1.16;2022-10-19;0.0;XBB.x
XBB.1.16;2022-10-26;0.0;XBB.x
XBB.1.16;2022-11-02;0.0;XBB.x
XBB.1.16;2022-11-09;0.0;XBB.x
XBB.1.16;2022-11-16;0.0;XBB.x
XBB.1.16;2022-11-23;0.0;XBB.x
XBB.1.16;2022-11-30;0.0;XBB.x
XBB.1.16;2022-12-07;0.0;XBB.x
XBB.1.16;2022-12-14;0.0;XBB.x
XBB.1.16;2022-12-21;0.0;XBB.x
XBB.1.16;2022-12-28;0.0;XBB.x
XBB.1.16;2023-01-04;0.0;XBB.x
XBB.1.16;2023-01-11;0.0;XBB.x
XBB.1.16;2023-01-18;0.0;XBB.x
XBB.1.16;2023-01-25;0.0;XBB.x
XBB.1.16;2023-02-01;0.001;XBB.x
XBB.1.16;2023-02-08;0.001;XBB.x
XBB.1.16;2023-02-15;0.001;XBB.x
XBB.1.16;2023-02-22;0.001;XBB.x
XBB.1.16;2023-03-01;0.001;XBB.x
XBB.1.16;2023-03-08;0.021;XBB.x
XBB.1.16;2023-03-15;0.013;XBB.x
XBB.1.16;2023-03-22;0.011;XBB.x
XBB.1.16;2023-03-29;0.061;XBB.x
XBB.1.16;2023-04-05;0.044;XBB.x
XBB.1.16;2023-04-12;0.065;XBB.x
XBB.1.16;2023-04-19;0.062;XBB.x
XBB.1.16;2023-04-26;0.092;XBB.x
XBB.1.16;2023-05-03;0.132;XBB.x
XBB.1.16;2023-05-10;0.128;XBB.x
XBB.1.16;2023-05-17;0.161;XBB.x
XBB.1.16;2023-05-24;0.142;XBB.x
XBB.1.16;2023-05-31;0.22;XBB.x
XBB.1.16;2023-06-07;0.247;XBB.x
XBB.1.16;2023-06-14;0.21;XBB.x
XBB.1.16;2023-06-21;0.198;XBB.x
XBB.1.16;2023-06-28;0.181;XBB.x
XBB.1.16;2023-07-05;0.2;XBB.x
XBB.1.16;2023-07-12;0.238;XBB.x
XBB.1.16;2023-07-19;0.198;XBB.x
XBB.1.16;2023-07-26;0.074;XBB.x
XBB.1.16;2023-08-02;0.159;XBB.x
XBB.1.16;2023-08-09;0.153;XBB.x
XBB.1.16;2023-08-16;0.143;XBB.x
XBB.1.16;2023-08-23;0.099;XBB.x
XBB.1.16;2023-08-30;0.135;XBB.x
XBB.1.16;2023-09-06;0.149;XBB.x
XBB.1.16;2023-09-13;0.16;XBB.x
XBB.1.16;2023-09-20;0.167;XBB.x
XBB.1.16;2023-09-27;0.157;XBB.x
XBB.1.16;2023-10-04;0.168;XBB.x
XBB.1.16;2023-10-11;0.16;XBB.x
XBB.1.16;2023-10-18;0.154;XBB.x
XBB.1.16;2023-10-25;0.123;XBB.x
XBB.1.16;2023-11-01;0.157;XBB.x
XBB.1.16;2023-11-08;0.165;XBB.x
XBB.1.16;2023-11-15;0.126;XBB.x
XBB.1.16;2023-11-22;0.109;XBB.x
XBB.1.16;2023-11-29;0.11;XBB.x
XBB.1.16;2023-12-06;0.097;XBB.x
XBB.1.16;2023-12-13;0.066;XBB.x
XBB.1.16;2023-12-20;0.042;XBB.x
XBB.1.16;2023-12-27;0.03;XBB.x
XBB.1.16;2024-01-03;0.023;XBB.x
XBB.1.16;2024-01-10;0.034;XBB.x
XBB.1.16;2024-01-17;0.0;XBB.x
XBB.1.16;2024-01-24;0.0;XBB.x
XBB.1.16;2024-01-31;0.0;XBB.x
XBB.1.16;2024-02-07;0.0;XBB.x
XBB.1.16;2024-02-14;0.0;XBB.x
XBB.1.16;2024-02-21;0.0;XBB.x
XBB.1.16;2024-02-28;0.0;XBB.x
XBB.1.16;2024-03-06;0.0;XBB.x
XBB.1.16;2024-03-13;0.0;XBB.x
XBB.1.16;2024-03-20;0.0;XBB.x
XBB.1.16;2024-03-27;0.0;XBB.x
XBB.1.16;2024-04-03;0.0;XBB.x
XBB.1.16;2024-04-10;0.0;XBB.x
XBB.1.16;2024-04-17;0.0;XBB.x
XBB.1.16;2024-04-24;0.0;XBB.x
XBB.1.16;2024-05-01;0.0;XBB.x
XBB.1.16;2024-05-08;0.0;XBB.x
XBB.1.16;2024-05-15;0.0;XBB.x
XBB.1.16;2024-05-22;0.0;XBB.x
XBB.1.16;2024-05-29;0.0;XBB.x
XBB.1.16;2024-06-05;0.0;XBB.x
XBB.1.16;2024-06-12;0.0;XBB.x
XBB.1.16;2024-06-19;0.0;XBB.x
XBB.1.16;2024-06-26;0.0;XBB.x
XBB.1.16;2024-07-03;0.0;XBB.x
XBB.1.16;2024-07-10;0.0;XBB.x
XBB.1.16;2024-07-17;0.0;XBB.x
XBB.1.16;2024-07-24;0.0;XBB.x
XBB.1.16;2024-07-31;0.0;XBB.x
XBB.1.16;2024-08-07;0.0;XBB.x
XBB.1.16;2024-08-14;0.0;XBB.x
XBB.1.16;2024-08-21;0.0;XBB.x
XBB.1.16;2024-08-28;0.0;XBB.x
XBB.1.16;2024-09-04;0.0;XBB.x
XBB.1.16;2024-09-11;0.0;XBB.x
XBB.1.16;2024-09-18;0.0;XBB.x
XBB.1.16;2024-09-25;0.0;XBB.x
XBB.1.16;2024-10-02;0.0;XBB.x
XBB.1.16;2024-10-09;0.0;XBB.x
XBB.1.16;2024-10-16;0.0;XBB.x
XBB.1.16;2024-10-23;0.0;XBB.x
XBB.1.16;2024-10-30;0.0;XBB.x
XBB.1.16;2024-11-06;0.0;XBB.x
XBB.1.16;2024-11-13;0.0;XBB.x
XBB.1.16;2024-11-20;0.0;XBB.x
XBB.1.16;2024-11-27;0.0;XBB.x
XBB.1.16;2024-12-04;0.0;XBB.x
XBB.1.16;2024-12-11;0.0;XBB.x
XBB.1.16;2024-12-18;0.0;XBB.x
XBB.1.16;2024-12-25;0.0;XBB.x
XBB.1.16;2025-01-01;0.0;XBB.x
XBB.1.16;2025-01-08;0.0;XBB.x
XBB.1.16;2025-01-15;0.0;XBB.x
XBB.1.16;2025-01-22;0.0;XBB.x
XBB.1.16;2025-01-29;0.0;XBB.x
XBB.1.16;2025-02-05;0.0;XBB.x
XBB.1.16;2025-02-12;0.0;XBB.x
XBB.1.16;2025-02-19;0.0;XBB.x
XBB.1.16;2025-02-26;0.0;XBB.x
XBB.1.16;2025-03-05;0.0;XBB.x
XBB.1.16;2025-03-12;0.0;XBB.x
XBB.1.16;2025-03-19;0.0;XBB.x
XBB.1.16;2025-03-26;0.0;XBB.x
XBB.1;2022-09-21;0.0;XBB.x
XBB.1;2022-09-28;0.0;XBB.x
XBB.1;2022-10-05;0.0;XBB.x
XBB.1;2022-10-12;0.0;XBB.x
XBB.1;2022-10-19;0.0;XBB.x
XBB.1;2022-10-26;0.0;XBB.x
XBB.1;2022-11-02;0.0;XBB.x
XBB.1;2022-11-09;0.0;XBB.x
XBB.1;2022-11-16;0.0;XBB.x
XBB.1;2022-11-23;0.0;XBB.x
XBB.1;2022-11-30;0.0;XBB.x
XBB.1;2022-12-07;0.0;XBB.x
XBB.1;2022-12-14;0.0;XBB.x
XBB.1;2022-12-21;0.0;XBB.x
XBB.1;2022-12-28;0.002;XBB.x
XBB.1;2023-01-04;0.013;XBB.x
XBB.1;2023-01-11;0.015;XBB.x
XBB.1;2023-01-18;0.015;XBB.x
XBB.1;2023-01-25;0.048;XBB.x
XBB.1;2023-02-01;0.019;XBB.x
XBB.1;2023-02-08;0.023;XBB.x
XBB.1;2023-02-15;0.062;XBB.x
XBB.1;2023-02-22;0.116;XBB.x
XBB.1;2023-03-01;0.083;XBB.x
XBB.1;2023-03-08;0.122;XBB.x
XBB.1;2023-03-15;0.091;XBB.x
XBB.1;2023-03-22;0.126;XBB.x
XBB.1;2023-03-29;0.048;XBB.x
XBB.1;2023-04-05;0.059;XBB.x
XBB.1;2023-04-12;0.062;XBB.x
XBB.1;2023-04-19;0.077;XBB.x
XBB.1;2023-04-26;0.101;XBB.x
XBB.1;2023-05-03;0.096;XBB.x
XBB.1;2023-05-10;0.075;XBB.x
XBB.1;2023-05-17;0.133;XBB.x
XBB.1;2023-05-24;0.147;XBB.x
XBB.1;2023-05-31;0.116;XBB.x
XBB.1;2023-06-07;0.08;XBB.x
XBB.1;2023-06-14;0.035;XBB.x
XBB.1;2023-06-21;0.115;XBB.x
XBB.1;2023-06-28;0.016;XBB.x
XBB.1;2023-07-05;0.042;XBB.x
XBB.1;2023-07-12;0.006;XBB.x
XBB.1;2023-07-19;0.009;XBB.x
XBB.1;2023-07-26;0.013;XBB.x
XBB.1;2023-08-02;0.019;XBB.x
XBB.1;2023-08-09;0.016;XBB.x
XBB.1;2023-08-16;0.024;XBB.x
XBB.1;2023-08-23;0.009;XBB.x
XBB.1;2023-08-30;0.008;XBB.x
XBB.1;2023-09-06;0.025;XBB.x
XBB.1;2023-09-13;0.066;XBB.x
XBB.1;2023-09-20;0.014;XBB.x
XBB.1;2023-09-27;0.018;XBB.x
XBB.1;2023-10-04;0.013;XBB.x
XBB.1;2023-10-11;0.01;XBB.x
XBB.1;2023-10-18;0.003;XBB.x
XBB.1;2023-10-25;0.002;XBB.x
XBB.1;2023-11-01;0.004;XBB.x
XBB.1;2023-11-08;0.001;XBB.x
XBB.1;2023-11-15;0.003;XBB.x
XBB.1;2023-11-22;0.0;XBB.x
XBB.1;2023-11-29;0.002;XBB.x
XBB.1;2023-12-06;0.0;XBB.x
XBB.1;2023-12-13;0.0;XBB.x
XBB.1;2023-12-20;0.003;XBB.x
XBB.1;2023-12-27;0.001;XBB.x
XBB.1;2024-01-03;0.003;XBB.x
XBB.1;2024-01-10;0.001;XBB.x
XBB.1;2024-01-17;0.043;XBB.x
XBB.1;2024-01-24;0.007;XBB.x
XBB.1;2024-01-31;0.001;XBB.x
XBB.1;2024-02-07;0.0;XBB.x
XBB.1;2024-02-14;0.002;XBB.x
XBB.1;2024-02-21;0.0;XBB.x
XBB.1;2024-02-28;0.0;XBB.x
XBB.1;2024-03-06;0.0;XBB.x
XBB.1;2024-03-13;0.0;XBB.x
XBB.1;2024-03-20;0.0;XBB.x
XBB.1;2024-03-27;0.0;XBB.x
XBB.1;2024-04-03;0.0;XBB.x
XBB.1;2024-04-10;0.0;XBB.x
XBB.1;2024-04-17;0.0;XBB.x
XBB.1;2024-04-24;0.0;XBB.x
XBB.1;2024-05-01;0.0;XBB.x
XBB.1;2024-05-08;0.0;XBB.x
XBB.1;2024-05-15;0.0;XBB.x
XBB.1;2024-05-22;0.0;XBB.x
XBB.1;2024-05-29;0.0;XBB.x
XBB.1;2024-06-05;0.0;XBB.x
XBB.1;2024-06-12;0.0;XBB.x
XBB.1;2024-06-19;0.0;XBB.x
XBB.1;2024-06-26;0.0;XBB.x
XBB.1;2024-07-03;0.0;XBB.x
XBB.1;2024-07-10;0.0;XBB.x
XBB.1;2024-07-17;0.0;XBB.x
XBB.1;2024-07-24;0.0;XBB.x
XBB.1;2024-07-31;0.0;XBB.x
XBB.1;2024-08-07;0.0;XBB.x
XBB.1;2024-08-14;0.0;XBB.x
XBB.1;2024-08-21;0.0;XBB.x
XBB.1;2024-08-28;0.0;XBB.x
XBB.1;2024-09-04;0.0;XBB.x
XBB.1;2024-09-11;0.0;XBB.x
XBB.1;2024-09-18;0.0;XBB.x
XBB.1;2024-09-25;0.0;XBB.x
XBB.1;2024-10-02;0.0;XBB.x
XBB.1;2024-10-09;0.0;XBB.x
XBB.1;2024-10-16;0.0;XBB.x
XBB.1;2024-10-23;0.0;XBB.x
XBB.1;2024-10-30;0.0;XBB.x
XBB.1;2024-11-06;0.0;XBB.x
XBB.1;2024-11-13;0.0;XBB.x
XBB.1;2024-11-20;0.0;XBB.x
XBB.1;2024-11-27;0.0;XBB.x
XBB.1;2024-12-04;0.0;XBB.x
XBB.1;2024-12-11;0.0;XBB.x
XBB.1;2024-12-18;0.0;XBB.x
XBB.1;2024-12-25;0.0;XBB.x
XBB.1;2025-01-01;0.0;XBB.x
XBB.1;2025-01-08;0.0;XBB.x
XBB.1;2025-01-15;0.0;XBB.x
XBB.1;2025-01-22;0.0;XBB.x
XBB.1;2025-01-29;0.0;XBB.x
XBB.1;2025-02-05;0.0;XBB.x
XBB.1;2025-02-12;0.0;XBB.x
XBB.1;2025-02-19;0.0;XBB.x
XBB.1;2025-02-26;0.0;XBB.x
XBB.1;2025-03-05;0.0;XBB.x
XBB.1;2025-03-12;0.0;XBB.x
XBB.1;2025-03-19;0.0;XBB.x
XBB.1;2025-03-26;0.0;XBB.x
XBB;2022-09-21;0.0;XBB.x
XBB;2022-09-28;0.002;XBB.x
XBB;2022-10-05;0.0;XBB.x
XBB;2022-10-12;0.001;XBB.x
XBB;2022-10-19;0.003;XBB.x
XBB;2022-10-26;0.005;XBB.x
XBB;2022-11-02;0.006;XBB.x
XBB;2022-11-09;0.006;XBB.x
XBB;2022-11-16;0.0;XBB.x
XBB;2022-11-23;0.002;XBB.x
XBB;2022-11-30;0.003;XBB.x
XBB;2022-12-07;0.02;XBB.x
XBB;2022-12-14;0.002;XBB.x
XBB;2022-12-21;0.015;XBB.x
XBB;2022-12-28;0.004;XBB.x
XBB;2023-01-04;0.008;XBB.x
XBB;2023-01-11;0.062;XBB.x
XBB;2023-01-18;0.034;XBB.x
XBB;2023-01-25;0.018;XBB.x
XBB;2023-02-01;0.011;XBB.x
XBB;2023-02-08;0.044;XBB.x
XBB;2023-02-15;0.058;XBB.x
XBB;2023-02-22;0.035;XBB.x
XBB;2023-03-01;0.024;XBB.x
XBB;2023-03-08;0.014;XBB.x
XBB;2023-03-15;0.018;XBB.x
XBB;2023-03-22;0.015;XBB.x
XBB;2023-03-29;0.018;XBB.x
XBB;2023-04-05;0.022;XBB.x
XBB;2023-04-12;0.009;XBB.x
XBB;2023-04-19;0.014;XBB.x
XBB;2023-04-26;0.009;XBB.x
XBB;2023-05-03;0.027;XBB.x
XBB;2023-05-10;0.031;XBB.x
XBB;2023-05-17;0.05;XBB.x
XBB;2023-05-24;0.037;XBB.x
XBB;2023-05-31;0.072;XBB.x
XBB;2023-06-07;0.043;XBB.x
XBB;2023-06-14;0.03;XBB.x
XBB;2023-06-21;0.031;XBB.x
XBB;2023-06-28;0.008;XBB.x
XBB;2023-07-05;0.007;XBB.x
XBB;2023-07-12;0.005;XBB.x
XBB;2023-07-19;0.012;XBB.x
XBB;2023-07-26;0.009;XBB.x
XBB;2023-08-02;0.01;XBB.x
XBB;2023-08-09;0.008;XBB.x
XBB;2023-08-16;0.028;XBB.x
XBB;2023-08-23;0.008;XBB.x
XBB;2023-08-30;0.012;XBB.x
XBB;2023-09-06;0.021;XBB.x
XBB;2023-09-13;0.032;XBB.x
XBB;2023-09-20;0.016;XBB.x
XBB;2023-09-27;0.017;XBB.x
XBB;2023-10-04;0.015;XBB.x
XBB;2023-10-11;0.011;XBB.x
XBB;2023-10-18;0.012;XBB.x
XBB;2023-10-25;0.019;XBB.x
XBB;2023-11-01;0.033;XBB.x
XBB;2023-11-08;0.039;XBB.x
XBB;2023-11-15;0.067;XBB.x
XBB;2023-11-22;0.057;XBB.x
XBB;2023-11-29;0.089;XBB.x
XBB;2023-12-06;0.083;XBB.x
XBB;2023-12-13;0.103;XBB.x
XBB;2023-12-20;0.092;XBB.x
XBB;2023-12-27;0.103;XBB.x
XBB;2024-01-03;0.114;XBB.x
XBB;2024-01-10;0.069;XBB.x
XBB;2024-01-17;0.024;XBB.x
XBB;2024-01-24;0.003;XBB.x
XBB;2024-01-31;0.001;XBB.x
XBB;2024-02-07;0.0;XBB.x
XBB;2024-02-14;0.0;XBB.x
XBB;2024-02-21;0.0;XBB.x
XBB;2024-02-28;0.0;XBB.x
XBB;2024-03-06;0.0;XBB.x
XBB;2024-03-13;0.0;XBB.x
XBB;2024-03-20;0.0;XBB.x
XBB;2024-03-27;0.0;XBB.x
XBB;2024-04-03;0.0;XBB.x
XBB;2024-04-10;0.0;XBB.x
XBB;2024-04-17;0.0;XBB.x
XBB;2024-04-24;0.0;XBB.x
XBB;2024-05-01;0.0;XBB.x
XBB;2024-05-08;0.0;XBB.x
XBB;2024-05-15;0.0;XBB.x
XBB;2024-05-22;0.0;XBB.x
XBB;2024-05-29;0.0;XBB.x
XBB;2024-06-05;0.0;XBB.x
XBB;2024-06-12;0.0;XBB.x
XBB;2024-06-19;0.0;XBB.x
XBB;2024-06-26;0.0;XBB.x
XBB;2024-07-03;0.0;XBB.x
XBB;2024-07-10;0.0;XBB.x
XBB;2024-07-17;0.0;XBB.x
XBB;2024-07-24;0.0;XBB.x
XBB;2024-07-31;0.0;XBB.x
XBB;2024-08-07;0.0;XBB.x
XBB;2024-08-14;0.0;XBB.x
XBB;2024-08-21;0.0;XBB.x
XBB;2024-08-28;0.0;XBB.x
XBB;2024-09-04;0.0;XBB.x
XBB;2024-09-11;0.0;XBB.x
XBB;2024-09-18;0.0;XBB.x
XBB;2024-09-25;0.0;XBB.x
XBB;2024-10-02;0.0;XBB.x
XBB;2024-10-09;0.0;XBB.x
XBB;2024-10-16;0.0;XBB.x
XBB;2024-10-23;0.0;XBB.x
XBB;2024-10-30;0.0;XBB.x
XBB;2024-11-06;0.0;XBB.x
XBB;2024-11-13;0.0;XBB.x
XBB;2024-11-20;0.0;XBB.x
XBB;2024-11-27;0.0;XBB.x
XBB;2024-12-04;0.0;XBB.x
XBB;2024-12-11;0.0;XBB.x
XBB;2024-12-18;0.0;XBB.x
XBB;2024-12-25;0.0;XBB.x
XBB;2025-01-01;0.0;XBB.x
XBB;2025-01-08;0.0;XBB.x
XBB;2025-01-15;0.0;XBB.x
XBB;2025-01-22;0.0;XBB.x
XBB;2025-01-29;0.0;XBB.x
XBB;2025-02-05;0.0;XBB.x
XBB;2025-02-12;0.0;XBB.x
XBB;2025-02-19;0.0;XBB.x
XBB;2025-02-26;0.0;XBB.x
XBB;2025-03-05;0.0;XBB.x
XBB;2025-03-12;0.0;XBB.x
XBB;2025-03-19;0.0;XBB.x
XBB;2025-03-26;0.0;XBB.x
HK.3;2022-09-21;0.0;XBB.x
HK.3;2022-09-28;0.0;XBB.x
HK.3;2022-10-05;0.0;XBB.x
HK.3;2022-10-12;0.0;XBB.x
HK.3;2022-10-19;0.0;XBB.x
HK.3;2022-10-26;0.0;XBB.x
HK.3;2022-11-02;0.0;XBB.x
HK.3;2022-11-09;0.0;XBB.x
HK.3;2022-11-16;0.0;XBB.x
HK.3;2022-11-23;0.0;XBB.x
HK.3;2022-11-30;0.0;XBB.x
HK.3;2022-12-07;0.0;XBB.x
HK.3;2022-12-14;0.0;XBB.x
HK.3;2022-12-21;0.0;XBB.x
HK.3;2022-12-28;0.0;XBB.x
HK.3;2023-01-04;0.0;XBB.x
HK.3;2023-01-11;0.0;XBB.x
HK.3;2023-01-18;0.0;XBB.x
HK.3;2023-01-25;0.0;XBB.x
HK.3;2023-02-01;0.003;XBB.x
HK.3;2023-02-08;0.001;XBB.x
HK.3;2023-02-15;0.001;XBB.x
HK.3;2023-02-22;0.0;XBB.x
HK.3;2023-03-01;0.0;XBB.x
HK.3;2023-03-08;0.001;XBB.x
HK.3;2023-03-15;0.001;XBB.x
HK.3;2023-03-22;0.0;XBB.x
HK.3;2023-03-29;0.004;XBB.x
HK.3;2023-04-05;0.007;XBB.x
HK.3;2023-04-12;0.007;XBB.x
HK.3;2023-04-19;0.006;XBB.x
HK.3;2023-04-26;0.003;XBB.x
HK.3;2023-05-03;0.002;XBB.x
HK.3;2023-05-10;0.008;XBB.x
HK.3;2023-05-17;0.009;XBB.x
HK.3;2023-05-24;0.003;XBB.x
HK.3;2023-05-31;0.017;XBB.x
HK.3;2023-06-07;0.014;XBB.x
HK.3;2023-06-14;0.03;XBB.x
HK.3;2023-06-21;0.029;XBB.x
HK.3;2023-06-28;0.05;XBB.x
HK.3;2023-07-05;0.056;XBB.x
HK.3;2023-07-12;0.07;XBB.x
HK.3;2023-07-19;0.068;XBB.x
HK.3;2023-07-26;0.044;XBB.x
HK.3;2023-08-02;0.184;XBB.x
HK.3;2023-08-09;0.24;XBB.x
HK.3;2023-08-16;0.209;XBB.x
HK.3;2023-08-23;0.183;XBB.x
HK.3;2023-08-30;0.189;XBB.x
HK.3;2023-09-06;0.209;XBB.x
HK.3;2023-09-13;0.174;XBB.x
HK.3;2023-09-20;0.18;XBB.x
HK.3;2023-09-27;0.184;XBB.x
HK.3;2023-10-04;0.199;XBB.x
HK.3;2023-10-11;0.173;XBB.x
HK.3;2023-10-18;0.187;XBB.x
HK.3;2023-10-25;0.187;XBB.x
HK.3;2023-11-01;0.218;XBB.x
HK.3;2023-11-08;0.14;XBB.x
HK.3;2023-11-15;0.179;XBB.x
HK.3;2023-11-22;0.164;XBB.x
HK.3;2023-11-29;0.154;XBB.x
HK.3;2023-12-06;0.128;XBB.x
HK.3;2023-12-13;0.133;XBB.x
HK.3;2023-12-20;0.102;XBB.x
HK.3;2023-12-27;0.092;XBB.x
HK.3;2024-01-03;0.1;XBB.x
HK.3;2024-01-10;0.08;XBB.x
HK.3;2024-01-17;0.015;XBB.x
HK.3;2024-01-24;0.017;XBB.x
HK.3;2024-01-31;0.003;XBB.x
HK.3;2024-02-07;0.0;XBB.x
HK.3;2024-02-14;0.0;XBB.x
HK.3;2024-02-21;0.0;XBB.x
HK.3;2024-02-28;0.0;XBB.x
HK.3;2024-03-06;0.0;XBB.x
HK.3;2024-03-13;0.0;XBB.x
HK.3;2024-03-20;0.0;XBB.x
HK.3;2024-03-27;0.0;XBB.x
HK.3;2024-04-03;0.0;XBB.x
HK.3;2024-04-10;0.0;XBB.x
HK.3;2024-04-17;0.0;XBB.x
HK.3;2024-04-24;0.0;XBB.x
HK.3;2024-05-01;0.0;XBB.x
HK.3;2024-05-08;0.0;XBB.x
HK.3;2024-05-15;0.0;XBB.x
HK.3;2024-05-22;0.0;XBB.x
HK.3;2024-05-29;0.0;XBB.x
HK.3;2024-06-05;0.0;XBB.x
HK.3;2024-06-12;0.0;XBB.x
HK.3;2024-06-19;0.0;XBB.x
HK.3;2024-06-26;0.0;XBB.x
HK.3;2024-07-03;0.0;XBB.x
HK.3;2024-07-10;0.0;XBB.x
HK.3;2024-07-17;0.0;XBB.x
HK.3;2024-07-24;0.0;XBB.x
HK.3;2024-07-31;0.0;XBB.x
HK.3;2024-08-07;0.0;XBB.x
HK.3;2024-08-14;0.0;XBB.x
HK.3;2024-08-21;0.0;XBB.x
HK.3;2024-08-28;0.0;XBB.x
HK.3;2024-09-04;0.0;XBB.x
HK.3;2024-09-11;0.0;XBB.x
HK.3;2024-09-18;0.0;XBB.x
HK.3;2024-09-25;0.0;XBB.x
HK.3;2024-10-02;0.0;XBB.x
HK.3;2024-10-09;0.0;XBB.x
HK.3;2024-10-16;0.0;XBB.x
HK.3;2024-10-23;0.0;XBB.x
HK.3;2024-10-30;0.0;XBB.x
HK.3;2024-11-06;0.0;XBB.x
HK.3;2024-11-13;0.0;XBB.x
HK.3;2024-11-20;0.0;XBB.x
HK.3;2024-11-27;0.0;XBB.x
HK.3;2024-12-04;0.0;XBB.x
HK.3;2024-12-11;0.0;XBB.x
HK.3;2024-12-18;0.0;XBB.x
HK.3;2024-12-25;0.0;XBB.x
HK.3;2025-01-01;0.0;XBB.x
HK.3;2025-01-08;0.0;XBB.x
HK.3;2025-01-15;0.0;XBB.x
HK.3;2025-01-22;0.0;XBB.x
HK.3;2025-01-29;0.0;XBB.x
HK.3;2025-02-05;0.0;XBB.x
HK.3;2025-02-12;0.0;XBB.x
HK.3;2025-02-19;0.0;XBB.x
HK.3;2025-02-26;0.0;XBB.x
HK.3;2025-03-05;0.0;XBB.x
HK.3;2025-03-12;0.0;XBB.x
HK.3;2025-03-19;0.0;XBB.x
HK.3;2025-03-26;0.0;XBB.x
FL.1.5;2022-09-21;0.0;XBB.x
FL.1.5;2022-09-28;0.0;XBB.x
FL.1.5;2022-10-05;0.0;XBB.x
FL.1.5;2022-10-12;0.0;XBB.x
FL.1.5;2022-10-19;0.0;XBB.x
FL.1.5;2022-10-26;0.0;XBB.x
FL.1.5;2022-11-02;0.0;XBB.x
FL.1.5;2022-11-09;0.0;XBB.x
FL.1.5;2022-11-16;0.0;XBB.x
FL.1.5;2022-11-23;0.0;XBB.x
FL.1.5;2022-11-30;0.0;XBB.x
FL.1.5;2022-12-07;0.0;XBB.x
FL.1.5;2022-12-14;0.0;XBB.x
FL.1.5;2022-12-21;0.0;XBB.x
FL.1.5;2022-12-28;0.0;XBB.x
FL.1.5;2023-01-04;0.001;XBB.x
FL.1.5;2023-01-11;0.0;XBB.x
FL.1.5;2023-01-18;0.0;XBB.x
FL.1.5;2023-01-25;0.0;XBB.x
FL.1.5;2023-02-01;0.015;XBB.x
FL.1.5;2023-02-08;0.009;XBB.x
FL.1.5;2023-02-15;0.013;XBB.x
FL.1.5;2023-02-22;0.004;XBB.x
FL.1.5;2023-03-01;0.017;XBB.x
FL.1.5;2023-03-08;0.011;XBB.x
FL.1.5;2023-03-15;0.019;XBB.x
FL.1.5;2023-03-22;0.005;XBB.x
FL.1.5;2023-03-29;0.005;XBB.x
FL.1.5;2023-04-05;0.002;XBB.x
FL.1.5;2023-04-12;0.006;XBB.x
FL.1.5;2023-04-19;0.002;XBB.x
FL.1.5;2023-04-26;0.003;XBB.x
FL.1.5;2023-05-03;0.045;XBB.x
FL.1.5;2023-05-10;0.062;XBB.x
FL.1.5;2023-05-17;0.084;XBB.x
FL.1.5;2023-05-24;0.032;XBB.x
FL.1.5;2023-05-31;0.005;XBB.x
FL.1.5;2023-06-07;0.0;XBB.x
FL.1.5;2023-06-14;0.016;XBB.x
FL.1.5;2023-06-21;0.013;XBB.x
FL.1.5;2023-06-28;0.055;XBB.x
FL.1.5;2023-07-05;0.009;XBB.x
FL.1.5;2023-07-12;0.018;XBB.x
FL.1.5;2023-07-19;0.067;XBB.x
FL.1.5;2023-07-26;0.084;XBB.x
FL.1.5;2023-08-02;0.054;XBB.x
FL.1.5;2023-08-09;0.065;XBB.x
FL.1.5;2023-08-16;0.061;XBB.x
FL.1.5;2023-08-23;0.026;XBB.x
FL.1.5;2023-08-30;0.081;XBB.x
FL.1.5;2023-09-06;0.076;XBB.x
FL.1.5;2023-09-13;0.098;XBB.x
FL.1.5;2023-09-20;0.098;XBB.x
FL.1.5;2023-09-27;0.079;XBB.x
FL.1.5;2023-10-04;0.093;XBB.x
FL.1.5;2023-10-11;0.07;XBB.x
FL.1.5;2023-10-18;0.096;XBB.x
FL.1.5;2023-10-25;0.075;XBB.x
FL.1.5;2023-11-01;0.048;XBB.x
FL.1.5;2023-11-08;0.044;XBB.x
FL.1.5;2023-11-15;0.042;XBB.x
FL.1.5;2023-11-22;0.017;XBB.x
FL.1.5;2023-11-29;0.011;XBB.x
FL.1.5;2023-12-06;0.013;XBB.x
FL.1.5;2023-12-13;0.003;XBB.x
FL.1.5;2023-12-20;0.005;XBB.x
FL.1.5;2023-12-27;0.004;XBB.x
FL.1.5;2024-01-03;0.003;XBB.x
FL.1.5;2024-01-10;0.0;XBB.x
FL.1.5;2024-01-17;0.001;XBB.x
FL.1.5;2024-01-24;0.0;XBB.x
FL.1.5;2024-01-31;0.0;XBB.x
FL.1.5;2024-02-07;0.0;XBB.x
FL.1.5;2024-02-14;0.0;XBB.x
FL.1.5;2024-02-21;0.0;XBB.x
FL.1.5;2024-02-28;0.0;XBB.x
FL.1.5;2024-03-06;0.0;XBB.x
FL.1.5;2024-03-13;0.0;XBB.x
FL.1.5;2024-03-20;0.0;XBB.x
FL.1.5;2024-03-27;0.0;XBB.x
FL.1.5;2024-04-03;0.0;XBB.x
FL.1.5;2024-04-10;0.0;XBB.x
FL.1.5;2024-04-17;0.0;XBB.x
FL.1.5;2024-04-24;0.0;XBB.x
FL.1.5;2024-05-01;0.0;XBB.x
FL.1.5;2024-05-08;0.0;XBB.x
FL.1.5;2024-05-15;0.0;XBB.x
FL.1.5;2024-05-22;0.0;XBB.x
FL.1.5;2024-05-29;0.0;XBB.x
FL.1.5;2024-06-05;0.0;XBB.x
FL.1.5;2024-06-12;0.0;XBB.x
FL.1.5;2024-06-19;0.0;XBB.x
FL.1.5;2024-06-26;0.0;XBB.x
FL.1.5;2024-07-03;0.0;XBB.x
FL.1.5;2024-07-10;0.0;XBB.x
FL.1.5;2024-07-17;0.0;XBB.x
FL.1.5;2024-07-24;0.0;XBB.x
FL.1.5;2024-07-31;0.0;XBB.x
FL.1.5;2024-08-07;0.0;XBB.x
FL.1.5;2024-08-14;0.0;XBB.x
FL.1.5;2024-08-21;0.0;XBB.x
FL.1.5;2024-08-28;0.0;XBB.x
FL.1.5;2024-09-04;0.0;XBB.x
FL.1.5;2024-09-11;0.0;XBB.x
FL.1.5;2024-09-18;0.0;XBB.x
FL.1.5;2024-09-25;0.0;XBB.x
FL.1.5;2024-10-02;0.0;XBB.x
FL.1.5;2024-10-09;0.0;XBB.x
FL.1.5;2024-10-16;0.0;XBB.x
FL.1.5;2024-10-23;0.0;XBB.x
FL.1.5;2024-10-30;0.0;XBB.x
FL.1.5;2024-11-06;0.0;XBB.x
FL.1.5;2024-11-13;0.0;XBB.x
FL.1.5;2024-11-20;0.0;XBB.x
FL.1.5;2024-11-27;0.0;XBB.x
FL.1.5;2024-12-04;0.0;XBB.x
FL.1.5;2024-12-11;0.0;XBB.x
FL.1.5;2024-12-18;0.0;XBB.x
FL.1.5;2024-12-25;0.0;XBB.x
FL.1.5;2025-01-01;0.0;XBB.x
FL.1.5;2025-01-08;0.0;XBB.x
FL.1.5;2025-01-15;0.0;XBB.x
FL.1.5;2025-01-22;0.0;XBB.x
FL.1.5;2025-01-29;0.0;XBB.x
FL.1.5;2025-02-05;0.0;XBB.x
FL.1.5;2025-02-12;0.0;XBB.x
FL.1.5;2025-02-19;0.0;XBB.x
FL.1.5;2025-02-26;0.0;XBB.x
FL.1.5;2025-03-05;0.0;XBB.x
FL.1.5;2025-03-12;0.0;XBB.x
FL.1.5;2025-03-19;0.0;XBB.x
FL.1.5;2025-03-26;0.0;XBB.x
FE.1;2022-09-21;0.0;XBB.x
FE.1;2022-09-28;0.0;XBB.x
FE.1;2022-10-05;0.0;XBB.x
FE.1;2022-10-12;0.0;XBB.x
FE.1;2022-10-19;0.0;XBB.x
FE.1;2022-10-26;0.0;XBB.x
FE.1;2022-11-02;0.0;XBB.x
FE.1;2022-11-09;0.0;XBB.x
FE.1;2022-11-16;0.0;XBB.x
FE.1;2022-11-23;0.0;XBB.x
FE.1;2022-11-30;0.0;XBB.x
FE.1;2022-12-07;0.0;XBB.x
FE.1;2022-12-14;0.0;XBB.x
FE.1;2022-12-21;0.0;XBB.x
FE.1;2022-12-28;0.0;XBB.x
FE.1;2023-01-04;0.0;XBB.x
FE.1;2023-01-11;0.0;XBB.x
FE.1;2023-01-18;0.0;XBB.x
FE.1;2023-01-25;0.0;XBB.x
FE.1;2023-02-01;0.0;XBB.x
FE.1;2023-02-08;0.0;XBB.x
FE.1;2023-02-15;0.0;XBB.x
FE.1;2023-02-22;0.0;XBB.x
FE.1;2023-03-01;0.0;XBB.x
FE.1;2023-03-08;0.0;XBB.x
FE.1;2023-03-15;0.0;XBB.x
FE.1;2023-03-22;0.001;XBB.x
FE.1;2023-03-29;0.023;XBB.x
FE.1;2023-04-05;0.021;XBB.x
FE.1;2023-04-12;0.0;XBB.x
FE.1;2023-04-19;0.001;XBB.x
FE.1;2023-04-26;0.0;XBB.x
FE.1;2023-05-03;0.017;XBB.x
FE.1;2023-05-10;0.012;XBB.x
FE.1;2023-05-17;0.0;XBB.x
FE.1;2023-05-24;0.0;XBB.x
FE.1;2023-05-31;0.135;XBB.x
FE.1;2023-06-07;0.09;XBB.x
FE.1;2023-06-14;0.086;XBB.x
FE.1;2023-06-21;0.004;XBB.x
FE.1;2023-06-28;0.003;XBB.x
FE.1;2023-07-05;0.035;XBB.x
FE.1;2023-07-12;0.017;XBB.x
FE.1;2023-07-19;0.0;XBB.x
FE.1;2023-07-26;0.0;XBB.x
FE.1;2023-08-02;0.0;XBB.x
FE.1;2023-08-09;0.0;XBB.x
FE.1;2023-08-16;0.0;XBB.x
FE.1;2023-08-23;0.002;XBB.x
FE.1;2023-08-30;0.001;XBB.x
FE.1;2023-09-06;0.001;XBB.x
FE.1;2023-09-13;0.001;XBB.x
FE.1;2023-09-20;0.0;XBB.x
FE.1;2023-09-27;0.0;XBB.x
FE.1;2023-10-04;0.0;XBB.x
FE.1;2023-10-11;0.0;XBB.x
FE.1;2023-10-18;0.0;XBB.x
FE.1;2023-10-25;0.0;XBB.x
FE.1;2023-11-01;0.0;XBB.x
FE.1;2023-11-08;0.0;XBB.x
FE.1;2023-11-15;0.0;XBB.x
FE.1;2023-11-22;0.0;XBB.x
FE.1;2023-11-29;0.0;XBB.x
FE.1;2023-12-06;0.0;XBB.x
FE.1;2023-12-13;0.0;XBB.x
FE.1;2023-12-20;0.0;XBB.x
FE.1;2023-12-27;0.0;XBB.x
FE.1;2024-01-03;0.0;XBB.x
FE.1;2024-01-10;0.0;XBB.x
FE.1;2024-01-17;0.0;XBB.x
FE.1;2024-01-24;0.0;XBB.x
FE.1;2024-01-31;0.0;XBB.x
FE.1;2024-02-07;0.0;XBB.x
FE.1;2024-02-14;0.0;XBB.x
FE.1;2024-02-21;0.0;XBB.x
FE.1;2024-02-28;0.0;XBB.x
FE.1;2024-03-06;0.0;XBB.x
FE.1;2024-03-13;0.0;XBB.x
FE.1;2024-03-20;0.0;XBB.x
FE.1;2024-03-27;0.0;XBB.x
FE.1;2024-04-03;0.0;XBB.x
FE.1;2024-04-10;0.0;XBB.x
FE.1;2024-04-17;0.0;XBB.x
FE.1;2024-04-24;0.0;XBB.x
FE.1;2024-05-01;0.0;XBB.x
FE.1;2024-05-08;0.0;XBB.x
FE.1;2024-05-15;0.0;XBB.x
FE.1;2024-05-22;0.0;XBB.x
FE.1;2024-05-29;0.0;XBB.x
FE.1;2024-06-05;0.0;XBB.x
FE.1;2024-06-12;0.0;XBB.x
FE.1;2024-06-19;0.0;XBB.x
FE.1;2024-06-26;0.0;XBB.x
FE.1;2024-07-03;0.0;XBB.x
FE.1;2024-07-10;0.0;XBB.x
FE.1;2024-07-17;0.0;XBB.x
FE.1;2024-07-24;0.0;XBB.x
FE.1;2024-07-31;0.0;XBB.x
FE.1;2024-08-07;0.0;XBB.x
FE.1;2024-08-14;0.0;XBB.x
FE.1;2024-08-21;0.0;XBB.x
FE.1;2024-08-28;0.0;XBB.x
FE.1;2024-09-04;0.0;XBB.x
FE.1;2024-09-11;0.0;XBB.x
FE.1;2024-09-18;0.0;XBB.x
FE.1;2024-09-25;0.0;XBB.x
FE.1;2024-10-02;0.0;XBB.x
FE.1;2024-10-09;0.0;XBB.x
FE.1;2024-10-16;0.0;XBB.x
FE.1;2024-10-23;0.0;XBB.x
FE.1;2024-10-30;0.0;XBB.x
FE.1;2024-11-06;0.0;XBB.x
FE.1;2024-11-13;0.0;XBB.x
FE.1;2024-11-20;0.0;XBB.x
FE.1;2024-11-27;0.0;XBB.x
FE.1;2024-12-04;0.0;XBB.x
FE.1;2024-12-11;0.0;XBB.x
FE.1;2024-12-18;0.0;XBB.x
FE.1;2024-12-25;0.0;XBB.x
FE.1;2025-01-01;0.0;XBB.x
FE.1;2025-01-08;0.0;XBB.x
FE.1;2025-01-15;0.0;XBB.x
FE.1;2025-01-22;0.0;XBB.x
FE.1;2025-01-29;0.0;XBB.x
FE.1;2025-02-05;0.0;XBB.x
FE.1;2025-02-12;0.0;XBB.x
FE.1;2025-02-19;0.0;XBB.x
FE.1;2025-02-26;0.0;XBB.x
FE.1;2025-03-05;0.0;XBB.x
FE.1;2025-03-12;0.0;XBB.x
FE.1;2025-03-19;0.0;XBB.x
FE.1;2025-03-26;0.0;XBB.x
EG.5.1;2022-09-21;0.0;XBB.x
EG.5.1;2022-09-28;0.0;XBB.x
EG.5.1;2022-10-05;0.0;XBB.x
EG.5.1;2022-10-12;0.0;XBB.x
EG.5.1;2022-10-19;0.0;XBB.x
EG.5.1;2022-10-26;0.0;XBB.x
EG.5.1;2022-11-02;0.001;XBB.x
EG.5.1;2022-11-09;0.0;XBB.x
EG.5.1;2022-11-16;0.0;XBB.x
EG.5.1;2022-11-23;0.0;XBB.x
EG.5.1;2022-11-30;0.002;XBB.x
EG.5.1;2022-12-07;0.003;XBB.x
EG.5.1;2022-12-14;0.011;XBB.x
EG.5.1;2022-12-21;0.001;XBB.x
EG.5.1;2022-12-28;0.0;XBB.x
EG.5.1;2023-01-04;0.0;XBB.x
EG.5.1;2023-01-11;0.0;XBB.x
EG.5.1;2023-01-18;0.0;XBB.x
EG.5.1;2023-01-25;0.001;XBB.x
EG.5.1;2023-02-01;0.011;XBB.x
EG.5.1;2023-02-08;0.011;XBB.x
EG.5.1;2023-02-15;0.001;XBB.x
EG.5.1;2023-02-22;0.002;XBB.x
EG.5.1;2023-03-01;0.002;XBB.x
EG.5.1;2023-03-08;0.002;XBB.x
EG.5.1;2023-03-15;0.005;XBB.x
EG.5.1;2023-03-22;0.004;XBB.x
EG.5.1;2023-03-29;0.002;XBB.x
EG.5.1;2023-04-05;0.006;XBB.x
EG.5.1;2023-04-12;0.031;XBB.x
EG.5.1;2023-04-19;0.039;XBB.x
EG.5.1;2023-04-26;0.016;XBB.x
EG.5.1;2023-05-03;0.035;XBB.x
EG.5.1;2023-05-10;0.038;XBB.x
EG.5.1;2023-05-17;0.054;XBB.x
EG.5.1;2023-05-24;0.044;XBB.x
EG.5.1;2023-05-31;0.024;XBB.x
EG.5.1;2023-06-07;0.085;XBB.x
EG.5.1;2023-06-14;0.069;XBB.x
EG.5.1;2023-06-21;0.034;XBB.x
EG.5.1;2023-06-28;0.081;XBB.x
EG.5.1;2023-07-05;0.159;XBB.x
EG.5.1;2023-07-12;0.241;XBB.x
EG.5.1;2023-07-19;0.323;XBB.x
EG.5.1;2023-07-26;0.307;XBB.x
EG.5.1;2023-08-02;0.181;XBB.x
EG.5.1;2023-08-09;0.205;XBB.x
EG.5.1;2023-08-16;0.206;XBB.x
EG.5.1;2023-08-23;0.233;XBB.x
EG.5.1;2023-08-30;0.225;XBB.x
EG.5.1;2023-09-06;0.223;XBB.x
EG.5.1;2023-09-13;0.261;XBB.x
EG.5.1;2023-09-20;0.249;XBB.x
EG.5.1;2023-09-27;0.26;XBB.x
EG.5.1;2023-10-04;0.274;XBB.x
EG.5.1;2023-10-11;0.268;XBB.x
EG.5.1;2023-10-18;0.26;XBB.x
EG.5.1;2023-10-25;0.287;XBB.x
EG.5.1;2023-11-01;0.256;XBB.x
EG.5.1;2023-11-08;0.286;XBB.x
EG.5.1;2023-11-15;0.234;XBB.x
EG.5.1;2023-11-22;0.24;XBB.x
EG.5.1;2023-11-29;0.156;XBB.x
EG.5.1;2023-12-06;0.135;XBB.x
EG.5.1;2023-12-13;0.107;XBB.x
EG.5.1;2023-12-20;0.103;XBB.x
EG.5.1;2023-12-27;0.057;XBB.x
EG.5.1;2024-01-03;0.047;XBB.x
EG.5.1;2024-01-10;0.051;XBB.x
EG.5.1;2024-01-17;0.035;XBB.x
EG.5.1;2024-01-24;0.029;XBB.x
EG.5.1;2024-01-31;0.004;XBB.x
EG.5.1;2024-02-07;0.001;XBB.x
EG.5.1;2024-02-14;0.001;XBB.x
EG.5.1;2024-02-21;0.001;XBB.x
EG.5.1;2024-02-28;0.0;XBB.x
EG.5.1;2024-03-06;0.0;XBB.x
EG.5.1;2024-03-13;0.0;XBB.x
EG.5.1;2024-03-20;0.0;XBB.x
EG.5.1;2024-03-27;0.0;XBB.x
EG.5.1;2024-04-03;0.0;XBB.x
EG.5.1;2024-04-10;0.0;XBB.x
EG.5.1;2024-04-17;0.0;XBB.x
EG.5.1;2024-04-24;0.0;XBB.x
EG.5.1;2024-05-01;0.0;XBB.x
EG.5.1;2024-05-08;0.0;XBB.x
EG.5.1;2024-05-15;0.0;XBB.x
EG.5.1;2024-05-22;0.0;XBB.x
EG.5.1;2024-05-29;0.0;XBB.x
EG.5.1;2024-06-05;0.0;XBB.x
EG.5.1;2024-06-12;0.0;XBB.x
EG.5.1;2024-06-19;0.0;XBB.x
EG.5.1;2024-06-26;0.0;XBB.x
EG.5.1;2024-07-03;0.0;XBB.x
EG.5.1;2024-07-10;0.0;XBB.x
EG.5.1;2024-07-17;0.0;XBB.x
EG.5.1;2024-07-24;0.0;XBB.x
EG.5.1;2024-07-31;0.0;XBB.x
EG.5.1;2024-08-07;0.0;XBB.x
EG.5.1;2024-08-14;0.0;XBB.x
EG.5.1;2024-08-21;0.0;XBB.x
EG.5.1;2024-08-28;0.0;XBB.x
EG.5.1;2024-09-04;0.0;XBB.x
EG.5.1;2024-09-11;0.0;XBB.x
EG.5.1;2024-09-18;0.0;XBB.x
EG.5.1;2024-09-25;0.0;XBB.x
EG.5.1;2024-10-02;0.0;XBB.x
EG.5.1;2024-10-09;0.0;XBB.x
EG.5.1;2024-10-16;0.0;XBB.x
EG.5.1;2024-10-23;0.0;XBB.x
EG.5.1;2024-10-30;0.0;XBB.x
EG.5.1;2024-11-06;0.0;XBB.x
EG.5.1;2024-11-13;0.0;XBB.x
EG.5.1;2024-11-20;0.0;XBB.x
EG.5.1;2024-11-27;0.0;XBB.x
EG.5.1;2024-12-04;0.0;XBB.x
EG.5.1;2024-12-11;0.0;XBB.x
EG.5.1;2024-12-18;0.0;XBB.x
EG.5.1;2024-12-25;0.0;XBB.x
EG.5.1;2025-01-01;0.0;XBB.x
EG.5.1;2025-01-08;0.0;XBB.x
EG.5.1;2025-01-15;0.0;XBB.x
EG.5.1;2025-01-22;0.0;XBB.x
EG.5.1;2025-01-29;0.0;XBB.x
EG.5.1;2025-02-05;0.0;XBB.x
EG.5.1;2025-02-12;0.0;XBB.x
EG.5.1;2025-02-19;0.0;XBB.x
EG.5.1;2025-02-26;0.0;XBB.x
EG.5.1;2025-03-05;0.0;XBB.x
EG.5.1;2025-03-12;0.0;XBB.x
EG.5.1;2025-03-19;0.0;XBB.x
EG.5.1;2025-03-26;0.0;XBB.x
EG.5;2022-09-21;0.0;XBB.x
EG.5;2022-09-28;0.0;XBB.x
EG.5;2022-10-05;0.0;XBB.x
EG.5;2022-10-12;0.001;XBB.x
EG.5;2022-10-19;0.0;XBB.x
EG.5;2022-10-26;0.006;XBB.x
EG.5;2022-11-02;0.001;XBB.x
EG.5;2022-11-09;0.0;XBB.x
EG.5;2022-11-16;0.0;XBB.x
EG.5;2022-11-23;0.0;XBB.x
EG.5;2022-11-30;0.001;XBB.x
EG.5;2022-12-07;0.0;XBB.x
EG.5;2022-12-14;0.006;XBB.x
EG.5;2022-12-21;0.0;XBB.x
EG.5;2022-12-28;0.0;XBB.x
EG.5;2023-01-04;0.0;XBB.x
EG.5;2023-01-11;0.0;XBB.x
EG.5;2023-01-18;0.0;XBB.x
EG.5;2023-01-25;0.0;XBB.x
EG.5;2023-02-01;0.004;XBB.x
EG.5;2023-02-08;0.004;XBB.x
EG.5;2023-02-15;0.0;XBB.x
EG.5;2023-02-22;0.001;XBB.x
EG.5;2023-03-01;0.0;XBB.x
EG.5;2023-03-08;0.001;XBB.x
EG.5;2023-03-15;0.002;XBB.x
EG.5;2023-03-22;0.003;XBB.x
EG.5;2023-03-29;0.002;XBB.x
EG.5;2023-04-05;0.006;XBB.x
EG.5;2023-04-12;0.034;XBB.x
EG.5;2023-04-19;0.075;XBB.x
EG.5;2023-04-26;0.019;XBB.x
EG.5;2023-05-03;0.008;XBB.x
EG.5;2023-05-10;0.013;XBB.x
EG.5;2023-05-17;0.004;XBB.x
EG.5;2023-05-24;0.031;XBB.x
EG.5;2023-05-31;0.004;XBB.x
EG.5;2023-06-07;0.04;XBB.x
EG.5;2023-06-14;0.041;XBB.x
EG.5;2023-06-21;0.045;XBB.x
EG.5;2023-06-28;0.024;XBB.x
EG.5;2023-07-05;0.086;XBB.x
EG.5;2023-07-12;0.039;XBB.x
EG.5;2023-07-19;0.053;XBB.x
EG.5;2023-07-26;0.12;XBB.x
EG.5;2023-08-02;0.026;XBB.x
EG.5;2023-08-09;0.027;XBB.x
EG.5;2023-08-16;0.075;XBB.x
EG.5;2023-08-23;0.077;XBB.x
EG.5;2023-08-30;0.04;XBB.x
EG.5;2023-09-06;0.027;XBB.x
EG.5;2023-09-13;0.022;XBB.x
EG.5;2023-09-20;0.018;XBB.x
EG.5;2023-09-27;0.037;XBB.x
EG.5;2023-10-04;0.017;XBB.x
EG.5;2023-10-11;0.008;XBB.x
EG.5;2023-10-18;0.013;XBB.x
EG.5;2023-10-25;0.009;XBB.x
EG.5;2023-11-01;0.01;XBB.x
EG.5;2023-11-08;0.008;XBB.x
EG.5;2023-11-15;0.007;XBB.x
EG.5;2023-11-22;0.014;XBB.x
EG.5;2023-11-29;0.009;XBB.x
EG.5;2023-12-06;0.006;XBB.x
EG.5;2023-12-13;0.009;XBB.x
EG.5;2023-12-20;0.04;XBB.x
EG.5;2023-12-27;0.056;XBB.x
EG.5;2024-01-03;0.045;XBB.x
EG.5;2024-01-10;0.045;XBB.x
EG.5;2024-01-17;0.002;XBB.x
EG.5;2024-01-24;0.002;XBB.x
EG.5;2024-01-31;0.0;XBB.x
EG.5;2024-02-07;0.0;XBB.x
EG.5;2024-02-14;0.0;XBB.x
EG.5;2024-02-21;0.0;XBB.x
EG.5;2024-02-28;0.0;XBB.x
EG.5;2024-03-06;0.0;XBB.x
EG.5;2024-03-13;0.0;XBB.x
EG.5;2024-03-20;0.0;XBB.x
EG.5;2024-03-27;0.0;XBB.x
EG.5;2024-04-03;0.0;XBB.x
EG.5;2024-04-10;0.0;XBB.x
EG.5;2024-04-17;0.0;XBB.x
EG.5;2024-04-24;0.0;XBB.x
EG.5;2024-05-01;0.0;XBB.x
EG.5;2024-05-08;0.0;XBB.x
EG.5;2024-05-15;0.0;XBB.x
EG.5;2024-05-22;0.0;XBB.x
EG.5;2024-05-29;0.0;XBB.x
EG.5;2024-06-05;0.0;XBB.x
EG.5;2024-06-12;0.0;XBB.x
EG.5;2024-06-19;0.0;XBB.x
EG.5;2024-06-26;0.0;XBB.x
EG.5;2024-07-03;0.0;XBB.x
EG.5;2024-07-10;0.0;XBB.x
EG.5;2024-07-17;0.0;XBB.x
EG.5;2024-07-24;0.0;XBB.x
EG.5;2024-07-31;0.0;XBB.x
EG.5;2024-08-07;0.0;XBB.x
EG.5;2024-08-14;0.0;XBB.x
EG.5;2024-08-21;0.0;XBB.x
EG.5;2024-08-28;0.0;XBB.x
EG.5;2024-09-04;0.0;XBB.x
EG.5;2024-09-11;0.0;XBB.x
EG.5;2024-09-18;0.0;XBB.x
EG.5;2024-09-25;0.0;XBB.x
EG.5;2024-10-02;0.0;XBB.x
EG.5;2024-10-09;0.0;XBB.x
EG.5;2024-10-16;0.0;XBB.x
EG.5;2024-10-23;0.0;XBB.x
EG.5;2024-10-30;0.0;XBB.x
EG.5;2024-11-06;0.0;XBB.x
EG.5;2024-11-13;0.0;XBB.x
EG.5;2024-11-20;0.0;XBB.x
EG.5;2024-11-27;0.0;XBB.x
EG.5;2024-12-04;0.0;XBB.x
EG.5;2024-12-11;0.0;XBB.x
EG.5;2024-12-18;0.0;XBB.x
EG.5;2024-12-25;0.0;XBB.x
EG.5;2025-01-01;0.0;XBB.x
EG.5;2025-01-08;0.0;XBB.x
EG.5;2025-01-15;0.0;XBB.x
EG.5;2025-01-22;0.0;XBB.x
EG.5;2025-01-29;0.0;XBB.x
EG.5;2025-02-05;0.0;XBB.x
EG.5;2025-02-12;0.0;XBB.x
EG.5;2025-02-19;0.0;XBB.x
EG.5;2025-02-26;0.0;XBB.x
EG.5;2025-03-05;0.0;XBB.x
EG.5;2025-03-12;0.0;XBB.x
EG.5;2025-03-19;0.0;XBB.x
EG.5;2025-03-26;0.0;XBB.x
EG.10;2022-09-21;0.0;XBB.x
EG.10;2022-09-28;0.0;XBB.x
EG.10;2022-10-05;0.0;XBB.x
EG.10;2022-10-12;0.0;XBB.x
EG.10;2022-10-19;0.0;XBB.x
EG.10;2022-10-26;0.0;XBB.x
EG.10;2022-11-02;0.0;XBB.x
EG.10;2022-11-09;0.0;XBB.x
EG.10;2022-11-16;0.0;XBB.x
EG.10;2022-11-23;0.0;XBB.x
EG.10;2022-11-30;0.0;XBB.x
EG.10;2022-12-07;0.0;XBB.x
EG.10;2022-12-14;0.0;XBB.x
EG.10;2022-12-21;0.0;XBB.x
EG.10;2022-12-28;0.0;XBB.x
EG.10;2023-01-04;0.0;XBB.x
EG.10;2023-01-11;0.0;XBB.x
EG.10;2023-01-18;0.0;XBB.x
EG.10;2023-01-25;0.0;XBB.x
EG.10;2023-02-01;0.0;XBB.x
EG.10;2023-02-08;0.0;XBB.x
EG.10;2023-02-15;0.0;XBB.x
EG.10;2023-02-22;0.0;XBB.x
EG.10;2023-03-01;0.0;XBB.x
EG.10;2023-03-08;0.0;XBB.x
EG.10;2023-03-15;0.0;XBB.x
EG.10;2023-03-22;0.0;XBB.x
EG.10;2023-03-29;0.0;XBB.x
EG.10;2023-04-05;0.0;XBB.x
EG.10;2023-04-12;0.0;XBB.x
EG.10;2023-04-19;0.0;XBB.x
EG.10;2023-04-26;0.0;XBB.x
EG.10;2023-05-03;0.0;XBB.x
EG.10;2023-05-10;0.0;XBB.x
EG.10;2023-05-17;0.0;XBB.x
EG.10;2023-05-24;0.0;XBB.x
EG.10;2023-05-31;0.0;XBB.x
EG.10;2023-06-07;0.0;XBB.x
EG.10;2023-06-14;0.0;XBB.x
EG.10;2023-06-21;0.0;XBB.x
EG.10;2023-06-28;0.0;XBB.x
EG.10;2023-07-05;0.0;XBB.x
EG.10;2023-07-12;0.008;XBB.x
EG.10;2023-07-19;0.003;XBB.x
EG.10;2023-07-26;0.008;XBB.x
EG.10;2023-08-02;0.007;XBB.x
EG.10;2023-08-09;0.029;XBB.x
EG.10;2023-08-16;0.019;XBB.x
EG.10;2023-08-23;0.036;XBB.x
EG.10;2023-08-30;0.028;XBB.x
EG.10;2023-09-06;0.016;XBB.x
EG.10;2023-09-13;0.022;XBB.x
EG.10;2023-09-20;0.031;XBB.x
EG.10;2023-09-27;0.03;XBB.x
EG.10;2023-10-04;0.019;XBB.x
EG.10;2023-10-11;0.012;XBB.x
EG.10;2023-10-18;0.004;XBB.x
EG.10;2023-10-25;0.003;XBB.x
EG.10;2023-11-01;0.005;XBB.x
EG.10;2023-11-08;0.0;XBB.x
EG.10;2023-11-15;0.0;XBB.x
EG.10;2023-11-22;0.0;XBB.x
EG.10;2023-11-29;0.0;XBB.x
EG.10;2023-12-06;0.0;XBB.x
EG.10;2023-12-13;0.0;XBB.x
EG.10;2023-12-20;0.0;XBB.x
EG.10;2023-12-27;0.0;XBB.x
EG.10;2024-01-03;0.0;XBB.x
EG.10;2024-01-10;0.0;XBB.x
EG.10;2024-01-17;0.0;XBB.x
EG.10;2024-01-24;0.0;XBB.x
EG.10;2024-01-31;0.0;XBB.x
EG.10;2024-02-07;0.0;XBB.x
EG.10;2024-02-14;0.0;XBB.x
EG.10;2024-02-21;0.0;XBB.x
EG.10;2024-02-28;0.0;XBB.x
EG.10;2024-03-06;0.0;XBB.x
EG.10;2024-03-13;0.0;XBB.x
EG.10;2024-03-20;0.0;XBB.x
EG.10;2024-03-27;0.0;XBB.x
EG.10;2024-04-03;0.0;XBB.x
EG.10;2024-04-10;0.0;XBB.x
EG.10;2024-04-17;0.0;XBB.x
EG.10;2024-04-24;0.0;XBB.x
EG.10;2024-05-01;0.0;XBB.x
EG.10;2024-05-08;0.0;XBB.x
EG.10;2024-05-15;0.0;XBB.x
EG.10;2024-05-22;0.0;XBB.x
EG.10;2024-05-29;0.0;XBB.x
EG.10;2024-06-05;0.0;XBB.x
EG.10;2024-06-12;0.0;XBB.x
EG.10;2024-06-19;0.0;XBB.x
EG.10;2024-06-26;0.0;XBB.x
EG.10;2024-07-03;0.0;XBB.x
EG.10;2024-07-10;0.0;XBB.x
EG.10;2024-07-17;0.0;XBB.x
EG.10;2024-07-24;0.0;XBB.x
EG.10;2024-07-31;0.0;XBB.x
EG.10;2024-08-07;0.0;XBB.x
EG.10;2024-08-14;0.0;XBB.x
EG.10;2024-08-21;0.0;XBB.x
EG.10;2024-08-28;0.0;XBB.x
EG.10;2024-09-04;0.0;XBB.x
EG.10;2024-09-11;0.0;XBB.x
EG.10;2024-09-18;0.0;XBB.x
EG.10;2024-09-25;0.0;XBB.x
EG.10;2024-10-02;0.0;XBB.x
EG.10;2024-10-09;0.0;XBB.x
EG.10;2024-10-16;0.0;XBB.x
EG.10;2024-10-23;0.0;XBB.x
EG.10;2024-10-30;0.0;XBB.x
EG.10;2024-11-06;0.0;XBB.x
EG.10;2024-11-13;0.0;XBB.x
EG.10;2024-11-20;0.0;XBB.x
EG.10;2024-11-27;0.0;XBB.x
EG.10;2024-12-04;0.0;XBB.x
EG.10;2024-12-11;0.0;XBB.x
EG.10;2024-12-18;0.0;XBB.x
EG.10;2024-12-25;0.0;XBB.x
EG.10;2025-01-01;0.0;XBB.x
EG.10;2025-01-08;0.0;XBB.x
EG.10;2025-01-15;0.0;XBB.x
EG.10;2025-01-22;0.0;XBB.x
EG.10;2025-01-29;0.0;XBB.x
EG.10;2025-02-05;0.0;XBB.x
EG.10;2025-02-12;0.0;XBB.x
EG.10;2025-02-19;0.0;XBB.x
EG.10;2025-02-26;0.0;XBB.x
EG.10;2025-03-05;0.0;XBB.x
EG.10;2025-03-12;0.0;XBB.x
EG.10;2025-03-19;0.0;XBB.x
EG.10;2025-03-26;0.0;XBB.x
BA.4;2022-09-21;0.031;BA.4.x
BA.4;2022-09-28;0.03;BA.4.x
BA.4;2022-10-05;0.02;BA.4.x
BA.4;2022-10-12;0.035;BA.4.x
BA.4;2022-10-19;0.015;BA.4.x
BA.4;2022-10-26;0.02;BA.4.x
BA.4;2022-11-02;0.008;BA.4.x
BA.4;2022-11-09;0.005;BA.4.x
BA.4;2022-11-16;0.014;BA.4.x
BA.4;2022-11-23;0.004;BA.4.x
BA.4;2022-11-30;0.004;BA.4.x
BA.4;2022-12-07;0.001;BA.4.x
BA.4;2022-12-14;0.006;BA.4.x
BA.4;2022-12-21;0.006;BA.4.x
BA.4;2022-12-28;0.0;BA.4.x
BA.4;2023-01-04;0.0;BA.4.x
BA.4;2023-01-11;0.0;BA.4.x
BA.4;2023-01-18;0.0;BA.4.x
BA.4;2023-01-25;0.0;BA.4.x
BA.4;2023-02-01;0.0;BA.4.x
BA.4;2023-02-08;0.0;BA.4.x
BA.4;2023-02-15;0.0;BA.4.x
BA.4;2023-02-22;0.0;BA.4.x
BA.4;2023-03-01;0.0;BA.4.x
BA.4;2023-03-08;0.0;BA.4.x
BA.4;2023-03-15;0.0;BA.4.x
BA.4;2023-03-22;0.0;BA.4.x
BA.4;2023-03-29;0.0;BA.4.x
BA.4;2023-04-05;0.0;BA.4.x
BA.4;2023-04-12;0.002;BA.4.x
BA.4;2023-04-19;0.0;BA.4.x
BA.4;2023-04-26;0.0;BA.4.x
BA.4;2023-05-03;0.0;BA.4.x
BA.4;2023-05-10;0.001;BA.4.x
BA.4;2023-05-17;0.0;BA.4.x
BA.4;2023-05-24;0.0;BA.4.x
BA.4;2023-05-31;0.0;BA.4.x
BA.4;2023-06-07;0.0;BA.4.x
BA.4;2023-06-14;0.0;BA.4.x
BA.4;2023-06-21;0.0;BA.4.x
BA.4;2023-06-28;0.0;BA.4.x
BA.4;2023-07-05;0.0;BA.4.x
BA.4;2023-07-12;0.0;BA.4.x
BA.4;2023-07-19;0.001;BA.4.x
BA.4;2023-07-26;0.0;BA.4.x
BA.4;2023-08-02;0.001;BA.4.x
BA.4;2023-08-09;0.0;BA.4.x
BA.4;2023-08-16;0.0;BA.4.x
BA.4;2023-08-23;0.001;BA.4.x
BA.4;2023-08-30;0.0;BA.4.x
BA.4;2023-09-06;0.001;BA.4.x
BA.4;2023-09-13;0.001;BA.4.x
BA.4;2023-09-20;0.001;BA.4.x
BA.4;2023-09-27;0.002;BA.4.x
BA.4;2023-10-04;0.001;BA.4.x
BA.4;2023-10-11;0.001;BA.4.x
BA.4;2023-10-18;0.006;BA.4.x
BA.4;2023-10-25;0.001;BA.4.x
BA.4;2023-11-01;0.003;BA.4.x
BA.4;2023-11-08;0.003;BA.4.x
BA.4;2023-11-15;0.001;BA.4.x
BA.4;2023-11-22;0.0;BA.4.x
BA.4;2023-11-29;0.002;BA.4.x
BA.4;2023-12-06;0.001;BA.4.x
BA.4;2023-12-13;0.0;BA.4.x
BA.4;2023-12-20;0.007;BA.4.x
BA.4;2023-12-27;0.0;BA.4.x
BA.4;2024-01-03;0.0;BA.4.x
BA.4;2024-01-10;0.0;BA.4.x
BA.4;2024-01-17;0.0;BA.4.x
BA.4;2024-01-24;0.0;BA.4.x
BA.4;2024-01-31;0.0;BA.4.x
BA.4;2024-02-07;0.0;BA.4.x
BA.4;2024-02-14;0.0;BA.4.x
BA.4;2024-02-21;0.0;BA.4.x
BA.4;2024-02-28;0.0;BA.4.x
BA.4;2024-03-06;0.0;BA.4.x
BA.4;2024-03-13;0.0;BA.4.x
BA.4;2024-03-20;0.0;BA.4.x
BA.4;2024-03-27;0.0;BA.4.x
BA.4;2024-04-03;0.0;BA.4.x
BA.4;2024-04-10;0.0;BA.4.x
BA.4;2024-04-17;0.0;BA.4.x
BA.4;2024-04-24;0.0;BA.4.x
BA.4;2024-05-01;0.0;BA.4.x
BA.4;2024-05-08;0.0;BA.4.x
BA.4;2024-05-15;0.0;BA.4.x
BA.4;2024-05-22;0.0;BA.4.x
BA.4;2024-05-29;0.0;BA.4.x
BA.4;2024-06-05;0.0;BA.4.x
BA.4;2024-06-12;0.0;BA.4.x
BA.4;2024-06-19;0.0;BA.4.x
BA.4;2024-06-26;0.0;BA.4.x
BA.4;2024-07-03;0.0;BA.4.x
BA.4;2024-07-10;0.0;BA.4.x
BA.4;2024-07-17;0.0;BA.4.x
BA.4;2024-07-24;0.0;BA.4.x
BA.4;2024-07-31;0.0;BA.4.x
BA.4;2024-08-07;0.0;BA.4.x
BA.4;2024-08-14;0.0;BA.4.x
BA.4;2024-08-21;0.0;BA.4.x
BA.4;2024-08-28;0.0;BA.4.x
BA.4;2024-09-04;0.0;BA.4.x
BA.4;2024-09-11;0.0;BA.4.x
BA.4;2024-09-18;0.0;BA.4.x
BA.4;2024-09-25;0.0;BA.4.x
BA.4;2024-10-02;0.0;BA.4.x
BA.4;2024-10-09;0.0;BA.4.x
BA.4;2024-10-16;0.0;BA.4.x
BA.4;2024-10-23;0.0;BA.4.x
BA.4;2024-10-30;0.0;BA.4.x
BA.4;2024-11-06;0.0;BA.4.x
BA.4;2024-11-13;0.0;BA.4.x
BA.4;2024-11-20;0.0;BA.4.x
BA.4;2024-11-27;0.0;BA.4.x
BA.4;2024-12-04;0.0;BA.4.x
BA.4;2024-12-11;0.0;BA.4.x
BA.4;2024-12-18;0.0;BA.4.x
BA.4;2024-12-25;0.0;BA.4.x
BA.4;2025-01-01;0.0;BA.4.x
BA.4;2025-01-08;0.0;BA.4.x
BA.4;2025-01-15;0.0;BA.4.x
BA.4;2025-01-22;0.0;BA.4.x
BA.4;2025-01-29;0.0;BA.4.x
BA.4;2025-02-05;0.0;BA.4.x
BA.4;2025-02-12;0.0;BA.4.x
BA.4;2025-02-19;0.0;BA.4.x
BA.4;2025-02-26;0.0;BA.4.x
BA.4;2025-03-05;0.0;BA.4.x
BA.4;2025-03-12;0.0;BA.4.x
BA.4;2025-03-19;0.0;BA.4.x
BA.4;2025-03-26;0.0;BA.4.x
BQ.1;2022-09-21;0.093;BA.5.x
BQ.1;2022-09-28;0.102;BA.5.x
BQ.1;2022-10-05;0.122;BA.5.x
BQ.1;2022-10-12;0.134;BA.5.x
BQ.1;2022-10-19;0.151;BA.5.x
BQ.1;2022-10-26;0.16;BA.5.x
BQ.1;2022-11-02;0.208;BA.5.x
BQ.1;2022-11-09;0.233;BA.5.x
BQ.1;2022-11-16;0.269;BA.5.x
BQ.1;2022-11-23;0.324;BA.5.x
BQ.1;2022-11-30;0.361;BA.5.x
BQ.1;2022-12-07;0.367;BA.5.x
BQ.1;2022-12-14;0.416;BA.5.x
BQ.1;2022-12-21;0.469;BA.5.x
BQ.1;2022-12-28;0.488;BA.5.x
BQ.1;2023-01-04;0.502;BA.5.x
BQ.1;2023-01-11;0.494;BA.5.x
BQ.1;2023-01-18;0.398;BA.5.x
BQ.1;2023-01-25;0.351;BA.5.x
BQ.1;2023-02-01;0.293;BA.5.x
BQ.1;2023-02-08;0.24;BA.5.x
BQ.1;2023-02-15;0.187;BA.5.x
BQ.1;2023-02-22;0.141;BA.5.x
BQ.1;2023-03-01;0.108;BA.5.x
BQ.1;2023-03-08;0.081;BA.5.x
BQ.1;2023-03-15;0.063;BA.5.x
BQ.1;2023-03-22;0.055;BA.5.x
BQ.1;2023-03-29;0.048;BA.5.x
BQ.1;2023-04-05;0.045;BA.5.x
BQ.1;2023-04-12;0.01;BA.5.x
BQ.1;2023-04-19;0.008;BA.5.x
BQ.1;2023-04-26;0.002;BA.5.x
BQ.1;2023-05-03;0.002;BA.5.x
BQ.1;2023-05-10;0.005;BA.5.x
BQ.1;2023-05-17;0.0;BA.5.x
BQ.1;2023-05-24;0.0;BA.5.x
BQ.1;2023-05-31;0.0;BA.5.x
BQ.1;2023-06-07;0.0;BA.5.x
BQ.1;2023-06-14;0.0;BA.5.x
BQ.1;2023-06-21;0.0;BA.5.x
BQ.1;2023-06-28;0.0;BA.5.x
BQ.1;2023-07-05;0.0;BA.5.x
BQ.1;2023-07-12;0.0;BA.5.x
BQ.1;2023-07-19;0.0;BA.5.x
BQ.1;2023-07-26;0.0;BA.5.x
BQ.1;2023-08-02;0.0;BA.5.x
BQ.1;2023-08-09;0.0;BA.5.x
BQ.1;2023-08-16;0.0;BA.5.x
BQ.1;2023-08-23;0.0;BA.5.x
BQ.1;2023-08-30;0.0;BA.5.x
BQ.1;2023-09-06;0.0;BA.5.x
BQ.1;2023-09-13;0.0;BA.5.x
BQ.1;2023-09-20;0.0;BA.5.x
BQ.1;2023-09-27;0.0;BA.5.x
BQ.1;2023-10-04;0.0;BA.5.x
BQ.1;2023-10-11;0.0;BA.5.x
BQ.1;2023-10-18;0.0;BA.5.x
BQ.1;2023-10-25;0.0;BA.5.x
BQ.1;2023-11-01;0.0;BA.5.x
BQ.1;2023-11-08;0.0;BA.5.x
BQ.1;2023-11-15;0.0;BA.5.x
BQ.1;2023-11-22;0.0;BA.5.x
BQ.1;2023-11-29;0.0;BA.5.x
BQ.1;2023-12-06;0.0;BA.5.x
BQ.1;2023-12-13;0.0;BA.5.x
BQ.1;2023-12-20;0.0;BA.5.x
BQ.1;2023-12-27;0.0;BA.5.x
BQ.1;2024-01-03;0.0;BA.5.x
BQ.1;2024-01-10;0.0;BA.5.x
BQ.1;2024-01-17;0.0;BA.5.x
BQ.1;2024-01-24;0.0;BA.5.x
BQ.1;2024-01-31;0.0;BA.5.x
BQ.1;2024-02-07;0.0;BA.5.x
BQ.1;2024-02-14;0.0;BA.5.x
BQ.1;2024-02-21;0.0;BA.5.x
BQ.1;2024-02-28;0.0;BA.5.x
BQ.1;2024-03-06;0.0;BA.5.x
BQ.1;2024-03-13;0.0;BA.5.x
BQ.1;2024-03-20;0.0;BA.5.x
BQ.1;2024-03-27;0.0;BA.5.x
BQ.1;2024-04-03;0.0;BA.5.x
BQ.1;2024-04-10;0.0;BA.5.x
BQ.1;2024-04-17;0.0;BA.5.x
BQ.1;2024-04-24;0.0;BA.5.x
BQ.1;2024-05-01;0.0;BA.5.x
BQ.1;2024-05-08;0.0;BA.5.x
BQ.1;2024-05-15;0.0;BA.5.x
BQ.1;2024-05-22;0.0;BA.5.x
BQ.1;2024-05-29;0.0;BA.5.x
BQ.1;2024-06-05;0.0;BA.5.x
BQ.1;2024-06-12;0.0;BA.5.x
BQ.1;2024-06-19;0.0;BA.5.x
BQ.1;2024-06-26;0.0;BA.5.x
BQ.1;2024-07-03;0.0;BA.5.x
BQ.1;2024-07-10;0.0;BA.5.x
BQ.1;2024-07-17;0.0;BA.5.x
BQ.1;2024-07-24;0.0;BA.5.x
BQ.1;2024-07-31;0.0;BA.5.x
BQ.1;2024-08-07;0.0;BA.5.x
BQ.1;2024-08-14;0.0;BA.5.x
BQ.1;2024-08-21;0.0;BA.5.x
BQ.1;2024-08-28;0.0;BA.5.x
BQ.1;2024-09-04;0.0;BA.5.x
BQ.1;2024-09-11;0.0;BA.5.x
BQ.1;2024-09-18;0.0;BA.5.x
BQ.1;2024-09-25;0.0;BA.5.x
BQ.1;2024-10-02;0.0;BA.5.x
BQ.1;2024-10-09;0.0;BA.5.x
BQ.1;2024-10-16;0.0;BA.5.x
BQ.1;2024-10-23;0.0;BA.5.x
BQ.1;2024-10-30;0.0;BA.5.x
BQ.1;2024-11-06;0.0;BA.5.x
BQ.1;2024-11-13;0.0;BA.5.x
BQ.1;2024-11-20;0.0;BA.5.x
BQ.1;2024-11-27;0.0;BA.5.x
BQ.1;2024-12-04;0.0;BA.5.x
BQ.1;2024-12-11;0.0;BA.5.x
BQ.1;2024-12-18;0.0;BA.5.x
BQ.1;2024-12-25;0.0;BA.5.x
BQ.1;2025-01-01;0.0;BA.5.x
BQ.1;2025-01-08;0.0;BA.5.x
BQ.1;2025-01-15;0.0;BA.5.x
BQ.1;2025-01-22;0.0;BA.5.x
BQ.1;2025-01-29;0.0;BA.5.x
BQ.1;2025-02-05;0.0;BA.5.x
BQ.1;2025-02-12;0.0;BA.5.x
BQ.1;2025-02-19;0.0;BA.5.x
BQ.1;2025-02-26;0.0;BA.5.x
BQ.1;2025-03-05;0.0;BA.5.x
BQ.1;2025-03-12;0.0;BA.5.x
BQ.1;2025-03-19;0.0;BA.5.x
BQ.1;2025-03-26;0.0;BA.5.x
BF.7;2022-09-21;0.078;BA.5.x
BF.7;2022-09-28;0.119;BA.5.x
BF.7;2022-10-05;0.382;BA.5.x
BF.7;2022-10-12;0.411;BA.5.x
BF.7;2022-10-19;0.436;BA.5.x
BF.7;2022-10-26;0.451;BA.5.x
BF.7;2022-11-02;0.424;BA.5.x
BF.7;2022-11-09;0.422;BA.5.x
BF.7;2022-11-16;0.376;BA.5.x
BF.7;2022-11-23;0.374;BA.5.x
BF.7;2022-11-30;0.358;BA.5.x
BF.7;2022-12-07;0.33;BA.5.x
BF.7;2022-12-14;0.27;BA.5.x
BF.7;2022-12-21;0.209;BA.5.x
BF.7;2022-12-28;0.187;BA.5.x
BF.7;2023-01-04;0.159;BA.5.x
BF.7;2023-01-11;0.157;BA.5.x
BF.7;2023-01-18;0.125;BA.5.x
BF.7;2023-01-25;0.097;BA.5.x
BF.7;2023-02-01;0.057;BA.5.x
BF.7;2023-02-08;0.047;BA.5.x
BF.7;2023-02-15;0.016;BA.5.x
BF.7;2023-02-22;0.014;BA.5.x
BF.7;2023-03-01;0.004;BA.5.x
BF.7;2023-03-08;0.003;BA.5.x
BF.7;2023-03-15;0.001;BA.5.x
BF.7;2023-03-22;0.021;BA.5.x
BF.7;2023-03-29;0.009;BA.5.x
BF.7;2023-04-05;0.005;BA.5.x
BF.7;2023-04-12;0.001;BA.5.x
BF.7;2023-04-19;0.0;BA.5.x
BF.7;2023-04-26;0.0;BA.5.x
BF.7;2023-05-03;0.0;BA.5.x
BF.7;2023-05-10;0.0;BA.5.x
BF.7;2023-05-17;0.0;BA.5.x
BF.7;2023-05-24;0.0;BA.5.x
BF.7;2023-05-31;0.001;BA.5.x
BF.7;2023-06-07;0.0;BA.5.x
BF.7;2023-06-14;0.0;BA.5.x
BF.7;2023-06-21;0.0;BA.5.x
BF.7;2023-06-28;0.0;BA.5.x
BF.7;2023-07-05;0.0;BA.5.x
BF.7;2023-07-12;0.0;BA.5.x
BF.7;2023-07-19;0.0;BA.5.x
BF.7;2023-07-26;0.0;BA.5.x
BF.7;2023-08-02;0.0;BA.5.x
BF.7;2023-08-09;0.0;BA.5.x
BF.7;2023-08-16;0.0;BA.5.x
BF.7;2023-08-23;0.0;BA.5.x
BF.7;2023-08-30;0.0;BA.5.x
BF.7;2023-09-06;0.0;BA.5.x
BF.7;2023-09-13;0.0;BA.5.x
BF.7;2023-09-20;0.0;BA.5.x
BF.7;2023-09-27;0.0;BA.5.x
BF.7;2023-10-04;0.0;BA.5.x
BF.7;2023-10-11;0.0;BA.5.x
BF.7;2023-10-18;0.0;BA.5.x
BF.7;2023-10-25;0.0;BA.5.x
BF.7;2023-11-01;0.0;BA.5.x
BF.7;2023-11-08;0.0;BA.5.x
BF.7;2023-11-15;0.0;BA.5.x
BF.7;2023-11-22;0.0;BA.5.x
BF.7;2023-11-29;0.0;BA.5.x
BF.7;2023-12-06;0.0;BA.5.x
BF.7;2023-12-13;0.0;BA.5.x
BF.7;2023-12-20;0.0;BA.5.x
BF.7;2023-12-27;0.0;BA.5.x
BF.7;2024-01-03;0.0;BA.5.x
BF.7;2024-01-10;0.0;BA.5.x
BF.7;2024-01-17;0.0;BA.5.x
BF.7;2024-01-24;0.0;BA.5.x
BF.7;2024-01-31;0.0;BA.5.x
BF.7;2024-02-07;0.0;BA.5.x
BF.7;2024-02-14;0.0;BA.5.x
BF.7;2024-02-21;0.0;BA.5.x
BF.7;2024-02-28;0.0;BA.5.x
BF.7;2024-03-06;0.0;BA.5.x
BF.7;2024-03-13;0.0;BA.5.x
BF.7;2024-03-20;0.0;BA.5.x
BF.7;2024-03-27;0.0;BA.5.x
BF.7;2024-04-03;0.0;BA.5.x
BF.7;2024-04-10;0.0;BA.5.x
BF.7;2024-04-17;0.0;BA.5.x
BF.7;2024-04-24;0.0;BA.5.x
BF.7;2024-05-01;0.0;BA.5.x
BF.7;2024-05-08;0.0;BA.5.x
BF.7;2024-05-15;0.0;BA.5.x
BF.7;2024-05-22;0.0;BA.5.x
BF.7;2024-05-29;0.0;BA.5.x
BF.7;2024-06-05;0.0;BA.5.x
BF.7;2024-06-12;0.0;BA.5.x
BF.7;2024-06-19;0.0;BA.5.x
BF.7;2024-06-26;0.0;BA.5.x
BF.7;2024-07-03;0.0;BA.5.x
BF.7;2024-07-10;0.0;BA.5.x
BF.7;2024-07-17;0.0;BA.5.x
BF.7;2024-07-24;0.0;BA.5.x
BF.7;2024-07-31;0.0;BA.5.x
BF.7;2024-08-07;0.0;BA.5.x
BF.7;2024-08-14;0.0;BA.5.x
BF.7;2024-08-21;0.0;BA.5.x
BF.7;2024-08-28;0.0;BA.5.x
BF.7;2024-09-04;0.0;BA.5.x
BF.7;2024-09-11;0.0;BA.5.x
BF.7;2024-09-18;0.0;BA.5.x
BF.7;2024-09-25;0.0;BA.5.x
BF.7;2024-10-02;0.0;BA.5.x
BF.7;2024-10-09;0.0;BA.5.x
BF.7;2024-10-16;0.0;BA.5.x
BF.7;2024-10-23;0.0;BA.5.x
BF.7;2024-10-30;0.0;BA.5.x
BF.7;2024-11-06;0.0;BA.5.x
BF.7;2024-11-13;0.0;BA.5.x
BF.7;2024-11-20;0.0;BA.5.x
BF.7;2024-11-27;0.0;BA.5.x
BF.7;2024-12-04;0.0;BA.5.x
BF.7;2024-12-11;0.0;BA.5.x
BF.7;2024-12-18;0.0;BA.5.x
BF.7;2024-12-25;0.0;BA.5.x
BF.7;2025-01-01;0.0;BA.5.x
BF.7;2025-01-08;0.0;BA.5.x
BF.7;2025-01-15;0.0;BA.5.x
BF.7;2025-01-22;0.0;BA.5.x
BF.7;2025-01-29;0.0;BA.5.x
BF.7;2025-02-05;0.0;BA.5.x
BF.7;2025-02-12;0.0;BA.5.x
BF.7;2025-02-19;0.0;BA.5.x
BF.7;2025-02-26;0.0;BA.5.x
BF.7;2025-03-05;0.0;BA.5.x
BF.7;2025-03-12;0.0;BA.5.x
BF.7;2025-03-19;0.0;BA.5.x
BF.7;2025-03-26;0.0;BA.5.x
BF.14;2022-09-21;0.048;BA.5.x
BF.14;2022-09-28;0.01;BA.5.x
BF.14;2022-10-05;0.0;BA.5.x
BF.14;2022-10-12;0.0;BA.5.x
BF.14;2022-10-19;0.0;BA.5.x
BF.14;2022-10-26;0.0;BA.5.x
BF.14;2022-11-02;0.0;BA.5.x
BF.14;2022-11-09;0.0;BA.5.x
BF.14;2022-11-16;0.0;BA.5.x
BF.14;2022-11-23;0.0;BA.5.x
BF.14;2022-11-30;0.0;BA.5.x
BF.14;2022-12-07;0.0;BA.5.x
BF.14;2022-12-14;0.0;BA.5.x
BF.14;2022-12-21;0.0;BA.5.x
BF.14;2022-12-28;0.0;BA.5.x
BF.14;2023-01-04;0.0;BA.5.x
BF.14;2023-01-11;0.0;BA.5.x
BF.14;2023-01-18;0.0;BA.5.x
BF.14;2023-01-25;0.0;BA.5.x
BF.14;2023-02-01;0.0;BA.5.x
BF.14;2023-02-08;0.0;BA.5.x
BF.14;2023-02-15;0.0;BA.5.x
BF.14;2023-02-22;0.0;BA.5.x
BF.14;2023-03-01;0.0;BA.5.x
BF.14;2023-03-08;0.0;BA.5.x
BF.14;2023-03-15;0.0;BA.5.x
BF.14;2023-03-22;0.0;BA.5.x
BF.14;2023-03-29;0.0;BA.5.x
BF.14;2023-04-05;0.0;BA.5.x
BF.14;2023-04-12;0.0;BA.5.x
BF.14;2023-04-19;0.0;BA.5.x
BF.14;2023-04-26;0.0;BA.5.x
BF.14;2023-05-03;0.0;BA.5.x
BF.14;2023-05-10;0.0;BA.5.x
BF.14;2023-05-17;0.0;BA.5.x
BF.14;2023-05-24;0.0;BA.5.x
BF.14;2023-05-31;0.0;BA.5.x
BF.14;2023-06-07;0.0;BA.5.x
BF.14;2023-06-14;0.0;BA.5.x
BF.14;2023-06-21;0.0;BA.5.x
BF.14;2023-06-28;0.0;BA.5.x
BF.14;2023-07-05;0.0;BA.5.x
BF.14;2023-07-12;0.0;BA.5.x
BF.14;2023-07-19;0.0;BA.5.x
BF.14;2023-07-26;0.0;BA.5.x
BF.14;2023-08-02;0.0;BA.5.x
BF.14;2023-08-09;0.0;BA.5.x
BF.14;2023-08-16;0.0;BA.5.x
BF.14;2023-08-23;0.0;BA.5.x
BF.14;2023-08-30;0.0;BA.5.x
BF.14;2023-09-06;0.0;BA.5.x
BF.14;2023-09-13;0.0;BA.5.x
BF.14;2023-09-20;0.0;BA.5.x
BF.14;2023-09-27;0.0;BA.5.x
BF.14;2023-10-04;0.0;BA.5.x
BF.14;2023-10-11;0.0;BA.5.x
BF.14;2023-10-18;0.0;BA.5.x
BF.14;2023-10-25;0.0;BA.5.x
BF.14;2023-11-01;0.0;BA.5.x
BF.14;2023-11-08;0.0;BA.5.x
BF.14;2023-11-15;0.0;BA.5.x
BF.14;2023-11-22;0.0;BA.5.x
BF.14;2023-11-29;0.0;BA.5.x
BF.14;2023-12-06;0.0;BA.5.x
BF.14;2023-12-13;0.0;BA.5.x
BF.14;2023-12-20;0.0;BA.5.x
BF.14;2023-12-27;0.0;BA.5.x
BF.14;2024-01-03;0.0;BA.5.x
BF.14;2024-01-10;0.0;BA.5.x
BF.14;2024-01-17;0.0;BA.5.x
BF.14;2024-01-24;0.0;BA.5.x
BF.14;2024-01-31;0.0;BA.5.x
BF.14;2024-02-07;0.0;BA.5.x
BF.14;2024-02-14;0.0;BA.5.x
BF.14;2024-02-21;0.0;BA.5.x
BF.14;2024-02-28;0.0;BA.5.x
BF.14;2024-03-06;0.0;BA.5.x
BF.14;2024-03-13;0.0;BA.5.x
BF.14;2024-03-20;0.0;BA.5.x
BF.14;2024-03-27;0.0;BA.5.x
BF.14;2024-04-03;0.0;BA.5.x
BF.14;2024-04-10;0.0;BA.5.x
BF.14;2024-04-17;0.0;BA.5.x
BF.14;2024-04-24;0.0;BA.5.x
BF.14;2024-05-01;0.0;BA.5.x
BF.14;2024-05-08;0.0;BA.5.x
BF.14;2024-05-15;0.0;BA.5.x
BF.14;2024-05-22;0.0;BA.5.x
BF.14;2024-05-29;0.0;BA.5.x
BF.14;2024-06-05;0.0;BA.5.x
BF.14;2024-06-12;0.0;BA.5.x
BF.14;2024-06-19;0.0;BA.5.x
BF.14;2024-06-26;0.0;BA.5.x
BF.14;2024-07-03;0.0;BA.5.x
BF.14;2024-07-10;0.0;BA.5.x
BF.14;2024-07-17;0.0;BA.5.x
BF.14;2024-07-24;0.0;BA.5.x
BF.14;2024-07-31;0.0;BA.5.x
BF.14;2024-08-07;0.0;BA.5.x
BF.14;2024-08-14;0.0;BA.5.x
BF.14;2024-08-21;0.0;BA.5.x
BF.14;2024-08-28;0.0;BA.5.x
BF.14;2024-09-04;0.0;BA.5.x
BF.14;2024-09-11;0.0;BA.5.x
BF.14;2024-09-18;0.0;BA.5.x
BF.14;2024-09-25;0.0;BA.5.x
BF.14;2024-10-02;0.0;BA.5.x
BF.14;2024-10-09;0.0;BA.5.x
BF.14;2024-10-16;0.0;BA.5.x
BF.14;2024-10-23;0.0;BA.5.x
BF.14;2024-10-30;0.0;BA.5.x
BF.14;2024-11-06;0.0;BA.5.x
BF.14;2024-11-13;0.0;BA.5.x
BF.14;2024-11-20;0.0;BA.5.x
BF.14;2024-11-27;0.0;BA.5.x
BF.14;2024-12-04;0.0;BA.5.x
BF.14;2024-12-11;0.0;BA.5.x
BF.14;2024-12-18;0.0;BA.5.x
BF.14;2024-12-25;0.0;BA.5.x
BF.14;2025-01-01;0.0;BA.5.x
BF.14;2025-01-08;0.0;BA.5.x
BF.14;2025-01-15;0.0;BA.5.x
BF.14;2025-01-22;0.0;BA.5.x
BF.14;2025-01-29;0.0;BA.5.x
BF.14;2025-02-05;0.0;BA.5.x
BF.14;2025-02-12;0.0;BA.5.x
BF.14;2025-02-19;0.0;BA.5.x
BF.14;2025-02-26;0.0;BA.5.x
BF.14;2025-03-05;0.0;BA.5.x
BF.14;2025-03-12;0.0;BA.5.x
BF.14;2025-03-19;0.0;BA.5.x
BF.14;2025-03-26;0.0;BA.5.x
BA.5.2.1;2022-09-21;0.36;BA.5.x
BA.5.2.1;2022-09-28;0.373;BA.5.x
BA.5.2.1;2022-10-05;0.012;BA.5.x
BA.5.2.1;2022-10-12;0.0;BA.5.x
BA.5.2.1;2022-10-19;0.0;BA.5.x
BA.5.2.1;2022-10-26;0.0;BA.5.x
BA.5.2.1;2022-11-02;0.0;BA.5.x
BA.5.2.1;2022-11-09;0.0;BA.5.x
BA.5.2.1;2022-11-16;0.0;BA.5.x
BA.5.2.1;2022-11-23;0.007;BA.5.x
BA.5.2.1;2022-11-30;0.0;BA.5.x
BA.5.2.1;2022-12-07;0.0;BA.5.x
BA.5.2.1;2022-12-14;0.0;BA.5.x
BA.5.2.1;2022-12-21;0.0;BA.5.x
BA.5.2.1;2022-12-28;0.0;BA.5.x
BA.5.2.1;2023-01-04;0.0;BA.5.x
BA.5.2.1;2023-01-11;0.0;BA.5.x
BA.5.2.1;2023-01-18;0.0;BA.5.x
BA.5.2.1;2023-01-25;0.0;BA.5.x
BA.5.2.1;2023-02-01;0.0;BA.5.x
BA.5.2.1;2023-02-08;0.0;BA.5.x
BA.5.2.1;2023-02-15;0.0;BA.5.x
BA.5.2.1;2023-02-22;0.0;BA.5.x
BA.5.2.1;2023-03-01;0.0;BA.5.x
BA.5.2.1;2023-03-08;0.0;BA.5.x
BA.5.2.1;2023-03-15;0.0;BA.5.x
BA.5.2.1;2023-03-22;0.0;BA.5.x
BA.5.2.1;2023-03-29;0.0;BA.5.x
BA.5.2.1;2023-04-05;0.0;BA.5.x
BA.5.2.1;2023-04-12;0.0;BA.5.x
BA.5.2.1;2023-04-19;0.0;BA.5.x
BA.5.2.1;2023-04-26;0.0;BA.5.x
BA.5.2.1;2023-05-03;0.0;BA.5.x
BA.5.2.1;2023-05-10;0.0;BA.5.x
BA.5.2.1;2023-05-17;0.0;BA.5.x
BA.5.2.1;2023-05-24;0.0;BA.5.x
BA.5.2.1;2023-05-31;0.0;BA.5.x
BA.5.2.1;2023-06-07;0.0;BA.5.x
BA.5.2.1;2023-06-14;0.0;BA.5.x
BA.5.2.1;2023-06-21;0.0;BA.5.x
BA.5.2.1;2023-06-28;0.0;BA.5.x
BA.5.2.1;2023-07-05;0.0;BA.5.x
BA.5.2.1;2023-07-12;0.0;BA.5.x
BA.5.2.1;2023-07-19;0.0;BA.5.x
BA.5.2.1;2023-07-26;0.0;BA.5.x
BA.5.2.1;2023-08-02;0.0;BA.5.x
BA.5.2.1;2023-08-09;0.0;BA.5.x
BA.5.2.1;2023-08-16;0.0;BA.5.x
BA.5.2.1;2023-08-23;0.0;BA.5.x
BA.5.2.1;2023-08-30;0.0;BA.5.x
BA.5.2.1;2023-09-06;0.0;BA.5.x
BA.5.2.1;2023-09-13;0.0;BA.5.x
BA.5.2.1;2023-09-20;0.0;BA.5.x
BA.5.2.1;2023-09-27;0.0;BA.5.x
BA.5.2.1;2023-10-04;0.0;BA.5.x
BA.5.2.1;2023-10-11;0.0;BA.5.x
BA.5.2.1;2023-10-18;0.0;BA.5.x
BA.5.2.1;2023-10-25;0.0;BA.5.x
BA.5.2.1;2023-11-01;0.0;BA.5.x
BA.5.2.1;2023-11-08;0.0;BA.5.x
BA.5.2.1;2023-11-15;0.0;BA.5.x
BA.5.2.1;2023-11-22;0.0;BA.5.x
BA.5.2.1;2023-11-29;0.0;BA.5.x
BA.5.2.1;2023-12-06;0.0;BA.5.x
BA.5.2.1;2023-12-13;0.0;BA.5.x
BA.5.2.1;2023-12-20;0.0;BA.5.x
BA.5.2.1;2023-12-27;0.0;BA.5.x
BA.5.2.1;2024-01-03;0.0;BA.5.x
BA.5.2.1;2024-01-10;0.0;BA.5.x
BA.5.2.1;2024-01-17;0.0;BA.5.x
BA.5.2.1;2024-01-24;0.0;BA.5.x
BA.5.2.1;2024-01-31;0.0;BA.5.x
BA.5.2.1;2024-02-07;0.0;BA.5.x
BA.5.2.1;2024-02-14;0.0;BA.5.x
BA.5.2.1;2024-02-21;0.0;BA.5.x
BA.5.2.1;2024-02-28;0.0;BA.5.x
BA.5.2.1;2024-03-06;0.0;BA.5.x
BA.5.2.1;2024-03-13;0.0;BA.5.x
BA.5.2.1;2024-03-20;0.0;BA.5.x
BA.5.2.1;2024-03-27;0.0;BA.5.x
BA.5.2.1;2024-04-03;0.0;BA.5.x
BA.5.2.1;2024-04-10;0.0;BA.5.x
BA.5.2.1;2024-04-17;0.0;BA.5.x
BA.5.2.1;2024-04-24;0.0;BA.5.x
BA.5.2.1;2024-05-01;0.0;BA.5.x
BA.5.2.1;2024-05-08;0.0;BA.5.x
BA.5.2.1;2024-05-15;0.0;BA.5.x
BA.5.2.1;2024-05-22;0.0;BA.5.x
BA.5.2.1;2024-05-29;0.0;BA.5.x
BA.5.2.1;2024-06-05;0.0;BA.5.x
BA.5.2.1;2024-06-12;0.0;BA.5.x
BA.5.2.1;2024-06-19;0.0;BA.5.x
BA.5.2.1;2024-06-26;0.0;BA.5.x
BA.5.2.1;2024-07-03;0.0;BA.5.x
BA.5.2.1;2024-07-10;0.0;BA.5.x
BA.5.2.1;2024-07-17;0.0;BA.5.x
BA.5.2.1;2024-07-24;0.0;BA.5.x
BA.5.2.1;2024-07-31;0.0;BA.5.x
BA.5.2.1;2024-08-07;0.0;BA.5.x
BA.5.2.1;2024-08-14;0.0;BA.5.x
BA.5.2.1;2024-08-21;0.0;BA.5.x
BA.5.2.1;2024-08-28;0.0;BA.5.x
BA.5.2.1;2024-09-04;0.0;BA.5.x
BA.5.2.1;2024-09-11;0.0;BA.5.x
BA.5.2.1;2024-09-18;0.0;BA.5.x
BA.5.2.1;2024-09-25;0.0;BA.5.x
BA.5.2.1;2024-10-02;0.0;BA.5.x
BA.5.2.1;2024-10-09;0.0;BA.5.x
BA.5.2.1;2024-10-16;0.0;BA.5.x
BA.5.2.1;2024-10-23;0.0;BA.5.x
BA.5.2.1;2024-10-30;0.0;BA.5.x
BA.5.2.1;2024-11-06;0.0;BA.5.x
BA.5.2.1;2024-11-13;0.0;BA.5.x
BA.5.2.1;2024-11-20;0.0;BA.5.x
BA.5.2.1;2024-11-27;0.0;BA.5.x
BA.5.2.1;2024-12-04;0.0;BA.5.x
BA.5.2.1;2024-12-11;0.0;BA.5.x
BA.5.2.1;2024-12-18;0.0;BA.5.x
BA.5.2.1;2024-12-25;0.0;BA.5.x
BA.5.2.1;2025-01-01;0.0;BA.5.x
BA.5.2.1;2025-01-08;0.0;BA.5.x
BA.5.2.1;2025-01-15;0.0;BA.5.x
BA.5.2.1;2025-01-22;0.0;BA.5.x
BA.5.2.1;2025-01-29;0.0;BA.5.x
BA.5.2.1;2025-02-05;0.0;BA.5.x
BA.5.2.1;2025-02-12;0.0;BA.5.x
BA.5.2.1;2025-02-19;0.0;BA.5.x
BA.5.2.1;2025-02-26;0.0;BA.5.x
BA.5.2.1;2025-03-05;0.0;BA.5.x
BA.5.2.1;2025-03-12;0.0;BA.5.x
BA.5.2.1;2025-03-19;0.0;BA.5.x
BA.5.2.1;2025-03-26;0.0;BA.5.x
BA.5.1;2022-09-21;0.279;BA.5.x
BA.5.1;2022-09-28;0.246;BA.5.x
BA.5.1;2022-10-05;0.256;BA.5.x
BA.5.1;2022-10-12;0.242;BA.5.x
BA.5.1;2022-10-19;0.202;BA.5.x
BA.5.1;2022-10-26;0.202;BA.5.x
BA.5.1;2022-11-02;0.182;BA.5.x
BA.5.1;2022-11-09;0.158;BA.5.x
BA.5.1;2022-11-16;0.106;BA.5.x
BA.5.1;2022-11-23;0.069;BA.5.x
BA.5.1;2022-11-30;0.072;BA.5.x
BA.5.1;2022-12-07;0.069;BA.5.x
BA.5.1;2022-12-14;0.062;BA.5.x
BA.5.1;2022-12-21;0.048;BA.5.x
BA.5.1;2022-12-28;0.043;BA.5.x
BA.5.1;2023-01-04;0.028;BA.5.x
BA.5.1;2023-01-11;0.024;BA.5.x
BA.5.1;2023-01-18;0.029;BA.5.x
BA.5.1;2023-01-25;0.019;BA.5.x
BA.5.1;2023-02-01;0.005;BA.5.x
BA.5.1;2023-02-08;0.004;BA.5.x
BA.5.1;2023-02-15;0.0;BA.5.x
BA.5.1;2023-02-22;0.001;BA.5.x
BA.5.1;2023-03-01;0.0;BA.5.x
BA.5.1;2023-03-08;0.0;BA.5.x
BA.5.1;2023-03-15;0.003;BA.5.x
BA.5.1;2023-03-22;0.0;BA.5.x
BA.5.1;2023-03-29;0.0;BA.5.x
BA.5.1;2023-04-05;0.0;BA.5.x
BA.5.1;2023-04-12;0.0;BA.5.x
BA.5.1;2023-04-19;0.002;BA.5.x
BA.5.1;2023-04-26;0.002;BA.5.x
BA.5.1;2023-05-03;0.0;BA.5.x
BA.5.1;2023-05-10;0.0;BA.5.x
BA.5.1;2023-05-17;0.0;BA.5.x
BA.5.1;2023-05-24;0.0;BA.5.x
BA.5.1;2023-05-31;0.0;BA.5.x
BA.5.1;2023-06-07;0.0;BA.5.x
BA.5.1;2023-06-14;0.0;BA.5.x
BA.5.1;2023-06-21;0.0;BA.5.x
BA.5.1;2023-06-28;0.006;BA.5.x
BA.5.1;2023-07-05;0.0;BA.5.x
BA.5.1;2023-07-12;0.0;BA.5.x
BA.5.1;2023-07-19;0.0;BA.5.x
BA.5.1;2023-07-26;0.0;BA.5.x
BA.5.1;2023-08-02;0.0;BA.5.x
BA.5.1;2023-08-09;0.0;BA.5.x
BA.5.1;2023-08-16;0.0;BA.5.x
BA.5.1;2023-08-23;0.0;BA.5.x
BA.5.1;2023-08-30;0.0;BA.5.x
BA.5.1;2023-09-06;0.0;BA.5.x
BA.5.1;2023-09-13;0.0;BA.5.x
BA.5.1;2023-09-20;0.0;BA.5.x
BA.5.1;2023-09-27;0.0;BA.5.x
BA.5.1;2023-10-04;0.0;BA.5.x
BA.5.1;2023-10-11;0.0;BA.5.x
BA.5.1;2023-10-18;0.0;BA.5.x
BA.5.1;2023-10-25;0.0;BA.5.x
BA.5.1;2023-11-01;0.0;BA.5.x
BA.5.1;2023-11-08;0.0;BA.5.x
BA.5.1;2023-11-15;0.0;BA.5.x
BA.5.1;2023-11-22;0.0;BA.5.x
BA.5.1;2023-11-29;0.0;BA.5.x
BA.5.1;2023-12-06;0.0;BA.5.x
BA.5.1;2023-12-13;0.0;BA.5.x
BA.5.1;2023-12-20;0.0;BA.5.x
BA.5.1;2023-12-27;0.0;BA.5.x
BA.5.1;2024-01-03;0.0;BA.5.x
BA.5.1;2024-01-10;0.0;BA.5.x
BA.5.1;2024-01-17;0.001;BA.5.x
BA.5.1;2024-01-24;0.0;BA.5.x
BA.5.1;2024-01-31;0.0;BA.5.x
BA.5.1;2024-02-07;0.0;BA.5.x
BA.5.1;2024-02-14;0.0;BA.5.x
BA.5.1;2024-02-21;0.0;BA.5.x
BA.5.1;2024-02-28;0.0;BA.5.x
BA.5.1;2024-03-06;0.0;BA.5.x
BA.5.1;2024-03-13;0.0;BA.5.x
BA.5.1;2024-03-20;0.0;BA.5.x
BA.5.1;2024-03-27;0.0;BA.5.x
BA.5.1;2024-04-03;0.0;BA.5.x
BA.5.1;2024-04-10;0.0;BA.5.x
BA.5.1;2024-04-17;0.0;BA.5.x
BA.5.1;2024-04-24;0.0;BA.5.x
BA.5.1;2024-05-01;0.0;BA.5.x
BA.5.1;2024-05-08;0.0;BA.5.x
BA.5.1;2024-05-15;0.0;BA.5.x
BA.5.1;2024-05-22;0.0;BA.5.x
BA.5.1;2024-05-29;0.0;BA.5.x
BA.5.1;2024-06-05;0.0;BA.5.x
BA.5.1;2024-06-12;0.0;BA.5.x
BA.5.1;2024-06-19;0.0;BA.5.x
BA.5.1;2024-06-26;0.0;BA.5.x
BA.5.1;2024-07-03;0.0;BA.5.x
BA.5.1;2024-07-10;0.0;BA.5.x
BA.5.1;2024-07-17;0.0;BA.5.x
BA.5.1;2024-07-24;0.0;BA.5.x
BA.5.1;2024-07-31;0.0;BA.5.x
BA.5.1;2024-08-07;0.0;BA.5.x
BA.5.1;2024-08-14;0.0;BA.5.x
BA.5.1;2024-08-21;0.0;BA.5.x
BA.5.1;2024-08-28;0.0;BA.5.x
BA.5.1;2024-09-04;0.0;BA.5.x
BA.5.1;2024-09-11;0.0;BA.5.x
BA.5.1;2024-09-18;0.0;BA.5.x
BA.5.1;2024-09-25;0.0;BA.5.x
BA.5.1;2024-10-02;0.0;BA.5.x
BA.5.1;2024-10-09;0.0;BA.5.x
BA.5.1;2024-10-16;0.0;BA.5.x
BA.5.1;2024-10-23;0.0;BA.5.x
BA.5.1;2024-10-30;0.0;BA.5.x
BA.5.1;2024-11-06;0.0;BA.5.x
BA.5.1;2024-11-13;0.0;BA.5.x
BA.5.1;2024-11-20;0.0;BA.5.x
BA.5.1;2024-11-27;0.0;BA.5.x
BA.5.1;2024-12-04;0.0;BA.5.x
BA.5.1;2024-12-11;0.0;BA.5.x
BA.5.1;2024-12-18;0.0;BA.5.x
BA.5.1;2024-12-25;0.0;BA.5.x
BA.5.1;2025-01-01;0.0;BA.5.x
BA.5.1;2025-01-08;0.0;BA.5.x
BA.5.1;2025-01-15;0.0;BA.5.x
BA.5.1;2025-01-22;0.0;BA.5.x
BA.5.1;2025-01-29;0.0;BA.5.x
BA.5.1;2025-02-05;0.0;BA.5.x
BA.5.1;2025-02-12;0.0;BA.5.x
BA.5.1;2025-02-19;0.0;BA.5.x
BA.5.1;2025-02-26;0.0;BA.5.x
BA.5.1;2025-03-05;0.0;BA.5.x
BA.5.1;2025-03-12;0.0;BA.5.x
BA.5.1;2025-03-19;0.0;BA.5.x
BA.5.1;2025-03-26;0.0;BA.5.x
BA.5;2022-09-21;0.081;BA.5.x
BA.5;2022-09-28;0.103;BA.5.x
BA.5;2022-10-05;0.153;BA.5.x
BA.5;2022-10-12;0.151;BA.5.x
BA.5;2022-10-19;0.138;BA.5.x
BA.5;2022-10-26;0.096;BA.5.x
BA.5;2022-11-02;0.07;BA.5.x
BA.5;2022-11-09;0.092;BA.5.x
BA.5;2022-11-16;0.085;BA.5.x
BA.5;2022-11-23;0.078;BA.5.x
BA.5;2022-11-30;0.032;BA.5.x
BA.5;2022-12-07;0.041;BA.5.x
BA.5;2022-12-14;0.042;BA.5.x
BA.5;2022-12-21;0.032;BA.5.x
BA.5;2022-12-28;0.02;BA.5.x
BA.5;2023-01-04;0.012;BA.5.x
BA.5;2023-01-11;0.013;BA.5.x
BA.5;2023-01-18;0.012;BA.5.x
BA.5;2023-01-25;0.011;BA.5.x
BA.5;2023-02-01;0.005;BA.5.x
BA.5;2023-02-08;0.002;BA.5.x
BA.5;2023-02-15;0.024;BA.5.x
BA.5;2023-02-22;0.006;BA.5.x
BA.5;2023-03-01;0.012;BA.5.x
BA.5;2023-03-08;0.01;BA.5.x
BA.5;2023-03-15;0.009;BA.5.x
BA.5;2023-03-22;0.004;BA.5.x
BA.5;2023-03-29;0.004;BA.5.x
BA.5;2023-04-05;0.004;BA.5.x
BA.5;2023-04-12;0.004;BA.5.x
BA.5;2023-04-19;0.014;BA.5.x
BA.5;2023-04-26;0.016;BA.5.x
BA.5;2023-05-03;0.003;BA.5.x
BA.5;2023-05-10;0.015;BA.5.x
BA.5;2023-05-17;0.017;BA.5.x
BA.5;2023-05-24;0.001;BA.5.x
BA.5;2023-05-31;0.003;BA.5.x
BA.5;2023-06-07;0.009;BA.5.x
BA.5;2023-06-14;0.0;BA.5.x
BA.5;2023-06-21;0.002;BA.5.x
BA.5;2023-06-28;0.0;BA.5.x
BA.5;2023-07-05;0.0;BA.5.x
BA.5;2023-07-12;0.0;BA.5.x
BA.5;2023-07-19;0.0;BA.5.x
BA.5;2023-07-26;0.0;BA.5.x
BA.5;2023-08-02;0.0;BA.5.x
BA.5;2023-08-09;0.0;BA.5.x
BA.5;2023-08-16;0.0;BA.5.x
BA.5;2023-08-23;0.0;BA.5.x
BA.5;2023-08-30;0.0;BA.5.x
BA.5;2023-09-06;0.0;BA.5.x
BA.5;2023-09-13;0.0;BA.5.x
BA.5;2023-09-20;0.0;BA.5.x
BA.5;2023-09-27;0.0;BA.5.x
BA.5;2023-10-04;0.001;BA.5.x
BA.5;2023-10-11;0.0;BA.5.x
BA.5;2023-10-18;0.0;BA.5.x
BA.5;2023-10-25;0.0;BA.5.x
BA.5;2023-11-01;0.0;BA.5.x
BA.5;2023-11-08;0.0;BA.5.x
BA.5;2023-11-15;0.0;BA.5.x
BA.5;2023-11-22;0.0;BA.5.x
BA.5;2023-11-29;0.0;BA.5.x
BA.5;2023-12-06;0.0;BA.5.x
BA.5;2023-12-13;0.0;BA.5.x
BA.5;2023-12-20;0.0;BA.5.x
BA.5;2023-12-27;0.0;BA.5.x
BA.5;2024-01-03;0.0;BA.5.x
BA.5;2024-01-10;0.0;BA.5.x
BA.5;2024-01-17;0.001;BA.5.x
BA.5;2024-01-24;0.0;BA.5.x
BA.5;2024-01-31;0.0;BA.5.x
BA.5;2024-02-07;0.0;BA.5.x
BA.5;2024-02-14;0.0;BA.5.x
BA.5;2024-02-21;0.0;BA.5.x
BA.5;2024-02-28;0.0;BA.5.x
BA.5;2024-03-06;0.0;BA.5.x
BA.5;2024-03-13;0.0;BA.5.x
BA.5;2024-03-20;0.0;BA.5.x
BA.5;2024-03-27;0.0;BA.5.x
BA.5;2024-04-03;0.0;BA.5.x
BA.5;2024-04-10;0.0;BA.5.x
BA.5;2024-04-17;0.0;BA.5.x
BA.5;2024-04-24;0.0;BA.5.x
BA.5;2024-05-01;0.0;BA.5.x
BA.5;2024-05-08;0.0;BA.5.x
BA.5;2024-05-15;0.0;BA.5.x
BA.5;2024-05-22;0.0;BA.5.x
BA.5;2024-05-29;0.0;BA.5.x
BA.5;2024-06-05;0.0;BA.5.x
BA.5;2024-06-12;0.0;BA.5.x
BA.5;2024-06-19;0.0;BA.5.x
BA.5;2024-06-26;0.0;BA.5.x
BA.5;2024-07-03;0.0;BA.5.x
BA.5;2024-07-10;0.0;BA.5.x
BA.5;2024-07-17;0.0;BA.5.x
BA.5;2024-07-24;0.0;BA.5.x
BA.5;2024-07-31;0.0;BA.5.x
BA.5;2024-08-07;0.0;BA.5.x
BA.5;2024-08-14;0.0;BA.5.x
BA.5;2024-08-21;0.0;BA.5.x
BA.5;2024-08-28;0.0;BA.5.x
BA.5;2024-09-04;0.0;BA.5.x
BA.5;2024-09-11;0.0;BA.5.x
BA.5;2024-09-18;0.0;BA.5.x
BA.5;2024-09-25;0.0;BA.5.x
BA.5;2024-10-02;0.0;BA.5.x
BA.5;2024-10-09;0.0;BA.5.x
BA.5;2024-10-16;0.0;BA.5.x
BA.5;2024-10-23;0.0;BA.5.x
BA.5;2024-10-30;0.0;BA.5.x
BA.5;2024-11-06;0.0;BA.5.x
BA.5;2024-11-13;0.0;BA.5.x
BA.5;2024-11-20;0.0;BA.5.x
BA.5;2024-11-27;0.0;BA.5.x
BA.5;2024-12-04;0.0;BA.5.x
BA.5;2024-12-11;0.0;BA.5.x
BA.5;2024-12-18;0.0;BA.5.x
BA.5;2024-12-25;0.0;BA.5.x
BA.5;2025-01-01;0.0;BA.5.x
BA.5;2025-01-08;0.0;BA.5.x
BA.5;2025-01-15;0.0;BA.5.x
BA.5;2025-01-22;0.0;BA.5.x
BA.5;2025-01-29;0.0;BA.5.x
BA.5;2025-02-05;0.0;BA.5.x
BA.5;2025-02-12;0.0;BA.5.x
BA.5;2025-02-19;0.0;BA.5.x
BA.5;2025-02-26;0.0;BA.5.x
BA.5;2025-03-05;0.0;BA.5.x
BA.5;2025-03-12;0.0;BA.5.x
BA.5;2025-03-19;0.0;BA.5.x
BA.5;2025-03-26;0.0;BA.5.x
JN.1.7;2022-09-21;0.0;BA.2.x
JN.1.7;2022-09-28;0.0;BA.2.x
JN.1.7;2022-10-05;0.0;BA.2.x
JN.1.7;2022-10-12;0.0;BA.2.x
JN.1.7;2022-10-19;0.0;BA.2.x
JN.1.7;2022-10-26;0.0;BA.2.x
JN.1.7;2022-11-02;0.0;BA.2.x
JN.1.7;2022-11-09;0.0;BA.2.x
JN.1.7;2022-11-16;0.0;BA.2.x
JN.1.7;2022-11-23;0.0;BA.2.x
JN.1.7;2022-11-30;0.0;BA.2.x
JN.1.7;2022-12-07;0.0;BA.2.x
JN.1.7;2022-12-14;0.0;BA.2.x
JN.1.7;2022-12-21;0.0;BA.2.x
JN.1.7;2022-12-28;0.0;BA.2.x
JN.1.7;2023-01-04;0.0;BA.2.x
JN.1.7;2023-01-11;0.0;BA.2.x
JN.1.7;2023-01-18;0.0;BA.2.x
JN.1.7;2023-01-25;0.0;BA.2.x
JN.1.7;2023-02-01;0.0;BA.2.x
JN.1.7;2023-02-08;0.0;BA.2.x
JN.1.7;2023-02-15;0.0;BA.2.x
JN.1.7;2023-02-22;0.0;BA.2.x
JN.1.7;2023-03-01;0.0;BA.2.x
JN.1.7;2023-03-08;0.0;BA.2.x
JN.1.7;2023-03-15;0.0;BA.2.x
JN.1.7;2023-03-22;0.0;BA.2.x
JN.1.7;2023-03-29;0.0;BA.2.x
JN.1.7;2023-04-05;0.0;BA.2.x
JN.1.7;2023-04-12;0.0;BA.2.x
JN.1.7;2023-04-19;0.0;BA.2.x
JN.1.7;2023-04-26;0.0;BA.2.x
JN.1.7;2023-05-03;0.0;BA.2.x
JN.1.7;2023-05-10;0.0;BA.2.x
JN.1.7;2023-05-17;0.0;BA.2.x
JN.1.7;2023-05-24;0.0;BA.2.x
JN.1.7;2023-05-31;0.0;BA.2.x
JN.1.7;2023-06-07;0.0;BA.2.x
JN.1.7;2023-06-14;0.0;BA.2.x
JN.1.7;2023-06-21;0.0;BA.2.x
JN.1.7;2023-06-28;0.0;BA.2.x
JN.1.7;2023-07-05;0.0;BA.2.x
JN.1.7;2023-07-12;0.0;BA.2.x
JN.1.7;2023-07-19;0.0;BA.2.x
JN.1.7;2023-07-26;0.0;BA.2.x
JN.1.7;2023-08-02;0.0;BA.2.x
JN.1.7;2023-08-09;0.0;BA.2.x
JN.1.7;2023-08-16;0.0;BA.2.x
JN.1.7;2023-08-23;0.0;BA.2.x
JN.1.7;2023-08-30;0.0;BA.2.x
JN.1.7;2023-09-06;0.0;BA.2.x
JN.1.7;2023-09-13;0.0;BA.2.x
JN.1.7;2023-09-20;0.0;BA.2.x
JN.1.7;2023-09-27;0.0;BA.2.x
JN.1.7;2023-10-04;0.0;BA.2.x
JN.1.7;2023-10-11;0.0;BA.2.x
JN.1.7;2023-10-18;0.0;BA.2.x
JN.1.7;2023-10-25;0.0;BA.2.x
JN.1.7;2023-11-01;0.0;BA.2.x
JN.1.7;2023-11-08;0.0;BA.2.x
JN.1.7;2023-11-15;0.0;BA.2.x
JN.1.7;2023-11-22;0.0;BA.2.x
JN.1.7;2023-11-29;0.0;BA.2.x
JN.1.7;2023-12-06;0.0;BA.2.x
JN.1.7;2023-12-13;0.001;BA.2.x
JN.1.7;2023-12-20;0.003;BA.2.x
JN.1.7;2023-12-27;0.002;BA.2.x
JN.1.7;2024-01-03;0.005;BA.2.x
JN.1.7;2024-01-10;0.007;BA.2.x
JN.1.7;2024-01-17;0.03;BA.2.x
JN.1.7;2024-01-24;0.031;BA.2.x
JN.1.7;2024-01-31;0.031;BA.2.x
JN.1.7;2024-02-07;0.013;BA.2.x
JN.1.7;2024-02-14;0.019;BA.2.x
JN.1.7;2024-02-21;0.03;BA.2.x
JN.1.7;2024-02-28;0.027;BA.2.x
JN.1.7;2024-03-06;0.019;BA.2.x
JN.1.7;2024-03-13;0.075;BA.2.x
JN.1.7;2024-03-20;0.007;BA.2.x
JN.1.7;2024-03-27;0.001;BA.2.x
JN.1.7;2024-04-03;0.009;BA.2.x
JN.1.7;2024-04-10;0.009;BA.2.x
JN.1.7;2024-04-17;0.014;BA.2.x
JN.1.7;2024-04-24;0.021;BA.2.x
JN.1.7;2024-05-01;0.022;BA.2.x
JN.1.7;2024-05-08;0.03;BA.2.x
JN.1.7;2024-05-15;0.042;BA.2.x
JN.1.7;2024-05-22;0.018;BA.2.x
JN.1.7;2024-05-29;0.013;BA.2.x
JN.1.7;2024-06-05;0.02;BA.2.x
JN.1.7;2024-06-12;0.032;BA.2.x
JN.1.7;2024-06-19;0.065;BA.2.x
JN.1.7;2024-06-26;0.016;BA.2.x
JN.1.7;2024-07-03;0.013;BA.2.x
JN.1.7;2024-07-10;0.002;BA.2.x
JN.1.7;2024-07-17;0.004;BA.2.x
JN.1.7;2024-07-24;0.0;BA.2.x
JN.1.7;2024-07-31;0.001;BA.2.x
JN.1.7;2024-08-07;0.001;BA.2.x
JN.1.7;2024-08-14;0.0;BA.2.x
JN.1.7;2024-08-21;0.005;BA.2.x
JN.1.7;2024-08-28;0.004;BA.2.x
JN.1.7;2024-09-04;0.001;BA.2.x
JN.1.7;2024-09-11;0.002;BA.2.x
JN.1.7;2024-09-18;0.0;BA.2.x
JN.1.7;2024-09-25;0.004;BA.2.x
JN.1.7;2024-10-02;0.002;BA.2.x
JN.1.7;2024-10-09;0.0;BA.2.x
JN.1.7;2024-10-16;0.0;BA.2.x
JN.1.7;2024-10-23;0.0;BA.2.x
JN.1.7;2024-10-30;0.006;BA.2.x
JN.1.7;2024-11-06;0.0;BA.2.x
JN.1.7;2024-11-13;0.002;BA.2.x
JN.1.7;2024-11-20;0.003;BA.2.x
JN.1.7;2024-11-27;0.0;BA.2.x
JN.1.7;2024-12-04;0.0;BA.2.x
JN.1.7;2024-12-11;0.0;BA.2.x
JN.1.7;2024-12-18;0.0;BA.2.x
JN.1.7;2024-12-25;0.0;BA.2.x
JN.1.7;2025-01-01;0.0;BA.2.x
JN.1.7;2025-01-08;0.004;BA.2.x
JN.1.7;2025-01-15;0.0;BA.2.x
JN.1.7;2025-01-22;0.003;BA.2.x
JN.1.7;2025-01-29;0.0;BA.2.x
JN.1.7;2025-02-05;0.0;BA.2.x
JN.1.7;2025-02-12;0.0;BA.2.x
JN.1.7;2025-02-19;0.001;BA.2.x
JN.1.7;2025-02-26;0.0;BA.2.x
JN.1.7;2025-03-05;0.0;BA.2.x
JN.1.7;2025-03-12;0.001;BA.2.x
JN.1.7;2025-03-19;0.0;BA.2.x
JN.1.7;2025-03-26;0.0;BA.2.x
JN.1.4.6;2022-09-21;0.0;BA.2.x
JN.1.4.6;2022-09-28;0.0;BA.2.x
JN.1.4.6;2022-10-05;0.0;BA.2.x
JN.1.4.6;2022-10-12;0.0;BA.2.x
JN.1.4.6;2022-10-19;0.0;BA.2.x
JN.1.4.6;2022-10-26;0.0;BA.2.x
JN.1.4.6;2022-11-02;0.0;BA.2.x
JN.1.4.6;2022-11-09;0.0;BA.2.x
JN.1.4.6;2022-11-16;0.0;BA.2.x
JN.1.4.6;2022-11-23;0.0;BA.2.x
JN.1.4.6;2022-11-30;0.0;BA.2.x
JN.1.4.6;2022-12-07;0.0;BA.2.x
JN.1.4.6;2022-12-14;0.0;BA.2.x
JN.1.4.6;2022-12-21;0.0;BA.2.x
JN.1.4.6;2022-12-28;0.0;BA.2.x
JN.1.4.6;2023-01-04;0.0;BA.2.x
JN.1.4.6;2023-01-11;0.0;BA.2.x
JN.1.4.6;2023-01-18;0.0;BA.2.x
JN.1.4.6;2023-01-25;0.0;BA.2.x
JN.1.4.6;2023-02-01;0.0;BA.2.x
JN.1.4.6;2023-02-08;0.0;BA.2.x
JN.1.4.6;2023-02-15;0.0;BA.2.x
JN.1.4.6;2023-02-22;0.0;BA.2.x
JN.1.4.6;2023-03-01;0.0;BA.2.x
JN.1.4.6;2023-03-08;0.0;BA.2.x
JN.1.4.6;2023-03-15;0.0;BA.2.x
JN.1.4.6;2023-03-22;0.0;BA.2.x
JN.1.4.6;2023-03-29;0.0;BA.2.x
JN.1.4.6;2023-04-05;0.0;BA.2.x
JN.1.4.6;2023-04-12;0.0;BA.2.x
JN.1.4.6;2023-04-19;0.0;BA.2.x
JN.1.4.6;2023-04-26;0.0;BA.2.x
JN.1.4.6;2023-05-03;0.0;BA.2.x
JN.1.4.6;2023-05-10;0.0;BA.2.x
JN.1.4.6;2023-05-17;0.0;BA.2.x
JN.1.4.6;2023-05-24;0.0;BA.2.x
JN.1.4.6;2023-05-31;0.0;BA.2.x
JN.1.4.6;2023-06-07;0.0;BA.2.x
JN.1.4.6;2023-06-14;0.0;BA.2.x
JN.1.4.6;2023-06-21;0.0;BA.2.x
JN.1.4.6;2023-06-28;0.0;BA.2.x
JN.1.4.6;2023-07-05;0.0;BA.2.x
JN.1.4.6;2023-07-12;0.0;BA.2.x
JN.1.4.6;2023-07-19;0.0;BA.2.x
JN.1.4.6;2023-07-26;0.0;BA.2.x
JN.1.4.6;2023-08-02;0.0;BA.2.x
JN.1.4.6;2023-08-09;0.0;BA.2.x
JN.1.4.6;2023-08-16;0.0;BA.2.x
JN.1.4.6;2023-08-23;0.0;BA.2.x
JN.1.4.6;2023-08-30;0.0;BA.2.x
JN.1.4.6;2023-09-06;0.0;BA.2.x
JN.1.4.6;2023-09-13;0.0;BA.2.x
JN.1.4.6;2023-09-20;0.0;BA.2.x
JN.1.4.6;2023-09-27;0.0;BA.2.x
JN.1.4.6;2023-10-04;0.0;BA.2.x
JN.1.4.6;2023-10-11;0.0;BA.2.x
JN.1.4.6;2023-10-18;0.0;BA.2.x
JN.1.4.6;2023-10-25;0.0;BA.2.x
JN.1.4.6;2023-11-01;0.0;BA.2.x
JN.1.4.6;2023-11-08;0.0;BA.2.x
JN.1.4.6;2023-11-15;0.0;BA.2.x
JN.1.4.6;2023-11-22;0.0;BA.2.x
JN.1.4.6;2023-11-29;0.0;BA.2.x
JN.1.4.6;2023-12-06;0.0;BA.2.x
JN.1.4.6;2023-12-13;0.0;BA.2.x
JN.1.4.6;2023-12-20;0.0;BA.2.x
JN.1.4.6;2023-12-27;0.0;BA.2.x
JN.1.4.6;2024-01-03;0.0;BA.2.x
JN.1.4.6;2024-01-10;0.0;BA.2.x
JN.1.4.6;2024-01-17;0.0;BA.2.x
JN.1.4.6;2024-01-24;0.0;BA.2.x
JN.1.4.6;2024-01-31;0.0;BA.2.x
JN.1.4.6;2024-02-07;0.0;BA.2.x
JN.1.4.6;2024-02-14;0.0;BA.2.x
JN.1.4.6;2024-02-21;0.021;BA.2.x
JN.1.4.6;2024-02-28;0.0;BA.2.x
JN.1.4.6;2024-03-06;0.0;BA.2.x
JN.1.4.6;2024-03-13;0.0;BA.2.x
JN.1.4.6;2024-03-20;0.0;BA.2.x
JN.1.4.6;2024-03-27;0.0;BA.2.x
JN.1.4.6;2024-04-03;0.0;BA.2.x
JN.1.4.6;2024-04-10;0.0;BA.2.x
JN.1.4.6;2024-04-17;0.0;BA.2.x
JN.1.4.6;2024-04-24;0.0;BA.2.x
JN.1.4.6;2024-05-01;0.0;BA.2.x
JN.1.4.6;2024-05-08;0.0;BA.2.x
JN.1.4.6;2024-05-15;0.0;BA.2.x
JN.1.4.6;2024-05-22;0.0;BA.2.x
JN.1.4.6;2024-05-29;0.0;BA.2.x
JN.1.4.6;2024-06-05;0.0;BA.2.x
JN.1.4.6;2024-06-12;0.0;BA.2.x
JN.1.4.6;2024-06-19;0.0;BA.2.x
JN.1.4.6;2024-06-26;0.0;BA.2.x
JN.1.4.6;2024-07-03;0.0;BA.2.x
JN.1.4.6;2024-07-10;0.0;BA.2.x
JN.1.4.6;2024-07-17;0.0;BA.2.x
JN.1.4.6;2024-07-24;0.0;BA.2.x
JN.1.4.6;2024-07-31;0.0;BA.2.x
JN.1.4.6;2024-08-07;0.0;BA.2.x
JN.1.4.6;2024-08-14;0.0;BA.2.x
JN.1.4.6;2024-08-21;0.0;BA.2.x
JN.1.4.6;2024-08-28;0.0;BA.2.x
JN.1.4.6;2024-09-04;0.0;BA.2.x
JN.1.4.6;2024-09-11;0.0;BA.2.x
JN.1.4.6;2024-09-18;0.0;BA.2.x
JN.1.4.6;2024-09-25;0.0;BA.2.x
JN.1.4.6;2024-10-02;0.0;BA.2.x
JN.1.4.6;2024-10-09;0.0;BA.2.x
JN.1.4.6;2024-10-16;0.0;BA.2.x
JN.1.4.6;2024-10-23;0.0;BA.2.x
JN.1.4.6;2024-10-30;0.0;BA.2.x
JN.1.4.6;2024-11-06;0.0;BA.2.x
JN.1.4.6;2024-11-13;0.0;BA.2.x
JN.1.4.6;2024-11-20;0.0;BA.2.x
JN.1.4.6;2024-11-27;0.0;BA.2.x
JN.1.4.6;2024-12-04;0.0;BA.2.x
JN.1.4.6;2024-12-11;0.0;BA.2.x
JN.1.4.6;2024-12-18;0.0;BA.2.x
JN.1.4.6;2024-12-25;0.0;BA.2.x
JN.1.4.6;2025-01-01;0.0;BA.2.x
JN.1.4.6;2025-01-08;0.0;BA.2.x
JN.1.4.6;2025-01-15;0.0;BA.2.x
JN.1.4.6;2025-01-22;0.0;BA.2.x
JN.1.4.6;2025-01-29;0.0;BA.2.x
JN.1.4.6;2025-02-05;0.0;BA.2.x
JN.1.4.6;2025-02-12;0.0;BA.2.x
JN.1.4.6;2025-02-19;0.0;BA.2.x
JN.1.4.6;2025-02-26;0.0;BA.2.x
JN.1.4.6;2025-03-05;0.0;BA.2.x
JN.1.4.6;2025-03-12;0.0;BA.2.x
JN.1.4.6;2025-03-19;0.0;BA.2.x
JN.1.4.6;2025-03-26;0.0;BA.2.x
JN.1.4.5;2022-09-21;0.0;BA.2.x
JN.1.4.5;2022-09-28;0.0;BA.2.x
JN.1.4.5;2022-10-05;0.0;BA.2.x
JN.1.4.5;2022-10-12;0.0;BA.2.x
JN.1.4.5;2022-10-19;0.0;BA.2.x
JN.1.4.5;2022-10-26;0.0;BA.2.x
JN.1.4.5;2022-11-02;0.0;BA.2.x
JN.1.4.5;2022-11-09;0.0;BA.2.x
JN.1.4.5;2022-11-16;0.0;BA.2.x
JN.1.4.5;2022-11-23;0.0;BA.2.x
JN.1.4.5;2022-11-30;0.0;BA.2.x
JN.1.4.5;2022-12-07;0.0;BA.2.x
JN.1.4.5;2022-12-14;0.0;BA.2.x
JN.1.4.5;2022-12-21;0.0;BA.2.x
JN.1.4.5;2022-12-28;0.0;BA.2.x
JN.1.4.5;2023-01-04;0.0;BA.2.x
JN.1.4.5;2023-01-11;0.0;BA.2.x
JN.1.4.5;2023-01-18;0.0;BA.2.x
JN.1.4.5;2023-01-25;0.0;BA.2.x
JN.1.4.5;2023-02-01;0.0;BA.2.x
JN.1.4.5;2023-02-08;0.0;BA.2.x
JN.1.4.5;2023-02-15;0.0;BA.2.x
JN.1.4.5;2023-02-22;0.0;BA.2.x
JN.1.4.5;2023-03-01;0.0;BA.2.x
JN.1.4.5;2023-03-08;0.0;BA.2.x
JN.1.4.5;2023-03-15;0.0;BA.2.x
JN.1.4.5;2023-03-22;0.0;BA.2.x
JN.1.4.5;2023-03-29;0.0;BA.2.x
JN.1.4.5;2023-04-05;0.0;BA.2.x
JN.1.4.5;2023-04-12;0.0;BA.2.x
JN.1.4.5;2023-04-19;0.0;BA.2.x
JN.1.4.5;2023-04-26;0.0;BA.2.x
JN.1.4.5;2023-05-03;0.0;BA.2.x
JN.1.4.5;2023-05-10;0.0;BA.2.x
JN.1.4.5;2023-05-17;0.0;BA.2.x
JN.1.4.5;2023-05-24;0.0;BA.2.x
JN.1.4.5;2023-05-31;0.0;BA.2.x
JN.1.4.5;2023-06-07;0.0;BA.2.x
JN.1.4.5;2023-06-14;0.0;BA.2.x
JN.1.4.5;2023-06-21;0.0;BA.2.x
JN.1.4.5;2023-06-28;0.0;BA.2.x
JN.1.4.5;2023-07-05;0.0;BA.2.x
JN.1.4.5;2023-07-12;0.0;BA.2.x
JN.1.4.5;2023-07-19;0.0;BA.2.x
JN.1.4.5;2023-07-26;0.0;BA.2.x
JN.1.4.5;2023-08-02;0.0;BA.2.x
JN.1.4.5;2023-08-09;0.0;BA.2.x
JN.1.4.5;2023-08-16;0.0;BA.2.x
JN.1.4.5;2023-08-23;0.0;BA.2.x
JN.1.4.5;2023-08-30;0.0;BA.2.x
JN.1.4.5;2023-09-06;0.0;BA.2.x
JN.1.4.5;2023-09-13;0.0;BA.2.x
JN.1.4.5;2023-09-20;0.0;BA.2.x
JN.1.4.5;2023-09-27;0.0;BA.2.x
JN.1.4.5;2023-10-04;0.0;BA.2.x
JN.1.4.5;2023-10-11;0.0;BA.2.x
JN.1.4.5;2023-10-18;0.0;BA.2.x
JN.1.4.5;2023-10-25;0.001;BA.2.x
JN.1.4.5;2023-11-01;0.014;BA.2.x
JN.1.4.5;2023-11-08;0.011;BA.2.x
JN.1.4.5;2023-11-15;0.008;BA.2.x
JN.1.4.5;2023-11-22;0.025;BA.2.x
JN.1.4.5;2023-11-29;0.03;BA.2.x
JN.1.4.5;2023-12-06;0.04;BA.2.x
JN.1.4.5;2023-12-13;0.06;BA.2.x
JN.1.4.5;2023-12-20;0.086;BA.2.x
JN.1.4.5;2023-12-27;0.098;BA.2.x
JN.1.4.5;2024-01-03;0.112;BA.2.x
JN.1.4.5;2024-01-10;0.13;BA.2.x
JN.1.4.5;2024-01-17;0.078;BA.2.x
JN.1.4.5;2024-01-24;0.077;BA.2.x
JN.1.4.5;2024-01-31;0.081;BA.2.x
JN.1.4.5;2024-02-07;0.01;BA.2.x
JN.1.4.5;2024-02-14;0.012;BA.2.x
JN.1.4.5;2024-02-21;0.016;BA.2.x
JN.1.4.5;2024-02-28;0.002;BA.2.x
JN.1.4.5;2024-03-06;0.007;BA.2.x
JN.1.4.5;2024-03-13;0.025;BA.2.x
JN.1.4.5;2024-03-20;0.052;BA.2.x
JN.1.4.5;2024-03-27;0.058;BA.2.x
JN.1.4.5;2024-04-03;0.004;BA.2.x
JN.1.4.5;2024-04-10;0.004;BA.2.x
JN.1.4.5;2024-04-17;0.0;BA.2.x
JN.1.4.5;2024-04-24;0.002;BA.2.x
JN.1.4.5;2024-05-01;0.002;BA.2.x
JN.1.4.5;2024-05-08;0.007;BA.2.x
JN.1.4.5;2024-05-15;0.012;BA.2.x
JN.1.4.5;2024-05-22;0.004;BA.2.x
JN.1.4.5;2024-05-29;0.003;BA.2.x
JN.1.4.5;2024-06-05;0.001;BA.2.x
JN.1.4.5;2024-06-12;0.0;BA.2.x
JN.1.4.5;2024-06-19;0.001;BA.2.x
JN.1.4.5;2024-06-26;0.027;BA.2.x
JN.1.4.5;2024-07-03;0.006;BA.2.x
JN.1.4.5;2024-07-10;0.0;BA.2.x
JN.1.4.5;2024-07-17;0.0;BA.2.x
JN.1.4.5;2024-07-24;0.0;BA.2.x
JN.1.4.5;2024-07-31;0.0;BA.2.x
JN.1.4.5;2024-08-07;0.0;BA.2.x
JN.1.4.5;2024-08-14;0.003;BA.2.x
JN.1.4.5;2024-08-21;0.002;BA.2.x
JN.1.4.5;2024-08-28;0.001;BA.2.x
JN.1.4.5;2024-09-04;0.003;BA.2.x
JN.1.4.5;2024-09-11;0.003;BA.2.x
JN.1.4.5;2024-09-18;0.001;BA.2.x
JN.1.4.5;2024-09-25;0.001;BA.2.x
JN.1.4.5;2024-10-02;0.0;BA.2.x
JN.1.4.5;2024-10-09;0.0;BA.2.x
JN.1.4.5;2024-10-16;0.0;BA.2.x
JN.1.4.5;2024-10-23;0.0;BA.2.x
JN.1.4.5;2024-10-30;0.0;BA.2.x
JN.1.4.5;2024-11-06;0.0;BA.2.x
JN.1.4.5;2024-11-13;0.001;BA.2.x
JN.1.4.5;2024-11-20;0.0;BA.2.x
JN.1.4.5;2024-11-27;0.0;BA.2.x
JN.1.4.5;2024-12-04;0.001;BA.2.x
JN.1.4.5;2024-12-11;0.001;BA.2.x
JN.1.4.5;2024-12-18;0.003;BA.2.x
JN.1.4.5;2024-12-25;0.0;BA.2.x
JN.1.4.5;2025-01-01;0.0;BA.2.x
JN.1.4.5;2025-01-08;0.0;BA.2.x
JN.1.4.5;2025-01-15;0.0;BA.2.x
JN.1.4.5;2025-01-22;0.0;BA.2.x
JN.1.4.5;2025-01-29;0.0;BA.2.x
JN.1.4.5;2025-02-05;0.0;BA.2.x
JN.1.4.5;2025-02-12;0.0;BA.2.x
JN.1.4.5;2025-02-19;0.0;BA.2.x
JN.1.4.5;2025-02-26;0.0;BA.2.x
JN.1.4.5;2025-03-05;0.0;BA.2.x
JN.1.4.5;2025-03-12;0.0;BA.2.x
JN.1.4.5;2025-03-19;0.0;BA.2.x
JN.1.4.5;2025-03-26;0.0;BA.2.x
JN.1.4;2022-09-21;0.0;BA.2.x
JN.1.4;2022-09-28;0.0;BA.2.x
JN.1.4;2022-10-05;0.0;BA.2.x
JN.1.4;2022-10-12;0.0;BA.2.x
JN.1.4;2022-10-19;0.0;BA.2.x
JN.1.4;2022-10-26;0.0;BA.2.x
JN.1.4;2022-11-02;0.0;BA.2.x
JN.1.4;2022-11-09;0.0;BA.2.x
JN.1.4;2022-11-16;0.0;BA.2.x
JN.1.4;2022-11-23;0.0;BA.2.x
JN.1.4;2022-11-30;0.0;BA.2.x
JN.1.4;2022-12-07;0.0;BA.2.x
JN.1.4;2022-12-14;0.0;BA.2.x
JN.1.4;2022-12-21;0.0;BA.2.x
JN.1.4;2022-12-28;0.0;BA.2.x
JN.1.4;2023-01-04;0.0;BA.2.x
JN.1.4;2023-01-11;0.0;BA.2.x
JN.1.4;2023-01-18;0.0;BA.2.x
JN.1.4;2023-01-25;0.0;BA.2.x
JN.1.4;2023-02-01;0.0;BA.2.x
JN.1.4;2023-02-08;0.0;BA.2.x
JN.1.4;2023-02-15;0.0;BA.2.x
JN.1.4;2023-02-22;0.0;BA.2.x
JN.1.4;2023-03-01;0.0;BA.2.x
JN.1.4;2023-03-08;0.0;BA.2.x
JN.1.4;2023-03-15;0.0;BA.2.x
JN.1.4;2023-03-22;0.0;BA.2.x
JN.1.4;2023-03-29;0.0;BA.2.x
JN.1.4;2023-04-05;0.0;BA.2.x
JN.1.4;2023-04-12;0.0;BA.2.x
JN.1.4;2023-04-19;0.0;BA.2.x
JN.1.4;2023-04-26;0.0;BA.2.x
JN.1.4;2023-05-03;0.0;BA.2.x
JN.1.4;2023-05-10;0.0;BA.2.x
JN.1.4;2023-05-17;0.0;BA.2.x
JN.1.4;2023-05-24;0.0;BA.2.x
JN.1.4;2023-05-31;0.0;BA.2.x
JN.1.4;2023-06-07;0.0;BA.2.x
JN.1.4;2023-06-14;0.0;BA.2.x
JN.1.4;2023-06-21;0.0;BA.2.x
JN.1.4;2023-06-28;0.0;BA.2.x
JN.1.4;2023-07-05;0.0;BA.2.x
JN.1.4;2023-07-12;0.0;BA.2.x
JN.1.4;2023-07-19;0.0;BA.2.x
JN.1.4;2023-07-26;0.0;BA.2.x
JN.1.4;2023-08-02;0.0;BA.2.x
JN.1.4;2023-08-09;0.0;BA.2.x
JN.1.4;2023-08-16;0.0;BA.2.x
JN.1.4;2023-08-23;0.0;BA.2.x
JN.1.4;2023-08-30;0.0;BA.2.x
JN.1.4;2023-09-06;0.0;BA.2.x
JN.1.4;2023-09-13;0.0;BA.2.x
JN.1.4;2023-09-20;0.0;BA.2.x
JN.1.4;2023-09-27;0.0;BA.2.x
JN.1.4;2023-10-04;0.001;BA.2.x
JN.1.4;2023-10-11;0.0;BA.2.x
JN.1.4;2023-10-18;0.001;BA.2.x
JN.1.4;2023-10-25;0.007;BA.2.x
JN.1.4;2023-11-01;0.014;BA.2.x
JN.1.4;2023-11-08;0.029;BA.2.x
JN.1.4;2023-11-15;0.061;BA.2.x
JN.1.4;2023-11-22;0.092;BA.2.x
JN.1.4;2023-11-29;0.096;BA.2.x
JN.1.4;2023-12-06;0.14;BA.2.x
JN.1.4;2023-12-13;0.178;BA.2.x
JN.1.4;2023-12-20;0.187;BA.2.x
JN.1.4;2023-12-27;0.207;BA.2.x
JN.1.4;2024-01-03;0.18;BA.2.x
JN.1.4;2024-01-10;0.162;BA.2.x
JN.1.4;2024-01-17;0.258;BA.2.x
JN.1.4;2024-01-24;0.264;BA.2.x
JN.1.4;2024-01-31;0.286;BA.2.x
JN.1.4;2024-02-07;0.177;BA.2.x
JN.1.4;2024-02-14;0.241;BA.2.x
JN.1.4;2024-02-21;0.283;BA.2.x
JN.1.4;2024-02-28;0.391;BA.2.x
JN.1.4;2024-03-06;0.282;BA.2.x
JN.1.4;2024-03-13;0.016;BA.2.x
JN.1.4;2024-03-20;0.014;BA.2.x
JN.1.4;2024-03-27;0.02;BA.2.x
JN.1.4;2024-04-03;0.144;BA.2.x
JN.1.4;2024-04-10;0.215;BA.2.x
JN.1.4;2024-04-17;0.026;BA.2.x
JN.1.4;2024-04-24;0.043;BA.2.x
JN.1.4;2024-05-01;0.002;BA.2.x
JN.1.4;2024-05-08;0.041;BA.2.x
JN.1.4;2024-05-15;0.009;BA.2.x
JN.1.4;2024-05-22;0.0;BA.2.x
JN.1.4;2024-05-29;0.0;BA.2.x
JN.1.4;2024-06-05;0.001;BA.2.x
JN.1.4;2024-06-12;0.004;BA.2.x
JN.1.4;2024-06-19;0.007;BA.2.x
JN.1.4;2024-06-26;0.012;BA.2.x
JN.1.4;2024-07-03;0.005;BA.2.x
JN.1.4;2024-07-10;0.0;BA.2.x
JN.1.4;2024-07-17;0.0;BA.2.x
JN.1.4;2024-07-24;0.0;BA.2.x
JN.1.4;2024-07-31;0.0;BA.2.x
JN.1.4;2024-08-07;0.0;BA.2.x
JN.1.4;2024-08-14;0.0;BA.2.x
JN.1.4;2024-08-21;0.002;BA.2.x
JN.1.4;2024-08-28;0.002;BA.2.x
JN.1.4;2024-09-04;0.004;BA.2.x
JN.1.4;2024-09-11;0.001;BA.2.x
JN.1.4;2024-09-18;0.0;BA.2.x
JN.1.4;2024-09-25;0.001;BA.2.x
JN.1.4;2024-10-02;0.0;BA.2.x
JN.1.4;2024-10-09;0.001;BA.2.x
JN.1.4;2024-10-16;0.001;BA.2.x
JN.1.4;2024-10-23;0.0;BA.2.x
JN.1.4;2024-10-30;0.006;BA.2.x
JN.1.4;2024-11-06;0.0;BA.2.x
JN.1.4;2024-11-13;0.001;BA.2.x
JN.1.4;2024-11-20;0.0;BA.2.x
JN.1.4;2024-11-27;0.001;BA.2.x
JN.1.4;2024-12-04;0.005;BA.2.x
JN.1.4;2024-12-11;0.0;BA.2.x
JN.1.4;2024-12-18;0.001;BA.2.x
JN.1.4;2024-12-25;0.0;BA.2.x
JN.1.4;2025-01-01;0.0;BA.2.x
JN.1.4;2025-01-08;0.0;BA.2.x
JN.1.4;2025-01-15;0.0;BA.2.x
JN.1.4;2025-01-22;0.001;BA.2.x
JN.1.4;2025-01-29;0.0;BA.2.x
JN.1.4;2025-02-05;0.0;BA.2.x
JN.1.4;2025-02-12;0.0;BA.2.x
JN.1.4;2025-02-19;0.0;BA.2.x
JN.1.4;2025-02-26;0.0;BA.2.x
JN.1.4;2025-03-05;0.0;BA.2.x
JN.1.4;2025-03-12;0.0;BA.2.x
JN.1.4;2025-03-19;0.0;BA.2.x
JN.1.4;2025-03-26;0.0;BA.2.x
JN.1.11;2022-09-21;0.0;BA.2.x
JN.1.11;2022-09-28;0.0;BA.2.x
JN.1.11;2022-10-05;0.0;BA.2.x
JN.1.11;2022-10-12;0.0;BA.2.x
JN.1.11;2022-10-19;0.0;BA.2.x
JN.1.11;2022-10-26;0.0;BA.2.x
JN.1.11;2022-11-02;0.0;BA.2.x
JN.1.11;2022-11-09;0.0;BA.2.x
JN.1.11;2022-11-16;0.0;BA.2.x
JN.1.11;2022-11-23;0.0;BA.2.x
JN.1.11;2022-11-30;0.0;BA.2.x
JN.1.11;2022-12-07;0.0;BA.2.x
JN.1.11;2022-12-14;0.0;BA.2.x
JN.1.11;2022-12-21;0.0;BA.2.x
JN.1.11;2022-12-28;0.0;BA.2.x
JN.1.11;2023-01-04;0.0;BA.2.x
JN.1.11;2023-01-11;0.0;BA.2.x
JN.1.11;2023-01-18;0.0;BA.2.x
JN.1.11;2023-01-25;0.0;BA.2.x
JN.1.11;2023-02-01;0.0;BA.2.x
JN.1.11;2023-02-08;0.0;BA.2.x
JN.1.11;2023-02-15;0.0;BA.2.x
JN.1.11;2023-02-22;0.0;BA.2.x
JN.1.11;2023-03-01;0.0;BA.2.x
JN.1.11;2023-03-08;0.0;BA.2.x
JN.1.11;2023-03-15;0.0;BA.2.x
JN.1.11;2023-03-22;0.0;BA.2.x
JN.1.11;2023-03-29;0.0;BA.2.x
JN.1.11;2023-04-05;0.0;BA.2.x
JN.1.11;2023-04-12;0.0;BA.2.x
JN.1.11;2023-04-19;0.0;BA.2.x
JN.1.11;2023-04-26;0.0;BA.2.x
JN.1.11;2023-05-03;0.0;BA.2.x
JN.1.11;2023-05-10;0.0;BA.2.x
JN.1.11;2023-05-17;0.0;BA.2.x
JN.1.11;2023-05-24;0.0;BA.2.x
JN.1.11;2023-05-31;0.0;BA.2.x
JN.1.11;2023-06-07;0.0;BA.2.x
JN.1.11;2023-06-14;0.0;BA.2.x
JN.1.11;2023-06-21;0.0;BA.2.x
JN.1.11;2023-06-28;0.0;BA.2.x
JN.1.11;2023-07-05;0.0;BA.2.x
JN.1.11;2023-07-12;0.0;BA.2.x
JN.1.11;2023-07-19;0.0;BA.2.x
JN.1.11;2023-07-26;0.0;BA.2.x
JN.1.11;2023-08-02;0.0;BA.2.x
JN.1.11;2023-08-09;0.0;BA.2.x
JN.1.11;2023-08-16;0.0;BA.2.x
JN.1.11;2023-08-23;0.0;BA.2.x
JN.1.11;2023-08-30;0.0;BA.2.x
JN.1.11;2023-09-06;0.0;BA.2.x
JN.1.11;2023-09-13;0.0;BA.2.x
JN.1.11;2023-09-20;0.0;BA.2.x
JN.1.11;2023-09-27;0.0;BA.2.x
JN.1.11;2023-10-04;0.0;BA.2.x
JN.1.11;2023-10-11;0.0;BA.2.x
JN.1.11;2023-10-18;0.0;BA.2.x
JN.1.11;2023-10-25;0.0;BA.2.x
JN.1.11;2023-11-01;0.0;BA.2.x
JN.1.11;2023-11-08;0.0;BA.2.x
JN.1.11;2023-11-15;0.0;BA.2.x
JN.1.11;2023-11-22;0.0;BA.2.x
JN.1.11;2023-11-29;0.0;BA.2.x
JN.1.11;2023-12-06;0.0;BA.2.x
JN.1.11;2023-12-13;0.0;BA.2.x
JN.1.11;2023-12-20;0.0;BA.2.x
JN.1.11;2023-12-27;0.0;BA.2.x
JN.1.11;2024-01-03;0.0;BA.2.x
JN.1.11;2024-01-10;0.0;BA.2.x
JN.1.11;2024-01-17;0.024;BA.2.x
JN.1.11;2024-01-24;0.003;BA.2.x
JN.1.11;2024-01-31;0.002;BA.2.x
JN.1.11;2024-02-07;0.007;BA.2.x
JN.1.11;2024-02-14;0.004;BA.2.x
JN.1.11;2024-02-21;0.031;BA.2.x
JN.1.11;2024-02-28;0.174;BA.2.x
JN.1.11;2024-03-06;0.109;BA.2.x
JN.1.11;2024-03-13;0.102;BA.2.x
JN.1.11;2024-03-20;0.07;BA.2.x
JN.1.11;2024-03-27;0.232;BA.2.x
JN.1.11;2024-04-03;0.101;BA.2.x
JN.1.11;2024-04-10;0.144;BA.2.x
JN.1.11;2024-04-17;0.108;BA.2.x
JN.1.11;2024-04-24;0.187;BA.2.x
JN.1.11;2024-05-01;0.019;BA.2.x
JN.1.11;2024-05-08;0.047;BA.2.x
JN.1.11;2024-05-15;0.012;BA.2.x
JN.1.11;2024-05-22;0.009;BA.2.x
JN.1.11;2024-05-29;0.022;BA.2.x
JN.1.11;2024-06-05;0.016;BA.2.x
JN.1.11;2024-06-12;0.01;BA.2.x
JN.1.11;2024-06-19;0.009;BA.2.x
JN.1.11;2024-06-26;0.007;BA.2.x
JN.1.11;2024-07-03;0.011;BA.2.x
JN.1.11;2024-07-10;0.033;BA.2.x
JN.1.11;2024-07-17;0.059;BA.2.x
JN.1.11;2024-07-24;0.053;BA.2.x
JN.1.11;2024-07-31;0.045;BA.2.x
JN.1.11;2024-08-07;0.019;BA.2.x
JN.1.11;2024-08-14;0.014;BA.2.x
JN.1.11;2024-08-21;0.02;BA.2.x
JN.1.11;2024-08-28;0.011;BA.2.x
JN.1.11;2024-09-04;0.029;BA.2.x
JN.1.11;2024-09-11;0.008;BA.2.x
JN.1.11;2024-09-18;0.015;BA.2.x
JN.1.11;2024-09-25;0.017;BA.2.x
JN.1.11;2024-10-02;0.011;BA.2.x
JN.1.11;2024-10-09;0.023;BA.2.x
JN.1.11;2024-10-16;0.043;BA.2.x
JN.1.11;2024-10-23;0.012;BA.2.x
JN.1.11;2024-10-30;0.006;BA.2.x
JN.1.11;2024-11-06;0.008;BA.2.x
JN.1.11;2024-11-13;0.007;BA.2.x
JN.1.11;2024-11-20;0.005;BA.2.x
JN.1.11;2024-11-27;0.004;BA.2.x
JN.1.11;2024-12-04;0.006;BA.2.x
JN.1.11;2024-12-11;0.008;BA.2.x
JN.1.11;2024-12-18;0.005;BA.2.x
JN.1.11;2024-12-25;0.008;BA.2.x
JN.1.11;2025-01-01;0.003;BA.2.x
JN.1.11;2025-01-08;0.007;BA.2.x
JN.1.11;2025-01-15;0.01;BA.2.x
JN.1.11;2025-01-22;0.0;BA.2.x
JN.1.11;2025-01-29;0.006;BA.2.x
JN.1.11;2025-02-05;0.003;BA.2.x
JN.1.11;2025-02-12;0.003;BA.2.x
JN.1.11;2025-02-19;0.002;BA.2.x
JN.1.11;2025-02-26;0.007;BA.2.x
JN.1.11;2025-03-05;0.013;BA.2.x
JN.1.11;2025-03-12;0.002;BA.2.x
JN.1.11;2025-03-19;0.0;BA.2.x
JN.1.11;2025-03-26;0.001;BA.2.x
JN.1.1;2022-09-21;0.0;BA.2.x
JN.1.1;2022-09-28;0.0;BA.2.x
JN.1.1;2022-10-05;0.0;BA.2.x
JN.1.1;2022-10-12;0.0;BA.2.x
JN.1.1;2022-10-19;0.0;BA.2.x
JN.1.1;2022-10-26;0.0;BA.2.x
JN.1.1;2022-11-02;0.0;BA.2.x
JN.1.1;2022-11-09;0.0;BA.2.x
JN.1.1;2022-11-16;0.0;BA.2.x
JN.1.1;2022-11-23;0.0;BA.2.x
JN.1.1;2022-11-30;0.0;BA.2.x
JN.1.1;2022-12-07;0.0;BA.2.x
JN.1.1;2022-12-14;0.0;BA.2.x
JN.1.1;2022-12-21;0.0;BA.2.x
JN.1.1;2022-12-28;0.0;BA.2.x
JN.1.1;2023-01-04;0.0;BA.2.x
JN.1.1;2023-01-11;0.0;BA.2.x
JN.1.1;2023-01-18;0.0;BA.2.x
JN.1.1;2023-01-25;0.0;BA.2.x
JN.1.1;2023-02-01;0.0;BA.2.x
JN.1.1;2023-02-08;0.0;BA.2.x
JN.1.1;2023-02-15;0.0;BA.2.x
JN.1.1;2023-02-22;0.0;BA.2.x
JN.1.1;2023-03-01;0.0;BA.2.x
JN.1.1;2023-03-08;0.0;BA.2.x
JN.1.1;2023-03-15;0.0;BA.2.x
JN.1.1;2023-03-22;0.0;BA.2.x
JN.1.1;2023-03-29;0.0;BA.2.x
JN.1.1;2023-04-05;0.0;BA.2.x
JN.1.1;2023-04-12;0.0;BA.2.x
JN.1.1;2023-04-19;0.0;BA.2.x
JN.1.1;2023-04-26;0.0;BA.2.x
JN.1.1;2023-05-03;0.0;BA.2.x
JN.1.1;2023-05-10;0.0;BA.2.x
JN.1.1;2023-05-17;0.0;BA.2.x
JN.1.1;2023-05-24;0.0;BA.2.x
JN.1.1;2023-05-31;0.0;BA.2.x
JN.1.1;2023-06-07;0.0;BA.2.x
JN.1.1;2023-06-14;0.0;BA.2.x
JN.1.1;2023-06-21;0.0;BA.2.x
JN.1.1;2023-06-28;0.0;BA.2.x
JN.1.1;2023-07-05;0.0;BA.2.x
JN.1.1;2023-07-12;0.0;BA.2.x
JN.1.1;2023-07-19;0.0;BA.2.x
JN.1.1;2023-07-26;0.0;BA.2.x
JN.1.1;2023-08-02;0.0;BA.2.x
JN.1.1;2023-08-09;0.0;BA.2.x
JN.1.1;2023-08-16;0.0;BA.2.x
JN.1.1;2023-08-23;0.0;BA.2.x
JN.1.1;2023-08-30;0.0;BA.2.x
JN.1.1;2023-09-06;0.0;BA.2.x
JN.1.1;2023-09-13;0.0;BA.2.x
JN.1.1;2023-09-20;0.0;BA.2.x
JN.1.1;2023-09-27;0.0;BA.2.x
JN.1.1;2023-10-04;0.0;BA.2.x
JN.1.1;2023-10-11;0.008;BA.2.x
JN.1.1;2023-10-18;0.003;BA.2.x
JN.1.1;2023-10-25;0.032;BA.2.x
JN.1.1;2023-11-01;0.028;BA.2.x
JN.1.1;2023-11-08;0.052;BA.2.x
JN.1.1;2023-11-15;0.06;BA.2.x
JN.1.1;2023-11-22;0.069;BA.2.x
JN.1.1;2023-11-29;0.077;BA.2.x
JN.1.1;2023-12-06;0.098;BA.2.x
JN.1.1;2023-12-13;0.118;BA.2.x
JN.1.1;2023-12-20;0.137;BA.2.x
JN.1.1;2023-12-27;0.125;BA.2.x
JN.1.1;2024-01-03;0.149;BA.2.x
JN.1.1;2024-01-10;0.177;BA.2.x
JN.1.1;2024-01-17;0.152;BA.2.x
JN.1.1;2024-01-24;0.151;BA.2.x
JN.1.1;2024-01-31;0.145;BA.2.x
JN.1.1;2024-02-07;0.023;BA.2.x
JN.1.1;2024-02-14;0.055;BA.2.x
JN.1.1;2024-02-21;0.098;BA.2.x
JN.1.1;2024-02-28;0.046;BA.2.x
JN.1.1;2024-03-06;0.023;BA.2.x
JN.1.1;2024-03-13;0.058;BA.2.x
JN.1.1;2024-03-20;0.125;BA.2.x
JN.1.1;2024-03-27;0.033;BA.2.x
JN.1.1;2024-04-03;0.084;BA.2.x
JN.1.1;2024-04-10;0.009;BA.2.x
JN.1.1;2024-04-17;0.006;BA.2.x
JN.1.1;2024-04-24;0.042;BA.2.x
JN.1.1;2024-05-01;0.056;BA.2.x
JN.1.1;2024-05-08;0.103;BA.2.x
JN.1.1;2024-05-15;0.092;BA.2.x
JN.1.1;2024-05-22;0.033;BA.2.x
JN.1.1;2024-05-29;0.043;BA.2.x
JN.1.1;2024-06-05;0.022;BA.2.x
JN.1.1;2024-06-12;0.011;BA.2.x
JN.1.1;2024-06-19;0.017;BA.2.x
JN.1.1;2024-06-26;0.016;BA.2.x
JN.1.1;2024-07-03;0.014;BA.2.x
JN.1.1;2024-07-10;0.004;BA.2.x
JN.1.1;2024-07-17;0.008;BA.2.x
JN.1.1;2024-07-24;0.002;BA.2.x
JN.1.1;2024-07-31;0.006;BA.2.x
JN.1.1;2024-08-07;0.002;BA.2.x
JN.1.1;2024-08-14;0.001;BA.2.x
JN.1.1;2024-08-21;0.008;BA.2.x
JN.1.1;2024-08-28;0.004;BA.2.x
JN.1.1;2024-09-04;0.004;BA.2.x
JN.1.1;2024-09-11;0.002;BA.2.x
JN.1.1;2024-09-18;0.001;BA.2.x
JN.1.1;2024-09-25;0.002;BA.2.x
JN.1.1;2024-10-02;0.002;BA.2.x
JN.1.1;2024-10-09;0.002;BA.2.x
JN.1.1;2024-10-16;0.002;BA.2.x
JN.1.1;2024-10-23;0.002;BA.2.x
JN.1.1;2024-10-30;0.007;BA.2.x
JN.1.1;2024-11-06;0.001;BA.2.x
JN.1.1;2024-11-13;0.001;BA.2.x
JN.1.1;2024-11-20;0.001;BA.2.x
JN.1.1;2024-11-27;0.004;BA.2.x
JN.1.1;2024-12-04;0.007;BA.2.x
JN.1.1;2024-12-11;0.002;BA.2.x
JN.1.1;2024-12-18;0.005;BA.2.x
JN.1.1;2024-12-25;0.001;BA.2.x
JN.1.1;2025-01-01;0.0;BA.2.x
JN.1.1;2025-01-08;0.032;BA.2.x
JN.1.1;2025-01-15;0.028;BA.2.x
JN.1.1;2025-01-22;0.008;BA.2.x
JN.1.1;2025-01-29;0.003;BA.2.x
JN.1.1;2025-02-05;0.007;BA.2.x
JN.1.1;2025-02-12;0.002;BA.2.x
JN.1.1;2025-02-19;0.013;BA.2.x
JN.1.1;2025-02-26;0.006;BA.2.x
JN.1.1;2025-03-05;0.007;BA.2.x
JN.1.1;2025-03-12;0.026;BA.2.x
JN.1.1;2025-03-19;0.005;BA.2.x
JN.1.1;2025-03-26;0.048;BA.2.x
JN.1;2022-09-21;0.0;BA.2.x
JN.1;2022-09-28;0.0;BA.2.x
JN.1;2022-10-05;0.0;BA.2.x
JN.1;2022-10-12;0.0;BA.2.x
JN.1;2022-10-19;0.0;BA.2.x
JN.1;2022-10-26;0.0;BA.2.x
JN.1;2022-11-02;0.0;BA.2.x
JN.1;2022-11-09;0.0;BA.2.x
JN.1;2022-11-16;0.0;BA.2.x
JN.1;2022-11-23;0.0;BA.2.x
JN.1;2022-11-30;0.0;BA.2.x
JN.1;2022-12-07;0.0;BA.2.x
JN.1;2022-12-14;0.0;BA.2.x
JN.1;2022-12-21;0.0;BA.2.x
JN.1;2022-12-28;0.0;BA.2.x
JN.1;2023-01-04;0.0;BA.2.x
JN.1;2023-01-11;0.0;BA.2.x
JN.1;2023-01-18;0.0;BA.2.x
JN.1;2023-01-25;0.0;BA.2.x
JN.1;2023-02-01;0.0;BA.2.x
JN.1;2023-02-08;0.0;BA.2.x
JN.1;2023-02-15;0.0;BA.2.x
JN.1;2023-02-22;0.0;BA.2.x
JN.1;2023-03-01;0.0;BA.2.x
JN.1;2023-03-08;0.0;BA.2.x
JN.1;2023-03-15;0.0;BA.2.x
JN.1;2023-03-22;0.0;BA.2.x
JN.1;2023-03-29;0.0;BA.2.x
JN.1;2023-04-05;0.0;BA.2.x
JN.1;2023-04-12;0.0;BA.2.x
JN.1;2023-04-19;0.0;BA.2.x
JN.1;2023-04-26;0.0;BA.2.x
JN.1;2023-05-03;0.0;BA.2.x
JN.1;2023-05-10;0.0;BA.2.x
JN.1;2023-05-17;0.0;BA.2.x
JN.1;2023-05-24;0.0;BA.2.x
JN.1;2023-05-31;0.0;BA.2.x
JN.1;2023-06-07;0.0;BA.2.x
JN.1;2023-06-14;0.0;BA.2.x
JN.1;2023-06-21;0.0;BA.2.x
JN.1;2023-06-28;0.0;BA.2.x
JN.1;2023-07-05;0.0;BA.2.x
JN.1;2023-07-12;0.0;BA.2.x
JN.1;2023-07-19;0.0;BA.2.x
JN.1;2023-07-26;0.0;BA.2.x
JN.1;2023-08-02;0.0;BA.2.x
JN.1;2023-08-09;0.0;BA.2.x
JN.1;2023-08-16;0.0;BA.2.x
JN.1;2023-08-23;0.0;BA.2.x
JN.1;2023-08-30;0.0;BA.2.x
JN.1;2023-09-06;0.0;BA.2.x
JN.1;2023-09-13;0.0;BA.2.x
JN.1;2023-09-20;0.0;BA.2.x
JN.1;2023-09-27;0.0;BA.2.x
JN.1;2023-10-04;0.0;BA.2.x
JN.1;2023-10-11;0.012;BA.2.x
JN.1;2023-10-18;0.005;BA.2.x
JN.1;2023-10-25;0.006;BA.2.x
JN.1;2023-11-01;0.024;BA.2.x
JN.1;2023-11-08;0.033;BA.2.x
JN.1;2023-11-15;0.044;BA.2.x
JN.1;2023-11-22;0.065;BA.2.x
JN.1;2023-11-29;0.102;BA.2.x
JN.1;2023-12-06;0.117;BA.2.x
JN.1;2023-12-13;0.085;BA.2.x
JN.1;2023-12-20;0.094;BA.2.x
JN.1;2023-12-27;0.144;BA.2.x
JN.1;2024-01-03;0.138;BA.2.x
JN.1;2024-01-10;0.185;BA.2.x
JN.1;2024-01-17;0.225;BA.2.x
JN.1;2024-01-24;0.266;BA.2.x
JN.1;2024-01-31;0.214;BA.2.x
JN.1;2024-02-07;0.55;BA.2.x
JN.1;2024-02-14;0.514;BA.2.x
JN.1;2024-02-21;0.402;BA.2.x
JN.1;2024-02-28;0.181;BA.2.x
JN.1;2024-03-06;0.42;BA.2.x
JN.1;2024-03-13;0.494;BA.2.x
JN.1;2024-03-20;0.206;BA.2.x
JN.1;2024-03-27;0.325;BA.2.x
JN.1;2024-04-03;0.282;BA.2.x
JN.1;2024-04-10;0.039;BA.2.x
JN.1;2024-04-17;0.011;BA.2.x
JN.1;2024-04-24;0.059;BA.2.x
JN.1;2024-05-01;0.132;BA.2.x
JN.1;2024-05-08;0.106;BA.2.x
JN.1;2024-05-15;0.01;BA.2.x
JN.1;2024-05-22;0.005;BA.2.x
JN.1;2024-05-29;0.015;BA.2.x
JN.1;2024-06-05;0.036;BA.2.x
JN.1;2024-06-12;0.004;BA.2.x
JN.1;2024-06-19;0.01;BA.2.x
JN.1;2024-06-26;0.019;BA.2.x
JN.1;2024-07-03;0.024;BA.2.x
JN.1;2024-07-10;0.004;BA.2.x
JN.1;2024-07-17;0.009;BA.2.x
JN.1;2024-07-24;0.002;BA.2.x
JN.1;2024-07-31;0.008;BA.2.x
JN.1;2024-08-07;0.0;BA.2.x
JN.1;2024-08-14;0.004;BA.2.x
JN.1;2024-08-21;0.002;BA.2.x
JN.1;2024-08-28;0.001;BA.2.x
JN.1;2024-09-04;0.008;BA.2.x
JN.1;2024-09-11;0.002;BA.2.x
JN.1;2024-09-18;0.003;BA.2.x
JN.1;2024-09-25;0.007;BA.2.x
JN.1;2024-10-02;0.005;BA.2.x
JN.1;2024-10-09;0.003;BA.2.x
JN.1;2024-10-16;0.004;BA.2.x
JN.1;2024-10-23;0.002;BA.2.x
JN.1;2024-10-30;0.001;BA.2.x
JN.1;2024-11-06;0.002;BA.2.x
JN.1;2024-11-13;0.002;BA.2.x
JN.1;2024-11-20;0.002;BA.2.x
JN.1;2024-11-27;0.001;BA.2.x
JN.1;2024-12-04;0.004;BA.2.x
JN.1;2024-12-11;0.002;BA.2.x
JN.1;2024-12-18;0.002;BA.2.x
JN.1;2024-12-25;0.001;BA.2.x
JN.1;2025-01-01;0.0;BA.2.x
JN.1;2025-01-08;0.003;BA.2.x
JN.1;2025-01-15;0.005;BA.2.x
JN.1;2025-01-22;0.0;BA.2.x
JN.1;2025-01-29;0.0;BA.2.x
JN.1;2025-02-05;0.002;BA.2.x
JN.1;2025-02-12;0.0;BA.2.x
JN.1;2025-02-19;0.0;BA.2.x
JN.1;2025-02-26;0.0;BA.2.x
JN.1;2025-03-05;0.002;BA.2.x
JN.1;2025-03-12;0.0;BA.2.x
JN.1;2025-03-19;0.002;BA.2.x
JN.1;2025-03-26;0.0;BA.2.x
DV.7.1;2022-09-21;0.0;BA.2.x
DV.7.1;2022-09-28;0.0;BA.2.x
DV.7.1;2022-10-05;0.0;BA.2.x
DV.7.1;2022-10-12;0.0;BA.2.x
DV.7.1;2022-10-19;0.0;BA.2.x
DV.7.1;2022-10-26;0.0;BA.2.x
DV.7.1;2022-11-02;0.0;BA.2.x
DV.7.1;2022-11-09;0.0;BA.2.x
DV.7.1;2022-11-16;0.0;BA.2.x
DV.7.1;2022-11-23;0.0;BA.2.x
DV.7.1;2022-11-30;0.0;BA.2.x
DV.7.1;2022-12-07;0.0;BA.2.x
DV.7.1;2022-12-14;0.0;BA.2.x
DV.7.1;2022-12-21;0.0;BA.2.x
DV.7.1;2022-12-28;0.001;BA.2.x
DV.7.1;2023-01-04;0.0;BA.2.x
DV.7.1;2023-01-11;0.0;BA.2.x
DV.7.1;2023-01-18;0.0;BA.2.x
DV.7.1;2023-01-25;0.0;BA.2.x
DV.7.1;2023-02-01;0.004;BA.2.x
DV.7.1;2023-02-08;0.004;BA.2.x
DV.7.1;2023-02-15;0.011;BA.2.x
DV.7.1;2023-02-22;0.006;BA.2.x
DV.7.1;2023-03-01;0.001;BA.2.x
DV.7.1;2023-03-08;0.0;BA.2.x
DV.7.1;2023-03-15;0.0;BA.2.x
DV.7.1;2023-03-22;0.03;BA.2.x
DV.7.1;2023-03-29;0.005;BA.2.x
DV.7.1;2023-04-05;0.005;BA.2.x
DV.7.1;2023-04-12;0.003;BA.2.x
DV.7.1;2023-04-19;0.005;BA.2.x
DV.7.1;2023-04-26;0.0;BA.2.x
DV.7.1;2023-05-03;0.001;BA.2.x
DV.7.1;2023-05-10;0.0;BA.2.x
DV.7.1;2023-05-17;0.0;BA.2.x
DV.7.1;2023-05-24;0.0;BA.2.x
DV.7.1;2023-05-31;0.0;BA.2.x
DV.7.1;2023-06-07;0.0;BA.2.x
DV.7.1;2023-06-14;0.0;BA.2.x
DV.7.1;2023-06-21;0.0;BA.2.x
DV.7.1;2023-06-28;0.0;BA.2.x
DV.7.1;2023-07-05;0.0;BA.2.x
DV.7.1;2023-07-12;0.0;BA.2.x
DV.7.1;2023-07-19;0.0;BA.2.x
DV.7.1;2023-07-26;0.0;BA.2.x
DV.7.1;2023-08-02;0.0;BA.2.x
DV.7.1;2023-08-09;0.0;BA.2.x
DV.7.1;2023-08-16;0.002;BA.2.x
DV.7.1;2023-08-23;0.015;BA.2.x
DV.7.1;2023-08-30;0.002;BA.2.x
DV.7.1;2023-09-06;0.004;BA.2.x
DV.7.1;2023-09-13;0.003;BA.2.x
DV.7.1;2023-09-20;0.004;BA.2.x
DV.7.1;2023-09-27;0.005;BA.2.x
DV.7.1;2023-10-04;0.005;BA.2.x
DV.7.1;2023-10-11;0.009;BA.2.x
DV.7.1;2023-10-18;0.003;BA.2.x
DV.7.1;2023-10-25;0.003;BA.2.x
DV.7.1;2023-11-01;0.003;BA.2.x
DV.7.1;2023-11-08;0.004;BA.2.x
DV.7.1;2023-11-15;0.005;BA.2.x
DV.7.1;2023-11-22;0.006;BA.2.x
DV.7.1;2023-11-29;0.005;BA.2.x
DV.7.1;2023-12-06;0.003;BA.2.x
DV.7.1;2023-12-13;0.001;BA.2.x
DV.7.1;2023-12-20;0.0;BA.2.x
DV.7.1;2023-12-27;0.0;BA.2.x
DV.7.1;2024-01-03;0.0;BA.2.x
DV.7.1;2024-01-10;0.0;BA.2.x
DV.7.1;2024-01-17;0.0;BA.2.x
DV.7.1;2024-01-24;0.0;BA.2.x
DV.7.1;2024-01-31;0.0;BA.2.x
DV.7.1;2024-02-07;0.0;BA.2.x
DV.7.1;2024-02-14;0.0;BA.2.x
DV.7.1;2024-02-21;0.0;BA.2.x
DV.7.1;2024-02-28;0.0;BA.2.x
DV.7.1;2024-03-06;0.0;BA.2.x
DV.7.1;2024-03-13;0.0;BA.2.x
DV.7.1;2024-03-20;0.0;BA.2.x
DV.7.1;2024-03-27;0.0;BA.2.x
DV.7.1;2024-04-03;0.0;BA.2.x
DV.7.1;2024-04-10;0.0;BA.2.x
DV.7.1;2024-04-17;0.0;BA.2.x
DV.7.1;2024-04-24;0.0;BA.2.x
DV.7.1;2024-05-01;0.0;BA.2.x
DV.7.1;2024-05-08;0.0;BA.2.x
DV.7.1;2024-05-15;0.0;BA.2.x
DV.7.1;2024-05-22;0.0;BA.2.x
DV.7.1;2024-05-29;0.0;BA.2.x
DV.7.1;2024-06-05;0.0;BA.2.x
DV.7.1;2024-06-12;0.0;BA.2.x
DV.7.1;2024-06-19;0.0;BA.2.x
DV.7.1;2024-06-26;0.0;BA.2.x
DV.7.1;2024-07-03;0.0;BA.2.x
DV.7.1;2024-07-10;0.0;BA.2.x
DV.7.1;2024-07-17;0.0;BA.2.x
DV.7.1;2024-07-24;0.0;BA.2.x
DV.7.1;2024-07-31;0.0;BA.2.x
DV.7.1;2024-08-07;0.0;BA.2.x
DV.7.1;2024-08-14;0.0;BA.2.x
DV.7.1;2024-08-21;0.0;BA.2.x
DV.7.1;2024-08-28;0.0;BA.2.x
DV.7.1;2024-09-04;0.0;BA.2.x
DV.7.1;2024-09-11;0.0;BA.2.x
DV.7.1;2024-09-18;0.0;BA.2.x
DV.7.1;2024-09-25;0.0;BA.2.x
DV.7.1;2024-10-02;0.0;BA.2.x
DV.7.1;2024-10-09;0.0;BA.2.x
DV.7.1;2024-10-16;0.0;BA.2.x
DV.7.1;2024-10-23;0.0;BA.2.x
DV.7.1;2024-10-30;0.0;BA.2.x
DV.7.1;2024-11-06;0.0;BA.2.x
DV.7.1;2024-11-13;0.0;BA.2.x
DV.7.1;2024-11-20;0.0;BA.2.x
DV.7.1;2024-11-27;0.0;BA.2.x
DV.7.1;2024-12-04;0.0;BA.2.x
DV.7.1;2024-12-11;0.0;BA.2.x
DV.7.1;2024-12-18;0.0;BA.2.x
DV.7.1;2024-12-25;0.0;BA.2.x
DV.7.1;2025-01-01;0.0;BA.2.x
DV.7.1;2025-01-08;0.0;BA.2.x
DV.7.1;2025-01-15;0.0;BA.2.x
DV.7.1;2025-01-22;0.0;BA.2.x
DV.7.1;2025-01-29;0.0;BA.2.x
DV.7.1;2025-02-05;0.0;BA.2.x
DV.7.1;2025-02-12;0.0;BA.2.x
DV.7.1;2025-02-19;0.0;BA.2.x
DV.7.1;2025-02-26;0.0;BA.2.x
DV.7.1;2025-03-05;0.0;BA.2.x
DV.7.1;2025-03-12;0.0;BA.2.x
DV.7.1;2025-03-19;0.0;BA.2.x
DV.7.1;2025-03-26;0.0;BA.2.x
CH.1.1;2022-09-21;0.012;BA.2.x
CH.1.1;2022-09-28;0.003;BA.2.x
CH.1.1;2022-10-05;0.002;BA.2.x
CH.1.1;2022-10-12;0.0;BA.2.x
CH.1.1;2022-10-19;0.002;BA.2.x
CH.1.1;2022-10-26;0.002;BA.2.x
CH.1.1;2022-11-02;0.02;BA.2.x
CH.1.1;2022-11-09;0.02;BA.2.x
CH.1.1;2022-11-16;0.028;BA.2.x
CH.1.1;2022-11-23;0.047;BA.2.x
CH.1.1;2022-11-30;0.042;BA.2.x
CH.1.1;2022-12-07;0.043;BA.2.x
CH.1.1;2022-12-14;0.053;BA.2.x
CH.1.1;2022-12-21;0.047;BA.2.x
CH.1.1;2022-12-28;0.072;BA.2.x
CH.1.1;2023-01-04;0.089;BA.2.x
CH.1.1;2023-01-11;0.066;BA.2.x
CH.1.1;2023-01-18;0.129;BA.2.x
CH.1.1;2023-01-25;0.128;BA.2.x
CH.1.1;2023-02-01;0.108;BA.2.x
CH.1.1;2023-02-08;0.112;BA.2.x
CH.1.1;2023-02-15;0.11;BA.2.x
CH.1.1;2023-02-22;0.105;BA.2.x
CH.1.1;2023-03-01;0.104;BA.2.x
CH.1.1;2023-03-08;0.093;BA.2.x
CH.1.1;2023-03-15;0.083;BA.2.x
CH.1.1;2023-03-22;0.044;BA.2.x
CH.1.1;2023-03-29;0.057;BA.2.x
CH.1.1;2023-04-05;0.067;BA.2.x
CH.1.1;2023-04-12;0.087;BA.2.x
CH.1.1;2023-04-19;0.07;BA.2.x
CH.1.1;2023-04-26;0.07;BA.2.x
CH.1.1;2023-05-03;0.053;BA.2.x
CH.1.1;2023-05-10;0.046;BA.2.x
CH.1.1;2023-05-17;0.044;BA.2.x
CH.1.1;2023-05-24;0.037;BA.2.x
CH.1.1;2023-05-31;0.029;BA.2.x
CH.1.1;2023-06-07;0.008;BA.2.x
CH.1.1;2023-06-14;0.005;BA.2.x
CH.1.1;2023-06-21;0.008;BA.2.x
CH.1.1;2023-06-28;0.006;BA.2.x
CH.1.1;2023-07-05;0.001;BA.2.x
CH.1.1;2023-07-12;0.001;BA.2.x
CH.1.1;2023-07-19;0.0;BA.2.x
CH.1.1;2023-07-26;0.0;BA.2.x
CH.1.1;2023-08-02;0.0;BA.2.x
CH.1.1;2023-08-09;0.001;BA.2.x
CH.1.1;2023-08-16;0.026;BA.2.x
CH.1.1;2023-08-23;0.046;BA.2.x
CH.1.1;2023-08-30;0.006;BA.2.x
CH.1.1;2023-09-06;0.004;BA.2.x
CH.1.1;2023-09-13;0.002;BA.2.x
CH.1.1;2023-09-20;0.004;BA.2.x
CH.1.1;2023-09-27;0.024;BA.2.x
CH.1.1;2023-10-04;0.009;BA.2.x
CH.1.1;2023-10-11;0.003;BA.2.x
CH.1.1;2023-10-18;0.019;BA.2.x
CH.1.1;2023-10-25;0.004;BA.2.x
CH.1.1;2023-11-01;0.007;BA.2.x
CH.1.1;2023-11-08;0.007;BA.2.x
CH.1.1;2023-11-15;0.003;BA.2.x
CH.1.1;2023-11-22;0.002;BA.2.x
CH.1.1;2023-11-29;0.005;BA.2.x
CH.1.1;2023-12-06;0.004;BA.2.x
CH.1.1;2023-12-13;0.003;BA.2.x
CH.1.1;2023-12-20;0.001;BA.2.x
CH.1.1;2023-12-27;0.0;BA.2.x
CH.1.1;2024-01-03;0.0;BA.2.x
CH.1.1;2024-01-10;0.0;BA.2.x
CH.1.1;2024-01-17;0.0;BA.2.x
CH.1.1;2024-01-24;0.0;BA.2.x
CH.1.1;2024-01-31;0.0;BA.2.x
CH.1.1;2024-02-07;0.0;BA.2.x
CH.1.1;2024-02-14;0.0;BA.2.x
CH.1.1;2024-02-21;0.0;BA.2.x
CH.1.1;2024-02-28;0.0;BA.2.x
CH.1.1;2024-03-06;0.0;BA.2.x
CH.1.1;2024-03-13;0.0;BA.2.x
CH.1.1;2024-03-20;0.0;BA.2.x
CH.1.1;2024-03-27;0.0;BA.2.x
CH.1.1;2024-04-03;0.0;BA.2.x
CH.1.1;2024-04-10;0.0;BA.2.x
CH.1.1;2024-04-17;0.0;BA.2.x
CH.1.1;2024-04-24;0.0;BA.2.x
CH.1.1;2024-05-01;0.0;BA.2.x
CH.1.1;2024-05-08;0.0;BA.2.x
CH.1.1;2024-05-15;0.0;BA.2.x
CH.1.1;2024-05-22;0.0;BA.2.x
CH.1.1;2024-05-29;0.0;BA.2.x
CH.1.1;2024-06-05;0.0;BA.2.x
CH.1.1;2024-06-12;0.0;BA.2.x
CH.1.1;2024-06-19;0.0;BA.2.x
CH.1.1;2024-06-26;0.0;BA.2.x
CH.1.1;2024-07-03;0.0;BA.2.x
CH.1.1;2024-07-10;0.0;BA.2.x
CH.1.1;2024-07-17;0.0;BA.2.x
CH.1.1;2024-07-24;0.0;BA.2.x
CH.1.1;2024-07-31;0.0;BA.2.x
CH.1.1;2024-08-07;0.0;BA.2.x
CH.1.1;2024-08-14;0.0;BA.2.x
CH.1.1;2024-08-21;0.0;BA.2.x
CH.1.1;2024-08-28;0.0;BA.2.x
CH.1.1;2024-09-04;0.0;BA.2.x
CH.1.1;2024-09-11;0.0;BA.2.x
CH.1.1;2024-09-18;0.0;BA.2.x
CH.1.1;2024-09-25;0.0;BA.2.x
CH.1.1;2024-10-02;0.0;BA.2.x
CH.1.1;2024-10-09;0.0;BA.2.x
CH.1.1;2024-10-16;0.0;BA.2.x
CH.1.1;2024-10-23;0.0;BA.2.x
CH.1.1;2024-10-30;0.0;BA.2.x
CH.1.1;2024-11-06;0.0;BA.2.x
CH.1.1;2024-11-13;0.0;BA.2.x
CH.1.1;2024-11-20;0.0;BA.2.x
CH.1.1;2024-11-27;0.0;BA.2.x
CH.1.1;2024-12-04;0.0;BA.2.x
CH.1.1;2024-12-11;0.0;BA.2.x
CH.1.1;2024-12-18;0.0;BA.2.x
CH.1.1;2024-12-25;0.0;BA.2.x
CH.1.1;2025-01-01;0.0;BA.2.x
CH.1.1;2025-01-08;0.0;BA.2.x
CH.1.1;2025-01-15;0.0;BA.2.x
CH.1.1;2025-01-22;0.0;BA.2.x
CH.1.1;2025-01-29;0.0;BA.2.x
CH.1.1;2025-02-05;0.0;BA.2.x
CH.1.1;2025-02-12;0.0;BA.2.x
CH.1.1;2025-02-19;0.0;BA.2.x
CH.1.1;2025-02-26;0.0;BA.2.x
CH.1.1;2025-03-05;0.0;BA.2.x
CH.1.1;2025-03-12;0.0;BA.2.x
CH.1.1;2025-03-19;0.0;BA.2.x
CH.1.1;2025-03-26;0.0;BA.2.x
BN.1;2022-09-21;0.0;BA.2.x
BN.1;2022-09-28;0.0;BA.2.x
BN.1;2022-10-05;0.0;BA.2.x
BN.1;2022-10-12;0.0;BA.2.x
BN.1;2022-10-19;0.0;BA.2.x
BN.1;2022-10-26;0.004;BA.2.x
BN.1;2022-11-02;0.033;BA.2.x
BN.1;2022-11-09;0.029;BA.2.x
BN.1;2022-11-16;0.049;BA.2.x
BN.1;2022-11-23;0.058;BA.2.x
BN.1;2022-11-30;0.078;BA.2.x
BN.1;2022-12-07;0.072;BA.2.x
BN.1;2022-12-14;0.068;BA.2.x
BN.1;2022-12-21;0.089;BA.2.x
BN.1;2022-12-28;0.0;BA.2.x
BN.1;2023-01-04;0.0;BA.2.x
BN.1;2023-01-11;0.0;BA.2.x
BN.1;2023-01-18;0.0;BA.2.x
BN.1;2023-01-25;0.0;BA.2.x
BN.1;2023-02-01;0.0;BA.2.x
BN.1;2023-02-08;0.0;BA.2.x
BN.1;2023-02-15;0.0;BA.2.x
BN.1;2023-02-22;0.0;BA.2.x
BN.1;2023-03-01;0.0;BA.2.x
BN.1;2023-03-08;0.0;BA.2.x
BN.1;2023-03-15;0.0;BA.2.x
BN.1;2023-03-22;0.004;BA.2.x
BN.1;2023-03-29;0.018;BA.2.x
BN.1;2023-04-05;0.004;BA.2.x
BN.1;2023-04-12;0.003;BA.2.x
BN.1;2023-04-19;0.003;BA.2.x
BN.1;2023-04-26;0.001;BA.2.x
BN.1;2023-05-03;0.0;BA.2.x
BN.1;2023-05-10;0.0;BA.2.x
BN.1;2023-05-17;0.0;BA.2.x
BN.1;2023-05-24;0.0;BA.2.x
BN.1;2023-05-31;0.0;BA.2.x
BN.1;2023-06-07;0.0;BA.2.x
BN.1;2023-06-14;0.0;BA.2.x
BN.1;2023-06-21;0.0;BA.2.x
BN.1;2023-06-28;0.0;BA.2.x
BN.1;2023-07-05;0.0;BA.2.x
BN.1;2023-07-12;0.0;BA.2.x
BN.1;2023-07-19;0.0;BA.2.x
BN.1;2023-07-26;0.0;BA.2.x
BN.1;2023-08-02;0.0;BA.2.x
BN.1;2023-08-09;0.005;BA.2.x
BN.1;2023-08-16;0.001;BA.2.x
BN.1;2023-08-23;0.0;BA.2.x
BN.1;2023-08-30;0.0;BA.2.x
BN.1;2023-09-06;0.001;BA.2.x
BN.1;2023-09-13;0.0;BA.2.x
BN.1;2023-09-20;0.004;BA.2.x
BN.1;2023-09-27;0.0;BA.2.x
BN.1;2023-10-04;0.0;BA.2.x
BN.1;2023-10-11;0.0;BA.2.x
BN.1;2023-10-18;0.0;BA.2.x
BN.1;2023-10-25;0.0;BA.2.x
BN.1;2023-11-01;0.0;BA.2.x
BN.1;2023-11-08;0.0;BA.2.x
BN.1;2023-11-15;0.0;BA.2.x
BN.1;2023-11-22;0.001;BA.2.x
BN.1;2023-11-29;0.0;BA.2.x
BN.1;2023-12-06;0.0;BA.2.x
BN.1;2023-12-13;0.0;BA.2.x
BN.1;2023-12-20;0.0;BA.2.x
BN.1;2023-12-27;0.001;BA.2.x
BN.1;2024-01-03;0.0;BA.2.x
BN.1;2024-01-10;0.0;BA.2.x
BN.1;2024-01-17;0.0;BA.2.x
BN.1;2024-01-24;0.0;BA.2.x
BN.1;2024-01-31;0.0;BA.2.x
BN.1;2024-02-07;0.0;BA.2.x
BN.1;2024-02-14;0.0;BA.2.x
BN.1;2024-02-21;0.0;BA.2.x
BN.1;2024-02-28;0.0;BA.2.x
BN.1;2024-03-06;0.0;BA.2.x
BN.1;2024-03-13;0.0;BA.2.x
BN.1;2024-03-20;0.0;BA.2.x
BN.1;2024-03-27;0.0;BA.2.x
BN.1;2024-04-03;0.0;BA.2.x
BN.1;2024-04-10;0.0;BA.2.x
BN.1;2024-04-17;0.0;BA.2.x
BN.1;2024-04-24;0.0;BA.2.x
BN.1;2024-05-01;0.0;BA.2.x
BN.1;2024-05-08;0.0;BA.2.x
BN.1;2024-05-15;0.0;BA.2.x
BN.1;2024-05-22;0.0;BA.2.x
BN.1;2024-05-29;0.0;BA.2.x
BN.1;2024-06-05;0.0;BA.2.x
BN.1;2024-06-12;0.0;BA.2.x
BN.1;2024-06-19;0.0;BA.2.x
BN.1;2024-06-26;0.0;BA.2.x
BN.1;2024-07-03;0.0;BA.2.x
BN.1;2024-07-10;0.0;BA.2.x
BN.1;2024-07-17;0.0;BA.2.x
BN.1;2024-07-24;0.0;BA.2.x
BN.1;2024-07-31;0.0;BA.2.x
BN.1;2024-08-07;0.0;BA.2.x
BN.1;2024-08-14;0.0;BA.2.x
BN.1;2024-08-21;0.0;BA.2.x
BN.1;2024-08-28;0.0;BA.2.x
BN.1;2024-09-04;0.0;BA.2.x
BN.1;2024-09-11;0.0;BA.2.x
BN.1;2024-09-18;0.0;BA.2.x
BN.1;2024-09-25;0.0;BA.2.x
BN.1;2024-10-02;0.0;BA.2.x
BN.1;2024-10-09;0.0;BA.2.x
BN.1;2024-10-16;0.0;BA.2.x
BN.1;2024-10-23;0.0;BA.2.x
BN.1;2024-10-30;0.0;BA.2.x
BN.1;2024-11-06;0.0;BA.2.x
BN.1;2024-11-13;0.0;BA.2.x
BN.1;2024-11-20;0.0;BA.2.x
BN.1;2024-11-27;0.0;BA.2.x
BN.1;2024-12-04;0.0;BA.2.x
BN.1;2024-12-11;0.0;BA.2.x
BN.1;2024-12-18;0.0;BA.2.x
BN.1;2024-12-25;0.0;BA.2.x
BN.1;2025-01-01;0.0;BA.2.x
BN.1;2025-01-08;0.0;BA.2.x
BN.1;2025-01-15;0.0;BA.2.x
BN.1;2025-01-22;0.0;BA.2.x
BN.1;2025-01-29;0.0;BA.2.x
BN.1;2025-02-05;0.0;BA.2.x
BN.1;2025-02-12;0.0;BA.2.x
BN.1;2025-02-19;0.0;BA.2.x
BN.1;2025-02-26;0.0;BA.2.x
BN.1;2025-03-05;0.0;BA.2.x
BN.1;2025-03-12;0.0;BA.2.x
BN.1;2025-03-19;0.0;BA.2.x
BN.1;2025-03-26;0.0;BA.2.x
BA.2.86.1;2022-09-21;0.0;BA.2.x
BA.2.86.1;2022-09-28;0.0;BA.2.x
BA.2.86.1;2022-10-05;0.0;BA.2.x
BA.2.86.1;2022-10-12;0.0;BA.2.x
BA.2.86.1;2022-10-19;0.0;BA.2.x
BA.2.86.1;2022-10-26;0.0;BA.2.x
BA.2.86.1;2022-11-02;0.0;BA.2.x
BA.2.86.1;2022-11-09;0.0;BA.2.x
BA.2.86.1;2022-11-16;0.0;BA.2.x
BA.2.86.1;2022-11-23;0.0;BA.2.x
BA.2.86.1;2022-11-30;0.0;BA.2.x
BA.2.86.1;2022-12-07;0.0;BA.2.x
BA.2.86.1;2022-12-14;0.0;BA.2.x
BA.2.86.1;2022-12-21;0.0;BA.2.x
BA.2.86.1;2022-12-28;0.0;BA.2.x
BA.2.86.1;2023-01-04;0.0;BA.2.x
BA.2.86.1;2023-01-11;0.0;BA.2.x
BA.2.86.1;2023-01-18;0.0;BA.2.x
BA.2.86.1;2023-01-25;0.0;BA.2.x
BA.2.86.1;2023-02-01;0.0;BA.2.x
BA.2.86.1;2023-02-08;0.0;BA.2.x
BA.2.86.1;2023-02-15;0.0;BA.2.x
BA.2.86.1;2023-02-22;0.0;BA.2.x
BA.2.86.1;2023-03-01;0.0;BA.2.x
BA.2.86.1;2023-03-08;0.0;BA.2.x
BA.2.86.1;2023-03-15;0.0;BA.2.x
BA.2.86.1;2023-03-22;0.0;BA.2.x
BA.2.86.1;2023-03-29;0.0;BA.2.x
BA.2.86.1;2023-04-05;0.0;BA.2.x
BA.2.86.1;2023-04-12;0.0;BA.2.x
BA.2.86.1;2023-04-19;0.0;BA.2.x
BA.2.86.1;2023-04-26;0.0;BA.2.x
BA.2.86.1;2023-05-03;0.0;BA.2.x
BA.2.86.1;2023-05-10;0.0;BA.2.x
BA.2.86.1;2023-05-17;0.0;BA.2.x
BA.2.86.1;2023-05-24;0.0;BA.2.x
BA.2.86.1;2023-05-31;0.0;BA.2.x
BA.2.86.1;2023-06-07;0.0;BA.2.x
BA.2.86.1;2023-06-14;0.0;BA.2.x
BA.2.86.1;2023-06-21;0.0;BA.2.x
BA.2.86.1;2023-06-28;0.0;BA.2.x
BA.2.86.1;2023-07-05;0.0;BA.2.x
BA.2.86.1;2023-07-12;0.0;BA.2.x
BA.2.86.1;2023-07-19;0.0;BA.2.x
BA.2.86.1;2023-07-26;0.0;BA.2.x
BA.2.86.1;2023-08-02;0.0;BA.2.x
BA.2.86.1;2023-08-09;0.0;BA.2.x
BA.2.86.1;2023-08-16;0.0;BA.2.x
BA.2.86.1;2023-08-23;0.0;BA.2.x
BA.2.86.1;2023-08-30;0.0;BA.2.x
BA.2.86.1;2023-09-06;0.0;BA.2.x
BA.2.86.1;2023-09-13;0.0;BA.2.x
BA.2.86.1;2023-09-20;0.0;BA.2.x
BA.2.86.1;2023-09-27;0.0;BA.2.x
BA.2.86.1;2023-10-04;0.0;BA.2.x
BA.2.86.1;2023-10-11;0.0;BA.2.x
BA.2.86.1;2023-10-18;0.0;BA.2.x
BA.2.86.1;2023-10-25;0.0;BA.2.x
BA.2.86.1;2023-11-01;0.0;BA.2.x
BA.2.86.1;2023-11-08;0.0;BA.2.x
BA.2.86.1;2023-11-15;0.0;BA.2.x
BA.2.86.1;2023-11-22;0.0;BA.2.x
BA.2.86.1;2023-11-29;0.0;BA.2.x
BA.2.86.1;2023-12-06;0.0;BA.2.x
BA.2.86.1;2023-12-13;0.0;BA.2.x
BA.2.86.1;2023-12-20;0.0;BA.2.x
BA.2.86.1;2023-12-27;0.0;BA.2.x
BA.2.86.1;2024-01-03;0.0;BA.2.x
BA.2.86.1;2024-01-10;0.0;BA.2.x
BA.2.86.1;2024-01-17;0.006;BA.2.x
BA.2.86.1;2024-01-24;0.009;BA.2.x
BA.2.86.1;2024-01-31;0.012;BA.2.x
BA.2.86.1;2024-02-07;0.002;BA.2.x
BA.2.86.1;2024-02-14;0.031;BA.2.x
BA.2.86.1;2024-02-21;0.011;BA.2.x
BA.2.86.1;2024-02-28;0.011;BA.2.x
BA.2.86.1;2024-03-06;0.011;BA.2.x
BA.2.86.1;2024-03-13;0.008;BA.2.x
BA.2.86.1;2024-03-20;0.04;BA.2.x
BA.2.86.1;2024-03-27;0.111;BA.2.x
BA.2.86.1;2024-04-03;0.003;BA.2.x
BA.2.86.1;2024-04-10;0.006;BA.2.x
BA.2.86.1;2024-04-17;0.003;BA.2.x
BA.2.86.1;2024-04-24;0.003;BA.2.x
BA.2.86.1;2024-05-01;0.009;BA.2.x
BA.2.86.1;2024-05-08;0.053;BA.2.x
BA.2.86.1;2024-05-15;0.003;BA.2.x
BA.2.86.1;2024-05-22;0.001;BA.2.x
BA.2.86.1;2024-05-29;0.001;BA.2.x
BA.2.86.1;2024-06-05;0.001;BA.2.x
BA.2.86.1;2024-06-12;0.003;BA.2.x
BA.2.86.1;2024-06-19;0.0;BA.2.x
BA.2.86.1;2024-06-26;0.002;BA.2.x
BA.2.86.1;2024-07-03;0.001;BA.2.x
BA.2.86.1;2024-07-10;0.0;BA.2.x
BA.2.86.1;2024-07-17;0.003;BA.2.x
BA.2.86.1;2024-07-24;0.0;BA.2.x
BA.2.86.1;2024-07-31;0.0;BA.2.x
BA.2.86.1;2024-08-07;0.001;BA.2.x
BA.2.86.1;2024-08-14;0.001;BA.2.x
BA.2.86.1;2024-08-21;0.001;BA.2.x
BA.2.86.1;2024-08-28;0.001;BA.2.x
BA.2.86.1;2024-09-04;0.003;BA.2.x
BA.2.86.1;2024-09-11;0.001;BA.2.x
BA.2.86.1;2024-09-18;0.003;BA.2.x
BA.2.86.1;2024-09-25;0.001;BA.2.x
BA.2.86.1;2024-10-02;0.006;BA.2.x
BA.2.86.1;2024-10-09;0.005;BA.2.x
BA.2.86.1;2024-10-16;0.008;BA.2.x
BA.2.86.1;2024-10-23;0.006;BA.2.x
BA.2.86.1;2024-10-30;0.003;BA.2.x
BA.2.86.1;2024-11-06;0.001;BA.2.x
BA.2.86.1;2024-11-13;0.003;BA.2.x
BA.2.86.1;2024-11-20;0.006;BA.2.x
BA.2.86.1;2024-11-27;0.003;BA.2.x
BA.2.86.1;2024-12-04;0.004;BA.2.x
BA.2.86.1;2024-12-11;0.003;BA.2.x
BA.2.86.1;2024-12-18;0.007;BA.2.x
BA.2.86.1;2024-12-25;0.003;BA.2.x
BA.2.86.1;2025-01-01;0.0;BA.2.x
BA.2.86.1;2025-01-08;0.003;BA.2.x
BA.2.86.1;2025-01-15;0.004;BA.2.x
BA.2.86.1;2025-01-22;0.016;BA.2.x
BA.2.86.1;2025-01-29;0.001;BA.2.x
BA.2.86.1;2025-02-05;0.001;BA.2.x
BA.2.86.1;2025-02-12;0.004;BA.2.x
BA.2.86.1;2025-02-19;0.001;BA.2.x
BA.2.86.1;2025-02-26;0.003;BA.2.x
BA.2.86.1;2025-03-05;0.005;BA.2.x
BA.2.86.1;2025-03-12;0.001;BA.2.x
BA.2.86.1;2025-03-19;0.002;BA.2.x
BA.2.86.1;2025-03-26;0.005;BA.2.x
BA.2.86;2022-09-21;0.0;BA.2.x
BA.2.86;2022-09-28;0.0;BA.2.x
BA.2.86;2022-10-05;0.0;BA.2.x
BA.2.86;2022-10-12;0.0;BA.2.x
BA.2.86;2022-10-19;0.0;BA.2.x
BA.2.86;2022-10-26;0.0;BA.2.x
BA.2.86;2022-11-02;0.0;BA.2.x
BA.2.86;2022-11-09;0.0;BA.2.x
BA.2.86;2022-11-16;0.0;BA.2.x
BA.2.86;2022-11-23;0.0;BA.2.x
BA.2.86;2022-11-30;0.0;BA.2.x
BA.2.86;2022-12-07;0.0;BA.2.x
BA.2.86;2022-12-14;0.0;BA.2.x
BA.2.86;2022-12-21;0.0;BA.2.x
BA.2.86;2022-12-28;0.0;BA.2.x
BA.2.86;2023-01-04;0.0;BA.2.x
BA.2.86;2023-01-11;0.0;BA.2.x
BA.2.86;2023-01-18;0.0;BA.2.x
BA.2.86;2023-01-25;0.0;BA.2.x
BA.2.86;2023-02-01;0.0;BA.2.x
BA.2.86;2023-02-08;0.0;BA.2.x
BA.2.86;2023-02-15;0.0;BA.2.x
BA.2.86;2023-02-22;0.0;BA.2.x
BA.2.86;2023-03-01;0.0;BA.2.x
BA.2.86;2023-03-08;0.0;BA.2.x
BA.2.86;2023-03-15;0.0;BA.2.x
BA.2.86;2023-03-22;0.001;BA.2.x
BA.2.86;2023-03-29;0.0;BA.2.x
BA.2.86;2023-04-05;0.002;BA.2.x
BA.2.86;2023-04-12;0.0;BA.2.x
BA.2.86;2023-04-19;0.002;BA.2.x
BA.2.86;2023-04-26;0.0;BA.2.x
BA.2.86;2023-05-03;0.001;BA.2.x
BA.2.86;2023-05-10;0.0;BA.2.x
BA.2.86;2023-05-17;0.0;BA.2.x
BA.2.86;2023-05-24;0.0;BA.2.x
BA.2.86;2023-05-31;0.0;BA.2.x
BA.2.86;2023-06-07;0.0;BA.2.x
BA.2.86;2023-06-14;0.0;BA.2.x
BA.2.86;2023-06-21;0.0;BA.2.x
BA.2.86;2023-06-28;0.0;BA.2.x
BA.2.86;2023-07-05;0.0;BA.2.x
BA.2.86;2023-07-12;0.0;BA.2.x
BA.2.86;2023-07-19;0.0;BA.2.x
BA.2.86;2023-07-26;0.0;BA.2.x
BA.2.86;2023-08-02;0.0;BA.2.x
BA.2.86;2023-08-09;0.0;BA.2.x
BA.2.86;2023-08-16;0.0;BA.2.x
BA.2.86;2023-08-23;0.0;BA.2.x
BA.2.86;2023-08-30;0.0;BA.2.x
BA.2.86;2023-09-06;0.0;BA.2.x
BA.2.86;2023-09-13;0.0;BA.2.x
BA.2.86;2023-09-20;0.0;BA.2.x
BA.2.86;2023-09-27;0.001;BA.2.x
BA.2.86;2023-10-04;0.001;BA.2.x
BA.2.86;2023-10-11;0.008;BA.2.x
BA.2.86;2023-10-18;0.007;BA.2.x
BA.2.86;2023-10-25;0.022;BA.2.x
BA.2.86;2023-11-01;0.013;BA.2.x
BA.2.86;2023-11-08;0.026;BA.2.x
BA.2.86;2023-11-15;0.027;BA.2.x
BA.2.86;2023-11-22;0.019;BA.2.x
BA.2.86;2023-11-29;0.019;BA.2.x
BA.2.86;2023-12-06;0.003;BA.2.x
BA.2.86;2023-12-13;0.004;BA.2.x
BA.2.86;2023-12-20;0.003;BA.2.x
BA.2.86;2023-12-27;0.0;BA.2.x
BA.2.86;2024-01-03;0.004;BA.2.x
BA.2.86;2024-01-10;0.005;BA.2.x
BA.2.86;2024-01-17;0.006;BA.2.x
BA.2.86;2024-01-24;0.005;BA.2.x
BA.2.86;2024-01-31;0.012;BA.2.x
BA.2.86;2024-02-07;0.07;BA.2.x
BA.2.86;2024-02-14;0.017;BA.2.x
BA.2.86;2024-02-21;0.007;BA.2.x
BA.2.86;2024-02-28;0.027;BA.2.x
BA.2.86;2024-03-06;0.045;BA.2.x
BA.2.86;2024-03-13;0.023;BA.2.x
BA.2.86;2024-03-20;0.021;BA.2.x
BA.2.86;2024-03-27;0.047;BA.2.x
BA.2.86;2024-04-03;0.089;BA.2.x
BA.2.86;2024-04-10;0.011;BA.2.x
BA.2.86;2024-04-17;0.022;BA.2.x
BA.2.86;2024-04-24;0.024;BA.2.x
BA.2.86;2024-05-01;0.008;BA.2.x
BA.2.86;2024-05-08;0.025;BA.2.x
BA.2.86;2024-05-15;0.012;BA.2.x
BA.2.86;2024-05-22;0.01;BA.2.x
BA.2.86;2024-05-29;0.029;BA.2.x
BA.2.86;2024-06-05;0.049;BA.2.x
BA.2.86;2024-06-12;0.057;BA.2.x
BA.2.86;2024-06-19;0.033;BA.2.x
BA.2.86;2024-06-26;0.04;BA.2.x
BA.2.86;2024-07-03;0.034;BA.2.x
BA.2.86;2024-07-10;0.023;BA.2.x
BA.2.86;2024-07-17;0.033;BA.2.x
BA.2.86;2024-07-24;0.027;BA.2.x
BA.2.86;2024-07-31;0.014;BA.2.x
BA.2.86;2024-08-07;0.003;BA.2.x
BA.2.86;2024-08-14;0.019;BA.2.x
BA.2.86;2024-08-21;0.002;BA.2.x
BA.2.86;2024-08-28;0.002;BA.2.x
BA.2.86;2024-09-04;0.013;BA.2.x
BA.2.86;2024-09-11;0.005;BA.2.x
BA.2.86;2024-09-18;0.014;BA.2.x
BA.2.86;2024-09-25;0.009;BA.2.x
BA.2.86;2024-10-02;0.023;BA.2.x
BA.2.86;2024-10-09;0.033;BA.2.x
BA.2.86;2024-10-16;0.035;BA.2.x
BA.2.86;2024-10-23;0.02;BA.2.x
BA.2.86;2024-10-30;0.01;BA.2.x
BA.2.86;2024-11-06;0.006;BA.2.x
BA.2.86;2024-11-13;0.006;BA.2.x
BA.2.86;2024-11-20;0.017;BA.2.x
BA.2.86;2024-11-27;0.011;BA.2.x
BA.2.86;2024-12-04;0.011;BA.2.x
BA.2.86;2024-12-11;0.01;BA.2.x
BA.2.86;2024-12-18;0.014;BA.2.x
BA.2.86;2024-12-25;0.009;BA.2.x
BA.2.86;2025-01-01;0.02;BA.2.x
BA.2.86;2025-01-08;0.005;BA.2.x
BA.2.86;2025-01-15;0.005;BA.2.x
BA.2.86;2025-01-22;0.017;BA.2.x
BA.2.86;2025-01-29;0.002;BA.2.x
BA.2.86;2025-02-05;0.001;BA.2.x
BA.2.86;2025-02-12;0.003;BA.2.x
BA.2.86;2025-02-19;0.012;BA.2.x
BA.2.86;2025-02-26;0.001;BA.2.x
BA.2.86;2025-03-05;0.005;BA.2.x
BA.2.86;2025-03-12;0.005;BA.2.x
BA.2.86;2025-03-19;0.016;BA.2.x
BA.2.86;2025-03-26;0.01;BA.2.x
BA.2.75x;2022-09-21;0.0;BA.2.x
BA.2.75x;2022-09-28;0.0;BA.2.x
BA.2.75x;2022-10-05;0.0;BA.2.x
BA.2.75x;2022-10-12;0.0;BA.2.x
BA.2.75x;2022-10-19;0.0;BA.2.x
BA.2.75x;2022-10-26;0.0;BA.2.x
BA.2.75x;2022-11-02;0.0;BA.2.x
BA.2.75x;2022-11-09;0.0;BA.2.x
BA.2.75x;2022-11-16;0.0;BA.2.x
BA.2.75x;2022-11-23;0.0;BA.2.x
BA.2.75x;2022-11-30;0.0;BA.2.x
BA.2.75x;2022-12-07;0.0;BA.2.x
BA.2.75x;2022-12-14;0.0;BA.2.x
BA.2.75x;2022-12-21;0.0;BA.2.x
BA.2.75x;2022-12-28;0.058;BA.2.x
BA.2.75x;2023-01-04;0.076;BA.2.x
BA.2.75x;2023-01-11;0.052;BA.2.x
BA.2.75x;2023-01-18;0.045;BA.2.x
BA.2.75x;2023-01-25;0.104;BA.2.x
BA.2.75x;2023-02-01;0.0;BA.2.x
BA.2.75x;2023-02-08;0.0;BA.2.x
BA.2.75x;2023-02-15;0.0;BA.2.x
BA.2.75x;2023-02-22;0.0;BA.2.x
BA.2.75x;2023-03-01;0.0;BA.2.x
BA.2.75x;2023-03-08;0.0;BA.2.x
BA.2.75x;2023-03-15;0.0;BA.2.x
BA.2.75x;2023-03-22;0.0;BA.2.x
BA.2.75x;2023-03-29;0.0;BA.2.x
BA.2.75x;2023-04-05;0.0;BA.2.x
BA.2.75x;2023-04-12;0.0;BA.2.x
BA.2.75x;2023-04-19;0.0;BA.2.x
BA.2.75x;2023-04-26;0.0;BA.2.x
BA.2.75x;2023-05-03;0.0;BA.2.x
BA.2.75x;2023-05-10;0.0;BA.2.x
BA.2.75x;2023-05-17;0.0;BA.2.x
BA.2.75x;2023-05-24;0.0;BA.2.x
BA.2.75x;2023-05-31;0.0;BA.2.x
BA.2.75x;2023-06-07;0.0;BA.2.x
BA.2.75x;2023-06-14;0.0;BA.2.x
BA.2.75x;2023-06-21;0.0;BA.2.x
BA.2.75x;2023-06-28;0.0;BA.2.x
BA.2.75x;2023-07-05;0.0;BA.2.x
BA.2.75x;2023-07-12;0.0;BA.2.x
BA.2.75x;2023-07-19;0.0;BA.2.x
BA.2.75x;2023-07-26;0.0;BA.2.x
BA.2.75x;2023-08-02;0.0;BA.2.x
BA.2.75x;2023-08-09;0.0;BA.2.x
BA.2.75x;2023-08-16;0.0;BA.2.x
BA.2.75x;2023-08-23;0.0;BA.2.x
BA.2.75x;2023-08-30;0.0;BA.2.x
BA.2.75x;2023-09-06;0.0;BA.2.x
BA.2.75x;2023-09-13;0.0;BA.2.x
BA.2.75x;2023-09-20;0.0;BA.2.x
BA.2.75x;2023-09-27;0.0;BA.2.x
BA.2.75x;2023-10-04;0.0;BA.2.x
BA.2.75x;2023-10-11;0.0;BA.2.x
BA.2.75x;2023-10-18;0.0;BA.2.x
BA.2.75x;2023-10-25;0.0;BA.2.x
BA.2.75x;2023-11-01;0.0;BA.2.x
BA.2.75x;2023-11-08;0.0;BA.2.x
BA.2.75x;2023-11-15;0.0;BA.2.x
BA.2.75x;2023-11-22;0.0;BA.2.x
BA.2.75x;2023-11-29;0.0;BA.2.x
BA.2.75x;2023-12-06;0.0;BA.2.x
BA.2.75x;2023-12-13;0.0;BA.2.x
BA.2.75x;2023-12-20;0.0;BA.2.x
BA.2.75x;2023-12-27;0.0;BA.2.x
BA.2.75x;2024-01-03;0.0;BA.2.x
BA.2.75x;2024-01-10;0.0;BA.2.x
BA.2.75x;2024-01-17;0.0;BA.2.x
BA.2.75x;2024-01-24;0.0;BA.2.x
BA.2.75x;2024-01-31;0.0;BA.2.x
BA.2.75x;2024-02-07;0.0;BA.2.x
BA.2.75x;2024-02-14;0.0;BA.2.x
BA.2.75x;2024-02-21;0.0;BA.2.x
BA.2.75x;2024-02-28;0.0;BA.2.x
BA.2.75x;2024-03-06;0.0;BA.2.x
BA.2.75x;2024-03-13;0.0;BA.2.x
BA.2.75x;2024-03-20;0.0;BA.2.x
BA.2.75x;2024-03-27;0.0;BA.2.x
BA.2.75x;2024-04-03;0.0;BA.2.x
BA.2.75x;2024-04-10;0.0;BA.2.x
BA.2.75x;2024-04-17;0.0;BA.2.x
BA.2.75x;2024-04-24;0.0;BA.2.x
BA.2.75x;2024-05-01;0.0;BA.2.x
BA.2.75x;2024-05-08;0.0;BA.2.x
BA.2.75x;2024-05-15;0.0;BA.2.x
BA.2.75x;2024-05-22;0.0;BA.2.x
BA.2.75x;2024-05-29;0.0;BA.2.x
BA.2.75x;2024-06-05;0.0;BA.2.x
BA.2.75x;2024-06-12;0.0;BA.2.x
BA.2.75x;2024-06-19;0.0;BA.2.x
BA.2.75x;2024-06-26;0.0;BA.2.x
BA.2.75x;2024-07-03;0.0;BA.2.x
BA.2.75x;2024-07-10;0.0;BA.2.x
BA.2.75x;2024-07-17;0.0;BA.2.x
BA.2.75x;2024-07-24;0.0;BA.2.x
BA.2.75x;2024-07-31;0.0;BA.2.x
BA.2.75x;2024-08-07;0.0;BA.2.x
BA.2.75x;2024-08-14;0.0;BA.2.x
BA.2.75x;2024-08-21;0.0;BA.2.x
BA.2.75x;2024-08-28;0.0;BA.2.x
BA.2.75x;2024-09-04;0.0;BA.2.x
BA.2.75x;2024-09-11;0.0;BA.2.x
BA.2.75x;2024-09-18;0.0;BA.2.x
BA.2.75x;2024-09-25;0.0;BA.2.x
BA.2.75x;2024-10-02;0.0;BA.2.x
BA.2.75x;2024-10-09;0.0;BA.2.x
BA.2.75x;2024-10-16;0.0;BA.2.x
BA.2.75x;2024-10-23;0.0;BA.2.x
BA.2.75x;2024-10-30;0.0;BA.2.x
BA.2.75x;2024-11-06;0.0;BA.2.x
BA.2.75x;2024-11-13;0.0;BA.2.x
BA.2.75x;2024-11-20;0.0;BA.2.x
BA.2.75x;2024-11-27;0.0;BA.2.x
BA.2.75x;2024-12-04;0.0;BA.2.x
BA.2.75x;2024-12-11;0.0;BA.2.x
BA.2.75x;2024-12-18;0.0;BA.2.x
BA.2.75x;2024-12-25;0.0;BA.2.x
BA.2.75x;2025-01-01;0.0;BA.2.x
BA.2.75x;2025-01-08;0.0;BA.2.x
BA.2.75x;2025-01-15;0.0;BA.2.x
BA.2.75x;2025-01-22;0.0;BA.2.x
BA.2.75x;2025-01-29;0.0;BA.2.x
BA.2.75x;2025-02-05;0.0;BA.2.x
BA.2.75x;2025-02-12;0.0;BA.2.x
BA.2.75x;2025-02-19;0.0;BA.2.x
BA.2.75x;2025-02-26;0.0;BA.2.x
BA.2.75x;2025-03-05;0.0;BA.2.x
BA.2.75x;2025-03-12;0.0;BA.2.x
BA.2.75x;2025-03-19;0.0;BA.2.x
BA.2.75x;2025-03-26;0.0;BA.2.x
BA.2.75;2022-09-21;0.014;BA.2.x
BA.2.75;2022-09-28;0.004;BA.2.x
BA.2.75;2022-10-05;0.023;BA.2.x
BA.2.75;2022-10-12;0.006;BA.2.x
BA.2.75;2022-10-19;0.008;BA.2.x
BA.2.75;2022-10-26;0.007;BA.2.x
BA.2.75;2022-11-02;0.003;BA.2.x
BA.2.75;2022-11-09;0.006;BA.2.x
BA.2.75;2022-11-16;0.004;BA.2.x
BA.2.75;2022-11-23;0.001;BA.2.x
BA.2.75;2022-11-30;0.004;BA.2.x
BA.2.75;2022-12-07;0.003;BA.2.x
BA.2.75;2022-12-14;0.002;BA.2.x
BA.2.75;2022-12-21;0.006;BA.2.x
BA.2.75;2022-12-28;0.0;BA.2.x
BA.2.75;2023-01-04;0.0;BA.2.x
BA.2.75;2023-01-11;0.0;BA.2.x
BA.2.75;2023-01-18;0.0;BA.2.x
BA.2.75;2023-01-25;0.0;BA.2.x
BA.2.75;2023-02-01;0.115;BA.2.x
BA.2.75;2023-02-08;0.121;BA.2.x
BA.2.75;2023-02-15;0.063;BA.2.x
BA.2.75;2023-02-22;0.05;BA.2.x
BA.2.75;2023-03-01;0.047;BA.2.x
BA.2.75;2023-03-08;0.036;BA.2.x
BA.2.75;2023-03-15;0.027;BA.2.x
BA.2.75;2023-03-22;0.02;BA.2.x
BA.2.75;2023-03-29;0.016;BA.2.x
BA.2.75;2023-04-05;0.014;BA.2.x
BA.2.75;2023-04-12;0.016;BA.2.x
BA.2.75;2023-04-19;0.013;BA.2.x
BA.2.75;2023-04-26;0.035;BA.2.x
BA.2.75;2023-05-03;0.0;BA.2.x
BA.2.75;2023-05-10;0.012;BA.2.x
BA.2.75;2023-05-17;0.001;BA.2.x
BA.2.75;2023-05-24;0.0;BA.2.x
BA.2.75;2023-05-31;0.0;BA.2.x
BA.2.75;2023-06-07;0.001;BA.2.x
BA.2.75;2023-06-14;0.0;BA.2.x
BA.2.75;2023-06-21;0.0;BA.2.x
BA.2.75;2023-06-28;0.002;BA.2.x
BA.2.75;2023-07-05;0.003;BA.2.x
BA.2.75;2023-07-12;0.003;BA.2.x
BA.2.75;2023-07-19;0.0;BA.2.x
BA.2.75;2023-07-26;0.001;BA.2.x
BA.2.75;2023-08-02;0.0;BA.2.x
BA.2.75;2023-08-09;0.001;BA.2.x
BA.2.75;2023-08-16;0.0;BA.2.x
BA.2.75;2023-08-23;0.002;BA.2.x
BA.2.75;2023-08-30;0.0;BA.2.x
BA.2.75;2023-09-06;0.003;BA.2.x
BA.2.75;2023-09-13;0.006;BA.2.x
BA.2.75;2023-09-20;0.023;BA.2.x
BA.2.75;2023-09-27;0.004;BA.2.x
BA.2.75;2023-10-04;0.007;BA.2.x
BA.2.75;2023-10-11;0.011;BA.2.x
BA.2.75;2023-10-18;0.009;BA.2.x
BA.2.75;2023-10-25;0.003;BA.2.x
BA.2.75;2023-11-01;0.001;BA.2.x
BA.2.75;2023-11-08;0.002;BA.2.x
BA.2.75;2023-11-15;0.004;BA.2.x
BA.2.75;2023-11-22;0.003;BA.2.x
BA.2.75;2023-11-29;0.006;BA.2.x
BA.2.75;2023-12-06;0.005;BA.2.x
BA.2.75;2023-12-13;0.007;BA.2.x
BA.2.75;2023-12-20;0.0;BA.2.x
BA.2.75;2023-12-27;0.0;BA.2.x
BA.2.75;2024-01-03;0.0;BA.2.x
BA.2.75;2024-01-10;0.0;BA.2.x
BA.2.75;2024-01-17;0.0;BA.2.x
BA.2.75;2024-01-24;0.0;BA.2.x
BA.2.75;2024-01-31;0.0;BA.2.x
BA.2.75;2024-02-07;0.0;BA.2.x
BA.2.75;2024-02-14;0.0;BA.2.x
BA.2.75;2024-02-21;0.0;BA.2.x
BA.2.75;2024-02-28;0.0;BA.2.x
BA.2.75;2024-03-06;0.0;BA.2.x
BA.2.75;2024-03-13;0.0;BA.2.x
BA.2.75;2024-03-20;0.0;BA.2.x
BA.2.75;2024-03-27;0.0;BA.2.x
BA.2.75;2024-04-03;0.0;BA.2.x
BA.2.75;2024-04-10;0.0;BA.2.x
BA.2.75;2024-04-17;0.0;BA.2.x
BA.2.75;2024-04-24;0.0;BA.2.x
BA.2.75;2024-05-01;0.0;BA.2.x
BA.2.75;2024-05-08;0.0;BA.2.x
BA.2.75;2024-05-15;0.0;BA.2.x
BA.2.75;2024-05-22;0.0;BA.2.x
BA.2.75;2024-05-29;0.0;BA.2.x
BA.2.75;2024-06-05;0.0;BA.2.x
BA.2.75;2024-06-12;0.0;BA.2.x
BA.2.75;2024-06-19;0.0;BA.2.x
BA.2.75;2024-06-26;0.0;BA.2.x
BA.2.75;2024-07-03;0.0;BA.2.x
BA.2.75;2024-07-10;0.0;BA.2.x
BA.2.75;2024-07-17;0.0;BA.2.x
BA.2.75;2024-07-24;0.0;BA.2.x
BA.2.75;2024-07-31;0.0;BA.2.x
BA.2.75;2024-08-07;0.0;BA.2.x
BA.2.75;2024-08-14;0.0;BA.2.x
BA.2.75;2024-08-21;0.0;BA.2.x
BA.2.75;2024-08-28;0.0;BA.2.x
BA.2.75;2024-09-04;0.0;BA.2.x
BA.2.75;2024-09-11;0.0;BA.2.x
BA.2.75;2024-09-18;0.0;BA.2.x
BA.2.75;2024-09-25;0.0;BA.2.x
BA.2.75;2024-10-02;0.0;BA.2.x
BA.2.75;2024-10-09;0.0;BA.2.x
BA.2.75;2024-10-16;0.0;BA.2.x
BA.2.75;2024-10-23;0.0;BA.2.x
BA.2.75;2024-10-30;0.0;BA.2.x
BA.2.75;2024-11-06;0.0;BA.2.x
BA.2.75;2024-11-13;0.0;BA.2.x
BA.2.75;2024-11-20;0.0;BA.2.x
BA.2.75;2024-11-27;0.0;BA.2.x
BA.2.75;2024-12-04;0.0;BA.2.x
BA.2.75;2024-12-11;0.0;BA.2.x
BA.2.75;2024-12-18;0.0;BA.2.x
BA.2.75;2024-12-25;0.0;BA.2.x
BA.2.75;2025-01-01;0.0;BA.2.x
BA.2.75;2025-01-08;0.0;BA.2.x
BA.2.75;2025-01-15;0.0;BA.2.x
BA.2.75;2025-01-22;0.0;BA.2.x
BA.2.75;2025-01-29;0.0;BA.2.x
BA.2.75;2025-02-05;0.0;BA.2.x
BA.2.75;2025-02-12;0.0;BA.2.x
BA.2.75;2025-02-19;0.0;BA.2.x
BA.2.75;2025-02-26;0.0;BA.2.x
BA.2.75;2025-03-05;0.0;BA.2.x
BA.2.75;2025-03-12;0.0;BA.2.x
BA.2.75;2025-03-19;0.0;BA.2.x
BA.2.75;2025-03-26;0.0;BA.2.x
BA.2.3.20;2022-09-21;0.0;BA.2.x
BA.2.3.20;2022-09-28;0.0;BA.2.x
BA.2.3.20;2022-10-05;0.003;BA.2.x
BA.2.3.20;2022-10-12;0.002;BA.2.x
BA.2.3.20;2022-10-19;0.019;BA.2.x
BA.2.3.20;2022-10-26;0.021;BA.2.x
BA.2.3.20;2022-11-02;0.004;BA.2.x
BA.2.3.20;2022-11-09;0.001;BA.2.x
BA.2.3.20;2022-11-16;0.025;BA.2.x
BA.2.3.20;2022-11-23;0.003;BA.2.x
BA.2.3.20;2022-11-30;0.017;BA.2.x
BA.2.3.20;2022-12-07;0.013;BA.2.x
BA.2.3.20;2022-12-14;0.016;BA.2.x
BA.2.3.20;2022-12-21;0.014;BA.2.x
BA.2.3.20;2022-12-28;0.029;BA.2.x
BA.2.3.20;2023-01-04;0.016;BA.2.x
BA.2.3.20;2023-01-11;0.001;BA.2.x
BA.2.3.20;2023-01-18;0.003;BA.2.x
BA.2.3.20;2023-01-25;0.014;BA.2.x
BA.2.3.20;2023-02-01;0.001;BA.2.x
BA.2.3.20;2023-02-08;0.0;BA.2.x
BA.2.3.20;2023-02-15;0.0;BA.2.x
BA.2.3.20;2023-02-22;0.001;BA.2.x
BA.2.3.20;2023-03-01;0.0;BA.2.x
BA.2.3.20;2023-03-08;0.0;BA.2.x
BA.2.3.20;2023-03-15;0.0;BA.2.x
BA.2.3.20;2023-03-22;0.0;BA.2.x
BA.2.3.20;2023-03-29;0.0;BA.2.x
BA.2.3.20;2023-04-05;0.0;BA.2.x
BA.2.3.20;2023-04-12;0.0;BA.2.x
BA.2.3.20;2023-04-19;0.0;BA.2.x
BA.2.3.20;2023-04-26;0.0;BA.2.x
BA.2.3.20;2023-05-03;0.003;BA.2.x
BA.2.3.20;2023-05-10;0.004;BA.2.x
BA.2.3.20;2023-05-17;0.0;BA.2.x
BA.2.3.20;2023-05-24;0.0;BA.2.x
BA.2.3.20;2023-05-31;0.0;BA.2.x
BA.2.3.20;2023-06-07;0.0;BA.2.x
BA.2.3.20;2023-06-14;0.0;BA.2.x
BA.2.3.20;2023-06-21;0.0;BA.2.x
BA.2.3.20;2023-06-28;0.0;BA.2.x
BA.2.3.20;2023-07-05;0.0;BA.2.x
BA.2.3.20;2023-07-12;0.0;BA.2.x
BA.2.3.20;2023-07-19;0.0;BA.2.x
BA.2.3.20;2023-07-26;0.0;BA.2.x
BA.2.3.20;2023-08-02;0.0;BA.2.x
BA.2.3.20;2023-08-09;0.0;BA.2.x
BA.2.3.20;2023-08-16;0.0;BA.2.x
BA.2.3.20;2023-08-23;0.0;BA.2.x
BA.2.3.20;2023-08-30;0.0;BA.2.x
BA.2.3.20;2023-09-06;0.0;BA.2.x
BA.2.3.20;2023-09-13;0.0;BA.2.x
BA.2.3.20;2023-09-20;0.0;BA.2.x
BA.2.3.20;2023-09-27;0.0;BA.2.x
BA.2.3.20;2023-10-04;0.0;BA.2.x
BA.2.3.20;2023-10-11;0.0;BA.2.x
BA.2.3.20;2023-10-18;0.0;BA.2.x
BA.2.3.20;2023-10-25;0.0;BA.2.x
BA.2.3.20;2023-11-01;0.0;BA.2.x
BA.2.3.20;2023-11-08;0.0;BA.2.x
BA.2.3.20;2023-11-15;0.0;BA.2.x
BA.2.3.20;2023-11-22;0.0;BA.2.x
BA.2.3.20;2023-11-29;0.0;BA.2.x
BA.2.3.20;2023-12-06;0.0;BA.2.x
BA.2.3.20;2023-12-13;0.0;BA.2.x
BA.2.3.20;2023-12-20;0.0;BA.2.x
BA.2.3.20;2023-12-27;0.0;BA.2.x
BA.2.3.20;2024-01-03;0.0;BA.2.x
BA.2.3.20;2024-01-10;0.0;BA.2.x
BA.2.3.20;2024-01-17;0.0;BA.2.x
BA.2.3.20;2024-01-24;0.0;BA.2.x
BA.2.3.20;2024-01-31;0.0;BA.2.x
BA.2.3.20;2024-02-07;0.0;BA.2.x
BA.2.3.20;2024-02-14;0.0;BA.2.x
BA.2.3.20;2024-02-21;0.0;BA.2.x
BA.2.3.20;2024-02-28;0.0;BA.2.x
BA.2.3.20;2024-03-06;0.0;BA.2.x
BA.2.3.20;2024-03-13;0.0;BA.2.x
BA.2.3.20;2024-03-20;0.0;BA.2.x
BA.2.3.20;2024-03-27;0.0;BA.2.x
BA.2.3.20;2024-04-03;0.0;BA.2.x
BA.2.3.20;2024-04-10;0.0;BA.2.x
BA.2.3.20;2024-04-17;0.0;BA.2.x
BA.2.3.20;2024-04-24;0.0;BA.2.x
BA.2.3.20;2024-05-01;0.0;BA.2.x
BA.2.3.20;2024-05-08;0.0;BA.2.x
BA.2.3.20;2024-05-15;0.0;BA.2.x
BA.2.3.20;2024-05-22;0.0;BA.2.x
BA.2.3.20;2024-05-29;0.0;BA.2.x
BA.2.3.20;2024-06-05;0.0;BA.2.x
BA.2.3.20;2024-06-12;0.0;BA.2.x
BA.2.3.20;2024-06-19;0.0;BA.2.x
BA.2.3.20;2024-06-26;0.0;BA.2.x
BA.2.3.20;2024-07-03;0.0;BA.2.x
BA.2.3.20;2024-07-10;0.0;BA.2.x
BA.2.3.20;2024-07-17;0.0;BA.2.x
BA.2.3.20;2024-07-24;0.0;BA.2.x
BA.2.3.20;2024-07-31;0.0;BA.2.x
BA.2.3.20;2024-08-07;0.0;BA.2.x
BA.2.3.20;2024-08-14;0.0;BA.2.x
BA.2.3.20;2024-08-21;0.0;BA.2.x
BA.2.3.20;2024-08-28;0.0;BA.2.x
BA.2.3.20;2024-09-04;0.0;BA.2.x
BA.2.3.20;2024-09-11;0.0;BA.2.x
BA.2.3.20;2024-09-18;0.0;BA.2.x
BA.2.3.20;2024-09-25;0.0;BA.2.x
BA.2.3.20;2024-10-02;0.0;BA.2.x
BA.2.3.20;2024-10-09;0.0;BA.2.x
BA.2.3.20;2024-10-16;0.0;BA.2.x
BA.2.3.20;2024-10-23;0.0;BA.2.x
BA.2.3.20;2024-10-30;0.0;BA.2.x
BA.2.3.20;2024-11-06;0.0;BA.2.x
BA.2.3.20;2024-11-13;0.0;BA.2.x
BA.2.3.20;2024-11-20;0.0;BA.2.x
BA.2.3.20;2024-11-27;0.0;BA.2.x
BA.2.3.20;2024-12-04;0.0;BA.2.x
BA.2.3.20;2024-12-11;0.0;BA.2.x
BA.2.3.20;2024-12-18;0.0;BA.2.x
BA.2.3.20;2024-12-25;0.0;BA.2.x
BA.2.3.20;2025-01-01;0.0;BA.2.x
BA.2.3.20;2025-01-08;0.0;BA.2.x
BA.2.3.20;2025-01-15;0.0;BA.2.x
BA.2.3.20;2025-01-22;0.0;BA.2.x
BA.2.3.20;2025-01-29;0.0;BA.2.x
BA.2.3.20;2025-02-05;0.0;BA.2.x
BA.2.3.20;2025-02-12;0.0;BA.2.x
BA.2.3.20;2025-02-19;0.0;BA.2.x
BA.2.3.20;2025-02-26;0.0;BA.2.x
BA.2.3.20;2025-03-05;0.0;BA.2.x
BA.2.3.20;2025-03-12;0.0;BA.2.x
BA.2.3.20;2025-03-19;0.0;BA.2.x
BA.2.3.20;2025-03-26;0.0;BA.2.x
BA.2;2022-09-21;0.002;BA.2.x
BA.2;2022-09-28;0.007;BA.2.x
BA.2;2022-10-05;0.024;BA.2.x
BA.2;2022-10-12;0.001;BA.2.x
BA.2;2022-10-19;0.026;BA.2.x
BA.2;2022-10-26;0.024;BA.2.x
BA.2;2022-11-02;0.026;BA.2.x
BA.2;2022-11-09;0.024;BA.2.x
BA.2;2022-11-16;0.041;BA.2.x
BA.2;2022-11-23;0.032;BA.2.x
BA.2;2022-11-30;0.025;BA.2.x
BA.2;2022-12-07;0.02;BA.2.x
BA.2;2022-12-14;0.021;BA.2.x
BA.2;2022-12-21;0.028;BA.2.x
BA.2;2022-12-28;0.081;BA.2.x
BA.2;2023-01-04;0.056;BA.2.x
BA.2;2023-01-11;0.019;BA.2.x
BA.2;2023-01-18;0.071;BA.2.x
BA.2;2023-01-25;0.049;BA.2.x
BA.2;2023-02-01;0.063;BA.2.x
BA.2;2023-02-08;0.03;BA.2.x
BA.2;2023-02-15;0.039;BA.2.x
BA.2;2023-02-22;0.046;BA.2.x
BA.2;2023-03-01;0.043;BA.2.x
BA.2;2023-03-08;0.025;BA.2.x
BA.2;2023-03-15;0.02;BA.2.x
BA.2;2023-03-22;0.017;BA.2.x
BA.2;2023-03-29;0.008;BA.2.x
BA.2;2023-04-05;0.001;BA.2.x
BA.2;2023-04-12;0.003;BA.2.x
BA.2;2023-04-19;0.001;BA.2.x
BA.2;2023-04-26;0.012;BA.2.x
BA.2;2023-05-03;0.005;BA.2.x
BA.2;2023-05-10;0.012;BA.2.x
BA.2;2023-05-17;0.0;BA.2.x
BA.2;2023-05-24;0.001;BA.2.x
BA.2;2023-05-31;0.0;BA.2.x
BA.2;2023-06-07;0.0;BA.2.x
BA.2;2023-06-14;0.0;BA.2.x
BA.2;2023-06-21;0.0;BA.2.x
BA.2;2023-06-28;0.0;BA.2.x
BA.2;2023-07-05;0.0;BA.2.x
BA.2;2023-07-12;0.004;BA.2.x
BA.2;2023-07-19;0.004;BA.2.x
BA.2;2023-07-26;0.0;BA.2.x
BA.2;2023-08-02;0.0;BA.2.x
BA.2;2023-08-09;0.0;BA.2.x
BA.2;2023-08-16;0.001;BA.2.x
BA.2;2023-08-23;0.001;BA.2.x
BA.2;2023-08-30;0.0;BA.2.x
BA.2;2023-09-06;0.001;BA.2.x
BA.2;2023-09-13;0.0;BA.2.x
BA.2;2023-09-20;0.001;BA.2.x
BA.2;2023-09-27;0.0;BA.2.x
BA.2;2023-10-04;0.0;BA.2.x
BA.2;2023-10-11;0.001;BA.2.x
BA.2;2023-10-18;0.005;BA.2.x
BA.2;2023-10-25;0.0;BA.2.x
BA.2;2023-11-01;0.0;BA.2.x
BA.2;2023-11-08;0.002;BA.2.x
BA.2;2023-11-15;0.0;BA.2.x
BA.2;2023-11-22;0.0;BA.2.x
BA.2;2023-11-29;0.002;BA.2.x
BA.2;2023-12-06;0.001;BA.2.x
BA.2;2023-12-13;0.001;BA.2.x
BA.2;2023-12-20;0.001;BA.2.x
BA.2;2023-12-27;0.0;BA.2.x
BA.2;2024-01-03;0.002;BA.2.x
BA.2;2024-01-10;0.005;BA.2.x
BA.2;2024-01-17;0.011;BA.2.x
BA.2;2024-01-24;0.006;BA.2.x
BA.2;2024-01-31;0.02;BA.2.x
BA.2;2024-02-07;0.005;BA.2.x
BA.2;2024-02-14;0.002;BA.2.x
BA.2;2024-02-21;0.005;BA.2.x
BA.2;2024-02-28;0.034;BA.2.x
BA.2;2024-03-06;0.002;BA.2.x
BA.2;2024-03-13;0.003;BA.2.x
BA.2;2024-03-20;0.002;BA.2.x
BA.2;2024-03-27;0.001;BA.2.x
BA.2;2024-04-03;0.0;BA.2.x
BA.2;2024-04-10;0.0;BA.2.x
BA.2;2024-04-17;0.0;BA.2.x
BA.2;2024-04-24;0.0;BA.2.x
BA.2;2024-05-01;0.022;BA.2.x
BA.2;2024-05-08;0.015;BA.2.x
BA.2;2024-05-15;0.01;BA.2.x
BA.2;2024-05-22;0.0;BA.2.x
BA.2;2024-05-29;0.007;BA.2.x
BA.2;2024-06-05;0.006;BA.2.x
BA.2;2024-06-12;0.0;BA.2.x
BA.2;2024-06-19;0.0;BA.2.x
BA.2;2024-06-26;0.001;BA.2.x
BA.2;2024-07-03;0.004;BA.2.x
BA.2;2024-07-10;0.006;BA.2.x
BA.2;2024-07-17;0.003;BA.2.x
BA.2;2024-07-24;0.008;BA.2.x
BA.2;2024-07-31;0.0;BA.2.x
BA.2;2024-08-07;0.023;BA.2.x
BA.2;2024-08-14;0.01;BA.2.x
BA.2;2024-08-21;0.001;BA.2.x
BA.2;2024-08-28;0.008;BA.2.x
BA.2;2024-09-04;0.002;BA.2.x
BA.2;2024-09-11;0.001;BA.2.x
BA.2;2024-09-18;0.001;BA.2.x
BA.2;2024-09-25;0.0;BA.2.x
BA.2;2024-10-02;0.007;BA.2.x
BA.2;2024-10-09;0.0;BA.2.x
BA.2;2024-10-16;0.001;BA.2.x
BA.2;2024-10-23;0.0;BA.2.x
BA.2;2024-10-30;0.0;BA.2.x
BA.2;2024-11-06;0.0;BA.2.x
BA.2;2024-11-13;0.001;BA.2.x
BA.2;2024-11-20;0.001;BA.2.x
BA.2;2024-11-27;0.0;BA.2.x
BA.2;2024-12-04;0.001;BA.2.x
BA.2;2024-12-11;0.001;BA.2.x
BA.2;2024-12-18;0.003;BA.2.x
BA.2;2024-12-25;0.001;BA.2.x
BA.2;2025-01-01;0.002;BA.2.x
BA.2;2025-01-08;0.023;BA.2.x
BA.2;2025-01-15;0.001;BA.2.x
BA.2;2025-01-22;0.001;BA.2.x
BA.2;2025-01-29;0.001;BA.2.x
BA.2;2025-02-05;0.0;BA.2.x
BA.2;2025-02-12;0.009;BA.2.x
BA.2;2025-02-19;0.001;BA.2.x
BA.2;2025-02-26;0.001;BA.2.x
BA.2;2025-03-05;0.0;BA.2.x
BA.2;2025-03-12;0.0;BA.2.x
BA.2;2025-03-19;0.0;BA.2.x
BA.2;2025-03-26;0.001;BA.2.x
